This is pdfTeX, Version 3.141592653-2.6-1.40.27 (TeX Live 2026/dev/Arch Linux) (preloaded format=pdflatex 2025.8.25)  4 SEP 2025 11:19
entering extended mode
 \write18 enabled.
 %&-line parsing enabled.
**/home/ismael/Documentos/Material_Aula/estatistica_adm/main
(/home/ismael/Documentos/Material_Aula/estatistica_adm/main.tex
LaTeX2e <2024-11-01> patch level 2
L3 programming layer <2025-01-18>
(/usr/share/texmf-dist/tex/latex/beamer/beamer.cls
Document Class: beamer 2025/02/04 v3.72 A class for typesetting presentations
(/usr/share/texmf-dist/tex/latex/beamer/beamerbasemodes.sty (/usr/share/texmf-dist/tex/latex/etoolbox/etoolbox.sty
Package: etoolbox 2025/02/11 v2.5l e-TeX tools for LaTeX (JAW)
\etb@tempcnta=\count196
)
\beamer@tempbox=\box52
\beamer@tempcount=\count197
\c@beamerpauses=\count198
 (/usr/share/texmf-dist/tex/latex/beamer/beamerbasedecode.sty
\beamer@slideinframe=\count199
\beamer@minimum=\count266
\beamer@decode@box=\box53
)
\beamer@commentbox=\box54
\beamer@modecount=\count267
) (/usr/share/texmf-dist/tex/generic/iftex/iftex.sty
Package: iftex 2024/12/12 v1.0g TeX engine tests
)
\headdp=\dimen141
\footheight=\dimen142
\sidebarheight=\dimen143
\beamer@tempdim=\dimen144
\beamer@finalheight=\dimen145
\beamer@animht=\dimen146
\beamer@animdp=\dimen147
\beamer@animwd=\dimen148
\beamer@leftmargin=\dimen149
\beamer@rightmargin=\dimen150
\beamer@leftsidebar=\dimen151
\beamer@rightsidebar=\dimen152
\beamer@boxsize=\dimen153
\beamer@vboxoffset=\dimen154
\beamer@descdefault=\dimen155
\beamer@descriptionwidth=\dimen156
\beamer@lastskip=\skip49
\beamer@areabox=\box55
\beamer@animcurrent=\box56
\beamer@animshowbox=\box57
\beamer@sectionbox=\box58
\beamer@logobox=\box59
\beamer@linebox=\box60
\beamer@sectioncount=\count268
\beamer@subsubsectionmax=\count269
\beamer@subsectionmax=\count270
\beamer@sectionmax=\count271
\beamer@totalheads=\count272
\beamer@headcounter=\count273
\beamer@partstartpage=\count274
\beamer@sectionstartpage=\count275
\beamer@subsectionstartpage=\count276
\beamer@animationtempa=\count277
\beamer@animationtempb=\count278
\beamer@xpos=\count279
\beamer@ypos=\count280
\beamer@ypos@offset=\count281
\beamer@showpartnumber=\count282
\beamer@currentsubsection=\count283
\beamer@coveringdepth=\count284
\beamer@sectionadjust=\count285
\beamer@toclastsection=\count286
\beamer@tocsectionnumber=\count287
 (/usr/share/texmf-dist/tex/latex/beamer/beamerbaseoptions.sty (/usr/share/texmf-dist/tex/latex/graphics/keyval.sty
Package: keyval 2022/05/29 v1.15 key=value parser (DPC)
\KV@toks@=\toks17
))
\beamer@paperwidth=\skip50
\beamer@paperheight=\skip51
 (/usr/share/texmf-dist/tex/latex/geometry/geometry.sty
Package: geometry 2020/01/02 v5.9 Page Geometry
 (/usr/share/texmf-dist/tex/generic/iftex/ifvtex.sty
Package: ifvtex 2019/10/25 v1.7 ifvtex legacy package. Use iftex instead.
)
\Gm@cnth=\count288
\Gm@cntv=\count289
\c@Gm@tempcnt=\count290
\Gm@bindingoffset=\dimen157
\Gm@wd@mp=\dimen158
\Gm@odd@mp=\dimen159
\Gm@even@mp=\dimen160
\Gm@layoutwidth=\dimen161
\Gm@layoutheight=\dimen162
\Gm@layouthoffset=\dimen163
\Gm@layoutvoffset=\dimen164
\Gm@dimlist=\toks18
) (/usr/share/texmf-dist/tex/latex/pgf/math/pgfmath.sty (/usr/share/texmf-dist/tex/latex/pgf/utilities/pgfrcs.sty (/usr/share/texmf-dist/tex/generic/pgf/utilities/pgfutil-common.tex
\pgfutil@everybye=\toks19
\pgfutil@tempdima=\dimen165
\pgfutil@tempdimb=\dimen166
) (/usr/share/texmf-dist/tex/generic/pgf/utilities/pgfutil-latex.def
\pgfutil@abb=\box61
) (/usr/share/texmf-dist/tex/generic/pgf/utilities/pgfrcs.code.tex (/usr/share/texmf-dist/tex/generic/pgf/pgf.revision.tex)
Package: pgfrcs 2023-01-15 v3.1.10 (3.1.10)
)) (/usr/share/texmf-dist/tex/latex/pgf/utilities/pgfkeys.sty (/usr/share/texmf-dist/tex/generic/pgf/utilities/pgfkeys.code.tex
\pgfkeys@pathtoks=\toks20
\pgfkeys@temptoks=\toks21
 (/usr/share/texmf-dist/tex/generic/pgf/utilities/pgfkeyslibraryfiltered.code.tex
\pgfkeys@tmptoks=\toks22
))) (/usr/share/texmf-dist/tex/generic/pgf/math/pgfmath.code.tex (/usr/share/texmf-dist/tex/generic/pgf/math/pgfmathutil.code.tex
\pgf@x=\dimen167
\pgf@xa=\dimen168
\pgf@xb=\dimen169
\pgf@xc=\dimen170
\pgf@y=\dimen171
\pgf@ya=\dimen172
\pgf@yb=\dimen173
\pgf@yc=\dimen174
\c@pgf@counta=\count291
\c@pgf@countb=\count292
\c@pgf@countc=\count293
\c@pgf@countd=\count294
) (/usr/share/texmf-dist/tex/generic/pgf/math/pgfmathparser.code.tex
\pgfmath@dimen=\dimen175
\pgfmath@count=\count295
\pgfmath@box=\box62
\pgfmath@toks=\toks23
\pgfmath@stack@operand=\toks24
\pgfmath@stack@operation=\toks25
) (/usr/share/texmf-dist/tex/generic/pgf/math/pgfmathfunctions.code.tex) (/usr/share/texmf-dist/tex/generic/pgf/math/pgfmathfunctions.basic.code.tex) (/usr/share/texmf-dist/tex/generic/pgf/math/pgfmathfunctions.trigonometric.code.tex) (/usr/share/texmf-dist/tex/generic/pgf/math/pgfmathfunctions.random.code.tex) (/usr/share/texmf-dist/tex/generic/pgf/math/pgfmathfunctions.comparison.code.tex) (/usr/share/texmf-dist/tex/generic/pgf/math/pgfmathfunctions.base.code.tex) (/usr/share/texmf-dist/tex/generic/pgf/math/pgfmathfunctions.round.code.tex) (/usr/share/texmf-dist/tex/generic/pgf/math/pgfmathfunctions.misc.code.tex) (/usr/share/texmf-dist/tex/generic/pgf/math/pgfmathfunctions.integerarithmetics.code.tex) (/usr/share/texmf-dist/tex/generic/pgf/math/pgfmathcalc.code.tex) (/usr/share/texmf-dist/tex/generic/pgf/math/pgfmathfloat.code.tex
\c@pgfmathroundto@lastzeros=\count296
))) (/usr/share/texmf-dist/tex/latex/base/size11.clo
File: size11.clo 2024/06/29 v1.4n Standard LaTeX file (size option)
) (/usr/share/texmf-dist/tex/latex/pgf/basiclayer/pgfcore.sty (/usr/share/texmf-dist/tex/latex/graphics/graphicx.sty
Package: graphicx 2021/09/16 v1.2d Enhanced LaTeX Graphics (DPC,SPQR)
 (/usr/share/texmf-dist/tex/latex/graphics/graphics.sty
Package: graphics 2024/08/06 v1.4g Standard LaTeX Graphics (DPC,SPQR)
 (/usr/share/texmf-dist/tex/latex/graphics/trig.sty
Package: trig 2023/12/02 v1.11 sin cos tan (DPC)
) (/usr/share/texmf-dist/tex/latex/graphics-cfg/graphics.cfg
File: graphics.cfg 2016/06/04 v1.11 sample graphics configuration
)
Package graphics Info: Driver file: pdftex.def on input line 106.
 (/usr/share/texmf-dist/tex/latex/graphics-def/pdftex.def
File: pdftex.def 2024/04/13 v1.2c Graphics/color driver for pdftex
))
\Gin@req@height=\dimen176
\Gin@req@width=\dimen177
) (/usr/share/texmf-dist/tex/latex/pgf/systemlayer/pgfsys.sty (/usr/share/texmf-dist/tex/generic/pgf/systemlayer/pgfsys.code.tex
Package: pgfsys 2023-01-15 v3.1.10 (3.1.10)
\pgf@x=\dimen178
\pgf@y=\dimen179
\pgf@xa=\dimen180
\pgf@ya=\dimen181
\pgf@xb=\dimen182
\pgf@yb=\dimen183
\pgf@xc=\dimen184
\pgf@yc=\dimen185
\pgf@xd=\dimen186
\pgf@yd=\dimen187
\w@pgf@writea=\write3
\r@pgf@reada=\read2
\c@pgf@counta=\count297
\c@pgf@countb=\count298
\c@pgf@countc=\count299
\c@pgf@countd=\count300
\t@pgf@toka=\toks26
\t@pgf@tokb=\toks27
\t@pgf@tokc=\toks28
\pgf@sys@id@count=\count301
 (/usr/share/texmf-dist/tex/generic/pgf/systemlayer/pgf.cfg
File: pgf.cfg 2023-01-15 v3.1.10 (3.1.10)
)
Driver file for pgf: pgfsys-pdftex.def
 (/usr/share/texmf-dist/tex/generic/pgf/systemlayer/pgfsys-pdftex.def
File: pgfsys-pdftex.def 2023-01-15 v3.1.10 (3.1.10)
 (/usr/share/texmf-dist/tex/generic/pgf/systemlayer/pgfsys-common-pdf.def
File: pgfsys-common-pdf.def 2023-01-15 v3.1.10 (3.1.10)
))) (/usr/share/texmf-dist/tex/generic/pgf/systemlayer/pgfsyssoftpath.code.tex
File: pgfsyssoftpath.code.tex 2023-01-15 v3.1.10 (3.1.10)
\pgfsyssoftpath@smallbuffer@items=\count302
\pgfsyssoftpath@bigbuffer@items=\count303
) (/usr/share/texmf-dist/tex/generic/pgf/systemlayer/pgfsysprotocol.code.tex
File: pgfsysprotocol.code.tex 2023-01-15 v3.1.10 (3.1.10)
)) (/usr/share/texmf-dist/tex/latex/xcolor/xcolor.sty
Package: xcolor 2024/09/29 v3.02 LaTeX color extensions (UK)
 (/usr/share/texmf-dist/tex/latex/graphics-cfg/color.cfg
File: color.cfg 2016/01/02 v1.6 sample color configuration
)
Package xcolor Info: Driver file: pdftex.def on input line 274.
 (/usr/share/texmf-dist/tex/latex/graphics/mathcolor.ltx)
Package xcolor Info: Model `cmy' substituted by `cmy0' on input line 1349.
Package xcolor Info: Model `hsb' substituted by `rgb' on input line 1353.
Package xcolor Info: Model `RGB' extended on input line 1365.
Package xcolor Info: Model `HTML' substituted by `rgb' on input line 1367.
Package xcolor Info: Model `Hsb' substituted by `hsb' on input line 1368.
Package xcolor Info: Model `tHsb' substituted by `hsb' on input line 1369.
Package xcolor Info: Model `HSB' substituted by `hsb' on input line 1370.
Package xcolor Info: Model `Gray' substituted by `gray' on input line 1371.
Package xcolor Info: Model `wave' substituted by `hsb' on input line 1372.
) (/usr/share/texmf-dist/tex/generic/pgf/basiclayer/pgfcore.code.tex
Package: pgfcore 2023-01-15 v3.1.10 (3.1.10)
 (/usr/share/texmf-dist/tex/generic/pgf/math/pgfint.code.tex) (/usr/share/texmf-dist/tex/generic/pgf/basiclayer/pgfcorepoints.code.tex
File: pgfcorepoints.code.tex 2023-01-15 v3.1.10 (3.1.10)
\pgf@picminx=\dimen188
\pgf@picmaxx=\dimen189
\pgf@picminy=\dimen190
\pgf@picmaxy=\dimen191
\pgf@pathminx=\dimen192
\pgf@pathmaxx=\dimen193
\pgf@pathminy=\dimen194
\pgf@pathmaxy=\dimen195
\pgf@xx=\dimen196
\pgf@xy=\dimen197
\pgf@yx=\dimen198
\pgf@yy=\dimen199
\pgf@zx=\dimen256
\pgf@zy=\dimen257
) (/usr/share/texmf-dist/tex/generic/pgf/basiclayer/pgfcorepathconstruct.code.tex
File: pgfcorepathconstruct.code.tex 2023-01-15 v3.1.10 (3.1.10)
\pgf@path@lastx=\dimen258
\pgf@path@lasty=\dimen259
) (/usr/share/texmf-dist/tex/generic/pgf/basiclayer/pgfcorepathusage.code.tex
File: pgfcorepathusage.code.tex 2023-01-15 v3.1.10 (3.1.10)
\pgf@shorten@end@additional=\dimen260
\pgf@shorten@start@additional=\dimen261
) (/usr/share/texmf-dist/tex/generic/pgf/basiclayer/pgfcorescopes.code.tex
File: pgfcorescopes.code.tex 2023-01-15 v3.1.10 (3.1.10)
\pgfpic=\box63
\pgf@hbox=\box64
\pgf@layerbox@main=\box65
\pgf@picture@serial@count=\count304
) (/usr/share/texmf-dist/tex/generic/pgf/basiclayer/pgfcoregraphicstate.code.tex
File: pgfcoregraphicstate.code.tex 2023-01-15 v3.1.10 (3.1.10)
\pgflinewidth=\dimen262
) (/usr/share/texmf-dist/tex/generic/pgf/basiclayer/pgfcoretransformations.code.tex
File: pgfcoretransformations.code.tex 2023-01-15 v3.1.10 (3.1.10)
\pgf@pt@x=\dimen263
\pgf@pt@y=\dimen264
\pgf@pt@temp=\dimen265
) (/usr/share/texmf-dist/tex/generic/pgf/basiclayer/pgfcorequick.code.tex
File: pgfcorequick.code.tex 2023-01-15 v3.1.10 (3.1.10)
) (/usr/share/texmf-dist/tex/generic/pgf/basiclayer/pgfcoreobjects.code.tex
File: pgfcoreobjects.code.tex 2023-01-15 v3.1.10 (3.1.10)
) (/usr/share/texmf-dist/tex/generic/pgf/basiclayer/pgfcorepathprocessing.code.tex
File: pgfcorepathprocessing.code.tex 2023-01-15 v3.1.10 (3.1.10)
) (/usr/share/texmf-dist/tex/generic/pgf/basiclayer/pgfcorearrows.code.tex
File: pgfcorearrows.code.tex 2023-01-15 v3.1.10 (3.1.10)
\pgfarrowsep=\dimen266
) (/usr/share/texmf-dist/tex/generic/pgf/basiclayer/pgfcoreshade.code.tex
File: pgfcoreshade.code.tex 2023-01-15 v3.1.10 (3.1.10)
\pgf@max=\dimen267
\pgf@sys@shading@range@num=\count305
\pgf@shadingcount=\count306
) (/usr/share/texmf-dist/tex/generic/pgf/basiclayer/pgfcoreimage.code.tex
File: pgfcoreimage.code.tex 2023-01-15 v3.1.10 (3.1.10)
) (/usr/share/texmf-dist/tex/generic/pgf/basiclayer/pgfcoreexternal.code.tex
File: pgfcoreexternal.code.tex 2023-01-15 v3.1.10 (3.1.10)
\pgfexternal@startupbox=\box66
) (/usr/share/texmf-dist/tex/generic/pgf/basiclayer/pgfcorelayers.code.tex
File: pgfcorelayers.code.tex 2023-01-15 v3.1.10 (3.1.10)
) (/usr/share/texmf-dist/tex/generic/pgf/basiclayer/pgfcoretransparency.code.tex
File: pgfcoretransparency.code.tex 2023-01-15 v3.1.10 (3.1.10)
) (/usr/share/texmf-dist/tex/generic/pgf/basiclayer/pgfcorepatterns.code.tex
File: pgfcorepatterns.code.tex 2023-01-15 v3.1.10 (3.1.10)
) (/usr/share/texmf-dist/tex/generic/pgf/basiclayer/pgfcorerdf.code.tex
File: pgfcorerdf.code.tex 2023-01-15 v3.1.10 (3.1.10)
))) (/usr/share/texmf-dist/tex/latex/pgf/utilities/xxcolor.sty
Package: xxcolor 2003/10/24 ver 0.1
\XC@nummixins=\count307
\XC@countmixins=\count308
) (/usr/share/texmf-dist/tex/latex/base/atbegshi-ltx.sty
Package: atbegshi-ltx 2021/01/10 v1.0c Emulation of the original atbegshi
package with kernel methods
) (/usr/share/texmf-dist/tex/latex/hyperref/hyperref.sty
Package: hyperref 2024-11-05 v7.01l Hypertext links for LaTeX
 (/usr/share/texmf-dist/tex/latex/kvsetkeys/kvsetkeys.sty
Package: kvsetkeys 2022-10-05 v1.19 Key value parser (HO)
) (/usr/share/texmf-dist/tex/generic/kvdefinekeys/kvdefinekeys.sty
Package: kvdefinekeys 2019-12-19 v1.6 Define keys (HO)
) (/usr/share/texmf-dist/tex/generic/pdfescape/pdfescape.sty
Package: pdfescape 2019/12/09 v1.15 Implements pdfTeX's escape features (HO)
 (/usr/share/texmf-dist/tex/generic/ltxcmds/ltxcmds.sty
Package: ltxcmds 2023-12-04 v1.26 LaTeX kernel commands for general use (HO)
) (/usr/share/texmf-dist/tex/generic/pdftexcmds/pdftexcmds.sty
Package: pdftexcmds 2020-06-27 v0.33 Utility functions of pdfTeX for LuaTeX (HO)
 (/usr/share/texmf-dist/tex/generic/infwarerr/infwarerr.sty
Package: infwarerr 2019/12/03 v1.5 Providing info/warning/error messages (HO)
)
Package pdftexcmds Info: \pdf@primitive is available.
Package pdftexcmds Info: \pdf@ifprimitive is available.
Package pdftexcmds Info: \pdfdraftmode found.
)) (/usr/share/texmf-dist/tex/latex/hycolor/hycolor.sty
Package: hycolor 2020-01-27 v1.10 Color options for hyperref/bookmark (HO)
) (/usr/share/texmf-dist/tex/latex/hyperref/nameref.sty
Package: nameref 2023-11-26 v2.56 Cross-referencing by name of section
 (/usr/share/texmf-dist/tex/latex/refcount/refcount.sty
Package: refcount 2019/12/15 v3.6 Data extraction from label references (HO)
) (/usr/share/texmf-dist/tex/generic/gettitlestring/gettitlestring.sty
Package: gettitlestring 2019/12/15 v1.6 Cleanup title references (HO)
 (/usr/share/texmf-dist/tex/latex/kvoptions/kvoptions.sty
Package: kvoptions 2022-06-15 v3.15 Key value format for package options (HO)
))
\c@section@level=\count309
) (/usr/share/texmf-dist/tex/generic/stringenc/stringenc.sty
Package: stringenc 2019/11/29 v1.12 Convert strings between diff. encodings (HO)
)
\@linkdim=\dimen268
\Hy@linkcounter=\count310
\Hy@pagecounter=\count311
 (/usr/share/texmf-dist/tex/latex/hyperref/pd1enc.def
File: pd1enc.def 2024-11-05 v7.01l Hyperref: PDFDocEncoding definition (HO)
Now handling font encoding PD1 ...
... no UTF-8 mapping file for font encoding PD1
) (/usr/share/texmf-dist/tex/generic/intcalc/intcalc.sty
Package: intcalc 2019/12/15 v1.3 Expandable calculations with integers (HO)
)
\Hy@SavedSpaceFactor=\count312
 (/usr/share/texmf-dist/tex/latex/hyperref/puenc.def
File: puenc.def 2024-11-05 v7.01l Hyperref: PDF Unicode definition (HO)
Now handling font encoding PU ...
... no UTF-8 mapping file for font encoding PU
)
Package hyperref Info: Option `bookmarks' set `true' on input line 4040.
Package hyperref Info: Option `bookmarksopen' set `true' on input line 4040.
Package hyperref Info: Option `implicit' set `false' on input line 4040.
Package hyperref Info: Hyper figures OFF on input line 4157.
Package hyperref Info: Link nesting OFF on input line 4162.
Package hyperref Info: Hyper index ON on input line 4165.
Package hyperref Info: Plain pages OFF on input line 4172.
Package hyperref Info: Backreferencing OFF on input line 4177.
Package hyperref Info: Implicit mode OFF; no redefinition of LaTeX internals.
Package hyperref Info: Bookmarks ON on input line 4424.
\c@Hy@tempcnt=\count313
 (/usr/share/texmf-dist/tex/latex/url/url.sty
\Urlmuskip=\muskip17
Package: url 2013/09/16  ver 3.4  Verb mode for urls, etc.
)
LaTeX Info: Redefining \url on input line 4763.
\XeTeXLinkMargin=\dimen269
 (/usr/share/texmf-dist/tex/generic/bitset/bitset.sty
Package: bitset 2019/12/09 v1.3 Handle bit-vector datatype (HO)
 (/usr/share/texmf-dist/tex/generic/bigintcalc/bigintcalc.sty
Package: bigintcalc 2019/12/15 v1.5 Expandable calculations on big integers (HO)
))
\Fld@menulength=\count314
\Field@Width=\dimen270
\Fld@charsize=\dimen271
Package hyperref Info: Hyper figures OFF on input line 6042.
Package hyperref Info: Link nesting OFF on input line 6047.
Package hyperref Info: Hyper index ON on input line 6050.
Package hyperref Info: backreferencing OFF on input line 6057.
Package hyperref Info: Link coloring OFF on input line 6062.
Package hyperref Info: Link coloring with OCG OFF on input line 6067.
Package hyperref Info: PDF/A mode OFF on input line 6072.
\Hy@abspage=\count315


Package hyperref Message: Stopped early.

)
Package hyperref Info: Driver (autodetected): hpdftex.
 (/usr/share/texmf-dist/tex/latex/hyperref/hpdftex.def
File: hpdftex.def 2024-11-05 v7.01l Hyperref driver for pdfTeX
 (/usr/share/texmf-dist/tex/latex/base/atveryend-ltx.sty
Package: atveryend-ltx 2020/08/19 v1.0a Emulation of the original atveryend package
with kernel methods
)
\Fld@listcount=\count316
\c@bookmark@seq@number=\count317
 (/usr/share/texmf-dist/tex/latex/rerunfilecheck/rerunfilecheck.sty
Package: rerunfilecheck 2022-07-10 v1.10 Rerun checks for auxiliary files (HO)
 (/usr/share/texmf-dist/tex/generic/uniquecounter/uniquecounter.sty
Package: uniquecounter 2019/12/15 v1.4 Provide unlimited unique counter (HO)
)
Package uniquecounter Info: New unique counter `rerunfilecheck' on input line 285.
)) (/usr/share/texmf-dist/tex/latex/beamer/beamerbaserequires.sty (/usr/share/texmf-dist/tex/latex/beamer/beamerbasecompatibility.sty) (/usr/share/texmf-dist/tex/latex/beamer/beamerbasefont.sty (/usr/share/texmf-dist/tex/latex/amsfonts/amssymb.sty
Package: amssymb 2013/01/14 v3.01 AMS font symbols
 (/usr/share/texmf-dist/tex/latex/amsfonts/amsfonts.sty
Package: amsfonts 2013/01/14 v3.01 Basic AMSFonts support
\@emptytoks=\toks29
\symAMSa=\mathgroup4
\symAMSb=\mathgroup5
LaTeX Font Info:    Redeclaring math symbol \hbar on input line 98.
LaTeX Font Info:    Overwriting math alphabet `\mathfrak' in version `bold'
(Font)                  U/euf/m/n --> U/euf/b/n on input line 106.
)) (/usr/share/texmf-dist/tex/latex/sansmathaccent/sansmathaccent.sty
Package: sansmathaccent 2020/01/31
 (/usr/share/texmf-dist/tex/latex/koma-script/scrlfile.sty
Package: scrlfile 2024/10/24 v3.43 KOMA-Script package (file load hooks)
 (/usr/share/texmf-dist/tex/latex/koma-script/scrlfile-hook.sty
Package: scrlfile-hook 2024/10/24 v3.43 KOMA-Script package (using LaTeX hooks)
 (/usr/share/texmf-dist/tex/latex/koma-script/scrlogo.sty
Package: scrlogo 2024/10/24 v3.43 KOMA-Script package (logo)
))))) (/usr/share/texmf-dist/tex/latex/beamer/beamerbasetranslator.sty (/usr/share/texmf-dist/tex/latex/translator/translator.sty
Package: translator 2021-05-31 v1.12d Easy translation of strings in LaTeX
)) (/usr/share/texmf-dist/tex/latex/beamer/beamerbasemisc.sty) (/usr/share/texmf-dist/tex/latex/beamer/beamerbasetwoscreens.sty) (/usr/share/texmf-dist/tex/latex/beamer/beamerbaseoverlay.sty
\beamer@argscount=\count318
\beamer@lastskipcover=\skip52
\beamer@trivlistdepth=\count319
) (/usr/share/texmf-dist/tex/latex/beamer/beamerbasetitle.sty) (/usr/share/texmf-dist/tex/latex/beamer/beamerbasesection.sty
\c@lecture=\count320
\c@part=\count321
\c@section=\count322
\c@subsection=\count323
\c@subsubsection=\count324
) (/usr/share/texmf-dist/tex/latex/beamer/beamerbaseframe.sty
\beamer@framebox=\box67
\beamer@frametitlebox=\box68
\beamer@zoombox=\box69
\beamer@zoomcount=\count325
\beamer@zoomframecount=\count326
\beamer@frametextheight=\dimen272
\c@subsectionslide=\count327
\beamer@frametopskip=\skip53
\beamer@framebottomskip=\skip54
\beamer@frametopskipautobreak=\skip55
\beamer@framebottomskipautobreak=\skip56
\beamer@envbody=\toks30
\framewidth=\dimen273
\c@framenumber=\count328
) (/usr/share/texmf-dist/tex/latex/beamer/beamerbaseverbatim.sty
\beamer@verbatimfileout=\write4
) (/usr/share/texmf-dist/tex/latex/beamer/beamerbaseframesize.sty
\beamer@splitbox=\box70
\beamer@autobreakcount=\count329
\beamer@autobreaklastheight=\dimen274
\beamer@frametitletoks=\toks31
\beamer@framesubtitletoks=\toks32
) (/usr/share/texmf-dist/tex/latex/beamer/beamerbaseframecomponents.sty
\beamer@footins=\box71
) (/usr/share/texmf-dist/tex/latex/beamer/beamerbasecolor.sty) (/usr/share/texmf-dist/tex/latex/beamer/beamerbasenotes.sty
\beamer@frameboxcopy=\box72
) (/usr/share/texmf-dist/tex/latex/beamer/beamerbasetoc.sty) (/usr/share/texmf-dist/tex/latex/beamer/beamerbasetemplates.sty
\beamer@sbttoks=\toks33
 (/usr/share/texmf-dist/tex/latex/beamer/beamerbaseauxtemplates.sty (/usr/share/texmf-dist/tex/latex/beamer/beamerbaseboxes.sty
\bmb@box=\box73
\bmb@colorbox=\box74
\bmb@boxwidth=\dimen275
\bmb@boxheight=\dimen276
\bmb@prevheight=\dimen277
\bmb@temp=\dimen278
\bmb@dima=\dimen279
\bmb@dimb=\dimen280
\bmb@prevheight=\dimen281
)
\beamer@blockheadheight=\dimen282
)) (/usr/share/texmf-dist/tex/latex/beamer/beamerbaselocalstructure.sty (/usr/share/texmf-dist/tex/latex/tools/enumerate.sty
Package: enumerate 2023/07/04 v3.00 enumerate extensions (DPC)
\@enLab=\toks34
)
\beamer@bibiconwidth=\skip57
\c@figure=\count330
\c@table=\count331
\abovecaptionskip=\skip58
\belowcaptionskip=\skip59
) (/usr/share/texmf-dist/tex/latex/beamer/beamerbasenavigation.sty (/usr/share/texmf-dist/tex/latex/beamer/beamerbasenavigationsymbols.tex)
\beamer@section@min@dim=\dimen283
) (/usr/share/texmf-dist/tex/latex/beamer/beamerbasetheorems.sty (/usr/share/texmf-dist/tex/latex/amsmath/amsmath.sty
Package: amsmath 2024/11/05 v2.17t AMS math features
\@mathmargin=\skip60

For additional information on amsmath, use the `?' option.
(/usr/share/texmf-dist/tex/latex/amsmath/amstext.sty
Package: amstext 2021/08/26 v2.01 AMS text
 (/usr/share/texmf-dist/tex/latex/amsmath/amsgen.sty
File: amsgen.sty 1999/11/30 v2.0 generic functions
\@emptytoks=\toks35
\ex@=\dimen284
)) (/usr/share/texmf-dist/tex/latex/amsmath/amsbsy.sty
Package: amsbsy 1999/11/29 v1.2d Bold Symbols
\pmbraise@=\dimen285
) (/usr/share/texmf-dist/tex/latex/amsmath/amsopn.sty
Package: amsopn 2022/04/08 v2.04 operator names
)
\inf@bad=\count332
LaTeX Info: Redefining \frac on input line 233.
\uproot@=\count333
\leftroot@=\count334
LaTeX Info: Redefining \overline on input line 398.
LaTeX Info: Redefining \colon on input line 409.
\classnum@=\count335
\DOTSCASE@=\count336
LaTeX Info: Redefining \ldots on input line 495.
LaTeX Info: Redefining \dots on input line 498.
LaTeX Info: Redefining \cdots on input line 619.
\Mathstrutbox@=\box75
\strutbox@=\box76
LaTeX Info: Redefining \big on input line 721.
LaTeX Info: Redefining \Big on input line 722.
LaTeX Info: Redefining \bigg on input line 723.
LaTeX Info: Redefining \Bigg on input line 724.
\big@size=\dimen286
LaTeX Font Info:    Redeclaring font encoding OML on input line 742.
LaTeX Font Info:    Redeclaring font encoding OMS on input line 743.
\macc@depth=\count337
LaTeX Info: Redefining \bmod on input line 904.
LaTeX Info: Redefining \pmod on input line 909.
LaTeX Info: Redefining \smash on input line 939.
LaTeX Info: Redefining \relbar on input line 969.
LaTeX Info: Redefining \Relbar on input line 970.
\c@MaxMatrixCols=\count338
\dotsspace@=\muskip18
\c@parentequation=\count339
\dspbrk@lvl=\count340
\tag@help=\toks36
\row@=\count341
\column@=\count342
\maxfields@=\count343
\andhelp@=\toks37
\eqnshift@=\dimen287
\alignsep@=\dimen288
\tagshift@=\dimen289
\tagwidth@=\dimen290
\totwidth@=\dimen291
\lineht@=\dimen292
\@envbody=\toks38
\multlinegap=\skip61
\multlinetaggap=\skip62
\mathdisplay@stack=\toks39
LaTeX Info: Redefining \[ on input line 2953.
LaTeX Info: Redefining \] on input line 2954.
) (/usr/share/texmf-dist/tex/latex/amscls/amsthm.sty
Package: amsthm 2020/05/29 v2.20.6
\thm@style=\toks40
\thm@bodyfont=\toks41
\thm@headfont=\toks42
\thm@notefont=\toks43
\thm@headpunct=\toks44
\thm@preskip=\skip63
\thm@postskip=\skip64
\thm@headsep=\skip65
\dth@everypar=\toks45
)
\c@theorem=\count344
) (/usr/share/texmf-dist/tex/latex/beamer/beamerbasethemes.sty)) (/usr/share/texmf-dist/tex/latex/beamer/beamerthemedefault.sty (/usr/share/texmf-dist/tex/latex/beamer/beamerfontthemedefault.sty) (/usr/share/texmf-dist/tex/latex/beamer/beamercolorthemedefault.sty) (/usr/share/texmf-dist/tex/latex/beamer/beamerinnerthemedefault.sty
\beamer@dima=\dimen293
\beamer@dimb=\dimen294
) (/usr/share/texmf-dist/tex/latex/beamer/beamerouterthemedefault.sty))) (/usr/share/texmf-dist/tex/latex/float/float.sty
Package: float 2001/11/08 v1.3d Float enhancements (AL)
\c@float@type=\count345
\float@exts=\toks46
\float@box=\box77
\@float@everytoks=\toks47
\@floatcapt=\box78
)
Package hyperref Info: Option `colorlinks' set `true' on input line 15.
 (/usr/share/texmf-dist/tex/latex/doublestroke/dsfont.sty
Package: dsfont 1995/08/01 v0.1 Double stroke roman fonts
) (/usr/share/texmf-dist/tex/latex/adjustbox/adjustbox.sty
Package: adjustbox 2025/02/26 v1.3c Adjusting TeX boxes (trim, clip, ...)
 (/usr/share/texmf-dist/tex/latex/xkeyval/xkeyval.sty
Package: xkeyval 2022/06/16 v2.9 package option processing (HA)
 (/usr/share/texmf-dist/tex/generic/xkeyval/xkeyval.tex (/usr/share/texmf-dist/tex/generic/xkeyval/xkvutils.tex
\XKV@toks=\toks48
\XKV@tempa@toks=\toks49
)
\XKV@depth=\count346
File: xkeyval.tex 2014/12/03 v2.7a key=value parser (HA)
)) (/usr/share/texmf-dist/tex/latex/adjustbox/adjcalc.sty
Package: adjcalc 2012/05/16 v1.1 Provides advanced setlength with multiple back-ends (calc, etex, pgfmath)
) (/usr/share/texmf-dist/tex/latex/adjustbox/trimclip.sty
Package: trimclip 2025/02/21 v1.2a Trim and clip general TeX material
 (/usr/share/texmf-dist/tex/latex/collectbox/collectbox.sty
Package: collectbox 2022/10/17 v0.4c Collect macro arguments as boxes
\collectedbox=\box79
)
\tc@llx=\dimen295
\tc@lly=\dimen296
\tc@urx=\dimen297
\tc@ury=\dimen298
Package trimclip Info: Using driver 'tc-pdftex.def'.
 (/usr/share/texmf-dist/tex/latex/adjustbox/tc-pdftex.def
File: tc-pdftex.def 2025/02/26 v2.3 Clipping driver for pdftex
))
\adjbox@Width=\dimen299
\adjbox@Height=\dimen300
\adjbox@Depth=\dimen301
\adjbox@Totalheight=\dimen302
\adjbox@pwidth=\dimen303
\adjbox@pheight=\dimen304
\adjbox@pdepth=\dimen305
\adjbox@ptotalheight=\dimen306
 (/usr/share/texmf-dist/tex/latex/ifoddpage/ifoddpage.sty
Package: ifoddpage 2022/10/18 v1.2 Conditionals for odd/even page detection
\c@checkoddpage=\count347
) (/usr/share/texmf-dist/tex/latex/varwidth/varwidth.sty
Package: varwidth 2009/03/30 ver 0.92;  Variable-width minipages
\@vwid@box=\box80
\sift@deathcycles=\count348
\@vwid@loff=\dimen307
\@vwid@roff=\dimen308
)) (/usr/share/texmf-dist/tex/latex/tcolorbox/tcolorbox.sty
Package: tcolorbox 2024/10/22 version 6.4.1 text color boxes
 (/usr/share/texmf-dist/tex/latex/pgf/frontendlayer/tikz.sty (/usr/share/texmf-dist/tex/latex/pgf/basiclayer/pgf.sty
Package: pgf 2023-01-15 v3.1.10 (3.1.10)
 (/usr/share/texmf-dist/tex/generic/pgf/modules/pgfmoduleshapes.code.tex
File: pgfmoduleshapes.code.tex 2023-01-15 v3.1.10 (3.1.10)
\pgfnodeparttextbox=\box81
) (/usr/share/texmf-dist/tex/generic/pgf/modules/pgfmoduleplot.code.tex
File: pgfmoduleplot.code.tex 2023-01-15 v3.1.10 (3.1.10)
) (/usr/share/texmf-dist/tex/latex/pgf/compatibility/pgfcomp-version-0-65.sty
Package: pgfcomp-version-0-65 2023-01-15 v3.1.10 (3.1.10)
\pgf@nodesepstart=\dimen309
\pgf@nodesepend=\dimen310
) (/usr/share/texmf-dist/tex/latex/pgf/compatibility/pgfcomp-version-1-18.sty
Package: pgfcomp-version-1-18 2023-01-15 v3.1.10 (3.1.10)
)) (/usr/share/texmf-dist/tex/latex/pgf/utilities/pgffor.sty (/usr/share/texmf-dist/tex/generic/pgf/utilities/pgffor.code.tex
Package: pgffor 2023-01-15 v3.1.10 (3.1.10)
\pgffor@iter=\dimen311
\pgffor@skip=\dimen312
\pgffor@stack=\toks50
\pgffor@toks=\toks51
)) (/usr/share/texmf-dist/tex/generic/pgf/frontendlayer/tikz/tikz.code.tex
Package: tikz 2023-01-15 v3.1.10 (3.1.10)
 (/usr/share/texmf-dist/tex/generic/pgf/libraries/pgflibraryplothandlers.code.tex
File: pgflibraryplothandlers.code.tex 2023-01-15 v3.1.10 (3.1.10)
\pgf@plot@mark@count=\count349
\pgfplotmarksize=\dimen313
)
\tikz@lastx=\dimen314
\tikz@lasty=\dimen315
\tikz@lastxsaved=\dimen316
\tikz@lastysaved=\dimen317
\tikz@lastmovetox=\dimen318
\tikz@lastmovetoy=\dimen319
\tikzleveldistance=\dimen320
\tikzsiblingdistance=\dimen321
\tikz@figbox=\box82
\tikz@figbox@bg=\box83
\tikz@tempbox=\box84
\tikz@tempbox@bg=\box85
\tikztreelevel=\count350
\tikznumberofchildren=\count351
\tikznumberofcurrentchild=\count352
\tikz@fig@count=\count353
 (/usr/share/texmf-dist/tex/generic/pgf/modules/pgfmodulematrix.code.tex
File: pgfmodulematrix.code.tex 2023-01-15 v3.1.10 (3.1.10)
\pgfmatrixcurrentrow=\count354
\pgfmatrixcurrentcolumn=\count355
\pgf@matrix@numberofcolumns=\count356
)
\tikz@expandcount=\count357
 (/usr/share/texmf-dist/tex/generic/pgf/frontendlayer/tikz/libraries/tikzlibrarytopaths.code.tex
File: tikzlibrarytopaths.code.tex 2023-01-15 v3.1.10 (3.1.10)
))) (/usr/share/texmf-dist/tex/latex/tools/verbatim.sty
Package: verbatim 2024-01-22 v1.5x LaTeX2e package for verbatim enhancements
\every@verbatim=\toks52
\verbatim@line=\toks53
\verbatim@in@stream=\read3
) (/usr/share/texmf-dist/tex/latex/environ/environ.sty
Package: environ 2014/05/04 v0.3 A new way to define environments
 (/usr/share/texmf-dist/tex/latex/trimspaces/trimspaces.sty
Package: trimspaces 2009/09/17 v1.1 Trim spaces around a token list
))
\tcb@titlebox=\box86
\tcb@upperbox=\box87
\tcb@lowerbox=\box88
\tcb@phantombox=\box89
\c@tcbbreakpart=\count358
\c@tcblayer=\count359
\c@tcolorbox@number=\count360
\l__tcobox_tmpa_box=\box90
\l__tcobox_tmpa_dim=\dimen322
\tcb@temp=\box91
\tcb@temp=\box92
\tcb@temp=\box93
\tcb@temp=\box94
) (/usr/share/texmf-dist/tex/latex/multirow/multirow.sty
Package: multirow 2024/11/12 v2.9 Span multiple rows of a table
\multirow@colwidth=\skip66
\multirow@cntb=\count361
\multirow@dima=\skip67
\bigstrutjot=\dimen323
) (/usr/share/texmf-dist/tex/latex/beamer/beamerthemeWarsaw.sty (/usr/share/texmf-dist/tex/latex/beamer/beamerinnerthemerounded.sty) (/usr/share/texmf-dist/tex/latex/beamer/beamerouterthemeshadow.sty (/usr/share/texmf-dist/tex/latex/beamer/beamerouterthemesplit.sty)) (/usr/share/texmf-dist/tex/latex/beamer/beamercolorthemeorchid.sty) (/usr/share/texmf-dist/tex/latex/beamer/beamercolorthemewhale.sty)) (/usr/share/texmf-dist/tex/latex/minted/minted.sty
Package: minted 2025/03/06 v3.6.0 Yet another Pygments shim for LaTeX
 (/usr/share/texmf-dist/tex/generic/catchfile/catchfile.sty
Package: catchfile 2019/12/09 v1.8 Catch the contents of a file (HO)
 (/usr/share/texmf-dist/tex/generic/etexcmds/etexcmds.sty
Package: etexcmds 2019/12/15 v1.7 Avoid name clashes with e-TeX commands (HO)
)) (/usr/share/texmf-dist/tex/latex/fvextra/fvextra.sty
Package: fvextra 2025/03/04 v1.12.0 fvextra - extensions and patches for fancyvrb
 (/usr/share/texmf-dist/tex/latex/fancyvrb/fancyvrb.sty
Package: fancyvrb 2024/01/20 4.5c verbatim text (tvz,hv)
\FV@CodeLineNo=\count362
\FV@InFile=\read4
\FV@TabBox=\box95
\c@FancyVerbLine=\count363
\FV@StepNumber=\count364
\FV@OutFile=\write5
) (/usr/share/texmf-dist/tex/latex/upquote/upquote.sty
Package: upquote 2012/04/19 v1.3 upright-quote and grave-accent glyphs in verbatim
) (/usr/share/texmf-dist/tex/latex/lineno/lineno.sty
Package: lineno 2025/01/29 line numbers on paragraphs v5.4
\linenopenalty=\count365
\output=\toks54
\linenoprevgraf=\count366
\linenumbersep=\dimen324
\linenumberwidth=\dimen325
\c@linenumber=\count367
\c@pagewiselinenumber=\count368
\c@LN@truepage=\count369
\c@internallinenumber=\count370
\c@internallinenumbers=\count371
\quotelinenumbersep=\dimen326
\bframerule=\dimen327
\bframesep=\dimen328
\bframebox=\box96
\@LN@amsmath@ams@eqpen=\count372
LaTeX Info: Redefining \\ on input line 3187.
)
\c@FancyVerbWriteLine=\count373
\c@FancyVerbBufferLine=\count374
\c@FV@TrueTabGroupLevel=\count375
\c@FV@TrueTabCounter=\count376
\FV@TabBox@Group=\box97
\FV@bgcolorstructbox=\box98
\FV@TmpLength=\skip68
\c@FV@HighlightLinesStart=\count377
\c@FV@HighlightLinesStop=\count378
\FV@LoopCount=\count379
\FV@NCharsBox=\box99
\FV@BreakIndent=\dimen329
\FV@BreakIndentNChars=\count380
\FV@BreakSymbolSepLeft=\dimen330
\FV@BreakSymbolSepLeftNChars=\count381
\FV@BreakSymbolSepRight=\dimen331
\FV@BreakSymbolSepRightNChars=\count382
\FV@BreakSymbolIndentLeft=\dimen332
\FV@BreakSymbolIndentLeftNChars=\count383
\FV@BreakSymbolIndentRight=\dimen333
\FV@BreakSymbolIndentRightNChars=\count384
\c@FancyVerbLineBreakLast=\count385
\FV@LineBox=\box100
\FV@LineIndentBox=\box101
\c@FV@BreakBufferDepth=\count386
\FV@LineWidth=\dimen334
) (/usr/share/texmf-dist/tex/latex/latex2pydata/latex2pydata.sty
Package: latex2pydata 2025/03/03 v0.5.0 latex2pydata - write data to file in Python literal format
) (/usr/share/texmf-dist/tex/latex/pgfopts/pgfopts.sty
Package: pgfopts 2014/07/10 v2.1a LaTeX package options with pgfkeys
\pgfopts@list@add@a@toks=\toks55
\pgfopts@list@add@b@toks=\toks56
) (/usr/share/texmf-dist/tex/latex/tools/shellesc.sty
Package: shellesc 2023/07/08 v1.0d unified shell escape interface for LaTeX
Package shellesc Info: Unrestricted shell escape enabled on input line 75.
)
\c@minted@FancyVerbLineTemp=\count387
\@float@every@listing=\toks57
\c@listing=\count388
) (/usr/share/texmf-dist/tex/generic/babel/babel.sty
Package: babel 2025/02/14 v25.4 The multilingual framework for pdfLaTeX, LuaLaTeX and XeLaTeX
\babel@savecnt=\count389
\U@D=\dimen335
\l@unhyphenated=\language3
 (/usr/share/texmf-dist/tex/generic/babel/txtbabel.def)
\bbl@readstream=\read5
LaTeX Info: Redefining \textlatin on input line 3835.
\bbl@dirlevel=\count390
 (/usr/share/texmf-dist/tex/generic/babel/errbabel.def)

! Package babel Error: Unknown option 'portuguese'. Either you misspelled it
(babel)                or the language definition file portuguese.ldf
(babel)                was not found.
(babel)                There is a locale ini file for this language.
(babel)                If it’s the main language, try adding `provide=*'
(babel)                to the babel package options.

See the babel package documentation for explanation.
Type  H <return>  for immediate help.
 ...                                              
                                                  
l.4138 \ProcessOptions*
                       
Valid options are, among others: shorthands=, KeepShorthandsActive,
activeacute, activegrave, noconfigs, safe=, main=, math=
headfoot=, strings=, config=, hyphenmap=, or a language name.

Package babel Info: You haven't specified a language as a class or package
(babel)             option. I'll load 'nil'. Reported on input line 4188.
(/usr/share/texmf-dist/tex/generic/babel/nil.ldf
Language: nil 2025/02/14 v25.4 Nil language
\l@nil=\language4
)) (/usr/share/texmf-dist/tex/latex/tcolorbox/tcbskins.code.tex
Library (tcolorbox): 'tcbskins.code.tex' version '6.4.1'
(/usr/share/texmf-dist/tex/latex/tikzfill/tikzfill.image.sty
Package: tikzfill.image 2023/08/08 v1.0.1 Image filling library for TikZ
 (/usr/share/texmf-dist/tex/latex/tikzfill/tikzfill-common.sty
Package: tikzfill-common 2023/08/08 v1.0.1 Auxiliary code for tikzfill
) (/usr/share/texmf-dist/tex/latex/tikzfill/tikzlibraryfill.image.code.tex
File: tikzlibraryfill.image.code.tex 2023/08/08 v1.0.1 Image filling library
\l__tikzfill_img_box=\box102
)) (/usr/share/texmf-dist/tex/latex/tcolorbox/tcbskinsjigsaw.code.tex
Library (tcolorbox): 'tcbskinsjigsaw.code.tex' version '6.4.1'
))
\c@exerciciocontador=\count391
\c@definicaocontador=\count392
\c@exemplocontador=\count393
 (/usr/share/texmf-dist/tex/latex/l3backend/l3backend-pdftex.def
File: l3backend-pdftex.def 2024-05-08 L3 backend support: PDF output (pdfTeX)
\l__color_backend_stack_int=\count394
\l__pdf_internal_box=\box103
) (./main.aux (./estat_descritiva.aux))
\openout1 = `main.aux'.

LaTeX Font Info:    Checking defaults for OML/cmm/m/it on input line 133.
LaTeX Font Info:    ... okay on input line 133.
LaTeX Font Info:    Checking defaults for OMS/cmsy/m/n on input line 133.
LaTeX Font Info:    ... okay on input line 133.
LaTeX Font Info:    Checking defaults for OT1/cmr/m/n on input line 133.
LaTeX Font Info:    ... okay on input line 133.
LaTeX Font Info:    Checking defaults for T1/cmr/m/n on input line 133.
LaTeX Font Info:    ... okay on input line 133.
LaTeX Font Info:    Checking defaults for TS1/cmr/m/n on input line 133.
LaTeX Font Info:    ... okay on input line 133.
LaTeX Font Info:    Checking defaults for OMX/cmex/m/n on input line 133.
LaTeX Font Info:    ... okay on input line 133.
LaTeX Font Info:    Checking defaults for U/cmr/m/n on input line 133.
LaTeX Font Info:    ... okay on input line 133.
LaTeX Font Info:    Checking defaults for PD1/pdf/m/n on input line 133.
LaTeX Font Info:    ... okay on input line 133.
LaTeX Font Info:    Checking defaults for PU/pdf/m/n on input line 133.
LaTeX Font Info:    ... okay on input line 133.

*geometry* driver: auto-detecting
*geometry* detected driver: pdftex
*geometry* verbose mode - [ preamble ] result:
* driver: pdftex
* paper: custom
* layout: <same size as paper>
* layoutoffset:(h,v)=(0.0pt,0.0pt)
* modes: includehead includefoot 
* h-part:(L,W,R)=(28.45274pt, 307.28987pt, 28.45274pt)
* v-part:(T,H,B)=(0.0pt, 273.14662pt, 0.0pt)
* \paperwidth=364.19536pt
* \paperheight=273.14662pt
* \textwidth=307.28987pt
* \textheight=244.6939pt
* \oddsidemargin=-43.81725pt
* \evensidemargin=-43.81725pt
* \topmargin=-72.26999pt
* \headheight=14.22636pt
* \headsep=0.0pt
* \topskip=11.0pt
* \footskip=14.22636pt
* \marginparwidth=4.0pt
* \marginparsep=10.0pt
* \columnsep=10.0pt
* \skip\footins=10.0pt plus 4.0pt minus 2.0pt
* \hoffset=0.0pt
* \voffset=0.0pt
* \mag=1000
* \@twocolumnfalse
* \@twosidefalse
* \@mparswitchfalse
* \@reversemarginfalse
* (1in=72.27pt=25.4mm, 1cm=28.453pt)

(/usr/share/texmf-dist/tex/context/base/mkii/supp-pdf.mkii
[Loading MPS to PDF converter (version 2006.09.02).]
\scratchcounter=\count395
\scratchdimen=\dimen336
\scratchbox=\box104
\nofMPsegments=\count396
\nofMParguments=\count397
\everyMPshowfont=\toks58
\MPscratchCnt=\count398
\MPscratchDim=\dimen337
\MPnumerator=\count399
\makeMPintoPDFobject=\count400
\everyMPtoPDFconversion=\toks59
) (/usr/share/texmf-dist/tex/latex/epstopdf-pkg/epstopdf-base.sty
Package: epstopdf-base 2020-01-24 v2.11 Base part for package epstopdf
Package epstopdf-base Info: Redefining graphics rule for `.eps' on input line 485.
 (/usr/share/texmf-dist/tex/latex/latexconfig/epstopdf-sys.cfg
File: epstopdf-sys.cfg 2010/07/13 v1.3 Configuration of (r)epstopdf for TeX Live
))
Package hyperref Info: Link coloring ON on input line 133.
 (./main.out) (./main.out)
\@outlinefile=\write6
\openout6 = `main.out'.

LaTeX Font Info:    Overwriting symbol font `operators' in version `normal'
(Font)                  OT1/cmr/m/n --> OT1/cmss/m/n on input line 133.
LaTeX Font Info:    Overwriting symbol font `operators' in version `bold'
(Font)                  OT1/cmr/bx/n --> OT1/cmss/b/n on input line 133.
\symnumbers=\mathgroup6
\sympureletters=\mathgroup7
LaTeX Font Info:    Overwriting math alphabet `\mathrm' in version `normal'
(Font)                  OT1/cmss/m/n --> OT1/cmr/m/n on input line 133.
LaTeX Font Info:    Redeclaring math alphabet \mathbf on input line 133.
LaTeX Font Info:    Overwriting math alphabet `\mathbf' in version `normal'
(Font)                  OT1/cmr/bx/n --> OT1/cmss/b/n on input line 133.
LaTeX Font Info:    Overwriting math alphabet `\mathbf' in version `bold'
(Font)                  OT1/cmr/bx/n --> OT1/cmss/b/n on input line 133.
LaTeX Font Info:    Redeclaring math alphabet \mathsf on input line 133.
LaTeX Font Info:    Overwriting math alphabet `\mathsf' in version `normal'
(Font)                  OT1/cmss/m/n --> OT1/cmss/m/n on input line 133.
LaTeX Font Info:    Overwriting math alphabet `\mathsf' in version `bold'
(Font)                  OT1/cmss/bx/n --> OT1/cmss/m/n on input line 133.
LaTeX Font Info:    Redeclaring math alphabet \mathit on input line 133.
LaTeX Font Info:    Overwriting math alphabet `\mathit' in version `normal'
(Font)                  OT1/cmr/m/it --> OT1/cmss/m/it on input line 133.
LaTeX Font Info:    Overwriting math alphabet `\mathit' in version `bold'
(Font)                  OT1/cmr/bx/it --> OT1/cmss/m/it on input line 133.
LaTeX Font Info:    Redeclaring math alphabet \mathtt on input line 133.
LaTeX Font Info:    Overwriting math alphabet `\mathtt' in version `normal'
(Font)                  OT1/cmtt/m/n --> OT1/cmtt/m/n on input line 133.
LaTeX Font Info:    Overwriting math alphabet `\mathtt' in version `bold'
(Font)                  OT1/cmtt/m/n --> OT1/cmtt/m/n on input line 133.
LaTeX Font Info:    Overwriting symbol font `numbers' in version `bold'
(Font)                  OT1/cmss/m/n --> OT1/cmss/b/n on input line 133.
LaTeX Font Info:    Overwriting symbol font `pureletters' in version `bold'
(Font)                  OT1/cmss/m/it --> OT1/cmss/b/it on input line 133.
LaTeX Font Info:    Overwriting math alphabet `\mathrm' in version `bold'
(Font)                  OT1/cmss/b/n --> OT1/cmr/b/n on input line 133.
LaTeX Font Info:    Overwriting math alphabet `\mathbf' in version `bold'
(Font)                  OT1/cmss/b/n --> OT1/cmss/b/n on input line 133.
LaTeX Font Info:    Overwriting math alphabet `\mathsf' in version `bold'
(Font)                  OT1/cmss/m/n --> OT1/cmss/b/n on input line 133.
LaTeX Font Info:    Overwriting math alphabet `\mathit' in version `bold'
(Font)                  OT1/cmss/m/it --> OT1/cmss/b/it on input line 133.
LaTeX Font Info:    Overwriting math alphabet `\mathtt' in version `bold'
(Font)                  OT1/cmtt/m/n --> OT1/cmtt/b/n on input line 133.
LaTeX Font Info:    Redeclaring symbol font `pureletters' on input line 133.
LaTeX Font Info:    Overwriting symbol font `pureletters' in version `normal'
(Font)                  OT1/cmss/m/it --> OT1/mathkerncmss/m/sl on input line 133.
LaTeX Font Info:    Overwriting symbol font `pureletters' in version `bold'
(Font)                  OT1/cmss/b/it --> OT1/mathkerncmss/m/sl on input line 133.
LaTeX Font Info:    Overwriting symbol font `pureletters' in version `bold'
(Font)                  OT1/mathkerncmss/m/sl --> OT1/mathkerncmss/bx/sl on input line 133.
 (/usr/share/texmf-dist/tex/latex/translator/translator-basic-dictionary-English.dict
Dictionary: translator-basic-dictionary, Language: English 
) (/usr/share/texmf-dist/tex/latex/translator/translator-bibliography-dictionary-English.dict
Dictionary: translator-bibliography-dictionary, Language: English 
) (/usr/share/texmf-dist/tex/latex/translator/translator-environment-dictionary-English.dict
Dictionary: translator-environment-dictionary, Language: English 
) (/usr/share/texmf-dist/tex/latex/translator/translator-months-dictionary-English.dict
Dictionary: translator-months-dictionary, Language: English 
) (/usr/share/texmf-dist/tex/latex/translator/translator-numbers-dictionary-English.dict
Dictionary: translator-numbers-dictionary, Language: English 
) (/usr/share/texmf-dist/tex/latex/translator/translator-theorem-dictionary-English.dict
Dictionary: translator-theorem-dictionary, Language: English 
) (./main.nav)
<figures/arbalest.png, id=51, 301.125pt x 301.125pt>
File: figures/arbalest.png Graphic file (type png)
<use figures/arbalest.png>
Package pdftex.def Info: figures/arbalest.png  used on input line 142.
(pdftex.def)             Requested size: 76.82246pt x 76.82031pt.


[1{/var/lib/texmf/fonts/map/pdftex/updmap/pdftex.map}

 <./figures/arbalest.png>]

[2

]

[3

]
LaTeX Font Info:    Trying to load font information for U+msa on input line 160.
 (/usr/share/texmf-dist/tex/latex/amsfonts/umsa.fd
File: umsa.fd 2013/01/14 v3.01 AMS symbols A
)
LaTeX Font Info:    Trying to load font information for U+msb on input line 160.
 (/usr/share/texmf-dist/tex/latex/amsfonts/umsb.fd
File: umsb.fd 2013/01/14 v3.01 AMS symbols B
)
LaTeX Font Info:    Trying to load font information for OT1+mathkerncmss on input line 160.
 (/usr/share/texmf-dist/tex/latex/sansmathaccent/ot1mathkerncmss.fd
File: ot1mathkerncmss.fd 2020/01/31 Fontinst v1.933 font definitions for OT1/mathkerncmss.
)

[4

]

[5

]

[6

]

[7

]
<figures/pop_sample.png, id=308, 588.2778pt x 373.1541pt>
File: figures/pop_sample.png Graphic file (type png)
<use figures/pop_sample.png>
Package pdftex.def Info: figures/pop_sample.png  used on input line 178.
(pdftex.def)             Requested size: 215.10196pt x 136.4421pt.


[8

 <./figures/pop_sample.png>]

[9

]
<figures/int_1.png, id=376, 580.41844pt x 304.88907pt>
File: figures/int_1.png Graphic file (type png)
<use figures/int_1.png>
Package pdftex.def Info: figures/int_1.png  used on input line 188.
(pdftex.def)             Requested size: 245.83282pt x 129.13185pt.


[10

 <./figures/int_1.png>]

[11

]

[12

]

[13

]
\openout2 = `estat_descritiva.aux'.

 (./estat_descritiva.tex

[14


]

[15

]

[16

]
! Undefined control sequence.
\beamer@@tmpl@enumerate item ... {blue}\shadowbox 
                                                  {\insertenumlabel )}
l.32 \end{frame}
                
The control sequence at the end of the top line
of your error message was never \def'ed. If you have
misspelled it (e.g., `\hobx'), type `I' and the correct
spelling (e.g., `I\hbox'). Otherwise just continue,
and I'll forget about whatever was undefined.

! Undefined control sequence.
\beamer@@tmpl@enumerate item ... {blue}\shadowbox 
                                                  {\insertenumlabel )}
l.32 \end{frame}
                
The control sequence at the end of the top line
of your error message was never \def'ed. If you have
misspelled it (e.g., `\hobx'), type `I' and the correct
spelling (e.g., `I\hbox'). Otherwise just continue,
and I'll forget about whatever was undefined.

! Undefined control sequence.
\beamer@@tmpl@enumerate item ... {blue}\shadowbox 
                                                  {\insertenumlabel )}
l.32 \end{frame}
                
The control sequence at the end of the top line
of your error message was never \def'ed. If you have
misspelled it (e.g., `\hobx'), type `I' and the correct
spelling (e.g., `I\hbox'). Otherwise just continue,
and I'll forget about whatever was undefined.

! Undefined control sequence.
\beamer@@tmpl@enumerate item ... {blue}\shadowbox 
                                                  {\insertenumlabel )}
l.32 \end{frame}
                
The control sequence at the end of the top line
of your error message was never \def'ed. If you have
misspelled it (e.g., `\hobx'), type `I' and the correct
spelling (e.g., `I\hbox'). Otherwise just continue,
and I'll forget about whatever was undefined.



[17

]
! Undefined control sequence.
\beamer@@tmpl@enumerate item ... {blue}\shadowbox 
                                                  {\insertenumlabel )}
l.32 \end{frame}
                
The control sequence at the end of the top line
of your error message was never \def'ed. If you have
misspelled it (e.g., `\hobx'), type `I' and the correct
spelling (e.g., `I\hbox'). Otherwise just continue,
and I'll forget about whatever was undefined.

! Undefined control sequence.
\beamer@@tmpl@enumerate item ... {blue}\shadowbox 
                                                  {\insertenumlabel )}
l.32 \end{frame}
                
The control sequence at the end of the top line
of your error message was never \def'ed. If you have
misspelled it (e.g., `\hobx'), type `I' and the correct
spelling (e.g., `I\hbox'). Otherwise just continue,
and I'll forget about whatever was undefined.

! Undefined control sequence.
\beamer@@tmpl@enumerate item ... {blue}\shadowbox 
                                                  {\insertenumlabel )}
l.32 \end{frame}
                
The control sequence at the end of the top line
of your error message was never \def'ed. If you have
misspelled it (e.g., `\hobx'), type `I' and the correct
spelling (e.g., `I\hbox'). Otherwise just continue,
and I'll forget about whatever was undefined.

! Undefined control sequence.
\beamer@@tmpl@enumerate item ... {blue}\shadowbox 
                                                  {\insertenumlabel )}
l.32 \end{frame}
                
The control sequence at the end of the top line
of your error message was never \def'ed. If you have
misspelled it (e.g., `\hobx'), type `I' and the correct
spelling (e.g., `I\hbox'). Otherwise just continue,
and I'll forget about whatever was undefined.



[18

]
! Undefined control sequence.
\beamer@@tmpl@enumerate item ... {blue}\shadowbox 
                                                  {\insertenumlabel )}
l.32 \end{frame}
                
The control sequence at the end of the top line
of your error message was never \def'ed. If you have
misspelled it (e.g., `\hobx'), type `I' and the correct
spelling (e.g., `I\hbox'). Otherwise just continue,
and I'll forget about whatever was undefined.

! Undefined control sequence.
\beamer@@tmpl@enumerate item ... {blue}\shadowbox 
                                                  {\insertenumlabel )}
l.32 \end{frame}
                
The control sequence at the end of the top line
of your error message was never \def'ed. If you have
misspelled it (e.g., `\hobx'), type `I' and the correct
spelling (e.g., `I\hbox'). Otherwise just continue,
and I'll forget about whatever was undefined.

! Undefined control sequence.
\beamer@@tmpl@enumerate item ... {blue}\shadowbox 
                                                  {\insertenumlabel )}
l.32 \end{frame}
                
The control sequence at the end of the top line
of your error message was never \def'ed. If you have
misspelled it (e.g., `\hobx'), type `I' and the correct
spelling (e.g., `I\hbox'). Otherwise just continue,
and I'll forget about whatever was undefined.

! Undefined control sequence.
\beamer@@tmpl@enumerate item ... {blue}\shadowbox 
                                                  {\insertenumlabel )}
l.32 \end{frame}
                
The control sequence at the end of the top line
of your error message was never \def'ed. If you have
misspelled it (e.g., `\hobx'), type `I' and the correct
spelling (e.g., `I\hbox'). Otherwise just continue,
and I'll forget about whatever was undefined.



[19

]
! Undefined control sequence.
\beamer@@tmpl@enumerate item ... {blue}\shadowbox 
                                                  {\insertenumlabel )}
l.32 \end{frame}
                
The control sequence at the end of the top line
of your error message was never \def'ed. If you have
misspelled it (e.g., `\hobx'), type `I' and the correct
spelling (e.g., `I\hbox'). Otherwise just continue,
and I'll forget about whatever was undefined.

! Undefined control sequence.
\beamer@@tmpl@enumerate item ... {blue}\shadowbox 
                                                  {\insertenumlabel )}
l.32 \end{frame}
                
The control sequence at the end of the top line
of your error message was never \def'ed. If you have
misspelled it (e.g., `\hobx'), type `I' and the correct
spelling (e.g., `I\hbox'). Otherwise just continue,
and I'll forget about whatever was undefined.

! Undefined control sequence.
\beamer@@tmpl@enumerate item ... {blue}\shadowbox 
                                                  {\insertenumlabel )}
l.32 \end{frame}
                
The control sequence at the end of the top line
of your error message was never \def'ed. If you have
misspelled it (e.g., `\hobx'), type `I' and the correct
spelling (e.g., `I\hbox'). Otherwise just continue,
and I'll forget about whatever was undefined.

! Undefined control sequence.
\beamer@@tmpl@enumerate item ... {blue}\shadowbox 
                                                  {\insertenumlabel )}
l.32 \end{frame}
                
The control sequence at the end of the top line
of your error message was never \def'ed. If you have
misspelled it (e.g., `\hobx'), type `I' and the correct
spelling (e.g., `I\hbox'). Otherwise just continue,
and I'll forget about whatever was undefined.



[20

]
! Undefined control sequence.
\beamer@@tmpl@enumerate item ... {blue}\shadowbox 
                                                  {\insertenumlabel )}
l.32 \end{frame}
                
The control sequence at the end of the top line
of your error message was never \def'ed. If you have
misspelled it (e.g., `\hobx'), type `I' and the correct
spelling (e.g., `I\hbox'). Otherwise just continue,
and I'll forget about whatever was undefined.

! Undefined control sequence.
\beamer@@tmpl@enumerate item ... {blue}\shadowbox 
                                                  {\insertenumlabel )}
l.32 \end{frame}
                
The control sequence at the end of the top line
of your error message was never \def'ed. If you have
misspelled it (e.g., `\hobx'), type `I' and the correct
spelling (e.g., `I\hbox'). Otherwise just continue,
and I'll forget about whatever was undefined.

! Undefined control sequence.
\beamer@@tmpl@enumerate item ... {blue}\shadowbox 
                                                  {\insertenumlabel )}
l.32 \end{frame}
                
The control sequence at the end of the top line
of your error message was never \def'ed. If you have
misspelled it (e.g., `\hobx'), type `I' and the correct
spelling (e.g., `I\hbox'). Otherwise just continue,
and I'll forget about whatever was undefined.

! Undefined control sequence.
\beamer@@tmpl@enumerate item ... {blue}\shadowbox 
                                                  {\insertenumlabel )}
l.32 \end{frame}
                
The control sequence at the end of the top line
of your error message was never \def'ed. If you have
misspelled it (e.g., `\hobx'), type `I' and the correct
spelling (e.g., `I\hbox'). Otherwise just continue,
and I'll forget about whatever was undefined.



[21

]

[22

]
\openout4 = `main.vrb'.

 (./main.vrb
\pydata@fh@_FAD58DE7366495DB4650CFEFAC2FCD61.data.minted=\write7
\openout7 = `_FAD58DE7366495DB4650CFEFAC2FCD61.data.minted'.

runsystem(latexminted config  --timestamp 20250904111921 FAD58DE7366495DB4650CFEFAC2FCD61)...executed.

 (./_FAD58DE7366495DB4650CFEFAC2FCD61.config.minted)
runsystem(latexminted cleanconfig  --timestamp 20250904111921 FAD58DE7366495DB4650CFEFAC2FCD61)...executed.

 (./_minted/default.style.minted) (./_minted/AA56C68D9316A65460E822EB4FBAD2E8.highlight.minted))

[23

] (./main.vrb (./_minted/AA56C68D9316A65460E822EB4FBAD2E8.highlight.minted))

[24

] (./main.vrb (./_minted/AA56C68D9316A65460E822EB4FBAD2E8.highlight.minted))

[25

]
! Undefined control sequence.
\beamer@@tmpl@enumerate item ... {blue}\shadowbox 
                                                  {\insertenumlabel )}
l.76 \end{frame}
                
The control sequence at the end of the top line
of your error message was never \def'ed. If you have
misspelled it (e.g., `\hobx'), type `I' and the correct
spelling (e.g., `I\hbox'). Otherwise just continue,
and I'll forget about whatever was undefined.

! Undefined control sequence.
\beamer@@tmpl@enumerate item ... {blue}\shadowbox 
                                                  {\insertenumlabel )}
l.76 \end{frame}
                
The control sequence at the end of the top line
of your error message was never \def'ed. If you have
misspelled it (e.g., `\hobx'), type `I' and the correct
spelling (e.g., `I\hbox'). Otherwise just continue,
and I'll forget about whatever was undefined.

! Undefined control sequence.
\beamer@@tmpl@enumerate item ... {blue}\shadowbox 
                                                  {\insertenumlabel )}
l.76 \end{frame}
                
The control sequence at the end of the top line
of your error message was never \def'ed. If you have
misspelled it (e.g., `\hobx'), type `I' and the correct
spelling (e.g., `I\hbox'). Otherwise just continue,
and I'll forget about whatever was undefined.



[26

]
! Undefined control sequence.
\beamer@@tmpl@enumerate item ... {blue}\shadowbox 
                                                  {\insertenumlabel )}
l.76 \end{frame}
                
The control sequence at the end of the top line
of your error message was never \def'ed. If you have
misspelled it (e.g., `\hobx'), type `I' and the correct
spelling (e.g., `I\hbox'). Otherwise just continue,
and I'll forget about whatever was undefined.

! Undefined control sequence.
\beamer@@tmpl@enumerate item ... {blue}\shadowbox 
                                                  {\insertenumlabel )}
l.76 \end{frame}
                
The control sequence at the end of the top line
of your error message was never \def'ed. If you have
misspelled it (e.g., `\hobx'), type `I' and the correct
spelling (e.g., `I\hbox'). Otherwise just continue,
and I'll forget about whatever was undefined.

! Undefined control sequence.
\beamer@@tmpl@enumerate item ... {blue}\shadowbox 
                                                  {\insertenumlabel )}
l.76 \end{frame}
                
The control sequence at the end of the top line
of your error message was never \def'ed. If you have
misspelled it (e.g., `\hobx'), type `I' and the correct
spelling (e.g., `I\hbox'). Otherwise just continue,
and I'll forget about whatever was undefined.



[27

]
! Undefined control sequence.
\beamer@@tmpl@enumerate item ... {blue}\shadowbox 
                                                  {\insertenumlabel )}
l.76 \end{frame}
                
The control sequence at the end of the top line
of your error message was never \def'ed. If you have
misspelled it (e.g., `\hobx'), type `I' and the correct
spelling (e.g., `I\hbox'). Otherwise just continue,
and I'll forget about whatever was undefined.

! Undefined control sequence.
\beamer@@tmpl@enumerate item ... {blue}\shadowbox 
                                                  {\insertenumlabel )}
l.76 \end{frame}
                
The control sequence at the end of the top line
of your error message was never \def'ed. If you have
misspelled it (e.g., `\hobx'), type `I' and the correct
spelling (e.g., `I\hbox'). Otherwise just continue,
and I'll forget about whatever was undefined.

! Undefined control sequence.
\beamer@@tmpl@enumerate item ... {blue}\shadowbox 
                                                  {\insertenumlabel )}
l.76 \end{frame}
                
The control sequence at the end of the top line
of your error message was never \def'ed. If you have
misspelled it (e.g., `\hobx'), type `I' and the correct
spelling (e.g., `I\hbox'). Otherwise just continue,
and I'll forget about whatever was undefined.



[28

]
! Undefined control sequence.
\beamer@@tmpl@enumerate item ... {blue}\shadowbox 
                                                  {\insertenumlabel )}
l.76 \end{frame}
                
The control sequence at the end of the top line
of your error message was never \def'ed. If you have
misspelled it (e.g., `\hobx'), type `I' and the correct
spelling (e.g., `I\hbox'). Otherwise just continue,
and I'll forget about whatever was undefined.

! Undefined control sequence.
\beamer@@tmpl@enumerate item ... {blue}\shadowbox 
                                                  {\insertenumlabel )}
l.76 \end{frame}
                
The control sequence at the end of the top line
of your error message was never \def'ed. If you have
misspelled it (e.g., `\hobx'), type `I' and the correct
spelling (e.g., `I\hbox'). Otherwise just continue,
and I'll forget about whatever was undefined.

! Undefined control sequence.
\beamer@@tmpl@enumerate item ... {blue}\shadowbox 
                                                  {\insertenumlabel )}
l.76 \end{frame}
                
The control sequence at the end of the top line
of your error message was never \def'ed. If you have
misspelled it (e.g., `\hobx'), type `I' and the correct
spelling (e.g., `I\hbox'). Otherwise just continue,
and I'll forget about whatever was undefined.



[29

]

[30

]
\openout4 = `main.vrb'.

 (./main.vrb (./_minted/435F8E60A39EF8059EB60B0A5BBAB03F.highlight.minted))

[31

]
! Undefined control sequence.
\beamer@@tmpl@enumerate item ... {blue}\shadowbox 
                                                  {\insertenumlabel )}
l.113 \end{frame}
                 
The control sequence at the end of the top line
of your error message was never \def'ed. If you have
misspelled it (e.g., `\hobx'), type `I' and the correct
spelling (e.g., `I\hbox'). Otherwise just continue,
and I'll forget about whatever was undefined.

! Undefined control sequence.
\beamer@@tmpl@enumerate item ... {blue}\shadowbox 
                                                  {\insertenumlabel )}
l.113 \end{frame}
                 
The control sequence at the end of the top line
of your error message was never \def'ed. If you have
misspelled it (e.g., `\hobx'), type `I' and the correct
spelling (e.g., `I\hbox'). Otherwise just continue,
and I'll forget about whatever was undefined.

! Undefined control sequence.
\beamer@@tmpl@enumerate item ... {blue}\shadowbox 
                                                  {\insertenumlabel )}
l.113 \end{frame}
                 
The control sequence at the end of the top line
of your error message was never \def'ed. If you have
misspelled it (e.g., `\hobx'), type `I' and the correct
spelling (e.g., `I\hbox'). Otherwise just continue,
and I'll forget about whatever was undefined.



[32

]
! Undefined control sequence.
\beamer@@tmpl@enumerate item ... {blue}\shadowbox 
                                                  {\insertenumlabel )}
l.113 \end{frame}
                 
The control sequence at the end of the top line
of your error message was never \def'ed. If you have
misspelled it (e.g., `\hobx'), type `I' and the correct
spelling (e.g., `I\hbox'). Otherwise just continue,
and I'll forget about whatever was undefined.

! Undefined control sequence.
\beamer@@tmpl@enumerate item ... {blue}\shadowbox 
                                                  {\insertenumlabel )}
l.113 \end{frame}
                 
The control sequence at the end of the top line
of your error message was never \def'ed. If you have
misspelled it (e.g., `\hobx'), type `I' and the correct
spelling (e.g., `I\hbox'). Otherwise just continue,
and I'll forget about whatever was undefined.

! Undefined control sequence.
\beamer@@tmpl@enumerate item ... {blue}\shadowbox 
                                                  {\insertenumlabel )}
l.113 \end{frame}
                 
The control sequence at the end of the top line
of your error message was never \def'ed. If you have
misspelled it (e.g., `\hobx'), type `I' and the correct
spelling (e.g., `I\hbox'). Otherwise just continue,
and I'll forget about whatever was undefined.



[33

]
! Undefined control sequence.
\beamer@@tmpl@enumerate item ... {blue}\shadowbox 
                                                  {\insertenumlabel )}
l.113 \end{frame}
                 
The control sequence at the end of the top line
of your error message was never \def'ed. If you have
misspelled it (e.g., `\hobx'), type `I' and the correct
spelling (e.g., `I\hbox'). Otherwise just continue,
and I'll forget about whatever was undefined.

! Undefined control sequence.
\beamer@@tmpl@enumerate item ... {blue}\shadowbox 
                                                  {\insertenumlabel )}
l.113 \end{frame}
                 
The control sequence at the end of the top line
of your error message was never \def'ed. If you have
misspelled it (e.g., `\hobx'), type `I' and the correct
spelling (e.g., `I\hbox'). Otherwise just continue,
and I'll forget about whatever was undefined.

! Undefined control sequence.
\beamer@@tmpl@enumerate item ... {blue}\shadowbox 
                                                  {\insertenumlabel )}
l.113 \end{frame}
                 
The control sequence at the end of the top line
of your error message was never \def'ed. If you have
misspelled it (e.g., `\hobx'), type `I' and the correct
spelling (e.g., `I\hbox'). Otherwise just continue,
and I'll forget about whatever was undefined.



[34

]
! Undefined control sequence.
\beamer@@tmpl@enumerate item ... {blue}\shadowbox 
                                                  {\insertenumlabel )}
l.113 \end{frame}
                 
The control sequence at the end of the top line
of your error message was never \def'ed. If you have
misspelled it (e.g., `\hobx'), type `I' and the correct
spelling (e.g., `I\hbox'). Otherwise just continue,
and I'll forget about whatever was undefined.

! Undefined control sequence.
\beamer@@tmpl@enumerate item ... {blue}\shadowbox 
                                                  {\insertenumlabel )}
l.113 \end{frame}
                 
The control sequence at the end of the top line
of your error message was never \def'ed. If you have
misspelled it (e.g., `\hobx'), type `I' and the correct
spelling (e.g., `I\hbox'). Otherwise just continue,
and I'll forget about whatever was undefined.

! Undefined control sequence.
\beamer@@tmpl@enumerate item ... {blue}\shadowbox 
                                                  {\insertenumlabel )}
l.113 \end{frame}
                 
The control sequence at the end of the top line
of your error message was never \def'ed. If you have
misspelled it (e.g., `\hobx'), type `I' and the correct
spelling (e.g., `I\hbox'). Otherwise just continue,
and I'll forget about whatever was undefined.



[35

]
! Undefined control sequence.
\beamer@@tmpl@enumerate item ... {blue}\shadowbox 
                                                  {\insertenumlabel )}
l.124 \end{frame}
                 
The control sequence at the end of the top line
of your error message was never \def'ed. If you have
misspelled it (e.g., `\hobx'), type `I' and the correct
spelling (e.g., `I\hbox'). Otherwise just continue,
and I'll forget about whatever was undefined.

! Undefined control sequence.
\beamer@@tmpl@enumerate item ... {blue}\shadowbox 
                                                  {\insertenumlabel )}
l.124 \end{frame}
                 
The control sequence at the end of the top line
of your error message was never \def'ed. If you have
misspelled it (e.g., `\hobx'), type `I' and the correct
spelling (e.g., `I\hbox'). Otherwise just continue,
and I'll forget about whatever was undefined.

! Undefined control sequence.
\beamer@@tmpl@enumerate item ... {blue}\shadowbox 
                                                  {\insertenumlabel )}
l.124 \end{frame}
                 
The control sequence at the end of the top line
of your error message was never \def'ed. If you have
misspelled it (e.g., `\hobx'), type `I' and the correct
spelling (e.g., `I\hbox'). Otherwise just continue,
and I'll forget about whatever was undefined.



[36

]
! Undefined control sequence.
\beamer@@tmpl@enumerate item ... {blue}\shadowbox 
                                                  {\insertenumlabel )}
l.124 \end{frame}
                 
The control sequence at the end of the top line
of your error message was never \def'ed. If you have
misspelled it (e.g., `\hobx'), type `I' and the correct
spelling (e.g., `I\hbox'). Otherwise just continue,
and I'll forget about whatever was undefined.

! Undefined control sequence.
\beamer@@tmpl@enumerate item ... {blue}\shadowbox 
                                                  {\insertenumlabel )}
l.124 \end{frame}
                 
The control sequence at the end of the top line
of your error message was never \def'ed. If you have
misspelled it (e.g., `\hobx'), type `I' and the correct
spelling (e.g., `I\hbox'). Otherwise just continue,
and I'll forget about whatever was undefined.

! Undefined control sequence.
\beamer@@tmpl@enumerate item ... {blue}\shadowbox 
                                                  {\insertenumlabel )}
l.124 \end{frame}
                 
The control sequence at the end of the top line
of your error message was never \def'ed. If you have
misspelled it (e.g., `\hobx'), type `I' and the correct
spelling (e.g., `I\hbox'). Otherwise just continue,
and I'll forget about whatever was undefined.



[37

]
! Undefined control sequence.
\beamer@@tmpl@enumerate item ... {blue}\shadowbox 
                                                  {\insertenumlabel )}
l.124 \end{frame}
                 
The control sequence at the end of the top line
of your error message was never \def'ed. If you have
misspelled it (e.g., `\hobx'), type `I' and the correct
spelling (e.g., `I\hbox'). Otherwise just continue,
and I'll forget about whatever was undefined.

! Undefined control sequence.
\beamer@@tmpl@enumerate item ... {blue}\shadowbox 
                                                  {\insertenumlabel )}
l.124 \end{frame}
                 
The control sequence at the end of the top line
of your error message was never \def'ed. If you have
misspelled it (e.g., `\hobx'), type `I' and the correct
spelling (e.g., `I\hbox'). Otherwise just continue,
and I'll forget about whatever was undefined.

! Undefined control sequence.
\beamer@@tmpl@enumerate item ... {blue}\shadowbox 
                                                  {\insertenumlabel )}
l.124 \end{frame}
                 
The control sequence at the end of the top line
of your error message was never \def'ed. If you have
misspelled it (e.g., `\hobx'), type `I' and the correct
spelling (e.g., `I\hbox'). Otherwise just continue,
and I'll forget about whatever was undefined.



[38

]

[39

]
! Undefined control sequence.
\beamer@@tmpl@enumerate item ... {blue}\shadowbox 
                                                  {\insertenumlabel )}
l.177 \end{frame}
                 
The control sequence at the end of the top line
of your error message was never \def'ed. If you have
misspelled it (e.g., `\hobx'), type `I' and the correct
spelling (e.g., `I\hbox'). Otherwise just continue,
and I'll forget about whatever was undefined.

! Undefined control sequence.
\beamer@@tmpl@enumerate item ... {blue}\shadowbox 
                                                  {\insertenumlabel )}
l.177 \end{frame}
                 
The control sequence at the end of the top line
of your error message was never \def'ed. If you have
misspelled it (e.g., `\hobx'), type `I' and the correct
spelling (e.g., `I\hbox'). Otherwise just continue,
and I'll forget about whatever was undefined.

! Undefined control sequence.
\beamer@@tmpl@enumerate item ... {blue}\shadowbox 
                                                  {\insertenumlabel )}
l.177 \end{frame}
                 
The control sequence at the end of the top line
of your error message was never \def'ed. If you have
misspelled it (e.g., `\hobx'), type `I' and the correct
spelling (e.g., `I\hbox'). Otherwise just continue,
and I'll forget about whatever was undefined.

! Undefined control sequence.
\beamer@@tmpl@enumerate item ... {blue}\shadowbox 
                                                  {\insertenumlabel )}
l.177 \end{frame}
                 
The control sequence at the end of the top line
of your error message was never \def'ed. If you have
misspelled it (e.g., `\hobx'), type `I' and the correct
spelling (e.g., `I\hbox'). Otherwise just continue,
and I'll forget about whatever was undefined.

! Undefined control sequence.
\beamer@@tmpl@enumerate item ... {blue}\shadowbox 
                                                  {\insertenumlabel )}
l.177 \end{frame}
                 
The control sequence at the end of the top line
of your error message was never \def'ed. If you have
misspelled it (e.g., `\hobx'), type `I' and the correct
spelling (e.g., `I\hbox'). Otherwise just continue,
and I'll forget about whatever was undefined.



[40

]
! Undefined control sequence.
\beamer@@tmpl@enumerate item ... {blue}\shadowbox 
                                                  {\insertenumlabel )}
l.177 \end{frame}
                 
The control sequence at the end of the top line
of your error message was never \def'ed. If you have
misspelled it (e.g., `\hobx'), type `I' and the correct
spelling (e.g., `I\hbox'). Otherwise just continue,
and I'll forget about whatever was undefined.

! Undefined control sequence.
\beamer@@tmpl@enumerate item ... {blue}\shadowbox 
                                                  {\insertenumlabel )}
l.177 \end{frame}
                 
The control sequence at the end of the top line
of your error message was never \def'ed. If you have
misspelled it (e.g., `\hobx'), type `I' and the correct
spelling (e.g., `I\hbox'). Otherwise just continue,
and I'll forget about whatever was undefined.

! Undefined control sequence.
\beamer@@tmpl@enumerate item ... {blue}\shadowbox 
                                                  {\insertenumlabel )}
l.177 \end{frame}
                 
The control sequence at the end of the top line
of your error message was never \def'ed. If you have
misspelled it (e.g., `\hobx'), type `I' and the correct
spelling (e.g., `I\hbox'). Otherwise just continue,
and I'll forget about whatever was undefined.

! Undefined control sequence.
\beamer@@tmpl@enumerate item ... {blue}\shadowbox 
                                                  {\insertenumlabel )}
l.177 \end{frame}
                 
The control sequence at the end of the top line
of your error message was never \def'ed. If you have
misspelled it (e.g., `\hobx'), type `I' and the correct
spelling (e.g., `I\hbox'). Otherwise just continue,
and I'll forget about whatever was undefined.

! Undefined control sequence.
\beamer@@tmpl@enumerate item ... {blue}\shadowbox 
                                                  {\insertenumlabel )}
l.177 \end{frame}
                 
The control sequence at the end of the top line
of your error message was never \def'ed. If you have
misspelled it (e.g., `\hobx'), type `I' and the correct
spelling (e.g., `I\hbox'). Otherwise just continue,
and I'll forget about whatever was undefined.



[41

]
! Undefined control sequence.
\beamer@@tmpl@enumerate item ... {blue}\shadowbox 
                                                  {\insertenumlabel )}
l.177 \end{frame}
                 
The control sequence at the end of the top line
of your error message was never \def'ed. If you have
misspelled it (e.g., `\hobx'), type `I' and the correct
spelling (e.g., `I\hbox'). Otherwise just continue,
and I'll forget about whatever was undefined.

! Undefined control sequence.
\beamer@@tmpl@enumerate item ... {blue}\shadowbox 
                                                  {\insertenumlabel )}
l.177 \end{frame}
                 
The control sequence at the end of the top line
of your error message was never \def'ed. If you have
misspelled it (e.g., `\hobx'), type `I' and the correct
spelling (e.g., `I\hbox'). Otherwise just continue,
and I'll forget about whatever was undefined.

! Undefined control sequence.
\beamer@@tmpl@enumerate item ... {blue}\shadowbox 
                                                  {\insertenumlabel )}
l.177 \end{frame}
                 
The control sequence at the end of the top line
of your error message was never \def'ed. If you have
misspelled it (e.g., `\hobx'), type `I' and the correct
spelling (e.g., `I\hbox'). Otherwise just continue,
and I'll forget about whatever was undefined.

! Undefined control sequence.
\beamer@@tmpl@enumerate item ... {blue}\shadowbox 
                                                  {\insertenumlabel )}
l.177 \end{frame}
                 
The control sequence at the end of the top line
of your error message was never \def'ed. If you have
misspelled it (e.g., `\hobx'), type `I' and the correct
spelling (e.g., `I\hbox'). Otherwise just continue,
and I'll forget about whatever was undefined.

! Undefined control sequence.
\beamer@@tmpl@enumerate item ... {blue}\shadowbox 
                                                  {\insertenumlabel )}
l.177 \end{frame}
                 
The control sequence at the end of the top line
of your error message was never \def'ed. If you have
misspelled it (e.g., `\hobx'), type `I' and the correct
spelling (e.g., `I\hbox'). Otherwise just continue,
and I'll forget about whatever was undefined.



[42

]
! Undefined control sequence.
\beamer@@tmpl@enumerate item ... {blue}\shadowbox 
                                                  {\insertenumlabel )}
l.177 \end{frame}
                 
The control sequence at the end of the top line
of your error message was never \def'ed. If you have
misspelled it (e.g., `\hobx'), type `I' and the correct
spelling (e.g., `I\hbox'). Otherwise just continue,
and I'll forget about whatever was undefined.

! Undefined control sequence.
\beamer@@tmpl@enumerate item ... {blue}\shadowbox 
                                                  {\insertenumlabel )}
l.177 \end{frame}
                 
The control sequence at the end of the top line
of your error message was never \def'ed. If you have
misspelled it (e.g., `\hobx'), type `I' and the correct
spelling (e.g., `I\hbox'). Otherwise just continue,
and I'll forget about whatever was undefined.

! Undefined control sequence.
\beamer@@tmpl@enumerate item ... {blue}\shadowbox 
                                                  {\insertenumlabel )}
l.177 \end{frame}
                 
The control sequence at the end of the top line
of your error message was never \def'ed. If you have
misspelled it (e.g., `\hobx'), type `I' and the correct
spelling (e.g., `I\hbox'). Otherwise just continue,
and I'll forget about whatever was undefined.

! Undefined control sequence.
\beamer@@tmpl@enumerate item ... {blue}\shadowbox 
                                                  {\insertenumlabel )}
l.177 \end{frame}
                 
The control sequence at the end of the top line
of your error message was never \def'ed. If you have
misspelled it (e.g., `\hobx'), type `I' and the correct
spelling (e.g., `I\hbox'). Otherwise just continue,
and I'll forget about whatever was undefined.

! Undefined control sequence.
\beamer@@tmpl@enumerate item ... {blue}\shadowbox 
                                                  {\insertenumlabel )}
l.177 \end{frame}
                 
The control sequence at the end of the top line
of your error message was never \def'ed. If you have
misspelled it (e.g., `\hobx'), type `I' and the correct
spelling (e.g., `I\hbox'). Otherwise just continue,
and I'll forget about whatever was undefined.



[43

]
! Undefined control sequence.
\beamer@@tmpl@enumerate item ... {blue}\shadowbox 
                                                  {\insertenumlabel )}
l.177 \end{frame}
                 
The control sequence at the end of the top line
of your error message was never \def'ed. If you have
misspelled it (e.g., `\hobx'), type `I' and the correct
spelling (e.g., `I\hbox'). Otherwise just continue,
and I'll forget about whatever was undefined.

! Undefined control sequence.
\beamer@@tmpl@enumerate item ... {blue}\shadowbox 
                                                  {\insertenumlabel )}
l.177 \end{frame}
                 
The control sequence at the end of the top line
of your error message was never \def'ed. If you have
misspelled it (e.g., `\hobx'), type `I' and the correct
spelling (e.g., `I\hbox'). Otherwise just continue,
and I'll forget about whatever was undefined.

! Undefined control sequence.
\beamer@@tmpl@enumerate item ... {blue}\shadowbox 
                                                  {\insertenumlabel )}
l.177 \end{frame}
                 
The control sequence at the end of the top line
of your error message was never \def'ed. If you have
misspelled it (e.g., `\hobx'), type `I' and the correct
spelling (e.g., `I\hbox'). Otherwise just continue,
and I'll forget about whatever was undefined.

! Undefined control sequence.
\beamer@@tmpl@enumerate item ... {blue}\shadowbox 
                                                  {\insertenumlabel )}
l.177 \end{frame}
                 
The control sequence at the end of the top line
of your error message was never \def'ed. If you have
misspelled it (e.g., `\hobx'), type `I' and the correct
spelling (e.g., `I\hbox'). Otherwise just continue,
and I'll forget about whatever was undefined.

! Undefined control sequence.
\beamer@@tmpl@enumerate item ... {blue}\shadowbox 
                                                  {\insertenumlabel )}
l.177 \end{frame}
                 
The control sequence at the end of the top line
of your error message was never \def'ed. If you have
misspelled it (e.g., `\hobx'), type `I' and the correct
spelling (e.g., `I\hbox'). Otherwise just continue,
and I'll forget about whatever was undefined.



[44

]
! Undefined control sequence.
\beamer@@tmpl@enumerate item ... {blue}\shadowbox 
                                                  {\insertenumlabel )}
l.177 \end{frame}
                 
The control sequence at the end of the top line
of your error message was never \def'ed. If you have
misspelled it (e.g., `\hobx'), type `I' and the correct
spelling (e.g., `I\hbox'). Otherwise just continue,
and I'll forget about whatever was undefined.

! Undefined control sequence.
\beamer@@tmpl@enumerate item ... {blue}\shadowbox 
                                                  {\insertenumlabel )}
l.177 \end{frame}
                 
The control sequence at the end of the top line
of your error message was never \def'ed. If you have
misspelled it (e.g., `\hobx'), type `I' and the correct
spelling (e.g., `I\hbox'). Otherwise just continue,
and I'll forget about whatever was undefined.

! Undefined control sequence.
\beamer@@tmpl@enumerate item ... {blue}\shadowbox 
                                                  {\insertenumlabel )}
l.177 \end{frame}
                 
The control sequence at the end of the top line
of your error message was never \def'ed. If you have
misspelled it (e.g., `\hobx'), type `I' and the correct
spelling (e.g., `I\hbox'). Otherwise just continue,
and I'll forget about whatever was undefined.

! Undefined control sequence.
\beamer@@tmpl@enumerate item ... {blue}\shadowbox 
                                                  {\insertenumlabel )}
l.177 \end{frame}
                 
The control sequence at the end of the top line
of your error message was never \def'ed. If you have
misspelled it (e.g., `\hobx'), type `I' and the correct
spelling (e.g., `I\hbox'). Otherwise just continue,
and I'll forget about whatever was undefined.

! Undefined control sequence.
\beamer@@tmpl@enumerate item ... {blue}\shadowbox 
                                                  {\insertenumlabel )}
l.177 \end{frame}
                 
The control sequence at the end of the top line
of your error message was never \def'ed. If you have
misspelled it (e.g., `\hobx'), type `I' and the correct
spelling (e.g., `I\hbox'). Otherwise just continue,
and I'll forget about whatever was undefined.



[45

]

[46

]

[47

]

[48

]

[49

]

[50

]
<figures/filme_1.jpg, id=1740, 903.375pt x 1204.5pt>
File: figures/filme_1.jpg Graphic file (type jpg)
<use figures/filme_1.jpg>
Package pdftex.def Info: figures/filme_1.jpg  used on input line 240.
(pdftex.def)             Requested size: 122.91406pt x 163.86864pt.


[51

 <./figures/filme_1.jpg>]

[52

{/usr/share/texmf-dist/fonts/enc/dvips/cm-super/cm-super-ts1.enc}]

[53

]

[54

]

[55

]

[56

]
<figures/classificacao_variaveis.png, id=1944, 478.78876pt x 512.66531pt>
File: figures/classificacao_variaveis.png Graphic file (type png)
<use figures/classificacao_variaveis.png>
Package pdftex.def Info: figures/classificacao_variaveis.png  used on input line 279.
(pdftex.def)             Requested size: 153.64493pt x 164.51778pt.


[57

 <./figures/classificacao_variaveis.png>]

[58

]
Overfull \vbox (30.2423pt too high) detected at line 325
 []



[59

]
Overfull \vbox (30.2423pt too high) detected at line 325
 []



[60

]
Overfull \vbox (30.2423pt too high) detected at line 325
 []



[61

]

[62

]

[63

]

[64

]

[65

]
\openout4 = `main.vrb'.

 (./main.vrb (./_minted/325769A2BBC6BF88A63E035B5DBC82E1.highlight.minted))

[66

] (./main.vrb (./_minted/325769A2BBC6BF88A63E035B5DBC82E1.highlight.minted))

[67

]
\openout4 = `main.vrb'.

 (./main.vrb (./_minted/E2A03DDAB4462CC6DD80BCBA218F5065.highlight.minted))

[68

] (./main.vrb (./_minted/E2A03DDAB4462CC6DD80BCBA218F5065.highlight.minted))

[69

]

! LaTeX Error: Unicode character ẽ (U+1EBD)
               not set up for use with LaTeX.

See the LaTeX manual or LaTeX Companion for explanation.
Type  H <return>  for immediate help.
 ...                                              
                                                  
l.422 \end{frame}
                 
You may provide a definition with
\DeclareUnicodeCharacter 



[70

]
\openout4 = `main.vrb'.

 (./main.vrb (./_minted/9023F1A091CBFF230FCC768C9ACAA285.highlight.minted))

[71

]

[72

]

[73

]

[74

]

[75

]

[76

]

[77

]

[78

]

[79

]

[80

]
\openout4 = `main.vrb'.

 (./main.vrb (./_minted/2EF63AB0997E4206A0E24B2F7C61148D.highlight.minted))

[81

]
\openout4 = `main.vrb'.

 (./main.vrb (./_minted/8E653AC85C6F54075D9CAD1A241012C4.highlight.minted))

[82

]
<figures/grafico_dispersao.png, id=2877, 651.93562pt x 429.10312pt>
File: figures/grafico_dispersao.png Graphic file (type png)
<use figures/grafico_dispersao.png>
Package pdftex.def Info: figures/grafico_dispersao.png  used on input line 569.
(pdftex.def)             Requested size: 245.83282pt x 161.80374pt.


[83

 <./figures/grafico_dispersao.png (PNG copy)>]

[84

]
\openout4 = `main.vrb'.

 (./main.vrb (./_minted/AAFACC46AFEDC55AE1562E8ACC14B588.highlight.minted))

[85

]
<figures/grafico_pizza.png, id=2995, 651.93562pt x 429.10312pt>
File: figures/grafico_pizza.png Graphic file (type png)
<use figures/grafico_pizza.png>
Package pdftex.def Info: figures/grafico_pizza.png  used on input line 603.
(pdftex.def)             Requested size: 245.83282pt x 161.80374pt.


[86

 <./figures/grafico_pizza.png (PNG copy)>]

[87

]

[88

]
\openout4 = `main.vrb'.

 (./main.vrb (./_minted/EA66CD252B37D8B83B57EC77B59EF2A3.highlight.minted))

[89

]
<figures/grafico_barras.png, id=3142, 651.93562pt x 429.10312pt>
File: figures/grafico_barras.png Graphic file (type png)
<use figures/grafico_barras.png>
Package pdftex.def Info: figures/grafico_barras.png  used on input line 651.
(pdftex.def)             Requested size: 215.10196pt x 141.57826pt.

Overfull \vbox (37.47604pt too high) detected at line 651
 []



[90

 <./figures/grafico_barras.png (PNG copy)>]
File: figures/grafico_barras.png Graphic file (type png)
<use figures/grafico_barras.png>
Package pdftex.def Info: figures/grafico_barras.png  used on input line 651.
(pdftex.def)             Requested size: 215.10196pt x 141.57826pt.

Overfull \vbox (37.47604pt too high) detected at line 651
 []



[91

]
File: figures/grafico_barras.png Graphic file (type png)
<use figures/grafico_barras.png>
Package pdftex.def Info: figures/grafico_barras.png  used on input line 651.
(pdftex.def)             Requested size: 215.10196pt x 141.57826pt.

Overfull \vbox (37.47604pt too high) detected at line 651
 []



[92

]

[93

]

[94

]
\openout4 = `main.vrb'.

 (./main.vrb (./_minted/850199B3086BEDEBBB36A73A291FC896.highlight.minted))

[95

]
<figures/grafico_histograma.png, id=3347, 651.93562pt x 429.10312pt>
File: figures/grafico_histograma.png Graphic file (type png)
<use figures/grafico_histograma.png>
Package pdftex.def Info: figures/grafico_histograma.png  used on input line 694.
(pdftex.def)             Requested size: 245.83282pt x 161.80374pt.

Overfull \vbox (14.55707pt too high) detected at line 694
 []



[96

 <./figures/grafico_histograma.png (PNG copy)>]
File: figures/grafico_histograma.png Graphic file (type png)
<use figures/grafico_histograma.png>
Package pdftex.def Info: figures/grafico_histograma.png  used on input line 694.
(pdftex.def)             Requested size: 245.83282pt x 161.80374pt.

Overfull \vbox (14.55707pt too high) detected at line 694
 []



[97

]
File: figures/grafico_histograma.png Graphic file (type png)
<use figures/grafico_histograma.png>
Package pdftex.def Info: figures/grafico_histograma.png  used on input line 694.
(pdftex.def)             Requested size: 245.83282pt x 161.80374pt.

Overfull \vbox (14.55707pt too high) detected at line 694
 []



[98

]
File: figures/grafico_histograma.png Graphic file (type png)
<use figures/grafico_histograma.png>
Package pdftex.def Info: figures/grafico_histograma.png  used on input line 694.
(pdftex.def)             Requested size: 245.83282pt x 161.80374pt.

Overfull \vbox (14.55707pt too high) detected at line 694
 []



[99

]

[100

]

[101

]
\openout4 = `main.vrb'.

 (./main.vrb (./_minted/3B57345C2B3B7E6001EE8C0616473FCD.highlight.minted
LaTeX Font Info:    Font shape `OT1/cmtt/bx/n' in size <10.95> not available
(Font)              Font shape `OT1/cmtt/m/n' tried instead on input line 11.
))

[102

]

[103

]

[104

]
<figures/grafico_boxplot.png, id=3643, 651.93562pt x 429.10312pt>
File: figures/grafico_boxplot.png Graphic file (type png)
<use figures/grafico_boxplot.png>
Package pdftex.def Info: figures/grafico_boxplot.png  used on input line 743.
(pdftex.def)             Requested size: 245.83282pt x 161.80374pt.


[105

 <./figures/grafico_boxplot.png (PNG copy)>]
File: figures/grafico_boxplot.png Graphic file (type png)
<use figures/grafico_boxplot.png>
Package pdftex.def Info: figures/grafico_boxplot.png  used on input line 743.
(pdftex.def)             Requested size: 245.83282pt x 161.80374pt.


[106

]
<figures/lie_1.png, id=3706, 630.355pt x 472.76625pt>
File: figures/lie_1.png Graphic file (type png)
<use figures/lie_1.png>
Package pdftex.def Info: figures/lie_1.png  used on input line 823.
(pdftex.def)             Requested size: 245.83282pt x 184.37088pt.


[107

 <./figures/lie_1.png>]
<figures/lie_2.jpeg, id=3742, 240.9pt x 179.7114pt>
File: figures/lie_2.jpeg Graphic file (type jpg)
<use figures/lie_2.jpeg>
Package pdftex.def Info: figures/lie_2.jpeg  used on input line 830.
(pdftex.def)             Requested size: 245.83282pt x 183.39641pt.


[108

 <./figures/lie_2.jpeg>]
<figures/lie_4.jpg, id=3776, 621.32124pt x 358.33875pt>
File: figures/lie_4.jpg Graphic file (type jpg)
<use figures/lie_4.jpg>
Package pdftex.def Info: figures/lie_4.jpg  used on input line 838.
(pdftex.def)             Requested size: 245.83282pt x 141.7801pt.


[109

 <./figures/lie_4.jpg>]
<figures/lie_5.jpg, id=3811, 627.34375pt x 836.12375pt>
File: figures/lie_5.jpg Graphic file (type jpg)
<use figures/lie_5.jpg>
Package pdftex.def Info: figures/lie_5.jpg  used on input line 845.
(pdftex.def)             Requested size: 153.64493pt x 204.78194pt.


[110

 <./figures/lie_5.jpg>]
<figures/lie_6.png, id=3846, 629.35126pt x 530.73282pt>
File: figures/lie_6.png Graphic file (type png)
<use figures/lie_6.png>
Package pdftex.def Info: figures/lie_6.png  used on input line 852.
(pdftex.def)             Requested size: 245.83282pt x 207.3089pt.

Overfull \vbox (2.53304pt too high) detected at line 852
 []



[111

 <./figures/lie_6.png (PNG copy)>]
<figures/lie_7.jpeg, id=3880, 1027.84pt x 1541.76pt>
File: figures/lie_7.jpeg Graphic file (type jpg)
<use figures/lie_7.jpeg>
Package pdftex.def Info: figures/lie_7.jpeg  used on input line 860.
(pdftex.def)             Requested size: 92.1879pt x 138.2819pt.


[112

 <./figures/lie_7.jpeg>]

[113

]

[114

]
Overfull \hbox (24.46024pt too wide) detected at line 887
[] \OT1/cmss/m/n/9 = [] = 1\OML/cmm/m/it/9 ; \OT1/cmss/m/n/9 76
 []



[115

]
\openout4 = `main.vrb'.

 (./main.vrb (./_minted/333BB09DA37F5E86A3187960461AF0EB.highlight.minted))

[116

]

[117

]

[118

]

[119

]

[120

]

[121

]

[122

]
Overfull \vbox (19.12634pt too high) detected at line 960
 []



[123

]
Overfull \vbox (19.12634pt too high) detected at line 960
 []



[124

]

[125

]
\openout4 = `main.vrb'.

 (./main.vrb (./_minted/27E572680425F44354B9AFC95EC8911C.highlight.minted))

[126

]

[127

]

[128

]

[129

]

[130

]

[131

]

[132

]

[133

]

[134

]

[135

]

[136

]

[137

]

[138

]

[139

]

[140

]
\openout4 = `main.vrb'.

 (./main.vrb (./_minted/B0257D2943E6B28085000B8B02DA5C9E.highlight.minted))

[141

]
<figures/boxplot.png, id=4892, 538.6524pt x 391.9443pt>
File: figures/boxplot.png Graphic file (type png)
<use figures/boxplot.png>
Package pdftex.def Info: figures/boxplot.png  used on input line 1075.
(pdftex.def)             Requested size: 184.3758pt x 134.15639pt.


[142

 <./figures/boxplot.png>]
\openout4 = `main.vrb'.

 (./main.vrb (./_minted/0CDCC2D59BA5EF0DCA20D906FA7E6295.highlight.minted))

[143

]

[144

]
Overfull \hbox (3.89348pt too wide) detected at line 1107
\OT1/mathkerncmss/m/sl/10.95 salarios[] \OT1/cmss/m/n/10.95 = 2\OML/cmm/m/it/10.95 :\OT1/cmss/m/n/10.95 000\OML/cmm/m/it/10.95 ; \OT1/cmss/m/n/10.95 00; 3\OML/cmm/m/it/10.95 :\OT1/cmss/m/n/10.95 500\OML/cmm/m/it/10.95 ; \OT1/cmss/m/n/10.95 00; 70\OML/cmm/m/it/10.95 :\OT1/cmss/m/n/10.95 900\OML/cmm/m/it/10.95 ; \OT1/cmss/m/n/10.95 00; 3\OML/cmm/m/it/10.95 :\OT1/cmss/m/n/10.95 100\OML/cmm/m/it/10.95 ; \OT1/cmss/m/n/10.95 00; 32\OML/cmm/m/it/10.95 :\OT1/cmss/m/n/10.95 000\OML/cmm/m/it/10.95 ; \OT1/cmss/m/n/10.95 00
 []



[145

]

[146

]

[147

]

[148

]

[149

]

[150

]

[151

]

[152

]

[153

]

[154

]

[155

]

[156

]
\openout4 = `main.vrb'.

 (./main.vrb (./_minted/B2928DF925C51012EB7AE565DB9A71AF.highlight.minted))

[157

]

[158

]

[159

]

[160

]

[161

]

[162

]

[163

]

[164

]

[165

]
! Undefined control sequence.
\beamer@doifinframe ...ular}{lccccccccc} \toprule 
                                                  Aluno & 1 & 2 & 3 & 4 & 5 ...
l.1249 \end{frame}
                  
The control sequence at the end of the top line
of your error message was never \def'ed. If you have
misspelled it (e.g., `\hobx'), type `I' and the correct
spelling (e.g., `I\hbox'). Otherwise just continue,
and I'll forget about whatever was undefined.

! Undefined control sequence.
<recently read> \midrule 
                         
l.1249 \end{frame}
                  
The control sequence at the end of the top line
of your error message was never \def'ed. If you have
misspelled it (e.g., `\hobx'), type `I' and the correct
spelling (e.g., `I\hbox'). Otherwise just continue,
and I'll forget about whatever was undefined.

! Undefined control sequence.
<recently read> \bottomrule 
                            
l.1249 \end{frame}
                  
The control sequence at the end of the top line
of your error message was never \def'ed. If you have
misspelled it (e.g., `\hobx'), type `I' and the correct
spelling (e.g., `I\hbox'). Otherwise just continue,
and I'll forget about whatever was undefined.



[166

]
! Undefined control sequence.
\beamer@doifinframe ...ular}{lccccccccc} \toprule 
                                                  Aluno & 1 & 2 & 3 & 4 & 5 ...
l.1249 \end{frame}
                  
The control sequence at the end of the top line
of your error message was never \def'ed. If you have
misspelled it (e.g., `\hobx'), type `I' and the correct
spelling (e.g., `I\hbox'). Otherwise just continue,
and I'll forget about whatever was undefined.

! Undefined control sequence.
<recently read> \midrule 
                         
l.1249 \end{frame}
                  
The control sequence at the end of the top line
of your error message was never \def'ed. If you have
misspelled it (e.g., `\hobx'), type `I' and the correct
spelling (e.g., `I\hbox'). Otherwise just continue,
and I'll forget about whatever was undefined.

! Undefined control sequence.
<recently read> \bottomrule 
                            
l.1249 \end{frame}
                  
The control sequence at the end of the top line
of your error message was never \def'ed. If you have
misspelled it (e.g., `\hobx'), type `I' and the correct
spelling (e.g., `I\hbox'). Otherwise just continue,
and I'll forget about whatever was undefined.



[167

]
! Undefined control sequence.
\beamer@doifinframe ...ular}{lccccccccc} \toprule 
                                                  Aluno & 1 & 2 & 3 & 4 & 5 ...
l.1273 \end{frame}
                  
The control sequence at the end of the top line
of your error message was never \def'ed. If you have
misspelled it (e.g., `\hobx'), type `I' and the correct
spelling (e.g., `I\hbox'). Otherwise just continue,
and I'll forget about whatever was undefined.

! Undefined control sequence.
<recently read> \midrule 
                         
l.1273 \end{frame}
                  
The control sequence at the end of the top line
of your error message was never \def'ed. If you have
misspelled it (e.g., `\hobx'), type `I' and the correct
spelling (e.g., `I\hbox'). Otherwise just continue,
and I'll forget about whatever was undefined.

! Undefined control sequence.
<recently read> \bottomrule 
                            
l.1273 \end{frame}
                  
The control sequence at the end of the top line
of your error message was never \def'ed. If you have
misspelled it (e.g., `\hobx'), type `I' and the correct
spelling (e.g., `I\hbox'). Otherwise just continue,
and I'll forget about whatever was undefined.



[168

]
! Undefined control sequence.
\beamer@doifinframe ...ular}{lccccccccc} \toprule 
                                                  Aluno & 1 & 2 & 3 & 4 & 5 ...
l.1273 \end{frame}
                  
The control sequence at the end of the top line
of your error message was never \def'ed. If you have
misspelled it (e.g., `\hobx'), type `I' and the correct
spelling (e.g., `I\hbox'). Otherwise just continue,
and I'll forget about whatever was undefined.

! Undefined control sequence.
<recently read> \midrule 
                         
l.1273 \end{frame}
                  
The control sequence at the end of the top line
of your error message was never \def'ed. If you have
misspelled it (e.g., `\hobx'), type `I' and the correct
spelling (e.g., `I\hbox'). Otherwise just continue,
and I'll forget about whatever was undefined.

! Undefined control sequence.
<recently read> \bottomrule 
                            
l.1273 \end{frame}
                  
The control sequence at the end of the top line
of your error message was never \def'ed. If you have
misspelled it (e.g., `\hobx'), type `I' and the correct
spelling (e.g., `I\hbox'). Otherwise just continue,
and I'll forget about whatever was undefined.



[169

]
! Undefined control sequence.
\beamer@doifinframe ...ular}{lccccccccc} \toprule 
                                                  Aluno & 1 & 2 & 3 & 4 & 5 ...
l.1273 \end{frame}
                  
The control sequence at the end of the top line
of your error message was never \def'ed. If you have
misspelled it (e.g., `\hobx'), type `I' and the correct
spelling (e.g., `I\hbox'). Otherwise just continue,
and I'll forget about whatever was undefined.

! Undefined control sequence.
<recently read> \midrule 
                         
l.1273 \end{frame}
                  
The control sequence at the end of the top line
of your error message was never \def'ed. If you have
misspelled it (e.g., `\hobx'), type `I' and the correct
spelling (e.g., `I\hbox'). Otherwise just continue,
and I'll forget about whatever was undefined.

! Undefined control sequence.
<recently read> \bottomrule 
                            
l.1273 \end{frame}
                  
The control sequence at the end of the top line
of your error message was never \def'ed. If you have
misspelled it (e.g., `\hobx'), type `I' and the correct
spelling (e.g., `I\hbox'). Otherwise just continue,
and I'll forget about whatever was undefined.



[170

]
! Undefined control sequence.
\beamer@doifinframe ...ular}{lccccccccc} \toprule 
                                                  Aluno & 1 & 2 & 3 & 4 & 5 ...
l.1273 \end{frame}
                  
The control sequence at the end of the top line
of your error message was never \def'ed. If you have
misspelled it (e.g., `\hobx'), type `I' and the correct
spelling (e.g., `I\hbox'). Otherwise just continue,
and I'll forget about whatever was undefined.

! Undefined control sequence.
<recently read> \midrule 
                         
l.1273 \end{frame}
                  
The control sequence at the end of the top line
of your error message was never \def'ed. If you have
misspelled it (e.g., `\hobx'), type `I' and the correct
spelling (e.g., `I\hbox'). Otherwise just continue,
and I'll forget about whatever was undefined.

! Undefined control sequence.
<recently read> \bottomrule 
                            
l.1273 \end{frame}
                  
The control sequence at the end of the top line
of your error message was never \def'ed. If you have
misspelled it (e.g., `\hobx'), type `I' and the correct
spelling (e.g., `I\hbox'). Otherwise just continue,
and I'll forget about whatever was undefined.



[171

]

[172

]

[173

]

[174

]

[175

]
! Undefined control sequence.
\beamer@doifinframe ...ular}{lccccccccc} \toprule 
                                                  Aluno & 1 & 2 & 3 & 4 & 5 ...
l.1319 \end{frame}
                  
The control sequence at the end of the top line
of your error message was never \def'ed. If you have
misspelled it (e.g., `\hobx'), type `I' and the correct
spelling (e.g., `I\hbox'). Otherwise just continue,
and I'll forget about whatever was undefined.

! Undefined control sequence.
<recently read> \midrule 
                         
l.1319 \end{frame}
                  
The control sequence at the end of the top line
of your error message was never \def'ed. If you have
misspelled it (e.g., `\hobx'), type `I' and the correct
spelling (e.g., `I\hbox'). Otherwise just continue,
and I'll forget about whatever was undefined.

! Undefined control sequence.
<recently read> \bottomrule 
                            
l.1319 \end{frame}
                  
The control sequence at the end of the top line
of your error message was never \def'ed. If you have
misspelled it (e.g., `\hobx'), type `I' and the correct
spelling (e.g., `I\hbox'). Otherwise just continue,
and I'll forget about whatever was undefined.



[176

]
! Undefined control sequence.
\beamer@doifinframe ...ular}{lccccccccc} \toprule 
                                                  Aluno & 1 & 2 & 3 & 4 & 5 ...
l.1319 \end{frame}
                  
The control sequence at the end of the top line
of your error message was never \def'ed. If you have
misspelled it (e.g., `\hobx'), type `I' and the correct
spelling (e.g., `I\hbox'). Otherwise just continue,
and I'll forget about whatever was undefined.

! Undefined control sequence.
<recently read> \midrule 
                         
l.1319 \end{frame}
                  
The control sequence at the end of the top line
of your error message was never \def'ed. If you have
misspelled it (e.g., `\hobx'), type `I' and the correct
spelling (e.g., `I\hbox'). Otherwise just continue,
and I'll forget about whatever was undefined.

! Undefined control sequence.
<recently read> \bottomrule 
                            
l.1319 \end{frame}
                  
The control sequence at the end of the top line
of your error message was never \def'ed. If you have
misspelled it (e.g., `\hobx'), type `I' and the correct
spelling (e.g., `I\hbox'). Otherwise just continue,
and I'll forget about whatever was undefined.



[177

]
! Undefined control sequence.
\beamer@doifinframe ...ular}{lccccccccc} \toprule 
                                                  Aluno & 1 & 2 & 3 & 4 & 5 ...
l.1319 \end{frame}
                  
The control sequence at the end of the top line
of your error message was never \def'ed. If you have
misspelled it (e.g., `\hobx'), type `I' and the correct
spelling (e.g., `I\hbox'). Otherwise just continue,
and I'll forget about whatever was undefined.

! Undefined control sequence.
<recently read> \midrule 
                         
l.1319 \end{frame}
                  
The control sequence at the end of the top line
of your error message was never \def'ed. If you have
misspelled it (e.g., `\hobx'), type `I' and the correct
spelling (e.g., `I\hbox'). Otherwise just continue,
and I'll forget about whatever was undefined.

! Undefined control sequence.
<recently read> \bottomrule 
                            
l.1319 \end{frame}
                  
The control sequence at the end of the top line
of your error message was never \def'ed. If you have
misspelled it (e.g., `\hobx'), type `I' and the correct
spelling (e.g., `I\hbox'). Otherwise just continue,
and I'll forget about whatever was undefined.



[178

]
! Undefined control sequence.
\beamer@doifinframe ...ular}{lccccccccc} \toprule 
                                                  Aluno & 1 & 2 & 3 & 4 & 5 ...
l.1319 \end{frame}
                  
The control sequence at the end of the top line
of your error message was never \def'ed. If you have
misspelled it (e.g., `\hobx'), type `I' and the correct
spelling (e.g., `I\hbox'). Otherwise just continue,
and I'll forget about whatever was undefined.

! Undefined control sequence.
<recently read> \midrule 
                         
l.1319 \end{frame}
                  
The control sequence at the end of the top line
of your error message was never \def'ed. If you have
misspelled it (e.g., `\hobx'), type `I' and the correct
spelling (e.g., `I\hbox'). Otherwise just continue,
and I'll forget about whatever was undefined.

! Undefined control sequence.
<recently read> \bottomrule 
                            
l.1319 \end{frame}
                  
The control sequence at the end of the top line
of your error message was never \def'ed. If you have
misspelled it (e.g., `\hobx'), type `I' and the correct
spelling (e.g., `I\hbox'). Otherwise just continue,
and I'll forget about whatever was undefined.



[179

]

[180

]

[181

]
! Undefined control sequence.
<argument> \begin {tabular}{llccccccccc} \toprule 
                                                  \multicolumn {2}{c}{Aluno}...
l.1359 \end{frame}
                  
The control sequence at the end of the top line
of your error message was never \def'ed. If you have
misspelled it (e.g., `\hobx'), type `I' and the correct
spelling (e.g., `I\hbox'). Otherwise just continue,
and I'll forget about whatever was undefined.

! Undefined control sequence.
<recently read> \midrule 
                         
l.1359 \end{frame}
                  
The control sequence at the end of the top line
of your error message was never \def'ed. If you have
misspelled it (e.g., `\hobx'), type `I' and the correct
spelling (e.g., `I\hbox'). Otherwise just continue,
and I'll forget about whatever was undefined.

! Undefined control sequence.
<recently read> \midrule 
                         
l.1359 \end{frame}
                  
The control sequence at the end of the top line
of your error message was never \def'ed. If you have
misspelled it (e.g., `\hobx'), type `I' and the correct
spelling (e.g., `I\hbox'). Otherwise just continue,
and I'll forget about whatever was undefined.

! Undefined control sequence.
<recently read> \bottomrule 
                            
l.1359 \end{frame}
                  
The control sequence at the end of the top line
of your error message was never \def'ed. If you have
misspelled it (e.g., `\hobx'), type `I' and the correct
spelling (e.g., `I\hbox'). Otherwise just continue,
and I'll forget about whatever was undefined.



[182

]

[183

]

[184

]

[185

]

[186

]

[187

]

[188

]

[189

]
\openout4 = `main.vrb'.

 (./main.vrb (./_minted/A3F1B1E82ACBE55C3B81868186A85910.highlight.minted))

[190

]

[191

]

[192

]

[193

]

[194

]

[195

]
\openout4 = `main.vrb'.

 (./main.vrb (./_minted/97F34373490FA2BA87E9CBFCCB1B9EBE.highlight.minted))

[196

]
<figures/1152_number-of-registered-yamaha-motorcycles-in-the-uk_correlates-with_annual-email-spam-rates.png, id=6668, 602.25pt x 361.35pt>
File: figures/1152_number-of-registered-yamaha-motorcycles-in-the-uk_correlates-with_annual-email-spam-rates.png Graphic file (type png)
<use figures/1152_number-of-registered-yamaha-motorcycles-in-the-uk_correlates-with_annual-email-spam-rates.png>
Package pdftex.def Info: figures/1152_number-of-registered-yamaha-motorcycles-in-the-uk_correlates-with_annual-email-spam-rates.png  used on input line 1482.
(pdftex.def)             Requested size: 245.83282pt x 147.49832pt.


[197

 <./figures/1152_number-of-registered-yamaha-motorcycles-in-the-uk_correlates-with_annual-email-spam-rates.png>]
<figures/2011_masters-degrees-awarded-in-engineering-technologies_correlates-with_hydopower-energy-generated-in-vietnam.png, id=6702, 602.25pt x 415.5525pt>
File: figures/2011_masters-degrees-awarded-in-engineering-technologies_correlates-with_hydopower-energy-generated-in-vietnam.png Graphic file (type png)
<use figures/2011_masters-degrees-awarded-in-engineering-technologies_correlates-with_hydopower-energy-generated-in-vietnam.png>
Package pdftex.def Info: figures/2011_masters-degrees-awarded-in-engineering-technologies_correlates-with_hydopower-energy-generated-in-vietnam.png  used on input line 1490.
(pdftex.def)             Requested size: 245.83282pt x 169.62306pt.


[198

 <./figures/2011_masters-degrees-awarded-in-engineering-technologies_correlates-with_hydopower-energy-generated-in-vietnam.png>]
<figures/5236_number-of-websites-on-the-internet_correlates-with_total-wind-power-generated-globally.png, id=6736, 602.25pt x 393.47pt>
File: figures/5236_number-of-websites-on-the-internet_correlates-with_total-wind-power-generated-globally.png Graphic file (type png)
<use figures/5236_number-of-websites-on-the-internet_correlates-with_total-wind-power-generated-globally.png>
Package pdftex.def Info: figures/5236_number-of-websites-on-the-internet_correlates-with_total-wind-power-generated-globally.png  used on input line 1498.
(pdftex.def)             Requested size: 245.83282pt x 160.60927pt.


[199

 <./figures/5236_number-of-websites-on-the-internet_correlates-with_total-wind-power-generated-globally.png>])
\tf@nav=\write8
\openout8 = `main.nav'.

\tf@toc=\write9
\openout9 = `main.toc'.

\tf@snm=\write10
\openout10 = `main.snm'.

 (./main.aux (./estat_descritiva.aux))
 ***********
LaTeX2e <2024-11-01> patch level 2
L3 programming layer <2025-01-18>
 ***********
Package rerunfilecheck Info: File `main.out' has not changed.
(rerunfilecheck)             Checksum: 4998318A007B8880C2BFE45FFAF37CA4;635.
 ) 
Here is how much of TeX's memory you used:
 35522 strings out of 475171
 761173 string characters out of 5767095
 1262086 words of memory out of 5000000
 57361 multiletter control sequences out of 15000+600000
 573421 words of font info for 89 fonts, out of 8000000 for 9000
 14 hyphenation exceptions out of 8191
 128i,20n,123p,862b,1123s stack positions out of 10000i,1000n,20000p,200000b,200000s
</usr/share/texmf-dist/fonts/type1/public/amsfonts/cm/cmex10.pfb></usr/share/texmf-dist/fonts/type1/public/amsfonts/cm/cmitt10.pfb></usr/share/texmf-dist/fonts/type1/public/amsfonts/cm/cmmi10.pfb></usr/share/texmf-dist/fonts/type1/public/amsfonts/cm/cmmi6.pfb></usr/share/texmf-dist/fonts/type1/public/amsfonts/cm/cmmi9.pfb></usr/share/texmf-dist/fonts/type1/public/amsfonts/cm/cmss10.pfb></usr/share/texmf-dist/fonts/type1/public/amsfonts/cm/cmss12.pfb></usr/share/texmf-dist/fonts/type1/public/amsfonts/cm/cmss8.pfb></usr/share/texmf-dist/fonts/type1/public/amsfonts/cm/cmss9.pfb></usr/share/texmf-dist/fonts/type1/public/amsfonts/cm/cmssbx10.pfb></usr/share/texmf-dist/fonts/type1/public/amsfonts/cm/cmssi10.pfb></usr/share/texmf-dist/fonts/type1/public/amsfonts/cm/cmssi8.pfb></usr/share/texmf-dist/fonts/type1/public/amsfonts/cm/cmssi9.pfb></usr/share/texmf-dist/fonts/type1/public/amsfonts/cm/cmsy10.pfb></usr/share/texmf-dist/fonts/type1/public/amsfonts/cm/cmsy6.pfb></usr/share/texmf-dist/fonts/type1/public/amsfonts/cm/cmsy8.pfb></usr/share/texmf-dist/fonts/type1/public/amsfonts/cm/cmtt10.pfb></usr/share/texmf-dist/fonts/type1/public/cm-super/sfss1095.pfb>
Output written on main.pdf (199 pages, 2586872 bytes).
PDF statistics:
 6936 PDF objects out of 7423 (max. 8388607)
 5927 compressed objects within 60 object streams
 402 named destinations out of 1000 (max. 500000)
 1073 words of extra memory for PDF output out of 10000 (max. 10000000)

