id_cliente,idade,sexo,tempo_cliente,dependentes,nivel_educacao,estado_civil,tipo_cartao,limite_cartao,meses_inativo,total_transferido,cancelamento
768805383,45,M,39,3,Ensino Medio,Casado,Blue,12691.0,1,1144,0
818770008,49,F,44,5,Mestrado,Solteiro,Blue,8256.0,1,1291,0
713982108,51,M,36,3,Mestrado,Casado,Blue,3418.0,1,1887,0
709106358,40,M,21,3,Ensino Fundamental,Casado,Blue,4716.0,1,816,0
713061558,44,M,36,2,Mestrado,Casado,Blue,4010.0,1,1088,0
710930508,37,M,36,3,Ensino Fundamental,Solteiro,Blue,22352.0,2,1350,0
719661558,48,M,36,2,Mestrado,Solteiro,Blue,11656.0,3,1441,0
710599683,56,M,36,1,Faculdade,Solteiro,Blue,11751.0,6,1539,0
712396908,57,F,48,2,Mestrado,Casado,Blue,2436.0,2,1570,0
709967358,48,M,36,4,Pos-Graduacao,Solteiro,Blue,30367.0,2,1671,0
806160108,61,M,56,1,Ensino Medio,Casado,Blue,3193.0,2,1336,0
709327383,45,F,37,2,Mestrado,Casado,Blue,14470.0,1,1207,0
806165208,47,M,42,1,Doutorado,Divorciado,Blue,20979.0,2,1178,0
708508758,62,F,49,0,Mestrado,Casado,Blue,1438.3,3,692,1
784725333,41,M,33,3,Ensino Medio,Casado,Blue,4470.0,2,931,0
771071958,41,F,28,3,Mestrado,Solteiro,Blue,7768.0,1,1051,0
718813833,44,F,34,3,Ensino Fundamental,Solteiro,Blue,10100.0,2,1052,0
806624208,47,M,42,4,Ensino Medio,Casado,Blue,4785.0,0,1045,0
712991808,53,M,48,2,Ensino Fundamental,Casado,Blue,2451.0,5,1596,0
709029408,41,M,36,4,Mestrado,Casado,Blue,8923.0,1,1589,0
788658483,53,F,38,2,Faculdade,Casado,Blue,2650.0,2,1411,0
787937058,58,M,49,0,Mestrado,Casado,Blue,12555.0,2,1291,0
715318008,55,F,36,1,Faculdade,Solteiro,Blue,3520.0,2,1407,0
713962233,55,F,36,3,Mestrado,Casado,Blue,3035.0,2,1877,0
785432733,42,F,36,4,Ensino Medio,Casado,Gold,15433.0,3,966,0
708300483,66,F,56,0,Doutorado,Casado,Blue,7882.0,4,704,1
827111283,45,M,41,3,Mestrado,Solteiro,Blue,32426.0,2,1109,0
773146383,50,F,43,1,Faculdade,Solteiro,Silver,17304.0,2,1756,0
778493808,49,M,37,3,Ensino Medio,Casado,Blue,3906.0,2,1756,0
720572508,38,F,28,4,Mestrado,Solteiro,Blue,9830.0,3,1042,0
712661433,49,M,30,4,Ensino Fundamental,Solteiro,Blue,34516.0,2,1444,0
789172683,56,M,45,2,Doutorado,Casado,Blue,2283.0,2,1741,0
738406533,59,M,52,1,Doutorado,Casado,Blue,2548.0,2,1719,0
799723908,46,M,40,3,Ensino Medio,Casado,Blue,19458.0,3,1217,0
771490833,52,M,40,1,Faculdade,Solteiro,Blue,4745.0,1,1140,0
779471883,54,F,40,1,Mestrado,Casado,Blue,1438.3,3,705,1
711525033,66,F,54,0,Ensino Medio,Casado,Blue,3171.0,4,1946,0
714374133,56,M,36,2,Mestrado,Casado,Blue,15769.0,3,602,1
716632758,49,F,36,3,Mestrado,Solteiro,Blue,2802.0,2,1295,0
768563658,56,M,50,2,Ensino Fundamental,Casado,Blue,4458.0,2,1424,0
711427458,44,F,35,5,Mestrado,Casado,Blue,6273.0,1,1359,0
714091983,42,M,34,2,Ensino Medio,Solteiro,Blue,3336.0,4,1168,0
712030833,48,M,35,2,Mestrado,Casado,Silver,34516.0,4,691,1
711481533,39,M,33,1,Ensino Medio,Divorciado,Blue,5926.0,3,1316,0
710082708,44,M,32,4,Pos-Graduacao,Solteiro,Blue,23957.0,4,1276,0
708155733,53,M,44,2,Ensino Medio,Solteiro,Blue,14734.0,2,1289,0
788979258,51,M,38,4,Ensino Fundamental,Solteiro,Silver,34516.0,1,1293,0
807986133,57,M,52,2,Faculdade,Casado,Blue,6584.0,3,1353,0
788730933,44,F,20,2,Ensino Fundamental,Solteiro,Blue,2084.0,3,1132,0
711314058,49,M,32,2,Mestrado,Casado,Blue,1687.0,2,1670,0
717975333,50,M,38,2,Doutorado,Casado,Blue,25300.0,2,837,0
715971108,51,M,42,4,Mestrado,Solteiro,Blue,34516.0,2,1550,0
720096558,55,F,42,2,Mestrado,Casado,Blue,2216.0,3,1540,0
820582308,42,M,37,5,Ensino Fundamental,Casado,Blue,22913.0,2,1394,0
789973308,44,M,35,1,Faculdade,Solteiro,Blue,24312.0,3,1341,0
712876233,53,M,36,2,Mestrado,Solteiro,Blue,5272.0,3,1289,0
804595158,44,F,36,4,Mestrado,Solteiro,Blue,7000.0,4,1112,0
714826758,37,F,29,3,Ensino Fundamental,Solteiro,Blue,7038.0,4,2339,0
779058108,49,M,30,3,Mestrado,Divorciado,Blue,2536.0,1,1468,0
710790258,47,M,38,2,Mestrado,Casado,Blue,28904.0,3,1334,0
715623483,47,M,37,3,Mestrado,Casado,Blue,8567.0,4,1457,0
755420433,59,F,52,1,Mestrado,Casado,Blue,10133.0,3,1068,0
794543958,53,M,35,1,Mestrado,Divorciado,Blue,34516.0,4,1590,0
716396358,52,M,47,2,Mestrado,Casado,Blue,3085.0,3,1531,0
715398033,53,M,35,2,Ensino Medio,Solteiro,Blue,19040.0,2,1212,0
711743883,43,F,35,3,Ensino Fundamental,Solteiro,Blue,4026.0,2,1237,0
719720058,44,M,31,3,Ensino Medio,Solteiro,Blue,12756.0,3,1413,0
717539808,51,F,36,2,Ensino Medio,Solteiro,Blue,9930.0,2,1276,0
714070758,49,M,38,4,Ensino Medio,Solteiro,Blue,31302.0,3,1564,0
714107958,45,M,36,1,Mestrado,Solteiro,Blue,6576.0,4,1465,0
789140283,53,M,42,0,Mestrado,Solteiro,Blue,2664.0,4,1286,0
719712633,64,M,52,1,Mestrado,Casado,Blue,1709.0,4,1673,0
772629333,45,M,35,3,Mestrado,Casado,Blue,3454.0,4,1313,0
720336708,53,M,35,3,Doutorado,Casado,Blue,3789.0,3,1609,0
802013583,56,M,50,3,Faculdade,Casado,Blue,9689.0,2,1158,0
714778833,49,F,43,3,Faculdade,Solteiro,Blue,23032.0,4,1289,0
779155158,53,M,34,3,Mestrado,Casado,Blue,2940.0,2,1259,0
721091583,44,F,32,2,Mestrado,Solteiro,Blue,3031.0,3,1298,0
716657058,43,F,33,4,Pos-Graduacao,Casado,Blue,8358.0,3,1566,0
779509983,53,M,36,2,Pos-Graduacao,Solteiro,Blue,34516.0,1,1022,0
717929133,44,M,36,1,Ensino Fundamental,Casado,Blue,14450.0,2,1235,0
710916408,57,M,39,4,Mestrado,Casado,Blue,8466.0,3,1342,0
799825758,42,M,36,4,Ensino Medio,Divorciado,Blue,3263.0,1,1251,0
718619883,54,F,36,0,Ensino Fundamental,Casado,Blue,1494.0,2,1305,0
711844758,48,M,35,3,Mestrado,Solteiro,Blue,13551.0,1,1388,0
714798783,49,M,36,1,Mestrado,Solteiro,Blue,18886.0,2,1235,0
771894558,50,M,39,3,Ensino Medio,Solteiro,Blue,9964.0,1,1626,0
721074183,49,M,36,1,Doutorado,Casado,Blue,24159.0,6,1111,0
715259583,53,F,44,2,Ensino Medio,Casado,Blue,5362.0,2,1553,0
718414008,50,M,36,2,Mestrado,Solteiro,Blue,34516.0,2,1064,0
719666283,55,F,36,1,Doutorado,Casado,Blue,3174.0,1,1243,0
714877233,53,M,47,1,Ensino Medio,Casado,Blue,12262.0,2,1659,0
785387883,47,F,41,3,Ensino Medio,Solteiro,Blue,3788.0,3,1594,0
771075258,55,M,42,2,Faculdade,Solteiro,Silver,34516.0,3,1268,0
711318033,47,M,36,3,Mestrado,Solteiro,Blue,2926.0,2,1304,0
783554958,58,M,52,4,Mestrado,Solteiro,Blue,32090.0,1,1368,0
720201033,53,M,41,2,Mestrado,Casado,Blue,11669.0,3,720,1
718039683,52,M,45,2,Ensino Medio,Solteiro,Blue,13532.0,1,1521,0
714752208,42,F,36,1,Mestrado,Casado,Blue,2393.0,1,978,0
714490308,57,M,46,4,Mestrado,Casado,Blue,19270.0,2,1565,0
713356833,52,M,43,1,Mestrado,Casado,Blue,3710.0,1,1578,0
711402333,47,M,37,2,Doutorado,Solteiro,Blue,3235.0,1,1493,0
708296883,44,F,38,3,Mestrado,Solteiro,Blue,11749.0,1,1178,0
719154483,53,M,36,2,Ensino Medio,Divorciado,Blue,7753.0,3,991,0
717721458,45,M,40,4,Faculdade,Divorciado,Blue,10408.0,1,2560,0
711112683,63,F,36,1,Faculdade,Casado,Blue,3967.0,2,1657,0
715674483,39,F,27,2,Pos-Graduacao,Solteiro,Blue,6205.0,2,1204,0
789322833,48,F,38,5,Ensino Medio,Casado,Blue,8025.0,3,673,1
709919283,54,M,34,4,Mestrado,Casado,Blue,14926.0,3,1576,0
718744008,59,F,36,1,Mestrado,Solteiro,Blue,6335.0,2,1217,0
767712558,59,M,53,1,Faculdade,Solteiro,Blue,14979.0,3,530,1
712950783,48,F,38,4,Ensino Fundamental,Casado,Blue,2732.0,2,739,1
716104983,41,F,32,2,Mestrado,Solteiro,Blue,2250.0,3,1617,0
818839983,55,M,50,2,Mestrado,Casado,Blue,10916.0,2,1592,0
772288758,47,F,36,4,Mestrado,Casado,Blue,5349.0,1,1343,0
712350858,41,M,24,2,Ensino Medio,Casado,Blue,9366.0,1,1303,0
711009708,40,M,28,3,Ensino Medio,Solteiro,Blue,21617.0,1,1351,0
712720158,68,M,56,1,Mestrado,Casado,Blue,13860.0,2,1910,0
712215258,50,F,31,1,Mestrado,Solteiro,Silver,18386.0,2,1298,0
773827008,47,M,41,4,Ensino Fundamental,Solteiro,Blue,2405.0,2,1087,0
795232683,53,F,47,1,Faculdade,Casado,Blue,2154.0,2,1439,0
713539833,48,F,38,4,Ensino Medio,Solteiro,Blue,8135.0,1,1716,0
712454058,49,M,38,1,Doutorado,Casado,Blue,9364.0,1,1099,0
718759833,44,F,35,2,Ensino Fundamental,Casado,Silver,32643.0,3,1058,0
718803333,43,F,34,4,Mestrado,Divorciado,Blue,3195.0,3,1285,0
720253908,56,M,43,0,Ensino Medio,Casado,Blue,2852.0,2,1651,0
714133158,59,F,36,1,Faculdade,Solteiro,Blue,4224.0,3,1152,0
713187033,46,M,36,1,Ensino Fundamental,Casado,Blue,20459.0,2,1767,0
772426383,50,F,40,4,Ensino Fundamental,Casado,Blue,3065.0,2,1130,0
710975883,51,F,43,3,Ensino Fundamental,Casado,Blue,2185.0,1,1645,0
714264408,47,F,36,3,Ensino Fundamental,Casado,Blue,1611.0,1,1413,0
715827858,58,F,47,4,Ensino Fundamental,Casado,Blue,2822.0,3,1218,0
713741358,46,M,33,5,Mestrado,Solteiro,Blue,32975.0,3,597,1
709531908,53,M,47,3,Ensino Medio,Casado,Blue,1438.3,2,2184,0
716493408,45,F,36,4,Ensino Fundamental,Divorciado,Blue,15875.0,3,1592,0
714141108,52,F,45,1,Ensino Medio,Casado,Blue,6703.0,3,1388,0
712608783,50,M,45,2,Ensino Medio,Casado,Silver,34516.0,1,1504,0
820353558,41,F,36,3,Ensino Medio,Casado,Blue,9797.0,1,1503,0
714964758,45,F,36,5,Mestrado,Divorciado,Blue,10400.0,2,1105,0
716264358,53,M,42,3,Ensino Fundamental,Casado,Blue,26792.0,1,2398,0
717296808,67,F,56,1,Mestrado,Casado,Blue,3006.0,3,1661,0
712977183,57,F,36,2,Ensino Fundamental,Solteiro,Silver,19482.0,3,1421,0
710829108,59,F,36,1,Ensino Fundamental,Casado,Blue,3356.0,2,999,0
779562633,45,M,34,2,Ensino Fundamental,Casado,Blue,5771.0,2,1387,0
715315833,51,M,36,3,Mestrado,Casado,Blue,11106.0,2,1243,0
815500983,59,F,54,1,Ensino Fundamental,Casado,Blue,2890.0,3,1860,0
719360583,53,M,45,1,Mestrado,Casado,Blue,3380.0,2,1502,0
709701558,47,M,36,3,Mestrado,Casado,Blue,21331.0,1,1460,0
721148358,49,F,38,3,Ensino Fundamental,Solteiro,Blue,12860.0,2,1348,0
779862408,49,M,33,3,Pos-Graduacao,Solteiro,Blue,6278.0,1,1087,0
812627208,60,F,55,0,Faculdade,Solteiro,Blue,1438.3,1,1226,0
711033408,50,F,36,2,Ensino Medio,Casado,Blue,9355.0,1,1230,0
779956608,41,F,31,2,Pos-Graduacao,Casado,Blue,20758.0,1,1555,0
780376683,57,M,47,1,Mestrado,Casado,Blue,14612.0,3,1827,0
714454758,57,F,47,3,Mestrado,Casado,Blue,6347.0,2,1771,0
780466533,54,M,41,3,Doutorado,Casado,Blue,21592.0,3,1873,0
715735233,51,F,44,5,Pos-Graduacao,Casado,Blue,3449.0,1,1679,0
720476733,47,F,34,3,Ensino Medio,Casado,Blue,6028.0,1,1002,0
712375758,53,M,43,3,Ensino Fundamental,Casado,Blue,16393.0,3,1461,0
708868233,68,M,52,0,Ensino Medio,Casado,Blue,1438.3,3,760,1
718030083,59,M,36,1,Faculdade,Casado,Blue,7871.0,1,1428,0
771698658,44,M,32,5,Mestrado,Casado,Blue,11376.0,5,1302,0
748326258,48,M,41,3,Faculdade,Casado,Blue,12302.0,5,1483,0
770817783,47,M,33,4,Mestrado,Casado,Silver,34516.0,2,1060,0
779353083,47,M,32,2,Mestrado,Casado,Silver,34516.0,2,1330,0
711441333,43,F,35,1,Ensino Medio,Divorciado,Silver,10514.0,2,1229,0
719808558,55,F,43,2,Mestrado,Casado,Blue,1438.3,4,886,1
711551958,59,M,46,2,Pos-Graduacao,Casado,Blue,1438.3,3,844,1
809164083,63,M,56,1,Mestrado,Casado,Blue,2619.0,1,1450,0
820596183,58,M,53,2,Faculdade,Casado,Blue,24407.0,3,2311,0
715999608,53,F,36,2,Ensino Medio,Casado,Blue,2377.0,1,1378,0
805543158,52,M,47,3,Mestrado,Casado,Blue,11086.0,3,1523,0
709752183,48,M,36,3,Ensino Medio,Solteiro,Blue,11432.0,2,1374,0
716479233,43,M,36,4,Ensino Medio,Casado,Blue,13258.0,3,1080,0
713837058,48,M,36,2,Faculdade,Solteiro,Blue,2571.0,2,1234,0
718876683,43,F,31,4,Mestrado,Solteiro,Blue,5781.0,2,1600,0
794843883,41,M,35,3,Ensino Medio,Casado,Blue,34516.0,1,1353,0
803043933,44,F,38,3,Ensino Fundamental,Divorciado,Silver,11127.0,1,1546,0
714606558,60,F,36,1,Ensino Fundamental,Casado,Blue,1913.0,1,1448,0
778425408,44,M,24,4,Mestrado,Solteiro,Blue,3839.0,3,1271,0
714171108,48,F,39,3,Mestrado,Divorciado,Blue,2115.0,2,1223,0
719662458,44,F,27,2,Mestrado,Divorciado,Blue,1438.3,2,1117,0
713137233,41,M,28,2,Ensino Medio,Solteiro,Blue,27756.0,3,994,0
769425858,45,M,32,3,Faculdade,Solteiro,Blue,1438.3,1,1468,0
711297483,47,F,34,2,Ensino Fundamental,Divorciado,Silver,13878.0,4,1658,0
788900883,51,F,36,2,Mestrado,Casado,Blue,3106.0,1,1368,0
758348808,51,M,44,2,Mestrado,Casado,Blue,34516.0,3,1218,0
772336458,60,F,50,1,Ensino Fundamental,Casado,Blue,1438.3,4,702,1
717906783,41,M,29,5,Mestrado,Solteiro,Blue,5207.0,2,1310,0
719437908,44,M,36,3,Pos-Graduacao,Divorciado,Blue,17965.0,2,1767,0
769433508,43,M,37,1,Faculdade,Solteiro,Blue,2733.0,3,933,0
790096533,55,M,48,2,Faculdade,Casado,Blue,8863.0,3,1512,0
720997383,52,M,36,1,Ensino Fundamental,Casado,Blue,1857.0,3,829,1
709930758,41,M,30,2,Ensino Fundamental,Casado,Blue,11107.0,3,1506,0
710741208,39,M,36,2,Ensino Medio,Solteiro,Blue,5269.0,2,2094,0
821797008,49,M,45,5,Faculdade,Casado,Blue,1438.3,2,815,1
708874533,45,F,36,2,Faculdade,Casado,Blue,3387.0,3,510,1
715341858,54,M,46,2,Mestrado,Casado,Blue,1982.0,2,1377,0
793636308,49,M,43,3,Ensino Fundamental,Solteiro,Blue,4645.0,2,1193,0
713779908,46,F,36,3,Doutorado,Solteiro,Blue,2189.0,3,1287,0
712125258,46,M,30,4,Ensino Medio,Casado,Blue,2442.0,3,701,1
709703433,47,M,38,3,Mestrado,Casado,Blue,21304.0,1,1770,0
721022433,44,M,36,2,Doutorado,Solteiro,Blue,7577.0,1,1409,0
710103558,50,M,31,3,Pos-Graduacao,Solteiro,Blue,3234.0,1,1354,0
715952883,73,M,36,0,Ensino Medio,Casado,Blue,4469.0,3,1765,0
772390908,59,M,48,0,Ensino Medio,Solteiro,Blue,3616.0,4,687,1
787348608,70,M,56,0,Ensino Medio,Casado,Blue,3252.0,2,1227,0
709485033,55,F,36,2,Ensino Medio,Casado,Blue,2358.0,3,1737,0
799471833,45,M,39,1,Ensino Fundamental,Solteiro,Blue,3133.0,2,1435,0
714187533,45,F,35,2,Ensino Fundamental,Solteiro,Blue,3540.0,3,1321,0
779656908,40,M,23,1,Mestrado,Casado,Blue,6990.0,3,1479,0
778867533,59,F,40,0,Pos-Graduacao,Casado,Blue,1438.3,4,689,1
789483333,41,M,32,2,Ensino Fundamental,Casado,Blue,5214.0,1,1258,0
809855808,51,F,46,2,Mestrado,Casado,Blue,5207.0,2,1339,0
708528483,43,F,23,4,Mestrado,Divorciado,Blue,3187.0,3,1387,0
771809733,64,F,53,0,Ensino Medio,Casado,Blue,3353.0,3,960,1
719942883,54,M,38,5,Mestrado,Casado,Blue,2290.0,3,1119,0
717806133,40,M,29,2,Ensino Fundamental,Divorciado,Blue,23603.0,3,1382,0
720615708,57,M,45,0,Ensino Fundamental,Casado,Blue,2601.0,2,1232,0
714511758,45,M,40,4,Mestrado,Solteiro,Blue,6363.0,3,1542,0
715050408,41,M,36,3,Ensino Medio,Solteiro,Blue,8029.0,3,1094,0
721132233,42,F,31,4,Ensino Fundamental,Casado,Blue,2410.0,2,1217,0
719211558,45,M,36,2,Mestrado,Solteiro,Blue,3401.0,1,744,1
712069008,42,F,23,4,Ensino Fundamental,Casado,Blue,2260.0,2,1614,0
715996983,47,M,30,4,Ensino Fundamental,Divorciado,Blue,17682.0,2,1747,0
773466258,48,F,42,4,Ensino Medio,Casado,Blue,4206.0,1,1144,0
798983508,43,M,37,1,Mestrado,Solteiro,Silver,34516.0,3,1575,0
716451183,54,F,44,1,Ensino Fundamental,Casado,Blue,5556.0,2,1706,0
718621608,54,F,44,2,Ensino Medio,Casado,Blue,6094.0,3,909,1
715085733,61,M,52,0,Mestrado,Casado,Blue,2939.0,1,2434,0
788977833,61,M,48,0,Ensino Fundamental,Casado,Blue,5362.0,1,1876,0
720272958,48,M,36,2,Ensino Medio,Casado,Blue,27126.0,3,1000,1
708421833,45,F,36,4,Mestrado,Solteiro,Blue,3342.0,3,1139,0
709173108,54,F,40,4,Mestrado,Casado,Blue,2532.0,2,799,1
709879458,54,F,46,3,Doutorado,Casado,Blue,1900.0,2,1881,0
715120608,44,M,37,3,Mestrado,Solteiro,Blue,14546.0,3,1273,0
770632758,50,F,36,4,Doutorado,Solteiro,Blue,2521.0,3,1328,0
779078733,55,M,36,2,Doutorado,Casado,Blue,16427.0,4,1579,0
720250158,45,M,33,2,Faculdade,Solteiro,Blue,23218.0,3,1749,0
716458983,60,M,36,0,Ensino Medio,Casado,Blue,3281.0,1,1424,0
713747733,55,M,47,2,Ensino Medio,Casado,Blue,3096.0,3,2011,0
712270158,62,F,52,0,Ensino Medio,Casado,Blue,2052.0,2,1208,0
754897008,46,M,39,3,Ensino Medio,Solteiro,Blue,9432.0,3,1319,0
819700533,50,M,45,0,Ensino Medio,Solteiro,Silver,14938.0,2,949,0
712890408,45,M,36,2,Ensino Fundamental,Casado,Blue,2221.0,3,1338,0
720248208,47,M,37,3,Pos-Graduacao,Divorciado,Blue,5731.0,3,1554,0
779749908,48,M,33,4,Faculdade,Casado,Gold,34516.0,2,1350,0
717401883,35,M,22,3,Ensino Fundamental,Casado,Blue,6985.0,2,1694,0
721509558,51,M,42,2,Mestrado,Casado,Blue,24221.0,3,1678,0
710572458,36,F,24,3,Ensino Medio,Casado,Blue,15439.0,1,2069,0
714576183,47,M,36,4,Mestrado,Solteiro,Blue,21637.0,3,1222,0
721425558,52,M,37,2,Mestrado,Solteiro,Blue,14543.0,3,1536,0
711109908,43,F,36,4,Ensino Fundamental,Casado,Blue,9684.0,1,1400,0
715203108,63,M,36,2,Ensino Medio,Casado,Blue,5007.0,2,1050,0
710027508,61,M,54,0,Mestrado,Casado,Blue,1616.0,2,1389,0
787464408,53,M,40,2,Ensino Fundamental,Solteiro,Blue,19116.0,2,1184,0
783542133,53,F,47,3,Mestrado,Casado,Blue,2759.0,6,2093,0
708330858,57,M,38,3,Mestrado,Casado,Blue,8249.0,3,678,1
714426783,38,F,31,2,Mestrado,Solteiro,Blue,14041.0,3,1467,0
712701333,53,M,43,3,Ensino Medio,Casado,Blue,5264.0,3,1219,0
773373108,49,F,43,4,Ensino Medio,Casado,Blue,2826.0,2,1025,0
715812258,45,M,34,2,Ensino Medio,Casado,Blue,12518.0,5,1165,0
778286433,67,M,56,0,Mestrado,Casado,Blue,5876.0,2,2133,0
789270033,48,M,37,3,Mestrado,Solteiro,Silver,34516.0,2,1122,0
711569433,51,F,38,2,Ensino Fundamental,Divorciado,Blue,9648.0,1,1083,0
720214833,52,M,40,2,Ensino Medio,Solteiro,Silver,34516.0,3,1234,0
709346133,55,F,35,2,Ensino Fundamental,Casado,Blue,3025.0,3,1277,0
788194458,34,M,26,3,Ensino Medio,Casado,Blue,3265.0,3,1843,0
720779733,56,M,36,1,Ensino Fundamental,Casado,Blue,6041.0,2,1747,0
717424458,44,F,36,2,Pos-Graduacao,Casado,Blue,2293.0,3,1166,0
770590758,43,F,29,3,Mestrado,Solteiro,Blue,3378.0,2,1285,0
718490658,50,F,36,1,Mestrado,Solteiro,Blue,5012.0,1,1142,0
711985833,38,F,30,4,Ensino Fundamental,Solteiro,Blue,2569.0,1,1190,0
708967608,53,F,45,1,Mestrado,Solteiro,Blue,3471.0,1,1052,0
718505958,43,M,31,5,Mestrado,Divorciado,Silver,34516.0,3,1628,0
715024233,53,M,36,1,Ensino Medio,Casado,Blue,3312.0,3,1740,0
779249583,56,F,38,1,Mestrado,Casado,Blue,2578.0,3,1378,0
778928283,57,F,39,3,Ensino Medio,Casado,Blue,2742.0,2,1389,0
712299858,62,M,53,1,Ensino Medio,Casado,Blue,2077.0,3,1365,0
799224108,46,F,40,4,Mestrado,Solteiro,Blue,6265.0,1,1715,0
809976033,49,M,44,2,Ensino Fundamental,Casado,Blue,7819.0,3,1582,0
716203308,52,M,42,3,Mestrado,Solteiro,Blue,2731.0,3,1220,0
714871683,58,M,36,1,Ensino Fundamental,Casado,Blue,1438.3,4,715,1
716139933,54,M,36,0,Ensino Medio,Casado,Blue,16286.0,1,2552,0
716984658,49,M,39,1,Mestrado,Casado,Blue,34516.0,2,1106,0
713086008,58,F,47,3,Ensino Medio,Casado,Blue,2609.0,1,1731,0
713773458,52,M,45,2,Ensino Medio,Solteiro,Blue,7567.0,3,1435,0
719242533,41,M,33,5,Ensino Medio,Casado,Blue,22770.0,3,1882,0
772712658,62,F,50,0,Ensino Fundamental,Casado,Blue,3791.0,1,2058,0
788868858,54,M,39,2,Mestrado,Casado,Blue,2702.0,4,1658,0
811898133,40,F,35,3,Ensino Medio,Divorciado,Blue,2555.0,1,1334,0
788808633,43,M,26,3,Mestrado,Casado,Blue,2355.0,3,1441,0
779804208,53,F,42,2,Mestrado,Solteiro,Blue,5332.0,2,1371,0
781391058,55,M,49,1,Ensino Fundamental,Solteiro,Blue,1443.0,3,1991,0
790134408,46,M,39,4,Mestrado,Solteiro,Blue,10741.0,2,1278,0
788853258,41,M,25,1,Ensino Fundamental,Casado,Blue,7984.0,2,1734,0
711857733,49,M,32,3,Ensino Fundamental,Solteiro,Blue,18584.0,2,1330,0
822969858,61,F,56,0,Mestrado,Casado,Blue,5585.0,1,1787,0
719554758,46,M,38,2,Ensino Fundamental,Casado,Blue,34516.0,3,1672,0
711643458,50,F,43,1,Ensino Fundamental,Casado,Blue,1438.3,3,1439,0
788830683,40,M,24,2,Mestrado,Solteiro,Blue,2478.0,1,1558,0
807030858,51,M,46,4,Ensino Medio,Solteiro,Blue,34516.0,3,1795,0
793059108,50,F,44,2,Mestrado,Casado,Blue,2339.0,2,893,0
716568708,47,F,36,2,Mestrado,Casado,Blue,2726.0,3,1099,0
717229158,36,F,36,4,Mestrado,Casado,Blue,1628.0,3,1893,0
715915458,47,F,34,2,Mestrado,Casado,Blue,3156.0,2,1151,0
819129858,46,F,41,2,Mestrado,Solteiro,Blue,4745.0,3,1519,0
713441958,46,M,36,2,Ensino Medio,Casado,Blue,19727.0,3,1245,0
719091333,52,M,36,0,Ensino Fundamental,Casado,Blue,22720.0,3,1102,0
714914583,40,F,27,4,Mestrado,Solteiro,Blue,3751.0,2,1060,0
714363858,54,F,36,4,Ensino Medio,Casado,Blue,1594.0,5,1459,0
721347408,55,F,43,1,Ensino Medio,Solteiro,Blue,2569.0,2,1456,0
809608533,49,F,44,4,Pos-Graduacao,Solteiro,Blue,18206.0,3,1439,0
772047183,45,M,34,4,Ensino Medio,Casado,Blue,3104.0,3,1353,0
714217908,49,M,41,3,Mestrado,Casado,Blue,2406.0,3,1173,0
714819183,63,M,36,1,Ensino Fundamental,Casado,Blue,24571.0,2,1746,0
716455683,40,F,36,3,Ensino Medio,Solteiro,Gold,15534.0,2,1279,0
710865633,41,F,33,2,Mestrado,Casado,Silver,12301.0,2,1307,0
752952108,37,M,26,4,Mestrado,Casado,Blue,2846.0,2,1473,0
714982383,55,M,36,2,Ensino Medio,Casado,Blue,7231.0,3,1421,0
813814008,53,F,48,1,Ensino Medio,Casado,Blue,2324.0,3,1272,0
794545983,57,M,40,2,Mestrado,Casado,Blue,12208.0,2,1409,0
715585158,58,M,46,1,Mestrado,Casado,Blue,10021.0,3,1275,0
789863208,54,F,44,2,Mestrado,Casado,Blue,2027.0,2,1702,0
715022133,53,M,47,2,Mestrado,Casado,Blue,6363.0,2,1256,0
712506708,39,F,25,3,Faculdade,Solteiro,Blue,3920.0,1,3178,0
715699983,56,M,36,3,Ensino Medio,Casado,Blue,9226.0,1,1626,0
712459233,59,F,46,1,Pos-Graduacao,Casado,Blue,1944.0,3,1960,0
716545383,42,M,36,3,Ensino Fundamental,Solteiro,Blue,9599.0,1,1154,0
721144383,42,M,28,4,Mestrado,Casado,Silver,28202.0,1,1629,0
804359133,55,M,49,0,Ensino Medio,Casado,Blue,3805.0,3,1743,0
713308683,52,M,37,1,Ensino Fundamental,Solteiro,Blue,2733.0,2,1139,0
717354558,57,M,40,2,Ensino Fundamental,Casado,Blue,3106.0,3,683,1
798473808,48,M,42,3,Faculdade,Casado,Blue,7477.0,3,1159,0
715192308,48,M,36,2,Ensino Medio,Casado,Blue,29963.0,5,1205,0
708813033,47,M,36,1,Mestrado,Solteiro,Blue,6509.0,3,1409,0
714639783,42,M,34,3,Faculdade,Casado,Blue,13450.0,3,1000,1
709470858,51,M,31,4,Faculdade,Casado,Silver,34516.0,2,1366,0
717292758,55,F,47,2,Mestrado,Solteiro,Blue,6347.0,3,1161,0
779241783,67,M,49,1,Ensino Fundamental,Casado,Blue,3106.0,3,1512,0
715205358,39,M,31,1,Mestrado,Casado,Blue,2536.0,1,1750,0
778871508,54,M,35,3,Pos-Graduacao,Solteiro,Blue,13048.0,3,1170,0
710147958,47,M,36,3,Ensino Medio,Casado,Silver,16138.0,2,1198,0
709864833,49,M,38,2,Pos-Graduacao,Casado,Blue,8077.0,2,1329,0
778868958,42,F,23,2,Mestrado,Casado,Blue,1929.0,3,857,1
710004933,44,M,36,5,Ensino Fundamental,Casado,Blue,8645.0,3,1435,0
710940183,49,F,38,3,Mestrado,Casado,Blue,2185.0,3,715,1
718927533,45,M,32,3,Mestrado,Solteiro,Blue,24487.0,2,1512,0
719337408,63,M,36,0,Ensino Medio,Casado,Blue,2567.0,2,2399,0
772308408,44,M,33,3,Mestrado,Solteiro,Blue,4131.0,3,906,0
712981383,44,F,37,4,Faculdade,Casado,Silver,10790.0,2,1052,0
790099758,40,M,33,3,Ensino Medio,Casado,Blue,6884.0,3,975,0
709547658,39,M,36,2,Ensino Fundamental,Solteiro,Blue,13961.0,3,783,1
778770783,42,M,30,4,Ensino Medio,Casado,Blue,29801.0,1,990,0
713134458,54,M,43,3,Ensino Medio,Casado,Blue,13219.0,1,1097,0
713639958,46,F,36,4,Mestrado,Divorciado,Blue,9478.0,3,1327,0
711089733,50,F,36,2,Faculdade,Divorciado,Blue,1491.0,3,1058,0
716988633,55,M,46,0,Ensino Medio,Divorciado,Blue,9734.0,1,1476,0
779031033,46,F,22,2,Mestrado,Casado,Blue,2305.0,1,1230,0
716302383,47,F,36,4,Ensino Fundamental,Casado,Blue,14241.0,1,1581,0
721333233,40,M,34,4,Doutorado,Divorciado,Blue,23138.0,2,1612,0
814995933,58,F,53,3,Mestrado,Casado,Blue,5798.0,3,1724,0
721469433,48,M,36,3,Mestrado,Solteiro,Blue,6880.0,2,1784,0
717198633,53,F,34,2,Faculdade,Casado,Blue,2075.0,2,2556,0
767695083,50,M,44,2,Mestrado,Casado,Blue,4589.0,3,1590,0
711791583,52,F,40,1,Mestrado,Solteiro,Blue,2317.0,2,884,1
712315683,53,F,45,2,Ensino Fundamental,Solteiro,Blue,1981.0,1,973,1
710038008,56,F,47,1,Mestrado,Solteiro,Blue,6038.0,2,1447,0
718349058,49,M,39,3,Ensino Medio,Casado,Blue,29659.0,3,1193,0
789842283,54,M,42,2,Mestrado,Casado,Blue,4320.0,3,706,1
714717483,39,F,29,3,Ensino Fundamental,Divorciado,Blue,26181.0,1,1303,0
714900408,41,F,31,4,Ensino Medio,Solteiro,Blue,5773.0,1,1306,0
719418933,53,M,36,2,Ensino Fundamental,Casado,Blue,4503.0,3,748,1
720115683,47,M,36,3,Ensino Fundamental,Casado,Blue,29770.0,2,1774,0
779504058,46,F,28,2,Pos-Graduacao,Casado,Blue,5014.0,1,1209,0
795979833,53,F,47,1,Ensino Medio,Casado,Blue,3445.0,1,1074,0
717392358,60,M,50,1,Mestrado,Casado,Blue,23412.0,2,1786,0
718640508,59,F,46,0,Mestrado,Solteiro,Blue,3044.0,1,1456,0
709230708,56,M,36,4,Ensino Fundamental,Solteiro,Blue,3864.0,2,1470,0
801383808,50,M,44,3,Mestrado,Solteiro,Blue,23090.0,2,1198,0
708217758,63,M,49,2,Mestrado,Casado,Blue,14035.0,2,1606,0
714272658,43,F,24,2,Ensino Fundamental,Solteiro,Blue,2962.0,3,929,1
711864783,61,M,46,1,Ensino Fundamental,Solteiro,Blue,2201.0,3,1199,0
719407983,37,F,25,0,Pos-Graduacao,Casado,Blue,2061.0,3,2400,0
710665533,42,F,23,5,Doutorado,Casado,Blue,24602.0,2,1337,0
716804283,41,M,29,2,Ensino Fundamental,Divorciado,Blue,15911.0,2,1270,0
767294658,56,M,50,2,Faculdade,Solteiro,Blue,16867.0,2,654,1
709122483,56,M,37,3,Mestrado,Casado,Blue,2783.0,3,1909,0
708241233,52,F,47,3,Pos-Graduacao,Solteiro,Blue,2972.0,3,922,1
717860358,40,F,36,3,Ensino Medio,Solteiro,Blue,5124.0,3,1158,0
789337233,63,M,53,1,Mestrado,Casado,Blue,2880.0,6,1323,0
720902133,58,M,46,1,Ensino Medio,Solteiro,Blue,5579.0,1,1025,0
711870333,46,M,36,2,Ensino Fundamental,Divorciado,Blue,34516.0,3,1628,0
708398283,37,F,29,1,Mestrado,Casado,Blue,4394.0,2,1377,0
715878183,46,M,35,4,Mestrado,Solteiro,Blue,18325.0,3,1517,0
719451483,46,F,37,4,Pos-Graduacao,Casado,Blue,3773.0,3,1528,0
709110633,41,M,29,1,Mestrado,Solteiro,Blue,21684.0,1,1329,0
721059033,48,F,40,3,Ensino Medio,Divorciado,Blue,1919.0,1,1505,0
779912283,49,F,33,3,Mestrado,Solteiro,Blue,9995.0,3,1172,0
717701733,44,M,35,2,Mestrado,Casado,Blue,11910.0,2,1646,0
709913733,39,F,36,3,Faculdade,Casado,Blue,2279.0,2,1693,0
718768158,57,M,48,1,Faculdade,Solteiro,Blue,3539.0,1,1336,0
721375308,48,M,36,3,Ensino Medio,Casado,Blue,30579.0,1,1289,0
711374283,47,M,42,3,Ensino Medio,Solteiro,Blue,24480.0,1,1416,0
822893133,56,F,52,1,Ensino Fundamental,Divorciado,Blue,17561.0,1,1608,0
778465533,54,F,40,0,Faculdade,Casado,Blue,1638.0,1,1885,0
712138983,54,M,36,1,Mestrado,Casado,Blue,2947.0,3,1744,0
716920908,52,M,42,4,Ensino Medio,Casado,Blue,5738.0,1,1922,0
711195558,59,M,48,1,Faculdade,Solteiro,Blue,7251.0,3,1300,0
712024908,56,F,36,1,Faculdade,Casado,Blue,2641.0,2,1439,0
778239933,45,F,35,4,Mestrado,Casado,Blue,2801.0,3,1241,0
714893733,55,M,45,1,Ensino Medio,Casado,Blue,16794.0,3,1917,0
754886958,48,F,41,3,Faculdade,Divorciado,Blue,9336.0,1,1391,0
710104908,56,F,43,5,Faculdade,Solteiro,Blue,2763.0,1,1246,0
710558883,41,M,36,3,Ensino Fundamental,Casado,Blue,17391.0,3,1248,0
713827383,65,F,36,1,Ensino Medio,Casado,Blue,3198.0,2,1936,0
720267033,34,M,26,4,Pos-Graduacao,Solteiro,Blue,5100.0,3,2375,0
712049208,56,M,39,3,Pos-Graduacao,Casado,Blue,3955.0,1,1238,0
708688608,62,F,48,1,Ensino Medio,Casado,Blue,3140.0,3,1626,0
716223708,45,F,36,3,Ensino Fundamental,Solteiro,Blue,4028.0,3,791,1
713217858,38,F,32,2,Ensino Fundamental,Solteiro,Blue,2264.0,3,1204,0
711019308,58,M,45,2,Ensino Medio,Solteiro,Blue,6385.0,2,1612,0
768600558,41,F,31,4,Mestrado,Solteiro,Blue,2375.0,2,1071,0
710202783,33,M,13,2,Mestrado,Casado,Blue,1963.0,3,1378,0
712899333,47,F,37,4,Faculdade,Solteiro,Blue,4256.0,2,1100,0
767036433,56,F,49,1,Mestrado,Casado,Blue,5097.0,1,2052,0
793473033,51,M,45,1,Mestrado,Solteiro,Blue,3228.0,2,1349,0
717998058,26,M,13,0,Mestrado,Solteiro,Blue,2585.0,3,2644,0
779610033,58,M,47,1,Faculdade,Casado,Blue,12151.0,3,918,1
827332983,46,M,42,3,Ensino Medio,Solteiro,Gold,34516.0,2,1362,0
721183983,48,M,31,4,Ensino Medio,Casado,Blue,34516.0,3,1222,0
718426533,42,M,32,4,Ensino Fundamental,Divorciado,Blue,5504.0,1,1364,0
710698233,37,M,28,4,Mestrado,Casado,Blue,10021.0,1,1463,0
793581933,50,M,44,3,Ensino Medio,Solteiro,Silver,19853.0,3,1878,0
719229708,41,F,31,1,Ensino Medio,Solteiro,Blue,4969.0,3,1489,0
715158483,48,F,40,3,Mestrado,Divorciado,Blue,3117.0,2,1437,0
809296308,46,M,41,2,Faculdade,Solteiro,Blue,21526.0,2,1313,0
778176108,61,M,51,0,Ensino Medio,Solteiro,Blue,5504.0,2,1290,0
709345008,53,F,39,2,Doutorado,Casado,Blue,1438.3,2,807,1
719366358,51,M,40,3,Ensino Medio,Casado,Blue,7319.0,3,1233,0
721417233,45,M,25,2,Mestrado,Casado,Blue,1438.3,5,709,1
714578283,47,M,37,1,Mestrado,Casado,Blue,2053.0,3,1283,0
769574883,41,M,32,2,Ensino Medio,Casado,Blue,12804.0,1,1101,0
717643608,48,M,36,4,Faculdade,Casado,Blue,26443.0,3,1593,0
709198158,50,F,36,4,Mestrado,Solteiro,Blue,3125.0,2,1631,0
712419708,56,F,48,2,Pos-Graduacao,Casado,Blue,4930.0,1,2194,0
709103358,39,F,36,2,Faculdade,Solteiro,Blue,9476.0,3,1128,0
716966808,47,M,37,1,Mestrado,Casado,Blue,11722.0,3,1497,0
772264383,44,M,33,2,Mestrado,Solteiro,Blue,13301.0,1,1385,0
769137108,43,F,37,2,Pos-Graduacao,Casado,Blue,1438.3,3,974,1
717640083,59,M,36,1,Ensino Medio,Casado,Blue,6705.0,2,731,1
716445783,42,F,31,2,Ensino Fundamental,Casado,Blue,22718.0,2,1191,0
778686408,48,M,29,1,Faculdade,Casado,Blue,19324.0,3,1744,0
715015683,44,M,34,2,Mestrado,Solteiro,Blue,5331.0,3,1766,0
710462433,45,M,30,4,Mestrado,Solteiro,Blue,17625.0,2,1773,0
721342383,39,M,34,2,Mestrado,Casado,Blue,17438.0,3,1860,0
794977533,62,M,56,0,Ensino Medio,Casado,Blue,8077.0,3,906,1
779445108,26,M,13,0,Mestrado,Solteiro,Blue,3290.0,1,2781,0
718193958,60,M,53,0,Ensino Fundamental,Solteiro,Blue,2402.0,3,1650,0
710955633,54,F,42,3,Doutorado,Solteiro,Blue,9256.0,1,1446,0
716149383,62,M,36,0,Mestrado,Casado,Blue,3674.0,3,1703,0
752604633,57,M,50,2,Faculdade,Casado,Blue,6462.0,5,761,1
713889933,59,M,48,0,Mestrado,Solteiro,Blue,1638.0,2,1536,0
709446783,46,M,38,4,Mestrado,Solteiro,Blue,4335.0,3,1373,0
789115833,44,M,32,4,Ensino Medio,Solteiro,Blue,3233.0,3,1256,0
787623858,43,M,24,2,Ensino Fundamental,Divorciado,Silver,34516.0,2,1215,0
709040508,57,M,38,4,Ensino Fundamental,Casado,Blue,19802.0,6,2244,0
717956283,57,F,48,1,Mestrado,Solteiro,Blue,10953.0,1,1277,0
721379433,44,M,28,4,Mestrado,Casado,Blue,11338.0,2,1227,0
712027683,47,F,35,2,Doutorado,Casado,Blue,5544.0,2,1336,0
716027208,47,M,36,4,Doutorado,Casado,Blue,19665.0,1,1110,0
720475233,50,F,43,2,Ensino Medio,Casado,Blue,2927.0,2,1474,0
712275108,53,F,33,3,Faculdade,Casado,Blue,5146.0,3,1955,0
718121658,56,M,44,1,Faculdade,Casado,Blue,1704.0,3,660,1
711593808,55,M,46,1,Ensino Medio,Casado,Blue,1438.3,2,888,1
716222808,53,F,36,4,Ensino Medio,Casado,Blue,2974.0,1,1785,0
788779008,57,M,38,2,Ensino Medio,Casado,Blue,2736.0,1,1211,0
710404533,50,M,37,2,Mestrado,Casado,Blue,1438.3,2,1391,0
715383108,52,M,44,2,Mestrado,Solteiro,Blue,34516.0,1,1616,0
711697158,60,M,36,0,Mestrado,Casado,Blue,1976.0,2,1498,0
709186983,49,M,40,4,Ensino Fundamental,Casado,Blue,8714.0,1,1536,0
808964433,46,F,41,4,Doutorado,Divorciado,Blue,8693.0,1,1594,0
711948333,42,M,36,1,Ensino Fundamental,Casado,Blue,9247.0,1,1190,0
710541858,45,M,33,3,Ensino Medio,Casado,Blue,7717.0,5,1248,0
713865333,45,F,38,4,Ensino Fundamental,Casado,Blue,4908.0,4,827,1
797707008,44,F,38,3,Doutorado,Casado,Blue,7222.0,1,920,1
713490483,61,M,48,0,Ensino Fundamental,Solteiro,Blue,21740.0,2,1755,0
720370533,55,M,44,3,Ensino Fundamental,Casado,Blue,2323.0,2,804,1
816596583,45,M,40,2,Doutorado,Casado,Blue,11710.0,3,1749,0
717517758,57,F,45,0,Ensino Medio,Casado,Blue,2278.0,2,2307,0
712880283,31,M,22,0,Ensino Fundamental,Casado,Blue,4048.0,3,1757,0
753226158,34,F,24,2,Mestrado,Casado,Blue,3663.0,2,1826,0
720605808,53,F,36,1,Mestrado,Solteiro,Blue,1438.3,2,799,1
758317233,35,F,28,1,Faculdade,Solteiro,Blue,3518.0,5,2121,0
711028308,44,F,36,4,Mestrado,Casado,Blue,1717.0,1,1468,0
814852533,50,M,45,1,Mestrado,Casado,Blue,16813.0,2,1482,0
711526533,33,M,25,3,Pos-Graduacao,Casado,Blue,16434.0,2,1726,0
804403908,50,M,45,3,Mestrado,Solteiro,Blue,21872.0,2,1806,0
716999883,51,M,41,4,Ensino Medio,Casado,Blue,15897.0,2,1405,0
787599258,55,F,29,3,Mestrado,Solteiro,Blue,7361.0,1,1175,0
714495258,26,M,36,0,Faculdade,Solteiro,Blue,1438.3,1,1786,0
717713283,42,F,33,3,Mestrado,Casado,Blue,8628.0,3,1675,0
789317883,54,M,44,2,Faculdade,Casado,Blue,18750.0,3,1200,0
714500883,44,F,36,3,Mestrado,Casado,Blue,21242.0,2,1283,0
789467508,65,F,56,0,Mestrado,Casado,Blue,2961.0,3,1937,0
710317758,38,F,29,3,Ensino Medio,Casado,Blue,11327.0,2,2033,0
711231558,58,M,40,3,Ensino Medio,Casado,Blue,8308.0,1,1915,0
716829483,39,F,28,3,Pos-Graduacao,Casado,Blue,3249.0,2,1988,0
779713608,52,M,36,2,Ensino Medio,Casado,Blue,2981.0,1,1648,0
711628458,45,F,31,3,Mestrado,Casado,Blue,8829.0,1,1902,0
770724558,42,M,28,2,Faculdade,Casado,Blue,7340.0,1,838,1
783561558,57,M,51,4,Pos-Graduacao,Casado,Blue,16952.0,2,1918,0
719309958,55,M,35,3,Doutorado,Solteiro,Blue,20865.0,1,837,1
780481308,37,F,24,3,Mestrado,Casado,Blue,10584.0,2,1567,0
787550808,51,M,40,2,Mestrado,Casado,Blue,12240.0,1,1422,0
779863533,37,M,21,1,Mestrado,Casado,Blue,5120.0,2,1680,0
714529233,36,F,24,2,Mestrado,Casado,Blue,3124.0,1,1652,0
708177333,51,F,36,2,Ensino Medio,Casado,Silver,11261.0,3,1158,0
812019933,65,M,56,1,Ensino Fundamental,Casado,Blue,2468.0,3,1797,0
708557358,43,M,28,2,Faculdade,Casado,Blue,22157.0,2,1911,0
713580633,46,M,32,3,Mestrado,Casado,Blue,11477.0,2,1260,0
711466533,43,F,33,2,Mestrado,Casado,Blue,3933.0,2,1489,0
802276683,56,M,50,3,Mestrado,Casado,Blue,8022.0,3,1794,0
808897683,53,M,48,1,Mestrado,Solteiro,Blue,30271.0,3,3231,1
713010483,43,F,36,3,Mestrado,Casado,Blue,2936.0,1,1572,0
717006333,54,M,36,3,Ensino Medio,Casado,Blue,1438.3,1,1935,0
716924058,58,F,49,2,Ensino Fundamental,Casado,Blue,6175.0,1,1417,0
720916683,41,M,26,3,Mestrado,Solteiro,Blue,11806.0,3,1465,0
720923658,48,M,39,3,Pos-Graduacao,Solteiro,Blue,4734.0,2,1570,0
712710708,55,M,36,2,Ensino Medio,Solteiro,Blue,6244.0,2,1445,0
718939083,54,F,45,2,Mestrado,Casado,Blue,1438.3,1,694,1
779519058,51,F,34,3,Pos-Graduacao,Divorciado,Platinum,34516.0,1,1929,0
719085933,35,M,24,3,Mestrado,Solteiro,Blue,23561.0,1,2447,0
715124958,50,M,36,3,Ensino Fundamental,Solteiro,Blue,24742.0,2,1306,0
712979133,55,M,41,4,Ensino Medio,Casado,Blue,27560.0,2,646,1
712006308,45,F,35,0,Faculdade,Divorciado,Blue,5923.0,1,1236,0
710801133,34,M,36,2,Ensino Fundamental,Casado,Blue,8581.0,1,2513,0
712490283,55,F,41,4,Mestrado,Casado,Blue,3156.0,3,2091,0
717958833,46,M,35,4,Mestrado,Casado,Blue,1535.0,1,1848,0
812420358,61,F,56,0,Mestrado,Casado,Blue,2122.0,3,949,1
715940358,51,F,42,1,Mestrado,Casado,Blue,5822.0,2,1804,0
715041333,39,M,29,3,Doutorado,Casado,Blue,3537.0,1,1605,0
712797258,43,M,33,3,Mestrado,Casado,Blue,34516.0,1,1463,0
769170558,53,M,47,3,Mestrado,Solteiro,Blue,16320.0,4,1279,0
715884858,38,M,36,2,Ensino Medio,Casado,Blue,2407.0,3,1470,0
796343058,49,F,43,2,Ensino Medio,Solteiro,Blue,3538.0,1,1265,0
718888308,53,M,36,3,Mestrado,Solteiro,Blue,34516.0,3,1475,0
785114808,46,M,40,2,Pos-Graduacao,Solteiro,Silver,15459.0,2,1419,0
709852908,44,F,36,3,Ensino Fundamental,Solteiro,Blue,4307.0,3,1628,0
719679858,58,F,47,2,Ensino Fundamental,Casado,Blue,2848.0,2,1135,0
827108583,55,M,51,3,Ensino Medio,Solteiro,Blue,34516.0,1,1161,0
719781183,57,M,38,4,Ensino Medio,Casado,Blue,15428.0,1,1916,0
710429358,57,M,48,1,Ensino Medio,Casado,Blue,2544.0,1,1346,0
798792408,48,M,42,3,Ensino Medio,Casado,Blue,9959.0,1,805,1
710280558,51,M,39,1,Mestrado,Solteiro,Blue,8796.0,3,1195,0
809825358,53,F,48,3,Ensino Fundamental,Casado,Blue,3428.0,1,1155,0
714451833,45,F,36,1,Doutorado,Solteiro,Blue,1438.3,2,1431,0
713943783,41,M,32,4,Pos-Graduacao,Casado,Blue,18001.0,3,1194,0
710706558,51,F,42,4,Mestrado,Solteiro,Blue,2680.0,1,1154,0
713620308,46,F,35,2,Ensino Medio,Casado,Blue,4675.0,4,1232,0
813453408,40,F,35,5,Faculdade,Casado,Blue,2448.0,1,1269,0
818248383,33,M,28,2,Doutorado,Casado,Blue,4049.0,3,1742,0
780106908,53,M,38,1,Ensino Medio,Solteiro,Blue,8154.0,2,1379,0
708938508,63,M,36,1,Ensino Medio,Casado,Blue,4559.0,3,1870,0
709671708,61,M,36,0,Ensino Fundamental,Solteiro,Blue,19354.0,2,1207,0
711204483,56,M,46,4,Ensino Medio,Casado,Blue,2340.0,3,781,1
801728658,53,M,47,2,Mestrado,Solteiro,Blue,13848.0,3,1773,0
713945883,62,F,52,2,Mestrado,Casado,Blue,2490.0,2,864,1
788370258,37,M,30,4,Mestrado,Casado,Blue,2578.0,3,1830,0
714927333,62,F,52,0,Mestrado,Casado,Blue,9050.0,3,1542,0
710383158,49,M,41,3,Ensino Fundamental,Solteiro,Silver,34516.0,1,1506,0
798007308,57,F,51,3,Ensino Medio,Casado,Blue,8362.0,1,1175,0
711768858,55,M,36,2,Ensino Medio,Casado,Blue,6514.0,2,1383,0
714888633,50,M,42,1,Mestrado,Casado,Blue,4051.0,3,1837,0
712650333,48,M,37,3,Faculdade,Casado,Blue,11959.0,3,1191,0
719945433,60,F,48,1,Ensino Fundamental,Divorciado,Blue,2070.0,2,1793,0
718344033,47,M,35,2,Faculdade,Casado,Blue,3636.0,3,1564,0
715442958,54,M,36,2,Ensino Fundamental,Casado,Blue,11067.0,3,1843,0
780326883,53,M,40,2,Doutorado,Casado,Blue,11262.0,3,2165,0
711157833,56,F,36,3,Mestrado,Solteiro,Blue,5108.0,1,1631,0
719704308,56,F,36,4,Ensino Medio,Casado,Blue,2072.0,1,1265,0
708772308,41,M,24,3,Ensino Fundamental,Casado,Blue,4119.0,3,1455,0
817663908,60,F,42,1,Mestrado,Casado,Blue,5903.0,3,1137,0
709990983,49,F,36,3,Pos-Graduacao,Casado,Blue,5918.0,2,1292,0
818045958,46,M,41,4,Mestrado,Solteiro,Blue,6741.0,3,1682,0
716380683,36,F,36,3,Ensino Medio,Casado,Blue,3880.0,1,1598,0
778461408,38,M,23,1,Ensino Medio,Casado,Blue,22149.0,3,2409,0
713861733,50,M,36,3,Mestrado,Divorciado,Blue,34516.0,3,1770,0
789291633,62,M,51,0,Mestrado,Casado,Blue,5450.0,2,1526,0
718325883,39,M,32,2,Ensino Fundamental,Solteiro,Blue,7723.0,3,1241,0
720344658,38,M,23,2,Faculdade,Casado,Blue,18226.0,1,1681,0
809292483,44,F,39,4,Faculdade,Casado,Blue,8128.0,2,1224,0
779791008,43,M,32,3,Ensino Medio,Casado,Blue,5851.0,2,1572,0
779557533,54,M,40,1,Pos-Graduacao,Solteiro,Blue,10260.0,3,1566,0
779320983,46,M,28,4,Ensino Fundamental,Solteiro,Blue,19843.0,3,1638,0
718093233,55,F,45,2,Pos-Graduacao,Casado,Blue,2163.0,3,1349,0
719459358,52,M,41,1,Doutorado,Casado,Blue,33864.0,2,1751,0
717728808,39,F,26,2,Mestrado,Casado,Blue,4531.0,1,1414,0
788701608,42,F,26,4,Mestrado,Solteiro,Blue,2950.0,2,1260,0
778506633,43,F,23,4,Faculdade,Casado,Blue,7706.0,2,965,1
716918508,39,M,24,1,Faculdade,Solteiro,Blue,3770.0,3,1602,0
717321783,50,M,45,1,Ensino Fundamental,Solteiro,Blue,10344.0,2,1617,0
799000008,57,M,51,2,Pos-Graduacao,Divorciado,Blue,26437.0,1,1244,0
719068683,52,F,36,1,Ensino Medio,Casado,Blue,3136.0,1,1036,0
709120008,43,M,36,2,Ensino Medio,Solteiro,Blue,6976.0,3,1217,0
709117533,42,M,36,3,Ensino Medio,Solteiro,Blue,21134.0,3,1556,0
816594183,58,F,53,2,Ensino Fundamental,Casado,Blue,2019.0,2,2005,0
789485433,42,M,34,4,Faculdade,Casado,Blue,34516.0,2,1698,0
712881483,55,M,45,1,Pos-Graduacao,Casado,Blue,9959.0,3,2041,0
771492408,40,F,28,2,Mestrado,Casado,Blue,2421.0,1,1346,0
711668283,48,M,37,4,Ensino Fundamental,Casado,Blue,30948.0,6,1511,0
712960308,33,F,36,2,Ensino Medio,Solteiro,Blue,8070.0,1,2117,0
713530833,58,M,48,2,Mestrado,Casado,Blue,4085.0,3,596,1
711146358,39,F,29,1,Mestrado,Casado,Blue,3358.0,3,1759,0
716144058,36,F,25,1,Faculdade,Solteiro,Blue,1888.0,3,1886,0
778699908,43,M,24,2,Ensino Fundamental,Casado,Blue,14447.0,3,915,1
711676908,51,F,36,3,Faculdade,Casado,Blue,12605.0,2,1870,0
778623858,58,M,38,0,Ensino Fundamental,Casado,Blue,3785.0,3,1824,0
714665733,42,M,36,4,Mestrado,Solteiro,Blue,2727.0,1,1294,0
816089433,49,M,44,4,Doutorado,Casado,Blue,3343.0,1,1545,0
716991933,53,F,35,3,Ensino Fundamental,Solteiro,Blue,9786.0,3,820,1
714534108,45,F,36,2,Ensino Medio,Casado,Blue,6407.0,1,1675,0
787456608,29,M,15,2,Ensino Medio,Casado,Blue,4158.0,2,1678,0
717090183,60,M,50,1,Doutorado,Casado,Blue,21697.0,1,2117,0
772782708,50,M,40,3,Pos-Graduacao,Solteiro,Blue,31383.0,2,1721,0
710722908,53,M,36,3,Doutorado,Solteiro,Blue,30883.0,1,1267,0
715271733,50,F,37,2,Ensino Fundamental,Solteiro,Blue,8520.0,3,1193,0
771706308,46,M,34,2,Doutorado,Solteiro,Blue,14310.0,3,1254,0
713989233,61,M,53,0,Pos-Graduacao,Casado,Blue,14434.0,2,1731,0
780198258,46,M,36,4,Faculdade,Solteiro,Blue,7793.0,2,1099,0
802002858,62,F,56,1,Ensino Medio,Casado,Blue,8990.0,1,747,1
716290233,43,F,33,3,Mestrado,Casado,Blue,4343.0,2,1352,0
828298908,54,M,50,4,Mestrado,Casado,Blue,2872.0,2,1770,0
720697908,35,M,21,2,Ensino Medio,Casado,Blue,2967.0,3,1673,0
780598383,35,M,23,3,Doutorado,Solteiro,Blue,2148.0,3,2167,0
715345833,36,F,36,1,Ensino Medio,Solteiro,Blue,6116.0,3,2369,0
712373208,43,M,35,3,Doutorado,Solteiro,Blue,3312.0,3,647,1
721433283,39,F,20,1,Ensino Medio,Solteiro,Blue,9956.0,2,1447,0
720680058,47,M,36,2,Pos-Graduacao,Casado,Blue,3888.0,1,1145,0
716909283,60,M,48,1,Pos-Graduacao,Solteiro,Blue,30655.0,1,3280,0
754654383,30,M,23,2,Ensino Medio,Casado,Blue,2997.0,2,1577,0
779759058,52,M,41,0,Mestrado,Solteiro,Blue,3386.0,3,1736,0
715783758,40,M,30,4,Mestrado,Divorciado,Blue,25188.0,3,1513,0
771190083,36,F,23,3,Pos-Graduacao,Solteiro,Blue,2410.0,2,2505,0
713135883,65,F,53,0,Ensino Medio,Casado,Blue,4315.0,3,1723,0
779330208,62,F,44,1,Faculdade,Casado,Blue,2378.0,2,1807,0
807964908,41,M,36,4,Ensino Medio,Casado,Blue,8013.0,2,1481,0
711748983,30,M,17,1,Ensino Medio,Casado,Blue,7906.0,3,1946,0
718064283,46,M,34,3,Ensino Fundamental,Divorciado,Blue,11501.0,3,1481,0
710492733,29,M,19,0,Pos-Graduacao,Solteiro,Blue,13632.0,1,2168,0
779016408,37,F,27,3,Ensino Fundamental,Casado,Blue,2229.0,1,1583,0
717787533,51,F,40,1,Ensino Medio,Casado,Blue,5158.0,1,1229,0
714851058,31,M,21,0,Mestrado,Casado,Blue,2158.0,3,1718,0
708455883,57,M,36,1,Mestrado,Solteiro,Blue,10244.0,3,1127,1
709207458,44,M,27,3,Mestrado,Casado,Blue,10747.0,2,1340,0
763895958,53,M,46,2,Ensino Medio,Casado,Blue,7474.0,3,732,1
715942683,32,F,36,3,Mestrado,Solteiro,Blue,3555.0,1,2346,0
721301733,53,M,38,1,Mestrado,Casado,Blue,22140.0,3,1580,0
711927108,54,M,36,3,Ensino Medio,Casado,Blue,9457.0,3,1196,1
717548358,38,F,25,1,Faculdade,Casado,Blue,2580.0,3,1665,0
713936583,54,M,43,2,Mestrado,Casado,Blue,6224.0,3,2187,0
709682658,37,F,36,4,Ensino Medio,Solteiro,Blue,3093.0,3,1371,0
793889508,48,F,42,2,Mestrado,Casado,Blue,4076.0,3,1235,0
714648933,55,F,36,3,Mestrado,Casado,Blue,4861.0,2,1556,0
717420333,37,M,26,1,Ensino Medio,Solteiro,Blue,7349.0,3,2701,0
768921933,34,M,28,2,Ensino Medio,Casado,Blue,2853.0,3,1750,0
714311583,46,F,36,4,Mestrado,Solteiro,Blue,17023.0,3,1610,0
716343408,46,M,38,3,Mestrado,Divorciado,Blue,8475.0,2,1381,0
718909158,38,M,25,1,Faculdade,Casado,Blue,5559.0,3,1793,0
719471433,31,F,22,0,Mestrado,Casado,Blue,2917.0,3,1831,0
711147483,46,F,28,3,Mestrado,Solteiro,Blue,8551.0,2,1097,1
719788833,47,M,36,3,Ensino Medio,Casado,Blue,10569.0,2,1682,0
715168983,47,F,36,3,Mestrado,Casado,Blue,7051.0,2,1451,0
714306258,56,M,46,1,Faculdade,Casado,Blue,10117.0,2,1509,0
710574558,47,M,41,4,Mestrado,Solteiro,Blue,26442.0,3,1403,0
710947683,64,F,51,0,Mestrado,Casado,Blue,4920.0,3,1420,0
718923858,42,M,29,1,Faculdade,Casado,Silver,26750.0,2,1131,0
752666508,41,M,34,4,Faculdade,Casado,Silver,34516.0,3,1005,0
712672083,65,F,36,0,Ensino Medio,Casado,Blue,1438.3,3,948,0
719863758,49,F,41,3,Pos-Graduacao,Casado,Blue,1869.0,2,1549,0
720990183,54,M,36,5,Ensino Medio,Casado,Blue,14539.0,2,965,1
720718908,46,M,36,3,Ensino Fundamental,Solteiro,Blue,26977.0,1,1958,0
708249708,48,F,39,1,Doutorado,Casado,Blue,4844.0,3,1489,0
779506158,39,F,22,1,Faculdade,Casado,Blue,3214.0,1,2516,0
716608608,41,M,33,2,Ensino Fundamental,Casado,Blue,8004.0,3,1084,1
789528183,39,F,31,2,Mestrado,Casado,Blue,1438.3,2,2583,0
824805858,39,F,35,2,Ensino Fundamental,Solteiro,Blue,9235.0,3,1537,0
720840108,44,M,24,0,Ensino Fundamental,Casado,Blue,8837.0,3,3753,0
713220258,65,F,36,0,Ensino Medio,Casado,Blue,8138.0,3,1299,0
813469458,26,F,20,1,Mestrado,Solteiro,Blue,1438.3,3,2167,0
718870158,47,M,34,4,Ensino Medio,Casado,Blue,4592.0,2,1772,0
788673708,57,F,45,2,Ensino Medio,Casado,Blue,1438.3,1,1254,1
816513108,54,M,49,4,Mestrado,Casado,Blue,5269.0,1,2195,0
718594608,43,F,36,2,Pos-Graduacao,Casado,Blue,20156.0,3,1362,0
823606983,39,M,35,2,Faculdade,Casado,Blue,7410.0,3,2398,0
717028158,53,M,44,3,Mestrado,Casado,Blue,12163.0,2,2649,0
714472608,59,M,49,0,Faculdade,Casado,Blue,4250.0,3,1174,0
710793783,53,F,40,3,Mestrado,Casado,Blue,12059.0,3,1836,0
794340033,34,F,28,3,Ensino Fundamental,Casado,Blue,2799.0,1,1817,0
716462658,47,M,36,4,Doutorado,Solteiro,Blue,18037.0,1,1387,0
718050033,54,M,43,2,Faculdade,Casado,Blue,5657.0,2,2028,0
714023808,42,F,33,2,Mestrado,Casado,Blue,13770.0,1,1582,0
716341833,53,F,44,3,Faculdade,Casado,Blue,4646.0,2,1774,0
719648358,50,M,35,2,Mestrado,Solteiro,Blue,2514.0,3,1636,0
816600933,56,M,51,0,Faculdade,Casado,Blue,14501.0,2,1031,1
714208533,43,M,36,3,Ensino Medio,Casado,Blue,8663.0,3,916,1
713095533,44,F,36,4,Ensino Medio,Divorciado,Blue,2333.0,3,1198,0
809967783,34,F,26,4,Mestrado,Divorciado,Blue,3038.0,5,2189,0
708655983,49,F,40,3,Ensino Medio,Divorciado,Blue,5267.0,3,1353,0
720426708,56,M,45,3,Ensino Medio,Solteiro,Blue,8512.0,1,811,1
713743158,47,M,36,1,Mestrado,Casado,Blue,19063.0,3,1270,0
721279083,53,M,33,4,Mestrado,Solteiro,Blue,5376.0,3,1840,0
779149683,30,F,13,0,Mestrado,Divorciado,Blue,7772.0,1,2585,0
714970458,39,F,29,2,Ensino Medio,Casado,Blue,9173.0,1,1807,0
719070108,44,M,35,2,Mestrado,Casado,Silver,34516.0,1,1729,0
715490733,54,F,36,3,Ensino Fundamental,Solteiro,Blue,11975.0,1,1211,0
714989583,46,M,36,2,Mestrado,Casado,Blue,15405.0,2,1763,0
715901508,35,M,25,1,Ensino Medio,Casado,Blue,23991.0,1,1843,0
710370483,39,F,31,4,Faculdade,Casado,Blue,1888.0,3,1517,0
778573233,61,F,54,1,Mestrado,Casado,Blue,3102.0,2,1977,0
708833133,40,F,29,3,Mestrado,Divorciado,Blue,3170.0,2,2027,0
719885883,53,M,36,3,Faculdade,Solteiro,Blue,34516.0,2,1497,0
708134283,35,M,36,2,Ensino Fundamental,Casado,Blue,3131.0,3,1483,0
708983658,51,M,39,2,Ensino Fundamental,Solteiro,Blue,16868.0,3,940,1
766285608,42,M,35,3,Ensino Medio,Solteiro,Blue,3266.0,3,2183,0
798035358,46,F,40,4,Ensino Medio,Solteiro,Blue,3556.0,2,1221,0
719391783,46,M,35,4,Ensino Fundamental,Casado,Blue,9149.0,2,1790,0
809342208,26,M,19,0,Mestrado,Solteiro,Blue,1438.3,1,2005,0
780713058,46,M,35,3,Ensino Medio,Casado,Blue,14701.0,3,3490,0
779338683,62,M,44,1,Mestrado,Casado,Blue,14825.0,2,1904,0
783387783,55,M,49,2,Ensino Fundamental,Divorciado,Blue,10127.0,5,1647,0
787800108,55,M,45,2,Faculdade,Casado,Blue,2929.0,1,1903,0
721397808,32,M,24,0,Ensino Medio,Casado,Blue,3735.0,2,1564,0
778698408,37,F,18,4,Ensino Fundamental,Casado,Blue,2930.0,1,1686,0
709545333,33,F,29,4,Ensino Medio,Solteiro,Blue,12716.0,2,2412,0
716032233,42,M,32,2,Faculdade,Casado,Blue,22120.0,2,3981,0
717835908,33,M,22,2,Pos-Graduacao,Casado,Blue,1438.3,3,2730,0
719466558,60,F,36,0,Ensino Medio,Solteiro,Blue,4546.0,2,1361,0
778663458,65,M,47,1,Ensino Medio,Casado,Blue,1759.0,2,821,1
716024808,57,M,36,1,Mestrado,Casado,Blue,4829.0,3,938,1
794831733,45,F,39,5,Mestrado,Casado,Blue,2156.0,3,1345,0
713854608,62,M,36,1,Ensino Fundamental,Casado,Blue,9521.0,3,2444,0
715993608,51,M,41,2,Faculdade,Solteiro,Blue,26714.0,3,1686,0
789368658,57,M,47,2,Mestrado,Casado,Blue,2092.0,2,1468,0
802817358,38,F,32,3,Ensino Medio,Casado,Blue,11594.0,2,2320,0
708098133,32,F,19,0,Mestrado,Casado,Blue,2834.0,1,1598,0
801499908,43,F,37,4,Mestrado,Casado,Blue,4724.0,3,1232,0
708162558,64,F,54,0,Ensino Fundamental,Casado,Blue,3250.0,1,1355,0
721129383,53,F,36,1,Doutorado,Casado,Blue,3128.0,1,2361,0
721249158,42,M,30,2,Ensino Fundamental,Solteiro,Blue,6414.0,2,708,1
721049658,53,M,34,3,Mestrado,Solteiro,Blue,2506.0,3,1687,0
806392908,52,F,47,4,Ensino Medio,Solteiro,Blue,7469.0,2,1212,0
714886533,60,F,36,2,Ensino Medio,Casado,Blue,3460.0,3,1752,0
772375533,30,M,19,1,Mestrado,Casado,Blue,9959.0,3,1560,0
826775058,43,F,39,3,Ensino Fundamental,Casado,Blue,4175.0,1,1520,0
711878733,60,M,48,1,Ensino Fundamental,Casado,Blue,10264.0,1,1685,0
714550383,46,M,36,2,Ensino Medio,Solteiro,Blue,4129.0,3,1678,0
712636308,65,F,45,2,Ensino Medio,Casado,Blue,2658.0,2,1627,0
772139433,44,F,33,2,Faculdade,Solteiro,Blue,4589.0,2,1637,0
709058808,56,F,36,2,Faculdade,Casado,Blue,2781.0,1,1707,0
813240408,45,F,39,4,Ensino Medio,Casado,Blue,24880.0,3,1208,0
710111733,48,M,39,2,Ensino Medio,Casado,Blue,8091.0,1,1360,0
761544333,37,F,30,4,Faculdade,Casado,Blue,3417.0,4,1641,0
788814783,39,M,22,1,Ensino Fundamental,Solteiro,Blue,9204.0,3,1820,0
715034358,41,M,32,2,Mestrado,Casado,Blue,14302.0,2,1505,0
709624533,55,F,45,2,Ensino Medio,Casado,Blue,3187.0,2,1627,0
709942383,34,M,36,1,Mestrado,Casado,Blue,6313.0,3,1703,0
713378133,54,F,39,0,Pos-Graduacao,Solteiro,Silver,11696.0,2,2445,0
709217358,40,M,36,3,Pos-Graduacao,Casado,Blue,20371.0,3,1665,0
720998358,52,M,41,0,Ensino Medio,Casado,Silver,34516.0,3,1489,0
721051908,45,M,33,3,Mestrado,Solteiro,Blue,7552.0,1,1393,0
715232058,61,M,53,0,Pos-Graduacao,Casado,Blue,5561.0,1,1820,0
806250783,57,F,52,2,Ensino Medio,Casado,Blue,1441.0,3,2742,0
826477083,48,F,44,2,Faculdade,Casado,Blue,4570.0,1,1520,0
788728608,34,M,13,0,Ensino Medio,Casado,Blue,3870.0,3,1588,0
717190533,49,M,36,4,Ensino Medio,Casado,Blue,12938.0,3,1282,0
716580033,53,M,36,3,Ensino Medio,Casado,Blue,21178.0,1,1872,0
711644508,34,M,36,2,Ensino Fundamental,Solteiro,Blue,12182.0,2,2295,0
714334383,54,M,42,2,Mestrado,Casado,Blue,3583.0,2,1065,0
720611058,40,M,27,3,Mestrado,Solteiro,Blue,17018.0,2,1550,0
712420833,49,F,41,5,Faculdade,Solteiro,Blue,16031.0,3,1527,0
713845083,41,F,36,4,Ensino Medio,Solteiro,Blue,4203.0,2,1489,1
713756508,46,M,36,3,Mestrado,Divorciado,Blue,4213.0,1,1264,0
735565158,46,M,33,4,Mestrado,Casado,Blue,21548.0,2,1582,0
717180633,59,M,36,1,Pos-Graduacao,Casado,Blue,2483.0,2,1704,0
717295683,50,M,38,0,Doutorado,Solteiro,Blue,3460.0,2,1546,0
710070183,53,F,36,1,Ensino Medio,Solteiro,Blue,2615.0,2,1419,0
789605658,42,F,35,1,Doutorado,Casado,Blue,2985.0,3,1065,0
710045058,46,M,28,5,Ensino Medio,Casado,Silver,18797.0,1,1364,0
710164683,33,M,22,1,Mestrado,Casado,Blue,2859.0,1,2247,0
710802258,46,F,38,2,Mestrado,Casado,Blue,2888.0,3,1111,0
721036233,61,M,36,0,Ensino Medio,Casado,Blue,9172.0,3,1836,0
710036508,42,M,34,5,Ensino Fundamental,Casado,Blue,14281.0,3,1164,0
717776808,47,F,39,4,Mestrado,Solteiro,Blue,7353.0,2,2005,0
714906033,47,F,36,2,Mestrado,Solteiro,Blue,5145.0,2,1588,0
714273708,53,F,36,4,Mestrado,Casado,Blue,4753.0,2,2242,0
721117533,46,F,26,3,Mestrado,Solteiro,Blue,2171.0,3,1415,0
715374558,26,M,36,0,Faculdade,Divorciado,Blue,4150.0,2,2483,0
824807658,45,M,41,3,Mestrado,Casado,Blue,9106.0,3,1239,0
714940608,36,M,36,2,Ensino Medio,Divorciado,Blue,2686.0,3,2057,0
717561108,52,M,36,1,Mestrado,Casado,Blue,34516.0,3,1629,0
717127083,37,M,25,3,Mestrado,Casado,Blue,15017.0,3,2076,0
772460508,53,M,43,1,Ensino Fundamental,Casado,Blue,4426.0,1,1231,0
720484908,65,F,52,1,Pos-Graduacao,Casado,Blue,2155.0,3,1655,0
794664183,38,M,19,0,Ensino Fundamental,Casado,Blue,3238.0,1,1501,0
797488158,52,M,46,2,Ensino Medio,Casado,Blue,14316.0,3,1313,0
708543258,36,M,36,3,Ensino Medio,Casado,Blue,2607.0,3,2045,0
778706508,43,M,24,4,Faculdade,Casado,Blue,6231.0,5,1448,0
713650683,65,F,56,0,Mestrado,Casado,Blue,3094.0,1,1591,0
772532208,51,F,41,2,Doutorado,Casado,Blue,6630.0,2,842,1
778929783,40,M,22,3,Mestrado,Divorciado,Blue,1925.0,2,781,1
718797558,39,F,30,1,Mestrado,Casado,Blue,2917.0,2,2422,0
712821333,60,M,47,0,Ensino Fundamental,Casado,Blue,9452.0,3,1825,0
721120008,43,F,29,2,Ensino Fundamental,Solteiro,Blue,2162.0,3,1555,0
709633533,31,M,18,2,Ensino Fundamental,Casado,Blue,1438.3,2,2789,0
710789058,55,M,42,1,Mestrado,Solteiro,Blue,34516.0,2,1308,0
716174433,65,F,54,1,Faculdade,Casado,Blue,2888.0,3,2489,0
789886533,54,F,44,1,Ensino Medio,Casado,Blue,3947.0,3,1110,0
715210308,40,F,31,1,Ensino Medio,Casado,Blue,15970.0,3,1260,0
721038408,38,F,27,2,Ensino Medio,Casado,Blue,1830.0,1,1741,0
713325108,36,M,29,2,Pos-Graduacao,Casado,Blue,7712.0,3,1845,0
708431433,41,M,31,3,Mestrado,Casado,Blue,11789.0,3,1463,0
716996583,50,M,37,3,Ensino Medio,Divorciado,Blue,3073.0,1,1734,0
718699683,48,M,36,3,Faculdade,Casado,Silver,34516.0,2,1733,0
716604633,55,F,46,2,Pos-Graduacao,Casado,Blue,6725.0,2,1865,0
713053383,42,M,36,3,Mestrado,Casado,Blue,34516.0,1,853,1
709979583,54,M,46,3,Mestrado,Casado,Blue,34516.0,1,1999,0
709380333,57,M,36,1,Ensino Fundamental,Casado,Blue,24545.0,2,1671,0
778574283,53,F,46,1,Ensino Fundamental,Casado,Blue,1438.3,2,2118,0
789875883,41,F,31,4,Ensino Fundamental,Solteiro,Blue,2490.0,1,1391,0
714661233,39,M,24,1,Mestrado,Solteiro,Blue,10074.0,2,1729,0
813915933,45,M,40,2,Mestrado,Divorciado,Blue,2259.0,3,1393,0
708358683,46,M,35,2,Mestrado,Casado,Silver,34516.0,3,1665,0
824761458,54,M,50,2,Ensino Medio,Casado,Blue,9519.0,2,2489,0
715362183,40,F,36,4,Mestrado,Casado,Blue,3706.0,1,1688,0
803595858,56,F,51,3,Ensino Medio,Casado,Blue,1438.3,2,594,1
716198358,33,F,36,4,Pos-Graduacao,Casado,Blue,2372.0,2,1852,0
714173808,44,F,34,4,Mestrado,Solteiro,Blue,4214.0,1,1389,0
709465758,62,F,53,1,Pos-Graduacao,Casado,Blue,1438.3,1,902,0
714081558,33,F,36,0,Mestrado,Casado,Blue,2613.0,2,1387,0
717364458,36,F,26,3,Ensino Medio,Casado,Blue,4331.0,1,2053,0
710754933,61,F,49,0,Mestrado,Casado,Blue,1438.3,2,840,1
718362783,35,M,27,2,Mestrado,Casado,Blue,12643.0,2,787,1
708267858,65,F,36,0,Ensino Medio,Casado,Blue,6088.0,2,2098,0
708856983,36,M,27,3,Pos-Graduacao,Casado,Blue,13873.0,1,694,1
715588908,42,F,32,4,Mestrado,Solteiro,Blue,6158.0,2,3132,0
772674933,51,M,41,1,Ensino Fundamental,Casado,Blue,5638.0,3,2036,0
720148983,54,F,40,1,Ensino Fundamental,Casado,Blue,2178.0,2,1724,0
769732233,40,M,34,5,Mestrado,Casado,Blue,11942.0,2,1085,0
713030958,57,F,44,2,Faculdade,Casado,Blue,3914.0,3,1964,0
711320508,57,M,49,4,Mestrado,Casado,Blue,3038.0,2,1762,0
795795408,53,M,47,2,Ensino Fundamental,Casado,Blue,5579.0,1,1514,0
717904383,40,M,31,2,Mestrado,Casado,Blue,18693.0,1,1516,0
714115533,28,M,18,0,Mestrado,Casado,Blue,2943.0,1,2591,0
712475733,38,F,28,3,Ensino Medio,Casado,Blue,2435.0,2,1847,0
718996758,37,F,30,2,Mestrado,Casado,Blue,2077.0,2,1629,0
713049933,65,F,36,1,Ensino Medio,Casado,Blue,5756.0,2,2144,0
709961958,58,F,45,4,Ensino Medio,Divorciado,Blue,21065.0,1,1060,1
718301508,41,M,30,2,Ensino Medio,Casado,Blue,9428.0,3,1457,0
714831033,54,M,47,5,Mestrado,Casado,Blue,6065.0,1,1114,0
710653158,39,F,21,4,Mestrado,Casado,Blue,5024.0,1,1925,0
721265883,26,M,13,1,Mestrado,Solteiro,Blue,2174.0,3,2510,0
715394883,35,F,36,2,Ensino Medio,Casado,Blue,4319.0,2,1852,0
773448558,46,M,40,3,Mestrado,Divorciado,Blue,3673.0,3,1257,0
708344358,53,F,45,3,Ensino Medio,Casado,Blue,2495.0,1,1311,0
712003083,55,M,36,1,Mestrado,Casado,Blue,34516.0,2,1612,0
754282908,50,F,43,1,Pos-Graduacao,Casado,Blue,3368.0,1,2022,0
717412608,38,F,28,2,Ensino Medio,Casado,Blue,7225.0,2,738,1
719412258,39,F,30,3,Mestrado,Solteiro,Blue,5202.0,3,1558,0
717683583,39,M,36,3,Ensino Medio,Solteiro,Blue,6929.0,2,1388,0
820584408,49,F,44,3,Mestrado,Solteiro,Blue,4364.0,3,1392,0
719392833,45,F,38,3,Mestrado,Casado,Blue,2400.0,3,1311,0
718595583,55,M,36,3,Mestrado,Casado,Blue,25878.0,2,1777,0
778508883,44,M,24,5,Mestrado,Casado,Blue,11876.0,1,1367,0
711999783,41,M,31,3,Ensino Fundamental,Casado,Blue,4740.0,2,1406,0
789920883,45,F,36,3,Mestrado,Solteiro,Blue,11189.0,3,2959,0
716284308,65,M,55,2,Mestrado,Casado,Blue,6099.0,2,1319,0
712120608,35,M,27,3,Faculdade,Casado,Blue,3575.0,2,861,1
715482483,26,M,36,0,Ensino Medio,Solteiro,Blue,3184.0,2,2253,0
720848733,38,M,24,1,Ensino Medio,Casado,Blue,13363.0,3,1815,0
826723308,58,M,54,3,Faculdade,Casado,Blue,3452.0,1,1008,0
801369258,47,F,41,5,Pos-Graduacao,Casado,Blue,4466.0,2,1757,0
709584483,33,F,25,3,Mestrado,Casado,Blue,3030.0,1,1805,0
715708308,54,F,39,3,Doutorado,Casado,Blue,2112.0,1,1338,0
779707308,35,F,18,1,Mestrado,Casado,Blue,7583.0,1,2229,0
711688158,47,M,27,5,Mestrado,Solteiro,Blue,11760.0,3,1498,0
711848658,35,M,17,3,Faculdade,Casado,Blue,2259.0,3,1790,0
715855083,48,M,36,4,Ensino Medio,Casado,Blue,19762.0,2,2793,0
778971408,36,M,17,4,Doutorado,Casado,Blue,2803.0,2,1968,0
711648708,44,M,36,3,Mestrado,Casado,Blue,25666.0,3,4088,0
713149683,44,F,24,3,Faculdade,Solteiro,Blue,9297.0,1,1264,0
771903033,36,F,25,1,Mestrado,Casado,Blue,2999.0,1,2017,0
737925558,64,M,56,0,Doutorado,Casado,Blue,4234.0,2,1439,0
803347908,34,F,28,1,Mestrado,Solteiro,Gold,15987.0,3,2327,0
817285758,49,M,33,4,Mestrado,Solteiro,Blue,16435.0,5,1721,0
711480108,37,M,24,4,Ensino Medio,Casado,Blue,5335.0,1,1888,0
709662708,65,M,53,1,Ensino Medio,Casado,Blue,3506.0,3,1953,0
709224858,53,M,36,2,Pos-Graduacao,Casado,Blue,3610.0,1,1652,0
821771508,32,M,28,0,Ensino Medio,Casado,Blue,3172.0,1,1939,0
710522433,65,M,46,0,Mestrado,Casado,Blue,2416.0,2,2372,0
779046408,60,M,41,0,Mestrado,Casado,Blue,2458.0,2,1238,0
708595158,27,F,36,0,Mestrado,Solteiro,Blue,1677.0,1,2389,0
757266933,52,M,45,2,Pos-Graduacao,Casado,Blue,11819.0,1,2431,0
719904333,29,M,36,0,Mestrado,Casado,Blue,1459.0,3,2229,0
718264233,29,M,13,0,Ensino Medio,Casado,Blue,1458.0,1,2449,0
784798683,38,M,32,2,Ensino Medio,Casado,Blue,1438.3,2,1999,0
710899833,36,M,18,2,Mestrado,Casado,Blue,7758.0,1,569,1
780025908,40,F,30,2,Pos-Graduacao,Casado,Silver,10836.0,2,1293,0
713610033,47,M,36,3,Pos-Graduacao,Solteiro,Blue,5062.0,3,1314,0
709364433,36,F,30,3,Ensino Medio,Casado,Blue,3399.0,2,1571,0
713086908,26,M,36,0,Ensino Medio,Solteiro,Blue,2212.0,2,2520,0
710032608,52,F,32,1,Mestrado,Solteiro,Blue,5927.0,1,1558,0
719776608,50,M,37,2,Mestrado,Casado,Blue,3126.0,1,1388,0
709220583,34,M,21,3,Mestrado,Divorciado,Blue,4670.0,4,2256,0
719555733,53,F,36,2,Ensino Fundamental,Casado,Blue,2162.0,3,1736,0
740852733,49,M,42,3,Ensino Medio,Casado,Blue,10155.0,1,1685,0
709528308,53,M,46,4,Ensino Medio,Casado,Blue,15242.0,2,1876,0
715127208,48,M,36,3,Doutorado,Divorciado,Blue,34516.0,3,1699,0
817144458,32,F,17,2,Mestrado,Solteiro,Blue,1438.3,1,2580,0
710628783,38,M,36,4,Ensino Medio,Solteiro,Gold,34516.0,1,1445,0
772145658,43,M,32,4,Ensino Fundamental,Solteiro,Blue,16043.0,1,1394,0
739594758,51,F,44,2,Mestrado,Solteiro,Blue,3181.0,3,818,1
789198708,58,M,47,3,Mestrado,Casado,Blue,27088.0,1,1135,0
720953658,59,F,36,0,Mestrado,Casado,Blue,5688.0,3,1824,0
771330558,51,M,38,4,Ensino Medio,Casado,Blue,10462.0,2,1267,0
714078558,62,F,53,1,Ensino Medio,Casado,Blue,5249.0,1,1315,1
788826408,33,M,16,1,Ensino Fundamental,Casado,Blue,10705.0,1,2434,0
790128033,54,M,47,3,Ensino Medio,Solteiro,Blue,16494.0,1,1302,0
718082208,37,F,30,1,Mestrado,Casado,Blue,6469.0,3,1717,0
711711483,61,M,50,0,Ensino Medio,Casado,Blue,2800.0,1,1433,0
709426608,56,M,46,1,Doutorado,Casado,Blue,5248.0,2,2305,0
811457058,51,F,46,3,Pos-Graduacao,Casado,Blue,5881.0,3,1931,0
773073558,44,F,36,3,Mestrado,Divorciado,Blue,1467.0,3,1731,0
715937133,64,F,52,1,Ensino Fundamental,Casado,Blue,4999.0,2,1601,0
713480583,46,F,36,3,Ensino Medio,Casado,Blue,4668.0,2,1612,0
713693958,38,F,27,1,Ensino Fundamental,Solteiro,Blue,8638.0,3,1295,0
715443708,53,M,45,1,Ensino Fundamental,Casado,Blue,9343.0,1,1385,0
770769483,35,M,21,2,Pos-Graduacao,Casado,Blue,2256.0,1,1749,0
789326808,26,M,15,0,Faculdade,Solteiro,Blue,8267.0,1,1917,0
712105533,32,M,20,2,Ensino Medio,Solteiro,Blue,2235.0,3,2905,0
720674133,36,M,16,1,Ensino Fundamental,Casado,Blue,3735.0,3,1672,0
779216358,48,M,38,2,Faculdade,Casado,Blue,2111.0,2,773,1
710279508,52,M,42,2,Mestrado,Casado,Blue,21782.0,3,1537,0
712168833,52,F,36,1,Ensino Medio,Casado,Blue,2133.0,3,1426,0
780581508,58,F,47,1,Doutorado,Solteiro,Silver,16677.0,2,1410,0
711957708,38,F,36,2,Mestrado,Casado,Blue,2717.0,3,2064,0
778782858,60,M,48,1,Mestrado,Solteiro,Blue,3980.0,3,4449,0
709366458,43,F,36,3,Faculdade,Casado,Blue,2227.0,2,1972,0
796990908,35,M,29,3,Pos-Graduacao,Solteiro,Silver,34516.0,3,2227,0
715702758,38,F,36,4,Mestrado,Casado,Blue,1860.0,3,1731,0
787438983,43,M,23,3,Faculdade,Solteiro,Blue,4559.0,2,1652,0
713834358,36,F,25,2,Pos-Graduacao,Casado,Blue,4701.0,3,1679,0
710084883,34,M,22,2,Faculdade,Casado,Blue,1631.0,2,2962,0
788915283,43,F,29,2,Faculdade,Solteiro,Blue,2304.0,1,1273,0
714916758,48,F,36,2,Ensino Fundamental,Casado,Blue,5210.0,3,1309,0
789611283,44,M,38,4,Mestrado,Casado,Blue,5452.0,2,1347,0
773288958,38,M,31,1,Mestrado,Casado,Blue,7475.0,3,1592,0
811721133,62,M,56,1,Ensino Medio,Casado,Blue,2359.0,3,2021,0
798110358,64,F,56,1,Ensino Medio,Casado,Blue,1438.3,2,1417,0
715745508,51,F,34,4,Mestrado,Solteiro,Blue,11221.0,1,1564,0
714350658,32,M,26,1,Mestrado,Solteiro,Blue,18889.0,3,2979,0
826478958,52,M,48,1,Faculdade,Casado,Blue,2066.0,3,1578,0
719127558,43,M,31,2,Ensino Medio,Divorciado,Blue,34516.0,2,3015,0
712454958,40,M,27,5,Mestrado,Solteiro,Blue,2742.0,1,1539,0
718561458,54,M,36,1,Ensino Medio,Casado,Blue,20050.0,1,1306,0
822984108,34,F,30,4,Ensino Medio,Solteiro,Blue,3046.0,1,2330,0
719469333,33,F,25,1,Ensino Medio,Solteiro,Blue,6193.0,3,2456,0
720871383,36,M,28,2,Mestrado,Casado,Blue,5634.0,3,2366,0
788827308,65,M,50,1,Mestrado,Casado,Blue,4507.0,2,1793,0
710180958,43,M,33,3,Ensino Medio,Solteiro,Blue,3040.0,2,1598,0
778346283,53,M,33,0,Mestrado,Casado,Blue,21006.0,3,1856,0
787547208,48,F,38,3,Faculdade,Solteiro,Blue,7326.0,3,1852,0
714983283,39,F,36,3,Ensino Medio,Solteiro,Blue,3651.0,1,862,1
710406633,51,F,36,3,Ensino Fundamental,Casado,Blue,3664.0,3,1168,1
767653233,48,M,42,3,Mestrado,Casado,Blue,6085.0,1,3154,0
719461008,51,M,38,2,Ensino Medio,Casado,Blue,22332.0,3,1318,0
775198608,38,F,32,2,Mestrado,Casado,Blue,4429.0,3,1970,0
717567333,35,M,26,3,Mestrado,Casado,Blue,3991.0,3,1661,0
772794108,46,F,36,3,Doutorado,Solteiro,Blue,2201.0,1,3165,0
712072908,48,M,36,4,Faculdade,Solteiro,Blue,2852.0,3,1382,0
709328733,49,F,37,2,Ensino Fundamental,Casado,Blue,9723.0,3,1258,0
788107683,35,M,27,4,Ensino Medio,Casado,Blue,5325.0,2,1814,0
712440483,54,F,44,2,Ensino Fundamental,Casado,Blue,5413.0,1,1164,0
715078383,64,F,36,0,Mestrado,Casado,Blue,7646.0,1,1667,0
709214358,39,F,30,3,Mestrado,Divorciado,Blue,2420.0,3,1362,0
778399008,50,M,30,0,Ensino Medio,Casado,Blue,4252.0,4,1598,0
811534983,54,F,49,3,Mestrado,Casado,Blue,2031.0,2,1943,0
719728383,38,F,28,4,Mestrado,Casado,Blue,6861.0,1,2228,0
718726833,39,M,28,1,Ensino Medio,Casado,Blue,3327.0,2,1665,0
719450508,53,M,41,2,Ensino Medio,Casado,Blue,7272.0,3,2333,0
711213108,32,M,36,1,Faculdade,Divorciado,Blue,34516.0,3,2305,0
708488208,57,F,47,3,Ensino Fundamental,Casado,Blue,2515.0,3,2231,0
717206508,65,F,36,0,Ensino Medio,Casado,Blue,2798.0,2,1543,0
821836008,57,M,53,2,Ensino Fundamental,Solteiro,Blue,34516.0,2,1233,0
807244983,65,F,56,0,Faculdade,Casado,Blue,1438.3,1,2283,0
821872758,65,M,56,0,Ensino Medio,Solteiro,Silver,12609.0,2,2121,0
809959683,55,M,50,2,Faculdade,Casado,Blue,19159.0,2,1813,0
715079208,54,M,42,1,Faculdade,Casado,Blue,9642.0,1,1401,0
767049258,44,M,37,4,Ensino Medio,Solteiro,Blue,8396.0,3,1475,0
709579383,58,M,50,1,Ensino Fundamental,Casado,Blue,6978.0,3,1362,0
781923483,53,F,47,1,Faculdade,Casado,Blue,2459.0,3,2309,0
718654533,33,F,24,1,Ensino Medio,Solteiro,Silver,12956.0,2,2492,0
716169258,47,F,39,5,Mestrado,Casado,Blue,7128.0,3,1468,0
708212658,38,F,18,3,Mestrado,Casado,Blue,2193.0,3,1799,0
756013833,57,M,50,3,Doutorado,Casado,Blue,4522.0,2,1806,0
719358333,36,M,28,4,Ensino Fundamental,Casado,Blue,2157.0,1,1663,0
713735508,35,M,25,3,Ensino Fundamental,Casado,Blue,11927.0,1,1986,0
738749733,57,F,47,4,Doutorado,Casado,Blue,7345.0,3,1390,0
814833408,56,M,51,2,Doutorado,Casado,Blue,6036.0,3,1741,0
719182308,38,F,27,2,Ensino Medio,Solteiro,Blue,2096.0,1,1559,0
818497758,54,F,49,3,Mestrado,Casado,Blue,1906.0,1,1343,0
709991883,53,M,42,1,Mestrado,Casado,Blue,6214.0,1,938,1
770901258,30,F,17,1,Mestrado,Casado,Blue,1512.0,1,2558,0
711499158,47,M,38,2,Ensino Fundamental,Casado,Silver,34516.0,3,3018,0
720445533,60,F,53,1,Faculdade,Casado,Blue,3346.0,3,1276,0
809951133,54,M,49,3,Faculdade,Solteiro,Blue,34516.0,2,2115,1
714657108,37,F,28,2,Ensino Fundamental,Casado,Blue,6660.0,2,2660,0
789048858,32,F,20,1,Pos-Graduacao,Casado,Blue,2234.0,2,2115,0
771816408,44,F,33,4,Ensino Fundamental,Casado,Blue,9671.0,4,2955,0
798158808,53,F,47,1,Faculdade,Solteiro,Blue,6605.0,3,2017,0
787685658,43,M,33,2,Ensino Medio,Divorciado,Blue,3083.0,3,1448,0
720141408,49,F,31,2,Mestrado,Solteiro,Blue,5456.0,1,1096,1
708216108,56,F,44,1,Faculdade,Casado,Blue,4088.0,1,2250,0
715074258,26,F,36,0,Mestrado,Solteiro,Blue,3930.0,3,2067,0
771653583,58,M,46,1,Ensino Medio,Casado,Blue,4188.0,2,1276,0
720836808,35,M,28,3,Ensino Medio,Solteiro,Blue,11521.0,2,2260,0
818701383,37,M,32,3,Ensino Medio,Casado,Blue,2253.0,2,1641,0
717277833,27,F,13,1,Mestrado,Solteiro,Blue,2339.0,2,2294,0
778137108,43,M,37,4,Ensino Medio,Solteiro,Blue,30503.0,1,1860,0
720973833,49,M,36,2,Mestrado,Divorciado,Blue,4596.0,3,2872,0
768490458,49,M,43,2,Ensino Fundamental,Casado,Blue,5701.0,3,961,1
751487358,39,F,32,3,Mestrado,Casado,Blue,3221.0,6,1765,0
712742808,41,F,29,3,Ensino Fundamental,Casado,Blue,3022.0,3,1184,0
712820208,32,F,36,0,Ensino Medio,Divorciado,Blue,2699.0,2,2141,0
794649858,58,F,39,1,Ensino Fundamental,Casado,Blue,2210.0,3,1287,0
755262933,56,M,49,2,Pos-Graduacao,Casado,Blue,1438.3,3,1446,0
709541433,37,M,36,2,Mestrado,Casado,Blue,2041.0,3,1555,0
820622433,39,M,34,1,Ensino Medio,Casado,Blue,3250.0,2,2006,0
712586583,26,F,13,0,Mestrado,Solteiro,Blue,1643.0,3,2152,0
712196508,46,F,34,3,Ensino Medio,Solteiro,Blue,29543.0,3,1015,1
767269908,36,M,29,2,Faculdade,Casado,Blue,3158.0,3,2973,0
711310908,53,F,36,4,Faculdade,Casado,Blue,2972.0,1,2552,0
788862333,38,F,23,3,Ensino Fundamental,Casado,Blue,5645.0,2,1527,0
713194608,37,M,36,2,Mestrado,Casado,Blue,2463.0,3,2171,0
793550958,47,F,41,2,Mestrado,Casado,Blue,1438.3,3,1501,0
712607583,56,M,36,1,Faculdade,Divorciado,Blue,34516.0,3,2395,0
713921058,55,F,48,3,Ensino Medio,Casado,Blue,2897.0,2,1337,0
709183683,31,F,36,0,Ensino Fundamental,Solteiro,Blue,5391.0,2,1971,0
713407458,62,F,36,0,Mestrado,Solteiro,Blue,2870.0,2,3946,0
715241583,34,M,25,3,Ensino Medio,Casado,Blue,23959.0,2,1870,0
710475408,33,M,25,3,Ensino Medio,Casado,Blue,14918.0,2,2171,0
708971583,38,F,29,2,Ensino Fundamental,Solteiro,Blue,3590.0,3,1472,0
714547458,65,M,56,0,Mestrado,Casado,Blue,2297.0,3,1941,0
827631483,57,M,53,1,Ensino Medio,Casado,Blue,25058.0,2,2053,0
711159108,58,F,36,0,Ensino Medio,Casado,Blue,7418.0,2,911,1
789733008,39,F,27,2,Ensino Medio,Casado,Blue,10723.0,2,2938,0
714703158,39,F,36,2,Ensino Medio,Casado,Blue,1578.0,2,2017,0
710255208,60,M,49,0,Ensino Fundamental,Casado,Blue,2094.0,2,1969,0
779236083,37,F,19,3,Ensino Medio,Casado,Blue,4138.0,1,2420,0
713438358,41,F,30,4,Mestrado,Casado,Blue,5417.0,1,1768,0
715973583,56,M,36,3,Ensino Fundamental,Casado,Blue,34516.0,3,1378,0
794113758,60,M,54,0,Ensino Medio,Casado,Blue,9592.0,1,1821,0
709452633,56,F,36,4,Ensino Medio,Solteiro,Blue,8881.0,1,2027,0
788210583,62,M,54,0,Faculdade,Casado,Blue,1438.3,3,1843,0
717784983,41,F,33,2,Ensino Fundamental,Casado,Blue,3893.0,3,1536,0
768460908,59,M,53,1,Mestrado,Solteiro,Blue,6035.0,3,1551,0
718899708,55,F,36,1,Faculdade,Casado,Blue,17642.0,3,2148,0
714697533,26,M,15,1,Ensino Medio,Solteiro,Blue,4327.0,3,2344,0
713206683,40,M,22,4,Mestrado,Solteiro,Silver,34516.0,1,1028,1
713067033,37,M,28,2,Ensino Fundamental,Solteiro,Blue,7147.0,3,2539,0
789314133,37,M,27,1,Ensino Medio,Casado,Blue,10320.0,3,1754,0
713956308,65,F,49,0,Mestrado,Casado,Blue,3297.0,2,1894,0
711595833,46,M,36,3,Faculdade,Casado,Blue,9981.0,2,1456,0
779521533,53,M,36,2,Ensino Medio,Casado,Blue,3329.0,3,1978,0
715225458,56,F,36,1,Ensino Fundamental,Casado,Blue,5991.0,3,1867,0
716487408,48,M,30,3,Mestrado,Casado,Blue,3235.0,1,1637,0
719338383,34,M,21,2,Ensino Medio,Casado,Blue,6259.0,3,1836,0
710523333,65,M,56,0,Mestrado,Casado,Blue,2541.0,3,1416,0
787489083,55,M,43,4,Pos-Graduacao,Casado,Blue,21351.0,2,1887,0
779480658,58,F,42,4,Mestrado,Casado,Blue,10247.0,3,1754,0
711498258,54,M,42,3,Ensino Medio,Casado,Blue,20311.0,3,1266,0
709316433,52,M,33,2,Ensino Medio,Solteiro,Silver,33182.0,1,1630,0
778734108,36,M,16,3,Ensino Fundamental,Casado,Blue,1686.0,5,1758,0
778388358,56,M,36,3,Mestrado,Solteiro,Blue,4742.0,2,870,1
716773533,33,M,36,3,Mestrado,Casado,Blue,1726.0,1,1712,0
822130683,61,M,56,0,Mestrado,Casado,Blue,8420.0,2,1114,0
717268458,61,M,49,0,Mestrado,Casado,Blue,3352.0,3,1952,0
827888433,43,M,39,4,Ensino Fundamental,Solteiro,Blue,6648.0,2,2089,0
716522583,48,F,36,3,Faculdade,Divorciado,Blue,2335.0,3,1362,0
789415983,36,M,27,3,Mestrado,Casado,Blue,12397.0,3,1888,0
719819958,34,M,26,2,Ensino Fundamental,Casado,Blue,1438.3,1,2243,0
769579608,53,F,46,1,Mestrado,Solteiro,Blue,2240.0,6,3795,0
716615583,61,F,51,1,Ensino Medio,Casado,Blue,1795.0,3,1834,0
781131483,55,M,47,2,Ensino Medio,Casado,Blue,5741.0,1,2170,0
719101908,51,F,39,1,Mestrado,Casado,Blue,2002.0,3,1585,0
720521808,38,M,19,1,Mestrado,Solteiro,Blue,25662.0,3,1484,0
718136283,52,M,36,2,Ensino Fundamental,Solteiro,Blue,22103.0,1,1541,0
778855383,36,F,17,5,Ensino Medio,Casado,Blue,1438.3,1,1975,0
779722308,45,F,30,3,Ensino Medio,Casado,Blue,12355.0,2,1044,1
818926833,34,F,29,3,Faculdade,Casado,Blue,2000.0,1,1944,0
721217283,27,M,17,0,Mestrado,Solteiro,Blue,8713.0,2,2094,0
713371233,43,F,31,1,Mestrado,Casado,Silver,11583.0,1,3320,0
778426608,52,M,32,4,Mestrado,Casado,Blue,1438.3,3,1805,0
787515333,40,M,29,3,Ensino Fundamental,Casado,Blue,3616.0,2,820,1
718444233,45,M,25,3,Mestrado,Casado,Blue,9791.0,3,1649,0
771099183,37,F,24,2,Mestrado,Solteiro,Blue,8444.0,2,2497,0
770241333,49,F,43,4,Mestrado,Divorciado,Blue,2228.0,1,2104,0
710819733,56,M,36,3,Mestrado,Casado,Blue,12211.0,1,903,1
772155108,62,F,51,0,Ensino Medio,Casado,Blue,1438.3,3,1445,0
798796233,37,F,31,3,Ensino Medio,Casado,Blue,1586.0,3,1724,0
815472108,42,M,37,3,Ensino Medio,Solteiro,Blue,2247.0,3,1300,0
769145733,36,M,30,3,Mestrado,Solteiro,Blue,2789.0,4,2688,0
783364233,59,M,53,0,Mestrado,Casado,Blue,4241.0,2,1798,0
772236108,40,F,29,1,Mestrado,Casado,Blue,8398.0,1,1489,0
715640358,43,M,36,3,Ensino Medio,Solteiro,Blue,4112.0,3,1334,0
713529858,29,M,22,2,Mestrado,Divorciado,Silver,15578.0,2,2492,0
715684308,42,F,36,4,Mestrado,Casado,Blue,4008.0,2,1395,0
709451508,63,F,50,1,Ensino Medio,Casado,Blue,12766.0,1,1191,0
709204158,36,F,24,2,Pos-Graduacao,Solteiro,Blue,3438.0,2,2331,0
713182458,53,M,43,4,Ensino Medio,Casado,Blue,16692.0,1,1288,0
710624658,36,F,36,2,Ensino Fundamental,Casado,Blue,4066.0,2,3040,0
716793108,26,M,36,0,Faculdade,Solteiro,Blue,1934.0,1,2334,0
714051033,55,F,36,0,Mestrado,Casado,Blue,3615.0,2,1967,0
719139558,26,M,36,0,Ensino Fundamental,Solteiro,Blue,2665.0,3,2514,0
794632308,40,M,25,4,Mestrado,Casado,Silver,28822.0,3,1504,0
770662383,38,M,24,2,Mestrado,Solteiro,Blue,14632.0,3,1399,0
714787383,32,F,36,0,Faculdade,Casado,Blue,6715.0,3,1731,0
710581758,52,F,44,2,Mestrado,Solteiro,Blue,3360.0,2,1309,0
720497958,29,M,14,1,Mestrado,Casado,Blue,14853.0,3,1800,0
720920058,38,M,25,2,Mestrado,Casado,Blue,4800.0,3,2935,0
709855608,46,F,36,4,Ensino Medio,Casado,Blue,1438.3,3,1114,0
815484783,57,M,42,0,Ensino Fundamental,Solteiro,Blue,8377.0,4,1797,0
771602883,42,M,30,3,Ensino Medio,Solteiro,Blue,4147.0,5,1776,0
755953308,62,F,55,0,Pos-Graduacao,Casado,Blue,2644.0,1,1194,0
720917808,35,M,36,2,Ensino Medio,Solteiro,Blue,2100.0,3,2623,0
714997683,56,F,49,4,Mestrado,Casado,Blue,14915.0,1,1388,0
709379283,39,M,27,2,Mestrado,Casado,Blue,13003.0,1,1697,0
711840408,64,M,55,0,Faculdade,Casado,Blue,2492.0,3,1375,0
785328408,37,F,31,4,Mestrado,Casado,Blue,1758.0,2,2013,0
719873808,34,M,23,1,Faculdade,Casado,Blue,5510.0,2,1995,0
715528983,46,M,36,5,Ensino Fundamental,Divorciado,Blue,17196.0,1,1466,0
720254883,65,F,46,0,Ensino Medio,Casado,Blue,5877.0,1,2494,0
811980858,36,M,31,0,Mestrado,Casado,Blue,7667.0,1,1501,0
711330408,35,F,24,2,Faculdade,Casado,Blue,2939.0,1,2077,0
710616183,46,F,33,3,Ensino Fundamental,Solteiro,Blue,19995.0,3,1879,0
714580158,26,M,36,0,Pos-Graduacao,Casado,Blue,2773.0,1,3567,0
710798883,52,M,44,3,Mestrado,Solteiro,Blue,3323.0,2,1599,0
720511608,38,F,28,0,Mestrado,Casado,Blue,16049.0,3,1989,0
708913233,37,M,28,1,Ensino Medio,Casado,Blue,3601.0,4,1802,0
788038383,33,F,25,3,Mestrado,Casado,Blue,2307.0,2,2440,0
719905908,59,M,36,1,Ensino Fundamental,Casado,Blue,3742.0,3,1505,0
807044958,34,M,29,3,Ensino Medio,Casado,Blue,2937.0,3,2171,0
787643658,59,M,53,0,Mestrado,Casado,Blue,12554.0,1,1422,0
779138883,50,M,34,1,Mestrado,Casado,Blue,4702.0,3,1673,0
778401033,32,M,13,0,Ensino Medio,Casado,Blue,14308.0,3,1659,0
818375733,51,F,46,2,Faculdade,Casado,Blue,4882.0,1,1544,1
711048783,41,M,29,4,Doutorado,Casado,Blue,33405.0,3,1345,0
721415658,39,F,27,1,Mestrado,Casado,Blue,2700.0,1,2901,0
717961458,49,F,37,2,Ensino Fundamental,Solteiro,Blue,2934.0,1,3396,0
718068933,36,F,36,3,Ensino Fundamental,Solteiro,Blue,5750.0,2,2155,0
718623783,56,M,36,2,Faculdade,Casado,Blue,27157.0,3,1535,0
716565258,37,M,36,3,Doutorado,Solteiro,Blue,12830.0,2,2526,0
792565908,36,F,30,2,Ensino Fundamental,Solteiro,Blue,2684.0,2,2346,0
709267308,62,M,49,1,Mestrado,Casado,Blue,2437.0,1,1651,0
710035008,31,F,24,0,Ensino Fundamental,Solteiro,Blue,3827.0,2,2491,0
790082508,42,M,35,4,Ensino Medio,Solteiro,Blue,34516.0,2,2935,0
716866308,38,M,33,2,Ensino Medio,Casado,Blue,5940.0,3,1872,0
709707033,45,M,32,3,Mestrado,Solteiro,Blue,13162.0,3,1424,1
718346658,50,F,37,2,Mestrado,Casado,Blue,1963.0,2,1861,0
824157858,58,M,54,3,Mestrado,Casado,Blue,18713.0,3,1524,0
709735008,35,M,22,2,Ensino Medio,Casado,Blue,3023.0,1,1920,0
814593858,58,M,53,3,Ensino Medio,Solteiro,Blue,6103.0,1,1468,0
718416858,42,M,34,5,Mestrado,Casado,Blue,10607.0,3,1903,0
710307933,32,F,24,0,Faculdade,Solteiro,Blue,2917.0,3,2471,0
715870758,35,M,30,4,Mestrado,Casado,Blue,34516.0,3,2350,0
713819283,51,M,42,1,Ensino Fundamental,Casado,Blue,25197.0,2,3002,0
710424408,63,M,36,2,Mestrado,Casado,Blue,2743.0,2,1210,0
712489158,36,F,18,0,Ensino Fundamental,Solteiro,Blue,3667.0,3,2781,0
719013108,42,M,33,3,Mestrado,Divorciado,Blue,3178.0,2,4605,0
717769008,38,M,36,2,Mestrado,Casado,Blue,11444.0,3,2493,0
709986633,29,M,36,1,Ensino Medio,Casado,Blue,1438.3,1,2144,0
721062408,54,M,34,2,Ensino Fundamental,Divorciado,Blue,6387.0,3,1294,0
771349458,33,M,20,2,Mestrado,Casado,Blue,5657.0,3,1914,0
780557658,63,F,54,0,Ensino Fundamental,Casado,Blue,11827.0,3,1395,0
771441558,49,M,37,2,Pos-Graduacao,Casado,Blue,2608.0,3,2073,0
756409758,44,F,37,2,Mestrado,Casado,Blue,3203.0,5,1433,0
720009558,33,F,36,2,Faculdade,Solteiro,Gold,34516.0,1,2574,0
778885158,57,M,38,3,Ensino Fundamental,Casado,Blue,2472.0,3,1392,0
715543908,52,F,43,3,Ensino Fundamental,Casado,Blue,2147.0,3,1352,0
717591483,52,F,44,3,Mestrado,Solteiro,Blue,3416.0,1,1924,0
715042608,39,F,36,2,Doutorado,Casado,Blue,8058.0,2,2742,0
714573258,36,M,30,2,Pos-Graduacao,Solteiro,Blue,1606.0,2,2229,0
712281183,55,M,36,4,Mestrado,Casado,Blue,24336.0,2,1425,0
717670758,30,F,20,1,Mestrado,Solteiro,Blue,5030.0,2,2523,0
771556308,26,F,13,0,Ensino Medio,Solteiro,Blue,3517.0,3,2255,0
708931908,48,M,36,3,Ensino Medio,Solteiro,Blue,7400.0,2,1568,0
718894233,53,F,36,2,Mestrado,Casado,Blue,2956.0,2,2116,0
771544533,42,F,30,5,Ensino Medio,Casado,Blue,3578.0,1,1015,1
708927108,53,M,36,2,Mestrado,Casado,Blue,12778.0,3,1133,1
717831783,58,F,45,2,Ensino Fundamental,Casado,Blue,1942.0,3,1371,0
709288383,32,M,26,2,Mestrado,Divorciado,Blue,29961.0,1,2337,0
710813733,48,M,35,4,Ensino Fundamental,Casado,Silver,33791.0,3,1546,0
721084833,48,M,34,5,Ensino Medio,Casado,Silver,17657.0,0,1682,0
711258108,54,M,44,1,Faculdade,Casado,Blue,2821.0,3,1419,0
710149008,59,M,47,0,Ensino Medio,Casado,Blue,1479.0,3,2139,0
711902058,35,M,36,2,Mestrado,Casado,Blue,1438.3,3,2492,0
716757033,37,M,27,4,Pos-Graduacao,Casado,Blue,6859.0,1,3045,0
712688433,36,M,36,3,Ensino Medio,Divorciado,Blue,3404.0,2,2406,0
713203908,26,M,15,0,Ensino Fundamental,Solteiro,Blue,2158.0,1,1833,0
711772008,35,F,22,3,Mestrado,Solteiro,Blue,1890.0,2,1483,1
708799983,40,M,36,1,Pos-Graduacao,Casado,Blue,18386.0,3,1698,1
741344808,39,F,32,2,Mestrado,Casado,Blue,5634.0,2,2905,0
802087683,32,M,26,0,Pos-Graduacao,Casado,Blue,5478.0,2,2456,0
712491108,35,M,20,1,Pos-Graduacao,Casado,Blue,13046.0,3,2601,0
714767508,39,M,31,2,Mestrado,Casado,Blue,8687.0,3,2279,0
720376008,53,F,40,2,Mestrado,Casado,Blue,6174.0,2,2043,0
779126658,26,F,13,0,Mestrado,Solteiro,Blue,5655.0,1,2312,0
793222008,32,M,26,0,Ensino Medio,Casado,Blue,5397.0,2,2056,0
720812433,54,M,46,2,Faculdade,Casado,Blue,28465.0,1,1693,0
717623583,36,F,27,3,Ensino Medio,Casado,Blue,3444.0,2,2668,0
708878508,45,F,37,3,Ensino Medio,Casado,Blue,2104.0,1,1732,0
710043408,49,M,37,3,Mestrado,Casado,Blue,15610.0,1,1916,0
721311333,32,M,22,1,Ensino Medio,Casado,Blue,16912.0,1,2413,0
710749458,64,F,53,0,Doutorado,Casado,Blue,5462.0,1,1523,0
799498158,31,M,22,1,Pos-Graduacao,Casado,Blue,2685.0,1,1642,0
716334258,49,F,36,3,Ensino Fundamental,Divorciado,Blue,5238.0,1,1834,0
716075208,32,F,22,3,Ensino Medio,Casado,Blue,4561.0,2,1874,0
780276258,53,M,39,2,Ensino Medio,Casado,Blue,13091.0,2,1452,0
789282333,62,F,51,0,Mestrado,Casado,Blue,10826.0,3,1355,0
709429533,49,F,35,5,Mestrado,Divorciado,Blue,2561.0,3,2047,0
715247508,30,F,36,1,Mestrado,Casado,Blue,7087.0,2,1712,0
718784358,34,M,36,4,Ensino Fundamental,Solteiro,Blue,34516.0,3,1969,0
751450008,41,M,32,1,Pos-Graduacao,Solteiro,Blue,10266.0,2,1720,0
711050058,33,F,23,2,Ensino Fundamental,Casado,Blue,6732.0,2,1644,0
779040408,56,M,37,2,Ensino Medio,Casado,Blue,12181.0,1,1478,0
714024858,36,M,27,3,Ensino Medio,Casado,Blue,7056.0,1,1739,0
789849108,35,M,25,1,Mestrado,Solteiro,Blue,14365.0,1,2290,0
710391258,27,M,36,0,Mestrado,Casado,Blue,11473.0,2,2147,0
718830183,46,M,38,1,Ensino Medio,Solteiro,Blue,23996.0,2,1339,0
779696883,48,M,33,2,Mestrado,Divorciado,Blue,2998.0,2,1825,0
737971833,38,M,31,1,Mestrado,Casado,Blue,2405.0,3,2503,0
772468983,36,M,26,1,Pos-Graduacao,Casado,Blue,21927.0,4,1946,0
710990283,56,M,36,1,Ensino Medio,Casado,Blue,3906.0,1,1839,0
808750458,32,M,27,1,Doutorado,Solteiro,Blue,10029.0,3,2192,0
719692983,36,M,30,2,Doutorado,Casado,Blue,4934.0,3,2747,0
719125158,35,F,15,2,Ensino Medio,Solteiro,Silver,13882.0,2,2685,0
787509408,26,M,13,0,Faculdade,Solteiro,Blue,2347.0,3,2595,0
719206308,32,M,24,1,Ensino Medio,Casado,Blue,4116.0,2,1657,0
717141858,56,F,36,2,Ensino Medio,Solteiro,Blue,13904.0,1,3151,0
708347583,37,F,36,4,Ensino Fundamental,Casado,Blue,2509.0,1,1804,0
711006783,38,F,22,1,Mestrado,Solteiro,Blue,2484.0,3,1200,0
718274283,35,M,36,3,Faculdade,Solteiro,Blue,2780.0,1,2469,0
715216908,48,M,36,4,Doutorado,Solteiro,Blue,18102.0,3,1486,0
779611008,29,M,18,0,Mestrado,Casado,Blue,4532.0,3,1885,0
811467708,33,M,28,2,Mestrado,Casado,Blue,22399.0,2,2390,0
812597508,39,F,34,1,Ensino Medio,Casado,Blue,4489.0,5,2153,0
718651083,35,F,25,2,Mestrado,Solteiro,Blue,10329.0,1,2461,0
813990483,27,F,22,0,Ensino Medio,Casado,Blue,1864.0,1,1662,0
816319008,52,F,47,2,Mestrado,Solteiro,Blue,13276.0,3,1901,0
789627258,31,M,25,1,Mestrado,Solteiro,Blue,1935.0,3,2498,0
713346558,45,M,37,4,Mestrado,Divorciado,Blue,6784.0,2,1900,0
708744933,35,M,36,2,Ensino Medio,Casado,Blue,19127.0,2,1859,0
708828258,55,M,37,2,Faculdade,Casado,Blue,32641.0,2,1327,0
713511108,61,M,47,1,Ensino Fundamental,Casado,Blue,1438.3,3,1397,0
710208633,37,F,31,1,Mestrado,Casado,Blue,2417.0,2,1773,0
717837858,47,M,34,5,Faculdade,Casado,Blue,17603.0,1,2902,0
709382958,55,F,46,2,Mestrado,Casado,Blue,2894.0,1,1017,0
716253858,37,M,26,5,Pos-Graduacao,Casado,Blue,16730.0,1,1740,0
713725683,36,F,27,0,Faculdade,Solteiro,Blue,3282.0,3,2614,0
710364258,53,F,41,2,Ensino Fundamental,Casado,Blue,15815.0,2,2135,0
816033783,26,M,21,0,Ensino Medio,Solteiro,Blue,1672.0,2,2099,0
715065483,45,F,36,3,Mestrado,Divorciado,Blue,8121.0,3,1914,0
713983308,60,M,49,0,Pos-Graduacao,Casado,Blue,3182.0,1,1233,0
718418958,30,M,36,1,Pos-Graduacao,Divorciado,Blue,5061.0,2,1309,1
779367858,39,M,28,4,Ensino Medio,Casado,Blue,6224.0,3,3014,0
714974658,48,F,36,4,Faculdade,Casado,Blue,2464.0,1,1219,0
716374308,39,M,33,3,Mestrado,Casado,Blue,3477.0,3,1897,0
713416233,38,M,24,2,Mestrado,Casado,Blue,3242.0,2,1841,0
797643708,47,M,41,1,Ensino Medio,Casado,Blue,27858.0,1,1772,0
808292958,26,M,20,0,Mestrado,Solteiro,Blue,1438.3,2,2546,0
719831958,49,M,36,3,Faculdade,Solteiro,Blue,34516.0,2,1793,0
708860358,38,M,22,3,Ensino Medio,Casado,Blue,6361.0,2,1499,0
717385983,30,M,21,0,Mestrado,Casado,Blue,2490.0,6,1645,0
719049033,53,M,44,3,Ensino Medio,Casado,Blue,14057.0,6,2073,0
714347508,35,M,21,2,Ensino Fundamental,Solteiro,Blue,7766.0,3,2423,0
803833608,40,M,33,3,Ensino Fundamental,Solteiro,Silver,21308.0,1,1322,0
712576908,30,M,36,0,Ensino Medio,Casado,Blue,4516.0,2,1819,0
778511733,42,F,30,3,Faculdade,Solteiro,Blue,5424.0,3,1634,0
721464783,62,F,36,0,Mestrado,Casado,Blue,1764.0,2,2094,0
821179233,50,F,46,1,Pos-Graduacao,Solteiro,Blue,1493.0,3,1554,1
713126733,56,M,43,3,Faculdade,Casado,Blue,17539.0,2,1220,0
719688408,45,M,36,3,Mestrado,Casado,Silver,34516.0,2,3530,0
779811183,35,F,25,3,Ensino Fundamental,Casado,Blue,2149.0,1,1581,0
771086208,57,F,44,2,Mestrado,Casado,Blue,6256.0,4,1629,0
715217733,33,F,25,2,Ensino Medio,Solteiro,Blue,11922.0,1,2154,0
813752433,43,F,38,3,Mestrado,Solteiro,Blue,4075.0,2,2449,1
711876333,53,M,36,3,Mestrado,Casado,Blue,7290.0,1,1312,0
715256658,50,M,36,2,Faculdade,Solteiro,Blue,5965.0,3,3382,0
711329658,30,M,13,0,Ensino Medio,Casado,Blue,9007.0,1,1925,0
710227908,37,F,36,3,Mestrado,Solteiro,Blue,6077.0,2,2837,0
716362008,37,M,29,2,Doutorado,Casado,Blue,1808.0,3,1744,0
714939708,45,M,36,3,Mestrado,Solteiro,Blue,12810.0,1,3174,0
719431608,63,F,53,0,Faculdade,Casado,Blue,3118.0,1,1291,0
769411758,43,M,37,1,Mestrado,Solteiro,Blue,20013.0,3,1518,0
714631833,53,M,44,4,Mestrado,Casado,Blue,1973.0,2,1587,0
717999183,36,M,36,3,Ensino Medio,Casado,Blue,4108.0,3,2275,0
713075283,51,M,36,3,Ensino Medio,Solteiro,Blue,20741.0,1,1818,0
711561108,36,M,24,4,Mestrado,Solteiro,Blue,16335.0,1,2733,0
709854483,35,F,17,1,Ensino Medio,Casado,Blue,4588.0,3,2442,0
713630733,34,F,24,2,Mestrado,Solteiro,Blue,5712.0,3,2617,0
717599283,57,M,36,0,Doutorado,Casado,Blue,5335.0,1,1844,0
806407308,54,F,49,3,Faculdade,Solteiro,Blue,13184.0,2,2047,1
712730583,29,M,20,0,Ensino Fundamental,Casado,Blue,8592.0,2,1842,0
712142733,37,F,26,3,Pos-Graduacao,Casado,Blue,1910.0,3,2028,0
720153258,53,F,45,2,Faculdade,Solteiro,Blue,6210.0,3,3095,0
814086333,36,M,31,3,Faculdade,Casado,Blue,2220.0,2,1685,0
714069858,53,M,36,3,Mestrado,Casado,Blue,3539.0,3,1677,0
712789383,52,M,44,1,Mestrado,Casado,Blue,9274.0,1,2048,0
787983633,35,F,26,3,Ensino Fundamental,Casado,Blue,3187.0,1,2072,0
758583708,37,F,24,3,Mestrado,Solteiro,Blue,2802.0,1,1406,1
717130383,50,M,36,0,Ensino Fundamental,Casado,Blue,2334.0,3,1386,0
720770883,65,F,56,0,Mestrado,Solteiro,Blue,1438.3,3,2249,0
720677733,40,M,36,3,Mestrado,Casado,Silver,34516.0,3,2579,0
718587858,39,M,31,4,Ensino Medio,Casado,Blue,11906.0,1,1642,0
710263608,53,F,36,3,Ensino Medio,Casado,Blue,11098.0,2,2156,0
715055433,36,M,22,3,Ensino Fundamental,Casado,Blue,2224.0,3,2004,0
715498308,35,F,36,2,Mestrado,Casado,Blue,3454.0,3,1575,0
708099183,37,F,36,2,Ensino Medio,Solteiro,Blue,5723.0,2,2732,0
789959283,39,M,24,2,Faculdade,Solteiro,Blue,4061.0,3,1602,0
713536158,65,M,56,1,Faculdade,Casado,Blue,4189.0,3,1597,0
815299833,38,F,33,2,Mestrado,Casado,Blue,2228.0,2,2334,0
721003008,36,F,24,4,Mestrado,Casado,Blue,3261.0,2,856,1
779883933,40,F,24,4,Mestrado,Casado,Blue,8014.0,3,1596,0
716612958,35,F,29,2,Faculdade,Casado,Blue,10980.0,1,1830,0
715859058,54,M,42,3,Pos-Graduacao,Casado,Blue,3092.0,3,1369,0
772031733,40,M,29,4,Mestrado,Solteiro,Blue,14315.0,1,2603,0
720668358,59,M,46,0,Ensino Fundamental,Solteiro,Blue,1648.0,3,1776,0
778708533,26,F,13,0,Ensino Medio,Solteiro,Blue,1730.0,2,869,1
719649408,46,M,35,2,Ensino Medio,Casado,Blue,13768.0,3,1390,0
715457658,29,F,19,1,Mestrado,Casado,Blue,1709.0,3,1757,0
711934308,38,M,19,3,Mestrado,Solteiro,Blue,1705.0,2,3342,0
781326483,31,M,25,0,Mestrado,Divorciado,Blue,8673.0,1,2457,0
712557708,35,M,21,1,Ensino Medio,Casado,Blue,6391.0,2,2274,0
789187908,56,M,45,2,Ensino Fundamental,Casado,Blue,11102.0,2,1448,0
773297508,34,M,28,3,Faculdade,Casado,Blue,24765.0,1,1544,0
716529258,42,M,27,4,Doutorado,Casado,Blue,31864.0,3,1591,0
708242283,29,M,36,1,Faculdade,Solteiro,Blue,5346.0,3,3253,0
789247458,32,M,21,0,Mestrado,Solteiro,Blue,2801.0,2,2467,0
717100833,37,F,27,2,Ensino Medio,Casado,Blue,3148.0,6,1401,0
721236408,38,M,29,2,Mestrado,Casado,Blue,7535.0,3,1655,0
720122808,52,M,35,2,Ensino Medio,Casado,Silver,33180.0,4,797,1
716882658,62,F,51,2,Mestrado,Casado,Blue,2986.0,2,2141,0
713734758,35,F,23,2,Mestrado,Casado,Blue,6729.0,2,2080,0
709085358,36,M,36,1,Mestrado,Solteiro,Blue,2601.0,3,2542,0
715785933,54,M,45,3,Faculdade,Casado,Blue,3380.0,3,1636,0
717159858,27,M,18,1,Ensino Medio,Solteiro,Blue,2730.0,2,2319,0
713259858,26,M,15,0,Ensino Medio,Solteiro,Blue,3324.0,1,982,1
787516908,56,F,45,2,Mestrado,Casado,Blue,2665.0,3,1880,0
711145008,60,F,47,1,Mestrado,Casado,Blue,5015.0,3,1325,0
715013733,54,M,36,4,Mestrado,Casado,Blue,6905.0,3,1370,0
737982408,33,M,26,1,Faculdade,Solteiro,Blue,19136.0,3,2501,0
709361058,35,M,24,2,Mestrado,Casado,Blue,7453.0,1,1691,0
773383158,29,F,23,1,Faculdade,Solteiro,Blue,4945.0,3,2743,0
716053083,33,M,21,2,Mestrado,Casado,Blue,27992.0,2,837,1
717667833,34,M,36,1,Mestrado,Casado,Blue,3735.0,2,1877,0
772086408,38,M,27,3,Ensino Medio,Solteiro,Blue,6162.0,1,1527,0
708597558,42,M,36,3,Ensino Medio,Solteiro,Blue,3337.0,4,3951,0
718011783,55,M,36,3,Mestrado,Casado,Blue,2205.0,3,1591,0
714360033,62,M,43,1,Ensino Medio,Casado,Blue,4450.0,1,1326,0
708513183,39,M,29,1,Ensino Fundamental,Casado,Blue,4323.0,2,3078,0
719353158,56,M,45,1,Faculdade,Casado,Blue,4145.0,1,1238,0
711436083,36,M,18,1,Mestrado,Casado,Blue,2032.0,3,2454,0
780374133,29,M,19,1,Faculdade,Solteiro,Blue,7010.0,3,2413,0
739117233,57,M,50,3,Ensino Medio,Casado,Blue,3205.0,3,2126,0
708486033,55,F,36,3,Pos-Graduacao,Casado,Blue,16547.0,2,1782,0
795237183,51,F,45,2,Mestrado,Casado,Blue,5930.0,2,2041,0
788788758,57,F,39,3,Faculdade,Solteiro,Blue,7469.0,1,2050,0
709635858,56,F,45,3,Mestrado,Casado,Blue,2235.0,2,1229,0
789701658,26,M,13,0,Faculdade,Solteiro,Blue,2047.0,2,2180,0
713484483,36,F,21,4,Ensino Fundamental,Solteiro,Silver,34516.0,1,2298,0
711954558,53,F,44,3,Mestrado,Casado,Blue,2636.0,3,1333,0
712655583,41,M,32,3,Mestrado,Casado,Blue,6425.0,3,2036,0
779686683,26,F,13,0,Pos-Graduacao,Solteiro,Blue,2902.0,3,2088,0
711226758,51,F,42,1,Faculdade,Divorciado,Blue,4002.0,2,2024,0
713241033,34,M,26,0,Mestrado,Casado,Blue,5175.0,3,2405,0
717013383,52,M,43,2,Ensino Medio,Casado,Blue,31258.0,3,2866,0
712634133,54,F,45,2,Mestrado,Casado,Blue,2683.0,2,1406,0
709537683,37,M,30,3,Faculdade,Casado,Blue,11638.0,4,563,1
778627983,40,F,20,3,Mestrado,Casado,Blue,1829.0,1,1610,0
720241758,55,M,36,0,Doutorado,Casado,Blue,8276.0,1,1409,0
785080308,37,F,31,2,Ensino Medio,Casado,Blue,2352.0,3,2344,0
713358633,30,M,36,1,Mestrado,Solteiro,Blue,11371.0,1,2768,0
720282558,36,M,27,2,Mestrado,Solteiro,Silver,34516.0,2,2873,0
821370858,39,M,35,1,Mestrado,Casado,Blue,6690.0,3,1734,0
799249833,34,M,28,2,Mestrado,Solteiro,Blue,4439.0,1,2858,0
713016633,47,M,36,3,Ensino Medio,Solteiro,Blue,5344.0,3,1984,0
814471983,42,M,37,3,Ensino Medio,Divorciado,Blue,27310.0,3,1537,0
779612808,61,M,50,1,Mestrado,Casado,Blue,2531.0,2,1263,0
716692683,31,M,22,1,Faculdade,Solteiro,Blue,9096.0,1,2318,0
790145733,40,M,33,3,Faculdade,Solteiro,Silver,34516.0,3,1112,1
714421233,54,F,36,0,Mestrado,Casado,Blue,5399.0,3,1292,0
812788233,31,F,21,0,Mestrado,Casado,Blue,6315.0,1,2205,0
713910108,38,M,28,1,Mestrado,Casado,Blue,3946.0,2,1646,0
808169358,57,M,52,2,Ensino Fundamental,Solteiro,Blue,12291.0,3,1683,0
714013083,63,F,53,2,Mestrado,Casado,Blue,3067.0,2,1420,0
715381533,42,F,36,4,Pos-Graduacao,Solteiro,Blue,1438.3,2,2451,0
717678408,61,F,47,1,Doutorado,Casado,Blue,8633.0,2,2066,0
711509658,61,M,49,2,Mestrado,Casado,Blue,11374.0,0,1088,1
757481283,35,M,28,3,Faculdade,Casado,Blue,6921.0,3,1931,0
808681158,57,M,52,0,Mestrado,Casado,Blue,2564.0,6,1343,0
714618333,39,F,36,2,Doutorado,Casado,Blue,9843.0,2,1402,0
708208758,53,M,45,1,Mestrado,Solteiro,Blue,1826.0,3,2199,0
714772758,35,F,27,3,Mestrado,Casado,Blue,2926.0,2,1851,0
713830233,47,F,36,5,Ensino Medio,Casado,Blue,7061.0,3,1831,0
814513008,38,M,33,2,Mestrado,Casado,Blue,9620.0,3,1735,0
712765158,26,F,15,1,Ensino Medio,Solteiro,Blue,2539.0,3,2386,0
714411108,37,F,28,3,Mestrado,Solteiro,Blue,3642.0,2,2790,0
720231108,57,M,39,2,Mestrado,Solteiro,Blue,3451.0,4,3031,0
720662508,39,M,25,1,Mestrado,Casado,Blue,5764.0,3,1972,0
708623283,35,M,16,2,Ensino Fundamental,Solteiro,Blue,18278.0,3,2084,0
813247083,38,M,33,2,Mestrado,Casado,Blue,16059.0,3,1357,0
811915383,36,M,31,3,Ensino Fundamental,Casado,Blue,3152.0,2,2530,0
719818983,39,M,28,1,Faculdade,Divorciado,Blue,12464.0,3,1195,1
716349183,58,F,36,1,Ensino Fundamental,Casado,Blue,4784.0,2,2160,0
710067183,28,M,36,1,Ensino Medio,Solteiro,Blue,1950.0,2,2074,0
771234558,65,F,56,0,Mestrado,Solteiro,Blue,7478.0,3,2213,0
820288233,26,F,20,0,Ensino Fundamental,Solteiro,Blue,1438.3,3,2731,0
717511533,28,M,36,0,Mestrado,Solteiro,Blue,1707.0,2,2950,0
711642108,30,F,13,1,Ensino Fundamental,Casado,Blue,4016.0,2,2572,0
712495233,31,F,19,0,Ensino Fundamental,Casado,Blue,2370.0,3,2411,0
718484283,57,M,36,3,Pos-Graduacao,Casado,Blue,3478.0,1,1409,0
717413658,43,M,32,4,Ensino Medio,Casado,Blue,1539.0,2,1987,0
804668658,26,F,20,0,Ensino Fundamental,Solteiro,Blue,1438.3,2,947,1
715934283,39,F,26,2,Ensino Medio,Solteiro,Blue,3142.0,3,3046,0
715279683,52,F,36,2,Ensino Fundamental,Casado,Blue,1438.3,1,1679,0
718971333,33,M,20,1,Mestrado,Solteiro,Blue,13206.0,3,2342,0
709219533,53,M,41,3,Ensino Medio,Casado,Blue,2480.0,1,1359,0
802464033,65,F,56,0,Mestrado,Casado,Blue,4460.0,3,1877,0
712757808,33,F,22,2,Ensino Fundamental,Casado,Blue,1544.0,2,1731,0
714457083,52,F,44,2,Ensino Medio,Casado,Blue,3456.0,3,1332,0
713413758,26,F,16,1,Faculdade,Solteiro,Blue,2751.0,3,2270,0
708741633,52,M,44,4,Ensino Medio,Casado,Blue,4153.0,3,1771,0
714043833,37,F,36,3,Mestrado,Solteiro,Blue,3685.0,2,3016,0
789577833,56,M,49,2,Mestrado,Casado,Blue,8902.0,1,969,0
787570758,35,M,26,2,Ensino Fundamental,Casado,Blue,2944.0,3,2070,0
720371733,58,F,47,0,Mestrado,Casado,Blue,2232.0,3,1395,0
711776433,37,M,26,3,Ensino Fundamental,Solteiro,Blue,23622.0,2,2574,0
709583133,53,M,40,3,Ensino Fundamental,Casado,Blue,3326.0,3,1627,0
719521983,38,M,31,2,Ensino Fundamental,Casado,Blue,6116.0,3,1592,0
718415133,38,M,25,1,Ensino Fundamental,Casado,Blue,11352.0,1,1601,0
709730508,39,F,27,0,Ensino Medio,Solteiro,Blue,17531.0,3,4563,0
720462633,43,F,29,3,Ensino Fundamental,Solteiro,Blue,4138.0,2,1827,0
715005558,36,M,36,2,Faculdade,Solteiro,Blue,8374.0,2,2472,0
779993208,38,F,28,2,Ensino Fundamental,Casado,Blue,7049.0,3,1475,0
787543008,37,M,27,1,Mestrado,Solteiro,Blue,3851.0,3,2349,0
743265108,37,M,30,4,Faculdade,Solteiro,Blue,15936.0,1,2477,0
713770383,29,F,19,0,Ensino Fundamental,Divorciado,Blue,2926.0,4,2775,0
712392108,51,M,36,3,Ensino Medio,Casado,Blue,10305.0,2,1451,0
720145683,54,M,42,1,Faculdade,Casado,Blue,2987.0,2,1617,0
714832383,35,M,29,0,Ensino Medio,Solteiro,Gold,34516.0,2,2949,0
772706283,38,F,28,2,Faculdade,Casado,Blue,6275.0,3,1585,0
795920358,33,F,27,2,Ensino Medio,Casado,Blue,7185.0,2,2679,0
716277558,45,F,36,1,Ensino Fundamental,Solteiro,Blue,3281.0,3,1779,0
764776833,61,M,54,0,Mestrado,Casado,Blue,3077.0,3,1523,0
710795883,33,F,16,3,Ensino Fundamental,Casado,Blue,2042.0,1,2758,0
710428308,55,M,51,4,Ensino Medio,Solteiro,Blue,2001.0,1,1910,0
721096983,34,F,36,2,Mestrado,Solteiro,Blue,3625.0,3,2616,0
715760733,58,M,47,4,Ensino Medio,Casado,Blue,7803.0,3,1199,0
718227033,38,F,30,4,Mestrado,Casado,Blue,5951.0,1,2565,0
720610008,59,M,50,1,Faculdade,Casado,Blue,15796.0,5,1339,1
714111333,55,M,46,1,Ensino Medio,Casado,Blue,5381.0,1,1910,0
717551358,63,M,55,0,Mestrado,Casado,Blue,3556.0,1,2279,0
813573333,60,M,55,1,Ensino Medio,Casado,Blue,2661.0,1,1354,0
711709683,53,F,36,2,Ensino Fundamental,Casado,Blue,3506.0,1,1999,0
712902483,35,M,24,3,Ensino Medio,Casado,Blue,2066.0,2,1895,0
719883858,58,M,48,2,Mestrado,Casado,Blue,2774.0,1,1258,0
719628033,33,F,36,1,Pos-Graduacao,Casado,Blue,4134.0,3,2475,0
712043433,53,M,36,1,Mestrado,Casado,Blue,11329.0,2,1213,0
769095558,59,M,53,1,Doutorado,Solteiro,Blue,9055.0,2,1755,0
816094233,37,M,32,1,Ensino Medio,Casado,Blue,17393.0,2,1692,0
758417508,50,F,43,4,Ensino Medio,Divorciado,Blue,5908.0,3,3313,0
721234308,35,F,21,2,Ensino Fundamental,Casado,Blue,5825.0,2,2820,0
717138558,28,M,16,0,Pos-Graduacao,Casado,Blue,3665.0,1,1813,0
798120858,37,M,31,3,Ensino Fundamental,Casado,Blue,3797.0,2,2555,0
709997958,39,M,28,3,Mestrado,Casado,Blue,3478.0,3,2133,0
712617408,31,M,20,1,Pos-Graduacao,Solteiro,Blue,13734.0,3,2566,0
720158208,37,M,23,3,Mestrado,Casado,Blue,3034.0,3,2058,0
716548083,39,M,32,4,Mestrado,Casado,Blue,2973.0,1,2593,0
717631008,38,M,31,2,Mestrado,Casado,Blue,24296.0,1,1886,0
813964383,35,M,30,3,Mestrado,Solteiro,Blue,8969.0,1,2568,0
719952408,30,M,36,0,Mestrado,Casado,Blue,2550.0,3,1870,0
771028533,48,F,35,3,Pos-Graduacao,Casado,Silver,10357.0,1,911,1
713998233,37,F,36,2,Ensino Medio,Solteiro,Blue,3586.0,2,2780,0
713574708,39,M,28,3,Faculdade,Solteiro,Blue,1640.0,2,3124,0
712004208,65,M,56,0,Mestrado,Solteiro,Blue,3422.0,3,1973,0
819610908,38,M,33,2,Ensino Fundamental,Solteiro,Blue,32938.0,4,1137,1
712064358,38,M,36,1,Mestrado,Casado,Blue,2507.0,3,1999,0
816013383,65,F,56,0,Mestrado,Divorciado,Blue,6184.0,6,1712,1
780881358,35,M,17,3,Mestrado,Solteiro,Silver,16659.0,3,2551,0
709422183,58,F,46,1,Mestrado,Casado,Blue,2203.0,2,1788,0
779951058,54,F,38,3,Ensino Medio,Casado,Blue,5122.0,2,1908,0
809941233,53,M,48,1,Mestrado,Casado,Blue,3074.0,1,1377,0
710844408,38,M,36,3,Pos-Graduacao,Casado,Blue,2584.0,3,1843,0
807141183,34,M,29,1,Mestrado,Casado,Blue,14938.0,3,1930,0
808273533,39,M,34,2,Ensino Medio,Solteiro,Blue,1818.0,4,2054,1
716297658,37,M,36,2,Mestrado,Solteiro,Blue,14926.0,1,2405,0
716532258,51,F,43,1,Ensino Medio,Solteiro,Blue,2827.0,3,3291,0
720540708,53,F,42,3,Ensino Fundamental,Casado,Blue,2773.0,2,1197,0
720904233,53,M,41,0,Mestrado,Casado,Blue,16033.0,3,1158,0
720863133,65,M,54,1,Mestrado,Casado,Blue,3213.0,3,1855,0
714957108,33,F,26,3,Ensino Medio,Divorciado,Blue,3616.0,1,3133,0
790102008,37,M,30,3,Doutorado,Solteiro,Blue,5924.0,1,3305,0
781933983,47,M,41,4,Mestrado,Casado,Blue,14535.0,3,2970,0
712643358,59,F,49,0,Ensino Medio,Casado,Blue,2833.0,2,1335,0
716686158,59,F,49,0,Pos-Graduacao,Casado,Blue,1479.0,2,1621,0
806894133,34,F,29,3,Pos-Graduacao,Solteiro,Blue,1617.0,1,2546,0
721344858,26,M,13,0,Ensino Fundamental,Solteiro,Blue,2237.0,4,2192,0
813230208,45,M,40,4,Faculdade,Solteiro,Blue,2900.0,3,4686,0
716835033,54,F,45,2,Mestrado,Casado,Blue,13126.0,3,1836,0
787500333,52,M,40,2,Pos-Graduacao,Solteiro,Blue,8695.0,1,2030,0
768582033,47,M,41,3,Ensino Medio,Casado,Blue,6692.0,3,3902,0
719916408,34,M,27,5,Mestrado,Casado,Blue,2501.0,2,1850,0
789433758,36,M,27,0,Faculdade,Casado,Blue,6338.0,3,1715,0
785011383,36,F,30,0,Ensino Fundamental,Divorciado,Blue,2190.0,3,1412,1
719283633,57,F,49,3,Ensino Fundamental,Casado,Blue,7578.0,2,1325,0
710816358,29,M,18,1,Pos-Graduacao,Casado,Blue,2963.0,3,2523,0
779653458,37,M,20,3,Mestrado,Casado,Blue,8260.0,3,2323,0
716382708,46,F,36,2,Mestrado,Solteiro,Blue,8309.0,4,1165,1
710387583,55,M,35,0,Ensino Medio,Casado,Blue,3864.0,1,1018,0
718772133,56,M,47,3,Mestrado,Casado,Blue,10230.0,3,1484,0
711224733,32,M,27,0,Ensino Medio,Casado,Blue,22382.0,3,695,1
718360083,39,M,36,4,Ensino Fundamental,Casado,Blue,25790.0,3,2443,0
716102583,63,F,53,1,Mestrado,Casado,Blue,2675.0,1,1959,0
708459633,38,M,26,2,Ensino Medio,Casado,Blue,5815.0,1,1604,0
712868733,60,M,52,0,Ensino Fundamental,Casado,Blue,2595.0,1,1562,0
713790708,38,M,36,3,Ensino Fundamental,Casado,Blue,3421.0,2,2269,0
717648783,63,M,51,2,Ensino Medio,Casado,Blue,6922.0,2,1449,0
714709983,43,F,36,2,Faculdade,Casado,Blue,6979.0,2,1665,0
819409608,39,F,34,2,Mestrado,Casado,Blue,2594.0,3,1457,0
717585858,35,F,24,4,Ensino Medio,Solteiro,Blue,16915.0,2,2795,0
791856033,45,M,39,2,Faculdade,Divorciado,Blue,34516.0,4,1041,1
714474483,35,F,29,1,Mestrado,Casado,Blue,2523.0,2,2005,0
716448783,48,F,39,3,Mestrado,Casado,Blue,6235.0,4,1225,1
711065133,26,M,13,1,Ensino Medio,Solteiro,Blue,1473.0,2,2099,0
713769258,36,M,26,3,Faculdade,Casado,Blue,17116.0,2,2547,0
712288158,37,M,17,2,Faculdade,Casado,Blue,4631.0,3,2864,0
789127533,49,M,37,4,Ensino Medio,Divorciado,Blue,32338.0,2,3013,0
717038733,56,M,36,3,Ensino Fundamental,Casado,Blue,2253.0,3,1324,0
804840033,45,M,38,2,Faculdade,Casado,Blue,16611.0,6,1960,0
709363383,34,M,36,2,Ensino Medio,Solteiro,Blue,22886.0,4,2652,0
712058958,28,M,19,0,Ensino Medio,Solteiro,Blue,3480.0,3,2744,0
708295533,65,F,56,0,Pos-Graduacao,Casado,Blue,3549.0,3,1215,0
817686633,26,F,15,1,Faculdade,Solteiro,Blue,1438.3,2,2856,0
713738883,57,F,36,3,Ensino Fundamental,Casado,Blue,3136.0,2,1260,0
721310283,47,M,36,3,Mestrado,Solteiro,Blue,34516.0,2,1804,0
803132733,54,F,48,1,Mestrado,Casado,Blue,6814.0,3,1339,0
716210283,36,F,36,1,Ensino Medio,Casado,Blue,8500.0,3,1618,0
711615933,43,M,33,3,Mestrado,Casado,Blue,28170.0,3,1013,0
785311158,54,F,48,2,Mestrado,Solteiro,Blue,6610.0,1,3328,0
717267108,37,M,26,1,Faculdade,Solteiro,Blue,15755.0,3,2061,0
711636558,33,M,36,3,Mestrado,Casado,Blue,2711.0,3,1567,0
717504258,38,M,25,2,Faculdade,Casado,Blue,3735.0,1,1573,0
718242333,36,M,36,4,Mestrado,Solteiro,Blue,10216.0,3,2568,0
771844458,40,F,28,3,Mestrado,Casado,Blue,20420.0,1,1804,0
708892833,37,M,30,2,Mestrado,Casado,Blue,13662.0,4,725,1
779465358,26,F,13,0,Ensino Medio,Solteiro,Blue,3038.0,3,2243,0
720191883,45,M,35,3,Ensino Medio,Solteiro,Blue,7050.0,3,1236,0
710934033,26,M,13,0,Ensino Medio,Solteiro,Blue,1775.0,1,2169,0
714473658,42,M,30,3,Mestrado,Solteiro,Blue,8960.0,2,1488,0
716569983,33,M,36,2,Faculdade,Casado,Blue,2355.0,1,1765,0
789833583,57,F,47,4,Ensino Medio,Casado,Blue,6803.0,2,1476,0
818923158,55,M,50,2,Mestrado,Casado,Blue,2145.0,2,1275,0
716596308,40,M,36,3,Ensino Fundamental,Solteiro,Blue,3919.0,2,1872,0
716620458,32,M,23,1,Ensino Medio,Solteiro,Blue,4500.0,2,2439,0
710251608,62,F,54,1,Ensino Medio,Casado,Blue,2941.0,3,1453,0
710633808,26,M,13,0,Mestrado,Solteiro,Blue,7102.0,3,2411,0
719318583,37,M,26,3,Ensino Medio,Casado,Blue,6866.0,3,862,1
819202533,57,M,52,1,Doutorado,Casado,Blue,10378.0,2,1306,0
827360883,47,F,43,3,Ensino Medio,Casado,Blue,13473.0,3,1593,0
771196083,47,M,34,4,Mestrado,Casado,Blue,18178.0,3,1837,0
809962908,48,F,43,2,Mestrado,Solteiro,Blue,8171.0,3,1909,0
788965683,49,F,36,4,Ensino Fundamental,Casado,Blue,1438.3,3,2170,0
817142433,35,M,20,3,Mestrado,Casado,Blue,8082.0,3,1725,0
771040758,62,F,49,0,Mestrado,Solteiro,Silver,30310.0,1,3703,0
713309583,55,F,36,2,Faculdade,Casado,Blue,2967.0,3,2177,0
710273658,36,M,17,2,Mestrado,Casado,Blue,3092.0,2,2883,0
771429408,54,M,42,1,Ensino Medio,Casado,Blue,1618.0,3,1515,0
719452308,30,F,23,0,Mestrado,Casado,Blue,2498.0,2,2048,0
818908833,46,M,41,3,Mestrado,Casado,Blue,2564.0,2,2038,0
780998133,43,M,34,3,Mestrado,Casado,Blue,10540.0,4,1980,0
801726933,34,M,28,2,Mestrado,Casado,Blue,13384.0,3,1899,0
788474658,55,M,48,3,Mestrado,Casado,Blue,16208.0,2,1842,0
710562258,44,M,33,1,Mestrado,Casado,Blue,19214.0,4,3407,0
814776033,34,M,29,2,Mestrado,Solteiro,Blue,13395.0,1,2650,0
715057383,40,M,31,3,Mestrado,Casado,Blue,17126.0,3,3891,0
717970158,42,M,36,2,Faculdade,Solteiro,Blue,8083.0,3,3942,0
715168008,36,M,28,3,Mestrado,Divorciado,Blue,8995.0,2,2398,0
720802833,26,F,13,1,Ensino Medio,Solteiro,Blue,2404.0,2,2692,0
789370383,42,M,32,1,Ensino Medio,Casado,Blue,2807.0,2,1346,0
711782733,55,M,36,0,Mestrado,Casado,Blue,3097.0,3,1390,0
719381733,61,M,47,2,Ensino Medio,Solteiro,Blue,2175.0,2,3994,0
771169458,41,M,28,4,Faculdade,Casado,Blue,28020.0,3,1723,0
709974108,35,F,23,1,Mestrado,Solteiro,Blue,2640.0,3,3116,0
757024233,34,M,27,2,Mestrado,Solteiro,Blue,31313.0,1,2555,0
768928833,37,M,31,2,Ensino Medio,Casado,Blue,7304.0,2,2717,0
812441358,26,M,21,1,Faculdade,Divorciado,Blue,1438.3,3,2660,0
713287608,54,F,41,3,Ensino Medio,Casado,Blue,3161.0,4,2412,0
711357858,47,F,36,3,Mestrado,Solteiro,Blue,7246.0,3,777,1
715478733,56,F,36,5,Mestrado,Casado,Blue,3088.0,4,2292,0
713469333,40,M,28,2,Ensino Medio,Solteiro,Blue,19279.0,2,1777,0
719243808,33,F,20,1,Mestrado,Casado,Blue,3792.0,2,1888,0
772202058,64,M,53,0,Mestrado,Casado,Blue,2084.0,3,1597,0
711346383,33,M,28,1,Ensino Medio,Solteiro,Blue,34516.0,3,2804,0
711405333,52,M,43,3,Pos-Graduacao,Casado,Blue,6849.0,2,1651,0
778407033,59,F,39,0,Ensino Fundamental,Casado,Blue,2417.0,3,2367,0
714862083,41,F,33,4,Ensino Fundamental,Solteiro,Blue,5802.0,4,3386,0
709858533,29,M,20,2,Mestrado,Divorciado,Blue,2462.0,1,2320,0
718627458,43,F,38,3,Doutorado,Casado,Blue,1947.0,4,2119,0
711816108,40,M,29,3,Ensino Medio,Solteiro,Blue,18563.0,2,2395,1
717105258,37,F,36,1,Mestrado,Casado,Blue,3992.0,3,2181,0
715822008,32,M,14,1,Ensino Medio,Casado,Blue,3568.0,2,1913,0
714971583,36,M,27,2,Mestrado,Solteiro,Blue,7776.0,3,3063,0
709025583,53,M,36,3,Ensino Medio,Casado,Blue,9355.0,3,1138,0
789297558,36,M,25,1,Ensino Fundamental,Solteiro,Blue,7049.0,3,2602,0
710375283,26,F,18,0,Ensino Fundamental,Solteiro,Blue,2033.0,3,2236,0
712189233,38,F,20,1,Mestrado,Casado,Blue,5153.0,1,3095,0
713767383,32,F,22,0,Ensino Medio,Casado,Blue,2062.0,2,2397,0
797414733,37,F,31,3,Mestrado,Solteiro,Blue,2005.0,3,2439,0
714151533,55,F,46,1,Mestrado,Casado,Blue,4589.0,4,1569,0
787494783,58,M,46,3,Ensino Medio,Casado,Blue,8184.0,3,2140,0
819966033,32,M,27,0,Mestrado,Solteiro,Blue,9238.0,3,2522,0
710297133,47,M,36,3,Ensino Medio,Casado,Blue,30210.0,3,3503,0
793355508,32,M,26,0,Mestrado,Solteiro,Blue,6942.0,3,2657,0
708580908,56,M,37,3,Ensino Medio,Casado,Blue,14551.0,3,1373,0
719826333,34,F,13,2,Doutorado,Solteiro,Blue,1438.3,1,2557,0
744764433,55,M,48,2,Ensino Fundamental,Casado,Blue,30967.0,2,1473,0
714902283,43,M,36,0,Ensino Medio,Casado,Blue,7866.0,3,2843,0
789309558,31,M,21,2,Faculdade,Casado,Blue,2718.0,2,2570,0
713188383,54,F,36,1,Faculdade,Casado,Blue,3084.0,2,1446,0
719506983,52,M,42,3,Mestrado,Casado,Blue,17302.0,2,1181,0
714804483,48,M,36,3,Faculdade,Divorciado,Blue,12159.0,3,1426,0
748503708,54,F,47,1,Ensino Medio,Solteiro,Blue,2797.0,4,1566,0
803587533,33,M,28,1,Ensino Fundamental,Solteiro,Blue,2618.0,3,3319,0
789777408,26,F,15,0,Pos-Graduacao,Solteiro,Blue,1442.0,2,1134,1
716811483,30,F,24,2,Ensino Fundamental,Casado,Blue,2063.0,2,1859,0
714118383,49,F,43,5,Mestrado,Casado,Blue,8154.0,2,2223,0
715310208,53,M,36,3,Ensino Fundamental,Casado,Blue,11450.0,3,2197,0
718577958,39,M,26,2,Ensino Fundamental,Casado,Blue,8906.0,3,809,1
789167658,34,M,23,3,Faculdade,Casado,Blue,4245.0,3,1534,0
789987183,53,M,45,2,Faculdade,Casado,Blue,21953.0,4,1413,0
717730533,32,M,21,0,Mestrado,Solteiro,Blue,1614.0,1,2659,0
708668283,39,M,22,2,Mestrado,Casado,Blue,5140.0,4,1842,0
772360683,57,M,46,1,Ensino Medio,Casado,Blue,31762.0,3,1515,0
712500933,48,F,40,4,Mestrado,Solteiro,Blue,11692.0,4,2997,0
826068183,36,M,32,1,Mestrado,Casado,Blue,15488.0,4,2916,0
820044333,39,M,34,3,Faculdade,Divorciado,Blue,2503.0,3,4157,0
714211533,31,M,36,0,Mestrado,Divorciado,Blue,3312.0,3,2670,0
710287533,31,M,36,2,Mestrado,Solteiro,Blue,6269.0,2,2221,0
720603558,36,M,36,4,Mestrado,Solteiro,Blue,20337.0,2,2460,0
819258408,47,F,42,5,Mestrado,Solteiro,Blue,2224.0,2,1698,0
717664008,37,M,19,3,Faculdade,Casado,Blue,3100.0,3,694,1
717327783,39,M,27,2,Mestrado,Casado,Blue,9959.0,2,2760,0
716129208,37,M,36,3,Mestrado,Casado,Blue,2031.0,3,1678,0
718037433,58,M,49,1,Mestrado,Casado,Blue,1654.0,4,1887,0
709839858,58,F,39,2,Mestrado,Casado,Blue,4608.0,4,1535,0
719686458,37,M,36,3,Mestrado,Casado,Blue,3908.0,4,1903,0
721434483,54,M,46,3,Mestrado,Casado,Blue,2798.0,3,2631,0
716096358,45,F,39,3,Ensino Fundamental,Solteiro,Blue,2551.0,4,3753,0
718244958,36,F,26,2,Mestrado,Casado,Blue,8621.0,2,1989,0
711315783,53,M,43,3,Mestrado,Casado,Blue,7451.0,4,2165,0
821296083,34,F,30,1,Faculdade,Casado,Blue,2617.0,3,2003,0
711562833,35,M,24,4,Mestrado,Casado,Blue,12634.0,3,717,1
716447733,32,M,18,3,Mestrado,Casado,Blue,6407.0,3,1921,0
719591283,38,M,27,2,Ensino Fundamental,Casado,Blue,1438.3,2,2412,0
789911808,37,M,28,3,Ensino Fundamental,Casado,Blue,2672.0,2,2487,0
713195808,37,F,36,3,Ensino Medio,Casado,Blue,11948.0,3,2792,0
717866133,47,F,36,2,Mestrado,Solteiro,Blue,2677.0,3,2170,0
716670783,52,F,36,3,Doutorado,Solteiro,Blue,24703.0,2,4776,0
789197508,54,M,43,3,Ensino Medio,Casado,Blue,2240.0,3,1518,0
713108433,53,M,40,3,Faculdade,Casado,Blue,6052.0,4,1476,0
711403383,33,F,23,3,Faculdade,Solteiro,Blue,2562.0,4,2256,0
768212583,49,M,43,2,Mestrado,Casado,Blue,15377.0,4,1848,0
720181758,37,M,22,0,Doutorado,Casado,Blue,8654.0,3,850,1
710632683,31,M,24,1,Ensino Fundamental,Casado,Blue,1438.3,2,2308,0
711836733,43,M,31,3,Mestrado,Solteiro,Blue,1438.3,3,1867,0
771183933,39,M,26,1,Ensino Fundamental,Casado,Blue,16040.0,2,1923,0
711327558,38,M,36,2,Ensino Medio,Casado,Blue,2801.0,3,1600,0
788971308,62,F,49,1,Ensino Fundamental,Casado,Blue,2658.0,4,1809,0
714278958,39,F,27,2,Ensino Medio,Casado,Blue,9347.0,1,2201,0
711817158,30,M,22,2,Faculdade,Divorciado,Blue,3143.0,3,2510,0
765824058,46,M,39,4,Doutorado,Casado,Blue,5106.0,3,3784,0
710109633,39,M,31,2,Faculdade,Casado,Blue,9871.0,3,1683,0
713643858,53,F,43,1,Faculdade,Casado,Blue,1525.0,4,1911,0
716399583,34,M,36,1,Ensino Fundamental,Casado,Blue,19630.0,2,2286,0
714516783,54,F,36,0,Mestrado,Divorciado,Silver,12547.0,3,3360,0
710490708,54,M,36,3,Ensino Medio,Solteiro,Blue,17686.0,1,2047,0
780662133,39,M,28,2,Ensino Fundamental,Casado,Blue,3257.0,3,1534,0
715389708,36,F,28,3,Mestrado,Casado,Blue,4824.0,3,1516,0
789607983,38,M,32,3,Ensino Medio,Casado,Blue,8603.0,6,1758,0
815104608,28,F,23,0,Mestrado,Divorciado,Blue,3818.0,1,2947,0
719660658,37,F,36,1,Ensino Medio,Solteiro,Blue,16594.0,2,2134,0
714159858,57,M,48,0,Mestrado,Casado,Blue,5387.0,2,1546,0
714225333,48,F,36,4,Mestrado,Casado,Blue,2930.0,1,1545,0
718468158,38,M,25,1,Ensino Fundamental,Casado,Blue,9303.0,2,2261,0
735417408,37,M,30,2,Ensino Medio,Casado,Blue,2218.0,1,1941,0
814312308,54,F,49,3,Ensino Fundamental,Casado,Blue,5335.0,3,1435,0
711786108,52,M,43,1,Mestrado,Casado,Blue,7187.0,3,1159,0
712905708,53,F,39,1,Mestrado,Casado,Blue,2590.0,2,1188,0
720050208,27,F,19,1,Ensino Medio,Solteiro,Blue,4255.0,1,2236,0
793952133,32,F,26,0,Ensino Medio,Casado,Blue,2778.0,2,1680,0
798140283,57,M,51,4,Mestrado,Casado,Blue,10711.0,3,1180,0
720427683,58,M,46,2,Ensino Fundamental,Solteiro,Blue,16163.0,3,2171,1
789970233,54,F,45,2,Ensino Medio,Casado,Blue,2513.0,1,1454,0
713893308,45,M,37,3,Mestrado,Divorciado,Blue,3291.0,1,1984,0
718843608,36,F,25,2,Pos-Graduacao,Divorciado,Blue,8917.0,2,3327,0
752085108,39,F,29,2,Mestrado,Casado,Blue,4955.0,5,1824,0
789435783,39,F,30,1,Mestrado,Casado,Blue,2909.0,1,1532,0
711032058,34,M,21,3,Ensino Medio,Solteiro,Silver,34516.0,4,2901,0
784719708,54,F,43,2,Ensino Fundamental,Casado,Blue,1438.3,1,1707,0
804663258,54,M,49,2,Ensino Medio,Casado,Blue,14015.0,1,1903,0
716900433,36,M,28,2,Mestrado,Casado,Blue,2540.0,2,2384,0
720909408,37,M,24,2,Ensino Medio,Divorciado,Blue,3497.0,2,2337,0
712187808,27,M,15,0,Ensino Fundamental,Casado,Blue,3682.0,3,1826,0
718428033,55,F,41,4,Mestrado,Solteiro,Blue,4430.0,2,3395,0
714985458,56,M,36,1,Mestrado,Casado,Blue,15124.0,2,1850,0
716647983,58,F,53,2,Mestrado,Casado,Blue,7712.0,3,1574,0
719293533,30,M,13,1,Faculdade,Solteiro,Blue,21590.0,3,2567,0
715257708,38,M,32,1,Ensino Medio,Casado,Blue,3657.0,2,2758,0
708331758,47,F,35,2,Ensino Fundamental,Divorciado,Silver,32444.0,1,3725,0
709501683,33,F,24,1,Mestrado,Solteiro,Blue,5830.0,1,2263,0
711692508,54,F,47,2,Pos-Graduacao,Casado,Blue,1438.3,4,1154,1
715612983,65,F,55,1,Mestrado,Solteiro,Blue,6463.0,2,2336,0
709674333,33,M,23,2,Ensino Medio,Solteiro,Blue,2400.0,2,2677,0
805522758,44,F,39,1,Doutorado,Divorciado,Blue,2311.0,2,1701,0
717495258,34,M,25,3,Ensino Fundamental,Casado,Blue,9131.0,3,1893,0
795052083,63,F,56,0,Ensino Fundamental,Solteiro,Blue,1438.3,6,3630,0
773389908,37,F,31,3,Ensino Medio,Solteiro,Blue,1438.3,1,2075,0
719320833,39,M,36,2,Pos-Graduacao,Casado,Blue,5471.0,3,1992,0
816843933,39,M,34,2,Ensino Medio,Casado,Blue,8823.0,3,1961,0
789196158,55,M,44,1,Mestrado,Casado,Blue,2173.0,2,1485,0
717930483,37,M,25,2,Mestrado,Solteiro,Blue,5616.0,3,1564,1
773442258,57,M,51,1,Doutorado,Casado,Blue,8571.0,2,1397,0
719872833,45,F,36,2,Mestrado,Divorciado,Blue,2803.0,6,3347,0
721491258,53,M,36,4,Mestrado,Casado,Blue,3924.0,2,1417,0
770575233,37,M,23,2,Mestrado,Solteiro,Blue,5663.0,1,2553,0
715800708,60,F,49,0,Ensino Fundamental,Casado,Blue,3955.0,1,1560,0
719996958,29,F,23,0,Ensino Fundamental,Solteiro,Blue,7997.0,3,2208,0
719889408,56,F,36,4,Ensino Fundamental,Casado,Blue,3652.0,1,1561,0
708811233,37,M,27,2,Mestrado,Casado,Blue,12702.0,2,1992,0
794627208,43,M,23,1,Ensino Medio,Casado,Blue,7189.0,3,1935,0
719020983,58,M,42,1,Mestrado,Casado,Blue,12421.0,3,1913,0
719131533,29,F,17,0,Pos-Graduacao,Divorciado,Blue,2585.0,2,3519,0
710449983,38,M,29,2,Ensino Medio,Casado,Blue,2818.0,1,2916,0
720714933,62,F,49,1,Mestrado,Casado,Blue,3143.0,2,1323,0
810201783,26,F,17,0,Mestrado,Solteiro,Blue,3119.0,3,2740,0
715517733,46,F,39,3,Ensino Medio,Solteiro,Silver,13092.0,0,936,1
709042908,51,F,44,1,Faculdade,Casado,Blue,1438.3,2,2207,0
715023333,39,M,34,2,Ensino Fundamental,Casado,Blue,3702.0,2,2585,0
720801033,51,F,36,1,Ensino Medio,Casado,Blue,9095.0,2,1347,0
714345783,59,M,50,2,Ensino Medio,Casado,Blue,2701.0,3,1469,0
713972658,56,F,36,2,Mestrado,Casado,Blue,5335.0,3,1454,0
710782458,31,M,20,1,Mestrado,Casado,Blue,2469.0,2,1615,0
711142308,37,M,36,0,Ensino Medio,Divorciado,Blue,3091.0,1,2572,0
824789283,36,M,32,2,Ensino Medio,Solteiro,Blue,2683.0,5,2373,0
721014858,61,F,53,0,Mestrado,Casado,Blue,2942.0,1,1479,0
710363433,26,M,36,0,Ensino Medio,Solteiro,Blue,2735.0,3,2441,0
715479483,35,M,36,2,Faculdade,Casado,Blue,15279.0,2,2079,0
708243483,53,M,43,3,Faculdade,Casado,Blue,14938.0,2,2248,0
714770808,59,M,42,2,Ensino Medio,Casado,Blue,4328.0,3,1580,0
720626058,37,M,24,1,Mestrado,Solteiro,Blue,34516.0,4,1768,0
709185108,38,M,26,3,Ensino Medio,Casado,Blue,5824.0,4,1801,0
719596908,56,F,48,5,Doutorado,Casado,Blue,11281.0,2,1255,0
719273733,37,M,36,2,Ensino Fundamental,Casado,Blue,7959.0,3,1855,0
717348258,33,M,21,1,Mestrado,Casado,Blue,4459.0,1,2502,0
770882508,38,M,24,2,Faculdade,Casado,Blue,17162.0,1,2457,0
799026633,56,M,50,1,Ensino Fundamental,Casado,Blue,16254.0,3,2502,0
718777008,59,M,47,0,Ensino Medio,Casado,Blue,3278.0,1,1374,0
713352183,30,M,17,1,Pos-Graduacao,Casado,Blue,7173.0,1,1793,0
716128083,56,M,36,2,Ensino Medio,Casado,Blue,3295.0,2,1191,0
757881258,31,M,24,0,Mestrado,Divorciado,Blue,4232.0,2,2565,0
715843533,26,M,36,1,Faculdade,Solteiro,Blue,2703.0,4,2111,0
717234183,29,M,18,1,Mestrado,Casado,Blue,2710.0,1,1718,0
717260058,53,F,42,2,Ensino Fundamental,Casado,Blue,2322.0,1,1573,0
709710783,35,F,36,0,Ensino Medio,Solteiro,Blue,5931.0,3,2730,0
815845758,56,F,51,4,Ensino Medio,Casado,Blue,1438.3,2,1354,0
720639783,35,F,27,1,Ensino Fundamental,Solteiro,Silver,34516.0,3,2562,0
713331408,35,M,36,3,Ensino Fundamental,Casado,Blue,8682.0,2,1792,0
778693458,32,M,13,1,Ensino Medio,Divorciado,Blue,12616.0,3,1376,1
711173883,36,M,29,4,Mestrado,Divorciado,Blue,1651.0,2,2516,0
789261558,58,M,47,1,Ensino Medio,Casado,Blue,2212.0,1,1387,0
770647233,35,F,21,2,Ensino Medio,Casado,Blue,2157.0,6,2111,0
712826208,39,F,26,2,Mestrado,Casado,Blue,2575.0,1,1487,0
718181433,65,F,56,0,Ensino Fundamental,Solteiro,Blue,8705.0,1,2688,0
714460683,65,M,56,0,Ensino Medio,Casado,Blue,3838.0,3,1467,0
710787708,56,F,40,1,Ensino Fundamental,Casado,Blue,5366.0,2,1748,0
713800158,58,M,36,0,Ensino Medio,Casado,Blue,2994.0,3,1540,0
712551258,39,M,36,1,Ensino Fundamental,Casado,Blue,4247.0,3,847,1
715379133,51,F,36,1,Faculdade,Solteiro,Blue,1737.0,4,1954,0
712091433,58,M,50,4,Ensino Fundamental,Solteiro,Silver,18431.0,2,2950,0
771756333,34,F,23,3,Mestrado,Casado,Blue,2263.0,3,2154,0
771976683,54,F,43,1,Faculdade,Casado,Blue,5839.0,3,1640,0
716800908,26,F,13,2,Ensino Medio,Solteiro,Blue,5137.0,0,2496,0
789413958,53,M,43,1,Mestrado,Solteiro,Blue,11909.0,2,1938,0
711574008,32,M,21,3,Faculdade,Solteiro,Blue,21390.0,3,2477,0
714138408,49,M,39,3,Ensino Medio,Casado,Blue,9264.0,1,4107,0
709334658,39,F,26,2,Ensino Fundamental,Casado,Blue,5484.0,2,2025,0
709564683,32,M,22,2,Mestrado,Casado,Blue,4739.0,3,886,1
772292358,30,M,19,1,Faculdade,Divorciado,Blue,7970.0,3,1284,1
712933083,37,M,36,1,Ensino Fundamental,Solteiro,Blue,3127.0,1,2292,0
710497608,38,M,36,2,Ensino Fundamental,Solteiro,Blue,7756.0,1,1858,0
721443408,46,M,33,2,Ensino Fundamental,Solteiro,Blue,34516.0,2,3508,0
709149408,36,M,36,2,Ensino Fundamental,Casado,Blue,5605.0,3,2338,0
708446808,33,M,36,1,Pos-Graduacao,Casado,Blue,2946.0,3,2017,0
824192658,58,F,54,3,Pos-Graduacao,Solteiro,Blue,8886.0,2,4148,0
711625683,46,M,36,4,Doutorado,Casado,Blue,3104.0,2,2781,0
717301908,54,F,46,2,Doutorado,Casado,Blue,3312.0,3,1973,0
718435158,50,M,40,3,Ensino Medio,Casado,Blue,34516.0,1,1930,0
714797733,41,M,33,3,Faculdade,Solteiro,Blue,5246.0,1,3189,0
798962058,36,F,30,5,Mestrado,Casado,Blue,3103.0,3,1836,0
713021208,55,F,36,2,Faculdade,Solteiro,Silver,34516.0,3,1353,1
787868958,36,M,27,2,Ensino Medio,Solteiro,Blue,14690.0,3,2746,0
708161133,45,M,32,1,Mestrado,Solteiro,Blue,6629.0,1,3891,0
708174708,38,M,27,4,Mestrado,Casado,Blue,5535.0,2,1764,0
708735183,35,F,22,2,Ensino Medio,Casado,Blue,2544.0,3,2289,0
708445608,48,M,37,3,Faculdade,Casado,Blue,3305.0,3,2027,0
778943883,51,M,36,2,Ensino Fundamental,Solteiro,Blue,34516.0,2,1959,0
788810658,37,F,20,1,Faculdade,Solteiro,Blue,9466.0,2,2503,0
789050883,33,F,21,2,Doutorado,Solteiro,Blue,5297.0,3,2655,0
714531108,31,M,36,1,Faculdade,Casado,Blue,4260.0,3,2109,0
711635358,40,F,26,4,Faculdade,Solteiro,Blue,7291.0,1,2198,0
813200058,63,M,56,0,Mestrado,Casado,Blue,6500.0,2,1497,0
715206408,31,F,22,1,Ensino Medio,Solteiro,Blue,6662.0,1,3264,0
788684508,36,M,25,4,Ensino Fundamental,Casado,Blue,5846.0,3,2056,0
737933883,34,M,27,1,Ensino Medio,Casado,Blue,8063.0,1,2042,0
774437583,55,M,49,1,Doutorado,Casado,Blue,4597.0,2,1504,0
713104458,46,M,31,2,Mestrado,Solteiro,Blue,7869.0,3,998,1
715462008,45,M,35,2,Faculdade,Casado,Blue,17884.0,3,2031,0
715366083,52,F,36,0,Doutorado,Solteiro,Blue,1438.3,2,947,1
712322058,40,F,32,3,Ensino Medio,Casado,Blue,2046.0,1,3432,0
719737833,46,F,36,4,Ensino Fundamental,Casado,Blue,6370.0,2,1783,0
789530208,54,F,46,2,Mestrado,Casado,Blue,2737.0,2,1619,0
717885183,36,M,25,1,Mestrado,Solteiro,Blue,2622.0,1,2717,0
716244033,44,M,33,3,Mestrado,Casado,Blue,7266.0,3,1741,1
711614658,37,F,30,2,Ensino Fundamental,Solteiro,Blue,2258.0,3,2511,0
804598908,35,M,25,3,Mestrado,Solteiro,Blue,6510.0,2,2238,0
719327808,52,F,36,2,Ensino Fundamental,Casado,Blue,4006.0,1,1157,0
714038433,37,F,19,5,Ensino Medio,Solteiro,Blue,3252.0,1,2953,0
710129283,45,F,26,4,Ensino Fundamental,Casado,Blue,16317.0,3,2944,0
719729433,65,F,56,1,Mestrado,Casado,Blue,7023.0,2,2535,0
717192933,55,M,42,0,Mestrado,Casado,Blue,8302.0,2,1576,0
711734508,55,M,47,2,Mestrado,Casado,Blue,9959.0,3,1584,0
715153158,41,M,36,4,Ensino Fundamental,Solteiro,Blue,3636.0,3,4254,0
712149033,57,F,46,2,Ensino Medio,Casado,Blue,5184.0,1,1834,0
713901108,37,M,29,2,Ensino Medio,Solteiro,Blue,14575.0,1,3444,0
719415858,29,M,15,0,Faculdade,Divorciado,Blue,3107.0,3,2460,0
719385558,62,F,49,0,Faculdade,Casado,Blue,1438.3,1,1281,0
721508283,47,F,36,1,Mestrado,Casado,Blue,8322.0,2,3700,0
757753083,44,F,36,0,Mestrado,Casado,Silver,10110.0,3,4063,0
797753283,34,F,28,1,Ensino Medio,Casado,Blue,2707.0,3,1926,0
807523008,37,M,32,1,Mestrado,Solteiro,Blue,4397.0,1,2473,0
711416958,33,F,21,2,Mestrado,Solteiro,Blue,5795.0,3,2322,0
780865308,40,M,23,4,Ensino Fundamental,Casado,Blue,9760.0,3,4542,0
708423933,51,M,40,2,Doutorado,Solteiro,Blue,6103.0,2,3203,0
714321408,65,M,56,1,Ensino Medio,Casado,Blue,2246.0,2,1429,0
771852483,46,M,35,3,Mestrado,Solteiro,Blue,4930.0,3,3343,0
708185208,27,M,16,0,Mestrado,Solteiro,Blue,3178.0,1,2010,0
789952158,34,F,25,1,Doutorado,Casado,Blue,2318.0,3,2689,0
713237958,34,M,17,0,Mestrado,Casado,Blue,2638.0,1,1868,0
715956258,35,F,36,1,Ensino Fundamental,Casado,Blue,2004.0,2,1974,0
769196433,55,F,49,2,Pos-Graduacao,Casado,Blue,2414.0,1,2000,0
778942233,60,F,45,0,Doutorado,Casado,Blue,1438.3,2,1267,0
708651933,56,M,44,2,Mestrado,Casado,Blue,2043.0,1,2311,0
720467583,52,M,46,2,Ensino Medio,Solteiro,Blue,34516.0,3,3072,0
716549058,45,F,36,4,Ensino Fundamental,Casado,Blue,3111.0,1,1998,0
713533983,56,M,48,1,Mestrado,Casado,Blue,2585.0,3,1590,0
787463508,26,M,13,0,Mestrado,Solteiro,Blue,2469.0,2,1027,1
708980283,34,M,23,3,Ensino Medio,Casado,Blue,4185.0,1,2179,0
719484408,39,M,36,3,Ensino Fundamental,Casado,Blue,4759.0,2,2903,0
710023233,36,M,36,3,Mestrado,Solteiro,Blue,24457.0,2,2739,0
778381608,48,M,28,4,Doutorado,Solteiro,Blue,6572.0,3,1766,1
787492908,50,F,34,2,Ensino Fundamental,Casado,Blue,23381.0,3,4357,0
709932558,39,F,26,2,Ensino Fundamental,Casado,Blue,3471.0,3,1771,0
780219483,61,F,51,0,Mestrado,Casado,Blue,2250.0,2,1339,0
715143333,45,F,36,1,Ensino Medio,Divorciado,Blue,9433.0,2,3910,0
801048483,34,M,28,3,Ensino Fundamental,Divorciado,Blue,9180.0,3,2646,0
711913833,37,M,36,3,Mestrado,Casado,Blue,8818.0,2,1865,0
715413483,44,F,36,3,Mestrado,Solteiro,Blue,4066.0,1,3888,0
715750758,56,M,36,1,Ensino Fundamental,Casado,Blue,9031.0,1,1602,0
710458758,65,F,53,0,Mestrado,Casado,Blue,4161.0,3,1203,0
719494983,26,M,15,0,Mestrado,Solteiro,Blue,2740.0,3,1997,0
710586483,26,F,13,0,Ensino Medio,Solteiro,Blue,6152.0,2,968,1
772637058,34,M,24,3,Ensino Fundamental,Casado,Blue,8167.0,1,2141,0
718229133,51,M,41,2,Faculdade,Casado,Blue,23742.0,2,3783,0
781089708,30,M,23,0,Mestrado,Divorciado,Blue,26783.0,1,2495,0
773082033,35,M,27,1,Pos-Graduacao,Casado,Blue,25516.0,3,2317,0
815288583,32,M,27,0,Mestrado,Casado,Blue,4815.0,3,2501,0
720431433,62,M,36,1,Mestrado,Casado,Blue,3198.0,2,1402,0
709164408,32,M,23,1,Ensino Fundamental,Casado,Blue,2218.0,3,730,1
710567508,53,M,44,3,Ensino Medio,Casado,Blue,23462.0,2,1387,0
719427333,55,M,36,3,Faculdade,Casado,Blue,2252.0,4,1291,0
709785783,35,F,25,0,Mestrado,Solteiro,Blue,2300.0,3,1485,1
809290308,31,F,26,0,Mestrado,Casado,Blue,3540.0,1,1912,0
779783508,45,M,34,2,Mestrado,Casado,Blue,13129.0,1,2564,0
719207733,61,F,53,0,Ensino Medio,Casado,Blue,3396.0,2,1418,0
715533108,31,F,20,0,Ensino Fundamental,Solteiro,Blue,4712.0,3,2568,0
714816258,37,M,36,2,Mestrado,Solteiro,Blue,7638.0,2,2336,0
787573683,41,M,34,3,Pos-Graduacao,Casado,Blue,2624.0,2,4189,0
804310758,58,M,52,3,Mestrado,Casado,Blue,17934.0,2,2005,0
792912708,45,M,39,5,Mestrado,Casado,Silver,15198.0,1,3183,0
719078283,57,F,47,4,Ensino Medio,Casado,Blue,3191.0,3,1501,0
780094008,55,M,40,3,Doutorado,Casado,Blue,12875.0,3,1624,0
716420358,41,F,36,2,Ensino Medio,Casado,Blue,2602.0,2,3151,0
825756333,55,F,51,0,Ensino Fundamental,Casado,Blue,2041.0,3,2118,0
755273658,52,F,45,2,Mestrado,Casado,Blue,2548.0,3,2055,0
709096908,57,M,49,2,Mestrado,Casado,Blue,4698.0,3,1865,0
721205508,47,M,36,4,Ensino Medio,Casado,Blue,8217.0,3,1848,0
786493908,42,F,36,4,Ensino Fundamental,Solteiro,Silver,10091.0,3,3347,0
803963808,39,M,34,3,Mestrado,Solteiro,Blue,19074.0,3,3762,0
806170158,39,M,34,4,Mestrado,Solteiro,Gold,34516.0,3,3899,0
751469808,36,M,29,3,Mestrado,Casado,Blue,12852.0,2,1606,0
721055058,36,M,21,2,Ensino Fundamental,Casado,Blue,12763.0,1,2599,0
709794333,29,M,19,0,Mestrado,Casado,Blue,2827.0,2,1608,0
718361583,56,F,36,2,Ensino Fundamental,Casado,Blue,8242.0,3,1559,0
714327183,37,F,28,4,Mestrado,Casado,Blue,1825.0,3,2878,0
808909008,61,M,56,0,Pos-Graduacao,Casado,Blue,1438.3,3,1448,0
716207508,36,M,36,3,Ensino Medio,Casado,Blue,5497.0,2,1981,0
768965208,51,F,45,1,Mestrado,Casado,Blue,6778.0,2,3158,0
720185058,46,M,36,3,Mestrado,Casado,Blue,4267.0,3,1067,1
715220508,31,F,22,0,Ensino Medio,Casado,Blue,3273.0,2,2726,0
712112733,33,M,25,2,Doutorado,Solteiro,Blue,9371.0,2,2518,0
712298883,50,F,38,3,Ensino Medio,Solteiro,Blue,1438.3,3,2987,0
717813558,57,F,36,3,Ensino Medio,Solteiro,Blue,8389.0,4,1334,1
716823408,65,M,56,0,Doutorado,Solteiro,Blue,28410.0,2,2278,0
719089383,48,M,29,2,Ensino Medio,Casado,Blue,6168.0,2,4303,0
720986958,50,F,40,2,Mestrado,Divorciado,Blue,8307.0,2,2293,0
709473708,39,M,31,3,Mestrado,Casado,Blue,30753.0,2,1780,0
708593883,39,M,26,2,Faculdade,Casado,Blue,2731.0,1,1813,0
717399183,37,M,26,1,Mestrado,Casado,Blue,8058.0,3,2774,0
817925058,50,F,45,2,Ensino Fundamental,Casado,Blue,5660.0,1,1932,0
716610558,65,F,36,0,Ensino Medio,Solteiro,Blue,10962.0,3,2724,0
795810633,65,M,56,0,Ensino Fundamental,Casado,Blue,10144.0,3,1234,0
779925033,38,F,22,4,Mestrado,Casado,Blue,2997.0,3,2807,0
790225758,41,M,35,2,Faculdade,Solteiro,Blue,2647.0,3,2262,0
713879283,55,F,47,2,Mestrado,Casado,Blue,4580.0,1,1694,0
715968858,28,M,13,0,Pos-Graduacao,Casado,Blue,2608.0,1,1822,0
713637783,44,F,31,3,Mestrado,Casado,Blue,24936.0,2,1810,0
718162908,55,M,42,3,Faculdade,Casado,Blue,26101.0,2,1472,0
708664008,57,M,45,3,Faculdade,Casado,Blue,14270.0,3,1222,0
711929058,28,M,21,0,Ensino Medio,Casado,Blue,25618.0,3,2157,0
770781558,35,F,21,2,Mestrado,Casado,Blue,3230.0,1,1914,0
790048158,46,F,38,4,Faculdade,Casado,Blue,8881.0,3,2632,0
721258158,65,F,51,1,Ensino Fundamental,Solteiro,Blue,11037.0,3,2429,0
786480183,50,F,44,2,Ensino Fundamental,Casado,Blue,16763.0,2,3626,0
721378008,31,M,21,0,Ensino Fundamental,Divorciado,Blue,2621.0,2,2718,0
794551383,50,F,32,3,Faculdade,Solteiro,Blue,4419.0,3,4535,0
820981383,44,F,39,4,Ensino Medio,Divorciado,Blue,9235.0,1,1739,0
713366583,63,F,56,1,Ensino Medio,Casado,Blue,3055.0,1,1405,0
767311008,41,M,35,1,Mestrado,Divorciado,Blue,19412.0,2,1576,0
712727283,55,M,36,1,Mestrado,Casado,Blue,4666.0,2,1281,0
716059608,48,F,38,4,Faculdade,Solteiro,Blue,4894.0,3,3277,0
708292833,35,M,36,2,Ensino Medio,Solteiro,Blue,27389.0,2,2754,0
720013083,30,F,18,0,Pos-Graduacao,Solteiro,Blue,2132.0,3,3265,0
710540883,37,M,24,3,Ensino Medio,Solteiro,Blue,6590.0,3,2449,0
709212183,53,F,36,2,Mestrado,Casado,Blue,3176.0,1,1634,0
713424108,37,M,27,1,Mestrado,Solteiro,Blue,4288.0,1,2591,0
718476033,65,F,56,0,Ensino Fundamental,Solteiro,Blue,20130.0,3,2444,0
815001108,48,M,43,2,Doutorado,Solteiro,Blue,5945.0,3,3598,0
709802208,37,M,17,1,Mestrado,Casado,Blue,3350.0,1,2849,0
713445183,35,M,26,1,Ensino Medio,Casado,Blue,4008.0,3,2794,0
717310458,35,F,27,3,Mestrado,Solteiro,Blue,5780.0,3,2960,0
788761608,26,F,13,0,Ensino Medio,Solteiro,Blue,10286.0,3,2564,0
789804933,29,F,18,2,Ensino Fundamental,Solteiro,Blue,23125.0,1,2536,0
772776033,33,M,23,2,Faculdade,Solteiro,Blue,7081.0,4,2249,0
719804208,36,M,28,2,Mestrado,Casado,Blue,6824.0,1,1933,0
715077483,47,F,36,3,Doutorado,Casado,Blue,1438.3,3,2250,0
717000858,41,M,29,2,Mestrado,Casado,Blue,2683.0,2,2274,0
792402483,46,M,40,4,Mestrado,Solteiro,Blue,12280.0,2,4263,0
712973733,58,M,36,4,Mestrado,Casado,Blue,14607.0,2,1393,0
813213558,53,F,48,1,Doutorado,Solteiro,Blue,2267.0,3,3709,0
717207408,39,F,34,1,Ensino Fundamental,Divorciado,Blue,12512.0,1,2995,0
711426033,49,M,39,2,Mestrado,Casado,Blue,11332.0,2,3806,0
719233833,35,F,23,3,Ensino Medio,Casado,Blue,3073.0,3,1944,0
716864733,47,M,27,3,Faculdade,Casado,Silver,34516.0,3,1805,0
821168733,38,M,34,3,Mestrado,Casado,Blue,5323.0,3,1783,0
710135058,56,M,44,1,Mestrado,Casado,Blue,9078.0,1,1543,0
720228708,56,M,46,2,Ensino Medio,Casado,Blue,27029.0,1,1302,0
718618458,38,M,25,3,Ensino Medio,Solteiro,Blue,9859.0,1,4345,0
719470458,46,M,39,3,Faculdade,Solteiro,Blue,4026.0,4,1102,1
719587158,37,M,25,1,Ensino Medio,Solteiro,Blue,2608.0,2,2565,0
718589133,65,F,56,1,Mestrado,Solteiro,Blue,4613.0,2,2328,0
789235383,38,M,27,4,Faculdade,Casado,Blue,10386.0,2,2119,0
713548158,26,M,36,0,Faculdade,Solteiro,Blue,2657.0,2,2349,0
720264783,58,F,44,2,Mestrado,Casado,Blue,5031.0,2,1433,0
715319958,48,M,36,3,Ensino Fundamental,Casado,Blue,34516.0,2,1312,1
809990883,48,F,43,3,Mestrado,Solteiro,Blue,2423.0,2,2038,0
714412308,33,M,36,3,Mestrado,Casado,Blue,7140.0,3,916,1
772303458,62,F,51,0,Doutorado,Casado,Blue,3377.0,3,1407,0
721243083,55,M,41,3,Ensino Fundamental,Divorciado,Blue,34516.0,3,1187,1
711990933,40,F,29,2,Mestrado,Solteiro,Blue,2295.0,3,3292,0
819977058,46,M,41,2,Ensino Medio,Solteiro,Blue,3150.0,3,3432,0
721467258,58,M,36,1,Ensino Medio,Casado,Blue,2165.0,2,1541,0
713303733,53,M,41,1,Mestrado,Casado,Blue,1612.0,3,1564,0
711129483,45,M,36,3,Mestrado,Casado,Blue,14593.0,1,3447,0
779618433,48,M,38,4,Ensino Fundamental,Solteiro,Blue,8327.0,3,4428,0
797757333,43,M,37,3,Pos-Graduacao,Casado,Gold,34516.0,1,4149,0
814497483,60,M,55,0,Ensino Fundamental,Casado,Blue,6479.0,1,1618,0
709623483,56,M,41,2,Ensino Medio,Casado,Blue,18442.0,1,1281,0
709056558,43,F,31,3,Faculdade,Casado,Blue,2800.0,3,1994,0
708238833,57,F,36,3,Ensino Medio,Casado,Blue,3032.0,2,1387,0
813261408,52,F,47,1,Ensino Fundamental,Casado,Blue,2151.0,3,3446,0
798022683,43,M,37,1,Mestrado,Casado,Blue,25517.0,2,2508,1
769756983,38,M,32,3,Mestrado,Casado,Blue,7709.0,1,2520,0
712674183,53,M,33,2,Faculdade,Casado,Blue,4065.0,3,1271,0
708900408,52,F,35,1,Mestrado,Divorciado,Blue,13169.0,2,4370,0
713625483,58,M,44,2,Faculdade,Casado,Blue,11811.0,2,1469,0
716869458,34,F,36,3,Faculdade,Solteiro,Blue,7440.0,6,2251,0
788723133,36,M,20,1,Ensino Medio,Solteiro,Blue,12714.0,1,2240,0
794462133,55,F,35,0,Mestrado,Solteiro,Blue,3735.0,1,1749,0
712604133,54,M,43,1,Ensino Fundamental,Casado,Blue,25882.0,1,1736,0
714397983,36,M,36,2,Faculdade,Casado,Blue,3877.0,3,1942,0
788269158,35,F,27,2,Mestrado,Solteiro,Blue,3280.0,3,2534,0
715898058,53,M,36,2,Mestrado,Casado,Blue,11023.0,1,1656,0
711367308,37,M,19,3,Ensino Fundamental,Solteiro,Blue,2186.0,3,2614,0
790186458,45,M,39,3,Ensino Fundamental,Solteiro,Blue,17996.0,1,1589,0
712040433,54,F,43,1,Ensino Medio,Casado,Blue,2306.0,2,2097,0
709616958,38,M,30,2,Ensino Medio,Solteiro,Silver,26556.0,3,3168,0
714633858,35,F,18,2,Faculdade,Casado,Blue,5779.0,3,2102,0
794818833,36,F,30,1,Ensino Fundamental,Solteiro,Blue,5494.0,1,2661,0
711219333,33,M,14,1,Pos-Graduacao,Casado,Blue,7571.0,1,2273,0
713384508,28,M,14,1,Ensino Medio,Solteiro,Blue,2897.0,3,2698,0
772514808,36,F,26,2,Ensino Fundamental,Solteiro,Blue,3131.0,2,2315,0
710808108,34,F,27,3,Faculdade,Divorciado,Blue,4274.0,3,2257,0
778973658,55,M,36,0,Doutorado,Casado,Blue,4980.0,6,2273,0
712005108,61,F,48,0,Pos-Graduacao,Casado,Blue,3156.0,3,1376,0
804577833,44,F,39,2,Mestrado,Casado,Blue,6861.0,1,3974,0
715028283,54,M,46,1,Mestrado,Casado,Blue,15554.0,3,2836,0
789786258,39,M,28,2,Ensino Medio,Casado,Blue,26570.0,2,2118,0
711041508,37,F,25,1,Ensino Medio,Casado,Blue,5865.0,3,2623,0
779174133,56,M,43,3,Ensino Fundamental,Casado,Blue,5188.0,1,1540,0
715680933,53,M,36,1,Mestrado,Solteiro,Blue,17742.0,2,3369,0
770871708,62,M,48,0,Mestrado,Casado,Blue,2591.0,1,2123,0
772643058,58,F,48,3,Mestrado,Casado,Blue,2800.0,2,1571,0
718199133,57,M,36,1,Ensino Medio,Casado,Blue,6543.0,2,1519,0
721475133,54,F,36,1,Doutorado,Solteiro,Blue,26053.0,3,2768,0
766322883,33,F,26,3,Faculdade,Solteiro,Blue,6316.0,3,2401,0
771197433,54,F,41,1,Mestrado,Casado,Blue,4658.0,2,1351,0
709516458,30,M,22,0,Mestrado,Divorciado,Blue,6476.0,3,2723,0
716456808,36,F,36,2,Ensino Medio,Solteiro,Blue,8087.0,2,2429,0
716819958,60,M,50,2,Mestrado,Casado,Blue,9033.0,1,1661,0
779449308,46,F,28,4,Ensino Medio,Solteiro,Blue,3206.0,3,3253,0
784891458,55,M,49,1,Mestrado,Casado,Blue,28751.0,3,1502,0
790004883,55,M,47,1,Ensino Medio,Casado,Blue,2938.0,3,1352,0
770262183,31,M,25,0,Ensino Fundamental,Solteiro,Blue,5715.0,2,2324,0
715277583,55,F,36,3,Ensino Fundamental,Divorciado,Blue,2111.0,2,2803,0
815510883,36,M,31,2,Pos-Graduacao,Solteiro,Blue,11862.0,2,2576,0
715107033,33,F,36,1,Mestrado,Solteiro,Blue,6551.0,2,2429,0
720706008,30,M,16,2,Pos-Graduacao,Solteiro,Blue,4533.0,3,2679,0
710108133,54,F,36,2,Mestrado,Casado,Blue,1854.0,3,1307,0
718983333,53,M,43,2,Ensino Fundamental,Casado,Blue,6704.0,1,1331,0
714030183,59,M,36,0,Mestrado,Solteiro,Silver,34516.0,3,3259,0
710496708,41,M,32,2,Faculdade,Solteiro,Blue,5489.0,3,4085,0
714935883,45,M,36,3,Ensino Fundamental,Casado,Blue,10619.0,1,4074,0
718972758,50,F,40,2,Mestrado,Casado,Blue,2481.0,3,1825,0
711827958,57,M,47,2,Ensino Fundamental,Casado,Blue,5100.0,4,1032,0
778724058,63,M,49,0,Doutorado,Solteiro,Blue,5905.0,4,3982,0
718920708,35,M,25,3,Mestrado,Casado,Blue,5240.0,3,2172,0
771051783,53,M,40,3,Ensino Medio,Casado,Blue,4182.0,2,1297,0
715970133,33,F,24,4,Faculdade,Divorciado,Blue,9857.0,2,3448,0
806889633,38,M,33,2,Ensino Fundamental,Casado,Blue,20117.0,1,2906,0
717338733,31,M,22,0,Ensino Medio,Divorciado,Blue,6012.0,2,2801,0
779223858,37,M,27,2,Mestrado,Casado,Blue,6369.0,2,2675,0
769980333,36,M,30,1,Ensino Fundamental,Solteiro,Blue,13005.0,2,3023,0
716112933,39,F,36,3,Mestrado,Casado,Blue,1575.0,2,644,1
788783133,58,F,39,0,Pos-Graduacao,Casado,Blue,6679.0,3,1649,0
816325533,39,F,34,1,Mestrado,Casado,Blue,6458.0,3,2315,0
710233683,55,M,36,3,Mestrado,Casado,Blue,2801.0,3,1526,0
778327908,50,M,40,2,Ensino Fundamental,Solteiro,Blue,2419.0,3,4099,0
716400633,33,M,24,3,Ensino Medio,Solteiro,Blue,5156.0,3,2057,0
787488108,48,F,36,1,Ensino Medio,Casado,Blue,14228.0,4,1970,0
771649083,63,M,51,0,Ensino Medio,Casado,Blue,10257.0,3,1508,0
789853533,54,M,44,3,Ensino Medio,Casado,Blue,3032.0,1,1037,1
796336833,51,M,45,3,Doutorado,Casado,Blue,32096.0,2,2619,0
713763633,54,F,46,2,Mestrado,Casado,Blue,3014.0,3,1488,0
713974533,52,F,45,3,Pos-Graduacao,Solteiro,Blue,2555.0,1,3127,0
787231233,34,M,28,5,Pos-Graduacao,Solteiro,Silver,34516.0,3,2421,0
719810583,64,M,54,0,Ensino Medio,Casado,Blue,2140.0,3,1280,0
717124983,62,F,43,1,Ensino Fundamental,Casado,Blue,4760.0,1,1459,0
787523283,38,M,27,1,Mestrado,Solteiro,Blue,26372.0,2,2291,0
719493858,52,F,43,2,Mestrado,Casado,Blue,8203.0,2,2910,0
709897983,35,F,24,2,Doutorado,Casado,Blue,2655.0,2,1921,0
717225258,35,M,27,2,Mestrado,Solteiro,Blue,13655.0,2,2383,0
803148033,54,M,48,1,Faculdade,Casado,Blue,12169.0,1,1599,0
712060158,35,M,18,0,Doutorado,Solteiro,Blue,2598.0,2,2483,0
713292933,36,F,36,3,Mestrado,Solteiro,Blue,10566.0,2,2156,0
710982858,33,F,36,3,Mestrado,Solteiro,Blue,8232.0,1,2849,0
712319058,37,F,29,1,Ensino Fundamental,Casado,Blue,4671.0,3,2468,0
744483633,35,M,28,3,Mestrado,Casado,Blue,14869.0,3,2753,0
714947883,59,M,36,1,Mestrado,Casado,Blue,2300.0,2,1693,0
714802458,48,F,30,3,Ensino Medio,Solteiro,Blue,2657.0,2,3580,0
721485708,58,M,46,2,Ensino Fundamental,Casado,Blue,9149.0,1,1220,0
713375658,37,M,17,2,Mestrado,Divorciado,Blue,3176.0,3,2298,0
717828108,57,M,42,2,Mestrado,Casado,Blue,21875.0,1,1327,0
788784258,60,M,41,2,Ensino Medio,Casado,Blue,3007.0,2,1475,0
718875483,50,M,40,1,Faculdade,Casado,Blue,17404.0,2,4491,0
811111083,56,M,51,2,Ensino Medio,Casado,Blue,2863.0,6,1458,0
715749108,48,M,37,3,Mestrado,Casado,Gold,34516.0,1,3205,0
780197133,40,M,30,4,Mestrado,Solteiro,Blue,13919.0,1,3699,0
719146008,48,M,39,3,Mestrado,Casado,Blue,18672.0,4,1126,1
717727308,50,F,36,1,Ensino Fundamental,Casado,Blue,4204.0,2,4740,0
718445883,61,F,36,1,Ensino Fundamental,Casado,Blue,6859.0,2,1617,0
795997908,36,M,30,2,Ensino Medio,Casado,Blue,16050.0,3,3215,0
710159658,46,M,32,5,Ensino Medio,Casado,Blue,34516.0,2,2436,0
716068683,28,M,36,0,Ensino Fundamental,Divorciado,Blue,16766.0,3,3093,0
715161633,44,F,38,4,Ensino Medio,Solteiro,Blue,7881.0,3,3068,0
773270058,57,M,50,5,Ensino Medio,Casado,Blue,13427.0,2,1337,0
714120258,37,M,36,2,Ensino Fundamental,Divorciado,Blue,2281.0,3,2735,0
720076458,57,M,52,2,Ensino Fundamental,Casado,Blue,10974.0,2,1327,0
719978583,46,M,40,2,Ensino Medio,Casado,Blue,5265.0,1,3281,0
712784058,45,F,36,2,Ensino Medio,Divorciado,Blue,17156.0,4,1142,1
826706208,55,M,51,3,Mestrado,Solteiro,Blue,17198.0,2,4042,0
721218408,53,M,41,4,Ensino Medio,Casado,Blue,3401.0,3,1924,0
719706483,33,M,20,3,Ensino Medio,Casado,Blue,27499.0,3,2202,0
712206858,39,M,36,3,Mestrado,Casado,Blue,32964.0,3,3094,0
709886583,37,F,28,2,Ensino Medio,Solteiro,Blue,7411.0,2,2761,0
711040758,32,M,36,0,Ensino Fundamental,Solteiro,Blue,7200.0,3,3006,0
817197333,26,F,13,1,Ensino Fundamental,Solteiro,Blue,12007.0,2,2678,0
718929708,60,F,50,0,Mestrado,Casado,Blue,3147.0,2,1558,0
721150833,37,M,18,1,Mestrado,Solteiro,Blue,5110.0,2,3028,0
714514983,43,F,35,5,Mestrado,Casado,Blue,5438.0,6,5029,0
779888658,56,M,40,1,Ensino Fundamental,Casado,Blue,17450.0,1,1426,0
715883358,52,M,39,3,Faculdade,Casado,Blue,18352.0,3,1454,0
713363583,34,M,17,2,Ensino Fundamental,Solteiro,Blue,5030.0,1,3345,0
820075983,26,M,21,0,Mestrado,Solteiro,Blue,1585.0,3,2299,0
721502958,54,M,42,1,Ensino Medio,Casado,Blue,3251.0,3,1406,0
708596283,35,F,23,3,Ensino Fundamental,Solteiro,Blue,2858.0,2,2844,0
708823908,41,M,28,3,Mestrado,Solteiro,Blue,16443.0,1,4252,0
826401858,36,F,32,0,Ensino Fundamental,Divorciado,Blue,3687.0,2,2448,0
709554483,53,F,36,1,Mestrado,Casado,Blue,4840.0,1,1637,0
788621658,54,M,37,1,Faculdade,Casado,Blue,1909.0,3,1457,0
716713533,53,M,44,3,Pos-Graduacao,Solteiro,Blue,19063.0,2,3393,0
712338033,36,M,26,2,Ensino Medio,Casado,Blue,15982.0,2,1687,0
711639708,42,M,32,3,Mestrado,Solteiro,Blue,1438.3,2,1794,0
720216108,27,F,14,2,Faculdade,Divorciado,Blue,2549.0,3,2605,0
718708908,58,M,36,4,Mestrado,Casado,Blue,5967.0,2,1426,0
802890333,59,M,53,1,Ensino Fundamental,Casado,Blue,2182.0,1,1660,0
712965183,63,F,52,2,Mestrado,Casado,Blue,2689.0,2,1188,0
796170933,57,M,51,2,Ensino Fundamental,Solteiro,Blue,30622.0,2,3600,0
712816833,56,F,48,0,Ensino Medio,Casado,Blue,4203.0,1,1425,0
798769458,29,F,23,1,Ensino Medio,Solteiro,Blue,3318.0,1,3011,0
719483358,33,M,14,1,Faculdade,Casado,Blue,6746.0,2,2962,0
719647383,35,M,36,2,Mestrado,Casado,Blue,4408.0,2,2001,0
714909108,33,F,36,3,Mestrado,Solteiro,Blue,4838.0,3,2641,0
793678608,46,M,40,4,Mestrado,Solteiro,Silver,34516.0,1,3568,0
788896983,53,M,38,2,Mestrado,Casado,Blue,7928.0,3,1537,0
715731033,50,M,42,3,Mestrado,Solteiro,Blue,33996.0,1,3569,0
717636933,48,F,40,5,Faculdade,Divorciado,Blue,4365.0,1,3542,0
772658658,57,M,47,2,Ensino Medio,Solteiro,Blue,2248.0,3,4439,0
755943033,34,F,27,2,Mestrado,Solteiro,Blue,1901.0,1,2450,0
772399983,55,M,45,2,Faculdade,Solteiro,Silver,34516.0,1,1966,0
826130133,58,M,54,2,Mestrado,Casado,Blue,31680.0,2,1121,0
719238183,55,F,35,3,Mestrado,Casado,Blue,1872.0,2,2238,0
713682708,45,M,37,2,Faculdade,Divorciado,Blue,10991.0,1,3692,0
712774008,59,M,46,0,Ensino Fundamental,Casado,Blue,3939.0,1,1489,0
717627333,53,F,40,2,Pos-Graduacao,Casado,Blue,2127.0,1,1363,0
779542608,47,M,32,4,Ensino Fundamental,Solteiro,Blue,34010.0,3,1739,0
779100408,33,F,15,1,Pos-Graduacao,Casado,Blue,1741.0,2,2629,0
715352883,49,F,36,2,Pos-Graduacao,Solteiro,Blue,24904.0,3,5176,0
789963033,54,F,45,1,Mestrado,Solteiro,Blue,1438.3,5,1603,1
710687508,65,M,56,0,Ensino Medio,Casado,Blue,2621.0,3,2148,0
789656358,49,F,35,5,Mestrado,Casado,Blue,11115.0,2,3956,0
716584158,51,M,42,4,Ensino Medio,Casado,Blue,14438.0,1,2090,0
815727183,36,M,31,3,Ensino Medio,Solteiro,Blue,5228.0,1,2683,0
717066408,36,M,36,2,Mestrado,Casado,Blue,5550.0,1,2540,0
814571058,30,F,24,1,Faculdade,Solteiro,Blue,3450.0,3,2545,0
714757908,46,M,36,4,Mestrado,Casado,Silver,34516.0,1,2163,0
710345808,41,M,36,4,Ensino Fundamental,Divorciado,Blue,30030.0,2,1828,0
814752558,50,M,45,1,Ensino Fundamental,Casado,Blue,2151.0,3,2513,0
719336583,55,M,44,2,Ensino Fundamental,Casado,Blue,27745.0,3,1525,0
797638383,49,F,43,4,Ensino Medio,Casado,Blue,4852.0,3,3561,0
708434733,56,M,50,1,Mestrado,Casado,Blue,6735.0,3,1249,0
711802758,63,M,53,1,Mestrado,Casado,Blue,6128.0,1,1700,0
823912308,38,F,34,3,Mestrado,Casado,Blue,3402.0,1,1767,0
720746208,52,M,43,1,Mestrado,Casado,Blue,2689.0,1,1356,0
709121283,54,M,36,3,Ensino Fundamental,Casado,Blue,1556.0,3,1615,0
714093108,58,F,36,2,Ensino Medio,Solteiro,Blue,7372.0,3,1707,0
806752533,27,F,22,1,Pos-Graduacao,Solteiro,Blue,2965.0,1,2553,0
779473308,32,M,14,0,Ensino Fundamental,Solteiro,Blue,8186.0,3,2411,0
709376508,58,F,49,1,Faculdade,Casado,Blue,3846.0,3,1815,0
712141683,48,F,28,3,Ensino Medio,Solteiro,Blue,2944.0,2,3457,0
712494108,38,M,36,2,Pos-Graduacao,Solteiro,Silver,34516.0,3,1872,0
721350783,54,M,38,2,Ensino Medio,Casado,Blue,5660.0,3,1569,0
719152383,35,F,26,4,Ensino Fundamental,Casado,Blue,2494.0,1,2946,0
715174158,31,M,36,1,Faculdade,Casado,Blue,25215.0,1,2588,0
780040758,40,F,24,4,Faculdade,Casado,Blue,2606.0,3,1999,0
719525358,52,M,43,0,Mestrado,Solteiro,Blue,8133.0,3,3310,0
710892408,57,F,36,1,Ensino Medio,Casado,Blue,3101.0,2,1681,0
713295183,48,M,29,2,Mestrado,Divorciado,Blue,24446.0,2,3897,0
789871233,49,M,39,3,Ensino Medio,Casado,Blue,2361.0,3,4316,0
712663533,40,M,32,4,Ensino Medio,Solteiro,Blue,2441.0,4,3903,0
820906233,45,M,41,2,Mestrado,Casado,Blue,8532.0,2,3242,0
708947208,36,M,17,2,Mestrado,Solteiro,Blue,2900.0,3,2631,0
715261458,37,F,36,1,Mestrado,Solteiro,Blue,6827.0,2,2621,0
789310833,44,F,34,3,Faculdade,Divorciado,Blue,4513.0,2,3164,0
818294958,52,M,47,2,Faculdade,Casado,Blue,27347.0,3,4040,0
713902983,42,F,36,3,Ensino Medio,Casado,Blue,1676.0,3,4381,0
771693933,62,F,50,1,Mestrado,Casado,Blue,2802.0,6,1757,0
827984658,49,M,45,3,Pos-Graduacao,Casado,Blue,23870.0,0,1885,1
789012633,30,F,17,0,Mestrado,Solteiro,Blue,4868.0,2,2907,0
807237783,50,M,45,3,Ensino Fundamental,Solteiro,Blue,20437.0,3,4166,0
803408733,32,M,26,2,Ensino Medio,Divorciado,Blue,2239.0,1,2466,0
824667708,32,F,28,1,Mestrado,Solteiro,Blue,2428.0,3,3007,0
807165033,49,M,44,3,Pos-Graduacao,Solteiro,Blue,15027.0,1,3533,0
809984133,37,M,32,2,Doutorado,Solteiro,Blue,32056.0,3,2730,0
718949433,42,F,31,3,Faculdade,Solteiro,Silver,34516.0,2,3415,0
714199983,48,M,40,3,Ensino Fundamental,Solteiro,Gold,34516.0,2,3927,0
708171858,33,F,28,3,Pos-Graduacao,Casado,Blue,1864.0,2,2607,0
709074108,36,M,24,2,Faculdade,Solteiro,Blue,23032.0,2,2787,0
721304133,36,F,36,4,Ensino Medio,Casado,Blue,4277.0,1,1855,0
787430733,56,F,41,2,Ensino Medio,Casado,Blue,2771.0,3,1706,0
711225933,28,M,36,1,Ensino Medio,Divorciado,Blue,2265.0,3,2306,0
717478983,31,F,19,2,Ensino Fundamental,Divorciado,Blue,2853.0,2,2697,0
720949083,44,F,33,3,Ensino Fundamental,Solteiro,Blue,3075.0,3,3534,0
712851108,51,F,31,3,Ensino Medio,Casado,Blue,15340.0,1,2965,0
713151258,55,M,35,3,Mestrado,Solteiro,Blue,3065.0,1,3524,0
799731033,34,F,28,2,Doutorado,Solteiro,Blue,1438.3,3,3044,0
822138333,61,F,56,0,Mestrado,Solteiro,Blue,7118.0,3,3964,0
708532308,37,M,36,2,Ensino Fundamental,Solteiro,Blue,11419.0,2,3000,0
713718558,46,M,37,3,Mestrado,Casado,Blue,2403.0,2,3393,0
778939683,47,F,32,3,Ensino Fundamental,Casado,Blue,2821.0,3,1452,0
713322633,54,M,43,1,Mestrado,Casado,Blue,2706.0,3,1682,0
719291283,36,F,28,4,Ensino Medio,Solteiro,Blue,2226.0,1,2660,0
720659283,37,M,31,5,Mestrado,Casado,Blue,3351.0,3,1910,0
719535558,47,M,36,4,Faculdade,Divorciado,Blue,5570.0,1,4129,0
709468683,64,F,56,0,Ensino Medio,Casado,Blue,2174.0,2,1755,0
719455908,48,M,38,3,Mestrado,Casado,Blue,31501.0,3,3742,0
816890883,35,M,30,2,Ensino Fundamental,Solteiro,Blue,21695.0,3,2266,0
713766183,49,M,36,0,Ensino Fundamental,Solteiro,Blue,16156.0,3,4160,0
719148633,53,F,46,2,Mestrado,Casado,Blue,2413.0,2,1398,0
789266208,56,M,45,2,Ensino Medio,Casado,Blue,5920.0,2,1408,0
718373658,41,M,28,3,Faculdade,Solteiro,Blue,5841.0,3,3817,0
712255458,37,M,36,3,Ensino Medio,Solteiro,Blue,8418.0,1,2879,0
789494133,30,M,21,0,Ensino Medio,Casado,Blue,2490.0,4,2441,0
714178458,45,M,35,3,Pos-Graduacao,Casado,Blue,20640.0,3,1792,0
717595908,54,M,37,1,Ensino Medio,Casado,Blue,9453.0,1,1688,0
798114033,46,M,40,2,Mestrado,Casado,Blue,7949.0,2,3355,0
709479558,36,F,36,4,Faculdade,Solteiro,Blue,2758.0,2,3073,0
778148283,48,M,41,2,Doutorado,Solteiro,Blue,20148.0,2,3921,0
719363283,59,F,36,0,Doutorado,Solteiro,Blue,1438.3,1,1904,0
716225433,60,M,51,1,Ensino Fundamental,Solteiro,Blue,26566.0,3,3103,0
719882583,44,M,34,5,Mestrado,Solteiro,Blue,13477.0,3,3866,0
711076533,65,M,42,0,Faculdade,Divorciado,Blue,9706.0,3,3435,0
820651908,46,F,41,3,Mestrado,Solteiro,Blue,7457.0,2,3162,0
710884683,48,M,40,4,Mestrado,Casado,Silver,34516.0,2,3937,0
797468658,53,M,47,3,Ensino Medio,Casado,Blue,19081.0,1,1536,0
716375883,53,F,36,3,Ensino Fundamental,Casado,Blue,2447.0,2,1716,0
711534183,41,M,36,2,Ensino Medio,Solteiro,Blue,28830.0,2,3533,0
721083258,37,F,22,4,Ensino Medio,Divorciado,Blue,2563.0,1,2064,0
717986058,29,F,13,0,Ensino Medio,Solteiro,Blue,5240.0,3,2712,0
804610908,49,F,44,2,Doutorado,Casado,Blue,3397.0,3,3295,0
717602733,47,M,35,3,Doutorado,Solteiro,Blue,1842.0,3,4165,0
713233908,33,M,21,2,Mestrado,Divorciado,Blue,20791.0,3,2883,0
715105908,28,F,15,0,Mestrado,Solteiro,Silver,32024.0,3,2507,0
712658283,36,F,28,3,Mestrado,Solteiro,Blue,3701.0,2,3222,0
708796458,30,F,18,2,Mestrado,Solteiro,Blue,4199.0,1,3016,0
713557533,34,M,21,3,Ensino Medio,Solteiro,Blue,4353.0,1,2664,0
710524533,38,F,36,4,Faculdade,Casado,Blue,4913.0,4,899,1
713412558,39,F,22,4,Pos-Graduacao,Casado,Blue,5454.0,3,2674,0
720000708,32,F,26,0,Mestrado,Casado,Blue,2172.0,3,2945,0
718934058,36,M,26,2,Doutorado,Solteiro,Blue,2845.0,3,2396,0
710607408,37,F,28,3,Ensino Medio,Solteiro,Blue,18570.0,1,3999,0
717613233,45,M,33,4,Ensino Fundamental,Casado,Silver,25907.0,2,2058,0
821710308,38,F,33,3,Ensino Fundamental,Solteiro,Blue,2206.0,3,1739,0
716089983,31,M,24,0,Mestrado,Solteiro,Blue,12050.0,1,2015,0
712071708,63,F,36,0,Mestrado,Casado,Blue,2107.0,3,1320,0
770721858,65,M,56,1,Mestrado,Casado,Blue,3539.0,2,1463,0
751381458,43,F,36,3,Faculdade,Casado,Blue,27175.0,3,3814,0
715629783,51,M,36,1,Mestrado,Casado,Silver,17905.0,2,4399,0
768886533,37,M,31,3,Mestrado,Casado,Blue,4940.0,1,3246,0
711023508,55,F,43,1,Mestrado,Casado,Blue,3161.0,4,1547,0
711291558,27,M,36,0,Ensino Fundamental,Solteiro,Blue,2464.0,3,2636,0
714929283,34,F,36,0,Ensino Medio,Casado,Blue,3203.0,1,2625,0
716285358,32,F,36,1,Faculdade,Divorciado,Blue,1835.0,5,2801,0
710958033,49,F,39,5,Ensino Fundamental,Solteiro,Blue,1993.0,2,4075,0
807275733,27,M,22,0,Pos-Graduacao,Solteiro,Blue,7130.0,2,2498,0
708231183,30,M,22,1,Ensino Fundamental,Divorciado,Blue,12539.0,3,2643,0
789690483,39,M,25,4,Ensino Medio,Casado,Blue,8208.0,2,3135,0
789338583,42,M,32,2,Doutorado,Casado,Blue,26222.0,2,1988,0
717411483,55,M,36,4,Faculdade,Divorciado,Blue,34173.0,2,3731,0
720799608,57,F,49,2,Mestrado,Casado,Blue,3377.0,1,1621,0
714112383,53,M,43,2,Mestrado,Casado,Blue,5882.0,3,1380,0
717994608,51,M,40,0,Mestrado,Casado,Blue,7158.0,3,2113,0
798558783,47,M,41,3,Mestrado,Casado,Blue,5833.0,1,3732,0
716875083,26,F,36,0,Ensino Medio,Solteiro,Blue,4152.0,3,2351,0
714603558,37,M,24,2,Ensino Medio,Solteiro,Blue,11699.0,2,2007,0
789903708,45,F,35,2,Ensino Fundamental,Solteiro,Blue,4505.0,3,3968,0
801989733,55,M,48,2,Ensino Fundamental,Solteiro,Blue,7667.0,3,3915,0
789504183,37,M,28,4,Mestrado,Solteiro,Blue,34516.0,3,2574,0
714574083,36,F,31,3,Mestrado,Solteiro,Blue,2937.0,2,2511,0
717978033,36,F,36,1,Ensino Medio,Solteiro,Blue,5257.0,3,2822,0
711256908,39,M,28,2,Ensino Medio,Solteiro,Blue,10331.0,3,3695,0
721023708,47,M,36,4,Ensino Fundamental,Casado,Blue,17557.0,3,2142,0
714522258,56,F,48,2,Mestrado,Casado,Blue,4366.0,3,1596,0
714247458,56,F,46,4,Ensino Fundamental,Solteiro,Blue,8037.0,2,3271,0
713644758,49,M,36,3,Mestrado,Solteiro,Blue,8514.0,2,4098,0
712700358,36,F,26,4,Ensino Fundamental,Solteiro,Blue,2002.0,3,2411,0
779873508,51,F,35,0,Ensino Medio,Casado,Blue,3132.0,3,3607,0
779342958,26,F,13,0,Faculdade,Casado,Blue,2010.0,3,3625,0
711738333,34,M,23,2,Mestrado,Casado,Blue,7567.0,2,2361,0
709413933,56,M,40,2,Ensino Medio,Solteiro,Blue,2381.0,6,1920,1
720323208,43,M,31,2,Mestrado,Casado,Silver,34516.0,2,4976,0
708132783,47,F,42,3,Ensino Fundamental,Solteiro,Blue,16411.0,2,3929,0
713372583,42,F,19,4,Ensino Medio,Solteiro,Blue,1438.3,2,3786,0
710092683,38,M,30,2,Faculdade,Casado,Blue,3735.0,3,1837,0
779284833,55,M,37,2,Pos-Graduacao,Solteiro,Blue,22127.0,3,3591,0
713426358,28,F,36,0,Faculdade,Casado,Blue,5685.0,2,2395,0
717132633,62,M,50,0,Ensino Fundamental,Solteiro,Blue,7348.0,2,3066,0
714967233,52,M,34,2,Doutorado,Casado,Blue,11188.0,2,2109,1
714954033,29,F,36,0,Pos-Graduacao,Solteiro,Blue,5076.0,2,2675,0
755399433,43,M,36,3,Ensino Fundamental,Casado,Blue,28634.0,1,4549,0
709876008,49,F,36,2,Pos-Graduacao,Solteiro,Blue,3414.0,1,1803,0
709918158,43,M,23,3,Ensino Medio,Casado,Blue,12315.0,6,2028,0
713350908,41,F,36,2,Ensino Fundamental,Casado,Blue,2690.0,3,3636,0
715759458,43,M,31,3,Mestrado,Solteiro,Blue,12165.0,2,4066,0
713976258,51,F,46,3,Mestrado,Solteiro,Blue,1792.0,1,3102,0
790174608,37,M,30,1,Doutorado,Solteiro,Blue,19300.0,3,2660,0
771335358,37,M,24,2,Faculdade,Divorciado,Blue,8120.0,3,3161,0
708382083,49,M,36,5,Ensino Medio,Casado,Blue,2292.0,2,2584,0
771829758,36,M,25,3,Ensino Fundamental,Casado,Blue,21434.0,3,2143,0
794293908,36,F,30,3,Faculdade,Solteiro,Blue,8696.0,2,2847,0
720409608,45,M,35,3,Ensino Medio,Casado,Blue,32446.0,2,1717,0
717830583,41,M,36,2,Mestrado,Casado,Blue,9133.0,3,4101,0
715455708,47,M,37,3,Mestrado,Solteiro,Blue,5116.0,3,2361,0
719108358,39,M,31,2,Pos-Graduacao,Casado,Blue,18974.0,2,2783,0
769323183,51,M,45,4,Ensino Fundamental,Solteiro,Blue,12101.0,2,2086,0
820020258,55,F,46,1,Ensino Medio,Solteiro,Blue,5379.0,3,1778,0
719234883,57,M,49,3,Mestrado,Solteiro,Blue,32676.0,3,3990,0
807349158,36,M,31,4,Doutorado,Divorciado,Blue,34516.0,3,2243,0
708644208,39,F,34,2,Mestrado,Solteiro,Blue,5858.0,2,3355,0
711659958,65,F,56,0,Mestrado,Casado,Blue,2692.0,2,1594,0
798988983,51,F,45,2,Ensino Fundamental,Casado,Blue,7165.0,3,3553,0
710760258,50,F,38,3,Ensino Medio,Casado,Blue,1438.3,3,4740,0
799700208,38,M,32,2,Mestrado,Solteiro,Silver,26988.0,1,3732,0
787460883,41,M,28,3,Ensino Fundamental,Casado,Blue,11091.0,3,1234,1
770937183,40,F,27,4,Mestrado,Solteiro,Silver,10745.0,1,3502,0
715468083,40,F,36,2,Doutorado,Casado,Silver,34516.0,2,3146,0
772268058,46,F,35,4,Ensino Fundamental,Solteiro,Blue,2722.0,2,3129,0
710166783,49,F,36,1,Mestrado,Casado,Blue,8228.0,3,4277,0
708758658,49,M,39,4,Mestrado,Casado,Blue,34516.0,1,3951,0
714011358,38,M,24,3,Mestrado,Divorciado,Blue,14821.0,1,2876,0
821150958,52,M,47,5,Mestrado,Solteiro,Blue,2047.0,1,3452,0
792272658,40,M,34,3,Mestrado,Solteiro,Blue,22380.0,3,3756,0
809818008,36,M,31,3,Ensino Fundamental,Casado,Blue,12893.0,3,2300,0
803231058,53,M,47,3,Ensino Medio,Solteiro,Blue,3351.0,1,4294,0
720450108,54,M,44,1,Mestrado,Casado,Blue,1438.3,1,1585,0
719076858,34,M,20,4,Faculdade,Solteiro,Blue,2165.0,1,2651,0
712443558,39,F,36,1,Faculdade,Solteiro,Blue,22125.0,1,1994,0
711835758,50,M,42,3,Mestrado,Casado,Blue,34516.0,5,1756,0
709284333,36,M,28,1,Ensino Fundamental,Divorciado,Blue,5260.0,3,2546,0
788122533,56,F,48,1,Mestrado,Casado,Blue,1438.3,2,1336,0
709206333,44,F,30,4,Mestrado,Solteiro,Blue,4333.0,4,1558,1
713039808,45,M,32,4,Faculdade,Casado,Blue,6637.0,2,1801,0
801700233,36,M,28,2,Mestrado,Solteiro,Blue,3174.0,3,3140,0
716815308,44,F,36,2,Ensino Fundamental,Casado,Blue,4396.0,2,3942,0
821149008,52,M,48,2,Mestrado,Solteiro,Blue,34516.0,2,1661,1
720580383,50,F,37,3,Mestrado,Casado,Blue,1438.3,2,3637,0
780202908,53,F,43,2,Mestrado,Solteiro,Blue,6853.0,3,2833,0
716183283,27,F,15,1,Faculdade,Divorciado,Blue,2166.0,3,3563,0
824168808,31,F,27,1,Faculdade,Divorciado,Blue,3647.0,6,2271,0
719855958,41,M,28,4,Ensino Medio,Solteiro,Blue,4475.0,1,3367,0
710112933,28,M,18,1,Ensino Fundamental,Solteiro,Blue,16604.0,3,2580,0
768364233,59,M,53,1,Ensino Medio,Casado,Blue,5446.0,2,1505,0
712762758,46,M,34,2,Mestrado,Casado,Blue,9451.0,2,3179,0
713089458,44,M,33,1,Ensino Medio,Casado,Blue,6130.0,2,3411,0
826780683,40,M,36,3,Mestrado,Casado,Blue,15008.0,2,3943,0
780251658,32,M,18,1,Ensino Medio,Casado,Blue,4583.0,1,2395,0
772273983,48,M,37,4,Ensino Fundamental,Solteiro,Blue,5268.0,3,2138,1
720688158,37,F,25,3,Ensino Medio,Solteiro,Blue,2282.0,2,2751,0
708193008,41,M,30,4,Ensino Fundamental,Solteiro,Blue,14480.0,3,1616,0
772449858,51,M,41,3,Mestrado,Divorciado,Blue,7570.0,3,3849,0
715992558,52,M,38,2,Doutorado,Casado,Blue,12878.0,2,1968,0
708502908,61,M,48,2,Ensino Medio,Solteiro,Silver,26218.0,2,3925,0
720132258,49,M,36,3,Pos-Graduacao,Solteiro,Silver,34516.0,1,3422,0
708704433,36,F,23,3,Ensino Medio,Solteiro,Blue,2804.0,3,2812,0
720906033,35,M,25,1,Mestrado,Casado,Blue,5801.0,4,2987,0
719961183,63,F,53,0,Ensino Medio,Casado,Blue,2271.0,3,1550,0
718838808,36,F,23,1,Pos-Graduacao,Casado,Blue,3107.0,3,2720,0
710268858,33,F,22,4,Mestrado,Solteiro,Blue,2001.0,1,3162,0
788360283,33,M,26,1,Mestrado,Solteiro,Blue,1438.3,1,2557,0
717914808,65,M,36,1,Ensino Medio,Solteiro,Blue,4465.0,3,4044,0
802884933,61,M,55,1,Mestrado,Casado,Blue,3264.0,2,1665,0
718785483,38,M,29,1,Doutorado,Solteiro,Silver,34516.0,3,4238,0
708816408,41,M,32,4,Ensino Fundamental,Solteiro,Blue,21756.0,6,3063,0
715363908,44,F,26,4,Ensino Fundamental,Casado,Blue,4726.0,1,3658,0
711251133,37,M,27,0,Pos-Graduacao,Solteiro,Blue,15326.0,2,2990,0
789193383,65,M,54,0,Ensino Fundamental,Solteiro,Blue,2644.0,1,3495,0
712801758,37,F,27,1,Mestrado,Solteiro,Blue,2673.0,1,3052,0
718291233,46,M,33,4,Mestrado,Casado,Blue,16227.0,1,4314,0
771960708,51,M,40,2,Mestrado,Casado,Blue,3290.0,2,3591,0
717427983,50,F,39,3,Ensino Medio,Solteiro,Silver,11176.0,3,2682,0
712737108,48,F,36,4,Ensino Medio,Casado,Blue,21416.0,1,4221,0
771599283,53,M,41,2,Mestrado,Casado,Blue,2492.0,2,1606,0
717237708,54,M,38,2,Pos-Graduacao,Solteiro,Blue,14265.0,3,3982,0
712513458,47,F,38,4,Ensino Medio,Solteiro,Blue,7469.0,1,3150,0
709690158,52,F,36,4,Mestrado,Casado,Blue,4592.0,1,1470,0
709959858,43,F,32,4,Mestrado,Solteiro,Blue,4341.0,3,3825,0
720683958,41,M,36,4,Ensino Fundamental,Divorciado,Gold,34516.0,2,4077,0
717843783,33,F,17,1,Faculdade,Solteiro,Silver,13431.0,3,2338,0
708849858,44,M,35,3,Doutorado,Solteiro,Blue,14028.0,1,3683,0
712652283,36,M,28,1,Ensino Fundamental,Divorciado,Blue,34516.0,1,3030,0
793461933,37,M,31,3,Ensino Medio,Solteiro,Blue,5699.0,2,2835,0
767114958,65,M,56,0,Ensino Fundamental,Solteiro,Blue,3226.0,2,3250,0
709216533,52,M,36,2,Faculdade,Casado,Blue,2803.0,3,3142,0
720897783,50,M,30,1,Ensino Fundamental,Casado,Blue,34516.0,2,2776,0
773503308,59,M,53,1,Ensino Fundamental,Solteiro,Blue,2192.0,5,4010,0
710664558,40,F,31,3,Ensino Medio,Casado,Blue,4736.0,2,3927,0
713687508,59,M,49,1,Doutorado,Solteiro,Blue,9944.0,2,3159,0
816312633,52,F,47,3,Faculdade,Casado,Blue,4717.0,3,2349,0
718216008,48,M,38,3,Mestrado,Casado,Blue,16920.0,2,3275,0
771228183,30,F,17,0,Mestrado,Divorciado,Blue,4704.0,1,3294,0
789430083,41,F,32,5,Ensino Medio,Solteiro,Blue,14987.0,1,4470,0
823621083,46,M,42,3,Mestrado,Casado,Blue,9227.0,3,3948,0
715424283,31,F,21,0,Faculdade,Casado,Blue,1677.0,2,3059,0
807209808,48,M,40,1,Ensino Medio,Solteiro,Blue,2319.0,2,3739,0
710681808,53,M,42,3,Ensino Medio,Solteiro,Blue,18531.0,3,2484,0
708740808,45,M,36,4,Mestrado,Casado,Blue,4112.0,3,2949,0
711728208,46,M,34,4,Mestrado,Solteiro,Blue,34516.0,1,4143,0
720562008,34,M,22,2,Mestrado,Solteiro,Silver,34516.0,3,2759,0
709012083,39,M,28,1,Ensino Fundamental,Casado,Blue,4683.0,3,2010,0
718174908,53,F,36,3,Ensino Fundamental,Casado,Blue,4224.0,3,1458,0
709550958,51,M,32,3,Mestrado,Casado,Blue,7133.0,1,2689,0
720411183,34,F,22,1,Ensino Medio,Solteiro,Blue,10253.0,1,3042,0
720776508,44,F,25,2,Doutorado,Solteiro,Blue,4210.0,3,4248,0
755615208,49,M,42,3,Ensino Medio,Solteiro,Blue,12630.0,3,4084,0
708147108,26,M,36,0,Mestrado,Divorciado,Blue,21084.0,1,2309,0
827476983,56,F,52,2,Faculdade,Solteiro,Blue,3639.0,5,1865,1
716682258,52,M,36,1,Ensino Medio,Divorciado,Blue,31945.0,3,3650,0
708563433,65,F,56,0,Ensino Medio,Solteiro,Blue,5894.0,6,1616,1
712515558,35,M,26,1,Faculdade,Solteiro,Blue,23447.0,2,2834,0
719342808,48,M,30,3,Mestrado,Solteiro,Blue,4180.0,2,3750,0
788957358,53,F,39,1,Mestrado,Solteiro,Blue,4930.0,3,4224,0
778386033,38,M,18,3,Ensino Fundamental,Casado,Blue,3417.0,3,2068,0
820060758,50,F,45,1,Faculdade,Solteiro,Blue,4785.0,2,3651,0
713271708,46,M,33,3,Ensino Fundamental,Casado,Silver,12685.0,2,4454,0
720555483,48,M,35,3,Mestrado,Solteiro,Blue,21374.0,3,4100,0
709405758,36,M,28,2,Mestrado,Casado,Blue,1911.0,3,1965,0
769463433,41,F,35,2,Pos-Graduacao,Solteiro,Blue,8666.0,3,3593,0
715921758,36,M,25,2,Faculdade,Solteiro,Blue,1438.3,3,2882,0
717280158,49,M,36,3,Mestrado,Casado,Blue,2976.0,3,3332,0
714179658,43,M,36,3,Ensino Medio,Solteiro,Blue,34516.0,1,1996,0
806637558,58,M,53,1,Ensino Medio,Casado,Blue,1438.3,2,1539,0
714828708,46,M,36,0,Ensino Medio,Divorciado,Blue,16099.0,1,3656,0
711989358,50,M,36,2,Mestrado,Solteiro,Blue,19595.0,2,3811,0
720188508,43,M,25,4,Mestrado,Solteiro,Blue,13193.0,2,4071,0
719528958,57,F,36,3,Faculdade,Solteiro,Blue,8184.0,1,4134,0
716363658,51,M,36,2,Doutorado,Solteiro,Blue,25873.0,2,3920,0
778952058,46,M,32,3,Faculdade,Casado,Blue,20860.0,2,3435,0
778908783,52,M,33,3,Faculdade,Casado,Blue,27751.0,3,1427,0
778170633,48,M,38,5,Mestrado,Casado,Blue,34516.0,2,3661,0
771833433,49,M,38,2,Ensino Medio,Casado,Blue,29893.0,2,2063,1
788959758,47,F,33,4,Ensino Fundamental,Solteiro,Blue,9148.0,2,3451,0
713267133,41,F,33,5,Pos-Graduacao,Casado,Blue,6519.0,1,3088,0
716263533,44,M,36,5,Ensino Medio,Casado,Blue,2509.0,2,3166,0
719026383,35,F,36,2,Ensino Fundamental,Casado,Blue,2664.0,1,3135,0
709683633,32,F,13,1,Ensino Medio,Solteiro,Silver,10332.0,1,2914,0
828291858,38,M,34,3,Faculdade,Solteiro,Blue,12050.0,3,2381,1
779647608,39,M,22,2,Ensino Medio,Solteiro,Blue,26124.0,2,4199,0
787605558,48,F,31,3,Mestrado,Divorciado,Blue,9816.0,2,3489,0
771534408,52,F,40,2,Faculdade,Solteiro,Blue,2783.0,3,3897,0
715690908,46,F,39,3,Mestrado,Solteiro,Silver,12222.0,3,3418,0
789125733,38,F,26,4,Doutorado,Casado,Blue,4002.0,2,2114,0
717271983,60,M,53,0,Faculdade,Solteiro,Silver,34516.0,3,3261,0
709695333,48,M,36,2,Ensino Medio,Solteiro,Blue,10227.0,2,3577,0
712233183,45,F,34,2,Mestrado,Solteiro,Blue,4265.0,3,3244,0
711762408,43,M,34,2,Doutorado,Divorciado,Blue,2243.0,1,4023,0
818305008,41,F,36,2,Mestrado,Casado,Blue,11239.0,1,3978,0
709104333,50,M,36,5,Pos-Graduacao,Casado,Silver,34516.0,2,2687,0
708112008,56,M,36,2,Mestrado,Casado,Blue,23510.0,2,1661,0
710006958,53,F,41,1,Ensino Medio,Solteiro,Blue,8693.0,2,4755,0
815062383,35,F,30,2,Ensino Medio,Casado,Blue,4549.0,3,1914,0
778447908,51,M,33,2,Faculdade,Casado,Blue,3558.0,1,4136,0
720725058,51,F,37,1,Mestrado,Solteiro,Blue,7176.0,3,1375,1
708582858,38,M,25,3,Mestrado,Solteiro,Blue,18293.0,3,2958,0
779833908,40,F,23,2,Mestrado,Divorciado,Blue,18332.0,2,4095,0
818687958,48,M,43,2,Mestrado,Divorciado,Blue,6383.0,3,4462,0
708714108,42,F,31,3,Ensino Medio,Solteiro,Silver,13441.0,2,1894,0
754872333,50,M,43,2,Mestrado,Casado,Blue,20114.0,1,4740,0
718637208,54,F,43,2,Mestrado,Solteiro,Blue,2019.0,2,1689,0
816772908,38,M,33,3,Ensino Medio,Solteiro,Silver,34516.0,1,4533,0
711935283,55,M,47,5,Pos-Graduacao,Solteiro,Blue,1438.3,1,1427,1
716950758,46,M,36,4,Ensino Medio,Casado,Blue,8017.0,3,1657,1
716497908,49,F,36,1,Doutorado,Casado,Blue,8519.0,1,3698,0
716037708,50,M,39,0,Ensino Fundamental,Divorciado,Blue,9474.0,3,3240,0
717804783,40,F,27,3,Mestrado,Solteiro,Blue,6587.0,3,4160,0
715338783,32,M,36,1,Ensino Medio,Solteiro,Blue,2999.0,2,3018,0
779645658,49,M,32,3,Mestrado,Solteiro,Blue,7154.0,1,3607,0
787565433,53,M,43,2,Pos-Graduacao,Casado,Blue,4039.0,2,1494,0
717287883,57,M,46,3,Mestrado,Casado,Blue,5516.0,2,1532,0
715746633,64,F,54,0,Mestrado,Solteiro,Blue,5577.0,1,4256,0
710077008,43,M,33,2,Ensino Fundamental,Solteiro,Blue,30137.0,3,3522,0
804437658,42,F,36,3,Doutorado,Casado,Blue,9778.0,2,3413,0
780000258,48,M,38,3,Ensino Fundamental,Solteiro,Blue,20912.0,2,4172,0
825785508,49,M,45,3,Ensino Medio,Solteiro,Blue,14699.0,2,4890,0
720252858,57,M,36,3,Faculdade,Solteiro,Blue,10350.0,3,3396,0
710017758,44,M,36,4,Mestrado,Solteiro,Blue,11346.0,2,3784,0
711750183,63,F,55,2,Mestrado,Solteiro,Gold,15987.0,1,3640,0
718364283,43,M,30,3,Mestrado,Solteiro,Blue,19711.0,2,3602,0
711638658,33,M,25,4,Ensino Medio,Solteiro,Blue,8650.0,1,2878,0
711046383,55,M,36,2,Mestrado,Solteiro,Silver,34516.0,1,3542,0
720877083,50,M,36,2,Mestrado,Casado,Blue,9748.0,1,3323,0
712872183,35,F,24,4,Ensino Fundamental,Solteiro,Blue,3271.0,2,2464,0
710014683,31,F,20,0,Mestrado,Solteiro,Blue,3480.0,3,2807,0
716934333,50,M,40,3,Ensino Fundamental,Solteiro,Blue,13306.0,1,3556,0
778523733,38,M,31,3,Mestrado,Solteiro,Blue,13637.0,1,3625,0
716353083,39,M,29,3,Mestrado,Solteiro,Blue,6733.0,2,4444,0
753642933,52,F,45,3,Ensino Medio,Solteiro,Blue,2728.0,3,4293,0
708151008,49,F,41,4,Mestrado,Casado,Blue,6250.0,1,2433,0
789646158,49,M,33,4,Ensino Fundamental,Casado,Blue,3653.0,1,3297,0
712423233,44,M,36,3,Ensino Medio,Divorciado,Blue,22919.0,3,3752,0
719806233,36,M,20,1,Mestrado,Solteiro,Blue,34516.0,2,2686,0
711502908,44,M,39,3,Mestrado,Solteiro,Blue,7532.0,2,3550,0
748617858,35,M,28,5,Ensino Fundamental,Solteiro,Blue,4587.0,2,2968,0
721532583,45,M,36,4,Mestrado,Casado,Blue,12250.0,3,1995,1
789244308,56,M,41,4,Faculdade,Solteiro,Blue,17753.0,1,3986,0
709330383,37,F,19,1,Mestrado,Solteiro,Silver,12535.0,3,3283,0
719136183,48,F,38,3,Ensino Fundamental,Casado,Blue,3541.0,1,3410,0
716939358,43,F,33,3,Mestrado,Divorciado,Blue,14622.0,3,4632,0
713461533,54,M,38,3,Mestrado,Solteiro,Blue,29200.0,2,3042,0
803776533,46,M,41,2,Pos-Graduacao,Solteiro,Blue,10077.0,3,2118,0
714857508,44,F,36,4,Doutorado,Casado,Blue,8667.0,2,3939,0
720348933,44,M,31,3,Mestrado,Solteiro,Blue,12871.0,3,3060,0
721158108,38,M,30,2,Mestrado,Solteiro,Blue,2346.0,2,3982,0
789043008,55,F,43,2,Pos-Graduacao,Divorciado,Blue,9919.0,2,2058,0
712623258,42,F,36,3,Mestrado,Casado,Blue,5505.0,3,2272,1
708494583,49,F,36,3,Ensino Fundamental,Divorciado,Blue,1902.0,1,3731,0
718394658,31,F,22,0,Mestrado,Solteiro,Blue,4254.0,1,2366,0
711885258,47,F,31,4,Ensino Medio,Casado,Blue,7711.0,3,2078,0
789161358,30,F,19,0,Mestrado,Casado,Blue,3213.0,1,2666,0
779198133,45,F,33,3,Ensino Medio,Divorciado,Blue,9977.0,3,3530,0
708314808,53,F,41,2,Faculdade,Casado,Blue,5659.0,1,1570,0
715412583,51,M,36,3,Pos-Graduacao,Casado,Blue,7925.0,1,3815,0
719562108,28,F,20,0,Ensino Fundamental,Solteiro,Silver,12793.0,3,2671,0
742552683,44,F,31,3,Ensino Medio,Casado,Blue,1438.3,2,4208,0
711455133,55,M,36,3,Faculdade,Solteiro,Blue,12948.0,3,2481,0
716387733,49,M,36,4,Mestrado,Solteiro,Blue,5662.0,4,1693,1
772571508,34,F,24,2,Ensino Medio,Solteiro,Blue,2799.0,1,2311,0
719266158,42,M,35,2,Mestrado,Divorciado,Blue,6779.0,3,3434,0
720708183,53,F,36,1,Ensino Fundamental,Divorciado,Silver,15248.0,1,4758,0
767523933,53,M,45,3,Ensino Medio,Solteiro,Blue,15583.0,1,3938,0
797466033,32,M,26,1,Ensino Medio,Casado,Blue,2576.0,2,2880,0
712612233,35,M,22,4,Mestrado,Solteiro,Blue,8717.0,3,2067,0
716516208,45,M,36,4,Mestrado,Casado,Blue,1438.3,2,3748,0
709950858,45,M,35,5,Faculdade,Solteiro,Blue,33755.0,2,3458,0
712665633,43,F,30,3,Mestrado,Casado,Silver,12952.0,1,3472,0
715391433,38,M,33,0,Mestrado,Casado,Blue,11741.0,4,2143,0
708722583,39,F,36,4,Ensino Fundamental,Solteiro,Blue,2609.0,3,3024,0
720452508,51,F,37,1,Faculdade,Casado,Blue,11167.0,3,3848,0
714566958,44,M,36,3,Ensino Medio,Casado,Blue,20882.0,2,2291,0
806179683,63,F,56,1,Faculdade,Solteiro,Blue,3071.0,3,4433,0
806244183,39,M,34,2,Mestrado,Divorciado,Blue,2267.0,1,4544,0
787999533,52,M,44,2,Ensino Medio,Solteiro,Blue,6617.0,2,3595,0
718358808,57,F,50,2,Ensino Medio,Divorciado,Blue,3276.0,3,3758,0
718474683,36,M,24,0,Ensino Medio,Casado,Blue,10097.0,3,3092,0
716908158,42,F,36,3,Faculdade,Casado,Blue,8260.0,2,3299,0
713984208,52,M,33,4,Mestrado,Casado,Blue,5776.0,2,4029,0
713013483,40,F,36,4,Mestrado,Divorciado,Blue,1438.3,3,3754,0
754599558,40,F,33,3,Faculdade,Solteiro,Blue,7207.0,3,3825,0
712411908,44,M,34,3,Ensino Medio,Casado,Blue,21158.0,2,4071,0
717538683,43,M,36,3,Mestrado,Casado,Blue,22906.0,2,3204,0
709447908,45,M,33,2,Mestrado,Casado,Blue,2648.0,3,3281,0
816834933,34,F,29,4,Mestrado,Solteiro,Silver,30702.0,2,2652,0
714358008,53,F,36,1,Faculdade,Divorciado,Blue,17054.0,1,4659,0
720758808,38,M,18,3,Faculdade,Solteiro,Blue,16317.0,1,1995,1
708255633,36,M,27,1,Mestrado,Solteiro,Blue,3761.0,2,3240,0
715986258,53,F,41,1,Ensino Fundamental,Solteiro,Silver,15845.0,3,4037,0
715858008,49,F,39,1,Ensino Fundamental,Casado,Blue,8061.0,3,1224,1
708361833,44,M,36,4,Mestrado,Casado,Blue,19430.0,2,3650,0
718000383,60,F,51,1,Mestrado,Solteiro,Blue,23566.0,3,4274,0
714466458,49,F,35,2,Ensino Medio,Casado,Blue,2532.0,3,3400,0
719608308,37,M,29,2,Ensino Medio,Solteiro,Blue,9829.0,2,2927,0
792995808,57,F,51,3,Pos-Graduacao,Solteiro,Blue,7226.0,4,3474,0
779289033,46,F,28,3,Ensino Fundamental,Solteiro,Blue,21646.0,1,3328,0
719356008,39,F,36,3,Mestrado,Solteiro,Blue,1438.3,3,4548,0
718354683,59,F,45,0,Mestrado,Solteiro,Silver,21358.0,3,3646,0
720529308,63,M,48,0,Ensino Medio,Solteiro,Blue,1856.0,3,1805,1
787578183,36,M,28,3,Ensino Medio,Solteiro,Blue,1438.3,3,3204,0
737952333,64,M,56,1,Mestrado,Solteiro,Blue,2586.0,1,3435,0
779498058,39,M,21,2,Mestrado,Casado,Blue,3281.0,3,2006,0
799707858,50,F,42,1,Ensino Medio,Casado,Blue,7115.0,1,3584,0
719543208,38,F,36,3,Ensino Fundamental,Solteiro,Blue,13220.0,3,3789,0
715399908,54,F,45,2,Ensino Medio,Solteiro,Blue,7563.0,3,4175,0
710288883,40,F,32,1,Mestrado,Casado,Blue,8749.0,1,5054,0
719912808,52,M,39,2,Ensino Medio,Solteiro,Blue,14973.0,3,4288,0
720247158,63,M,36,0,Mestrado,Solteiro,Blue,7108.0,3,3787,0
718672233,48,F,38,1,Mestrado,Solteiro,Blue,23007.0,2,3395,0
789593058,46,M,39,5,Faculdade,Casado,Blue,24248.0,2,3311,0
710278458,52,M,43,2,Ensino Medio,Solteiro,Blue,11617.0,3,1643,1
714467733,45,M,36,2,Mestrado,Casado,Silver,30428.0,2,4178,0
772000533,59,M,48,1,Mestrado,Casado,Blue,14257.0,3,1809,0
811035483,47,M,42,3,Ensino Fundamental,Divorciado,Silver,34516.0,4,1641,1
715480983,55,F,36,2,Faculdade,Solteiro,Blue,5719.0,2,3403,0
720437358,40,M,32,3,Mestrado,Solteiro,Blue,2526.0,1,3596,0
719465733,52,F,44,2,Ensino Medio,Solteiro,Blue,2971.0,3,4458,0
711978858,59,M,49,2,Mestrado,Solteiro,Blue,6834.0,3,4422,0
814364808,36,F,31,2,Ensino Fundamental,Casado,Blue,3002.0,3,2624,0
788820933,59,M,42,2,Mestrado,Solteiro,Blue,16727.0,2,3511,0
713316558,41,M,29,4,Ensino Medio,Casado,Blue,4573.0,2,3776,0
779856483,38,M,22,2,Pos-Graduacao,Solteiro,Blue,15410.0,1,3368,0
717085983,44,F,25,2,Ensino Medio,Solteiro,Blue,3299.0,2,4312,0
788030208,42,F,33,2,Ensino Fundamental,Solteiro,Silver,13453.0,2,1904,1
709914858,48,F,36,2,Mestrado,Casado,Blue,6362.0,1,5169,0
708618933,34,M,13,2,Ensino Fundamental,Solteiro,Blue,4369.0,3,3259,0
720446508,50,F,36,2,Ensino Fundamental,Solteiro,Blue,1721.0,3,2681,0
756488883,41,M,34,2,Ensino Fundamental,Solteiro,Blue,2196.0,2,2040,0
708414033,50,M,38,4,Mestrado,Casado,Blue,2845.0,3,3730,0
756727233,49,M,42,2,Ensino Medio,Solteiro,Blue,21144.0,2,4895,0
720340383,45,F,25,2,Mestrado,Casado,Blue,3518.0,2,4034,0
771453033,47,M,35,3,Ensino Medio,Casado,Blue,17343.0,1,3170,0
708747708,43,M,33,3,Mestrado,Casado,Blue,3498.0,1,2512,0
712460433,39,M,25,2,Ensino Fundamental,Solteiro,Blue,9121.0,1,4112,0
709955958,41,F,33,1,Ensino Medio,Solteiro,Blue,8054.0,2,3374,0
719099583,42,M,34,3,Mestrado,Casado,Blue,1640.0,2,1360,1
719513733,48,M,41,3,Doutorado,Casado,Blue,8739.0,3,4276,0
710654808,46,M,36,4,Mestrado,Solteiro,Blue,1818.0,1,2308,1
719651358,46,F,33,4,Ensino Fundamental,Solteiro,Blue,24949.0,3,4092,0
718917408,46,F,38,3,Mestrado,Casado,Blue,3115.0,3,3704,0
808753758,52,M,47,2,Ensino Fundamental,Divorciado,Blue,29695.0,2,4109,0
711699183,56,M,50,2,Ensino Fundamental,Divorciado,Blue,7261.0,1,3723,0
772565883,41,M,31,0,Ensino Medio,Solteiro,Blue,33472.0,5,4719,0
717203958,51,M,36,3,Mestrado,Casado,Blue,11512.0,3,1842,0
714933783,51,M,37,2,Mestrado,Casado,Blue,8511.0,1,3775,0
717650133,41,M,28,5,Mestrado,Solteiro,Blue,4821.0,1,3571,0
717331758,44,M,32,4,Mestrado,Casado,Blue,34516.0,3,4228,0
801385458,52,M,46,1,Ensino Fundamental,Casado,Blue,8596.0,2,4017,0
710605458,49,M,39,2,Ensino Medio,Casado,Blue,7223.0,3,4127,0
766006758,63,M,56,1,Ensino Medio,Casado,Blue,7216.0,2,1734,0
710695083,44,M,32,3,Faculdade,Solteiro,Silver,28397.0,1,1635,0
709224033,53,M,43,4,Ensino Fundamental,Solteiro,Blue,13720.0,3,1830,1
709381383,49,M,36,4,Mestrado,Casado,Blue,2952.0,6,3830,0
716235783,45,M,39,3,Faculdade,Casado,Blue,7109.0,2,4047,0
713579733,36,M,22,2,Faculdade,Solteiro,Blue,4511.0,3,2597,0
804649833,42,M,29,3,Pos-Graduacao,Casado,Blue,2533.0,3,3436,0
780971583,46,M,30,1,Mestrado,Divorciado,Blue,2016.0,2,3772,0
804673308,49,M,44,5,Ensino Fundamental,Casado,Blue,3893.0,3,1866,1
788747358,50,M,29,0,Ensino Medio,Divorciado,Blue,5530.0,3,4836,0
713199558,57,F,44,3,Doutorado,Solteiro,Blue,1737.0,3,3669,0
713777883,46,F,36,0,Mestrado,Divorciado,Blue,6853.0,3,3543,0
771081558,55,M,42,2,Ensino Medio,Divorciado,Blue,34516.0,2,2862,0
710229333,38,M,20,2,Faculdade,Solteiro,Blue,11068.0,1,3812,0
720406233,35,F,36,2,Mestrado,Casado,Blue,5546.0,2,1770,0
767784708,48,M,41,0,Doutorado,Casado,Blue,7277.0,3,2356,1
712052058,57,M,48,3,Mestrado,Solteiro,Blue,9426.0,3,4212,0
710248233,37,M,28,3,Faculdade,Solteiro,Blue,3490.0,2,3392,0
712146558,48,F,30,5,Ensino Fundamental,Casado,Blue,2364.0,2,3230,0
715179933,49,F,36,2,Ensino Medio,Casado,Blue,15704.0,2,4253,0
710668458,48,F,36,4,Mestrado,Casado,Blue,3696.0,3,3405,0
718828083,52,M,43,1,Mestrado,Solteiro,Blue,8748.0,3,3533,0
720781158,44,F,27,2,Ensino Fundamental,Divorciado,Blue,5608.0,2,3829,0
715688958,45,F,36,2,Pos-Graduacao,Solteiro,Blue,2736.0,1,4550,0
715354983,44,M,35,3,Mestrado,Casado,Blue,6327.0,3,3653,0
720724008,43,M,36,2,Mestrado,Solteiro,Blue,13430.0,1,3717,0
712828533,62,M,36,1,Mestrado,Solteiro,Blue,2796.0,1,4820,0
717007458,46,M,38,2,Mestrado,Casado,Blue,2457.0,3,3256,0
717720108,42,M,31,2,Mestrado,Casado,Blue,12386.0,2,3274,0
720648483,39,M,31,4,Faculdade,Solteiro,Blue,32210.0,3,1821,0
770146008,59,M,53,1,Mestrado,Solteiro,Blue,2136.0,3,1908,0
714829683,43,M,36,2,Doutorado,Solteiro,Blue,10851.0,3,3688,0
757837458,59,F,52,2,Ensino Medio,Solteiro,Blue,3578.0,2,4065,0
719036883,48,F,38,1,Ensino Fundamental,Divorciado,Blue,4668.0,3,4163,0
714000108,40,F,36,3,Faculdade,Divorciado,Blue,6772.0,2,3658,0
720786033,55,M,42,1,Faculdade,Solteiro,Blue,10696.0,2,2489,0
708917133,48,M,35,3,Ensino Medio,Solteiro,Blue,11851.0,3,4498,0
818929158,36,M,31,2,Doutorado,Solteiro,Blue,11558.0,3,2220,0
827695683,40,M,36,3,Ensino Fundamental,Solteiro,Blue,34516.0,2,3906,0
819189108,63,M,56,0,Faculdade,Solteiro,Blue,9033.0,2,4456,0
716977758,44,F,36,3,Ensino Fundamental,Casado,Blue,3675.0,3,1913,1
714901383,44,M,38,2,Ensino Medio,Casado,Blue,9183.0,3,4503,0
713516433,36,F,36,3,Faculdade,Solteiro,Blue,5383.0,1,2934,0
715140933,45,F,39,3,Mestrado,Solteiro,Silver,21425.0,2,3704,0
721498008,44,F,35,3,Ensino Fundamental,Solteiro,Blue,1438.3,2,3966,0
717189183,35,M,24,1,Doutorado,Solteiro,Blue,10467.0,3,2665,0
708902883,55,M,36,2,Mestrado,Solteiro,Blue,12856.0,2,3364,0
817889583,61,F,56,0,Mestrado,Solteiro,Blue,9721.0,3,2260,1
717242058,43,F,39,5,Mestrado,Casado,Blue,3981.0,3,2134,1
716613933,51,F,36,3,Ensino Medio,Solteiro,Blue,3417.0,5,3651,0
716306583,64,M,36,0,Mestrado,Solteiro,Blue,3812.0,3,2325,1
720026058,49,M,36,3,Mestrado,Casado,Blue,21378.0,1,3526,0
756397458,54,F,47,1,Mestrado,Solteiro,Silver,12873.0,3,3170,0
712644483,46,M,39,3,Ensino Medio,Solteiro,Blue,20229.0,3,4270,0
709573533,48,M,34,3,Ensino Fundamental,Casado,Blue,11191.0,1,3914,0
807137808,45,M,40,3,Ensino Medio,Divorciado,Blue,17576.0,1,3494,0
711861258,65,F,36,1,Ensino Fundamental,Solteiro,Blue,4182.0,2,4046,0
716660583,45,M,37,0,Mestrado,Solteiro,Blue,10271.0,5,3696,0
716617608,50,F,36,1,Ensino Medio,Solteiro,Blue,1560.0,3,1936,0
716786808,40,M,30,5,Pos-Graduacao,Solteiro,Blue,1659.0,2,3838,0
718882008,38,M,27,1,Ensino Medio,Solteiro,Blue,22487.0,2,4960,0
715234008,54,F,36,1,Ensino Medio,Solteiro,Blue,4717.0,3,4216,0
709326183,50,M,40,2,Ensino Medio,Solteiro,Blue,5180.0,2,3447,0
721233033,50,M,38,2,Ensino Medio,Solteiro,Blue,4915.0,2,1474,1
712319958,41,M,29,4,Ensino Medio,Casado,Blue,12154.0,2,3853,0
712198983,46,M,36,4,Mestrado,Casado,Blue,3258.0,3,3169,0
779502333,50,M,32,4,Mestrado,Solteiro,Silver,34516.0,3,1480,1
718737708,45,M,33,4,Mestrado,Solteiro,Blue,31458.0,5,4202,0
821351958,40,F,36,4,Faculdade,Casado,Blue,1438.3,1,3308,0
716142858,46,F,36,4,Ensino Fundamental,Casado,Silver,10961.0,1,3914,0
773236983,47,M,40,4,Ensino Medio,Casado,Blue,2498.0,2,1839,0
708355683,46,F,38,4,Mestrado,Casado,Blue,16815.0,2,2976,0
789964983,45,M,36,2,Mestrado,Divorciado,Blue,9569.0,2,1724,1
720303933,40,M,36,2,Mestrado,Casado,Blue,3340.0,1,4526,0
708665133,40,M,28,2,Mestrado,Casado,Blue,3654.0,2,4003,0
828236133,49,M,45,2,Mestrado,Casado,Blue,10541.0,2,4269,0
712000758,51,M,39,4,Ensino Fundamental,Solteiro,Silver,34516.0,2,3997,0
715378383,43,F,36,4,Mestrado,Solteiro,Silver,34516.0,3,3639,0
769985883,45,M,39,2,Mestrado,Solteiro,Blue,1613.0,3,3549,0
709297608,38,M,26,3,Faculdade,Solteiro,Blue,1438.3,3,1585,1
716971833,40,F,29,2,Ensino Fundamental,Casado,Blue,13126.0,3,4496,0
801373833,49,M,43,4,Faculdade,Divorciado,Blue,1922.0,2,2920,0
817977933,63,F,56,0,Mestrado,Solteiro,Blue,1931.0,6,2288,1
827055333,43,M,39,3,Mestrado,Solteiro,Blue,8513.0,3,2015,0
772116408,50,M,39,1,Ensino Medio,Solteiro,Blue,2421.0,1,2377,0
734924658,47,F,36,5,Ensino Medio,Casado,Blue,1478.0,3,4123,0
711775383,63,M,36,1,Mestrado,Solteiro,Blue,2466.0,1,4059,0
715019058,30,F,36,2,Pos-Graduacao,Divorciado,Blue,2501.0,1,2933,0
780715683,41,M,30,3,Doutorado,Solteiro,Blue,13602.0,1,3582,0
827341383,38,M,34,3,Mestrado,Solteiro,Blue,3094.0,3,3607,0
708757233,44,F,32,2,Ensino Medio,Casado,Blue,2485.0,2,3697,0
710504283,50,M,39,1,Ensino Fundamental,Casado,Blue,14817.0,3,4014,0
713171358,46,F,36,4,Faculdade,Solteiro,Blue,1438.3,1,3880,0
716358033,53,F,43,1,Mestrado,Solteiro,Blue,6189.0,3,5004,0
711679533,54,M,43,2,Pos-Graduacao,Divorciado,Blue,5569.0,2,2600,0
711342483,50,M,36,1,Faculdade,Casado,Blue,2418.0,2,3896,0
756624183,51,F,44,3,Mestrado,Casado,Blue,7742.0,1,3507,0
717622308,63,F,36,0,Ensino Medio,Solteiro,Blue,2074.0,3,4232,0
714629358,54,F,34,3,Mestrado,Divorciado,Blue,4948.0,3,1796,1
744307008,51,M,44,1,Ensino Fundamental,Casado,Blue,4988.0,2,3890,0
708871158,60,M,42,1,Mestrado,Solteiro,Silver,28701.0,3,3516,0
818903583,44,M,39,5,Ensino Fundamental,Divorciado,Blue,16034.0,2,3628,0
712980333,33,M,36,3,Mestrado,Divorciado,Blue,24149.0,3,2584,0
822112383,52,M,48,3,Faculdade,Casado,Blue,1438.3,1,3769,0
711538758,39,M,36,5,Mestrado,Solteiro,Blue,24657.0,3,1954,1
719184783,51,F,41,1,Mestrado,Solteiro,Blue,9352.0,2,3536,0
715857183,46,M,36,2,Faculdade,Solteiro,Blue,4939.0,3,2150,0
719657583,44,M,40,3,Mestrado,Casado,Blue,9502.0,2,2310,1
789713208,62,F,50,0,Doutorado,Solteiro,Blue,2936.0,3,2692,1
802031583,53,M,47,2,Ensino Fundamental,Solteiro,Blue,22855.0,1,3711,0
711529383,47,F,41,3,Mestrado,Casado,Blue,6602.0,1,3163,0
715371108,45,M,40,3,Mestrado,Casado,Blue,3728.0,3,1632,1
712988958,42,M,33,4,Mestrado,Solteiro,Blue,2021.0,2,3253,0
713005908,47,F,36,2,Mestrado,Casado,Blue,2255.0,2,4772,0
712236483,41,F,36,2,Mestrado,Solteiro,Gold,15704.0,3,4487,0
796903083,47,F,36,1,Doutorado,Casado,Blue,1438.3,3,2584,1
716014983,56,F,48,3,Ensino Medio,Solteiro,Blue,8340.0,5,3755,0
780045708,42,F,26,3,Mestrado,Solteiro,Silver,15104.0,2,4259,0
719488008,39,F,36,1,Mestrado,Casado,Blue,2490.0,3,1902,0
771575058,45,M,33,1,Mestrado,Casado,Blue,2009.0,3,3172,0
772137183,52,M,41,2,Mestrado,Solteiro,Blue,31668.0,3,1822,1
737986083,46,M,39,3,Ensino Medio,Solteiro,Blue,23642.0,1,3139,0
714973758,50,F,36,3,Mestrado,Solteiro,Blue,1438.3,3,2004,0
718009158,50,F,41,3,Ensino Fundamental,Solteiro,Blue,2563.0,2,3774,0
789597408,39,F,32,1,Pos-Graduacao,Solteiro,Silver,17814.0,2,4712,0
712165308,45,F,36,2,Doutorado,Solteiro,Blue,7738.0,2,4255,0
708637758,49,F,37,3,Mestrado,Solteiro,Blue,17345.0,3,3523,0
779974758,51,M,40,2,Faculdade,Solteiro,Blue,8706.0,3,3203,0
821815458,48,M,44,3,Ensino Medio,Solteiro,Blue,19272.0,1,3398,0
711708408,52,F,43,3,Ensino Medio,Casado,Blue,4798.0,3,3967,0
812449758,43,M,38,3,Ensino Medio,Solteiro,Blue,12254.0,3,2129,1
715682208,49,M,36,3,Doutorado,Casado,Blue,9549.0,1,4629,0
719914908,37,M,36,2,Ensino Fundamental,Divorciado,Silver,11568.0,3,1701,0
710809833,40,M,27,3,Mestrado,Casado,Silver,34516.0,1,3193,0
709423158,46,M,26,4,Mestrado,Solteiro,Blue,1791.0,3,3592,0
718307433,50,F,36,0,Mestrado,Solteiro,Blue,7238.0,1,2025,0
772607433,50,M,40,3,Ensino Medio,Casado,Blue,4514.0,2,4107,0
801709308,44,F,38,4,Ensino Fundamental,Casado,Blue,5366.0,1,4558,0
806656083,48,F,43,2,Mestrado,Casado,Blue,9559.0,2,4064,0
823635033,49,F,45,2,Ensino Medio,Casado,Blue,8353.0,2,4200,0
721538883,45,M,37,4,Mestrado,Solteiro,Silver,15578.0,3,4449,0
718835583,50,F,41,1,Mestrado,Casado,Blue,15641.0,2,3769,0
827970933,46,F,42,4,Mestrado,Casado,Blue,3504.0,2,4439,0
717030633,46,M,34,4,Faculdade,Solteiro,Blue,2369.0,3,3034,0
815085708,60,F,55,0,Ensino Medio,Solteiro,Blue,10882.0,5,1861,1
822964683,51,F,47,1,Mestrado,Solteiro,Blue,2469.0,3,4351,0
719335233,47,F,27,3,Ensino Fundamental,Casado,Silver,14335.0,3,3610,0
779683683,47,M,31,3,Ensino Medio,Solteiro,Blue,4005.0,3,2344,0
715485483,39,F,36,5,Mestrado,Casado,Blue,3664.0,3,1479,1
711396483,40,M,36,2,Mestrado,Solteiro,Blue,6033.0,2,4505,0
789220008,56,M,45,3,Ensino Medio,Casado,Blue,4531.0,2,1425,0
717661908,37,M,36,5,Doutorado,Solteiro,Silver,34516.0,1,2681,0
778459833,42,M,27,5,Mestrado,Casado,Blue,11880.0,2,1789,0
820346133,59,F,54,2,Ensino Fundamental,Solteiro,Blue,9344.0,1,4154,0
720119808,42,M,36,3,Ensino Medio,Casado,Blue,24126.0,2,3342,0
711176133,28,M,36,0,Ensino Medio,Solteiro,Blue,2295.0,3,3366,0
794560833,47,F,31,3,Mestrado,Casado,Blue,5496.0,3,1913,1
718197108,54,M,36,2,Mestrado,Solteiro,Blue,12342.0,3,1430,1
769576608,62,M,49,1,Ensino Fundamental,Solteiro,Blue,12814.0,1,3566,0
708626058,49,F,34,2,Ensino Fundamental,Casado,Blue,5242.0,2,4098,0
710333883,48,M,37,3,Mestrado,Casado,Blue,8808.0,2,1905,1
715401633,43,F,35,3,Mestrado,Solteiro,Blue,4469.0,1,2111,0
755220783,51,M,44,1,Doutorado,Casado,Blue,8031.0,2,3576,0
767564358,47,F,40,5,Doutorado,Casado,Blue,4748.0,1,3197,0
789744033,50,M,38,2,Mestrado,Solteiro,Blue,19999.0,1,3183,0
709887483,56,M,45,2,Ensino Fundamental,Divorciado,Blue,6331.0,1,3527,0
789177333,47,F,36,2,Mestrado,Casado,Blue,1693.0,3,2104,1
714878508,48,F,36,2,Ensino Medio,Solteiro,Blue,5483.0,3,2051,0
711079308,40,M,27,3,Mestrado,Casado,Blue,15186.0,2,1884,1
794510358,41,M,26,3,Mestrado,Casado,Blue,33408.0,3,3754,0
715033533,43,F,37,2,Ensino Medio,Casado,Blue,3125.0,2,4422,0
779400183,42,M,31,3,Mestrado,Solteiro,Blue,2934.0,3,2484,0
716636808,39,M,36,3,Mestrado,Solteiro,Blue,34516.0,2,3572,0
708733983,50,F,36,1,Doutorado,Solteiro,Blue,5349.0,3,2122,1
710521383,50,M,38,3,Ensino Fundamental,Solteiro,Blue,9810.0,2,2247,0
720075558,50,M,36,4,Faculdade,Casado,Blue,7084.0,1,3838,0
717569283,47,M,36,5,Doutorado,Solteiro,Blue,8896.0,1,4252,0
714215058,42,F,33,3,Ensino Medio,Casado,Blue,6848.0,2,4006,0
789407958,42,M,33,1,Mestrado,Casado,Blue,17165.0,2,4063,0
715118058,45,M,36,3,Mestrado,Casado,Blue,20274.0,3,5274,0
713672208,50,M,33,1,Doutorado,Divorciado,Blue,19939.0,5,3342,0
720865383,53,M,45,3,Mestrado,Solteiro,Blue,3378.0,3,4437,0
719655258,64,M,36,0,Mestrado,Solteiro,Blue,3196.0,2,3412,0
711205758,45,M,33,3,Faculdade,Solteiro,Silver,34516.0,3,2534,1
806264958,52,F,47,2,Ensino Medio,Solteiro,Blue,7030.0,2,3211,0
714659133,47,M,37,5,Ensino Medio,Casado,Blue,9410.0,2,2178,1
716425833,38,M,36,2,Mestrado,Solteiro,Blue,34516.0,2,1797,1
712166583,45,F,38,0,Mestrado,Casado,Blue,4096.0,3,3490,0
713124558,43,F,34,2,Mestrado,Casado,Blue,7210.0,1,4249,0
714048783,57,M,36,2,Ensino Medio,Solteiro,Blue,8026.0,3,4072,0
714332658,42,F,35,3,Mestrado,Solteiro,Blue,5596.0,2,3896,0
719169783,52,F,43,2,Ensino Fundamental,Casado,Blue,6897.0,3,2781,0
718270833,48,F,40,3,Pos-Graduacao,Casado,Silver,13991.0,3,4100,0
721268133,44,M,36,3,Pos-Graduacao,Casado,Blue,11366.0,2,3495,0
795343683,40,F,34,3,Ensino Medio,Solteiro,Blue,1707.0,1,3935,0
715611933,50,F,38,4,Doutorado,Casado,Blue,23692.0,4,3632,0
779601783,42,F,31,5,Faculdade,Casado,Blue,3476.0,1,4364,0
784263558,43,M,37,2,Ensino Fundamental,Solteiro,Silver,27781.0,3,3184,0
720795858,44,M,25,4,Mestrado,Solteiro,Blue,10534.0,3,3456,0
756629133,61,F,54,1,Mestrado,Solteiro,Blue,2721.0,2,2088,0
714387108,51,M,43,3,Mestrado,Solteiro,Blue,10458.0,2,3481,0
712164333,40,M,29,4,Ensino Medio,Casado,Blue,12544.0,3,1758,1
714429258,46,M,39,5,Doutorado,Solteiro,Blue,11464.0,3,3660,0
796791258,50,M,44,1,Ensino Fundamental,Casado,Blue,3104.0,2,4006,0
717582558,50,M,40,1,Mestrado,Solteiro,Blue,34516.0,2,3874,0
717358158,46,M,36,3,Ensino Fundamental,Solteiro,Blue,5489.0,1,3215,0
720301458,52,M,38,1,Ensino Medio,Solteiro,Blue,19709.0,1,3000,0
826471458,42,M,38,3,Mestrado,Casado,Blue,6967.0,3,1919,1
794579658,47,M,32,3,Ensino Medio,Casado,Blue,23424.0,2,3537,0
717052158,39,M,32,3,Ensino Medio,Solteiro,Blue,21718.0,2,3492,0
818311533,53,F,48,3,Ensino Fundamental,Solteiro,Blue,4908.0,3,3535,0
716156508,52,M,36,2,Ensino Medio,Solteiro,Blue,1470.0,1,4095,0
711191808,39,M,32,0,Mestrado,Solteiro,Gold,34516.0,1,4256,0
712084383,63,M,56,1,Mestrado,Solteiro,Blue,7936.0,2,4247,0
788641758,53,M,45,4,Faculdade,Solteiro,Blue,14366.0,3,3868,0
713277783,45,F,36,4,Ensino Fundamental,Casado,Silver,18679.0,2,2168,0
717451833,45,F,36,3,Ensino Fundamental,Divorciado,Blue,20356.0,3,4547,0
712291308,52,F,40,1,Ensino Fundamental,Solteiro,Blue,2259.0,1,1852,0
712852233,64,F,53,0,Mestrado,Solteiro,Blue,6663.0,3,4583,0
773457558,45,F,39,5,Faculdade,Solteiro,Silver,15677.0,2,3818,0
716194683,41,M,30,4,Mestrado,Divorciado,Blue,2334.0,2,2155,0
720563058,56,F,43,3,Faculdade,Solteiro,Blue,1816.0,1,4175,0
719502183,52,F,36,2,Mestrado,Casado,Blue,4950.0,1,4529,0
712287333,39,M,30,1,Ensino Fundamental,Solteiro,Blue,34516.0,1,4048,0
716944983,61,M,36,0,Ensino Fundamental,Casado,Blue,24172.0,3,1658,0
718115733,57,M,36,1,Mestrado,Casado,Blue,9037.0,1,1627,0
827691858,46,F,42,3,Faculdade,Solteiro,Blue,7616.0,2,2006,0
717265983,44,F,36,4,Ensino Fundamental,Divorciado,Blue,9908.0,2,3749,0
769578858,40,M,33,2,Mestrado,Casado,Silver,18737.0,3,4010,0
712815858,57,F,45,1,Ensino Medio,Solteiro,Blue,5330.0,2,3525,0
815851233,52,M,47,3,Ensino Medio,Solteiro,Blue,19032.0,1,1726,1
811532208,51,M,46,4,Mestrado,Casado,Silver,16277.0,5,3634,0
713896533,42,M,33,4,Ensino Medio,Solteiro,Blue,9442.0,1,3157,0
771776808,44,M,33,4,Ensino Fundamental,Casado,Blue,1527.0,4,1877,1
715905633,45,M,36,1,Mestrado,Solteiro,Blue,6022.0,1,3433,0
778282758,55,M,45,2,Faculdade,Divorciado,Blue,26729.0,2,4140,0
717886008,63,M,51,1,Ensino Medio,Solteiro,Blue,6102.0,3,4527,0
709985133,33,F,24,2,Mestrado,Divorciado,Blue,6803.0,1,2603,0
709289358,46,M,38,3,Mestrado,Solteiro,Blue,8101.0,1,3226,0
720457608,41,F,36,4,Mestrado,Casado,Blue,4632.0,1,4306,0
780612558,58,F,46,1,Mestrado,Solteiro,Blue,1996.0,3,3421,0
714216033,51,M,42,3,Doutorado,Casado,Blue,11600.0,1,3488,0
719462433,42,F,36,5,Mestrado,Solteiro,Blue,8464.0,2,4227,0
769063308,45,M,39,3,Pos-Graduacao,Casado,Blue,29003.0,2,1676,0
715136583,51,M,36,3,Ensino Medio,Solteiro,Blue,5000.0,3,4077,0
710915358,63,F,55,0,Faculdade,Solteiro,Blue,14963.0,1,3242,0
709841433,45,F,33,2,Mestrado,Divorciado,Blue,3855.0,3,3885,0
710509758,36,M,36,4,Faculdade,Solteiro,Blue,28200.0,3,2507,0
720527058,39,F,24,1,Mestrado,Solteiro,Blue,2310.0,3,4343,0
711787383,52,F,40,2,Ensino Medio,Solteiro,Blue,1960.0,1,3782,0
715824108,52,F,38,1,Mestrado,Casado,Blue,3773.0,1,4697,0
719474583,50,M,30,1,Mestrado,Casado,Blue,9771.0,2,2778,0
719282433,60,F,48,0,Mestrado,Solteiro,Blue,6417.0,3,3280,0
772669833,43,M,33,3,Pos-Graduacao,Solteiro,Blue,16037.0,3,3048,0
789365508,49,M,39,2,Ensino Medio,Divorciado,Blue,14839.0,3,1453,1
806641683,44,M,39,3,Ensino Fundamental,Casado,Silver,34516.0,2,3416,0
805534608,54,F,49,2,Faculdade,Solteiro,Blue,8769.0,3,3817,0
710294808,44,M,36,3,Ensino Medio,Casado,Blue,2188.0,1,4509,0
716404383,47,F,36,2,Mestrado,Casado,Blue,18799.0,3,2315,1
824795358,49,F,45,3,Ensino Medio,Casado,Blue,1638.0,3,4150,0
715196508,45,M,35,3,Mestrado,Casado,Blue,3538.0,3,4123,0
779051808,35,F,16,1,Mestrado,Solteiro,Blue,2546.0,2,4145,0
720695583,65,M,53,1,Mestrado,Solteiro,Blue,10775.0,2,3432,0
708426483,56,F,36,2,Mestrado,Solteiro,Blue,5816.0,6,3534,0
787472283,49,M,36,2,Mestrado,Casado,Blue,20533.0,2,3918,0
716948283,58,M,49,1,Faculdade,Solteiro,Blue,9890.0,3,3497,0
778375458,52,M,32,3,Mestrado,Casado,Blue,30820.0,3,3402,0
718504983,45,F,37,2,Mestrado,Casado,Blue,6091.0,2,3340,0
709625733,50,M,40,2,Ensino Medio,Solteiro,Blue,9690.0,2,4620,0
719357058,62,F,56,2,Doutorado,Solteiro,Blue,6797.0,3,3962,0
709626858,44,F,31,3,Ensino Medio,Casado,Blue,4985.0,3,4222,0
711843708,61,F,36,0,Mestrado,Divorciado,Blue,2125.0,3,2860,1
711349083,47,F,28,4,Doutorado,Casado,Blue,4012.0,2,2962,0
721462458,52,F,42,3,Ensino Medio,Casado,Blue,23858.0,2,3784,0
780833058,46,M,32,2,Ensino Medio,Casado,Blue,2619.0,3,3835,0
769962933,40,F,34,3,Mestrado,Solteiro,Blue,6728.0,1,5244,0
719095533,47,F,39,4,Ensino Fundamental,Casado,Blue,2680.0,3,3382,0
709718058,52,F,36,4,Ensino Fundamental,Solteiro,Blue,2936.0,1,4650,0
819151083,46,M,41,5,Ensino Medio,Solteiro,Blue,7478.0,3,4042,0
770778108,49,M,35,4,Pos-Graduacao,Casado,Blue,2527.0,2,3585,0
710376708,50,F,33,5,Ensino Fundamental,Solteiro,Blue,2837.0,3,3928,0
718366983,40,M,31,3,Mestrado,Casado,Blue,18584.0,2,3504,0
714549558,41,F,32,2,Mestrado,Casado,Blue,9576.0,2,2362,1
822955008,63,M,56,1,Mestrado,Solteiro,Blue,9569.0,3,2287,1
779597133,55,M,44,1,Mestrado,Solteiro,Blue,2663.0,3,4317,0
758426583,51,F,44,2,Pos-Graduacao,Casado,Blue,1438.3,3,3308,0
716805408,52,M,40,3,Doutorado,Casado,Blue,5376.0,2,4511,0
778968408,39,M,27,2,Doutorado,Solteiro,Blue,5341.0,1,1955,0
827117808,45,M,41,1,Mestrado,Solteiro,Blue,9904.0,3,1152,1
804462633,43,F,38,3,Ensino Medio,Divorciado,Blue,7084.0,3,2287,1
709321908,47,M,29,3,Ensino Medio,Solteiro,Blue,7498.0,2,1676,1
714907908,51,F,40,0,Ensino Medio,Casado,Blue,5450.0,2,3722,0
711964533,44,M,36,3,Faculdade,Casado,Blue,6111.0,3,4155,0
717983058,41,F,29,3,Mestrado,Casado,Blue,1982.0,1,3058,0
709587783,39,M,36,4,Pos-Graduacao,Solteiro,Silver,25133.0,3,4033,0
709804533,40,M,34,4,Ensino Fundamental,Solteiro,Blue,17818.0,1,3973,0
712076358,46,M,34,3,Ensino Medio,Solteiro,Blue,5155.0,3,3535,0
720717108,64,M,51,1,Ensino Fundamental,Solteiro,Blue,2571.0,3,3647,0
779689233,50,M,33,3,Mestrado,Solteiro,Blue,2798.0,1,2903,0
716393958,43,M,34,3,Ensino Medio,Solteiro,Blue,28262.0,2,3855,0
770708133,47,F,33,5,Ensino Medio,Solteiro,Blue,2169.0,2,3833,0
766131033,43,F,29,4,Mestrado,Casado,Blue,3767.0,3,3163,0
719816583,46,M,38,3,Doutorado,Casado,Blue,8989.0,2,2309,1
715376508,47,F,42,5,Mestrado,Casado,Blue,2838.0,5,3493,0
778340733,44,F,24,3,Faculdade,Casado,Blue,8495.0,1,1950,0
812501358,46,F,41,4,Pos-Graduacao,Divorciado,Blue,1752.0,1,4864,0
718961208,43,F,32,3,Faculdade,Solteiro,Blue,4204.0,3,3799,0
814459833,42,F,37,3,Mestrado,Solteiro,Blue,8017.0,3,3042,0
720363258,43,F,29,4,Mestrado,Casado,Blue,2778.0,3,4007,0
713004933,40,M,27,3,Ensino Medio,Casado,Blue,6813.0,2,2634,1
712011633,40,F,36,2,Doutorado,Solteiro,Blue,2797.0,1,3652,0
708225483,47,M,36,4,Mestrado,Casado,Blue,11242.0,2,4246,0
789150633,50,F,38,3,Mestrado,Casado,Blue,3026.0,3,3687,0
710809083,37,F,36,4,Faculdade,Casado,Blue,1438.3,3,4587,0
787669233,51,M,41,2,Doutorado,Solteiro,Blue,34516.0,3,3435,0
708119658,49,F,38,4,Mestrado,Casado,Blue,12836.0,2,2519,0
765940683,37,M,30,3,Ensino Fundamental,Solteiro,Blue,11277.0,2,2033,0
719732433,54,M,36,2,Mestrado,Solteiro,Blue,12815.0,3,3771,0
715491483,44,M,36,2,Mestrado,Divorciado,Blue,24016.0,2,3693,0
783381933,43,M,37,4,Ensino Fundamental,Casado,Blue,3482.0,1,3512,0
811554708,44,F,38,3,Ensino Medio,Casado,Blue,26516.0,6,3609,0
719536608,49,F,36,3,Mestrado,Solteiro,Blue,2285.0,5,4944,0
720753183,48,M,36,2,Pos-Graduacao,Casado,Blue,9617.0,3,4247,0
714505683,51,M,38,4,Ensino Fundamental,Divorciado,Blue,34516.0,3,3250,0
711942783,41,F,28,3,Ensino Medio,Casado,Blue,2354.0,1,4048,0
714031983,41,F,36,3,Ensino Medio,Solteiro,Silver,11533.0,1,4038,0
711372258,59,M,51,1,Faculdade,Solteiro,Blue,5042.0,2,2897,0
710825658,37,F,29,3,Ensino Fundamental,Solteiro,Blue,2584.0,3,4045,0
714097683,55,F,49,2,Mestrado,Casado,Blue,1809.0,3,2123,1
720568083,40,M,36,2,Mestrado,Divorciado,Blue,8624.0,2,2428,0
778710783,45,M,26,3,Ensino Medio,Divorciado,Blue,18410.0,2,3778,0
713745783,29,F,36,0,Pos-Graduacao,Solteiro,Gold,34516.0,1,2336,0
711043983,44,M,29,3,Ensino Medio,Solteiro,Blue,34516.0,3,3275,0
716438433,41,M,32,1,Doutorado,Casado,Blue,10130.0,3,4002,0
718677858,39,M,27,1,Faculdade,Casado,Blue,2283.0,2,4571,0
720259308,39,M,30,3,Ensino Medio,Solteiro,Blue,6347.0,3,3927,0
720286908,50,M,40,3,Ensino Fundamental,Casado,Blue,3469.0,2,3680,0
789893808,52,M,42,3,Mestrado,Divorciado,Silver,34516.0,2,2100,0
772472208,50,M,40,1,Ensino Fundamental,Casado,Blue,4092.0,1,2298,0
710218233,43,F,35,3,Ensino Medio,Solteiro,Blue,2297.0,3,3161,0
714212358,38,F,36,3,Ensino Medio,Solteiro,Blue,5260.0,3,2142,1
812956983,51,M,46,3,Mestrado,Casado,Blue,3458.0,3,3409,0
780241758,59,M,45,1,Ensino Medio,Solteiro,Blue,3943.0,2,3527,0
712835433,49,F,36,3,Ensino Fundamental,Casado,Blue,1438.3,3,4869,0
716461683,47,F,36,3,Ensino Fundamental,Casado,Silver,11884.0,3,4134,0
714622833,47,M,36,3,Ensino Fundamental,Solteiro,Blue,26058.0,3,3489,0
712115958,47,F,38,3,Ensino Fundamental,Solteiro,Blue,2808.0,3,3562,0
714548733,35,M,16,0,Faculdade,Solteiro,Silver,34516.0,3,2655,0
719523108,61,M,36,0,Pos-Graduacao,Solteiro,Blue,11236.0,2,4253,0
710881008,42,M,29,3,Ensino Medio,Solteiro,Blue,6380.0,1,4119,0
715098333,52,M,43,2,Ensino Medio,Solteiro,Blue,34516.0,2,4313,0
708211383,35,F,27,3,Mestrado,Solteiro,Blue,2664.0,3,3906,0
715054683,50,M,42,2,Ensino Fundamental,Solteiro,Blue,1645.0,3,3838,0
710670633,40,M,36,4,Ensino Medio,Casado,Blue,5797.0,3,2131,0
784560258,45,M,39,1,Ensino Fundamental,Divorciado,Blue,21721.0,2,3937,0
710871108,45,M,36,5,Ensino Fundamental,Divorciado,Silver,31756.0,2,4759,0
787770858,43,M,32,4,Mestrado,Solteiro,Blue,8333.0,2,3889,0
721104708,41,F,36,3,Pos-Graduacao,Solteiro,Blue,2067.0,3,3033,1
717461283,38,F,24,2,Mestrado,Solteiro,Blue,2214.0,2,2066,1
803028858,38,F,32,2,Mestrado,Solteiro,Blue,3775.0,3,2031,1
716628633,41,M,33,4,Ensino Fundamental,Solteiro,Blue,4388.0,3,4406,0
813380058,64,F,56,0,Mestrado,Solteiro,Blue,4100.0,2,3593,0
770135358,46,F,40,1,Mestrado,Casado,Blue,5157.0,2,4417,0
719301258,61,M,42,0,Pos-Graduacao,Solteiro,Silver,15939.0,3,3982,0
711340233,46,F,34,0,Mestrado,Solteiro,Blue,9216.0,1,3630,0
710002833,32,F,22,1,Ensino Medio,Casado,Blue,3413.0,2,4355,0
710839308,34,F,21,2,Ensino Medio,Solteiro,Blue,5015.0,1,3161,0
768687183,54,F,48,1,Faculdade,Solteiro,Blue,2440.0,1,3017,0
720541758,45,F,39,4,Faculdade,Divorciado,Blue,4948.0,1,3711,0
712263258,49,F,38,2,Ensino Fundamental,Casado,Blue,2468.0,3,3371,0
712751133,42,M,35,3,Doutorado,Solteiro,Blue,11328.0,3,1829,1
719260608,38,M,31,3,Ensino Fundamental,Solteiro,Silver,34516.0,3,3961,0
803319633,51,F,45,2,Ensino Medio,Casado,Blue,3183.0,3,3988,0
708170508,38,M,36,2,Mestrado,Casado,Blue,1438.3,3,1651,1
711891933,47,M,40,3,Ensino Medio,Casado,Blue,12945.0,3,3369,0
802875333,51,M,45,1,Ensino Medio,Solteiro,Blue,2458.0,3,3377,0
719991783,40,M,36,2,Ensino Medio,Casado,Silver,34516.0,3,3644,0
718063083,40,M,31,2,Mestrado,Casado,Blue,6500.0,1,4738,0
710713608,60,M,36,0,Ensino Fundamental,Solteiro,Blue,24528.0,3,4070,0
719770158,54,F,49,3,Pos-Graduacao,Solteiro,Blue,8516.0,4,2189,1
712283808,50,F,40,3,Ensino Medio,Casado,Silver,10062.0,2,1964,0
779737233,51,M,35,1,Mestrado,Casado,Blue,9589.0,3,3971,0
736552308,48,F,41,4,Mestrado,Casado,Blue,3521.0,1,3291,0
714932658,42,F,34,4,Faculdade,Solteiro,Blue,15449.0,3,4098,0
804708633,44,F,39,3,Ensino Fundamental,Solteiro,Blue,7323.0,2,4666,0
716271183,45,F,37,2,Ensino Fundamental,Solteiro,Blue,8924.0,2,1720,1
712442508,52,F,37,4,Pos-Graduacao,Casado,Blue,1438.3,3,3464,0
719165508,48,F,40,3,Mestrado,Casado,Silver,18965.0,3,3066,0
826467333,57,M,53,1,Ensino Medio,Solteiro,Blue,7976.0,1,4082,0
721027083,47,F,36,4,Pos-Graduacao,Solteiro,Blue,3054.0,1,3543,0
713764458,53,M,36,2,Mestrado,Solteiro,Blue,10620.0,2,3453,0
816261858,61,M,56,0,Mestrado,Solteiro,Blue,3984.0,5,1821,1
710850633,65,M,53,0,Ensino Medio,Solteiro,Blue,2507.0,2,3325,0
785119833,40,M,34,3,Faculdade,Divorciado,Blue,19666.0,3,3391,0
716780283,39,M,19,2,Ensino Fundamental,Solteiro,Blue,6628.0,3,4050,0
716546283,39,M,36,3,Mestrado,Casado,Blue,13049.0,3,3944,0
721308033,45,F,37,2,Pos-Graduacao,Solteiro,Blue,3036.0,3,2609,1
779270883,48,M,30,4,Ensino Medio,Casado,Blue,16575.0,3,3982,0
822061683,38,M,34,1,Mestrado,Solteiro,Blue,23391.0,3,4106,0
710058033,51,M,41,0,Ensino Fundamental,Divorciado,Blue,23898.0,1,3781,0
712943508,48,F,36,5,Mestrado,Casado,Blue,6921.0,3,4608,0
816263808,47,M,31,1,Mestrado,Solteiro,Blue,18026.0,1,2760,0
714162033,45,F,28,3,Pos-Graduacao,Divorciado,Blue,5216.0,4,3434,0
711238908,65,F,54,0,Ensino Fundamental,Solteiro,Blue,7699.0,5,5103,0
713971608,49,M,39,4,Ensino Fundamental,Casado,Blue,7232.0,1,4337,0
715193433,61,F,51,0,Ensino Medio,Solteiro,Blue,8476.0,2,3889,0
716911608,48,M,36,4,Mestrado,Solteiro,Blue,1536.0,1,3816,0
822898758,44,F,40,5,Pos-Graduacao,Casado,Blue,4453.0,3,3239,0
712085733,45,M,36,4,Mestrado,Casado,Blue,34516.0,2,3491,0
772095858,38,F,27,2,Mestrado,Solteiro,Blue,13429.0,2,3929,0
780074733,42,F,27,1,Doutorado,Casado,Blue,1840.0,3,4518,0
710182383,44,M,13,3,Ensino Fundamental,Divorciado,Blue,17846.0,2,3626,0
713418558,46,F,37,3,Mestrado,Divorciado,Blue,9013.0,1,3819,0
715445883,40,F,29,2,Mestrado,Casado,Blue,18862.0,2,4449,0
718599108,50,F,39,3,Mestrado,Casado,Blue,3230.0,3,4419,0
711546333,46,M,38,3,Ensino Fundamental,Casado,Blue,7958.0,3,4962,0
721513833,35,M,36,0,Ensino Medio,Divorciado,Blue,5619.0,3,2808,0
771669183,49,M,37,1,Mestrado,Casado,Blue,4854.0,1,3651,0
713453733,45,F,37,2,Ensino Fundamental,Solteiro,Blue,2529.0,1,3428,0
711419133,56,M,36,4,Mestrado,Solteiro,Blue,3057.0,2,4449,0
710691633,58,F,43,1,Ensino Medio,Casado,Blue,1957.0,1,4546,0
771215583,39,M,26,3,Ensino Medio,Solteiro,Blue,24534.0,1,3505,0
711012783,43,M,36,4,Mestrado,Solteiro,Blue,33384.0,3,2066,1
827408058,44,F,40,3,Mestrado,Casado,Blue,2232.0,2,3803,0
713904708,40,F,36,3,Mestrado,Casado,Blue,7582.0,1,4926,0
807596358,49,M,44,2,Ensino Fundamental,Casado,Blue,13884.0,2,4650,0
717888108,47,F,35,3,Doutorado,Solteiro,Blue,2872.0,3,3635,0
819714408,44,F,39,2,Mestrado,Casado,Blue,5666.0,3,1981,1
716853258,64,M,45,1,Mestrado,Solteiro,Blue,4417.0,3,4253,0
719455083,48,F,39,3,Ensino Fundamental,Solteiro,Blue,2991.0,3,3734,0
779299233,52,F,34,3,Mestrado,Solteiro,Silver,13109.0,2,3563,0
708887433,65,M,56,0,Mestrado,Solteiro,Blue,2717.0,1,3150,0
713214558,52,M,41,2,Mestrado,Casado,Blue,2628.0,3,3608,0
718038483,42,M,35,3,Ensino Fundamental,Solteiro,Blue,16054.0,1,3449,0
714053358,37,M,31,2,Ensino Medio,Solteiro,Blue,3216.0,3,4039,0
713730933,53,F,36,4,Mestrado,Casado,Blue,1438.3,3,1739,1
762775908,46,F,39,2,Ensino Medio,Casado,Blue,12295.0,1,4177,0
713181558,55,F,47,2,Doutorado,Casado,Blue,5794.0,1,4201,0
713079108,51,F,42,0,Mestrado,Casado,Blue,1858.0,3,3660,0
804426858,35,F,30,1,Ensino Fundamental,Casado,Blue,2593.0,2,1974,0
788379933,41,M,34,3,Doutorado,Solteiro,Blue,12420.0,3,4422,0
713740533,41,M,29,3,Mestrado,Solteiro,Blue,2775.0,3,2478,0
712235433,43,F,36,1,Mestrado,Solteiro,Blue,2886.0,3,2326,1
714594933,44,F,36,2,Mestrado,Divorciado,Blue,7065.0,3,3758,0
827114058,46,M,42,4,Pos-Graduacao,Casado,Blue,11634.0,2,4447,0
708654933,51,F,42,2,Doutorado,Casado,Platinum,15987.0,2,2021,1
720283758,44,F,36,2,Ensino Fundamental,Casado,Blue,13735.0,3,1783,1
718834233,38,F,21,2,Faculdade,Solteiro,Blue,6899.0,1,3848,0
719196858,50,M,39,2,Mestrado,Casado,Blue,6508.0,1,4254,0
718735908,47,M,35,4,Mestrado,Solteiro,Blue,7015.0,4,1799,1
789339633,51,M,41,2,Ensino Fundamental,Divorciado,Blue,30560.0,2,3736,0
713639058,49,M,34,3,Ensino Medio,Casado,Blue,1511.0,3,1329,1
709560258,49,F,31,3,Mestrado,Solteiro,Blue,4946.0,3,2239,1
718317258,54,F,47,3,Ensino Fundamental,Solteiro,Blue,7477.0,3,3618,0
720362058,57,M,49,2,Ensino Fundamental,Solteiro,Silver,32182.0,3,1937,1
712606158,47,M,42,4,Ensino Fundamental,Casado,Blue,5715.0,1,3685,0
710673558,37,M,21,1,Ensino Medio,Solteiro,Blue,21952.0,2,4087,0
721313808,50,M,41,1,Doutorado,Solteiro,Blue,2826.0,1,4488,0
778924158,45,F,26,2,Ensino Medio,Solteiro,Blue,1438.3,3,3749,0
719602908,42,F,34,2,Pos-Graduacao,Solteiro,Blue,5667.0,3,2064,1
820383558,45,M,40,4,Ensino Medio,Casado,Blue,6366.0,2,3258,0
717953283,41,M,31,3,Mestrado,Casado,Blue,2122.0,2,4379,0
710327508,44,F,36,4,Ensino Fundamental,Solteiro,Blue,1687.0,2,4247,0
811970808,53,F,48,0,Mestrado,Solteiro,Blue,5972.0,3,3491,0
718676283,43,F,34,2,Ensino Fundamental,Casado,Blue,8771.0,2,3779,0
720439533,64,F,36,0,Ensino Fundamental,Solteiro,Blue,7112.0,1,4951,0
793720908,46,M,40,5,Ensino Fundamental,Solteiro,Blue,7333.0,2,3636,0
708937608,37,F,18,4,Ensino Medio,Solteiro,Blue,2001.0,1,4590,0
769189083,46,F,40,2,Mestrado,Solteiro,Blue,1438.3,2,4427,0
713455233,48,M,37,3,Mestrado,Casado,Blue,34516.0,2,4026,0
719563158,48,M,36,2,Ensino Medio,Casado,Blue,4207.0,3,3850,0
753118533,38,F,31,2,Doutorado,Solteiro,Blue,1555.0,3,4686,0
713265858,44,M,32,3,Mestrado,Casado,Blue,34516.0,2,4795,0
709713033,55,M,48,1,Faculdade,Solteiro,Blue,6846.0,3,1735,1
711608958,50,M,36,1,Ensino Fundamental,Casado,Blue,2071.0,1,4092,0
708633783,43,M,30,3,Ensino Fundamental,Solteiro,Blue,11336.0,2,1809,1
714532158,55,M,36,1,Doutorado,Solteiro,Blue,15221.0,3,3848,0
720950283,47,M,34,3,Ensino Medio,Casado,Blue,21359.0,3,2064,1
809797158,42,M,37,2,Ensino Fundamental,Solteiro,Blue,19366.0,3,3627,0
713692683,41,M,13,2,Ensino Fundamental,Casado,Blue,2243.0,2,3216,0
710748483,56,F,43,1,Ensino Medio,Solteiro,Blue,2923.0,2,3861,0
720868683,50,F,22,4,Ensino Fundamental,Solteiro,Blue,7853.0,2,1814,0
787532808,41,M,30,4,Pos-Graduacao,Casado,Silver,16386.0,3,3293,0
709453833,48,F,40,4,Mestrado,Solteiro,Blue,11164.0,2,4227,0
712114458,49,F,31,3,Ensino Fundamental,Casado,Blue,2960.0,3,3941,0
811013658,41,M,36,2,Ensino Medio,Casado,Blue,10816.0,3,3221,0
789180933,37,F,26,3,Ensino Medio,Solteiro,Blue,2917.0,1,4524,0
717151383,44,F,36,1,Mestrado,Casado,Blue,2568.0,3,3616,0
712470033,44,F,30,3,Faculdade,Solteiro,Blue,4539.0,3,2960,0
716039433,48,F,35,2,Ensino Medio,Solteiro,Blue,1686.0,6,3445,0
710874933,41,M,31,1,Mestrado,Casado,Blue,10239.0,3,2149,0
709229358,46,F,38,5,Ensino Fundamental,Solteiro,Blue,2601.0,1,4835,0
715016508,42,F,36,3,Ensino Medio,Casado,Blue,4527.0,3,2441,1
818308533,47,M,41,5,Pos-Graduacao,Casado,Blue,3532.0,2,3162,0
711000933,50,F,41,2,Mestrado,Solteiro,Blue,4846.0,2,3724,0
760104333,43,F,36,3,Mestrado,Casado,Silver,11392.0,2,3246,0
718201383,49,M,43,1,Faculdade,Casado,Blue,22036.0,3,2139,0
779450958,43,F,25,4,Mestrado,Casado,Blue,2772.0,3,4739,0
717990183,52,M,36,4,Ensino Fundamental,Casado,Blue,7474.0,2,5100,0
710505483,46,M,36,3,Ensino Fundamental,Casado,Blue,11117.0,3,3099,0
711587433,47,F,33,4,Mestrado,Casado,Blue,10714.0,3,4328,0
720964683,60,M,36,0,Ensino Medio,Solteiro,Blue,5420.0,3,3477,0
711478233,38,F,26,1,Pos-Graduacao,Solteiro,Blue,2652.0,1,3691,0
717096858,51,M,40,2,Doutorado,Solteiro,Blue,6492.0,3,4828,0
719739108,62,F,50,0,Mestrado,Divorciado,Blue,11352.0,2,4021,0
721501308,41,M,33,3,Ensino Medio,Solteiro,Blue,7015.0,3,4410,0
714169083,48,M,38,4,Pos-Graduacao,Solteiro,Blue,34516.0,2,4959,0
715365183,51,F,42,1,Faculdade,Casado,Blue,2431.0,2,3323,0
715448058,42,F,36,1,Faculdade,Casado,Blue,3050.0,4,1973,0
779008158,54,F,43,4,Mestrado,Solteiro,Blue,2191.0,1,4961,0
712822758,52,F,33,3,Ensino Fundamental,Casado,Blue,5677.0,3,2730,0
717466158,48,F,40,2,Doutorado,Casado,Blue,4176.0,4,4889,0
798687258,40,M,34,4,Mestrado,Casado,Blue,2577.0,1,4134,0
717380133,65,M,36,0,Ensino Medio,Solteiro,Blue,3305.0,4,4218,0
709693833,47,M,34,4,Mestrado,Casado,Blue,9261.0,3,2468,0
804847308,64,F,56,0,Mestrado,Solteiro,Blue,1564.0,2,4018,0
781306758,58,M,52,2,Ensino Fundamental,Solteiro,Blue,3091.0,2,1844,1
743912958,39,F,32,1,Mestrado,Solteiro,Blue,3812.0,3,4080,0
712294083,54,F,44,2,Ensino Medio,Solteiro,Blue,3778.0,3,2367,1
716630508,58,M,50,3,Ensino Medio,Casado,Blue,12698.0,2,4425,0
711334983,41,F,32,3,Ensino Medio,Casado,Blue,26229.0,2,2077,1
717442758,51,F,43,4,Ensino Medio,Casado,Blue,8346.0,3,4141,0
711925608,42,M,35,4,Mestrado,Divorciado,Blue,18274.0,2,3886,0
716931183,45,M,38,5,Ensino Fundamental,Solteiro,Blue,7560.0,4,4296,0
710984133,50,M,36,3,Ensino Fundamental,Solteiro,Blue,27876.0,3,4654,0
780307233,44,F,30,2,Pos-Graduacao,Casado,Blue,1924.0,2,3521,0
716434533,40,M,36,3,Ensino Medio,Casado,Blue,29149.0,3,2106,1
716138958,50,F,33,1,Ensino Fundamental,Casado,Blue,3160.0,4,3740,0
709276908,38,F,25,2,Ensino Medio,Solteiro,Blue,1438.3,2,3990,0
815767983,45,M,40,0,Mestrado,Casado,Blue,1438.3,3,4869,0
712403358,55,F,35,2,Faculdade,Solteiro,Blue,1438.3,4,4307,0
717826308,49,F,36,5,Ensino Fundamental,Casado,Blue,2331.0,2,4061,0
753443583,43,F,36,1,Ensino Medio,Solteiro,Blue,8156.0,2,3992,0
713585958,48,F,36,4,Faculdade,Casado,Blue,5997.0,3,1457,1
712866933,51,M,32,2,Mestrado,Casado,Blue,10824.0,3,3700,0
719219883,47,M,36,2,Ensino Fundamental,Casado,Blue,9300.0,1,3651,0
779170008,51,F,32,2,Ensino Medio,Solteiro,Blue,5351.0,1,4596,0
779727558,49,F,33,4,Faculdade,Solteiro,Blue,2097.0,2,4148,0
714373308,53,F,46,1,Mestrado,Solteiro,Blue,2266.0,4,3634,0
715000383,55,M,46,3,Ensino Fundamental,Solteiro,Blue,13598.0,2,4047,0
710493558,46,F,38,1,Pos-Graduacao,Casado,Blue,1803.0,2,1979,1
778839108,50,F,31,3,Ensino Medio,Casado,Blue,6292.0,1,3687,0
715548183,65,M,56,1,Mestrado,Solteiro,Blue,23566.0,3,3129,0
712545183,51,F,37,4,Ensino Fundamental,Solteiro,Blue,1765.0,4,3333,0
779032308,46,M,27,3,Ensino Medio,Casado,Blue,4964.0,2,3279,0
713389233,49,F,36,3,Ensino Medio,Solteiro,Silver,31631.0,2,3418,0
717084708,45,F,34,4,Ensino Medio,Casado,Blue,2484.0,4,3802,0
778247358,65,M,56,1,Mestrado,Solteiro,Blue,7636.0,3,3880,0
710702733,46,M,35,4,Mestrado,Solteiro,Blue,11096.0,3,3949,0
815240358,47,F,42,3,Ensino Fundamental,Casado,Blue,25027.0,1,3357,0
715165758,44,M,35,3,Pos-Graduacao,Casado,Blue,27391.0,4,2862,0
827964858,58,F,54,1,Ensino Fundamental,Divorciado,Blue,3266.0,5,2151,1
773667708,50,M,44,1,Mestrado,Divorciado,Blue,7050.0,4,2176,1
717400533,54,F,45,0,Ensino Medio,Casado,Blue,2704.0,2,4839,0
713586858,40,M,25,3,Ensino Fundamental,Divorciado,Blue,11721.0,3,4187,0
711877458,51,F,36,3,Faculdade,Casado,Blue,1936.0,2,4072,0
714351558,64,F,36,0,Ensino Fundamental,Solteiro,Blue,1829.0,2,3950,0
790002783,38,F,30,2,Mestrado,Solteiro,Blue,19595.0,1,4079,0
718509858,46,M,37,3,Mestrado,Casado,Blue,4786.0,1,4347,0
718540308,44,M,36,2,Ensino Medio,Solteiro,Blue,22143.0,3,4263,0
778180158,44,M,34,4,Doutorado,Divorciado,Blue,7150.0,1,3636,0
806947308,40,M,35,4,Pos-Graduacao,Casado,Blue,20178.0,4,1735,1
710986758,43,M,30,3,Ensino Medio,Solteiro,Blue,11550.0,2,3891,0
718220358,58,M,36,1,Mestrado,Solteiro,Blue,28618.0,3,1712,1
712656783,49,M,36,1,Mestrado,Solteiro,Blue,8136.0,4,2179,1
717483558,42,M,36,3,Ensino Medio,Casado,Blue,19156.0,1,3547,0
721440633,55,F,36,1,Ensino Medio,Solteiro,Blue,7982.0,2,4387,0
738899658,45,F,38,2,Mestrado,Solteiro,Blue,3120.0,2,2468,1
711423558,60,F,50,1,Pos-Graduacao,Solteiro,Blue,4606.0,1,4181,0
721522533,48,F,35,4,Mestrado,Solteiro,Blue,2005.0,3,4311,0
708558408,50,M,31,3,Ensino Medio,Solteiro,Blue,9949.0,3,3776,0
714727833,41,F,36,2,Ensino Fundamental,Solteiro,Blue,2892.0,2,2257,1
715856208,47,M,36,3,Mestrado,Solteiro,Blue,1896.0,4,4028,0
708944958,47,M,40,2,Ensino Fundamental,Solteiro,Blue,3569.0,2,4612,0
772051308,55,F,44,3,Mestrado,Solteiro,Blue,2553.0,6,3853,0
788350908,38,M,31,3,Mestrado,Solteiro,Blue,5362.0,1,3548,0
818322033,41,F,36,3,Mestrado,Casado,Blue,2873.0,6,3943,0
716288958,40,M,36,2,Faculdade,Casado,Blue,7840.0,4,4062,0
712347258,43,F,35,2,Mestrado,Casado,Blue,2209.0,3,4419,0
779072733,36,F,17,2,Faculdade,Casado,Blue,1971.0,2,4979,0
710003958,48,F,40,5,Pos-Graduacao,Casado,Blue,1438.3,3,4100,0
715287708,41,F,33,4,Mestrado,Casado,Blue,6230.0,3,3769,0
713535033,44,M,36,3,Ensino Medio,Casado,Blue,22243.0,3,3200,0
789293358,46,F,35,3,Mestrado,Casado,Blue,7578.0,3,5328,0
787638408,47,F,40,1,Ensino Medio,Solteiro,Blue,8440.0,4,4161,0
715974783,53,M,40,1,Mestrado,Casado,Blue,4186.0,3,4590,0
716134533,44,M,34,4,Faculdade,Solteiro,Blue,22074.0,4,4406,0
708834483,46,M,29,2,Doutorado,Casado,Blue,17667.0,2,1775,1
780168333,39,M,28,4,Mestrado,Casado,Blue,26548.0,2,3450,0
711557508,51,M,40,2,Mestrado,Solteiro,Blue,3532.0,3,4066,0
772506858,45,F,35,4,Ensino Medio,Solteiro,Blue,8795.0,4,4552,0
765692658,49,F,42,4,Mestrado,Solteiro,Blue,2162.0,3,3825,0
720598308,47,M,37,4,Ensino Fundamental,Solteiro,Blue,34516.0,2,1736,1
709912683,53,F,41,4,Mestrado,Solteiro,Gold,34516.0,1,4390,0
815353083,44,M,39,1,Faculdade,Divorciado,Silver,34516.0,3,1853,1
720093333,41,M,29,3,Pos-Graduacao,Divorciado,Blue,3491.0,1,4855,0
717281658,52,F,41,3,Mestrado,Divorciado,Blue,6060.0,3,3953,0
765731433,48,F,41,3,Mestrado,Divorciado,Blue,7860.0,4,3512,0
712050933,48,M,32,4,Faculdade,Casado,Blue,25190.0,2,1533,1
787361583,50,M,44,4,Faculdade,Divorciado,Blue,13911.0,2,2204,0
709921158,51,M,36,1,Ensino Medio,Solteiro,Blue,2281.0,4,4241,0
714781908,43,M,35,3,Mestrado,Solteiro,Blue,5652.0,3,3710,0
821339433,45,F,41,3,Mestrado,Casado,Blue,2777.0,4,4442,0
715174983,40,M,36,3,Mestrado,Casado,Blue,2223.0,4,3331,0
710863308,48,M,29,4,Pos-Graduacao,Casado,Blue,2916.0,1,4020,0
710592933,44,F,30,2,Mestrado,Casado,Blue,9598.0,2,2216,0
771881283,42,M,30,1,Ensino Fundamental,Divorciado,Blue,18570.0,2,4036,0
708687483,54,F,36,4,Mestrado,Solteiro,Silver,13626.0,2,1711,1
709607733,40,F,36,3,Faculdade,Casado,Blue,9191.0,2,4275,0
713184858,58,F,50,2,Ensino Medio,Solteiro,Blue,1438.3,3,4196,0
719929758,50,F,37,1,Doutorado,Casado,Blue,4181.0,4,3057,0
759127158,48,M,35,3,Faculdade,Casado,Blue,2592.0,1,4177,0
780717483,51,F,40,3,Ensino Medio,Casado,Blue,7540.0,3,4755,0
708507483,43,F,31,3,Faculdade,Divorciado,Blue,1477.0,4,4802,0
787617483,58,F,48,0,Ensino Fundamental,Solteiro,Blue,2628.0,2,4335,0
816608808,46,M,41,1,Mestrado,Solteiro,Blue,8916.0,2,2773,0
716727258,52,F,42,1,Pos-Graduacao,Casado,Blue,1481.0,1,4435,0
768256908,45,M,39,3,Ensino Fundamental,Casado,Blue,8580.0,3,1880,1
811095483,48,F,43,4,Mestrado,Casado,Silver,21163.0,1,1732,0
720168558,39,F,36,0,Mestrado,Casado,Blue,2936.0,3,4876,0
719309133,56,F,51,1,Mestrado,Casado,Blue,1438.3,3,3877,0
721451208,54,M,45,2,Mestrado,Solteiro,Silver,30540.0,3,1980,1
772879158,47,M,38,5,Ensino Medio,Casado,Blue,7357.0,1,3943,0
712934583,44,F,36,4,Ensino Fundamental,Casado,Silver,11879.0,3,3490,0
710088483,52,M,40,3,Ensino Fundamental,Casado,Blue,21877.0,1,3283,0
753534633,42,M,35,3,Ensino Medio,Solteiro,Blue,7255.0,3,3148,0
710932683,55,F,36,2,Ensino Medio,Solteiro,Blue,6394.0,1,3470,0
714751158,49,M,36,2,Ensino Medio,Divorciado,Blue,34516.0,2,1789,1
718109808,38,M,25,5,Faculdade,Solteiro,Blue,5597.0,3,4599,0
713227233,42,M,33,4,Mestrado,Solteiro,Blue,32535.0,2,4374,0
718342158,38,F,26,4,Mestrado,Solteiro,Blue,4391.0,2,1849,1
720755658,42,F,32,2,Doutorado,Casado,Blue,1592.0,6,4172,0
711795633,65,M,52,0,Doutorado,Solteiro,Blue,3675.0,3,3798,0
716654808,48,M,39,4,Ensino Medio,Solteiro,Blue,24593.0,4,2084,1
716564433,53,F,36,1,Mestrado,Solteiro,Blue,4287.0,2,1635,1
719530158,57,M,44,1,Mestrado,Solteiro,Blue,9843.0,3,3677,0
710621283,50,M,32,2,Ensino Medio,Casado,Blue,10733.0,1,3910,0
716714733,41,M,30,3,Mestrado,Solteiro,Blue,3460.0,2,3642,0
720921408,46,F,36,2,Faculdade,Solteiro,Blue,1996.0,1,3760,0
789185508,49,M,38,2,Ensino Medio,Casado,Blue,5536.0,2,3918,0
807014583,31,F,26,0,Mestrado,Divorciado,Blue,1469.0,3,4331,0
721388283,54,M,45,2,Pos-Graduacao,Solteiro,Blue,5597.0,1,4844,0
716022258,51,F,36,3,Faculdade,Solteiro,Blue,8960.0,3,1853,1
789362058,52,M,42,4,Ensino Fundamental,Casado,Blue,5693.0,2,4003,0
771460158,43,M,31,3,Mestrado,Solteiro,Blue,4098.0,1,3939,0
714147858,44,M,35,3,Ensino Medio,Solteiro,Blue,18358.0,3,3920,0
708394908,44,M,33,0,Ensino Medio,Solteiro,Blue,2337.0,1,3945,0
778433283,51,M,31,3,Ensino Medio,Casado,Blue,8989.0,3,2031,1
720637008,51,F,43,2,Ensino Fundamental,Casado,Blue,2124.0,2,3210,0
716877258,55,F,48,3,Mestrado,Solteiro,Blue,3968.0,3,4641,0
788760633,53,M,33,3,Ensino Fundamental,Divorciado,Blue,13513.0,2,3503,0
718602708,43,M,33,3,Mestrado,Solteiro,Blue,16351.0,3,3475,0
712365483,51,M,43,1,Mestrado,Solteiro,Blue,9619.0,2,3690,0
789154833,56,M,44,3,Ensino Medio,Solteiro,Blue,19030.0,2,4137,0
780336258,55,F,42,1,Mestrado,Solteiro,Blue,2517.0,3,4528,0
716567433,41,F,36,4,Mestrado,Casado,Blue,3179.0,2,4337,0
718191483,45,M,35,3,Mestrado,Divorciado,Blue,5065.0,3,3555,0
811527933,65,F,56,0,Faculdade,Solteiro,Silver,10885.0,4,2291,1
778617708,46,M,26,3,Faculdade,Casado,Blue,1438.3,2,2299,1
785055108,52,M,46,0,Mestrado,Solteiro,Blue,10817.0,2,3889,0
822961533,65,F,56,0,Faculdade,Divorciado,Blue,13666.0,2,3998,0
709124883,49,M,37,3,Faculdade,Casado,Blue,2149.0,1,5228,0
772574283,50,F,40,2,Mestrado,Casado,Blue,7191.0,1,1654,1
769927533,50,F,44,1,Ensino Medio,Casado,Blue,3222.0,2,4613,0
718545033,27,F,17,0,Mestrado,Casado,Blue,2042.0,2,5146,0
714972558,37,F,36,2,Mestrado,Solteiro,Blue,1610.0,3,2729,1
716492583,37,F,28,1,Ensino Fundamental,Solteiro,Blue,2388.0,3,4539,0
766381908,49,F,42,4,Ensino Medio,Casado,Blue,2473.0,1,4597,0
719109783,42,M,32,3,Ensino Fundamental,Casado,Blue,13103.0,3,4323,0
796236258,48,F,42,5,Ensino Medio,Solteiro,Blue,2465.0,1,4030,0
709700058,52,F,33,2,Mestrado,Solteiro,Blue,6081.0,2,4451,0
718851783,49,M,37,1,Ensino Medio,Casado,Silver,34516.0,3,3924,0
709709283,38,M,19,3,Faculdade,Solteiro,Blue,3458.0,2,2256,1
711993258,50,F,39,0,Ensino Medio,Solteiro,Blue,8264.0,3,4240,0
780105483,65,F,50,0,Ensino Fundamental,Solteiro,Blue,1697.0,4,2799,1
718350033,50,M,36,3,Faculdade,Solteiro,Blue,3069.0,2,2909,0
715294083,46,M,38,2,Faculdade,Solteiro,Blue,10309.0,3,1760,1
710905908,43,M,36,4,Ensino Medio,Solteiro,Blue,4983.0,3,1939,0
721387008,42,M,24,4,Mestrado,Casado,Blue,3103.0,2,4792,0
715411608,45,F,36,3,Ensino Medio,Solteiro,Blue,1663.0,1,2978,0
710598408,55,F,36,0,Mestrado,Solteiro,Blue,2695.0,1,4557,0
718521258,50,F,41,4,Pos-Graduacao,Casado,Blue,18178.0,3,3445,0
713138433,50,M,42,3,Mestrado,Solteiro,Blue,14782.0,2,3206,0
718819158,54,F,41,3,Ensino Fundamental,Solteiro,Blue,2488.0,1,4361,0
718871358,45,F,36,2,Mestrado,Solteiro,Blue,1785.0,1,4964,0
720186258,45,F,31,4,Ensino Medio,Divorciado,Blue,4701.0,2,4136,0
710197308,39,F,28,2,Mestrado,Casado,Blue,1438.3,3,4089,0
817086783,45,F,27,3,Ensino Medio,Casado,Blue,2826.0,3,2005,0
749211483,52,F,45,0,Faculdade,Casado,Blue,4597.0,2,4932,0
789749433,33,F,21,1,Mestrado,Casado,Blue,2591.0,3,4730,0
715082133,40,M,36,2,Mestrado,Casado,Blue,2494.0,2,3407,0
714946908,61,M,36,1,Ensino Fundamental,Solteiro,Blue,5039.0,1,3300,0
716711433,48,M,39,5,Ensino Medio,Casado,Blue,7897.0,3,2270,1
720029508,50,F,37,1,Mestrado,Solteiro,Blue,12064.0,1,4100,0
709227033,53,M,46,3,Mestrado,Solteiro,Blue,9065.0,2,4030,0
719217483,45,F,36,4,Doutorado,Casado,Blue,3240.0,1,4200,0
720479058,50,F,39,1,Pos-Graduacao,Solteiro,Blue,1438.3,2,4379,0
716385033,60,F,36,1,Mestrado,Solteiro,Blue,4408.0,1,4157,0
711588708,50,F,36,2,Ensino Fundamental,Casado,Blue,1438.3,3,1863,1
714492783,46,F,36,4,Ensino Fundamental,Casado,Blue,1438.3,3,1517,1
797998158,52,M,46,3,Ensino Fundamental,Solteiro,Blue,4555.0,1,3646,0
714021183,54,M,36,4,Mestrado,Solteiro,Blue,30666.0,2,3709,0
780710433,53,M,42,2,Faculdade,Solteiro,Blue,1575.0,2,4241,0
780068283,53,M,38,1,Mestrado,Solteiro,Blue,1891.0,3,3822,0
719930658,40,M,24,4,Ensino Fundamental,Casado,Blue,16634.0,2,3455,0
755593983,50,F,43,1,Mestrado,Casado,Blue,7985.0,1,3873,0
714121083,40,F,20,3,Mestrado,Casado,Blue,6247.0,2,5158,0
779210283,36,M,25,3,Ensino Fundamental,Casado,Blue,3645.0,2,4142,0
709739283,62,M,36,0,Ensino Medio,Solteiro,Blue,21329.0,3,4206,0
716230158,35,F,36,3,Mestrado,Casado,Blue,7234.0,1,4272,0
708724908,47,F,35,2,Ensino Medio,Solteiro,Blue,2262.0,2,4113,0
713804058,45,F,36,4,Faculdade,Casado,Blue,4187.0,2,4647,0
718791708,48,M,32,2,Ensino Medio,Casado,Blue,16362.0,2,2228,1
785529708,59,M,53,1,Mestrado,Solteiro,Blue,34516.0,2,4333,0
794528283,44,M,28,4,Faculdade,Casado,Blue,2748.0,2,3383,0
794856033,38,M,32,3,Pos-Graduacao,Casado,Blue,5242.0,2,4306,0
712939533,43,M,35,5,Mestrado,Casado,Blue,21585.0,3,3789,0
708178608,31,F,36,0,Mestrado,Casado,Blue,2488.0,2,4226,0
716556258,50,F,39,3,Doutorado,Solteiro,Blue,9966.0,1,4401,0
708404883,45,F,37,2,Ensino Medio,Solteiro,Blue,27804.0,2,2761,0
709742958,45,M,37,5,Ensino Medio,Casado,Blue,15626.0,1,3386,0
772695033,47,M,37,5,Ensino Medio,Solteiro,Blue,18800.0,4,1575,1
714850158,49,M,36,4,Mestrado,Solteiro,Blue,1963.0,1,4150,0
708831858,43,F,30,3,Ensino Fundamental,Casado,Blue,4579.0,3,1915,1
718076733,43,M,31,1,Mestrado,Solteiro,Silver,25824.0,3,3101,0
780006783,59,M,49,1,Ensino Fundamental,Solteiro,Silver,15809.0,2,3109,1
771342183,53,F,40,3,Mestrado,Solteiro,Blue,1625.0,3,2314,1
712901283,53,F,36,2,Mestrado,Solteiro,Blue,2121.0,3,1464,1
718473558,42,F,18,3,Doutorado,Solteiro,Blue,8668.0,3,1402,1
743590608,50,M,43,2,Ensino Medio,Casado,Blue,21869.0,3,4233,0
788252358,49,M,40,3,Ensino Medio,Solteiro,Blue,8190.0,4,3529,0
717740658,55,F,45,2,Faculdade,Casado,Blue,1850.0,2,4134,0
714567708,46,F,36,1,Ensino Fundamental,Divorciado,Blue,2483.0,3,4421,0
709708233,49,F,29,3,Doutorado,Casado,Blue,7066.0,4,1695,1
709957158,48,M,40,4,Ensino Medio,Casado,Blue,2514.0,1,3942,0
828288333,50,M,46,0,Ensino Fundamental,Casado,Blue,3640.0,1,3756,0
709178733,50,F,36,2,Pos-Graduacao,Casado,Blue,5527.0,2,2281,1
721325133,45,M,36,2,Faculdade,Casado,Blue,31625.0,1,4503,0
816606333,57,M,52,2,Ensino Medio,Solteiro,Blue,32409.0,3,4218,0
717444558,50,F,38,1,Mestrado,Casado,Blue,2623.0,1,5237,0
715474833,37,M,36,2,Faculdade,Solteiro,Blue,12944.0,2,4389,0
718271958,54,M,34,2,Ensino Fundamental,Casado,Blue,6401.0,1,4465,0
708924783,43,M,36,3,Mestrado,Divorciado,Blue,5506.0,1,4024,0
717669483,52,M,44,1,Mestrado,Solteiro,Blue,34516.0,3,1737,0
809360883,46,M,41,4,Faculdade,Solteiro,Blue,17673.0,1,3160,0
713253858,50,F,37,1,Faculdade,Casado,Blue,1461.0,2,2176,1
719609433,55,F,43,4,Ensino Fundamental,Divorciado,Blue,1965.0,3,4671,0
714537258,48,M,36,3,Doutorado,Casado,Blue,8876.0,2,3779,0
714680208,50,F,45,1,Ensino Medio,Casado,Blue,1652.0,3,4533,0
715240683,46,M,37,4,Ensino Medio,Casado,Blue,15535.0,2,3718,0
717368208,49,M,36,1,Mestrado,Solteiro,Blue,26723.0,2,2138,1
802662858,55,F,49,2,Mestrado,Divorciado,Blue,3949.0,1,3495,0
780206958,49,M,39,4,Mestrado,Casado,Blue,5937.0,2,4228,0
779906658,40,M,24,4,Doutorado,Solteiro,Blue,18806.0,2,3142,0
772341783,45,F,35,3,Ensino Medio,Solteiro,Blue,3512.0,2,1801,1
711491283,44,F,36,3,Doutorado,Casado,Blue,1975.0,3,2959,0
720211533,41,F,33,4,Ensino Fundamental,Casado,Blue,2888.0,2,4713,0
715409733,47,F,36,4,Faculdade,Solteiro,Blue,2263.0,2,2385,1
715732533,52,M,36,4,Mestrado,Casado,Blue,9375.0,1,2108,1
709101258,41,F,28,2,Ensino Medio,Divorciado,Blue,1478.0,2,2180,1
708588408,53,M,36,3,Ensino Fundamental,Solteiro,Blue,6836.0,2,4421,0
717099408,40,M,29,3,Mestrado,Casado,Blue,10529.0,3,4583,0
715155033,61,M,49,0,Ensino Medio,Solteiro,Blue,2122.0,1,5224,0
789586833,45,F,38,3,Pos-Graduacao,Casado,Blue,2883.0,2,4053,0
709338633,56,F,37,1,Mestrado,Solteiro,Blue,2339.0,4,1542,1
741116058,48,M,41,2,Mestrado,Casado,Blue,2582.0,2,2144,0
813755658,60,M,55,1,Mestrado,Solteiro,Blue,11524.0,2,3598,0
718855983,49,F,36,4,Ensino Medio,Solteiro,Blue,13039.0,3,4010,0
711245433,50,F,41,4,Mestrado,Solteiro,Blue,2509.0,3,2281,1
814219008,65,M,56,1,Doutorado,Solteiro,Blue,1456.0,2,3953,0
715182108,51,F,35,3,Ensino Medio,Casado,Blue,3025.0,1,4626,0
717078933,40,F,29,5,Mestrado,Solteiro,Blue,4205.0,2,4256,0
719491233,55,M,42,1,Faculdade,Solteiro,Blue,3515.0,2,4313,0
789520533,52,M,44,2,Ensino Fundamental,Solteiro,Blue,26174.0,3,4551,0
714738033,44,F,25,4,Mestrado,Casado,Blue,1602.0,3,5428,0
718576908,49,F,36,4,Ensino Fundamental,Casado,Blue,29939.0,1,4305,0
715093383,49,F,41,2,Faculdade,Casado,Blue,2115.0,1,4450,0
717195933,42,M,30,3,Mestrado,Casado,Blue,5298.0,2,2431,1
747107508,56,F,49,3,Mestrado,Solteiro,Blue,2433.0,3,4269,0
717920583,60,F,49,1,Ensino Fundamental,Divorciado,Blue,1443.0,2,4673,0
710516283,50,M,37,1,Ensino Medio,Solteiro,Blue,9758.0,1,4134,0
787593558,42,M,34,3,Mestrado,Casado,Blue,4562.0,3,3740,0
714431058,41,F,36,3,Faculdade,Solteiro,Blue,4210.0,2,4342,0
708801108,57,F,51,3,Ensino Fundamental,Solteiro,Blue,1438.3,0,2113,1
715948833,48,M,39,4,Mestrado,Casado,Blue,24931.0,2,5031,0
770667408,47,M,33,4,Faculdade,Casado,Blue,8854.0,1,4768,0
823590483,62,F,56,0,Mestrado,Divorciado,Blue,2230.0,1,4027,0
710635083,46,M,38,4,Ensino Medio,Casado,Blue,28327.0,1,3475,0
716408058,56,F,36,2,Ensino Fundamental,Solteiro,Blue,2500.0,3,3673,0
713803158,41,M,33,3,Ensino Medio,Solteiro,Blue,9246.0,1,4611,0
713593683,43,F,28,3,Mestrado,Casado,Blue,11155.0,3,3504,0
789382758,54,M,44,3,Mestrado,Solteiro,Blue,5501.0,3,2050,1
813427833,45,F,40,4,Mestrado,Solteiro,Blue,2110.0,2,4812,0
717846108,49,M,34,4,Ensino Fundamental,Casado,Blue,12994.0,3,3734,0
721437333,46,M,36,2,Mestrado,Solteiro,Blue,5054.0,2,2027,1
712404483,49,M,36,2,Ensino Medio,Casado,Blue,3989.0,3,5189,0
714926508,52,M,45,2,Mestrado,Casado,Silver,34516.0,4,2275,0
771474108,40,F,28,2,Ensino Fundamental,Casado,Blue,1794.0,2,4455,0
718802283,44,F,31,3,Pos-Graduacao,Divorciado,Blue,8320.0,2,4128,0
711626658,62,F,36,1,Ensino Medio,Solteiro,Blue,1930.0,3,1971,1
720486408,55,F,36,1,Ensino Fundamental,Solteiro,Blue,1438.3,3,4436,0
717793983,55,M,45,3,Mestrado,Solteiro,Silver,18128.0,3,2503,1
713127708,38,F,26,0,Ensino Fundamental,Casado,Blue,2230.0,1,3766,0
713681433,50,F,39,2,Ensino Medio,Divorciado,Blue,9716.0,2,5007,0
713056083,52,M,46,2,Ensino Medio,Solteiro,Blue,34516.0,2,4037,0
718538958,55,F,43,3,Faculdade,Solteiro,Blue,1844.0,3,4564,0
710353233,48,M,39,3,Faculdade,Divorciado,Blue,13233.0,3,4288,0
710342508,48,F,36,2,Ensino Fundamental,Casado,Blue,1593.0,3,4004,0
787563858,50,F,41,1,Mestrado,Casado,Blue,8589.0,2,3553,0
799239033,53,F,47,3,Ensino Medio,Solteiro,Blue,1714.0,3,2279,1
718489608,50,F,36,4,Mestrado,Casado,Blue,2433.0,2,4668,0
758824608,47,M,40,4,Ensino Fundamental,Casado,Blue,21148.0,2,3370,0
814483608,47,F,42,4,Mestrado,Divorciado,Blue,5798.0,3,1860,1
708848208,52,M,40,3,Ensino Fundamental,Solteiro,Blue,34516.0,3,4223,0
719713683,52,F,37,0,Mestrado,Casado,Blue,7608.0,2,4921,0
715514133,44,F,31,4,Mestrado,Casado,Blue,2184.0,3,1973,1
715955208,35,F,26,1,Ensino Medio,Solteiro,Blue,2189.0,3,4530,0
794707083,50,M,44,2,Faculdade,Solteiro,Blue,3495.0,2,2131,1
805313808,52,F,47,3,Ensino Medio,Casado,Blue,8018.0,2,2409,1
715716333,62,F,50,0,Ensino Medio,Solteiro,Blue,18819.0,2,4273,0
712444533,43,M,36,2,Ensino Medio,Solteiro,Blue,14418.0,2,3880,0
780203883,43,F,33,3,Doutorado,Divorciado,Blue,5738.0,3,4375,0
720616908,54,M,36,1,Ensino Fundamental,Solteiro,Blue,34516.0,1,3918,0
817038333,55,F,40,0,Mestrado,Casado,Blue,1513.0,3,4042,0
710820783,45,F,36,4,Mestrado,Casado,Blue,5989.0,1,4246,0
720338658,56,F,42,3,Pos-Graduacao,Solteiro,Blue,2490.0,2,2998,0
803938908,49,F,44,4,Ensino Fundamental,Solteiro,Blue,2659.0,2,4546,0
787921383,53,M,44,0,Ensino Medio,Solteiro,Silver,34516.0,4,1461,1
787849833,49,M,40,2,Ensino Medio,Casado,Blue,13490.0,2,4205,0
721143258,46,M,33,1,Ensino Medio,Solteiro,Blue,1664.0,4,4804,0
709335558,49,M,37,3,Ensino Fundamental,Casado,Blue,7753.0,3,3367,0
806619333,36,F,31,3,Ensino Medio,Solteiro,Blue,2909.0,2,5154,0
719378658,57,M,36,3,Mestrado,Divorciado,Silver,34516.0,3,4745,0
716955783,52,M,36,2,Mestrado,Solteiro,Blue,16026.0,2,4418,0
817970208,45,M,40,1,Ensino Fundamental,Divorciado,Blue,2705.0,3,4501,0
708506508,54,M,43,3,Ensino Medio,Casado,Blue,2884.0,3,4887,0
750147483,49,M,37,2,Ensino Medio,Solteiro,Blue,24299.0,1,5320,0
715540233,43,M,34,3,Mestrado,Solteiro,Blue,20755.0,1,4615,0
807584958,50,M,45,3,Ensino Fundamental,Casado,Blue,21096.0,2,1882,1
720686583,46,M,37,3,Ensino Medio,Divorciado,Blue,6457.0,3,4487,0
820637433,45,F,40,3,Ensino Medio,Casado,Blue,1603.0,2,4041,0
715405758,50,F,42,1,Ensino Medio,Solteiro,Blue,10057.0,0,2383,1
710094108,33,M,27,3,Mestrado,Solteiro,Blue,2043.0,2,5212,0
708614058,56,F,45,2,Mestrado,Divorciado,Blue,1960.0,2,3870,0
720614658,40,M,25,2,Ensino Medio,Divorciado,Blue,2978.0,4,3879,0
716695533,49,F,29,3,Faculdade,Casado,Blue,2017.0,3,3875,0
717091533,29,F,36,1,Mestrado,Solteiro,Blue,13613.0,2,4253,0
713231658,45,F,33,2,Doutorado,Solteiro,Blue,5553.0,2,3744,0
708489258,40,F,27,3,Mestrado,Casado,Blue,1438.3,3,3561,0
769684158,42,M,36,4,Faculdade,Solteiro,Blue,2502.0,3,3763,0
710349258,45,F,36,3,Ensino Medio,Solteiro,Blue,2589.0,2,4133,0
713940033,47,F,36,3,Mestrado,Solteiro,Blue,2049.0,1,3514,0
713482608,47,M,35,4,Faculdade,Casado,Blue,3560.0,1,4060,0
819363708,43,M,38,1,Pos-Graduacao,Solteiro,Blue,2387.0,2,3909,0
712014708,48,M,36,4,Mestrado,Casado,Blue,2912.0,1,4518,0
788717358,53,M,38,2,Ensino Fundamental,Solteiro,Blue,7062.0,2,3432,0
710413533,56,M,51,2,Mestrado,Casado,Blue,12186.0,3,4785,0
718515483,64,M,52,0,Mestrado,Solteiro,Blue,3570.0,3,3289,1
715059258,38,F,32,3,Doutorado,Solteiro,Blue,3072.0,4,4245,0
713852958,51,F,41,2,Mestrado,Solteiro,Silver,31501.0,3,3893,0
721531683,44,F,36,4,Mestrado,Solteiro,Blue,8482.0,1,4076,0
720660558,50,M,36,2,Ensino Fundamental,Casado,Blue,23911.0,3,4770,0
814845933,62,M,56,0,Mestrado,Solteiro,Blue,1438.3,3,3628,0
711199908,41,M,30,2,Mestrado,Solteiro,Blue,2317.0,1,3057,0
715664808,43,M,30,2,Mestrado,Solteiro,Blue,34516.0,3,2427,1
715500558,45,F,36,3,Mestrado,Casado,Blue,1637.0,1,4120,0
719239158,48,M,39,3,Ensino Medio,Casado,Blue,5448.0,3,3912,0
820633833,64,F,56,1,Mestrado,Solteiro,Blue,5152.0,2,4074,0
720551733,46,F,26,4,Doutorado,Casado,Blue,15195.0,3,2631,1
718487958,53,F,41,2,Ensino Medio,Casado,Blue,2799.0,3,3971,0
710533233,38,F,29,1,Mestrado,Casado,Blue,1438.3,3,2139,1
716317458,51,F,36,2,Pos-Graduacao,Solteiro,Blue,4281.0,3,1723,1
711649908,33,F,15,3,Mestrado,Casado,Blue,1438.3,3,4208,0
720879708,52,M,44,2,Ensino Medio,Solteiro,Blue,28186.0,2,2853,0
711850533,46,F,36,4,Ensino Fundamental,Solteiro,Blue,3818.0,1,4272,0
721028283,40,F,28,4,Ensino Medio,Casado,Blue,11494.0,1,3353,0
710763783,49,M,32,2,Ensino Medio,Casado,Blue,28142.0,1,3676,0
720432858,40,F,36,4,Pos-Graduacao,Casado,Blue,2316.0,1,3471,0
772525308,43,M,33,3,Faculdade,Solteiro,Blue,10533.0,2,3651,0
767354208,48,M,41,4,Mestrado,Casado,Blue,14322.0,2,3993,0
715670058,50,M,38,3,Mestrado,Casado,Blue,34516.0,2,3806,0
713856708,48,M,36,4,Ensino Medio,Casado,Blue,6798.0,1,4327,0
758086458,46,F,39,3,Mestrado,Casado,Blue,1438.3,3,4111,0
717035283,46,M,37,1,Mestrado,Solteiro,Blue,2445.0,3,2216,1
709604958,51,F,36,3,Mestrado,Solteiro,Blue,2585.0,3,3480,0
714931458,52,F,42,2,Pos-Graduacao,Solteiro,Blue,1438.3,2,4102,0
711047658,46,F,38,3,Ensino Medio,Casado,Blue,1781.0,2,4775,0
716385858,42,F,28,4,Mestrado,Casado,Blue,2205.0,2,4921,0
708812133,49,F,39,3,Mestrado,Casado,Blue,2270.0,3,4110,0
787655058,44,F,37,2,Ensino Fundamental,Solteiro,Blue,2568.0,2,4254,0
803113383,55,F,49,1,Ensino Fundamental,Solteiro,Blue,3292.0,4,2222,1
715762083,46,M,36,0,Ensino Fundamental,Solteiro,Silver,30501.0,3,2525,0
711629733,45,F,34,2,Mestrado,Casado,Blue,5371.0,3,3282,0
719745558,52,M,36,3,Mestrado,Solteiro,Blue,9137.0,2,4626,0
820282383,45,F,40,2,Mestrado,Casado,Blue,5848.0,3,2000,1
793543758,47,M,41,2,Mestrado,Solteiro,Blue,10614.0,2,4601,0
712555233,59,F,48,0,Mestrado,Solteiro,Blue,4205.0,1,2023,0
718516533,46,F,36,2,Mestrado,Solteiro,Blue,2586.0,2,3944,0
717708783,57,M,51,2,Mestrado,Solteiro,Silver,34516.0,3,4303,0
718163808,37,M,24,1,Mestrado,Solteiro,Blue,11309.0,3,4809,0
712693908,43,M,31,3,Mestrado,Casado,Blue,13883.0,4,1871,1
711655683,55,M,46,1,Ensino Fundamental,Solteiro,Silver,25991.0,2,2996,0
718188858,52,F,36,0,Mestrado,Solteiro,Blue,2537.0,1,4964,0
718514283,46,M,36,4,Ensino Medio,Solteiro,Blue,1438.3,2,3895,0
708642708,40,F,36,2,Ensino Fundamental,Casado,Blue,13019.0,2,1484,1
811475733,53,F,48,1,Faculdade,Casado,Blue,3339.0,2,2432,1
712089108,49,M,37,3,Ensino Fundamental,Divorciado,Blue,28390.0,3,4631,0
714963558,46,M,36,3,Mestrado,Solteiro,Blue,1438.3,2,4374,0
713788083,28,F,36,1,Mestrado,Solteiro,Blue,1624.0,2,1897,1
719583558,49,F,40,3,Ensino Fundamental,Casado,Blue,8900.0,2,4710,0
744705408,48,F,41,4,Mestrado,Solteiro,Blue,5239.0,3,4241,0
713240133,42,F,36,3,Ensino Medio,Casado,Blue,9351.0,3,5099,0
815015283,43,F,38,4,Mestrado,Casado,Blue,2655.0,2,4025,0
718072758,51,M,45,2,Pos-Graduacao,Casado,Blue,3173.0,2,4030,0
709127808,48,M,35,3,Pos-Graduacao,Divorciado,Blue,6243.0,2,3502,0
715080258,37,F,36,1,Ensino Medio,Solteiro,Blue,6730.0,2,4814,0
709567758,40,F,29,3,Ensino Fundamental,Casado,Blue,2490.0,1,3339,0
780067158,51,F,36,2,Ensino Fundamental,Solteiro,Blue,1746.0,3,1907,1
715357308,44,M,36,2,Mestrado,Casado,Blue,4141.0,1,3512,0
720559908,58,F,46,2,Ensino Fundamental,Divorciado,Silver,11684.0,1,4900,0
720339558,47,F,36,2,Mestrado,Solteiro,Blue,2363.0,1,3887,0
809599158,48,M,43,4,Ensino Fundamental,Solteiro,Silver,34516.0,3,1626,1
809978733,33,F,28,2,Ensino Medio,Solteiro,Blue,1438.3,2,4415,0
788996058,47,F,34,2,Ensino Medio,Casado,Blue,2730.0,2,3841,0
712575708,55,F,36,2,Ensino Medio,Casado,Blue,1994.0,1,4455,0
789625383,48,M,42,3,Ensino Fundamental,Casado,Blue,9727.0,3,3543,0
719730258,41,M,36,4,Ensino Fundamental,Divorciado,Silver,33771.0,2,3819,0
793717608,39,M,33,0,Doutorado,Solteiro,Blue,10452.0,2,3592,0
716077458,46,M,36,3,Ensino Fundamental,Casado,Blue,4707.0,2,3188,0
813435108,49,F,44,1,Mestrado,Solteiro,Blue,3537.0,2,4726,0
708084558,46,M,38,3,Doutorado,Divorciado,Blue,8258.0,3,1447,1
719880408,46,F,35,4,Mestrado,Casado,Blue,3072.0,3,3992,0
718711158,52,M,36,3,Mestrado,Casado,Blue,3841.0,2,2680,1
717443658,37,F,28,0,Mestrado,Divorciado,Blue,1920.0,3,4715,0
719038008,48,F,35,4,Mestrado,Solteiro,Blue,1705.0,2,4862,0
709143183,52,F,43,2,Doutorado,Casado,Blue,1822.0,2,2538,1
709274583,40,M,27,2,Ensino Medio,Casado,Blue,12248.0,3,4806,0
816864483,39,F,34,4,Ensino Fundamental,Solteiro,Blue,10264.0,2,4003,0
708271833,42,M,36,3,Mestrado,Solteiro,Silver,15069.0,2,3464,0
821759658,41,F,37,4,Ensino Medio,Divorciado,Blue,4650.0,2,2014,1
820920408,53,F,48,2,Mestrado,Solteiro,Blue,3685.0,2,4012,0
718403358,49,F,33,2,Ensino Medio,Divorciado,Blue,7231.0,2,3912,0
720690933,52,M,39,4,Ensino Fundamental,Casado,Blue,2641.0,1,4279,0
719252583,29,F,20,1,Ensino Medio,Solteiro,Blue,3095.0,2,4642,0
712783083,48,F,37,4,Ensino Medio,Casado,Blue,3607.0,2,2013,1
771204108,36,F,23,2,Ensino Fundamental,Solteiro,Blue,1954.0,1,3896,0
821749608,41,M,37,3,Mestrado,Solteiro,Blue,19402.0,3,1937,1
714389883,45,M,36,4,Mestrado,Solteiro,Blue,8063.0,3,4275,0
824163333,43,F,39,5,Ensino Fundamental,Solteiro,Blue,3161.0,2,4307,0
709444983,38,F,30,3,Ensino Fundamental,Solteiro,Blue,2435.0,2,1460,1
769575783,49,F,41,3,Faculdade,Casado,Blue,1603.0,3,2644,1
720334833,39,F,30,5,Faculdade,Solteiro,Blue,4710.0,1,4719,0
709563258,50,F,41,2,Ensino Fundamental,Solteiro,Blue,2751.0,3,2108,1
708205083,38,F,28,1,Ensino Medio,Casado,Blue,1438.3,4,4815,0
715276683,52,M,45,2,Ensino Medio,Casado,Blue,24287.0,1,5495,0
721254858,42,F,18,5,Mestrado,Casado,Blue,1694.0,1,3857,0
712257258,50,F,36,1,Ensino Medio,Solteiro,Blue,1457.0,2,1441,1
711110733,45,M,33,3,Ensino Medio,Casado,Silver,16928.0,2,3355,0
714043008,37,M,30,2,Ensino Medio,Solteiro,Blue,4297.0,3,4310,0
780602733,42,M,30,3,Ensino Fundamental,Solteiro,Blue,8302.0,2,3221,0
772825308,40,M,31,3,Mestrado,Divorciado,Blue,27374.0,2,4231,0
713251008,43,F,38,2,Ensino Fundamental,Casado,Blue,2960.0,3,3921,0
711175083,54,M,41,3,Doutorado,Solteiro,Blue,9110.0,2,2999,0
756477333,42,F,35,4,Ensino Fundamental,Casado,Blue,1539.0,3,4793,0
712294983,39,F,36,2,Mestrado,Casado,Blue,1947.0,2,4496,0
709869708,54,F,45,3,Faculdade,Solteiro,Blue,3062.0,1,4037,0
772133808,47,F,36,3,Pos-Graduacao,Solteiro,Blue,3114.0,5,4342,0
768196008,54,M,48,1,Ensino Fundamental,Solteiro,Blue,14948.0,2,3094,0
716079708,46,F,36,3,Faculdade,Solteiro,Blue,2503.0,2,4647,0
720087708,38,F,31,3,Ensino Medio,Casado,Blue,1854.0,3,5245,0
714259533,43,F,35,2,Mestrado,Casado,Blue,4092.0,1,5001,0
714691683,62,M,54,1,Mestrado,Solteiro,Blue,13284.0,1,4942,0
768420558,59,F,53,0,Mestrado,Solteiro,Blue,4830.0,3,3365,0
778364583,45,F,25,2,Mestrado,Casado,Blue,5911.0,2,1656,1
719186433,53,F,44,1,Faculdade,Solteiro,Blue,11012.0,2,3793,0
719951208,43,M,24,4,Mestrado,Solteiro,Blue,19188.0,3,4366,0
720182658,44,F,31,3,Ensino Fundamental,Solteiro,Blue,18056.0,2,4473,0
789022233,50,F,37,2,Ensino Fundamental,Solteiro,Blue,1438.3,5,4457,0
778353183,31,F,13,0,Ensino Medio,Casado,Blue,3201.0,2,5155,0
713789883,50,F,36,4,Ensino Medio,Casado,Blue,1479.0,1,5116,0
773018583,38,F,30,4,Mestrado,Casado,Blue,3144.0,1,4717,0
771354633,58,M,45,1,Faculdade,Solteiro,Blue,1854.0,3,3292,0
716736858,47,F,39,4,Mestrado,Casado,Blue,3144.0,3,3774,0
713796033,47,M,42,2,Mestrado,Casado,Blue,4738.0,3,1900,1
710812533,46,F,36,3,Ensino Medio,Solteiro,Silver,34516.0,2,1987,1
714864333,43,M,37,2,Faculdade,Divorciado,Blue,34516.0,1,1370,1
787918158,32,F,23,0,Ensino Fundamental,Casado,Blue,2156.0,2,4106,0
779070033,63,F,44,0,Faculdade,Solteiro,Blue,1938.0,4,3974,0
789945933,61,F,52,1,Mestrado,Solteiro,Blue,1438.3,3,3560,0
720810783,54,F,44,2,Mestrado,Casado,Blue,3781.0,3,2310,1
715627833,48,M,37,3,Ensino Medio,Casado,Gold,34516.0,2,4539,0
809538783,49,M,44,1,Ensino Medio,Solteiro,Blue,1438.3,2,4109,0
715987758,49,M,36,3,Mestrado,Solteiro,Blue,3261.0,2,3081,1
711967158,35,F,23,3,Mestrado,Solteiro,Blue,2211.0,3,4359,0
716470683,48,F,36,3,Pos-Graduacao,Casado,Blue,20631.0,1,4827,0
713289183,53,F,33,3,Doutorado,Casado,Blue,2255.0,2,4270,0
711549408,51,M,42,3,Ensino Fundamental,Casado,Blue,1507.0,1,4126,0
717578358,49,F,40,4,Mestrado,Casado,Blue,8162.0,1,4334,0
715679733,43,F,36,2,Ensino Fundamental,Solteiro,Blue,1736.0,2,3462,0
779694183,51,M,34,3,Faculdade,Casado,Blue,1864.0,2,3833,0
788544108,43,F,37,2,Ensino Medio,Solteiro,Blue,6611.0,3,4037,0
715583283,34,F,13,0,Mestrado,Casado,Blue,7942.0,1,4068,0
719917233,49,M,36,3,Pos-Graduacao,Casado,Blue,13382.0,3,1828,1
717103758,63,M,55,0,Mestrado,Solteiro,Blue,18550.0,0,2616,1
714621183,39,F,36,3,Mestrado,Solteiro,Blue,2650.0,3,4512,0
721365033,37,M,36,3,Ensino Fundamental,Solteiro,Blue,1696.0,2,2095,1
712999008,40,F,33,3,Mestrado,Solteiro,Blue,2628.0,1,4316,0
717200508,40,F,32,4,Ensino Fundamental,Solteiro,Blue,3056.0,1,4734,0
716995083,52,M,44,2,Ensino Medio,Solteiro,Blue,2650.0,2,4218,0
718137183,58,F,38,1,Faculdade,Casado,Blue,3331.0,2,5379,0
810974958,51,M,46,2,Ensino Medio,Casado,Blue,4123.0,3,2447,1
712267983,57,F,45,0,Mestrado,Solteiro,Blue,3023.0,3,2477,1
717376758,56,F,47,2,Ensino Medio,Casado,Blue,2238.0,3,4108,0
718250883,59,F,51,2,Ensino Medio,Casado,Blue,3875.0,3,2312,1
717491058,42,M,26,2,Pos-Graduacao,Solteiro,Blue,20803.0,2,4012,0
802243458,48,M,42,2,Doutorado,Solteiro,Blue,2760.0,3,1759,1
714485508,45,M,36,3,Doutorado,Solteiro,Blue,9086.0,2,3906,0
789948408,55,M,46,2,Mestrado,Solteiro,Blue,34516.0,1,5220,0
734909358,43,M,33,4,Mestrado,Solteiro,Blue,6548.0,1,4354,0
719267283,35,F,27,2,Doutorado,Casado,Blue,1953.0,1,4598,0
720330558,44,M,25,3,Mestrado,Casado,Blue,25256.0,2,2048,1
720784833,48,F,36,3,Mestrado,Solteiro,Blue,1630.0,3,1884,1
789059958,42,M,30,4,Ensino Medio,Casado,Gold,34516.0,2,3574,0
721448283,39,F,26,1,Mestrado,Solteiro,Blue,1876.0,3,2579,1
742778358,44,M,37,1,Mestrado,Solteiro,Blue,16739.0,1,4014,0
713933658,56,F,45,0,Mestrado,Solteiro,Blue,2463.0,6,4118,0
788142483,46,M,38,3,Faculdade,Solteiro,Silver,34516.0,3,4699,0
789705408,50,M,37,2,Faculdade,Casado,Blue,4743.0,1,3739,0
817422408,45,F,30,3,Ensino Fundamental,Solteiro,Blue,2059.0,2,4110,0
710671608,39,F,31,2,Mestrado,Divorciado,Blue,6798.0,3,3961,0
711879633,45,M,29,3,Ensino Medio,Solteiro,Blue,2766.0,1,4480,0
716444733,55,F,46,2,Mestrado,Casado,Blue,1438.3,3,4271,0
718460958,49,F,35,2,Faculdade,Casado,Blue,3283.0,3,4498,0
789953733,46,F,37,3,Mestrado,Casado,Blue,2470.0,1,4519,0
787291308,42,F,36,5,Mestrado,Casado,Blue,4228.0,2,4389,0
714384783,59,F,36,1,Mestrado,Casado,Blue,2468.0,3,2017,1
713847858,49,F,36,3,Mestrado,Divorciado,Blue,1438.3,3,1849,1
809809008,47,F,42,5,Mestrado,Casado,Blue,3111.0,1,4570,0
719446833,58,F,46,1,Ensino Medio,Casado,Blue,2799.0,1,4214,0
720570333,48,F,36,3,Faculdade,Casado,Blue,1912.0,3,4786,0
815308683,46,M,41,3,Faculdade,Casado,Blue,18927.0,3,3101,0
810875958,51,F,46,3,Mestrado,Casado,Blue,2016.0,4,2473,1
718766058,56,M,36,2,Mestrado,Solteiro,Blue,1438.3,2,2123,1
710656683,50,F,36,3,Ensino Medio,Solteiro,Blue,1986.0,3,4442,0
713263758,53,F,45,1,Faculdade,Solteiro,Blue,2312.0,2,5085,0
754564308,46,F,39,3,Mestrado,Casado,Blue,2644.0,3,3601,0
827890758,39,F,35,1,Ensino Fundamental,Solteiro,Blue,2062.0,3,3785,0
779945508,50,F,35,1,Mestrado,Casado,Blue,3510.0,2,3808,0
720807183,55,M,36,2,Mestrado,Solteiro,Blue,15026.0,2,3281,0
715844733,45,M,36,5,Ensino Medio,Casado,Blue,2174.0,3,4596,0
712332183,42,M,36,3,Faculdade,Solteiro,Blue,29535.0,1,3934,0
790123983,50,F,43,2,Ensino Medio,Solteiro,Blue,2974.0,2,4297,0
716860233,51,F,39,3,Ensino Fundamental,Casado,Blue,8148.0,3,4124,0
714678408,48,F,31,4,Pos-Graduacao,Casado,Blue,2646.0,6,4727,0
708501783,43,M,36,2,Ensino Medio,Casado,Blue,34516.0,2,1868,1
713645883,37,F,23,1,Ensino Medio,Solteiro,Blue,1879.0,3,5202,0
718622658,45,M,34,4,Ensino Medio,Solteiro,Blue,15913.0,2,4472,0
710641008,44,F,36,2,Ensino Medio,Solteiro,Blue,8685.0,3,2473,0
716177583,58,F,36,1,Pos-Graduacao,Solteiro,Blue,1438.3,2,4722,0
713417433,42,M,28,2,Mestrado,Solteiro,Blue,1711.0,1,4496,0
713043183,61,M,48,0,Ensino Medio,Solteiro,Blue,2572.0,2,4313,0
719328858,56,M,43,4,Ensino Medio,Casado,Blue,4535.0,2,2342,1
718501983,44,M,36,2,Mestrado,Casado,Blue,5950.0,6,4682,0
712817808,39,M,23,2,Mestrado,Casado,Blue,4761.0,2,2045,0
817089408,44,M,27,2,Faculdade,Casado,Blue,19114.0,1,4413,0
803406558,30,F,24,1,Ensino Fundamental,Solteiro,Blue,7536.0,5,4189,0
717297708,47,F,37,1,Mestrado,Solteiro,Blue,2441.0,3,4439,0
808756458,47,M,42,3,Mestrado,Casado,Blue,13189.0,3,3821,0
718352358,49,F,35,3,Pos-Graduacao,Casado,Blue,1914.0,3,2687,1
780638958,42,F,31,2,Mestrado,Divorciado,Blue,2468.0,2,4483,0
812493033,44,F,37,3,Ensino Medio,Solteiro,Blue,3410.0,1,5102,0
718256658,45,F,38,3,Ensino Fundamental,Casado,Blue,2728.0,5,4554,0
711421233,51,M,43,3,Ensino Medio,Solteiro,Blue,7119.0,3,4969,0
710335983,57,F,36,0,Ensino Medio,Divorciado,Blue,3532.0,1,4297,0
720108783,60,F,50,1,Ensino Fundamental,Solteiro,Blue,7459.0,3,4328,0
818259558,64,F,56,0,Mestrado,Solteiro,Blue,2294.0,2,3951,0
708511983,37,M,18,3,Mestrado,Casado,Blue,1663.0,3,3950,0
778720533,53,F,37,4,Mestrado,Casado,Blue,1722.0,2,2141,1
793015083,46,F,40,4,Mestrado,Casado,Blue,2586.0,3,4481,0
821336133,50,F,46,2,Ensino Medio,Solteiro,Blue,8708.0,3,3927,0
779164608,45,F,34,3,Mestrado,Casado,Blue,2641.0,2,4224,0
714835833,43,M,36,4,Ensino Medio,Divorciado,Blue,34516.0,3,4192,0
708992733,50,F,36,0,Ensino Medio,Casado,Blue,1513.0,3,4759,0
709488108,42,M,36,4,Faculdade,Solteiro,Blue,10543.0,2,1841,1
716094333,49,M,42,1,Mestrado,Solteiro,Blue,17764.0,2,2750,0
778567983,50,F,43,2,Mestrado,Solteiro,Blue,1438.3,1,4512,0
712178883,49,F,36,2,Faculdade,Solteiro,Blue,6371.0,2,3592,0
717490008,43,M,36,4,Mestrado,Divorciado,Blue,19188.0,1,4282,0
747208083,49,M,42,4,Mestrado,Solteiro,Blue,2822.0,3,4344,0
820276908,42,F,37,4,Faculdade,Casado,Blue,4139.0,3,2232,1
719960133,42,M,26,3,Faculdade,Solteiro,Silver,34516.0,2,3910,0
711062958,43,M,23,3,Mestrado,Solteiro,Blue,4121.0,2,3462,0
767256933,43,M,36,5,Ensino Fundamental,Casado,Blue,2621.0,2,4852,0
712568358,47,M,29,1,Ensino Medio,Casado,Blue,3394.0,2,3115,0
789182358,56,M,45,1,Ensino Fundamental,Solteiro,Blue,17628.0,1,3991,0
716989683,56,M,48,2,Doutorado,Solteiro,Blue,4480.0,3,3331,0
788966958,47,F,34,1,Mestrado,Casado,Blue,3112.0,2,4613,0
756458508,44,M,37,3,Mestrado,Solteiro,Blue,1682.0,2,3309,0
714643983,42,F,36,1,Ensino Medio,Casado,Blue,2758.0,3,4119,0
711606558,49,F,39,1,Ensino Medio,Casado,Blue,1909.0,2,4697,0
824155458,48,M,44,2,Ensino Medio,Casado,Blue,11332.0,1,4674,0
710445183,44,M,31,5,Doutorado,Solteiro,Blue,7567.0,1,4076,0
712864683,42,F,30,3,Doutorado,Solteiro,Blue,1438.3,3,1693,1
721424583,35,F,26,1,Ensino Medio,Casado,Blue,1918.0,2,4237,0
713886333,47,M,39,2,Ensino Medio,Casado,Blue,18660.0,3,1682,1
794217108,43,M,37,2,Faculdade,Solteiro,Blue,14315.0,3,3694,0
715339758,64,F,36,1,Ensino Medio,Divorciado,Blue,18038.0,3,4168,0
709610283,42,F,34,4,Mestrado,Solteiro,Blue,1853.0,2,4544,0
714575208,49,M,43,5,Doutorado,Solteiro,Blue,4951.0,1,4192,0
716758908,46,M,27,3,Ensino Fundamental,Solteiro,Blue,34516.0,2,4492,0
778915233,51,F,32,0,Mestrado,Casado,Blue,1757.0,2,2377,1
789466008,47,M,38,5,Mestrado,Casado,Blue,24033.0,3,3578,0
713451408,47,M,36,4,Ensino Medio,Divorciado,Blue,1943.0,1,3392,0
780146658,40,F,25,2,Pos-Graduacao,Casado,Blue,3795.0,2,1633,1
711675108,43,F,30,3,Mestrado,Solteiro,Blue,4075.0,3,3956,0
755467683,48,F,41,1,Mestrado,Solteiro,Blue,3001.0,2,2403,1
713009208,54,F,44,3,Mestrado,Solteiro,Blue,2077.0,2,4292,0
772231233,41,F,30,2,Mestrado,Casado,Blue,2157.0,2,4250,0
780199233,33,M,23,2,Doutorado,Solteiro,Blue,14914.0,1,4478,0
711700158,47,F,39,2,Ensino Medio,Solteiro,Blue,1580.0,3,4384,0
788275083,46,M,38,3,Faculdade,Casado,Blue,15483.0,3,4678,0
708804633,44,F,36,2,Doutorado,Divorciado,Blue,1916.0,2,2888,1
714479358,51,M,36,3,Mestrado,Solteiro,Blue,3610.0,3,2216,1
711406758,48,F,36,3,Mestrado,Casado,Blue,1667.0,2,4385,0
821424483,51,F,47,1,Ensino Medio,Solteiro,Blue,1438.3,3,4242,0
769438608,48,F,42,1,Mestrado,Casado,Blue,1942.0,3,2522,1
822068583,48,F,44,4,Ensino Fundamental,Solteiro,Blue,2231.0,3,3946,0
711371208,50,F,36,4,Faculdade,Casado,Blue,6465.0,2,4490,0
713452533,35,F,22,4,Mestrado,Solteiro,Blue,1438.3,3,3427,0
720212508,51,F,37,1,Mestrado,Solteiro,Blue,4402.0,3,3325,0
779926608,50,F,36,2,Ensino Medio,Casado,Blue,1438.3,2,4697,0
712724733,31,F,19,0,Pos-Graduacao,Solteiro,Blue,2766.0,3,3959,0
718286658,42,M,22,3,Mestrado,Solteiro,Silver,25293.0,3,4059,0
714195108,45,F,37,2,Pos-Graduacao,Solteiro,Blue,2707.0,3,4077,0
752573508,45,F,26,3,Ensino Medio,Solteiro,Blue,4034.0,2,3718,0
768661758,53,M,47,0,Ensino Fundamental,Divorciado,Blue,26129.0,2,4919,0
721126833,51,M,41,2,Ensino Medio,Casado,Blue,14902.0,2,2038,1
716093133,38,F,31,2,Ensino Fundamental,Solteiro,Blue,12228.0,2,3831,0
771092433,55,F,42,2,Mestrado,Solteiro,Blue,1724.0,3,4434,0
712807758,47,F,39,3,Mestrado,Solteiro,Blue,1438.3,3,2476,1
721514883,38,M,25,1,Mestrado,Solteiro,Blue,16665.0,0,4657,0
824140908,52,M,48,3,Ensino Fundamental,Solteiro,Blue,20974.0,3,1246,1
782548758,42,F,36,5,Ensino Medio,Divorciado,Blue,2069.0,2,5668,0
720444408,35,F,25,1,Faculdade,Solteiro,Blue,2231.0,2,2576,1
717389433,62,F,51,0,Ensino Medio,Solteiro,Silver,33371.0,1,3638,0
714292533,48,F,36,3,Faculdade,Casado,Blue,2544.0,1,3593,0
709585758,41,M,28,4,Ensino Medio,Solteiro,Blue,34516.0,1,4004,0
811463283,54,M,42,0,Mestrado,Solteiro,Blue,22437.0,1,3283,0
789358908,53,F,43,3,Faculdade,Casado,Blue,3573.0,2,2562,1
718146258,51,M,41,2,Mestrado,Divorciado,Blue,1959.0,3,3737,0
710779083,59,F,48,0,Mestrado,Casado,Blue,1661.0,3,4338,0
709166883,39,F,27,3,Ensino Fundamental,Solteiro,Blue,5363.0,2,4121,0
712554183,65,F,54,2,Faculdade,Solteiro,Blue,3009.0,3,4070,0
721315233,47,M,32,4,Ensino Medio,Solteiro,Silver,18535.0,3,3780,0
714766383,42,M,24,3,Ensino Medio,Solteiro,Blue,2171.0,3,4992,0
714588408,51,F,43,3,Ensino Fundamental,Casado,Blue,2882.0,3,4446,0
719627133,50,F,37,1,Mestrado,Solteiro,Blue,3277.0,3,3965,0
712865583,57,F,49,5,Mestrado,Casado,Blue,3301.0,2,3939,0
779363283,48,M,34,3,Pos-Graduacao,Solteiro,Blue,12391.0,3,4376,0
779224758,47,F,37,2,Doutorado,Solteiro,Blue,2168.0,3,3828,0
710267583,45,F,33,3,Doutorado,Divorciado,Blue,12587.0,3,3914,0
717531483,37,M,21,2,Ensino Medio,Solteiro,Blue,3433.0,2,4444,0
716056158,63,M,51,0,Mestrado,Solteiro,Blue,11619.0,3,2395,1
711326583,62,F,50,0,Ensino Medio,Solteiro,Blue,3989.0,3,4274,0
712814658,50,F,43,0,Mestrado,Casado,Blue,2393.0,1,4755,0
773228133,39,F,29,2,Mestrado,Casado,Blue,1677.0,2,2437,1
710453283,40,F,27,3,Ensino Fundamental,Solteiro,Blue,2035.0,4,4107,0
795266208,39,M,30,3,Faculdade,Solteiro,Blue,8842.0,2,4493,0
712309758,65,M,49,0,Mestrado,Solteiro,Blue,13921.0,2,4351,0
716625033,32,F,36,1,Mestrado,Solteiro,Blue,2761.0,3,2753,1
790112133,47,F,40,2,Pos-Graduacao,Solteiro,Blue,2623.0,3,4388,0
716782758,48,M,42,3,Mestrado,Solteiro,Blue,19075.0,2,2013,1
715588008,45,M,31,4,Faculdade,Casado,Blue,31978.0,3,2333,0
713977308,62,M,53,1,Mestrado,Solteiro,Blue,34516.0,3,3820,0
708809283,41,F,33,4,Mestrado,Divorciado,Blue,10360.0,3,2414,1
771529608,50,M,38,2,Ensino Medio,Casado,Blue,10747.0,6,4538,0
715776033,46,M,33,5,Ensino Fundamental,Solteiro,Blue,3135.0,1,4116,0
778619358,42,F,22,3,Ensino Fundamental,Solteiro,Blue,1438.3,1,4754,0
789204933,65,M,55,1,Ensino Fundamental,Solteiro,Blue,8963.0,2,4511,0
711100608,55,M,48,1,Ensino Fundamental,Solteiro,Blue,1723.0,2,2574,1
713591283,36,F,23,3,Ensino Fundamental,Casado,Blue,2161.0,6,4389,0
719344608,46,F,27,3,Mestrado,Solteiro,Blue,3901.0,3,4313,0
787659483,58,F,48,1,Doutorado,Casado,Blue,1438.3,2,4223,0
822948708,42,F,38,3,Ensino Fundamental,Divorciado,Blue,3131.0,2,3108,0
710080383,38,F,36,2,Mestrado,Solteiro,Blue,2331.0,2,4417,0
715596783,29,F,18,1,Ensino Fundamental,Casado,Blue,1895.0,3,4333,0
768624258,55,F,49,2,Mestrado,Solteiro,Blue,1583.0,1,2541,1
721412208,57,F,36,2,Ensino Medio,Casado,Blue,1438.3,2,3887,0
708129933,45,F,36,4,Mestrado,Solteiro,Blue,2072.0,3,4210,0
719703483,47,F,37,1,Doutorado,Divorciado,Blue,2707.0,3,4646,0
708290208,43,F,31,3,Ensino Medio,Casado,Silver,13608.0,3,3118,0
816528333,64,F,56,0,Ensino Medio,Solteiro,Blue,2609.0,6,4546,0
778760808,52,F,39,2,Mestrado,Casado,Blue,8431.0,1,2008,0
718025808,61,M,51,0,Ensino Medio,Divorciado,Blue,5852.0,3,3689,0
815860008,40,F,35,3,Ensino Fundamental,Casado,Blue,3140.0,2,5109,0
720135333,45,F,34,5,Mestrado,Solteiro,Blue,8694.0,1,1753,0
821521983,51,F,46,3,Ensino Medio,Solteiro,Blue,2286.0,1,4321,0
716961933,43,F,36,2,Mestrado,Casado,Blue,3589.0,2,4262,0
710622333,39,F,28,2,Ensino Medio,Solteiro,Blue,2751.0,2,4386,0
714277758,40,M,28,1,Ensino Medio,Solteiro,Blue,11557.0,2,4064,0
713166333,38,F,27,2,Ensino Medio,Casado,Blue,14831.0,2,4467,0
714346608,51,F,36,2,Mestrado,Solteiro,Blue,1495.0,1,2220,1
714721608,38,M,29,3,Mestrado,Solteiro,Blue,9703.0,3,4190,0
794967408,53,M,47,3,Pos-Graduacao,Casado,Blue,9106.0,2,3863,0
798481383,40,F,34,3,Ensino Fundamental,Casado,Blue,2694.0,1,2684,1
718697583,45,M,36,3,Mestrado,Divorciado,Blue,19629.0,3,4073,0
711799458,41,M,36,4,Mestrado,Solteiro,Blue,6507.0,1,4544,0
823904133,53,F,49,2,Faculdade,Solteiro,Blue,10195.0,2,2489,1
718005108,44,F,34,5,Faculdade,Casado,Blue,2096.0,1,3692,0
717877533,39,F,36,2,Mestrado,Solteiro,Blue,11314.0,1,3761,0
711883833,50,F,37,1,Ensino Fundamental,Solteiro,Blue,1837.0,1,4752,0
718171308,44,F,36,3,Mestrado,Casado,Blue,1984.0,3,2506,1
709627983,56,F,36,3,Pos-Graduacao,Solteiro,Blue,2535.0,3,4497,0
716580933,63,M,36,0,Ensino Fundamental,Solteiro,Blue,1970.0,3,4533,0
772248408,40,F,29,3,Mestrado,Solteiro,Blue,2694.0,1,3366,0
770024733,53,F,47,2,Ensino Fundamental,Solteiro,Blue,1699.0,2,2520,1
710912733,44,F,36,1,Ensino Fundamental,Casado,Blue,1953.0,2,4590,0
708702258,40,F,36,3,Ensino Fundamental,Solteiro,Blue,3698.0,2,2051,1
797169633,41,M,35,4,Mestrado,Solteiro,Blue,34516.0,3,3127,0
712802733,45,F,36,4,Ensino Medio,Divorciado,Blue,5486.0,1,2965,0
716981358,40,F,32,2,Pos-Graduacao,Casado,Blue,2107.0,3,4858,0
717387933,49,F,36,2,Ensino Medio,Divorciado,Blue,2976.0,3,3837,0
738195708,47,M,40,2,Mestrado,Divorciado,Blue,16741.0,1,3608,0
708560733,42,F,36,3,Mestrado,Divorciado,Blue,3714.0,2,4715,0
717001908,41,F,28,5,Mestrado,Casado,Blue,6936.0,2,2874,1
768972558,43,M,37,5,Ensino Medio,Casado,Blue,11099.0,3,3980,0
716899233,40,F,20,4,Mestrado,Solteiro,Gold,15987.0,4,4542,0
713264583,43,M,23,2,Ensino Medio,Casado,Silver,34516.0,3,4486,0
716769783,48,F,40,2,Mestrado,Casado,Blue,5104.0,2,3943,0
719564208,46,F,30,1,Ensino Fundamental,Solteiro,Blue,7195.0,2,2751,1
716680983,41,F,36,3,Doutorado,Casado,Blue,1956.0,1,4924,0
715719033,38,F,32,3,Pos-Graduacao,Casado,Blue,3317.0,3,3772,0
788246958,44,F,36,2,Mestrado,Casado,Blue,6038.0,1,4375,0
720419358,35,F,36,2,Ensino Fundamental,Solteiro,Blue,2942.0,2,4548,0
772545858,49,F,39,4,Mestrado,Casado,Blue,5095.0,2,3808,0
717800358,48,M,36,3,Ensino Medio,Solteiro,Blue,10111.0,3,4791,0
798041508,50,F,44,4,Mestrado,Solteiro,Blue,3201.0,3,1880,1
718982058,37,M,36,3,Mestrado,Divorciado,Blue,5987.0,2,4011,0
791822733,47,F,41,3,Ensino Medio,Solteiro,Blue,5630.0,1,4904,0
718762308,35,F,36,1,Mestrado,Solteiro,Blue,6622.0,2,3668,0
716841783,51,M,36,0,Mestrado,Casado,Blue,18733.0,2,5080,0
794524833,36,F,18,3,Mestrado,Solteiro,Blue,2265.0,3,4009,0
715014633,32,F,36,0,Ensino Fundamental,Casado,Blue,8791.0,3,2579,1
714372333,59,F,52,0,Doutorado,Casado,Blue,2302.0,4,2256,1
708549033,50,F,32,1,Ensino Medio,Casado,Blue,2055.0,1,5025,0
708378108,39,F,36,1,Pos-Graduacao,Casado,Blue,2147.0,3,4631,0
779320008,43,M,25,3,Faculdade,Casado,Blue,2900.0,3,2180,1
715312158,41,F,29,2,Mestrado,Solteiro,Blue,2670.0,2,3895,0
714393708,54,F,46,0,Faculdade,Casado,Blue,2254.0,2,4913,0
712481733,55,F,36,2,Mestrado,Casado,Blue,1438.3,2,4078,0
780201633,41,F,31,3,Mestrado,Solteiro,Blue,5655.0,3,2189,1
709980783,51,F,36,3,Ensino Medio,Divorciado,Blue,3961.0,3,4066,0
788095158,52,M,44,3,Ensino Fundamental,Casado,Blue,11606.0,3,2623,1
710503308,48,F,29,2,Mestrado,Solteiro,Blue,9554.0,1,4049,0
757167633,50,M,43,2,Ensino Fundamental,Solteiro,Blue,4388.0,3,3836,0
779739783,43,M,28,2,Mestrado,Casado,Blue,19826.0,3,3561,0
758653833,34,F,27,1,Mestrado,Casado,Blue,2173.0,1,4392,0
716855058,49,F,38,4,Mestrado,Casado,Blue,1757.0,2,2557,1
708433683,54,M,37,2,Mestrado,Casado,Blue,3164.0,2,4410,0
713175483,44,F,40,2,Mestrado,Casado,Blue,6022.0,2,3745,0
709500183,46,F,36,3,Faculdade,Casado,Blue,1804.0,3,2077,1
789238683,53,M,42,2,Ensino Fundamental,Divorciado,Blue,22664.0,2,4586,0
710502258,39,M,36,3,Mestrado,Solteiro,Blue,2527.0,3,4598,0
715445058,49,F,40,0,Doutorado,Casado,Blue,3547.0,4,2715,1
719464758,52,F,43,1,Faculdade,Solteiro,Blue,1438.3,2,4219,0
708442158,51,F,38,1,Faculdade,Casado,Blue,6182.0,2,3801,0
717093858,49,F,36,2,Faculdade,Casado,Blue,2154.0,3,3664,0
718924983,59,M,48,0,Ensino Fundamental,Solteiro,Blue,4906.0,1,4833,0
715779333,45,F,36,3,Mestrado,Solteiro,Blue,4753.0,2,3895,0
708117933,44,F,36,2,Mestrado,Divorciado,Blue,1880.0,2,2469,1
789563658,64,M,56,0,Faculdade,Solteiro,Silver,12155.0,4,4618,0
709239483,49,F,36,1,Mestrado,Casado,Blue,2721.0,3,4622,0
766456683,51,F,44,1,Mestrado,Casado,Blue,6160.0,2,3986,0
779703258,41,F,24,4,Mestrado,Solteiro,Blue,2069.0,3,4962,0
709719333,41,M,29,2,Ensino Medio,Solteiro,Blue,28422.0,3,4841,0
717016833,39,M,27,4,Ensino Fundamental,Casado,Blue,1438.3,4,4282,0
711017433,41,M,23,3,Mestrado,Divorciado,Blue,1438.3,2,4416,0
712777233,65,M,48,0,Mestrado,Solteiro,Blue,1671.0,4,2701,1
712706058,44,F,37,5,Mestrado,Solteiro,Blue,1491.0,2,1970,1
806995683,61,M,56,0,Doutorado,Solteiro,Blue,4783.0,1,2870,0
721361433,51,F,37,3,Mestrado,Casado,Blue,4502.0,1,4469,0
789209283,48,F,37,3,Ensino Medio,Solteiro,Blue,4361.0,3,4518,0
715506258,50,M,36,2,Ensino Medio,Casado,Blue,16388.0,2,4477,0
711871758,30,F,36,1,Mestrado,Casado,Blue,2905.0,2,2487,1
772655733,41,M,31,1,Ensino Fundamental,Solteiro,Blue,2404.0,2,4489,0
719519058,55,F,36,4,Ensino Medio,Casado,Blue,1477.0,2,2419,1
716873733,43,F,30,4,Pos-Graduacao,Divorciado,Blue,3556.0,3,2639,1
780383358,48,M,38,3,Mestrado,Casado,Blue,5649.0,1,4683,0
716308683,47,F,36,3,Ensino Medio,Casado,Blue,6524.0,2,4267,0
712303908,47,F,38,4,Faculdade,Casado,Blue,2633.0,1,3407,0
715572783,51,M,31,3,Mestrado,Casado,Blue,7693.0,1,4573,0
713641233,44,F,31,3,Ensino Medio,Solteiro,Blue,10262.0,6,3553,0
779340183,53,F,35,1,Faculdade,Solteiro,Blue,2482.0,2,4295,0
771952683,47,F,36,3,Ensino Medio,Casado,Blue,3035.0,2,3847,0
716639058,51,M,40,2,Mestrado,Solteiro,Blue,26308.0,3,3278,0
713368833,49,M,41,2,Faculdade,Solteiro,Blue,6205.0,3,3906,0
713926308,35,F,36,3,Ensino Fundamental,Solteiro,Blue,2624.0,2,4487,0
720206658,40,F,29,3,Mestrado,Casado,Blue,1479.0,2,1811,1
708720558,44,M,30,3,Faculdade,Casado,Blue,4489.0,2,3773,0
713857758,53,F,36,1,Mestrado,Casado,Blue,5842.0,3,1828,1
710674533,46,M,34,1,Ensino Fundamental,Casado,Blue,15060.0,3,1611,1
752199183,51,F,44,1,Ensino Fundamental,Casado,Blue,3553.0,2,4923,0
789707433,41,F,28,4,Ensino Medio,Solteiro,Blue,2515.0,2,4370,0
779468808,43,M,25,1,Ensino Medio,Casado,Blue,1616.0,3,4961,0
790000608,64,F,56,1,Mestrado,Solteiro,Blue,6723.0,1,3838,0
770917608,42,F,29,1,Ensino Fundamental,Casado,Blue,2756.0,4,4656,0
716307558,50,F,40,3,Ensino Medio,Casado,Blue,2897.0,2,2214,1
719048133,52,F,42,2,Ensino Fundamental,Casado,Blue,5456.0,3,3470,0
771488583,46,F,34,1,Mestrado,Solteiro,Blue,3569.0,2,4186,0
717202908,39,M,29,5,Faculdade,Casado,Blue,34198.0,3,4270,0
720696558,44,M,31,2,Mestrado,Solteiro,Blue,34516.0,2,4485,0
788989083,57,F,44,3,Faculdade,Solteiro,Blue,2817.0,1,4535,0
720398958,53,F,43,1,Ensino Fundamental,Solteiro,Blue,2126.0,2,4340,0
716530533,43,F,36,2,Ensino Fundamental,Solteiro,Blue,2573.0,1,4094,0
708879483,48,F,36,1,Faculdade,Divorciado,Blue,4006.0,3,5006,0
781320783,47,M,41,2,Mestrado,Divorciado,Blue,4586.0,2,2529,1
711657783,50,F,41,2,Faculdade,Solteiro,Blue,1438.3,3,4617,0
719264058,51,F,36,0,Mestrado,Casado,Blue,5862.0,2,4305,0
714100008,47,F,36,2,Faculdade,Casado,Blue,5667.0,2,2176,1
798030933,47,M,41,4,Faculdade,Solteiro,Blue,15594.0,2,4745,0
708223383,47,F,39,3,Ensino Medio,Casado,Blue,11410.0,3,2736,1
708705783,47,M,36,3,Doutorado,Casado,Blue,1584.0,3,2628,1
778949133,44,M,29,1,Ensino Fundamental,Casado,Blue,13298.0,3,3476,0
716842908,41,F,30,5,Ensino Fundamental,Solteiro,Blue,1762.0,2,4986,0
787513533,47,F,36,1,Ensino Fundamental,Casado,Blue,2245.0,3,3344,0
717949983,47,M,36,1,Ensino Fundamental,Casado,Blue,8168.0,2,3554,0
714089658,41,M,36,2,Mestrado,Solteiro,Blue,2238.0,2,2063,1
718863258,54,F,41,2,Doutorado,Casado,Blue,3881.0,2,2463,1
717549408,44,M,36,4,Mestrado,Casado,Blue,20485.0,1,3024,0
807600633,44,F,39,2,Doutorado,Divorciado,Blue,9856.0,4,5408,0
770293758,44,M,38,3,Ensino Medio,Solteiro,Blue,2111.0,1,4830,0
721276383,47,F,33,2,Pos-Graduacao,Divorciado,Blue,5624.0,2,3843,0
708585933,44,F,36,4,Ensino Medio,Solteiro,Blue,1656.0,2,4258,0
713283933,42,M,30,2,Ensino Fundamental,Casado,Blue,3032.0,3,2273,1
714915633,42,M,36,0,Ensino Medio,Solteiro,Blue,15699.0,3,1793,1
709236633,40,F,28,3,Ensino Fundamental,Divorciado,Blue,6608.0,1,4033,0
827948133,47,F,43,3,Mestrado,Solteiro,Blue,5062.0,2,4535,0
718946358,44,M,30,3,Ensino Fundamental,Solteiro,Blue,1547.0,3,4348,0
714400308,60,F,49,0,Ensino Fundamental,Solteiro,Silver,11060.0,1,4545,0
789670533,41,F,26,2,Ensino Medio,Casado,Blue,1438.3,1,4300,0
827074758,42,F,38,3,Ensino Fundamental,Solteiro,Blue,1538.0,1,5228,0
818326083,54,F,49,3,Ensino Medio,Casado,Blue,1438.3,1,4385,0
712292133,45,F,36,3,Faculdade,Casado,Blue,2330.0,2,2107,1
709449333,49,M,40,1,Ensino Medio,Solteiro,Blue,3170.0,2,4097,0
788840283,42,F,26,2,Pos-Graduacao,Divorciado,Blue,2120.0,2,4741,0
716013858,53,M,34,0,Mestrado,Solteiro,Blue,20231.0,1,5002,0
751422258,45,F,38,4,Mestrado,Casado,Blue,5583.0,3,3317,0
715691808,41,F,30,3,Ensino Fundamental,Divorciado,Blue,7764.0,3,3955,0
794273283,51,M,45,3,Ensino Fundamental,Solteiro,Blue,25670.0,3,2709,1
788838033,45,M,29,2,Faculdade,Solteiro,Blue,3841.0,2,2832,1
712778658,52,F,39,3,Mestrado,Casado,Blue,2001.0,3,4238,0
789580908,44,F,37,3,Ensino Medio,Solteiro,Blue,8512.0,2,4056,0
778965183,47,F,30,3,Ensino Fundamental,Divorciado,Blue,5869.0,3,4166,0
789013833,50,M,37,2,Ensino Medio,Casado,Silver,34516.0,2,2118,1
720091083,43,M,31,4,Mestrado,Casado,Blue,6467.0,1,4098,0
709679658,58,F,50,2,Mestrado,Solteiro,Blue,5386.0,3,4846,0
779296908,46,F,28,3,Mestrado,Solteiro,Blue,1438.3,3,5098,0
720682308,59,F,46,0,Ensino Fundamental,Solteiro,Blue,5402.0,1,4770,0
714084483,49,F,36,3,Ensino Fundamental,Solteiro,Blue,3855.0,2,1724,1
789775308,54,F,43,2,Doutorado,Divorciado,Blue,1438.3,1,4880,0
714726858,31,F,36,0,Pos-Graduacao,Divorciado,Blue,4871.0,3,2773,1
710926383,32,F,24,2,Pos-Graduacao,Casado,Blue,1553.0,3,4549,0
717172308,45,F,37,3,Ensino Medio,Casado,Blue,3304.0,2,1731,1
785024808,53,F,47,1,Ensino Medio,Solteiro,Blue,3378.0,2,4464,0
710277183,34,F,27,3,Ensino Fundamental,Solteiro,Blue,2313.0,2,4317,0
714647808,49,F,39,0,Mestrado,Solteiro,Blue,2434.0,3,4628,0
709857033,60,F,50,1,Faculdade,Solteiro,Blue,1438.3,1,4148,0
714283458,40,M,36,2,Faculdade,Solteiro,Blue,14544.0,1,4064,0
804829533,59,M,54,0,Ensino Medio,Solteiro,Blue,24621.0,6,2864,1
720028683,49,F,39,2,Ensino Medio,Casado,Blue,2720.0,3,3806,0
719672283,47,M,39,4,Mestrado,Casado,Silver,33122.0,2,3145,0
719054733,52,F,40,0,Pos-Graduacao,Solteiro,Blue,1438.3,3,4673,0
793336383,47,F,41,1,Ensino Medio,Casado,Blue,2709.0,3,4915,0
795599883,57,F,51,2,Ensino Fundamental,Casado,Blue,2404.0,6,2511,1
715650783,41,M,36,2,Ensino Medio,Casado,Blue,4499.0,2,4906,0
713041683,55,M,36,2,Mestrado,Casado,Blue,4697.0,2,1867,1
713431008,46,F,36,5,Ensino Medio,Casado,Blue,3562.0,3,4198,0
709663608,43,F,36,1,Mestrado,Casado,Blue,1536.0,2,1973,1
754851783,39,M,32,4,Ensino Medio,Casado,Blue,19198.0,2,4423,0
808743558,42,F,37,3,Ensino Medio,Casado,Blue,4540.0,3,4804,0
778905033,45,F,26,5,Mestrado,Divorciado,Blue,1438.3,5,3889,0
720844008,54,F,45,4,Mestrado,Solteiro,Blue,1990.0,2,5216,0
714286383,59,M,36,0,Ensino Medio,Solteiro,Blue,3422.0,3,3337,0
812411058,49,F,44,0,Ensino Fundamental,Solteiro,Blue,2094.0,3,2690,1
712311258,48,F,36,3,Ensino Fundamental,Solteiro,Blue,1906.0,3,4634,0
720384633,48,M,36,3,Ensino Fundamental,Solteiro,Blue,3786.0,3,3403,0
810868758,39,M,34,3,Ensino Fundamental,Casado,Blue,12078.0,1,2384,0
719105433,48,F,38,3,Faculdade,Solteiro,Blue,6448.0,3,4990,0
712160058,59,F,51,2,Ensino Fundamental,Casado,Blue,1438.3,5,2146,1
779130108,33,F,15,0,Ensino Fundamental,Solteiro,Blue,1438.3,2,2527,1
712335858,48,F,36,4,Mestrado,Casado,Blue,2620.0,3,4867,0
789643383,49,M,35,2,Ensino Fundamental,Casado,Blue,13435.0,3,3575,0
717733158,43,F,29,3,Doutorado,Casado,Blue,3186.0,2,4197,0
713205108,42,F,27,4,Mestrado,Casado,Blue,1950.0,1,3873,0
719749083,63,M,54,0,Doutorado,Solteiro,Blue,7098.0,2,3465,0
811762383,42,F,37,2,Mestrado,Casado,Blue,2250.0,2,4908,0
708710283,45,M,36,5,Doutorado,Casado,Silver,34516.0,1,4067,0
708542283,58,F,47,1,Doutorado,Casado,Blue,2495.0,3,4399,0
720667383,39,F,32,2,Ensino Medio,Casado,Blue,3086.0,3,4684,0
822952158,53,F,49,2,Mestrado,Casado,Blue,1520.0,2,4256,0
716922633,38,M,30,2,Ensino Fundamental,Solteiro,Blue,4043.0,3,2600,1
709081683,65,M,54,1,Ensino Medio,Solteiro,Blue,4599.0,1,4208,0
758106108,45,F,38,2,Ensino Fundamental,Solteiro,Blue,7486.0,2,4604,0
711445233,42,F,36,5,Ensino Fundamental,Solteiro,Blue,1438.3,3,4653,0
778912683,51,F,32,2,Mestrado,Solteiro,Blue,8365.0,3,4778,0
780496833,56,F,43,1,Faculdade,Solteiro,Blue,2846.0,2,2122,1
720057183,49,F,42,4,Doutorado,Solteiro,Blue,7789.0,1,3412,0
789081408,44,F,32,4,Ensino Fundamental,Solteiro,Blue,1438.3,3,2527,1
720634683,48,F,37,2,Faculdade,Casado,Blue,2220.0,2,2456,1
719947533,46,F,36,2,Mestrado,Casado,Blue,5547.0,2,4585,0
715452408,37,F,36,2,Mestrado,Divorciado,Blue,1734.0,3,4727,0
788705358,44,M,33,4,Ensino Medio,Casado,Blue,14527.0,1,3965,0
772105608,48,F,37,4,Ensino Fundamental,Solteiro,Blue,2646.0,3,4246,0
718396533,47,M,38,3,Faculdade,Solteiro,Blue,8185.0,3,4527,0
712949733,46,M,37,5,Ensino Medio,Solteiro,Blue,6340.0,2,3536,0
772036233,62,M,51,1,Mestrado,Solteiro,Blue,5711.0,2,4320,0
713285058,46,F,34,3,Doutorado,Solteiro,Blue,2258.0,3,4275,0
710289783,43,F,25,2,Ensino Fundamental,Divorciado,Blue,2086.0,2,2537,1
780390108,44,F,34,3,Faculdade,Casado,Blue,3256.0,1,5079,0
720585183,50,M,35,3,Ensino Medio,Casado,Blue,14854.0,3,3659,0
711831558,49,M,41,4,Faculdade,Divorciado,Blue,7184.0,1,3244,0
717017808,62,M,52,0,Ensino Fundamental,Solteiro,Blue,9065.0,1,4693,0
823615983,54,M,50,2,Ensino Fundamental,Solteiro,Blue,3682.0,1,1642,1
807587433,56,F,51,2,Doutorado,Casado,Blue,1438.3,6,2229,1
709987683,46,F,36,4,Mestrado,Casado,Blue,2286.0,3,2798,1
714435408,57,M,38,3,Ensino Medio,Solteiro,Blue,12663.0,3,3297,0
718994583,48,F,35,2,Faculdade,Solteiro,Blue,1438.3,3,4777,0
793616883,39,F,33,5,Mestrado,Solteiro,Blue,1438.3,2,5205,0
779978283,45,F,34,3,Ensino Medio,Casado,Blue,5056.0,2,4428,0
713370033,53,F,40,0,Mestrado,Solteiro,Blue,1438.3,1,2014,1
778830933,40,M,21,3,Mestrado,Casado,Blue,1804.0,2,5308,0
736145283,43,M,24,2,Faculdade,Casado,Blue,1669.0,1,3591,0
778718658,33,F,15,2,Ensino Medio,Divorciado,Blue,9725.0,3,4062,0
719482008,45,M,35,1,Ensino Fundamental,Solteiro,Blue,21696.0,3,3354,0
715004808,49,F,39,2,Ensino Medio,Casado,Blue,2992.0,3,4339,0
720014358,38,F,26,1,Doutorado,Solteiro,Blue,1934.0,2,4019,0
718208358,43,M,31,5,Ensino Fundamental,Casado,Blue,34516.0,3,3789,0
713380308,42,F,36,4,Ensino Fundamental,Solteiro,Blue,1734.0,2,4092,0
716477133,42,F,32,4,Ensino Fundamental,Solteiro,Blue,1438.3,3,3910,0
713949858,39,F,36,2,Doutorado,Casado,Blue,1438.3,3,1674,1
827619933,48,M,44,2,Ensino Fundamental,Solteiro,Blue,9673.0,1,3541,0
779135808,56,F,38,2,Doutorado,Solteiro,Blue,3609.0,1,4318,0
719751483,39,F,36,2,Ensino Fundamental,Solteiro,Blue,1438.3,3,2567,1
708219858,39,M,26,2,Mestrado,Solteiro,Blue,6423.0,3,4295,0
779681433,48,F,31,3,Mestrado,Casado,Blue,14899.0,3,1519,1
720169383,52,F,41,2,Faculdade,Casado,Blue,3224.0,1,3707,0
718056033,44,F,34,3,Ensino Medio,Casado,Blue,4135.0,3,3334,0
822902508,41,F,37,3,Faculdade,Solteiro,Blue,8376.0,3,4015,0
715502808,42,M,36,3,Ensino Medio,Casado,Blue,25944.0,3,4442,0
788755158,49,M,29,3,Ensino Medio,Casado,Blue,1438.3,3,3016,0
780038058,38,F,22,0,Ensino Medio,Solteiro,Blue,1556.0,2,2283,1
709536483,57,M,49,3,Mestrado,Casado,Blue,8701.0,0,1999,1
712563408,33,M,18,2,Ensino Fundamental,Solteiro,Blue,5600.0,1,2296,1
708145908,61,F,50,0,Mestrado,Casado,Blue,4906.0,3,3999,0
717755058,41,F,36,4,Doutorado,Solteiro,Blue,2687.0,3,4096,0
789109983,40,F,28,3,Ensino Medio,Divorciado,Blue,4464.0,1,3870,0
802600233,51,F,45,2,Mestrado,Solteiro,Blue,1438.3,1,4124,0
720449208,34,F,16,1,Faculdade,Casado,Blue,2221.0,1,4758,0
719557983,42,M,36,4,Ensino Fundamental,Casado,Blue,2966.0,3,4416,0
766111383,38,F,31,2,Ensino Medio,Casado,Blue,1593.0,2,4136,0
789367083,41,F,31,2,Ensino Fundamental,Solteiro,Blue,2450.0,3,3778,0
710538183,53,F,42,3,Mestrado,Divorciado,Blue,1529.0,2,4220,0
708534033,45,F,36,3,Mestrado,Solteiro,Blue,6274.0,2,4726,0
788940558,41,F,27,3,Mestrado,Casado,Blue,2134.0,1,4224,0
714722808,50,M,33,1,Faculdade,Casado,Blue,17158.0,3,4153,0
713249883,51,F,36,2,Ensino Fundamental,Casado,Blue,3359.0,3,4572,0
714207483,47,M,41,3,Mestrado,Casado,Blue,11997.0,1,4125,0
720068808,41,F,32,2,Mestrado,Casado,Blue,3302.0,3,3899,0
778601733,55,F,47,3,Ensino Medio,Solteiro,Blue,2687.0,4,2370,1
709779258,53,F,43,3,Pos-Graduacao,Casado,Blue,1438.3,3,4075,0
713696808,46,F,39,3,Ensino Medio,Casado,Blue,1801.0,3,2252,1
720044658,53,M,46,1,Pos-Graduacao,Solteiro,Blue,4573.0,2,2720,1
716373483,48,F,40,5,Mestrado,Casado,Blue,2860.0,3,1544,1
714305508,46,F,36,3,Ensino Fundamental,Casado,Blue,13387.0,3,3706,0
712202433,46,F,36,2,Ensino Medio,Solteiro,Blue,2283.0,3,3687,0
778372158,49,F,33,5,Ensino Medio,Casado,Blue,2506.0,3,4747,0
714176133,47,F,36,1,Ensino Fundamental,Solteiro,Blue,1438.3,2,4220,0
715765758,54,F,41,2,Ensino Fundamental,Solteiro,Blue,1438.3,2,4217,0
803097333,41,M,35,2,Mestrado,Casado,Blue,10873.0,3,5089,0
710411358,39,F,28,4,Faculdade,Casado,Blue,7596.0,2,2164,1
715660308,54,F,44,3,Faculdade,Casado,Blue,2921.0,3,2612,1
711866358,42,F,30,3,Ensino Medio,Solteiro,Blue,10136.0,2,4429,0
710738883,52,F,36,3,Ensino Medio,Casado,Blue,2187.0,2,4222,0
717822108,60,F,48,0,Ensino Fundamental,Solteiro,Blue,3302.0,2,4613,0
714407058,40,M,29,3,Ensino Fundamental,Divorciado,Blue,30997.0,2,3821,0
710744433,48,F,38,1,Ensino Fundamental,Solteiro,Blue,2578.0,2,4077,0
713320008,48,M,37,3,Mestrado,Solteiro,Blue,3034.0,3,4172,0
716256483,50,F,36,2,Mestrado,Solteiro,Blue,2611.0,2,4232,0
712364283,54,F,43,2,Doutorado,Casado,Blue,2222.0,3,3960,0
714620358,37,F,30,2,Mestrado,Divorciado,Blue,3328.0,3,2196,1
709787733,54,F,48,4,Faculdade,Solteiro,Blue,9723.0,2,4043,0
809071083,60,F,55,1,Mestrado,Solteiro,Blue,2346.0,1,4592,0
721165608,51,M,36,2,Mestrado,Casado,Silver,26142.0,6,3969,0
716668308,39,F,36,4,Ensino Medio,Solteiro,Blue,12405.0,2,3151,1
708760458,47,M,36,1,Ensino Medio,Solteiro,Blue,17655.0,3,3692,0
789212883,30,F,19,1,Ensino Fundamental,Divorciado,Blue,1644.0,1,2533,1
711341433,34,F,24,2,Mestrado,Solteiro,Blue,3095.0,3,3901,0
716890533,49,F,36,2,Ensino Fundamental,Solteiro,Blue,2182.0,2,5377,0
718542858,50,M,36,1,Ensino Medio,Casado,Blue,10588.0,3,4623,0
717750858,32,F,16,2,Pos-Graduacao,Solteiro,Blue,2973.0,3,3769,0
712450008,50,F,36,2,Pos-Graduacao,Casado,Blue,4045.0,2,2438,1
827628408,40,M,36,4,Mestrado,Casado,Blue,2165.0,3,3672,0
713492583,34,F,29,2,Mestrado,Casado,Blue,5845.0,2,2308,1
788770908,45,M,26,4,Faculdade,Casado,Blue,3035.0,2,4275,0
710175783,45,F,25,3,Ensino Medio,Solteiro,Blue,1986.0,2,4303,0
715429608,45,F,37,3,Faculdade,Casado,Blue,4602.0,3,3520,0
714058308,43,F,36,5,Ensino Fundamental,Solteiro,Blue,2689.0,3,1941,1
709265208,47,F,37,4,Mestrado,Solteiro,Blue,1438.3,3,4422,0
713114133,42,F,23,2,Ensino Fundamental,Solteiro,Blue,1443.0,2,2092,1
721349883,51,F,39,4,Mestrado,Solteiro,Blue,2847.0,2,3672,0
758965158,44,M,37,5,Ensino Medio,Solteiro,Blue,15638.0,2,4396,0
749722908,43,M,36,2,Pos-Graduacao,Casado,Blue,10700.0,3,4054,0
709495833,44,F,36,2,Mestrado,Solteiro,Blue,1438.3,2,1944,1
717575958,50,F,41,1,Pos-Graduacao,Casado,Blue,1694.0,3,2349,1
714406158,53,F,36,3,Ensino Medio,Divorciado,Blue,7939.0,3,2269,1
767243208,42,F,35,3,Mestrado,Solteiro,Blue,2555.0,2,4193,0
720190908,59,M,51,1,Ensino Medio,Solteiro,Blue,8973.0,2,4699,0
719794383,60,F,41,2,Faculdade,Casado,Blue,4167.0,2,5039,0
709766808,49,F,36,2,Ensino Fundamental,Casado,Blue,5099.0,3,3819,0
709666908,42,F,36,4,Mestrado,Divorciado,Blue,2782.0,3,4669,0
794653983,44,F,27,3,Mestrado,Casado,Blue,1480.0,1,5245,0
716593533,56,M,45,1,Ensino Medio,Solteiro,Blue,5070.0,1,3651,0
712225008,55,M,44,2,Mestrado,Casado,Blue,6054.0,6,3998,0
711751533,47,F,37,4,Mestrado,Casado,Blue,2447.0,1,4784,0
708367908,56,F,47,1,Ensino Fundamental,Casado,Blue,3022.0,1,4390,0
714951858,44,F,36,2,Mestrado,Casado,Blue,4473.0,1,4047,0
718984533,37,M,29,3,Mestrado,Solteiro,Blue,7199.0,2,4552,0
716982483,49,F,38,2,Mestrado,Casado,Blue,1438.3,4,4497,0
711468708,38,F,31,4,Ensino Medio,Solteiro,Blue,1438.3,3,1986,1
721189008,41,M,27,4,Mestrado,Casado,Blue,12270.0,2,4578,0
712867983,54,F,43,2,Ensino Fundamental,Solteiro,Blue,3006.0,1,5177,0
713814408,39,M,36,2,Ensino Fundamental,Solteiro,Blue,7901.0,2,3667,0
716671983,38,M,29,0,Ensino Medio,Solteiro,Blue,5983.0,3,4141,0
708252108,64,M,53,0,Faculdade,Solteiro,Blue,7362.0,3,4065,0
717212958,55,M,36,2,Doutorado,Solteiro,Blue,3046.0,3,3153,0
713048733,50,M,40,2,Ensino Fundamental,Casado,Blue,34516.0,1,4054,0
779841483,55,F,39,1,Doutorado,Casado,Blue,12972.0,3,2238,1
710701233,44,F,37,5,Mestrado,Solteiro,Blue,17785.0,1,3890,0
718837683,55,M,49,2,Ensino Medio,Solteiro,Blue,3029.0,3,2394,0
718127958,58,M,36,0,Mestrado,Divorciado,Blue,9097.0,2,4174,0
718685358,51,F,44,2,Ensino Fundamental,Solteiro,Blue,1438.3,1,4488,0
711197658,53,F,43,1,Pos-Graduacao,Solteiro,Blue,2618.0,1,4198,0
709045683,42,F,30,3,Ensino Fundamental,Casado,Blue,3549.0,2,3921,0
708272808,45,M,36,5,Mestrado,Solteiro,Blue,2718.0,2,3542,0
720292983,60,F,51,0,Mestrado,Casado,Blue,2230.0,1,4929,0
709112508,42,F,36,3,Faculdade,Solteiro,Blue,3802.0,3,2165,1
712840608,55,F,43,2,Ensino Fundamental,Casado,Blue,2736.0,2,4078,0
788920308,51,F,37,2,Ensino Medio,Casado,Blue,2258.0,2,4368,0
718160358,51,F,39,1,Mestrado,Casado,Blue,1438.3,3,2492,1
712885533,50,M,31,4,Mestrado,Casado,Blue,11882.0,3,3291,0
719268333,49,F,36,3,Ensino Fundamental,Casado,Blue,1438.3,3,4205,0
721004133,38,F,25,2,Mestrado,Solteiro,Blue,1438.3,2,4093,0
714103908,54,F,36,3,Doutorado,Solteiro,Blue,2778.0,2,4515,0
771502383,54,F,42,1,Ensino Medio,Casado,Blue,2474.0,5,4884,0
713980383,49,F,38,3,Mestrado,Solteiro,Blue,11025.0,2,1902,1
711294258,43,F,38,1,Mestrado,Solteiro,Blue,2642.0,3,4780,0
719954733,43,M,28,2,Mestrado,Casado,Blue,30357.0,6,4435,0
711561933,57,F,47,1,Ensino Fundamental,Divorciado,Blue,2201.0,6,4256,0
716929233,43,F,24,3,Pos-Graduacao,Solteiro,Blue,5182.0,3,5235,0
709014558,49,M,42,2,Ensino Fundamental,Casado,Blue,3783.0,3,4383,0
710636208,51,M,40,3,Ensino Fundamental,Casado,Blue,34516.0,5,3847,0
718746933,56,F,47,3,Ensino Medio,Casado,Blue,2865.0,3,3441,0
715686183,46,F,34,4,Mestrado,Solteiro,Blue,2711.0,2,4795,0
801056358,51,M,45,1,Ensino Medio,Solteiro,Blue,13287.0,1,3851,0
709486158,33,F,20,3,Mestrado,Casado,Blue,1438.3,1,4530,0
803342358,55,M,49,3,Mestrado,Casado,Blue,5668.0,1,3382,0
780292683,55,M,41,1,Ensino Fundamental,Solteiro,Blue,24542.0,4,984,1
788646858,41,F,29,3,Mestrado,Casado,Blue,1959.0,3,4275,0
711116133,50,F,37,1,Ensino Fundamental,Solteiro,Blue,1838.0,2,2461,1
789097833,39,F,27,0,Ensino Medio,Solteiro,Blue,3927.0,3,4230,0
709443633,38,F,26,1,Ensino Fundamental,Casado,Blue,4345.0,1,4770,0
713096583,40,F,36,1,Ensino Medio,Solteiro,Blue,1438.3,3,2294,1
721033908,58,M,46,1,Ensino Fundamental,Solteiro,Blue,2541.0,3,4552,0
756025233,43,F,36,4,Ensino Fundamental,Solteiro,Blue,2422.0,3,2437,1
711977508,56,F,43,2,Ensino Fundamental,Solteiro,Blue,1440.0,2,2141,1
772076208,58,M,47,4,Faculdade,Solteiro,Blue,26108.0,3,3677,0
710666583,29,F,36,1,Ensino Fundamental,Solteiro,Blue,2516.0,2,2321,1
712369308,48,F,35,4,Doutorado,Divorciado,Blue,3646.0,3,1969,1
794784633,61,F,55,0,Ensino Fundamental,Solteiro,Blue,2214.0,1,4478,0
716437533,51,M,43,2,Faculdade,Solteiro,Blue,11862.0,3,4101,0
715109508,44,F,36,3,Faculdade,Casado,Blue,8729.0,1,5347,0
795392433,35,F,29,2,Ensino Fundamental,Solteiro,Blue,2423.0,1,4651,0
712721358,48,F,36,3,Ensino Fundamental,Divorciado,Blue,4073.0,3,2059,1
720118908,26,M,36,0,Mestrado,Casado,Blue,9916.0,2,3477,0
799486158,39,F,29,1,Mestrado,Casado,Blue,1438.3,2,4222,0
718980633,38,M,36,2,Faculdade,Casado,Blue,6452.0,3,4835,0
717336408,51,F,45,1,Doutorado,Solteiro,Blue,1952.0,3,2452,1
709546608,37,F,36,2,Ensino Fundamental,Casado,Blue,1438.3,5,4803,0
823624158,53,F,49,2,Doutorado,Solteiro,Blue,4500.0,2,4579,0
771688983,53,F,41,2,Ensino Medio,Solteiro,Blue,2252.0,1,4201,0
708701358,39,F,36,2,Ensino Fundamental,Solteiro,Blue,2370.0,2,4000,0
712048008,56,F,44,4,Ensino Medio,Solteiro,Blue,2610.0,2,4127,0
716626008,51,F,36,2,Mestrado,Divorciado,Blue,5062.0,3,4243,0
717414933,51,F,45,1,Ensino Medio,Solteiro,Blue,2918.0,3,3818,0
713032233,53,F,36,2,Mestrado,Solteiro,Blue,2708.0,1,4812,0
714234858,54,F,36,3,Ensino Medio,Casado,Blue,3666.0,1,4735,0
714818058,36,F,30,4,Ensino Medio,Casado,Blue,1438.3,3,4591,0
708731658,53,F,41,0,Ensino Medio,Casado,Blue,1438.3,3,1587,1
708706833,39,F,36,3,Ensino Fundamental,Divorciado,Blue,2809.0,3,2466,1
780100533,46,M,31,3,Mestrado,Casado,Blue,26303.0,2,3586,0
711712983,56,M,46,2,Mestrado,Solteiro,Blue,15982.0,2,4503,0
712549758,40,F,25,4,Mestrado,Casado,Blue,25060.0,2,3749,0
713348433,42,F,29,3,Ensino Medio,Solteiro,Blue,1545.0,3,4477,0
820599333,43,F,38,5,Mestrado,Solteiro,Blue,1438.3,2,4469,0
778343958,47,F,27,3,Mestrado,Casado,Blue,1451.0,3,3866,0
788407833,49,F,42,4,Mestrado,Solteiro,Blue,16424.0,3,4025,0
760807608,48,F,41,4,Ensino Fundamental,Casado,Blue,2340.0,3,4751,0
771108933,47,F,34,4,Mestrado,Casado,Blue,1926.0,3,4385,0
715954158,48,M,36,3,Pos-Graduacao,Casado,Blue,2954.0,2,2433,1
715499058,36,F,36,2,Ensino Medio,Casado,Blue,1848.0,3,2775,1
718736883,49,F,36,3,Ensino Fundamental,Solteiro,Blue,4328.0,1,3421,0
721045608,51,F,32,3,Ensino Medio,Casado,Blue,2943.0,3,4554,0
795823383,43,F,37,4,Mestrado,Solteiro,Blue,2419.0,1,3888,0
718338708,49,F,38,1,Mestrado,Casado,Blue,5481.0,2,3380,0
709199358,60,M,36,1,Ensino Fundamental,Casado,Blue,3316.0,3,1684,1
821889858,50,F,46,1,Doutorado,Solteiro,Blue,1970.0,4,2493,1
815324433,46,F,41,4,Ensino Medio,Casado,Blue,1438.3,3,4200,0
793656633,35,F,29,3,Ensino Fundamental,Casado,Blue,2278.0,3,5101,0
711493158,52,M,36,3,Mestrado,Solteiro,Blue,2801.0,2,4926,0
721163133,44,M,36,2,Mestrado,Solteiro,Blue,28292.0,3,3948,0
826417233,35,F,31,4,Faculdade,Casado,Blue,2933.0,3,5089,0
711619608,45,M,36,3,Mestrado,Casado,Blue,21630.0,3,4584,0
709638783,50,F,43,1,Ensino Medio,Casado,Blue,2961.0,3,4056,0
720296808,52,F,39,3,Mestrado,Casado,Blue,4173.0,3,2554,1
718926258,37,F,28,1,Ensino Medio,Solteiro,Blue,2458.0,3,4627,0
714706083,44,M,36,2,Faculdade,Casado,Blue,12229.0,3,4284,0
721473783,35,F,21,3,Mestrado,Casado,Blue,2272.0,1,4614,0
712230408,42,M,37,4,Ensino Fundamental,Casado,Blue,6953.0,2,3700,0
716186883,48,F,37,4,Faculdade,Casado,Blue,1792.0,6,4120,0
715204083,47,F,36,4,Doutorado,Solteiro,Blue,2765.0,2,4990,0
817887408,39,F,34,1,Ensino Fundamental,Solteiro,Blue,6904.0,1,3485,0
789481233,39,M,30,2,Ensino Medio,Casado,Blue,2220.0,3,2859,1
718184883,48,F,34,3,Ensino Medio,Casado,Blue,1495.0,2,3878,0
709837308,34,F,19,3,Mestrado,Solteiro,Blue,7531.0,1,3833,0
718399233,43,F,36,4,Faculdade,Solteiro,Blue,1531.0,3,4152,0
779447358,50,F,32,2,Mestrado,Casado,Blue,2884.0,3,4486,0
789114408,50,F,38,1,Pos-Graduacao,Solteiro,Blue,4182.0,1,4693,0
710570058,44,F,25,1,Mestrado,Solteiro,Blue,3101.0,2,2512,1
712681608,54,F,36,3,Ensino Fundamental,Solteiro,Blue,4542.0,4,4011,0
709086933,40,F,22,3,Faculdade,Solteiro,Blue,3372.0,2,4209,0
709179708,40,M,36,2,Mestrado,Divorciado,Blue,3099.0,1,3622,0
711206958,41,F,31,3,Ensino Medio,Divorciado,Blue,2416.0,1,4163,0
823928058,52,F,48,2,Ensino Fundamental,Casado,Blue,5299.0,2,4509,0
796330983,41,F,35,4,Mestrado,Solteiro,Blue,2138.0,1,4785,0
788846508,48,F,32,4,Ensino Fundamental,Casado,Blue,2690.0,1,4567,0
802247658,59,M,53,2,Ensino Fundamental,Solteiro,Blue,2699.0,5,2599,1
795573333,41,M,35,3,Ensino Medio,Casado,Blue,8376.0,2,4142,0
720377433,38,F,36,3,Mestrado,Casado,Blue,2396.0,2,4593,0
711243108,50,M,36,1,Doutorado,Casado,Blue,18964.0,3,3835,0
789351783,40,F,30,5,Mestrado,Casado,Blue,2114.0,2,4518,0
719699208,39,F,36,4,Ensino Fundamental,Solteiro,Blue,1623.0,3,4423,0
720774183,40,F,30,1,Ensino Medio,Divorciado,Blue,2579.0,2,4300,0
713590158,41,M,34,4,Mestrado,Solteiro,Blue,5045.0,2,2042,1
715547058,35,F,36,0,Mestrado,Casado,Blue,2089.0,3,2707,1
815596608,48,F,43,5,Ensino Fundamental,Casado,Blue,2866.0,1,4615,0
720031908,55,M,36,2,Doutorado,Casado,Blue,4370.0,1,4326,0
819969933,43,F,38,2,Ensino Medio,Solteiro,Blue,5070.0,2,4193,0
714382608,35,F,36,2,Mestrado,Casado,Blue,2572.0,2,4315,0
720092283,40,F,31,3,Mestrado,Solteiro,Blue,2016.0,2,4379,0
713447583,48,F,36,3,Ensino Medio,Solteiro,Blue,3871.0,3,5480,0
716107158,32,F,20,0,Mestrado,Solteiro,Blue,3983.0,1,3098,1
712713108,61,F,36,0,Mestrado,Casado,Blue,2035.0,2,4802,0
719245083,53,F,39,1,Ensino Fundamental,Solteiro,Blue,1773.0,3,4087,0
708269583,42,F,28,3,Ensino Fundamental,Divorciado,Blue,2029.0,2,4014,0
720234708,45,M,33,2,Ensino Medio,Solteiro,Blue,15490.0,3,2429,1
709436883,56,F,48,2,Ensino Fundamental,Solteiro,Blue,2941.0,2,5000,0
716136333,40,F,24,4,Ensino Fundamental,Solteiro,Blue,4212.0,2,2725,1
715031433,57,M,36,2,Mestrado,Casado,Blue,6248.0,3,4664,0
810667158,40,M,35,2,Ensino Medio,Divorciado,Blue,2430.0,1,4344,0
809937933,42,F,37,3,Mestrado,Casado,Blue,2470.0,3,4384,0
708997833,49,F,39,4,Doutorado,Solteiro,Blue,3255.0,3,4045,0
708754833,48,F,40,3,Ensino Fundamental,Solteiro,Blue,2827.0,4,4583,0
788638908,43,F,30,2,Mestrado,Divorciado,Blue,2351.0,2,4278,0
715607958,45,F,36,2,Mestrado,Casado,Blue,4202.0,1,4385,0
708515358,40,F,36,1,Ensino Medio,Casado,Blue,4712.0,3,4216,0
716357058,53,M,36,3,Ensino Fundamental,Solteiro,Blue,2611.0,3,2955,0
716822583,39,F,36,2,Ensino Medio,Solteiro,Blue,5245.0,2,3648,0
721109358,39,M,27,3,Ensino Medio,Casado,Blue,2583.0,2,4162,0
715492983,40,M,36,3,Pos-Graduacao,Casado,Blue,7464.0,2,4348,0
712234308,54,F,36,3,Mestrado,Casado,Blue,4928.0,1,4767,0
708334158,46,F,34,3,Mestrado,Divorciado,Blue,9863.0,2,3068,0
793345008,44,F,38,3,Ensino Fundamental,Solteiro,Blue,1438.3,1,4287,0
715487733,44,F,36,4,Mestrado,Casado,Blue,1452.0,3,2287,1
788856408,50,F,34,5,Ensino Fundamental,Casado,Blue,3317.0,5,4264,0
708154833,39,F,27,2,Mestrado,Solteiro,Blue,1438.3,3,2336,1
721147383,37,F,22,2,Ensino Medio,Solteiro,Blue,2448.0,2,4087,0
788941983,36,F,22,3,Mestrado,Solteiro,Blue,2013.0,3,2425,1
715603233,53,F,42,3,Ensino Fundamental,Casado,Blue,2293.0,1,4436,0
709945458,52,M,40,3,Ensino Fundamental,Solteiro,Blue,1438.3,1,4791,0
768167358,37,M,31,4,Doutorado,Solteiro,Blue,1702.0,3,4301,0
721384308,39,F,36,1,Ensino Fundamental,Casado,Blue,3272.0,1,4763,0
713610933,40,F,26,2,Ensino Fundamental,Casado,Blue,2708.0,2,4277,0
714257958,41,F,31,3,Doutorado,Solteiro,Blue,1738.0,2,4220,0
720204558,45,F,36,2,Ensino Medio,Casado,Blue,1640.0,1,4597,0
779635533,38,F,21,3,Mestrado,Solteiro,Blue,2348.0,1,5125,0
756691608,37,F,30,3,Mestrado,Casado,Blue,4554.0,3,4816,0
826266483,39,F,35,2,Faculdade,Solteiro,Blue,10600.0,2,4586,0
787596558,50,M,23,1,Ensino Fundamental,Casado,Blue,7116.0,2,4748,0
803205258,51,F,45,3,Mestrado,Solteiro,Blue,2420.0,3,4348,0
716041908,54,F,43,1,Ensino Medio,Solteiro,Blue,2082.0,2,4383,0
828227433,50,M,46,2,Ensino Medio,Solteiro,Blue,5626.0,2,4957,0
714487458,49,F,40,5,Mestrado,Divorciado,Blue,2920.0,4,2306,1
711390333,59,M,46,0,Pos-Graduacao,Casado,Blue,6526.0,4,2331,1
787974108,37,F,27,1,Ensino Medio,Solteiro,Blue,1793.0,2,2374,1
788752833,52,F,32,2,Ensino Medio,Divorciado,Blue,2427.0,3,3857,0
773108958,55,F,48,2,Ensino Fundamental,Casado,Blue,3011.0,1,4439,0
782437008,41,F,35,3,Faculdade,Casado,Blue,2255.0,2,4717,0
710729358,40,F,30,2,Ensino Medio,Solteiro,Blue,6479.0,3,2539,1
827423433,41,F,37,4,Mestrado,Divorciado,Blue,7492.0,1,3668,0
779219208,38,F,28,2,Ensino Medio,Solteiro,Blue,1744.0,1,4811,0
712342833,52,F,36,2,Mestrado,Casado,Blue,5905.0,3,4042,0
721121283,37,F,24,2,Mestrado,Solteiro,Blue,2573.0,1,4289,0
716614683,49,M,36,3,Faculdade,Solteiro,Gold,34516.0,3,3847,0
789942033,43,M,34,4,Mestrado,Solteiro,Blue,10573.0,3,2237,1
740784258,47,F,40,2,Faculdade,Solteiro,Blue,1789.0,3,4191,0
768141558,51,M,45,3,Faculdade,Solteiro,Blue,3272.0,3,4220,0
717179508,33,F,26,0,Mestrado,Solteiro,Blue,2382.0,1,4011,0
716520033,52,M,36,2,Pos-Graduacao,Casado,Blue,1981.0,4,4639,0
783625008,51,M,45,2,Pos-Graduacao,Solteiro,Blue,22294.0,2,3444,0
769330908,49,F,43,4,Ensino Medio,Casado,Blue,2574.0,3,4134,0
789396783,30,F,20,0,Ensino Medio,Solteiro,Blue,2112.0,3,4729,0
770753733,42,F,28,5,Faculdade,Solteiro,Blue,3044.0,3,4854,0
712659408,57,M,45,1,Ensino Medio,Casado,Blue,2721.0,3,4578,0
779655183,48,M,31,4,Faculdade,Solteiro,Blue,5033.0,1,4054,0
713345508,43,F,36,2,Ensino Medio,Solteiro,Blue,2325.0,3,4471,0
711379083,60,F,42,0,Doutorado,Solteiro,Blue,2758.0,3,5124,0
789144633,45,M,34,1,Mestrado,Casado,Blue,9705.0,2,2001,0
708393633,41,F,31,0,Ensino Medio,Casado,Blue,2685.0,2,4625,0
708657033,60,F,54,2,Faculdade,Solteiro,Blue,2694.0,3,3837,0
717949008,40,F,29,4,Ensino Medio,Solteiro,Blue,1554.0,2,2341,1
718243533,48,M,36,3,Pos-Graduacao,Divorciado,Blue,2648.0,3,3880,0
779754408,44,M,33,3,Mestrado,Solteiro,Blue,2477.0,2,4349,0
794866983,51,F,45,1,Doutorado,Casado,Blue,7336.0,2,3812,0
711832533,42,M,32,3,Ensino Medio,Solteiro,Silver,34516.0,3,3748,0
788552658,46,F,30,4,Ensino Fundamental,Casado,Blue,2479.0,3,4562,0
715415508,42,F,36,4,Mestrado,Solteiro,Blue,9396.0,3,4301,0
712734933,43,F,36,2,Faculdade,Casado,Blue,4020.0,2,1952,1
711796683,50,F,38,2,Mestrado,Solteiro,Blue,7398.0,4,4311,0
709407933,51,M,38,3,Ensino Medio,Solteiro,Silver,34516.0,3,4544,0
810493458,52,F,47,1,Ensino Fundamental,Solteiro,Blue,4058.0,1,4388,0
720494058,51,F,25,2,Faculdade,Casado,Blue,3042.0,3,4781,0
717050883,60,F,36,1,Ensino Medio,Solteiro,Blue,2688.0,2,4183,0
715659333,43,F,36,4,Ensino Medio,Solteiro,Blue,4902.0,3,4508,0
720175008,48,F,34,2,Doutorado,Casado,Blue,5069.0,1,4055,0
713334483,46,M,32,1,Pos-Graduacao,Solteiro,Blue,8766.0,2,2263,1
708360108,50,M,41,1,Faculdade,Solteiro,Blue,2800.0,1,4869,0
720676158,34,F,21,4,Ensino Fundamental,Solteiro,Blue,9005.0,3,5223,0
716631708,56,M,36,2,Ensino Medio,Casado,Blue,2713.0,3,4027,0
713025558,53,F,38,5,Doutorado,Solteiro,Blue,1438.3,2,1935,1
710506683,47,F,39,4,Ensino Medio,Solteiro,Blue,1746.0,1,4543,0
712428333,49,M,41,3,Ensino Fundamental,Solteiro,Blue,2930.0,3,4041,0
718041033,47,F,36,4,Mestrado,Casado,Blue,2178.0,1,5363,0
709169133,35,F,23,1,Ensino Medio,Casado,Blue,1438.3,3,3995,0
718164858,42,F,34,4,Pos-Graduacao,Casado,Blue,2021.0,3,4642,0
809565183,52,F,47,1,Mestrado,Solteiro,Blue,1842.0,3,2650,1
778377183,49,M,29,3,Mestrado,Solteiro,Blue,18284.0,2,4846,0
712845258,41,M,33,2,Ensino Fundamental,Casado,Gold,34516.0,3,4161,0
787441383,52,F,37,0,Mestrado,Casado,Blue,1793.0,1,3989,0
711345258,52,F,44,2,Ensino Medio,Casado,Blue,5731.0,3,4751,0
713685033,44,F,33,2,Mestrado,Casado,Blue,2417.0,2,1848,1
718205283,48,F,37,3,Faculdade,Solteiro,Blue,1438.3,3,5035,0
708337683,51,M,40,2,Ensino Fundamental,Solteiro,Blue,21800.0,2,3820,0
720941433,53,F,41,3,Ensino Medio,Casado,Blue,1547.0,3,2312,1
710201058,46,F,38,4,Mestrado,Casado,Blue,1485.0,3,4198,0
785218458,44,M,38,2,Mestrado,Casado,Blue,2505.0,1,4333,0
708846183,48,M,30,4,Faculdade,Solteiro,Blue,3307.0,2,4006,0
810586833,38,F,33,3,Mestrado,Divorciado,Blue,29638.0,2,3429,0
711151383,34,F,26,1,Pos-Graduacao,Solteiro,Blue,2066.0,2,2157,1
772063308,45,M,34,2,Mestrado,Solteiro,Blue,13362.0,1,4155,0
718574808,33,F,17,2,Mestrado,Solteiro,Blue,2431.0,3,4327,0
717131283,43,F,34,4,Ensino Medio,Divorciado,Blue,6034.0,1,4712,0
716831508,47,F,34,3,Ensino Medio,Solteiro,Blue,1963.0,1,3492,0
813234108,45,F,40,3,Ensino Fundamental,Casado,Blue,2922.0,1,3895,0
711027183,50,M,45,4,Faculdade,Solteiro,Blue,6943.0,3,4946,0
718812708,57,M,44,2,Mestrado,Solteiro,Blue,34516.0,3,1882,1
709505808,45,F,33,3,Faculdade,Solteiro,Blue,4345.0,3,1918,1
711267633,50,F,40,3,Mestrado,Divorciado,Blue,4248.0,4,2271,1
719613783,51,F,42,1,Doutorado,Casado,Blue,1438.3,2,4211,0
719035758,53,F,43,3,Ensino Fundamental,Divorciado,Blue,2383.0,1,4917,0
708473133,55,F,45,1,Mestrado,Casado,Blue,1677.0,2,4588,0
712996833,40,F,33,1,Ensino Medio,Casado,Blue,2392.0,2,4309,0
720963258,52,F,40,3,Faculdade,Casado,Blue,3474.0,2,2675,1
806428908,60,F,55,1,Mestrado,Solteiro,Blue,13397.0,3,5049,0
712676208,46,F,36,5,Ensino Medio,Solteiro,Blue,1787.0,3,4084,0
709005633,62,M,51,0,Ensino Medio,Solteiro,Blue,18734.0,2,2112,1
712102983,47,F,36,2,Faculdade,Casado,Blue,1438.3,3,3832,0
754480233,50,M,43,2,Pos-Graduacao,Divorciado,Blue,3525.0,2,4742,0
715537383,46,M,30,3,Faculdade,Solteiro,Blue,27378.0,1,3934,0
709460883,38,F,28,2,Doutorado,Casado,Blue,1614.0,2,2437,1
789325008,49,M,38,3,Faculdade,Solteiro,Blue,7862.0,3,3645,0
719195733,47,M,36,3,Faculdade,Casado,Blue,4284.0,1,4948,0
710226708,55,F,49,2,Ensino Fundamental,Divorciado,Blue,1438.3,2,4573,0
711982383,62,M,49,1,Mestrado,Solteiro,Blue,21805.0,3,4694,0
716345283,55,M,36,2,Ensino Fundamental,Solteiro,Blue,4712.0,1,4277,0
710842308,41,F,26,5,Ensino Fundamental,Solteiro,Blue,2264.0,3,4150,0
793712658,52,M,46,3,Mestrado,Casado,Blue,15011.0,2,1821,1
719659758,45,F,35,4,Ensino Medio,Casado,Blue,2919.0,1,4194,0
716483358,44,M,29,3,Mestrado,Solteiro,Blue,6125.0,1,5481,0
812465958,53,F,48,3,Pos-Graduacao,Divorciado,Blue,12286.0,2,4960,0
786536808,51,M,45,2,Faculdade,Casado,Blue,21543.0,3,3928,0
807369708,52,M,47,3,Faculdade,Casado,Blue,6355.0,2,4009,0
711397533,52,F,41,2,Ensino Medio,Casado,Blue,5616.0,2,3410,0
715233108,38,M,36,1,Faculdade,Casado,Blue,2836.0,1,4121,0
813807258,50,F,45,2,Ensino Medio,Casado,Blue,1438.3,3,4670,0
769183908,51,F,45,2,Doutorado,Solteiro,Blue,2109.0,3,4321,0
718451133,48,M,40,2,Mestrado,Solteiro,Blue,14951.0,5,3899,0
720085233,51,F,40,2,Doutorado,Divorciado,Blue,8930.0,3,2167,1
717036408,36,F,36,1,Ensino Fundamental,Solteiro,Blue,4685.0,3,4560,0
714427608,45,F,29,5,Pos-Graduacao,Casado,Blue,2555.0,3,4888,0
780019908,53,F,43,1,Mestrado,Solteiro,Blue,2172.0,3,4657,0
827898033,54,F,50,1,Ensino Fundamental,Casado,Blue,2912.0,0,2465,1
720302883,53,F,35,3,Mestrado,Casado,Blue,3390.0,3,4585,0
715893633,47,F,36,4,Doutorado,Solteiro,Blue,2193.0,3,4755,0
720730683,51,F,36,2,Mestrado,Casado,Blue,17412.0,3,4997,0
720638283,40,F,20,4,Faculdade,Solteiro,Blue,2801.0,3,4568,0
789053883,43,M,31,3,Pos-Graduacao,Solteiro,Blue,11186.0,2,3692,0
719286708,50,F,39,1,Mestrado,Solteiro,Blue,2434.0,5,4498,0
713952558,53,F,43,3,Doutorado,Solteiro,Blue,1790.0,3,2128,1
793395933,59,F,53,1,Ensino Medio,Solteiro,Blue,2716.0,3,4208,0
771733608,47,F,35,1,Mestrado,Casado,Blue,1438.3,3,2276,1
710102208,56,M,36,2,Mestrado,Solteiro,Blue,18776.0,2,4464,0
712849158,55,M,44,0,Ensino Medio,Divorciado,Blue,19793.0,3,2186,1
783070833,34,F,28,4,Mestrado,Solteiro,Blue,2472.0,2,4408,0
713419908,58,F,50,2,Ensino Medio,Casado,Blue,12362.0,2,4537,0
789345408,39,F,29,2,Faculdade,Casado,Blue,1438.3,3,4983,0
720992883,47,F,37,4,Mestrado,Casado,Blue,3189.0,3,4805,0
803652633,47,F,41,2,Ensino Fundamental,Solteiro,Blue,2092.0,2,5124,0
789248958,37,F,26,2,Ensino Medio,Casado,Blue,2946.0,2,5259,0
715440558,50,F,36,1,Mestrado,Casado,Blue,4143.0,1,3940,0
713647083,53,F,36,2,Ensino Fundamental,Solteiro,Blue,9314.0,2,3696,0
718311933,53,F,37,4,Doutorado,Casado,Blue,3719.0,2,2587,1
817332483,63,M,47,0,Doutorado,Solteiro,Blue,7306.0,4,2445,1
710015733,41,F,30,1,Doutorado,Divorciado,Blue,2029.0,3,3142,1
794965233,51,F,45,1,Mestrado,Casado,Silver,13199.0,3,1927,1
710512833,38,F,29,2,Mestrado,Casado,Blue,3304.0,1,5178,0
710803008,40,F,30,3,Doutorado,Casado,Blue,3125.0,3,4372,0
712987608,51,F,40,2,Doutorado,Solteiro,Blue,1438.3,3,4263,0
716974383,41,M,28,5,Mestrado,Solteiro,Blue,2491.0,2,1911,0
720930633,58,F,46,0,Ensino Medio,Solteiro,Blue,1977.0,4,2341,1
710136258,33,F,24,2,Mestrado,Solteiro,Blue,1806.0,2,2833,1
779438208,38,F,22,3,Mestrado,Solteiro,Blue,1938.0,3,4606,0
721017333,42,F,36,4,Pos-Graduacao,Casado,Blue,3188.0,2,4606,0
720952608,44,F,29,2,Ensino Medio,Solteiro,Blue,2288.0,1,4396,0
810545733,47,F,42,2,Faculdade,Casado,Blue,2373.0,3,4228,0
822132858,41,M,37,4,Ensino Fundamental,Casado,Blue,23250.0,2,2205,1
713526258,47,M,36,3,Ensino Fundamental,Solteiro,Blue,34516.0,3,2020,1
712877733,48,M,42,5,Mestrado,Casado,Blue,12882.0,3,4407,0
711824358,44,F,31,4,Faculdade,Solteiro,Blue,3228.0,3,4524,0
789990333,43,F,35,4,Mestrado,Solteiro,Blue,2303.0,2,4469,0
709612983,41,F,36,2,Mestrado,Casado,Blue,2990.0,2,2265,1
771058908,55,F,42,3,Ensino Medio,Solteiro,Blue,2873.0,3,4563,0
715471833,50,M,36,0,Pos-Graduacao,Casado,Blue,28253.0,1,4525,0
711781233,53,F,45,3,Mestrado,Casado,Blue,1882.0,1,5221,0
713947908,33,M,23,2,Ensino Medio,Casado,Blue,1630.0,2,4426,0
709333608,58,F,46,2,Ensino Medio,Solteiro,Blue,2395.0,2,4983,0
716269308,56,F,36,3,Mestrado,Solteiro,Blue,2836.0,2,4192,0
708692583,44,F,31,2,Ensino Medio,Solteiro,Blue,1506.0,3,2312,1
709892658,48,F,38,5,Mestrado,Solteiro,Blue,1605.0,3,4495,0
713815383,53,M,36,1,Ensino Medio,Solteiro,Blue,11778.0,2,2147,1
710183283,55,F,36,1,Ensino Medio,Casado,Blue,2747.0,1,5032,0
711937158,49,M,39,3,Faculdade,Casado,Blue,2501.0,3,4837,0
771486933,64,M,52,1,Mestrado,Solteiro,Blue,2563.0,3,3942,0
717450633,47,M,36,3,Ensino Fundamental,Solteiro,Blue,1659.0,2,1920,1
718421808,56,F,43,2,Ensino Fundamental,Casado,Blue,3068.0,3,4611,0
716403633,60,F,50,0,Faculdade,Divorciado,Blue,3426.0,3,4467,0
717646983,59,F,49,1,Mestrado,Solteiro,Blue,3214.0,3,2720,1
778837083,50,M,31,2,Mestrado,Casado,Blue,12906.0,3,2078,1
768632958,59,F,49,1,Mestrado,Solteiro,Blue,8708.0,4,2508,1
708402333,48,F,37,2,Doutorado,Divorciado,Blue,4549.0,2,4782,0
708946008,46,F,36,3,Faculdade,Casado,Blue,1438.3,2,2445,1
715625658,49,F,36,3,Ensino Medio,Casado,Blue,4476.0,1,4603,0
789599283,44,F,38,3,Faculdade,Divorciado,Blue,2002.0,3,3406,0
708960858,40,M,21,4,Ensino Medio,Casado,Blue,11502.0,2,4786,0
814840833,44,M,39,4,Doutorado,Casado,Blue,7924.0,3,2393,1
772082208,39,M,28,1,Mestrado,Solteiro,Blue,16199.0,2,4254,0
711597183,43,M,34,2,Ensino Fundamental,Divorciado,Blue,1452.0,3,4571,0
712110333,37,F,18,3,Ensino Medio,Solteiro,Blue,2179.0,1,2568,1
718673358,35,M,30,3,Doutorado,Casado,Blue,13590.0,3,2137,1
716108283,53,F,46,4,Mestrado,Casado,Blue,4430.0,3,4833,0
779360808,49,F,35,3,Mestrado,Casado,Blue,2919.0,3,4937,0
716352033,49,F,39,2,Mestrado,Casado,Blue,2796.0,3,4869,0
716643033,41,F,31,2,Mestrado,Casado,Blue,2580.0,3,2981,1
711567333,43,M,31,1,Ensino Medio,Solteiro,Blue,2834.0,3,4581,0
755437533,48,F,41,4,Mestrado,Solteiro,Blue,1522.0,3,5005,0
710645583,44,F,37,2,Ensino Fundamental,Solteiro,Blue,7627.0,1,4349,0
771566208,48,M,36,3,Faculdade,Casado,Blue,8795.0,1,4681,0
720725883,34,F,20,2,Faculdade,Solteiro,Blue,2715.0,2,4177,0
716747283,44,F,36,2,Ensino Fundamental,Solteiro,Blue,2097.0,2,5059,0
787519683,41,F,30,2,Mestrado,Solteiro,Blue,3028.0,2,4727,0
721044333,34,F,22,2,Faculdade,Solteiro,Blue,1695.0,2,4905,0
713679633,41,F,33,3,Mestrado,Casado,Blue,1438.3,3,1813,1
711126483,37,F,28,1,Mestrado,Solteiro,Blue,1438.3,3,5136,0
715040208,49,F,38,2,Mestrado,Solteiro,Blue,5076.0,3,4115,0
710769258,40,F,27,2,Mestrado,Solteiro,Blue,4438.0,2,3895,0
715227633,36,F,36,3,Faculdade,Solteiro,Blue,1964.0,2,4240,0
708635058,53,F,44,0,Ensino Medio,Solteiro,Blue,1904.0,1,4798,0
709051533,46,F,26,1,Mestrado,Casado,Blue,2933.0,3,4956,0
718940208,55,F,44,0,Mestrado,Solteiro,Blue,18202.0,1,3551,0
712361583,47,M,36,5,Mestrado,Casado,Silver,34516.0,3,3756,0
708390633,52,F,44,3,Mestrado,Casado,Blue,2421.0,5,4219,0
720281508,44,F,34,2,Doutorado,Divorciado,Blue,2406.0,1,4625,0
720885558,51,F,37,2,Ensino Medio,Solteiro,Blue,2621.0,1,4885,0
713282733,37,F,24,2,Mestrado,Solteiro,Blue,3375.0,3,4341,0
720040158,47,M,36,3,Ensino Fundamental,Solteiro,Blue,17656.0,3,4633,0
755996583,57,F,50,2,Ensino Fundamental,Solteiro,Blue,2475.0,0,2574,1
711359058,46,F,33,4,Ensino Medio,Solteiro,Blue,3942.0,2,4622,0
714064908,57,F,36,1,Mestrado,Solteiro,Blue,1771.0,2,4813,0
717074283,45,F,37,3,Mestrado,Divorciado,Blue,17678.0,2,2566,1
765847383,50,M,43,1,Mestrado,Casado,Blue,20958.0,5,4425,0
789531633,53,F,46,4,Mestrado,Solteiro,Blue,4117.0,1,5218,0
820593033,43,F,39,2,Mestrado,Solteiro,Silver,18524.0,1,4496,0
710078358,36,M,26,4,Pos-Graduacao,Casado,Blue,2222.0,1,4095,0
715025208,56,F,46,2,Faculdade,Casado,Blue,3119.0,3,4168,0
709596783,46,M,34,3,Faculdade,Casado,Blue,1611.0,1,4444,0
715960308,53,F,44,1,Mestrado,Divorciado,Blue,4090.0,3,2016,1
787268733,52,F,46,1,Mestrado,Casado,Blue,2442.0,1,4535,0
789923058,53,F,44,1,Ensino Medio,Casado,Blue,1816.0,3,2474,1
771079833,40,F,27,3,Ensino Medio,Solteiro,Blue,1438.3,3,4332,0
710507733,42,M,35,4,Mestrado,Solteiro,Blue,14958.0,3,4038,0
779269158,43,F,25,2,Mestrado,Casado,Blue,21961.0,2,2237,1
711627558,40,F,30,3,Ensino Fundamental,Solteiro,Blue,1625.0,1,3968,0
710536983,49,F,36,0,Pos-Graduacao,Casado,Blue,3007.0,3,4423,0
714154533,45,F,36,3,Ensino Medio,Solteiro,Blue,3111.0,1,4478,0
803657133,60,M,54,1,Mestrado,Solteiro,Blue,1848.0,3,4757,0
769053033,44,F,38,1,Mestrado,Solteiro,Blue,4142.0,2,2104,1
713613258,46,M,36,4,Ensino Medio,Solteiro,Blue,1438.3,1,4461,0
768544833,45,F,39,4,Ensino Fundamental,Solteiro,Blue,2202.0,2,4531,0
720782658,42,M,36,4,Mestrado,Casado,Blue,3591.0,2,5079,0
768162108,49,M,43,3,Faculdade,Casado,Blue,4781.0,3,2451,1
714516033,53,M,44,3,Ensino Medio,Casado,Blue,9025.0,2,4412,0
788630958,44,M,28,2,Ensino Fundamental,Solteiro,Blue,11627.0,1,3264,0
717646008,61,F,46,1,Faculdade,Casado,Blue,5686.0,2,4338,0
716292033,37,F,36,4,Ensino Medio,Solteiro,Blue,1438.3,2,4815,0
780372408,43,F,33,5,Ensino Medio,Solteiro,Blue,4976.0,2,4317,0
720853158,38,F,24,3,Ensino Medio,Solteiro,Blue,13951.0,3,4576,0
823507833,44,M,40,4,Ensino Medio,Solteiro,Blue,14370.0,3,4510,0
711111633,60,M,49,1,Ensino Medio,Solteiro,Silver,21681.0,2,3844,0
709904508,59,F,40,0,Pos-Graduacao,Solteiro,Blue,2634.0,3,4190,0
712022883,37,F,27,2,Ensino Medio,Solteiro,Blue,2204.0,1,4555,0
714581358,48,F,43,3,Mestrado,Solteiro,Blue,1502.0,3,2204,1
713256033,39,F,25,3,Ensino Fundamental,Solteiro,Blue,4181.0,3,3955,0
825831933,52,F,48,3,Ensino Medio,Casado,Blue,3136.0,2,4528,0
720274158,42,F,35,4,Ensino Medio,Casado,Blue,4478.0,2,3879,0
772394883,60,F,50,1,Ensino Fundamental,Solteiro,Blue,7359.0,6,2869,1
794253108,52,M,46,4,Mestrado,Solteiro,Blue,13090.0,3,3851,0
720899883,44,F,35,1,Ensino Medio,Casado,Blue,6849.0,2,3770,0
714313608,36,F,36,4,Ensino Fundamental,Casado,Blue,4228.0,3,4356,0
716602683,49,F,36,3,Mestrado,Casado,Blue,5678.0,3,5092,0
715928808,42,F,31,2,Ensino Medio,Casado,Blue,3964.0,5,4580,0
771899433,48,M,37,3,Mestrado,Casado,Blue,7970.0,2,1263,1
709711758,45,F,32,3,Ensino Fundamental,Divorciado,Blue,1942.0,2,1853,1
721137558,40,M,28,4,Mestrado,Divorciado,Blue,5821.0,2,2011,1
822959133,32,F,26,3,Pos-Graduacao,Casado,Blue,3174.0,3,4508,0
720491958,34,F,36,3,Ensino Fundamental,Solteiro,Blue,1438.3,3,4302,0
713607108,46,F,31,2,Faculdade,Divorciado,Blue,1852.0,1,4486,0
709729533,47,M,39,3,Ensino Fundamental,Solteiro,Blue,1809.0,3,2169,1
717890583,48,F,38,1,Mestrado,Divorciado,Blue,3503.0,1,4671,0
718384233,52,M,39,5,Doutorado,Solteiro,Silver,17835.0,2,4258,0
713401758,45,M,36,2,Ensino Fundamental,Casado,Blue,3383.0,2,4897,0
713556033,36,F,22,1,Mestrado,Casado,Blue,1438.3,2,3959,0
719265108,42,F,33,3,Ensino Medio,Casado,Blue,3815.0,3,4430,0
778740708,39,F,27,3,Mestrado,Casado,Blue,1902.0,3,4203,0
710952933,43,F,36,1,Ensino Fundamental,Divorciado,Blue,2077.0,2,4226,0
720991833,48,F,36,2,Doutorado,Casado,Blue,2514.0,3,2603,1
779954658,56,M,40,4,Ensino Medio,Solteiro,Blue,34516.0,3,4714,0
714204108,45,F,38,5,Mestrado,Solteiro,Blue,2144.0,3,3859,0
805546308,65,F,56,0,Ensino Medio,Solteiro,Blue,5951.0,3,4554,0
716244933,54,F,36,3,Ensino Medio,Divorciado,Blue,4806.0,5,4674,0
712018233,42,F,34,3,Mestrado,Solteiro,Blue,16612.0,3,4697,0
802878408,53,F,47,1,Mestrado,Casado,Blue,2799.0,2,4116,0
794558658,49,F,34,4,Mestrado,Casado,Blue,2560.0,1,4783,0
711634008,42,F,36,3,Ensino Fundamental,Casado,Blue,5821.0,2,4591,0
708260208,43,F,36,5,Ensino Fundamental,Solteiro,Blue,2057.0,3,4321,0
713435058,49,F,42,5,Ensino Medio,Divorciado,Blue,1972.0,2,4715,0
719656533,44,M,36,3,Ensino Medio,Casado,Blue,2675.0,2,4149,0
719709558,48,M,33,3,Mestrado,Casado,Blue,6223.0,1,4518,0
710311233,44,F,37,4,Ensino Medio,Solteiro,Blue,7632.0,3,4498,0
713105508,46,M,29,3,Ensino Medio,Solteiro,Silver,34516.0,3,3754,0
710719683,49,F,43,1,Ensino Medio,Divorciado,Blue,3054.0,3,4460,0
817892208,35,F,30,2,Doutorado,Solteiro,Blue,1438.3,1,4006,0
714102183,50,M,36,3,Ensino Fundamental,Solteiro,Blue,7970.0,2,1872,1
719445633,60,F,36,0,Ensino Fundamental,Casado,Blue,1601.0,2,4919,0
709820658,45,M,36,4,Ensino Medio,Casado,Blue,34516.0,2,3785,0
718481283,51,F,43,1,Ensino Medio,Casado,Blue,1822.0,1,5210,0
789300408,41,M,30,4,Ensino Medio,Casado,Blue,1614.0,2,4293,0
815088483,28,F,23,1,Mestrado,Divorciado,Blue,2543.0,1,3864,0
717139608,50,F,36,2,Faculdade,Divorciado,Blue,3462.0,2,4635,0
717626508,44,F,36,3,Mestrado,Casado,Blue,1699.0,3,5495,0
767668908,46,F,40,3,Mestrado,Casado,Blue,13095.0,4,1552,1
716216958,48,M,42,1,Ensino Fundamental,Casado,Blue,4429.0,1,4386,0
714246333,58,F,48,4,Ensino Medio,Casado,Blue,5396.0,4,2107,1
718693683,65,F,53,0,Ensino Medio,Solteiro,Blue,2418.0,1,3918,0
716298633,56,F,47,1,Mestrado,Solteiro,Blue,2086.0,2,5774,0
755661933,48,F,41,3,Mestrado,Solteiro,Blue,1899.0,3,2434,1
712914783,43,M,31,5,Mestrado,Solteiro,Blue,7564.0,1,4743,0
711240108,41,M,31,2,Mestrado,Casado,Blue,13116.0,2,4800,0
721396758,35,F,36,4,Doutorado,Casado,Blue,1438.3,1,5062,0
715636533,48,F,36,3,Ensino Medio,Casado,Blue,3716.0,1,4833,0
716669658,51,F,33,1,Ensino Medio,Solteiro,Blue,2006.0,3,2760,1
718212633,45,F,36,4,Ensino Medio,Casado,Blue,2948.0,2,3635,0
713629533,35,F,36,1,Ensino Fundamental,Casado,Blue,1438.3,2,4321,0
771450708,58,F,46,3,Mestrado,Casado,Blue,4669.0,3,4363,0
711311883,48,F,35,2,Mestrado,Casado,Silver,13994.0,2,3299,0
802673508,57,M,51,2,Mestrado,Solteiro,Blue,8760.0,5,2460,1
708113208,53,F,36,1,Ensino Medio,Casado,Blue,1688.0,2,4375,0
788786208,46,F,27,2,Faculdade,Casado,Blue,9881.0,3,4725,0
720043533,39,M,26,4,Mestrado,Solteiro,Blue,4534.0,2,4211,0
801083133,57,F,51,4,Ensino Fundamental,Solteiro,Blue,3545.0,3,3691,0
716246733,57,F,49,2,Faculdade,Solteiro,Blue,1857.0,2,4681,0
807157833,56,F,51,4,Ensino Fundamental,Solteiro,Blue,3334.0,1,4284,0
828285858,41,F,37,3,Faculdade,Casado,Blue,1438.3,1,4053,0
718890933,45,F,27,4,Doutorado,Casado,Blue,1438.3,2,2429,1
711148308,52,M,46,3,Mestrado,Solteiro,Blue,9357.0,2,4173,0
712810233,40,F,36,2,Mestrado,Casado,Blue,2423.0,2,4258,0
714098883,45,F,36,1,Mestrado,Solteiro,Blue,1936.0,2,4773,0
779327733,43,M,25,1,Mestrado,Divorciado,Blue,1783.0,3,3861,0
710461083,56,F,46,2,Mestrado,Solteiro,Blue,1438.3,1,4333,0
709306983,44,F,36,2,Pos-Graduacao,Casado,Silver,10580.0,3,4721,0
813182658,49,F,44,4,Ensino Medio,Casado,Blue,1656.0,2,4408,0
781110408,39,F,23,0,Ensino Medio,Solteiro,Blue,3279.0,3,5048,0
818007783,49,F,44,3,Faculdade,Casado,Blue,2578.0,2,4683,0
708862233,44,F,30,4,Mestrado,Casado,Blue,4068.0,3,5161,0
714006333,42,F,36,4,Mestrado,Casado,Blue,2128.0,2,2289,1
770596458,45,F,31,2,Doutorado,Casado,Blue,2704.0,3,2362,1
803805483,46,F,40,3,Faculdade,Casado,Blue,10600.0,3,4697,0
709534083,58,F,36,0,Ensino Fundamental,Divorciado,Blue,9909.0,2,1844,1
710579583,57,F,50,1,Mestrado,Casado,Blue,1665.0,2,4420,0
708949908,50,M,42,1,Mestrado,Divorciado,Blue,1656.0,3,2073,1
718696458,52,F,42,1,Mestrado,Casado,Blue,2012.0,2,3822,0
710611683,43,F,31,2,Pos-Graduacao,Casado,Blue,2837.0,1,4279,0
721511883,40,F,28,3,Mestrado,Solteiro,Blue,1709.0,2,4981,0
753094533,51,M,44,3,Ensino Fundamental,Casado,Blue,24028.0,3,3531,0
769892058,40,M,34,3,Ensino Fundamental,Solteiro,Blue,9124.0,2,4564,0
709098108,45,F,35,4,Mestrado,Casado,Blue,2705.0,2,4749,0
715705683,56,F,36,1,Mestrado,Solteiro,Blue,1936.0,3,4578,0
715724808,49,M,41,3,Ensino Medio,Casado,Blue,8051.0,2,4370,0
717123858,36,F,36,1,Mestrado,Casado,Blue,3635.0,1,4045,0
716236683,46,F,37,1,Ensino Medio,Casado,Blue,2532.0,2,4143,0
779310033,42,F,24,4,Doutorado,Casado,Blue,4304.0,2,1788,1
711409833,45,F,33,5,Ensino Fundamental,Casado,Blue,1830.0,1,4838,0
721174008,37,M,23,2,Ensino Fundamental,Casado,Blue,7607.0,3,4495,0
714192933,55,F,36,3,Mestrado,Solteiro,Blue,2060.0,3,1976,1
709632483,49,F,40,2,Ensino Medio,Solteiro,Blue,1438.3,2,4457,0
718431258,41,M,28,4,Ensino Medio,Solteiro,Blue,3126.0,3,3662,0
817029108,47,F,27,4,Pos-Graduacao,Solteiro,Blue,6885.0,6,3804,0
769577358,31,F,17,0,Mestrado,Solteiro,Blue,2787.0,2,4358,0
815589558,50,M,45,2,Pos-Graduacao,Casado,Blue,1867.0,3,4097,0
718975083,47,F,40,4,Mestrado,Solteiro,Blue,2473.0,4,2133,1
715315008,40,M,30,4,Pos-Graduacao,Solteiro,Blue,4640.0,3,3870,0
779252283,47,F,29,4,Ensino Medio,Casado,Blue,2712.0,3,5201,0
772442883,51,F,41,4,Mestrado,Casado,Blue,3853.0,3,2443,1
714533058,53,F,43,3,Faculdade,Casado,Blue,1438.3,2,4606,0
716570958,50,M,36,3,Pos-Graduacao,Divorciado,Blue,14409.0,2,2351,1
710116833,59,F,36,1,Ensino Medio,Solteiro,Blue,1665.0,3,2748,1
718586133,43,F,31,3,Mestrado,Casado,Blue,2639.0,1,4892,0
773322558,59,F,48,2,Ensino Medio,Casado,Blue,2338.0,1,3964,0
714554808,51,F,40,1,Mestrado,Casado,Blue,2774.0,3,4802,0
717903108,57,F,46,1,Faculdade,Solteiro,Blue,4283.0,1,4689,0
815908908,47,F,42,4,Ensino Fundamental,Solteiro,Blue,6263.0,4,2613,1
771464808,35,F,23,2,Mestrado,Solteiro,Blue,2317.0,3,4161,0
708234558,55,F,43,2,Faculdade,Divorciado,Blue,2239.0,2,4540,0
715737258,41,F,32,1,Faculdade,Casado,Blue,2225.0,3,4917,0
710188308,51,F,41,3,Mestrado,Solteiro,Blue,1519.0,2,4927,0
708670608,48,F,36,5,Ensino Fundamental,Casado,Blue,5495.0,2,5125,0
714839808,51,F,35,3,Mestrado,Casado,Blue,2141.0,1,4317,0
811140933,43,F,29,2,Ensino Medio,Casado,Blue,2616.0,1,5219,0
788937933,39,F,25,3,Mestrado,Divorciado,Blue,5494.0,1,3566,0
721527858,52,F,40,3,Ensino Medio,Casado,Blue,2003.0,5,2343,1
718265658,47,F,36,4,Ensino Fundamental,Solteiro,Blue,2092.0,1,4130,0
714312708,44,M,36,0,Ensino Medio,Solteiro,Blue,6606.0,3,4493,0
715821183,42,F,23,4,Faculdade,Casado,Blue,7102.0,3,4083,0
712675158,56,M,36,1,Mestrado,Solteiro,Blue,7075.0,3,4160,0
826473858,44,M,40,1,Faculdade,Solteiro,Blue,4274.0,1,4820,0
817382958,47,F,31,3,Ensino Medio,Solteiro,Blue,2317.0,1,4894,0
712927383,51,F,36,2,Ensino Fundamental,Solteiro,Blue,1438.3,3,1939,1
712894308,47,M,37,4,Ensino Medio,Casado,Blue,2888.0,3,4345,0
712349808,44,F,34,4,Faculdade,Solteiro,Blue,12310.0,1,4176,0
711430908,45,F,34,4,Mestrado,Casado,Blue,1438.3,2,2153,1
718469658,37,F,22,2,Ensino Fundamental,Casado,Blue,7927.0,3,4094,0
809849358,55,F,50,2,Mestrado,Divorciado,Blue,1720.0,6,2719,1
809363958,49,F,44,3,Ensino Medio,Casado,Blue,3881.0,1,4177,0
721228308,47,F,39,2,Ensino Medio,Casado,Blue,3899.0,3,2182,1
708708858,50,F,36,1,Mestrado,Solteiro,Blue,2422.0,3,2548,1
721111233,52,M,43,2,Mestrado,Casado,Blue,11964.0,3,4853,0
708538608,50,F,36,4,Faculdade,Casado,Blue,3862.0,4,4058,0
718866633,46,M,36,2,Faculdade,Casado,Blue,33142.0,4,4347,0
719100633,40,M,36,2,Ensino Medio,Solteiro,Silver,34516.0,4,3564,0
789328083,42,F,32,4,Ensino Medio,Casado,Blue,3454.0,3,2826,1
822905058,29,F,25,2,Mestrado,Casado,Blue,2732.0,3,4702,0
816549933,50,M,45,4,Ensino Medio,Divorciado,Blue,1687.0,2,4342,0
716421633,43,F,36,3,Mestrado,Casado,Blue,3523.0,2,3174,1
712667958,40,M,36,4,Ensino Fundamental,Solteiro,Blue,5773.0,3,3732,0
809559933,45,F,40,3,Mestrado,Casado,Blue,4462.0,5,2526,1
819979458,35,F,30,3,Doutorado,Casado,Blue,3976.0,2,4419,0
708100533,55,F,36,3,Faculdade,Solteiro,Blue,2679.0,3,4943,0
802867683,53,F,47,2,Ensino Medio,Solteiro,Blue,1536.0,2,4133,0
711893358,46,M,37,5,Ensino Medio,Casado,Blue,2375.0,2,4087,0
785410158,50,F,42,3,Ensino Medio,Casado,Blue,2719.0,3,4172,0
718596858,53,F,45,4,Mestrado,Divorciado,Blue,3369.0,3,5220,0
708338958,58,F,36,1,Mestrado,Solteiro,Blue,3173.0,1,3797,0
789662283,50,F,33,3,Ensino Medio,Casado,Blue,2140.0,3,2915,1
712805658,56,F,46,3,Ensino Fundamental,Solteiro,Blue,2258.0,3,4803,0
815598858,48,M,43,3,Mestrado,Casado,Blue,2423.0,1,4035,0
779412783,55,F,37,1,Ensino Medio,Solteiro,Blue,2376.0,3,4301,0
780036483,38,M,28,1,Mestrado,Solteiro,Blue,1690.0,5,3928,0
711527508,46,F,34,3,Ensino Medio,Casado,Blue,8583.0,3,1794,1
720768258,52,F,34,3,Mestrado,Solteiro,Blue,2996.0,2,4724,0
716023533,49,F,39,1,Pos-Graduacao,Solteiro,Blue,2880.0,3,4334,0
714075708,48,M,38,4,Ensino Fundamental,Divorciado,Gold,34516.0,3,4814,0
787475433,36,F,23,2,Doutorado,Solteiro,Blue,6966.0,2,4855,0
787505133,36,M,24,3,Faculdade,Casado,Blue,11316.0,2,2595,1
712241433,38,F,30,0,Ensino Medio,Solteiro,Blue,1438.3,2,4247,0
807990108,44,M,39,1,Ensino Fundamental,Divorciado,Blue,11362.0,2,3197,0
719018208,52,F,46,0,Doutorado,Casado,Blue,7210.0,4,2516,1
716641983,55,F,36,4,Faculdade,Solteiro,Blue,7790.0,3,4835,0
708807483,51,F,45,3,Mestrado,Casado,Blue,9117.0,2,3837,0
714733908,51,M,37,2,Ensino Medio,Casado,Blue,8787.0,6,4537,0
721067658,40,M,36,4,Mestrado,Casado,Silver,27436.0,1,4051,0
788997408,65,F,53,2,Doutorado,Solteiro,Blue,2195.0,3,4205,0
719835033,46,M,34,4,Faculdade,Casado,Blue,13734.0,3,4283,0
771854808,45,M,34,4,Mestrado,Casado,Blue,2731.0,2,3915,0
717299958,49,M,45,3,Mestrado,Solteiro,Blue,2453.0,2,4185,0
713019783,41,F,35,3,Ensino Medio,Casado,Blue,2644.0,3,4081,0
770968383,41,M,28,4,Mestrado,Casado,Silver,34516.0,2,2022,1
709747308,41,M,36,5,Mestrado,Casado,Blue,4575.0,4,4726,0
801366783,51,F,45,1,Faculdade,Solteiro,Blue,4860.0,3,4329,0
798786333,46,F,40,2,Mestrado,Casado,Blue,1438.3,4,3399,0
715117008,39,M,36,5,Ensino Fundamental,Casado,Blue,1438.3,2,4596,0
713944833,46,M,36,5,Ensino Fundamental,Solteiro,Blue,24512.0,3,4561,0
713569158,43,F,34,3,Ensino Medio,Solteiro,Blue,1654.0,3,2086,1
713037333,63,M,55,1,Mestrado,Solteiro,Blue,21430.0,1,3561,0
718267233,50,M,38,1,Mestrado,Casado,Silver,34516.0,3,3828,0
709736658,37,M,27,4,Ensino Fundamental,Casado,Blue,1438.3,3,4446,0
710929233,33,F,36,2,Doutorado,Solteiro,Blue,2800.0,2,4253,0
714290583,44,M,36,4,Pos-Graduacao,Casado,Blue,3117.0,2,4391,0
717972408,44,M,34,2,Ensino Fundamental,Casado,Blue,2558.0,3,3792,0
718626033,47,M,39,3,Ensino Medio,Casado,Blue,10061.0,3,2802,1
710476908,39,F,28,3,Mestrado,Casado,Blue,9371.0,3,4754,0
709888383,47,F,36,3,Mestrado,Casado,Blue,3147.0,1,4465,0
714010383,47,F,40,5,Ensino Fundamental,Solteiro,Blue,3502.0,4,1895,1
719549508,49,F,40,4,Mestrado,Solteiro,Blue,2712.0,2,4678,0
718670808,59,F,51,0,Faculdade,Casado,Blue,1438.3,1,4817,0
718211208,39,M,36,3,Ensino Medio,Casado,Blue,3281.0,3,4109,0
712578933,35,F,25,5,Ensino Medio,Casado,Blue,1438.3,2,2500,1
709343433,39,F,26,2,Mestrado,Solteiro,Blue,2469.0,3,3837,0
719006508,34,M,36,2,Mestrado,Casado,Blue,2763.0,1,4136,0
721287183,49,F,35,2,Ensino Fundamental,Casado,Blue,2081.0,2,4863,0
711144183,55,F,45,3,Mestrado,Casado,Blue,2815.0,3,2618,1
709080783,56,F,38,1,Mestrado,Solteiro,Blue,1737.0,1,4723,0
710520408,52,F,36,4,Ensino Medio,Solteiro,Blue,9078.0,3,4458,0
716513358,51,F,36,2,Mestrado,Divorciado,Blue,2069.0,3,4402,0
719073483,45,M,38,3,Ensino Fundamental,Casado,Blue,9234.0,3,2586,1
715372083,37,F,36,1,Mestrado,Solteiro,Blue,2684.0,3,4796,0
780034083,48,F,38,3,Ensino Medio,Casado,Blue,2151.0,2,4604,0
794581533,52,M,37,2,Faculdade,Solteiro,Blue,2749.0,3,3882,0
710013258,44,F,31,3,Ensino Medio,Solteiro,Blue,1980.0,2,4467,0
719084358,55,F,46,1,Mestrado,Casado,Blue,4232.0,4,2312,1
789173958,45,F,34,2,Mestrado,Casado,Blue,1438.3,1,4283,0
712434708,52,F,39,3,Ensino Medio,Casado,Blue,3302.0,3,2682,1
808675083,61,M,56,1,Mestrado,Solteiro,Blue,4235.0,3,3862,0
710864358,51,F,45,2,Doutorado,Casado,Blue,6501.0,6,5074,0
712574583,34,F,21,1,Mestrado,Solteiro,Blue,6376.0,1,5192,0
708412758,33,F,36,3,Mestrado,Solteiro,Blue,1457.0,2,2200,1
715767033,56,F,36,3,Faculdade,Solteiro,Blue,1438.3,1,4919,0
779281233,45,F,27,3,Mestrado,Solteiro,Blue,2478.0,3,4353,0
717147708,44,M,34,2,Ensino Fundamental,Divorciado,Blue,3650.0,3,4250,0
806989008,30,F,25,0,Ensino Medio,Solteiro,Blue,12917.0,1,4108,0
713158083,56,M,46,2,Ensino Medio,Solteiro,Blue,7327.0,4,2185,1
771037008,46,M,33,1,Ensino Fundamental,Casado,Blue,13324.0,1,4245,0
710563458,43,F,30,1,Mestrado,Divorciado,Blue,9535.0,3,4210,0
708559533,40,M,36,1,Ensino Fundamental,Casado,Blue,1770.0,3,4442,0
772143333,46,F,35,2,Ensino Medio,Solteiro,Blue,2170.0,3,4569,0
817041408,56,F,41,3,Ensino Medio,Casado,Blue,4169.0,2,4519,0
771942333,65,M,54,1,Faculdade,Solteiro,Blue,5363.0,2,3855,0
755247108,50,F,43,2,Doutorado,Solteiro,Blue,3206.0,1,4731,0
713858733,61,F,53,0,Pos-Graduacao,Casado,Blue,2566.0,3,4344,0
717129333,35,F,25,2,Mestrado,Casado,Blue,1438.3,1,4434,0
716924958,65,F,56,2,Mestrado,Solteiro,Blue,6812.0,0,2288,1
719614758,45,F,34,4,Mestrado,Solteiro,Blue,2700.0,2,4984,0
721537683,50,F,41,3,Pos-Graduacao,Casado,Blue,5471.0,3,4002,0
771500358,43,F,31,2,Ensino Fundamental,Divorciado,Blue,4332.0,3,4093,0
715060158,41,F,26,4,Mestrado,Solteiro,Blue,1783.0,2,3853,0
779725833,42,M,26,2,Mestrado,Solteiro,Blue,11761.0,3,4946,0
716592558,52,F,36,1,Ensino Medio,Solteiro,Blue,2340.0,3,4501,0
771020133,45,F,32,5,Ensino Fundamental,Solteiro,Blue,2859.0,3,4440,0
709153008,37,M,36,3,Ensino Medio,Casado,Blue,2523.0,3,4683,0
713394858,48,M,34,2,Pos-Graduacao,Casado,Blue,4776.0,2,4581,0
721175283,59,F,36,1,Mestrado,Casado,Blue,2697.0,1,4489,0
715503558,57,F,36,3,Ensino Medio,Casado,Blue,3542.0,2,4127,0
819943458,57,M,52,3,Mestrado,Solteiro,Blue,34516.0,4,1777,1
717094758,40,F,29,4,Pos-Graduacao,Casado,Blue,8823.0,3,4453,0
772073508,52,F,41,1,Faculdade,Solteiro,Blue,1764.0,3,2740,1
721351983,43,F,36,4,Ensino Fundamental,Casado,Blue,3492.0,3,2510,1
714477408,36,F,36,3,Ensino Medio,Casado,Blue,2977.0,3,2201,1
718471758,49,M,37,4,Doutorado,Solteiro,Silver,30976.0,2,3193,0
711607833,43,M,36,5,Ensino Medio,Casado,Blue,2810.0,2,4875,0
719277033,44,M,34,3,Ensino Medio,Solteiro,Blue,8997.0,3,4558,0
813905508,57,F,52,3,Ensino Fundamental,Solteiro,Blue,2002.0,3,3735,0
719761458,55,M,36,4,Pos-Graduacao,Solteiro,Blue,4998.0,2,4329,0
708222558,37,F,36,2,Pos-Graduacao,Casado,Blue,2310.0,2,4191,0
713937558,54,F,36,2,Ensino Medio,Casado,Blue,3892.0,3,4318,0
709603608,34,M,25,3,Ensino Fundamental,Casado,Blue,2345.0,1,4634,0
804661083,50,M,45,0,Mestrado,Solteiro,Blue,2135.0,2,4821,0
718420308,50,F,36,2,Ensino Medio,Casado,Blue,3397.0,1,4208,0
714046608,49,M,39,0,Doutorado,Casado,Blue,19719.0,6,3572,0
718048608,41,F,33,3,Mestrado,Casado,Blue,15292.0,3,5120,0
718497033,52,M,36,1,Ensino Medio,Casado,Blue,31733.0,3,3723,0
711801933,54,F,36,4,Ensino Medio,Solteiro,Blue,1438.3,3,2092,1
716282208,54,F,48,2,Pos-Graduacao,Casado,Blue,1638.0,6,1702,1
789076083,50,F,38,3,Ensino Medio,Solteiro,Blue,2775.0,3,4608,0
714045783,37,F,29,2,Mestrado,Casado,Blue,2547.0,2,2160,1
769720683,50,F,44,1,Mestrado,Casado,Blue,5708.0,2,4914,0
721092783,46,M,36,3,Mestrado,Casado,Blue,19838.0,3,3982,0
720243933,47,M,32,2,Ensino Fundamental,Casado,Blue,1789.0,3,2784,1
818502708,51,F,46,1,Ensino Fundamental,Solteiro,Blue,2284.0,3,4885,0
712942308,42,M,36,3,Doutorado,Solteiro,Blue,11535.0,1,3730,0
714708183,58,M,49,2,Ensino Medio,Solteiro,Silver,30186.0,3,4070,0
787501758,51,F,39,3,Ensino Medio,Solteiro,Blue,4038.0,2,4188,0
714990633,56,M,36,4,Mestrado,Solteiro,Blue,2078.0,3,4382,0
714652383,51,F,36,4,Mestrado,Casado,Blue,1571.0,3,4580,0
788776008,43,M,24,3,Faculdade,Casado,Blue,4726.0,3,4683,0
719354433,48,M,36,1,Faculdade,Solteiro,Silver,34516.0,3,4042,0
709368483,56,M,45,2,Mestrado,Casado,Blue,1438.3,2,4323,0
716272158,41,F,15,3,Faculdade,Casado,Blue,4312.0,3,2693,1
717073308,44,F,31,3,Faculdade,Casado,Blue,2679.0,6,4804,0
789105183,54,M,42,3,Pos-Graduacao,Solteiro,Silver,34516.0,1,4401,0
721305408,48,F,37,2,Mestrado,Casado,Blue,3378.0,2,4761,0
715739733,34,M,25,1,Ensino Medio,Solteiro,Blue,1793.0,1,5293,0
779217333,59,F,49,0,Mestrado,Divorciado,Blue,2228.0,2,3922,0
712133508,41,F,22,3,Faculdade,Solteiro,Blue,2577.0,0,4734,0
714602658,39,F,36,1,Mestrado,Casado,Blue,1462.0,2,1998,1
712446783,50,F,30,4,Mestrado,Casado,Blue,4038.0,3,2400,1
717695058,46,F,35,5,Ensino Medio,Casado,Blue,4163.0,1,4763,0
719782458,49,F,39,1,Mestrado,Casado,Blue,7201.0,3,3981,0
718141983,49,M,43,0,Ensino Medio,Solteiro,Blue,1883.0,3,5187,0
718853358,42,F,36,3,Mestrado,Solteiro,Blue,3308.0,1,5104,0
772539558,65,F,55,0,Faculdade,Solteiro,Blue,2022.0,3,4623,0
817094283,43,F,23,5,Mestrado,Casado,Blue,8597.0,3,5173,0
716932308,38,F,28,2,Faculdade,Casado,Blue,4693.0,1,4460,0
772409733,39,F,28,3,Ensino Medio,Divorciado,Blue,3400.0,1,4742,0
717534108,48,F,40,3,Ensino Medio,Divorciado,Blue,2405.0,1,4421,0
816378033,46,M,41,4,Ensino Fundamental,Solteiro,Gold,34516.0,3,1989,1
790141308,44,M,37,2,Faculdade,Casado,Blue,8241.0,3,4436,0
710770383,53,F,36,2,Mestrado,Casado,Blue,1438.3,3,4915,0
713744058,41,F,36,3,Ensino Medio,Casado,Blue,2359.0,2,5232,0
708998583,47,F,39,4,Pos-Graduacao,Casado,Blue,1790.0,2,4141,0
827451333,54,F,50,2,Ensino Fundamental,Casado,Blue,2247.0,6,2615,1
714228558,40,M,36,3,Ensino Medio,Solteiro,Blue,3624.0,3,4749,0
797668983,42,F,36,4,Mestrado,Casado,Blue,1438.3,2,4396,0
713023158,39,F,31,2,Faculdade,Casado,Blue,2901.0,1,4239,0
709982658,41,F,31,2,Faculdade,Casado,Blue,9759.0,2,4226,0
715398858,57,F,36,3,Pos-Graduacao,Casado,Blue,2525.0,3,4360,0
715615233,60,F,48,1,Ensino Medio,Divorciado,Blue,2737.0,3,4507,0
710650608,51,M,36,2,Mestrado,Casado,Blue,19262.0,3,4812,0
803214108,33,F,27,0,Ensino Medio,Solteiro,Blue,2252.0,1,5055,0
719051733,63,M,51,0,Faculdade,Solteiro,Blue,2706.0,2,5047,0
789900633,49,F,40,2,Ensino Medio,Casado,Blue,3263.0,3,4288,0
789122808,41,F,29,4,Faculdade,Casado,Blue,3281.0,2,2907,1
709902108,51,M,40,2,Ensino Medio,Casado,Blue,8169.0,3,4927,0
713666058,46,F,38,5,Faculdade,Divorciado,Blue,3276.0,1,4264,0
778936008,46,F,30,4,Ensino Medio,Casado,Blue,5869.0,1,5103,0
708085458,34,F,24,2,Ensino Fundamental,Solteiro,Blue,1438.3,2,3940,0
716170308,27,F,36,0,Mestrado,Divorciado,Blue,13439.0,1,4715,0
711507783,54,F,42,2,Doutorado,Solteiro,Blue,1694.0,4,1930,1
819752133,41,M,36,2,Ensino Medio,Divorciado,Blue,1636.0,2,4695,0
711061908,48,F,38,1,Mestrado,Casado,Blue,1449.0,2,4039,0
744231708,45,F,38,2,Mestrado,Casado,Blue,1513.0,3,4166,0
716856408,39,F,28,4,Mestrado,Solteiro,Blue,1438.3,2,2392,1
711780108,46,F,38,4,Doutorado,Divorciado,Blue,4120.0,3,4792,0
721418133,45,F,33,3,Mestrado,Solteiro,Blue,2016.0,2,4535,0
720124758,49,M,40,3,Ensino Fundamental,Casado,Blue,2509.0,4,2239,1
809068983,40,F,35,2,Mestrado,Casado,Blue,3511.0,1,5238,0
711052308,45,M,37,3,Pos-Graduacao,Divorciado,Blue,2751.0,3,4453,0
718967433,34,F,36,2,Ensino Medio,Divorciado,Blue,2426.0,6,4918,0
709827933,44,M,36,2,Mestrado,Casado,Blue,12230.0,3,3659,0
787568433,42,M,33,3,Mestrado,Solteiro,Blue,7328.0,1,4518,0
720256158,47,F,40,2,Ensino Medio,Casado,Blue,2264.0,1,4279,0
715435758,42,M,36,2,Mestrado,Solteiro,Blue,3046.0,1,4711,0
719505483,51,F,36,0,Ensino Fundamental,Casado,Blue,5881.0,3,4431,0
721247883,52,M,41,2,Faculdade,Casado,Blue,16207.0,2,3621,0
789692283,47,F,34,5,Faculdade,Solteiro,Blue,5950.0,3,4655,0
715129233,51,F,36,4,Ensino Medio,Solteiro,Blue,2902.0,3,4748,0
714083208,47,F,38,3,Faculdade,Casado,Blue,1585.0,2,4656,0
716559108,47,F,36,1,Ensino Medio,Solteiro,Blue,2899.0,2,4296,0
788744058,48,F,27,2,Ensino Medio,Casado,Blue,4009.0,1,4506,0
708499608,49,M,36,5,Pos-Graduacao,Solteiro,Silver,15525.0,1,4042,0
794947683,35,F,29,4,Mestrado,Solteiro,Blue,2118.0,3,4541,0
716442333,34,F,25,3,Mestrado,Casado,Blue,2275.0,2,4977,0
772189308,59,F,48,1,Faculdade,Solteiro,Blue,2601.0,2,4899,0
721529583,52,M,41,3,Ensino Medio,Solteiro,Blue,4642.0,3,3532,0
713578608,58,M,46,0,Doutorado,Solteiro,Blue,1438.3,4,4082,0
711505308,59,F,52,1,Mestrado,Solteiro,Blue,2636.0,3,4727,0
711131958,50,F,42,3,Doutorado,Solteiro,Blue,3743.0,3,4621,0
714687858,49,F,41,1,Mestrado,Solteiro,Blue,1438.3,1,4538,0
780289308,61,F,47,0,Ensino Medio,Casado,Blue,4130.0,3,2418,1
778857108,52,F,33,3,Pos-Graduacao,Casado,Blue,3900.0,2,4337,0
756598833,38,M,31,1,Ensino Fundamental,Casado,Blue,6236.0,3,5389,0
718748133,34,F,23,3,Mestrado,Solteiro,Blue,2591.0,1,3876,0
714503433,57,F,36,2,Doutorado,Casado,Blue,1615.0,3,2212,1
710869008,47,F,36,3,Mestrado,Solteiro,Blue,8332.0,1,5108,0
779643858,55,F,38,1,Mestrado,Casado,Blue,2033.0,5,4100,0
714396558,57,F,51,3,Ensino Medio,Casado,Blue,1511.0,2,4683,0
752766783,43,F,36,4,Mestrado,Divorciado,Blue,11536.0,2,4106,0
715532208,65,F,55,1,Ensino Medio,Solteiro,Blue,4010.0,3,3807,0
719130558,55,F,44,2,Ensino Fundamental,Casado,Blue,1669.0,2,4085,0
806232408,54,F,49,3,Mestrado,Casado,Blue,11905.0,1,4022,0
715497558,44,F,36,1,Faculdade,Casado,Blue,3052.0,3,2598,1
713522058,39,F,30,0,Faculdade,Casado,Blue,1978.0,2,4299,0
719074308,37,F,27,3,Faculdade,Casado,Blue,1438.3,2,4621,0
711881733,55,F,46,1,Mestrado,Casado,Blue,1606.0,3,4548,0
710310108,46,F,29,1,Doutorado,Casado,Blue,2406.0,3,4665,0
717252483,57,F,41,2,Mestrado,Casado,Blue,2796.0,3,2196,1
770874483,54,F,40,1,Pos-Graduacao,Casado,Blue,2876.0,1,4302,0
719742108,38,F,26,1,Ensino Medio,Solteiro,Blue,3554.0,2,2372,1
717208833,34,F,21,3,Ensino Medio,Solteiro,Blue,1576.0,2,2703,1
709022883,44,F,36,4,Faculdade,Casado,Blue,1438.3,3,4257,0
713653983,39,M,26,3,Ensino Fundamental,Solteiro,Blue,2973.0,2,4342,0
713463708,40,F,25,4,Mestrado,Solteiro,Blue,1438.3,2,2493,1
789143283,41,F,30,1,Ensino Fundamental,Solteiro,Blue,5647.0,2,4868,0
779791908,47,F,36,4,Pos-Graduacao,Solteiro,Blue,2896.0,3,4970,0
789515283,51,M,43,3,Mestrado,Casado,Blue,2157.0,1,4784,0
712046808,49,F,42,3,Doutorado,Divorciado,Blue,3802.0,3,2003,1
712169883,43,M,36,1,Faculdade,Casado,Blue,13840.0,3,4190,0
708712833,45,F,36,5,Mestrado,Casado,Blue,2289.0,1,4483,0
708888633,52,M,36,3,Doutorado,Casado,Blue,3022.0,3,2724,1
721012983,46,M,38,3,Doutorado,Casado,Blue,12935.0,1,3528,0
714595983,49,F,41,1,Ensino Fundamental,Casado,Blue,1438.3,3,2030,1
715725858,43,F,26,3,Pos-Graduacao,Solteiro,Blue,2256.0,2,4893,0
720270633,40,F,36,3,Mestrado,Solteiro,Blue,1516.0,3,2709,1
708525108,54,F,47,2,Mestrado,Casado,Blue,2156.0,3,4120,0
709621008,48,M,30,5,Pos-Graduacao,Solteiro,Blue,5826.0,3,4135,0
717181833,39,F,30,1,Mestrado,Solteiro,Silver,10190.0,2,3768,0
711288558,45,F,28,3,Mestrado,Solteiro,Blue,2035.0,2,4670,0
718653333,45,F,33,2,Faculdade,Solteiro,Blue,1833.0,3,2037,1
766628733,56,M,49,3,Ensino Fundamental,Solteiro,Blue,1623.0,3,4965,0
719690733,47,F,40,4,Ensino Medio,Casado,Blue,4490.0,2,4346,0
770783508,48,M,34,3,Mestrado,Divorciado,Blue,11062.0,3,4084,0
713422083,30,F,36,0,Mestrado,Solteiro,Blue,1574.0,3,2560,1
718026858,52,F,36,2,Faculdade,Solteiro,Blue,2370.0,2,4751,0
716028108,35,F,18,2,Faculdade,Solteiro,Blue,2658.0,2,4667,0
712222758,38,F,36,3,Mestrado,Casado,Blue,2300.0,2,2500,1
718436133,44,F,36,2,Mestrado,Solteiro,Blue,2368.0,2,4289,0
719313633,53,F,36,0,Ensino Medio,Casado,Blue,2883.0,2,4244,0
814586958,43,F,38,2,Faculdade,Divorciado,Blue,3264.0,3,4624,0
713060283,43,F,34,5,Mestrado,Casado,Blue,7135.0,1,3746,0
713070033,56,F,43,2,Mestrado,Solteiro,Blue,1438.3,3,4830,0
793625583,48,F,42,3,Ensino Medio,Solteiro,Blue,3743.0,1,4674,0
713918358,31,F,36,0,Ensino Fundamental,Divorciado,Blue,5190.0,3,4900,0
714308283,41,M,32,2,Doutorado,Casado,Blue,6059.0,3,4119,0
714086133,47,F,36,4,Ensino Fundamental,Solteiro,Blue,2577.0,2,4576,0
718872858,43,F,36,2,Ensino Medio,Casado,Blue,3761.0,1,4476,0
718148358,50,F,36,3,Ensino Medio,Casado,Blue,1572.0,3,2447,1
715347783,40,M,35,4,Ensino Medio,Casado,Blue,4402.0,3,3063,0
807915408,41,F,36,2,Faculdade,Casado,Blue,6602.0,2,4479,0
794507133,37,F,18,2,Doutorado,Solteiro,Blue,1900.0,1,2880,1
712569408,56,F,44,4,Doutorado,Solteiro,Blue,3455.0,2,4925,0
788805108,47,M,30,3,Ensino Medio,Solteiro,Blue,18123.0,3,4259,0
710150208,44,F,26,4,Pos-Graduacao,Divorciado,Blue,2295.0,1,3834,0
711825558,38,M,19,3,Mestrado,Casado,Blue,1518.0,2,3595,0
719680908,47,F,27,0,Faculdade,Casado,Blue,1776.0,1,4878,0
801053208,39,F,33,3,Ensino Medio,Casado,Blue,1968.0,3,4199,0
758642733,48,F,41,1,Mestrado,Solteiro,Blue,1860.0,1,5163,0
771201408,53,F,40,3,Mestrado,Divorciado,Blue,2684.0,2,5299,0
789523683,51,F,43,2,Mestrado,Solteiro,Blue,2180.0,1,4348,0
767266758,41,F,34,2,Ensino Medio,Solteiro,Blue,1661.0,3,2473,1
713732883,38,F,36,0,Ensino Fundamental,Solteiro,Blue,1679.0,1,4771,0
720739083,36,F,25,2,Pos-Graduacao,Casado,Blue,1691.0,2,2716,1
718010133,46,F,35,2,Pos-Graduacao,Solteiro,Blue,2888.0,2,3703,0
771518658,58,F,46,1,Ensino Medio,Casado,Blue,1871.0,3,4553,0
719334408,42,F,36,3,Pos-Graduacao,Casado,Blue,4959.0,3,4286,0
717500133,42,M,36,4,Ensino Fundamental,Solteiro,Blue,10374.0,2,4240,0
720988083,45,F,35,1,Ensino Fundamental,Casado,Blue,1438.3,3,4425,0
713594883,44,F,32,2,Ensino Fundamental,Solteiro,Blue,1486.0,3,2380,1
719848908,41,F,33,3,Mestrado,Casado,Blue,2542.0,3,4087,0
717429258,48,F,39,3,Doutorado,Solteiro,Blue,1644.0,3,2450,1
717022533,43,F,36,2,Pos-Graduacao,Solteiro,Blue,2283.0,1,4088,0
780055308,43,F,28,3,Faculdade,Solteiro,Blue,1438.3,1,4482,0
714252933,52,F,45,2,Faculdade,Divorciado,Blue,1438.3,2,4737,0
713336883,61,F,36,0,Ensino Medio,Solteiro,Blue,1760.0,3,2285,1
710815608,43,M,25,2,Ensino Medio,Casado,Blue,2049.0,2,4521,0
809626983,48,F,43,3,Ensino Medio,Casado,Blue,1670.0,3,2790,1
711694083,59,F,48,0,Pos-Graduacao,Solteiro,Blue,3030.0,2,4724,0
712258308,58,F,39,4,Ensino Medio,Solteiro,Blue,2755.0,1,4394,0
713884458,51,M,37,4,Ensino Medio,Solteiro,Blue,8783.0,2,4425,0
716160708,64,M,36,1,Mestrado,Solteiro,Blue,1861.0,3,5225,0
772728933,50,M,40,2,Ensino Medio,Casado,Blue,13709.0,4,2511,1
712117983,49,M,39,4,Mestrado,Casado,Blue,17285.0,3,4787,0
788694558,53,F,40,3,Ensino Fundamental,Solteiro,Blue,1438.3,2,4463,0
709275558,54,M,44,2,Mestrado,Solteiro,Blue,7866.0,3,4238,0
711216933,42,F,36,1,Ensino Medio,Casado,Blue,2190.0,3,5026,0
717069033,43,F,30,4,Mestrado,Casado,Blue,4829.0,1,4778,0
714992733,46,M,36,3,Mestrado,Divorciado,Blue,3210.0,1,3962,0
809445858,38,F,32,0,Mestrado,Solteiro,Blue,1755.0,3,5000,0
708859158,47,F,37,4,Mestrado,Solteiro,Blue,1438.3,1,4341,0
714667608,47,M,36,5,Pos-Graduacao,Casado,Blue,6043.0,3,4256,0
714475908,43,M,35,2,Ensino Fundamental,Solteiro,Blue,6348.0,3,1732,1
713656308,56,F,48,0,Ensino Medio,Casado,Blue,1438.3,3,4210,0
716790633,43,M,36,3,Mestrado,Casado,Blue,17239.0,2,1789,1
716127333,45,F,36,3,Mestrado,Casado,Blue,18432.0,2,2300,1
713017758,47,F,32,1,Ensino Fundamental,Solteiro,Blue,1636.0,2,5056,0
717893358,43,F,33,3,Mestrado,Casado,Blue,7951.0,1,4452,0
780032208,44,M,34,3,Mestrado,Casado,Blue,14201.0,3,2223,1
711676008,52,F,44,1,Mestrado,Solteiro,Blue,2019.0,2,3603,0
714192033,43,F,25,3,Ensino Medio,Solteiro,Blue,10305.0,1,4018,0
711772983,43,M,35,2,Ensino Medio,Solteiro,Blue,1849.0,2,4678,0
802937058,53,M,47,1,Mestrado,Casado,Blue,2540.0,3,4480,0
712493058,42,F,31,5,Ensino Medio,Solteiro,Blue,4972.0,3,4524,0
718808883,55,F,47,2,Mestrado,Solteiro,Silver,13565.0,3,3705,0
719685408,40,M,29,2,Ensino Fundamental,Casado,Blue,6332.0,2,2505,1
708829758,41,M,36,2,Ensino Medio,Casado,Blue,6062.0,3,3877,0
710792733,47,F,29,3,Pos-Graduacao,Casado,Blue,2897.0,2,4491,0
716838633,46,M,36,4,Ensino Medio,Solteiro,Blue,13407.0,5,4869,0
714041283,50,F,40,2,Mestrado,Solteiro,Blue,6610.0,2,4735,0
710284233,33,M,36,4,Ensino Fundamental,Casado,Blue,1438.3,3,2439,1
752944533,45,F,34,5,Ensino Medio,Casado,Blue,2030.0,1,5067,0
713312208,53,M,43,1,Ensino Medio,Casado,Blue,3146.0,2,1868,1
804045933,36,M,30,0,Mestrado,Casado,Blue,5302.0,3,4284,0
713432508,42,F,36,3,Pos-Graduacao,Casado,Blue,4328.0,3,4593,0
799475658,51,F,45,3,Ensino Fundamental,Casado,Blue,2238.0,3,4508,0
719849958,44,F,36,4,Mestrado,Solteiro,Blue,2658.0,3,4779,0
715803933,47,M,36,1,Pos-Graduacao,Solteiro,Blue,9090.0,2,4422,0
708281433,57,F,36,2,Mestrado,Casado,Blue,1438.3,1,3848,0
779844408,43,F,27,1,Pos-Graduacao,Casado,Blue,1438.3,3,2137,1
721306908,61,F,44,1,Mestrado,Solteiro,Blue,2303.0,3,3440,0
713964858,51,M,41,2,Mestrado,Divorciado,Blue,2792.0,2,4074,0
717545808,44,F,32,4,Pos-Graduacao,Solteiro,Blue,2900.0,1,4549,0
771232533,46,F,33,2,Mestrado,Casado,Blue,2267.0,3,4249,0
710883483,52,F,34,1,Mestrado,Casado,Blue,4189.0,3,4661,0
801715383,45,M,39,4,Mestrado,Casado,Blue,12890.0,3,2216,1
719594433,35,F,26,2,Mestrado,Solteiro,Blue,3269.0,1,4672,0
716310633,59,F,36,1,Pos-Graduacao,Solteiro,Blue,2759.0,2,5037,0
714188883,46,F,37,5,Doutorado,Solteiro,Blue,1787.0,2,2345,1
772437633,43,M,33,3,Mestrado,Solteiro,Blue,6854.0,2,4578,0
708536283,35,M,27,1,Doutorado,Solteiro,Blue,2904.0,2,2653,1
772569033,44,M,34,0,Ensino Medio,Divorciado,Blue,5293.0,2,4572,0
714443883,57,F,49,3,Mestrado,Casado,Blue,1781.0,2,4593,0
788440083,55,M,48,2,Ensino Fundamental,Solteiro,Silver,34516.0,3,3807,0
709307808,59,F,36,2,Ensino Medio,Casado,Blue,4375.0,3,2507,1
715701033,43,M,33,2,Mestrado,Casado,Blue,2111.0,3,2112,1
718478883,55,F,36,2,Faculdade,Solteiro,Blue,3123.0,1,4424,0
788734158,42,M,19,4,Mestrado,Casado,Blue,8374.0,3,4493,0
794490858,48,F,28,1,Ensino Medio,Casado,Silver,15713.0,1,4775,0
718826883,50,M,36,3,Ensino Fundamental,Solteiro,Blue,6925.0,3,2506,1
716733933,42,F,30,2,Ensino Medio,Casado,Blue,1898.0,3,5051,0
809307108,44,F,39,1,Ensino Medio,Solteiro,Blue,2021.0,3,4209,0
778671483,33,F,13,3,Ensino Fundamental,Solteiro,Blue,1630.0,3,4143,0
815504583,48,F,43,4,Mestrado,Solteiro,Blue,1538.0,2,2275,1
789319458,48,M,38,5,Ensino Fundamental,Solteiro,Blue,22639.0,2,4219,0
710382108,39,F,19,3,Pos-Graduacao,Casado,Blue,2452.0,1,4204,0
709891608,41,M,24,2,Ensino Medio,Casado,Blue,9924.0,2,1949,1
717136533,37,F,26,2,Ensino Fundamental,Solteiro,Blue,2586.0,2,4883,0
795613233,48,F,42,2,Mestrado,Casado,Blue,10514.0,2,4949,0
709009833,54,M,44,3,Mestrado,Casado,Blue,1655.0,3,4621,0
720054183,41,F,25,2,Mestrado,Solteiro,Blue,2768.0,2,5112,0
801508383,48,M,42,2,Mestrado,Casado,Blue,25658.0,3,4498,0
711949683,55,F,36,2,Faculdade,Divorciado,Blue,4410.0,2,1883,1
720064158,51,F,36,3,Pos-Graduacao,Casado,Blue,1438.3,2,4323,0
719524383,35,F,22,3,Mestrado,Solteiro,Blue,2441.0,1,4105,0
713804883,46,F,37,4,Pos-Graduacao,Solteiro,Blue,1836.0,2,1799,1
710359458,50,F,36,1,Mestrado,Casado,Blue,2560.0,1,4456,0
716311683,43,M,36,4,Faculdade,Casado,Blue,32733.0,1,3452,0
753795633,48,F,41,2,Ensino Fundamental,Casado,Blue,2964.0,3,2327,1
820657083,53,M,48,4,Faculdade,Solteiro,Silver,34516.0,1,3819,0
716901858,49,M,39,4,Doutorado,Casado,Blue,1438.3,1,3691,0
756571983,45,F,36,3,Ensino Medio,Solteiro,Blue,2020.0,2,4951,0
778268508,56,F,47,2,Ensino Fundamental,Solteiro,Blue,5261.0,2,4448,0
778984383,43,F,31,3,Ensino Medio,Casado,Blue,2692.0,3,4622,0
720771933,49,F,36,3,Pos-Graduacao,Casado,Blue,1994.0,2,4434,0
748827033,44,M,37,3,Mestrado,Divorciado,Blue,3290.0,2,4780,0
712591983,52,F,41,5,Mestrado,Solteiro,Blue,3035.0,2,4104,0
712181658,37,F,36,2,Mestrado,Solteiro,Blue,2407.0,3,4983,0
712297683,47,F,35,3,Faculdade,Casado,Blue,1781.0,3,2196,1
714684933,40,F,28,1,Ensino Fundamental,Casado,Blue,3680.0,2,2725,1
772310958,42,F,31,2,Mestrado,Casado,Blue,4311.0,6,4965,0
715343883,42,F,32,3,Ensino Medio,Solteiro,Blue,1931.0,3,4693,0
720470133,59,M,36,0,Mestrado,Solteiro,Blue,3604.0,3,4576,0
710420133,47,F,34,2,Mestrado,Casado,Blue,2190.0,2,4416,0
716304483,46,F,36,3,Ensino Medio,Casado,Blue,3413.0,2,5029,0
710515308,42,F,36,1,Mestrado,Solteiro,Blue,3595.0,3,5025,0
797241108,47,M,41,1,Mestrado,Casado,Blue,9036.0,3,4500,0
708884658,48,F,31,2,Mestrado,Casado,Blue,2315.0,1,4828,0
794475483,44,M,27,4,Ensino Fundamental,Casado,Silver,34516.0,3,4654,0
714315858,56,F,37,3,Ensino Medio,Casado,Blue,4008.0,1,5429,0
717217983,43,F,30,3,Mestrado,Casado,Blue,3143.0,2,5409,0
721124658,40,M,27,3,Ensino Fundamental,Solteiro,Blue,3427.0,2,2625,1
716753058,38,F,28,3,Mestrado,Solteiro,Blue,2699.0,2,4813,0
711069483,40,F,36,2,Mestrado,Solteiro,Blue,1538.0,2,4884,0
708478233,48,F,36,3,Mestrado,Casado,Blue,5573.0,2,4348,0
720815208,52,M,39,0,Ensino Medio,Solteiro,Blue,34516.0,3,2395,1
721338783,49,F,36,4,Ensino Fundamental,Casado,Blue,13483.0,2,3427,0
714121983,49,F,42,3,Mestrado,Solteiro,Blue,4349.0,2,4694,0
715061733,42,M,36,3,Faculdade,Solteiro,Blue,11698.0,1,3539,0
720520308,46,F,28,4,Mestrado,Casado,Blue,8318.0,2,2427,1
715030308,42,M,27,4,Mestrado,Casado,Blue,1503.0,1,4680,0
789479058,45,F,37,4,Faculdade,Divorciado,Blue,1438.3,3,4459,0
784998108,33,M,22,3,Ensino Medio,Casado,Blue,9094.0,3,4203,0
711808383,50,M,39,3,Mestrado,Divorciado,Blue,6362.0,1,4476,0
714250908,53,F,47,2,Mestrado,Casado,Blue,2927.0,4,2231,1
739317558,48,M,35,5,Mestrado,Casado,Blue,9030.0,3,4899,0
720644883,53,F,40,1,Faculdade,Casado,Blue,4941.0,2,5104,0
717182883,33,F,36,1,Ensino Medio,Casado,Blue,2279.0,2,4169,0
719384433,44,F,28,3,Ensino Medio,Divorciado,Blue,1877.0,2,2581,1
787301208,52,M,46,2,Ensino Fundamental,Divorciado,Blue,1438.3,1,3763,0
721316358,41,M,28,3,Ensino Medio,Casado,Blue,9577.0,1,4086,0
716118633,43,M,36,2,Pos-Graduacao,Divorciado,Blue,5427.0,1,4328,0
789880533,46,F,36,4,Mestrado,Solteiro,Blue,5913.0,3,2404,1
711221958,43,F,26,3,Mestrado,Solteiro,Blue,2867.0,2,2646,1
715510683,40,F,29,1,Ensino Medio,Solteiro,Blue,2506.0,2,4665,0
718689258,39,F,29,2,Doutorado,Casado,Blue,1693.0,2,4203,0
716368008,54,F,36,1,Mestrado,Casado,Blue,3137.0,2,2925,1
712092783,47,F,40,3,Doutorado,Solteiro,Blue,2437.0,2,2027,1
789541458,35,F,28,1,Ensino Medio,Casado,Blue,1438.3,0,4840,0
719539458,46,F,41,3,Mestrado,Solteiro,Blue,3913.0,3,5170,0
713082708,41,F,36,2,Ensino Medio,Casado,Blue,4953.0,2,4183,0
794665608,48,F,33,3,Mestrado,Solteiro,Blue,5724.0,2,4510,0
712827258,37,M,25,3,Ensino Fundamental,Casado,Blue,1438.3,0,5046,0
708726708,42,F,36,3,Mestrado,Solteiro,Blue,1451.0,2,2192,1
768498258,47,F,41,1,Ensino Medio,Casado,Blue,2950.0,2,4740,0
712767858,42,F,30,0,Faculdade,Solteiro,Blue,1438.3,2,2181,1
712445583,33,F,15,0,Faculdade,Solteiro,Blue,2299.0,1,2323,1
711461658,47,M,29,1,Ensino Medio,Casado,Blue,3291.0,3,3228,0
710074458,41,F,34,5,Ensino Medio,Divorciado,Blue,2137.0,1,4290,0
779279883,60,F,42,2,Ensino Medio,Casado,Blue,1438.3,3,1628,1
710319108,54,F,47,2,Ensino Medio,Casado,Blue,1804.0,2,4542,0
769974258,44,M,38,3,Pos-Graduacao,Solteiro,Blue,19724.0,2,3830,0
717819633,49,F,42,3,Ensino Fundamental,Casado,Blue,3949.0,1,4124,0
712953483,64,F,36,0,Mestrado,Solteiro,Blue,1682.0,3,1811,1
779029458,54,F,35,1,Pos-Graduacao,Solteiro,Blue,1724.0,3,2725,1
721321383,50,F,41,3,Doutorado,Casado,Blue,2372.0,3,4418,0
716973333,40,M,28,3,Ensino Fundamental,Casado,Blue,4642.0,3,5080,0
709946658,49,F,30,4,Faculdade,Solteiro,Blue,2765.0,3,4629,0
709999308,51,M,40,3,Ensino Fundamental,Casado,Blue,3150.0,2,3477,0
712389108,43,F,36,2,Mestrado,Casado,Blue,2570.0,3,4058,0
712305333,59,M,53,0,Mestrado,Solteiro,Blue,4386.0,2,4064,0
812785158,42,M,37,4,Ensino Fundamental,Casado,Blue,2411.0,3,4331,0
765459858,47,M,40,3,Mestrado,Divorciado,Blue,6397.0,4,2511,1
711296508,49,F,42,3,Mestrado,Solteiro,Blue,2608.0,2,4776,0
795713058,45,M,39,3,Pos-Graduacao,Casado,Blue,4409.0,1,4292,0
789487308,48,M,39,2,Doutorado,Solteiro,Blue,10033.0,2,4106,0
720130233,48,M,36,2,Ensino Medio,Solteiro,Blue,1641.0,3,2536,1
789047208,57,F,45,2,Ensino Medio,Solteiro,Blue,2454.0,1,4983,0
715864983,56,F,43,2,Ensino Medio,Casado,Blue,1978.0,2,4870,0
708765933,46,M,36,2,Pos-Graduacao,Casado,Blue,5464.0,2,4866,0
809320908,42,M,37,3,Ensino Medio,Solteiro,Blue,5951.0,3,4160,0
779324358,49,F,31,2,Ensino Fundamental,Solteiro,Blue,2381.0,1,4013,0
713730108,48,M,38,4,Pos-Graduacao,Divorciado,Blue,11596.0,2,4686,0
711783483,55,F,46,3,Pos-Graduacao,Solteiro,Blue,5162.0,3,3562,0
719294433,63,F,55,1,Ensino Fundamental,Solteiro,Blue,16312.0,3,4366,0
718279008,44,M,36,3,Ensino Medio,Solteiro,Silver,25276.0,2,2282,1
721238508,38,F,26,3,Ensino Medio,Solteiro,Blue,1939.0,3,4790,0
709365483,45,F,36,2,Doutorado,Divorciado,Blue,2788.0,3,4437,0
718477983,54,F,42,3,Ensino Medio,Casado,Blue,1438.3,2,4776,0
717239133,52,F,40,1,Faculdade,Casado,Blue,10317.0,3,3939,0
814091058,38,F,33,1,Faculdade,Solteiro,Blue,3119.0,2,2492,1
710555433,42,F,36,4,Mestrado,Solteiro,Blue,2803.0,2,2216,1
715984908,52,M,36,2,Mestrado,Casado,Blue,2866.0,3,4850,0
788769783,42,F,23,4,Faculdade,Divorciado,Blue,1878.0,1,4707,0
715496808,53,F,36,1,Mestrado,Casado,Blue,2712.0,3,4159,0
779931783,52,M,38,2,Ensino Medio,Solteiro,Blue,34516.0,3,2213,1
818763033,34,F,29,3,Mestrado,Casado,Blue,6169.0,1,4794,0
711953358,51,M,35,2,Mestrado,Casado,Blue,6205.0,2,4605,0
716432658,48,F,36,3,Ensino Medio,Casado,Blue,1438.3,2,4490,0
712691883,41,F,36,2,Ensino Medio,Casado,Blue,2811.0,2,2245,1
709759908,46,M,36,2,Mestrado,Casado,Blue,1939.0,2,4327,0
788667408,50,F,21,2,Ensino Medio,Casado,Blue,2965.0,1,4475,0
708316008,59,F,36,1,Mestrado,Solteiro,Blue,10031.0,2,1792,1
714655758,62,M,36,0,Mestrado,Divorciado,Blue,4049.0,3,4003,0
711846183,38,F,26,3,Mestrado,Solteiro,Blue,2669.0,2,2271,1
720612333,44,F,28,3,Faculdade,Solteiro,Blue,1951.0,2,2697,1
714673833,59,F,36,1,Mestrado,Solteiro,Blue,1528.0,3,4411,0
710525508,48,F,36,2,Ensino Medio,Casado,Blue,1438.3,3,2090,1
714319233,44,M,36,5,Mestrado,Divorciado,Blue,6538.0,3,2132,1
708886533,50,M,41,1,Mestrado,Solteiro,Blue,13032.0,1,4348,0
716239383,45,F,36,4,Ensino Medio,Casado,Blue,2225.0,2,4138,0
714672933,52,F,36,3,Mestrado,Casado,Blue,3143.0,4,4417,0
809954133,49,M,44,2,Ensino Fundamental,Casado,Blue,5013.0,1,5223,0
714855108,60,F,50,0,Ensino Medio,Casado,Blue,3466.0,0,4073,0
718730283,38,F,18,2,Mestrado,Casado,Blue,1686.0,3,4891,0
804428958,47,M,42,1,Mestrado,Casado,Blue,1626.0,2,4847,0
711474333,57,F,51,2,Ensino Fundamental,Solteiro,Blue,1614.0,5,1690,1
720070383,41,F,29,3,Ensino Fundamental,Solteiro,Blue,2429.0,3,4775,0
714527433,39,M,30,4,Mestrado,Casado,Blue,17523.0,2,1974,1
789267633,54,F,43,2,Faculdade,Casado,Blue,2573.0,4,4404,0
714523383,43,F,33,3,Mestrado,Solteiro,Blue,2900.0,2,4656,0
713996283,32,F,36,2,Pos-Graduacao,Solteiro,Blue,2352.0,5,5209,0
714557583,58,F,36,2,Faculdade,Solteiro,Blue,2212.0,4,4976,0
714014733,33,M,36,2,Faculdade,Solteiro,Blue,9642.0,3,2172,1
779065458,56,M,37,1,Ensino Medio,Casado,Blue,9257.0,1,4212,0
778801608,50,M,39,2,Faculdade,Casado,Blue,3606.0,4,3568,0
720728133,44,M,33,4,Ensino Fundamental,Solteiro,Blue,1714.0,3,4180,0
718153233,46,M,36,3,Ensino Fundamental,Casado,Blue,23512.0,2,3764,0
714960408,44,F,34,3,Faculdade,Solteiro,Blue,1605.0,3,2722,1
772382283,46,F,36,3,Mestrado,Casado,Blue,2302.0,3,2689,1
817236708,42,M,25,3,Ensino Fundamental,Casado,Blue,13546.0,2,3943,0
792795933,39,F,30,1,Mestrado,Solteiro,Blue,2669.0,6,3847,0
804337233,45,F,35,4,Ensino Medio,Solteiro,Blue,1502.0,2,4890,0
806140383,59,M,54,2,Ensino Medio,Solteiro,Blue,2791.0,2,2658,1
719556558,46,M,34,2,Doutorado,Casado,Blue,3499.0,3,3972,0
771455508,60,F,48,0,Faculdade,Solteiro,Blue,1438.3,1,4104,0
712214283,40,M,28,2,Mestrado,Casado,Blue,18295.0,3,4827,0
712667058,39,F,29,1,Mestrado,Solteiro,Blue,1568.0,1,4531,0
715393908,57,F,36,2,Pos-Graduacao,Casado,Blue,2712.0,0,4520,0
751518633,48,M,41,5,Pos-Graduacao,Solteiro,Silver,34516.0,3,2260,1
769100508,55,F,49,5,Ensino Medio,Solteiro,Blue,2177.0,2,5228,0
720582558,44,F,34,2,Ensino Fundamental,Casado,Blue,2296.0,3,5108,0
710773533,43,F,35,3,Pos-Graduacao,Casado,Blue,2435.0,3,5268,0
712395408,51,F,41,3,Mestrado,Divorciado,Blue,1495.0,3,2552,1
818459733,41,M,26,3,Doutorado,Solteiro,Blue,9220.0,2,2276,1
708867408,52,M,40,2,Ensino Medio,Casado,Blue,23128.0,4,2050,1
772457583,47,F,37,2,Doutorado,Solteiro,Blue,4254.0,0,5385,0
712649058,54,F,36,2,Ensino Fundamental,Solteiro,Blue,3554.0,2,4121,0
788737083,34,F,13,2,Ensino Medio,Casado,Blue,1798.0,2,4551,0
714012258,44,F,34,2,Faculdade,Solteiro,Blue,2429.0,2,4122,0
757662258,46,F,39,4,Mestrado,Divorciado,Blue,2477.0,1,5138,0
714388158,36,F,36,2,Ensino Fundamental,Divorciado,Blue,14304.0,2,4746,0
720067083,30,F,36,0,Ensino Medio,Solteiro,Blue,1536.0,1,3904,0
713396358,32,F,13,1,Mestrado,Solteiro,Blue,3558.0,1,4878,0
712138008,52,F,36,2,Mestrado,Casado,Blue,2396.0,3,4569,0
709279608,45,M,35,4,Ensino Medio,Casado,Blue,9852.0,2,3813,0
788771733,49,M,30,4,Ensino Medio,Solteiro,Blue,1579.0,3,4354,0
770717883,42,F,28,2,Faculdade,Casado,Blue,1820.0,2,4592,0
711004533,44,F,26,2,Mestrado,Solteiro,Blue,2240.0,3,4399,0
709482633,43,F,31,4,Ensino Fundamental,Casado,Blue,1773.0,1,5400,0
717381183,27,F,36,0,Mestrado,Casado,Blue,1674.0,2,4513,0
719716983,46,F,39,4,Mestrado,Casado,Blue,3257.0,3,4042,0
711117108,48,F,36,3,Ensino Medio,Casado,Silver,32611.0,2,3916,0
780567408,47,F,38,3,Mestrado,Divorciado,Blue,3027.0,1,3912,0
778810083,45,F,35,3,Mestrado,Solteiro,Blue,4210.0,3,4175,0
778696608,46,M,27,3,Mestrado,Divorciado,Blue,10931.0,2,4802,0
771469758,55,M,43,3,Mestrado,Solteiro,Blue,34516.0,1,4131,0
714172158,51,F,36,0,Doutorado,Solteiro,Blue,2637.0,2,4525,0
713713983,42,F,33,4,Mestrado,Solteiro,Blue,2899.0,2,4906,0
709597983,65,M,56,0,Doutorado,Divorciado,Blue,1573.0,1,3349,0
708298233,49,F,37,3,Mestrado,Casado,Blue,6184.0,2,1756,1
779885358,51,M,35,0,Faculdade,Casado,Silver,34516.0,1,4587,0
709938708,56,F,47,3,Ensino Fundamental,Casado,Blue,1822.0,1,4576,0
798280683,37,M,31,3,Pos-Graduacao,Solteiro,Blue,2626.0,3,4714,0
715265208,48,F,36,1,Ensino Medio,Solteiro,Blue,1438.3,3,3868,0
826069983,46,F,42,4,Mestrado,Solteiro,Blue,13376.0,0,4515,0
708890958,55,M,42,3,Mestrado,Solteiro,Blue,31636.0,3,4231,0
795784008,44,F,38,3,Mestrado,Casado,Blue,3889.0,2,1718,1
716328558,46,M,38,2,Ensino Fundamental,Casado,Blue,11434.0,5,4520,0
780747033,43,F,34,5,Mestrado,Casado,Blue,3146.0,1,4149,0
713923233,46,M,36,3,Ensino Medio,Casado,Blue,2790.0,3,3392,0
710962308,57,F,36,4,Ensino Medio,Solteiro,Blue,4396.0,6,4826,0
713254983,62,M,50,0,Ensino Fundamental,Solteiro,Blue,14314.0,2,4355,0
720275358,47,M,30,2,Mestrado,Casado,Blue,1889.0,3,2479,1
715964058,39,F,31,1,Ensino Medio,Solteiro,Blue,1862.0,2,5105,0
721461258,53,M,39,0,Ensino Medio,Casado,Blue,2875.0,2,4399,0
710727333,49,F,36,3,Ensino Medio,Casado,Blue,1763.0,2,2813,1
717325158,46,F,33,5,Mestrado,Casado,Blue,1438.3,1,4474,0
825856083,39,M,35,1,Pos-Graduacao,Solteiro,Blue,2623.0,1,4078,0
807136758,58,F,53,2,Ensino Medio,Casado,Blue,1944.0,0,2412,1
715400733,43,F,36,3,Ensino Fundamental,Casado,Blue,1438.3,4,2116,1
713927283,39,F,34,1,Mestrado,Solteiro,Blue,2884.0,1,4809,0
711389358,42,M,23,3,Mestrado,Casado,Blue,5791.0,3,2516,1
720769533,65,M,36,0,Mestrado,Solteiro,Blue,1438.3,0,4427,0
715736283,55,F,44,4,Doutorado,Solteiro,Blue,1912.0,1,4666,0
798457833,46,F,40,3,Mestrado,Casado,Blue,3595.0,1,4534,0
794554683,41,F,26,4,Mestrado,Casado,Blue,3159.0,2,2925,1
751150233,43,M,36,5,Mestrado,Solteiro,Blue,1438.3,2,4459,0
715815783,46,M,29,3,Mestrado,Casado,Blue,3429.0,2,4591,0
712599783,39,M,36,3,Ensino Fundamental,Solteiro,Blue,12618.0,2,4768,0
719653308,49,F,40,3,Ensino Fundamental,Casado,Blue,6049.0,2,4468,0
708928908,39,F,23,1,Mestrado,Solteiro,Blue,2533.0,3,5128,0
709780158,52,F,35,1,Mestrado,Solteiro,Blue,2411.0,4,4812,0
768675483,41,M,35,4,Faculdade,Divorciado,Blue,2001.0,3,4455,0
714243408,46,F,36,2,Mestrado,Solteiro,Blue,2042.0,6,4917,0
711323283,57,M,41,2,Ensino Fundamental,Casado,Blue,2527.0,3,2767,1
719245983,46,F,38,4,Pos-Graduacao,Casado,Blue,13816.0,3,4238,0
810789708,38,F,33,1,Pos-Graduacao,Solteiro,Blue,2256.0,2,4587,0
710301858,49,F,36,5,Ensino Medio,Casado,Silver,34516.0,2,3820,0
718611333,55,M,36,3,Pos-Graduacao,Casado,Blue,6400.0,1,4475,0
787557258,52,F,42,4,Mestrado,Casado,Blue,1816.0,3,4957,0
711533058,42,F,29,2,Doutorado,Solteiro,Blue,3347.0,2,5533,0
715805133,52,F,43,1,Ensino Medio,Solteiro,Blue,2705.0,2,5532,0
708680583,53,F,36,1,Mestrado,Casado,Blue,2043.0,1,4940,0
789454683,45,F,36,3,Ensino Medio,Solteiro,Blue,1912.0,2,5046,0
711428733,50,F,39,3,Pos-Graduacao,Divorciado,Blue,3028.0,2,4144,0
715842183,42,F,35,5,Ensino Medio,Casado,Blue,1514.0,4,4004,0
778255083,52,F,42,1,Ensino Fundamental,Casado,Blue,3103.0,3,4641,0
715571583,57,F,47,2,Doutorado,Divorciado,Blue,2504.0,1,4847,0
720711483,56,F,42,1,Ensino Medio,Casado,Blue,3674.0,2,2608,1
827436483,48,M,44,1,Mestrado,Casado,Blue,2916.0,1,4336,0
710715783,52,F,45,1,Ensino Fundamental,Solteiro,Blue,1633.0,2,4436,0
758367933,56,M,49,2,Ensino Fundamental,Solteiro,Blue,5466.0,3,4435,0
721399833,43,F,34,2,Ensino Medio,Casado,Blue,2032.0,1,4736,0
708727983,62,M,36,0,Ensino Fundamental,Solteiro,Blue,3933.0,1,3048,0
713276733,45,F,36,4,Mestrado,Solteiro,Blue,3562.0,1,4490,0
809440008,39,F,34,2,Ensino Medio,Solteiro,Blue,2069.0,3,2716,1
716959833,45,M,31,3,Mestrado,Solteiro,Blue,3534.0,2,3973,0
714432108,56,F,46,3,Ensino Fundamental,Casado,Blue,2402.0,3,4610,0
772580958,57,F,47,2,Ensino Fundamental,Casado,Blue,3136.0,2,4930,0
715071483,60,F,52,1,Ensino Fundamental,Divorciado,Blue,2802.0,2,4392,0
712410858,50,F,40,4,Ensino Fundamental,Casado,Blue,2315.0,1,4143,0
711237633,49,M,29,0,Mestrado,Casado,Blue,1460.0,3,2329,1
781337658,50,F,44,1,Mestrado,Casado,Blue,2602.0,1,5532,0
718913358,36,M,36,2,Mestrado,Solteiro,Blue,4225.0,3,2659,1
715784808,57,F,48,4,Pos-Graduacao,Solteiro,Blue,2576.0,2,3913,0
718452633,35,F,36,4,Mestrado,Casado,Blue,1931.0,3,2569,1
769883733,46,M,40,3,Pos-Graduacao,Solteiro,Blue,2344.0,4,2098,1
801977733,40,F,34,2,Ensino Medio,Solteiro,Blue,2395.0,2,4481,0
709175208,50,F,43,4,Ensino Fundamental,Solteiro,Blue,2835.0,3,4686,0
720835308,49,F,34,2,Ensino Fundamental,Casado,Blue,3017.0,1,4389,0
717365958,50,F,36,1,Mestrado,Casado,Blue,1438.3,2,4765,0
779577108,49,F,32,1,Doutorado,Solteiro,Blue,1438.3,3,4052,0
801497508,56,F,50,1,Mestrado,Casado,Blue,1584.0,3,4203,0
716131083,47,M,35,2,Mestrado,Solteiro,Blue,2676.0,1,4640,0
711122958,41,F,33,3,Mestrado,Solteiro,Blue,1764.0,3,2105,1
717699408,51,F,36,3,Mestrado,Casado,Blue,2886.0,3,4884,0
709329558,49,F,34,4,Ensino Medio,Solteiro,Gold,15569.0,3,4566,0
721222833,51,F,36,3,Mestrado,Casado,Blue,1565.0,3,4798,0
712682583,44,M,35,5,Ensino Medio,Solteiro,Blue,5947.0,2,4984,0
710051658,46,M,37,3,Mestrado,Casado,Blue,18821.0,3,4402,0
708606633,56,F,44,3,Mestrado,Casado,Blue,1544.0,3,1902,1
710862258,41,F,36,2,Ensino Fundamental,Casado,Blue,1755.0,2,4786,0
720072933,49,F,36,4,Mestrado,Casado,Blue,1438.3,3,4759,0
757527033,53,F,46,2,Faculdade,Solteiro,Blue,2153.0,5,4628,0
713115483,44,F,36,3,Ensino Fundamental,Casado,Blue,1684.0,3,2275,1
713985183,46,F,38,5,Mestrado,Solteiro,Blue,2799.0,5,4634,0
720133908,41,M,27,2,Pos-Graduacao,Solteiro,Blue,4461.0,1,4204,0
803197833,49,F,44,1,Pos-Graduacao,Divorciado,Blue,2597.0,5,3637,0
812222208,54,F,49,3,Ensino Fundamental,Solteiro,Blue,9733.0,4,5228,0
757634583,52,F,45,2,Mestrado,Casado,Blue,2261.0,3,4456,0
719362458,47,F,36,3,Ensino Medio,Casado,Blue,2822.0,3,5064,0
715616358,53,F,36,0,Mestrado,Casado,Blue,5843.0,4,4405,0
711784908,46,F,34,4,Ensino Medio,Solteiro,Blue,3322.0,5,3913,0
806900508,53,F,48,1,Ensino Medio,Casado,Blue,2036.0,3,4161,0
712176708,51,F,36,3,Ensino Fundamental,Solteiro,Blue,3747.0,3,4609,0
719724933,58,F,51,1,Ensino Fundamental,Casado,Blue,2220.0,4,4396,0
716537433,50,F,36,2,Faculdade,Casado,Blue,2428.0,4,5170,0
787558683,45,F,35,4,Pos-Graduacao,Solteiro,Blue,1850.0,5,4234,0
718002633,48,F,41,2,Mestrado,Casado,Silver,16002.0,3,3667,0
808950108,39,F,34,2,Mestrado,Casado,Blue,1438.3,5,4409,0
718021608,45,F,34,3,Mestrado,Casado,Blue,1533.0,5,4659,0
788870283,56,F,41,3,Mestrado,Casado,Blue,1438.3,4,3778,0
720079758,46,F,42,3,Ensino Fundamental,Solteiro,Blue,1910.0,4,5253,0
719884983,52,M,44,2,Mestrado,Solteiro,Blue,1538.0,4,4808,0
822056583,44,F,40,4,Mestrado,Solteiro,Blue,1572.0,5,4996,0
714585033,41,F,36,4,Ensino Fundamental,Casado,Blue,1438.3,5,4532,0
713981283,52,F,46,3,Mestrado,Casado,Blue,2814.0,5,4271,0
715328658,41,F,36,5,Pos-Graduacao,Casado,Blue,1495.0,3,2622,1
708918558,37,F,36,2,Mestrado,Casado,Blue,1959.0,3,3046,1
748194633,60,F,53,1,Mestrado,Divorciado,Blue,2903.0,5,4555,0
719323683,47,F,35,3,Ensino Fundamental,Solteiro,Blue,4543.0,5,4093,0
708611733,42,F,33,1,Faculdade,Casado,Blue,3119.0,4,4659,0
708086958,49,F,41,2,Ensino Fundamental,Casado,Blue,3128.0,5,4369,0
709100283,36,F,26,2,Ensino Medio,Solteiro,Blue,5956.0,2,2828,1
718031508,45,M,37,4,Faculdade,Divorciado,Blue,1535.0,5,5168,0
709732608,41,F,36,3,Mestrado,Casado,Blue,3203.0,3,4282,0
713466033,39,F,36,2,Mestrado,Divorciado,Blue,2092.0,2,2015,1
716369208,44,F,36,3,Mestrado,Casado,Blue,2420.0,5,4954,0
781143933,43,F,36,3,Ensino Medio,Solteiro,Blue,2313.0,3,5006,0
711337158,56,M,49,2,Mestrado,Casado,Blue,3059.0,5,4774,0
714724908,41,F,36,1,Ensino Fundamental,Casado,Blue,2235.0,4,4633,0
767802483,44,M,38,4,Faculdade,Solteiro,Blue,5005.0,3,5066,0
709064208,43,F,32,2,Ensino Fundamental,Solteiro,Blue,1628.0,3,2219,1
712753758,57,F,41,1,Ensino Medio,Solteiro,Blue,2442.0,4,4313,0
807722658,51,F,46,2,Mestrado,Solteiro,Blue,2429.0,3,4761,0
826808208,60,F,56,0,Ensino Medio,Solteiro,Blue,2213.0,5,4210,0
757224108,43,F,32,4,Mestrado,Casado,Blue,2624.0,3,3929,0
816091608,37,F,32,1,Faculdade,Solteiro,Blue,1976.0,2,4424,0
819684183,46,F,41,3,Mestrado,Solteiro,Blue,3492.0,5,3043,0
719630358,50,F,36,4,Ensino Medio,Casado,Blue,3546.0,3,2616,1
721282908,44,F,29,4,Mestrado,Casado,Blue,1438.3,1,3971,0
820848408,52,F,48,4,Ensino Fundamental,Divorciado,Blue,1438.3,5,5053,0
721317333,40,F,31,4,Pos-Graduacao,Solteiro,Blue,2383.0,2,4759,0
711350133,51,M,34,2,Mestrado,Casado,Blue,13587.0,4,4995,0
803606958,57,F,52,3,Mestrado,Solteiro,Blue,3085.0,5,3946,0
721039308,40,M,36,4,Ensino Fundamental,Solteiro,Blue,32431.0,3,4400,0
713440833,61,F,36,0,Mestrado,Solteiro,Blue,2207.0,3,4348,0
717255333,40,M,36,3,Mestrado,Solteiro,Blue,6921.0,2,2729,1
714368883,50,F,36,3,Mestrado,Solteiro,Blue,7596.0,5,4338,0
788797983,42,F,24,3,Ensino Fundamental,Casado,Blue,4568.0,1,4869,0
720642633,43,F,24,4,Mestrado,Solteiro,Blue,6475.0,1,3837,0
708793008,46,M,35,3,Doutorado,Divorciado,Blue,9949.0,3,2207,1
819351258,42,F,37,3,Faculdade,Casado,Blue,2238.0,4,5339,0
715212108,41,F,36,2,Faculdade,Casado,Blue,1438.3,5,4565,0
720046458,50,F,43,0,Ensino Medio,Solteiro,Blue,2670.0,4,4491,0
779942808,42,F,28,3,Mestrado,Solteiro,Blue,1438.3,2,4482,0
713709258,43,M,32,3,Pos-Graduacao,Solteiro,Blue,2142.0,3,4424,0
779961408,58,F,43,1,Ensino Fundamental,Solteiro,Blue,3382.0,4,4854,0
798699033,52,F,46,2,Mestrado,Solteiro,Blue,8961.0,3,4408,0
754968033,40,F,33,4,Ensino Medio,Casado,Blue,1762.0,5,4899,0
710163633,41,F,36,4,Mestrado,Divorciado,Blue,1919.0,3,4996,0
781675983,59,F,53,0,Mestrado,Casado,Blue,3054.0,5,4706,0
778486008,52,F,40,3,Ensino Medio,Casado,Blue,4223.0,4,3669,0
718303683,36,F,23,2,Mestrado,Casado,Blue,1666.0,2,2622,1
716756133,43,F,33,2,Mestrado,Divorciado,Blue,2422.0,3,5079,0
711363258,49,F,39,1,Pos-Graduacao,Casado,Blue,4821.0,3,4680,0
708551508,51,F,37,2,Faculdade,Solteiro,Blue,3264.0,4,4966,0
715019883,52,M,42,3,Faculdade,Casado,Blue,4565.0,3,4139,0
711125358,45,F,39,3,Mestrado,Solteiro,Blue,1765.0,4,4803,0
708453408,40,M,31,4,Faculdade,Divorciado,Blue,16050.0,2,3721,0
716370258,49,F,36,3,Mestrado,Solteiro,Blue,2188.0,3,4537,0
803880108,47,F,41,3,Ensino Medio,Solteiro,Blue,1721.0,5,4474,0
708660408,40,F,36,1,Faculdade,Casado,Blue,1737.0,2,2459,1
716411358,43,F,36,3,Ensino Fundamental,Solteiro,Blue,2652.0,5,4676,0
717524433,52,F,40,2,Faculdade,Casado,Blue,1438.3,3,4700,0
719734533,40,F,28,4,Mestrado,Casado,Blue,1438.3,2,4921,0
712285908,60,F,49,1,Ensino Medio,Solteiro,Blue,2481.0,4,5228,0
713675658,36,F,22,1,Ensino Medio,Solteiro,Blue,9817.0,3,4636,0
712869783,56,F,36,3,Mestrado,Solteiro,Blue,4255.0,5,4606,0
708545058,45,F,36,2,Mestrado,Solteiro,Blue,1438.3,4,5136,0
817240833,51,F,36,2,Mestrado,Solteiro,Blue,4970.0,3,5023,0
711671058,48,F,38,1,Ensino Fundamental,Casado,Blue,1438.3,2,2171,1
719815383,49,F,39,4,Doutorado,Casado,Blue,2333.0,4,5137,0
808747233,50,M,45,2,Doutorado,Casado,Silver,34516.0,3,2573,1
713084208,43,M,32,4,Faculdade,Casado,Blue,4373.0,3,2397,1
806652483,41,F,36,2,Ensino Medio,Solteiro,Blue,1561.0,5,4391,0
779041983,41,M,22,5,Ensino Medio,Solteiro,Blue,1438.3,2,4439,0
818699208,47,F,42,4,Pos-Graduacao,Casado,Blue,6451.0,4,2400,1
717395733,42,F,36,3,Doutorado,Casado,Blue,4142.0,4,4512,0
719516208,54,M,36,2,Faculdade,Solteiro,Blue,34516.0,2,2329,1
717026658,43,F,32,3,Ensino Fundamental,Casado,Blue,1897.0,3,2866,1
801516183,52,F,46,4,Mestrado,Solteiro,Blue,3231.0,3,4610,0
716231133,40,F,36,4,Mestrado,Casado,Blue,1577.0,5,3453,0
709575858,53,M,36,4,Mestrado,Solteiro,Blue,2300.0,5,4527,0
720927183,56,F,36,4,Mestrado,Casado,Blue,2796.0,5,4536,0
772198983,53,F,42,2,Mestrado,Casado,Blue,3024.0,5,4463,0
721122258,38,F,36,3,Ensino Fundamental,Casado,Blue,5293.0,5,4377,0
716501133,36,F,36,2,Mestrado,Solteiro,Blue,2051.0,4,3912,0
719250783,41,F,31,1,Ensino Medio,Solteiro,Blue,1998.0,2,4637,0
789179583,28,F,17,1,Faculdade,Divorciado,Blue,11881.0,3,4865,0
708254733,41,F,36,4,Pos-Graduacao,Solteiro,Blue,2968.0,4,5171,0
719758758,42,F,23,3,Mestrado,Casado,Blue,2797.0,2,4917,0
805458933,39,F,34,2,Mestrado,Solteiro,Blue,13984.0,4,4727,0
720408708,49,F,36,2,Ensino Fundamental,Casado,Blue,2505.0,4,4109,0
788911458,40,F,26,4,Faculdade,Casado,Blue,2972.0,1,3840,0
771862308,50,M,39,1,Faculdade,Solteiro,Blue,5856.0,3,4916,0
714616308,44,F,38,4,Ensino Fundamental,Divorciado,Blue,7182.0,4,4294,0
721221783,62,M,48,2,Mestrado,Solteiro,Blue,5844.0,3,3546,0
766021083,55,F,48,1,Faculdade,Solteiro,Blue,2114.0,5,2578,1
771918033,54,M,43,4,Mestrado,Solteiro,Blue,8208.0,4,4824,0
719756133,34,M,20,4,Ensino Fundamental,Solteiro,Blue,3940.0,2,3257,1
711777633,41,M,27,3,Mestrado,Divorciado,Blue,5784.0,2,4173,0
788519958,57,F,50,2,Mestrado,Solteiro,Blue,1438.3,5,4815,0
768412608,39,F,33,1,Mestrado,Solteiro,Blue,2255.0,3,4309,0
709972908,38,F,25,2,Mestrado,Solteiro,Blue,9874.0,1,4369,0
713029683,64,M,36,0,Mestrado,Solteiro,Blue,1873.0,4,4738,0
768243858,54,M,48,3,Ensino Medio,Casado,Blue,3288.0,4,2717,1
711685758,60,F,42,1,Mestrado,Solteiro,Blue,3334.0,2,4791,0
714528258,46,M,39,2,Mestrado,Divorciado,Blue,3299.0,1,4904,0
818930808,36,F,31,2,Ensino Fundamental,Casado,Blue,2754.0,2,3937,0
713310558,47,F,28,2,Mestrado,Casado,Blue,2035.0,2,4130,0
719995008,44,F,36,4,Mestrado,Casado,Blue,3979.0,2,5024,0
811713408,58,F,53,2,Ensino Medio,Casado,Blue,2642.0,2,4897,0
709649958,62,M,46,0,Pos-Graduacao,Divorciado,Silver,28229.0,5,2281,1
708822783,53,F,36,2,Ensino Medio,Solteiro,Blue,2973.0,3,4862,0
771869508,51,F,40,2,Ensino Fundamental,Casado,Blue,1612.0,3,4924,0
804413508,41,M,36,1,Ensino Medio,Solteiro,Blue,12084.0,2,4506,0
815756058,54,F,49,1,Mestrado,Solteiro,Blue,2930.0,2,4752,0
721460283,49,F,35,3,Pos-Graduacao,Solteiro,Blue,2214.0,1,2144,1
784827108,39,F,33,1,Ensino Medio,Solteiro,Blue,2292.0,3,4043,0
717862308,45,F,27,2,Faculdade,Divorciado,Blue,2901.0,3,3835,0
716726058,48,F,30,3,Faculdade,Solteiro,Blue,2865.0,1,4609,0
717405408,31,F,18,0,Pos-Graduacao,Solteiro,Blue,3934.0,2,4143,0
771666783,43,F,31,5,Faculdade,Casado,Blue,5302.0,1,4883,0
789301458,41,F,30,4,Ensino Medio,Casado,Blue,9139.0,2,4675,0
713792583,52,F,43,2,Mestrado,Solteiro,Blue,10351.0,2,4572,0
719577258,43,F,30,2,Ensino Fundamental,Divorciado,Blue,6811.0,3,1937,1
770878458,27,F,13,1,Pos-Graduacao,Casado,Blue,1438.3,2,3855,0
798308058,39,M,33,1,Mestrado,Solteiro,Blue,2255.0,1,4412,0
718707933,54,M,35,2,Ensino Fundamental,Casado,Blue,2189.0,3,2750,1
709791333,40,F,36,3,Ensino Fundamental,Solteiro,Blue,2040.0,1,4751,0
710090958,51,M,40,3,Faculdade,Casado,Blue,1844.0,3,4182,0
772687983,53,M,43,3,Mestrado,Solteiro,Blue,8404.0,3,4811,0
714707133,47,F,36,3,Ensino Fundamental,Casado,Blue,1438.3,1,4443,0
720126033,42,M,28,4,Ensino Medio,Solteiro,Blue,1944.0,3,4682,0
713995233,38,F,36,2,Ensino Medio,Casado,Blue,1438.3,4,4707,0
771638733,49,M,37,3,Doutorado,Solteiro,Blue,4354.0,2,2750,1
715009833,51,F,36,1,Ensino Medio,Casado,Blue,1857.0,4,5149,0
803418783,40,M,35,4,Mestrado,Casado,Blue,9974.0,4,4680,0
814611633,47,F,42,2,Ensino Fundamental,Solteiro,Blue,2271.0,1,4150,0
825753258,47,M,43,4,Ensino Fundamental,Casado,Blue,6519.0,3,4495,0
715941633,50,F,36,0,Mestrado,Casado,Blue,1438.3,3,3800,0
772162683,34,F,23,2,Mestrado,Casado,Blue,3116.0,2,2768,1
711583458,48,F,36,2,Faculdade,Casado,Blue,1438.3,3,4913,0
714418983,43,M,33,5,Mestrado,Solteiro,Blue,1438.3,2,4509,0
708699108,39,F,36,2,Ensino Medio,Solteiro,Blue,1438.3,3,4890,0
771749733,41,M,30,2,Mestrado,Solteiro,Silver,17706.0,2,3680,0
715235808,47,F,36,3,Ensino Fundamental,Casado,Blue,1819.0,3,4636,0
716666133,51,M,39,4,Mestrado,Solteiro,Blue,19350.0,4,4657,0
778131333,38,F,31,2,Mestrado,Casado,Blue,3222.0,3,5154,0
708286683,57,M,43,2,Ensino Fundamental,Solteiro,Blue,12045.0,3,4884,0
814765533,44,F,39,4,Ensino Medio,Solteiro,Blue,10587.0,3,2971,1
814195758,42,M,37,1,Mestrado,Solteiro,Blue,2596.0,1,4642,0
717121758,58,F,36,0,Mestrado,Solteiro,Blue,3008.0,3,4627,0
768720708,41,F,30,3,Ensino Medio,Casado,Blue,3280.0,4,4268,0
718032483,33,F,16,4,Mestrado,Casado,Blue,1438.3,3,4688,0
711553308,60,M,48,1,Mestrado,Solteiro,Blue,1438.3,1,4542,0
711276933,56,F,44,3,Mestrado,Casado,Blue,2030.0,4,4851,0
718165758,41,F,32,1,Mestrado,Casado,Blue,2413.0,3,5466,0
826421958,46,F,42,1,Ensino Medio,Casado,Blue,1438.3,4,1843,1
778712658,52,F,34,0,Ensino Fundamental,Casado,Blue,2001.0,4,4026,0
708158133,45,M,36,3,Faculdade,Casado,Blue,3031.0,2,2188,1
710725383,42,M,36,3,Doutorado,Divorciado,Blue,2012.0,2,3282,0
772601283,39,M,29,1,Pos-Graduacao,Solteiro,Blue,23034.0,2,2514,0
718518858,50,F,39,3,Mestrado,Casado,Blue,1844.0,3,5056,0
712579983,40,F,30,2,Mestrado,Solteiro,Blue,1438.3,2,2258,0
716511483,46,M,39,2,Mestrado,Casado,Blue,4752.0,3,3404,0
708653958,38,M,36,3,Faculdade,Casado,Blue,6114.0,2,2608,1
710547783,57,F,36,2,Pos-Graduacao,Solteiro,Blue,4784.0,4,4912,0
772118583,43,F,32,1,Ensino Fundamental,Casado,Blue,2667.0,2,4596,0
712154883,54,F,48,2,Faculdade,Casado,Blue,2473.0,2,4823,0
793842558,39,F,33,3,Doutorado,Casado,Blue,2001.0,4,4509,0
792695808,41,M,35,4,Ensino Medio,Casado,Blue,18232.0,4,4775,0
798047583,45,F,39,4,Ensino Fundamental,Casado,Blue,1438.3,3,4596,0
719453283,45,F,36,2,Ensino Fundamental,Casado,Blue,2918.0,4,4454,0
708303108,50,F,42,2,Mestrado,Casado,Blue,1770.0,3,4940,0
788876208,42,F,27,2,Mestrado,Solteiro,Blue,2265.0,3,3826,0
772069683,59,M,48,0,Ensino Medio,Casado,Blue,3868.0,1,4716,0
780143283,43,F,32,3,Mestrado,Casado,Blue,2701.0,3,2678,1
805453908,33,M,28,1,Ensino Medio,Divorciado,Blue,2507.0,1,4355,0
780897858,38,F,20,2,Ensino Medio,Solteiro,Blue,2420.0,3,3770,0
719881533,46,M,34,2,Faculdade,Casado,Silver,16547.0,3,1561,1
717346833,44,F,33,3,Mestrado,Casado,Blue,1621.0,2,3764,0
771783333,49,F,37,1,Ensino Fundamental,Divorciado,Blue,2173.0,2,2379,1
709208808,50,F,36,1,Ensino Fundamental,Casado,Blue,2178.0,2,4275,0
818901708,41,F,36,4,Faculdade,Divorciado,Blue,1438.3,1,4539,0
715617333,36,F,26,2,Mestrado,Casado,Blue,1438.3,3,4957,0
714230808,36,F,36,4,Faculdade,Casado,Blue,2466.0,4,5005,0
715866033,37,F,36,2,Ensino Medio,Solteiro,Blue,2535.0,2,3840,0
718065333,39,F,29,4,Mestrado,Casado,Blue,2385.0,4,3711,0
713873658,45,M,37,4,Ensino Medio,Solteiro,Blue,2701.0,3,4767,0
771499233,46,F,34,4,Ensino Medio,Casado,Blue,5387.0,1,4374,0
711274458,38,F,27,3,Ensino Medio,Casado,Blue,1438.3,3,2478,1
790108908,44,M,37,2,Pos-Graduacao,Casado,Blue,34058.0,1,4043,0
797389758,42,F,36,2,Mestrado,Casado,Silver,16290.0,2,4232,0
827100333,49,F,45,3,Ensino Medio,Casado,Blue,1438.3,3,5208,0
711647808,55,F,36,3,Mestrado,Solteiro,Blue,2069.0,1,4414,0
714035283,56,F,36,1,Pos-Graduacao,Casado,Blue,2802.0,2,2371,1
720553158,39,F,31,1,Mestrado,Solteiro,Blue,3390.0,2,5001,0
717924933,48,F,37,2,Pos-Graduacao,Divorciado,Blue,3745.0,4,4956,0
802856508,42,M,36,2,Mestrado,Solteiro,Blue,26690.0,3,4363,0
711862533,55,F,36,1,Ensino Fundamental,Casado,Blue,2258.0,3,2500,1
778356408,51,F,31,3,Faculdade,Divorciado,Blue,2768.0,2,4275,0
716791908,43,M,23,1,Faculdade,Casado,Blue,14566.0,2,4480,0
757761033,35,F,28,3,Mestrado,Solteiro,Blue,3250.0,6,4673,0
758186433,37,F,30,1,Ensino Fundamental,Solteiro,Blue,2353.0,2,5038,0
786546783,59,F,53,0,Faculdade,Casado,Blue,1438.3,2,4457,0
789634983,59,M,53,1,Mestrado,Casado,Blue,4188.0,1,4911,0
720654183,45,M,35,4,Mestrado,Casado,Blue,23542.0,3,2152,1
715880283,57,M,47,1,Ensino Medio,Solteiro,Blue,9272.0,4,4649,0
719990358,36,F,28,3,Ensino Medio,Casado,Blue,1967.0,1,4620,0
779348358,52,F,37,1,Ensino Fundamental,Solteiro,Blue,1717.0,3,3004,1
715130808,45,M,34,3,Mestrado,Solteiro,Silver,34516.0,1,4912,0
713818158,50,M,41,1,Doutorado,Solteiro,Blue,5068.0,4,5173,0
709728183,46,F,39,3,Faculdade,Casado,Blue,1438.3,2,4370,0
715797783,55,F,47,1,Ensino Fundamental,Divorciado,Blue,2697.0,2,4615,0
710879283,51,M,41,1,Ensino Medio,Casado,Blue,1438.3,4,4312,0
827051808,44,F,40,0,Faculdade,Casado,Blue,7499.0,4,2478,1
710484408,39,M,29,4,Pos-Graduacao,Casado,Blue,8700.0,3,2306,1
715995933,46,M,36,0,Mestrado,Solteiro,Blue,2692.0,2,4619,0
713567958,54,F,36,3,Faculdade,Solteiro,Blue,2957.0,4,4280,0
721484283,51,F,36,3,Ensino Medio,Casado,Blue,3007.0,2,4985,0
708817608,41,F,24,3,Ensino Medio,Casado,Blue,3427.0,1,4218,0
788661408,47,F,33,3,Ensino Fundamental,Casado,Blue,2990.0,5,4757,0
813449508,61,M,56,0,Mestrado,Casado,Blue,9918.0,2,2485,1
789925833,50,F,41,2,Ensino Medio,Casado,Blue,8159.0,1,4402,0
709296558,53,M,36,2,Mestrado,Solteiro,Blue,18551.0,2,5364,0
780180033,31,F,20,0,Mestrado,Casado,Blue,1438.3,1,4397,0
713474733,51,M,31,2,Mestrado,Solteiro,Blue,1438.3,3,1783,1
771527508,60,M,48,2,Mestrado,Solteiro,Blue,10886.0,4,3488,0
709614333,59,F,36,0,Ensino Medio,Solteiro,Blue,10457.0,3,4649,0
715655283,42,F,33,3,Mestrado,Casado,Blue,2363.0,3,4420,0
819631158,54,F,49,4,Pos-Graduacao,Casado,Blue,2802.0,3,5924,0
710866758,42,F,31,4,Ensino Medio,Casado,Blue,1640.0,1,4074,0
790119408,48,F,41,3,Ensino Fundamental,Casado,Blue,4960.0,3,2430,1
771332283,50,M,38,4,Mestrado,Casado,Blue,4601.0,1,5056,0
811912608,52,F,47,3,Mestrado,Casado,Blue,2741.0,2,5077,0
708684108,46,F,34,4,Mestrado,Casado,Blue,4152.0,3,2218,1
768638208,50,F,44,2,Ensino Fundamental,Casado,Blue,3386.0,1,4890,0
708869283,50,M,41,4,Ensino Medio,Casado,Blue,23209.0,3,3530,0
720892833,50,F,39,3,Mestrado,Casado,Blue,12610.0,3,4199,0
709762008,48,F,38,4,Ensino Medio,Casado,Blue,2090.0,1,4619,0
708600033,46,M,39,2,Mestrado,Casado,Blue,1610.0,3,4958,0
708736608,40,M,27,3,Mestrado,Casado,Blue,2269.0,3,2108,1
711717258,54,F,39,3,Mestrado,Solteiro,Blue,4036.0,4,5315,0
711886383,54,F,44,5,Ensino Medio,Casado,Blue,5342.0,3,2426,1
713993208,37,F,36,3,Doutorado,Casado,Blue,1438.3,5,4314,0
717855933,38,F,27,2,Ensino Medio,Casado,Blue,1776.0,2,4350,0
713436183,42,F,29,3,Ensino Medio,Casado,Blue,5640.0,3,4739,0
778360608,42,F,22,1,Faculdade,Divorciado,Blue,2403.0,3,4186,0
710914158,45,F,36,4,Faculdade,Casado,Blue,3349.0,1,4405,0
714789033,54,F,50,1,Mestrado,Casado,Blue,3173.0,3,2763,1
826709658,45,F,41,3,Mestrado,Divorciado,Blue,1477.0,3,2214,1
752648883,49,F,41,2,Faculdade,Solteiro,Blue,2018.0,3,4842,0
715771608,41,M,36,3,Mestrado,Casado,Silver,34516.0,3,4147,0
719061933,44,F,34,4,Mestrado,Casado,Blue,2105.0,4,4190,0
792345258,46,F,40,2,Ensino Fundamental,Divorciado,Blue,20080.0,2,4620,0
779667408,58,M,41,1,Pos-Graduacao,Solteiro,Blue,2915.0,2,4235,0
805461783,47,F,42,3,Mestrado,Divorciado,Blue,1438.3,4,4735,0
719098308,56,F,42,2,Ensino Medio,Solteiro,Blue,2423.0,4,2516,1
771433608,54,M,42,4,Ensino Fundamental,Solteiro,Blue,11742.0,2,4053,0
825811158,51,F,47,2,Ensino Medio,Solteiro,Blue,3069.0,2,4512,0
715252383,58,F,36,2,Ensino Medio,Divorciado,Gold,34516.0,4,3595,0
809092458,36,F,31,4,Ensino Fundamental,Casado,Blue,2517.0,2,5211,0
714693708,45,F,36,3,Mestrado,Casado,Blue,2216.0,3,4103,0
721072908,51,M,36,0,Doutorado,Solteiro,Blue,3232.0,2,5102,0
716675358,54,F,41,1,Faculdade,Solteiro,Blue,3478.0,2,4607,0
708128733,50,F,36,3,Pos-Graduacao,Solteiro,Blue,1814.0,4,5014,0
711392508,37,F,25,2,Mestrado,Casado,Blue,1438.3,2,4513,0
721207908,47,F,37,5,Ensino Medio,Solteiro,Blue,1493.0,2,4655,0
715798608,45,F,34,4,Mestrado,Casado,Blue,4244.0,4,4016,0
716758008,40,M,20,5,Ensino Medio,Solteiro,Blue,2984.0,2,4813,0
804434058,47,M,42,1,Faculdade,Casado,Silver,27437.0,4,4660,0
714293358,54,F,46,4,Faculdade,Solteiro,Blue,4166.0,2,4584,0
757194408,43,M,36,3,Faculdade,Casado,Blue,1438.3,3,1707,1
762020133,37,F,30,3,Ensino Medio,Casado,Blue,9874.0,3,2446,1
719256483,41,F,30,4,Ensino Medio,Solteiro,Blue,4432.0,3,4144,0
779261433,54,F,36,2,Mestrado,Solteiro,Blue,2043.0,1,3553,0
780720258,45,M,34,4,Ensino Medio,Divorciado,Blue,3489.0,2,2684,1
770858283,40,F,27,4,Ensino Medio,Casado,Blue,2822.0,2,5371,0
718570158,54,F,44,4,Faculdade,Solteiro,Blue,2901.0,3,4731,0
711039633,52,F,36,4,Pos-Graduacao,Casado,Blue,1594.0,3,4653,0
714074808,58,F,36,0,Ensino Medio,Casado,Blue,2241.0,3,4653,0
710439483,51,F,39,2,Mestrado,Solteiro,Blue,2581.0,4,4431,0
717516333,40,M,33,2,Mestrado,Casado,Blue,14713.0,4,4125,0
716414958,39,F,36,3,Ensino Medio,Solteiro,Blue,2366.0,3,3659,0
712327608,54,F,36,0,Doutorado,Solteiro,Blue,2708.0,3,2321,1
796326483,42,M,36,3,Ensino Medio,Casado,Blue,1681.0,4,5416,0
720818658,50,F,38,1,Ensino Fundamental,Casado,Blue,1438.3,3,4594,0
712982808,47,M,32,2,Doutorado,Divorciado,Blue,1438.3,3,2388,1
718657083,46,M,36,3,Ensino Medio,Casado,Blue,4696.0,3,4828,0
715222533,52,F,36,3,Mestrado,Casado,Blue,2566.0,3,2340,1
714493983,57,F,47,2,Mestrado,Casado,Blue,4682.0,2,4322,0
780664758,56,F,44,2,Ensino Fundamental,Casado,Blue,4439.0,1,4532,0
718466883,34,F,25,1,Ensino Fundamental,Solteiro,Blue,2689.0,1,4237,0
771338658,46,M,30,2,Ensino Medio,Casado,Blue,11670.0,3,4277,0
709052883,47,F,36,4,Ensino Medio,Solteiro,Blue,1596.0,1,5678,0
716157408,53,M,46,0,Ensino Medio,Casado,Blue,1590.0,4,4229,0
713305233,55,M,46,2,Mestrado,Solteiro,Blue,4994.0,5,4802,0
713000058,51,F,44,3,Mestrado,Casado,Silver,16406.0,2,4075,0
804371733,40,M,29,2,Ensino Fundamental,Casado,Blue,9109.0,2,3991,0
712552608,46,F,34,3,Mestrado,Casado,Blue,1438.3,3,2658,1
719887008,38,F,36,3,Mestrado,Casado,Blue,1757.0,4,4121,0
708375858,47,F,36,4,Ensino Medio,Divorciado,Blue,2776.0,4,4318,0
789417708,44,F,35,2,Ensino Fundamental,Casado,Blue,1438.3,2,4988,0
794675058,36,M,21,3,Mestrado,Casado,Blue,5015.0,3,2491,1
718034058,40,M,36,4,Mestrado,Solteiro,Blue,8529.0,2,4252,0
778919583,49,F,30,0,Mestrado,Casado,Blue,1604.0,2,4253,0
713850783,56,F,36,1,Faculdade,Casado,Blue,4263.0,2,4876,0
814785108,45,F,40,1,Mestrado,Casado,Blue,2493.0,3,4473,0
809616108,38,F,33,2,Ensino Medio,Solteiro,Blue,1568.0,3,2812,1
809378133,43,F,38,3,Ensino Fundamental,Solteiro,Blue,1521.0,1,4880,0
779658408,48,M,31,2,Mestrado,Solteiro,Blue,3261.0,3,4242,0
708108333,47,F,36,3,Mestrado,Casado,Blue,5590.0,3,1507,1
715047333,57,F,36,1,Ensino Medio,Casado,Blue,1734.0,2,4313,0
720357483,46,F,23,1,Faculdade,Casado,Blue,1723.0,2,4112,0
803339583,49,F,44,2,Pos-Graduacao,Casado,Blue,1644.0,4,4898,0
708972783,48,F,37,4,Faculdade,Casado,Blue,1745.0,2,2297,1
710157108,42,F,33,3,Mestrado,Solteiro,Blue,3376.0,2,4629,0
721483158,47,M,29,3,Mestrado,Casado,Blue,7298.0,3,4512,0
767553333,45,M,39,3,Mestrado,Solteiro,Blue,8383.0,3,2600,1
779870883,45,F,29,4,Ensino Medio,Solteiro,Blue,4595.0,2,3746,0
817188408,57,M,39,0,Ensino Fundamental,Divorciado,Blue,2795.0,4,4679,0
719723658,49,F,39,2,Ensino Fundamental,Solteiro,Blue,1768.0,1,4628,0
806189658,50,F,45,2,Ensino Fundamental,Solteiro,Blue,1780.0,2,4630,0
789070233,51,F,39,3,Mestrado,Divorciado,Blue,2987.0,4,4339,0
712013808,44,F,24,4,Ensino Fundamental,Solteiro,Blue,2717.0,3,4196,0
708602283,40,F,36,4,Ensino Fundamental,Casado,Blue,2887.0,3,3941,0
809452383,37,F,32,2,Mestrado,Casado,Blue,1438.3,1,4733,0
712407783,39,F,28,1,Mestrado,Solteiro,Blue,1809.0,3,4452,0
714013983,37,F,36,4,Pos-Graduacao,Casado,Blue,1586.0,3,2109,1
753208833,43,F,36,5,Ensino Fundamental,Casado,Blue,2311.0,3,3967,0
721241583,48,F,43,3,Mestrado,Casado,Blue,2109.0,3,2935,0
713695158,51,F,40,4,Ensino Fundamental,Divorciado,Blue,1562.0,4,5019,0
823878408,39,M,35,4,Mestrado,Casado,Blue,2981.0,2,4824,0
779533983,47,M,31,2,Faculdade,Divorciado,Blue,5295.0,1,4412,0
713583408,51,F,37,4,Mestrado,Solteiro,Blue,4708.0,3,2179,1
714037308,54,M,50,2,Ensino Medio,Casado,Blue,2210.0,1,4798,0
795684783,48,M,42,4,Ensino Medio,Solteiro,Blue,2384.0,4,3149,0
718645308,35,M,36,4,Faculdade,Casado,Blue,2311.0,3,4730,0
713957283,42,F,23,4,Ensino Fundamental,Casado,Blue,3214.0,2,2119,1
715058433,43,F,36,4,Ensino Fundamental,Casado,Blue,3006.0,3,5125,0
720180633,50,M,36,2,Faculdade,Casado,Blue,3390.0,2,4128,0
815539233,54,M,49,4,Ensino Medio,Solteiro,Silver,34516.0,3,1201,1
717960033,52,F,44,1,Mestrado,Solteiro,Blue,2484.0,3,4084,0
825368658,40,F,36,4,Ensino Medio,Solteiro,Blue,2932.0,5,4795,0
713914683,44,F,36,1,Mestrado,Solteiro,Blue,1484.0,4,4819,0
713301633,57,F,36,3,Doutorado,Solteiro,Blue,1678.0,1,4402,0
711399408,34,F,25,2,Mestrado,Divorciado,Blue,12373.0,3,2462,1
711716133,42,F,34,3,Ensino Medio,Casado,Blue,1585.0,3,2360,1
708768258,51,F,43,4,Doutorado,Casado,Blue,2066.0,1,4678,0
719538183,47,M,36,1,Ensino Medio,Casado,Blue,20789.0,4,4105,0
718957083,48,F,35,1,Mestrado,Solteiro,Blue,1449.0,2,4797,0
720872433,39,F,28,1,Ensino Fundamental,Solteiro,Blue,3911.0,3,2867,1
788994783,48,F,35,3,Mestrado,Solteiro,Blue,1815.0,4,4519,0
715530258,46,F,37,2,Pos-Graduacao,Solteiro,Blue,4848.0,3,2353,1
803380383,46,F,40,5,Mestrado,Divorciado,Blue,1592.0,3,4615,0
757300008,44,F,37,2,Mestrado,Solteiro,Blue,8128.0,3,4251,0
810986883,45,F,40,0,Ensino Medio,Solteiro,Blue,2557.0,4,4808,0
714267858,44,F,37,2,Ensino Medio,Solteiro,Blue,4559.0,2,4934,0
827062158,58,M,54,2,Ensino Medio,Solteiro,Blue,22981.0,3,4192,0
710669733,38,F,36,1,Mestrado,Solteiro,Blue,2358.0,2,4922,0
716498883,48,M,36,4,Mestrado,Solteiro,Blue,22067.0,4,3577,0
780529908,43,F,30,3,Faculdade,Solteiro,Blue,2023.0,3,5098,0
714572208,59,M,36,2,Mestrado,Solteiro,Blue,1438.3,3,4297,0
708976908,40,M,36,3,Pos-Graduacao,Solteiro,Blue,8958.0,4,2131,1
721409358,36,F,21,1,Ensino Fundamental,Solteiro,Blue,1937.0,2,4547,0
789087858,60,F,48,0,Mestrado,Casado,Blue,3361.0,2,4589,0
711264033,47,M,36,3,Doutorado,Divorciado,Blue,4786.0,2,4973,0
770180808,37,F,31,4,Mestrado,Solteiro,Blue,1438.3,3,5001,0
789271533,51,F,40,1,Doutorado,Solteiro,Blue,1438.3,3,4653,0
720152058,42,F,35,1,Doutorado,Solteiro,Blue,2725.0,1,4965,0
826490133,42,F,38,4,Ensino Fundamental,Divorciado,Blue,10039.0,3,4685,0
717966933,45,F,37,5,Ensino Fundamental,Casado,Blue,2467.0,1,5024,0
808669083,52,F,47,1,Mestrado,Casado,Blue,1438.3,1,5015,0
771422883,57,F,45,3,Mestrado,Casado,Blue,1759.0,4,2705,1
717570258,46,M,35,5,Mestrado,Casado,Blue,2206.0,2,4455,0
780653208,47,F,36,3,Faculdade,Casado,Blue,3300.0,4,3784,0
709077933,26,F,18,0,Ensino Medio,Casado,Blue,5422.0,3,4460,0
715200783,56,F,36,2,Mestrado,Casado,Blue,2015.0,2,5209,0
708894183,53,M,44,3,Faculdade,Solteiro,Silver,34516.0,4,4485,0
708186933,33,M,36,1,Mestrado,Solteiro,Blue,1819.0,3,2254,1
778937583,46,F,29,3,Ensino Fundamental,Casado,Blue,2228.0,1,4382,0
815315058,48,F,43,4,Ensino Medio,Casado,Blue,1438.3,2,2520,1
751607058,45,M,38,2,Doutorado,Casado,Blue,1686.0,3,4413,0
718194858,48,F,35,5,Mestrado,Solteiro,Blue,1942.0,2,4940,0
827123883,53,M,49,4,Ensino Medio,Solteiro,Blue,3858.0,1,4472,0
711473058,44,M,32,4,Mestrado,Divorciado,Blue,11651.0,3,3870,0
713512308,50,F,41,0,Mestrado,Solteiro,Blue,3423.0,3,2229,1
720403008,50,F,38,3,Ensino Fundamental,Casado,Blue,11486.0,4,4918,0
709581483,40,F,21,4,Doutorado,Casado,Blue,2984.0,2,2373,1
711201108,37,F,29,3,Ensino Medio,Solteiro,Blue,1653.0,3,2284,1
708784083,47,F,36,3,Ensino Fundamental,Solteiro,Blue,2723.0,2,4307,0
712838358,40,F,31,4,Ensino Fundamental,Casado,Blue,1438.3,2,4702,0
714887808,43,F,36,1,Ensino Fundamental,Solteiro,Blue,1818.0,3,2279,1
716581983,56,F,36,0,Faculdade,Casado,Blue,4384.0,2,4792,0
808981608,50,F,45,2,Ensino Fundamental,Casado,Blue,5452.0,1,4220,0
811942983,55,M,50,2,Ensino Medio,Casado,Blue,17627.0,2,4836,0
714519408,44,F,36,3,Faculdade,Casado,Blue,5357.0,3,1979,1
719153433,49,F,38,4,Ensino Fundamental,Casado,Blue,2542.0,2,4972,0
809127858,51,F,46,1,Pos-Graduacao,Solteiro,Blue,2275.0,1,4807,0
712740108,43,F,33,4,Ensino Fundamental,Divorciado,Blue,1706.0,3,2371,1
720251358,54,F,36,2,Ensino Medio,Divorciado,Blue,3591.0,3,2313,1
713935533,44,M,29,3,Mestrado,Solteiro,Silver,19360.0,1,3966,0
795844983,45,F,39,3,Ensino Medio,Casado,Blue,2851.0,4,3916,0
828294933,49,F,45,3,Ensino Medio,Casado,Blue,2951.0,2,2519,1
713531808,38,F,28,1,Doutorado,Casado,Blue,1438.3,1,4475,0
712307283,54,M,37,1,Faculdade,Solteiro,Blue,9090.0,2,2239,1
715778358,45,M,26,5,Mestrado,Casado,Blue,34516.0,3,3643,0
710637183,48,F,40,4,Mestrado,Solteiro,Blue,2300.0,3,4538,0
712781883,36,F,36,1,Ensino Fundamental,Casado,Blue,2611.0,1,5121,0
771497283,40,F,28,2,Ensino Medio,Divorciado,Blue,2917.0,6,4736,0
714991608,41,F,31,3,Ensino Medio,Solteiro,Blue,1438.3,3,4300,0
779848383,37,F,21,3,Mestrado,Solteiro,Blue,1784.0,2,2348,1
715495308,43,F,36,4,Mestrado,Solteiro,Blue,8919.0,4,3923,0
712431183,52,F,37,2,Ensino Fundamental,Solteiro,Blue,2164.0,3,5282,0
718324983,60,F,49,0,Faculdade,Casado,Blue,1634.0,3,4522,0
713541033,39,F,32,1,Faculdade,Solteiro,Blue,2144.0,2,4571,0
789698733,40,F,27,4,Ensino Fundamental,Casado,Blue,4788.0,3,4438,0
787514433,34,F,23,3,Faculdade,Casado,Blue,2164.0,3,5075,0
811081083,48,F,43,3,Ensino Fundamental,Solteiro,Blue,1532.0,4,4359,0
717371583,56,F,36,2,Ensino Fundamental,Solteiro,Blue,1883.0,3,1954,1
715579233,44,F,40,3,Doutorado,Solteiro,Blue,3659.0,1,4861,0
781930233,47,F,37,2,Ensino Medio,Casado,Blue,2946.0,1,4717,0
716825808,45,F,36,3,Ensino Fundamental,Divorciado,Blue,2697.0,1,4063,0
757053408,47,F,40,1,Mestrado,Solteiro,Blue,3811.0,1,3578,0
788418933,35,F,27,2,Mestrado,Casado,Blue,1613.0,2,5000,0
788898933,42,F,27,4,Faculdade,Casado,Blue,2043.0,2,5198,0
712163433,47,M,29,3,Ensino Fundamental,Casado,Blue,1684.0,2,2164,1
820868508,47,M,43,2,Faculdade,Casado,Blue,7106.0,4,5192,0
789240258,50,F,35,2,Ensino Fundamental,Solteiro,Blue,2784.0,3,4904,0
716951658,51,F,38,3,Ensino Medio,Solteiro,Blue,5536.0,3,4281,0
718932633,45,F,35,3,Faculdade,Casado,Blue,1717.0,2,4301,0
715306983,42,M,36,5,Ensino Medio,Casado,Blue,1866.0,2,2833,1
789637308,45,F,39,2,Faculdade,Divorciado,Blue,3076.0,3,2580,1
717247383,48,M,36,4,Mestrado,Solteiro,Blue,7514.0,2,4789,0
714842208,52,F,36,2,Mestrado,Casado,Blue,2804.0,4,4357,0
794172033,58,F,52,1,Pos-Graduacao,Divorciado,Blue,1817.0,1,2347,1
713592408,43,F,28,3,Ensino Medio,Casado,Blue,2590.0,3,3391,0
709314408,39,F,29,2,Faculdade,Solteiro,Blue,4938.0,3,4516,0
715957233,53,M,36,3,Faculdade,Solteiro,Blue,19940.0,1,4694,0
719414658,52,F,36,0,Mestrado,Solteiro,Blue,12366.0,4,4880,0
719632683,40,M,30,3,Mestrado,Solteiro,Blue,2583.0,3,4500,0
708136908,62,F,53,0,Mestrado,Solteiro,Blue,2616.0,2,4655,0
714520233,59,F,36,0,Mestrado,Casado,Blue,1708.0,3,1992,1
767058183,53,F,46,1,Mestrado,Divorciado,Blue,3424.0,4,4485,0
770800683,48,F,35,3,Pos-Graduacao,Casado,Blue,2640.0,3,4956,0
717725433,54,F,44,2,Mestrado,Casado,Blue,1606.0,4,2258,1
720600858,41,M,26,4,Mestrado,Casado,Blue,5633.0,2,3695,0
717797658,57,F,45,2,Mestrado,Casado,Blue,1438.3,2,4970,0
779458383,50,F,32,3,Ensino Medio,Casado,Blue,2590.0,2,4248,0
711994458,47,F,39,4,Ensino Medio,Casado,Blue,1537.0,4,4234,0
713948808,55,M,47,3,Ensino Medio,Solteiro,Blue,1602.0,2,4873,0
710456658,50,F,31,4,Mestrado,Casado,Blue,2080.0,2,5130,0
713546883,47,M,29,2,Mestrado,Divorciado,Blue,4786.0,2,5039,0
711447783,53,F,38,2,Mestrado,Solteiro,Blue,2375.0,2,5000,0
713746608,48,F,37,2,Ensino Medio,Casado,Blue,8446.0,2,4240,0
718020408,60,F,36,1,Mestrado,Casado,Blue,1977.0,4,4393,0
719475633,42,M,30,3,Pos-Graduacao,Casado,Blue,13908.0,2,4319,0
719654283,52,F,42,2,Mestrado,Casado,Silver,19220.0,3,4642,0
720114633,44,F,30,5,Ensino Medio,Solteiro,Blue,2709.0,3,5056,0
816315558,38,M,33,1,Ensino Medio,Solteiro,Blue,1503.0,4,4439,0
712567083,51,M,36,1,Ensino Medio,Casado,Blue,9186.0,2,4986,0
711302883,50,F,46,0,Mestrado,Solteiro,Blue,2165.0,2,4194,0
719775408,41,F,36,4,Ensino Medio,Solteiro,Blue,1438.3,2,5020,0
712070208,61,F,50,1,Faculdade,Solteiro,Blue,6673.0,4,4141,0
718641483,53,F,42,3,Mestrado,Casado,Blue,2404.0,1,4519,0
710690733,47,F,35,3,Mestrado,Casado,Blue,1666.0,3,2816,1
718441308,41,M,31,2,Mestrado,Solteiro,Blue,8228.0,1,4933,0
772243833,54,F,43,0,Doutorado,Solteiro,Blue,3186.0,1,4077,0
711992133,53,F,41,1,Ensino Fundamental,Casado,Blue,2596.0,2,4801,0
779084208,43,F,24,3,Ensino Medio,Divorciado,Blue,1662.0,2,2326,1
715304958,42,F,27,3,Mestrado,Solteiro,Blue,2053.0,2,3053,1
713179083,32,F,25,2,Ensino Fundamental,Solteiro,Blue,3193.0,2,4419,0
709836258,45,F,41,4,Mestrado,Casado,Blue,1927.0,1,5127,0
715950483,39,F,27,1,Ensino Fundamental,Casado,Blue,2821.0,3,2397,1
798281808,48,M,42,4,Ensino Medio,Casado,Blue,3879.0,4,5158,0
713509908,48,F,35,2,Mestrado,Casado,Blue,1755.0,1,4719,0
711919608,42,F,36,3,Mestrado,Casado,Blue,2031.0,3,2702,1
709993158,46,F,31,2,Mestrado,Casado,Blue,2330.0,2,3917,0
767815233,46,F,40,3,Faculdade,Casado,Blue,1438.3,4,4283,0
717624708,59,M,51,2,Ensino Medio,Divorciado,Blue,1438.3,5,2589,1
720015183,60,M,46,1,Mestrado,Casado,Blue,5130.0,3,4601,0
778236858,54,F,42,2,Mestrado,Casado,Blue,11794.0,1,5547,0
713736333,41,F,36,3,Ensino Fundamental,Casado,Blue,3606.0,3,1829,1
717836733,49,F,36,1,Mestrado,Casado,Blue,5153.0,2,4274,0
712619808,47,F,36,3,Faculdade,Solteiro,Blue,2500.0,2,4265,0
712221408,42,M,33,4,Mestrado,Solteiro,Blue,2654.0,3,4767,0
714213708,35,F,25,3,Faculdade,Solteiro,Blue,3611.0,3,2178,1
772323033,44,F,33,4,Mestrado,Solteiro,Blue,4606.0,2,4363,0
742572558,32,F,25,0,Ensino Medio,Divorciado,Blue,12268.0,3,4905,0
718848183,50,M,42,2,Pos-Graduacao,Casado,Blue,9873.0,1,4613,0
719034183,46,F,38,3,Mestrado,Solteiro,Blue,1555.0,1,5490,0
720142308,52,F,36,2,Mestrado,Casado,Blue,2160.0,3,2360,1
718816158,44,F,33,3,Ensino Medio,Solteiro,Blue,5362.0,3,3851,0
818993508,52,F,47,3,Mestrado,Casado,Blue,2577.0,4,5021,0
715672458,47,M,36,5,Mestrado,Solteiro,Blue,2721.0,3,4557,0
789820308,50,F,40,3,Mestrado,Casado,Blue,2925.0,2,3913,0
710785383,49,F,39,2,Mestrado,Casado,Blue,2212.0,3,2394,1
712837233,46,M,36,2,Ensino Medio,Solteiro,Blue,13001.0,1,3671,0
713597658,36,F,22,3,Ensino Fundamental,Solteiro,Blue,2784.0,3,2021,1
713953383,50,M,36,1,Pos-Graduacao,Solteiro,Blue,2317.0,3,2214,1
716510658,50,F,38,0,Doutorado,Solteiro,Blue,2595.0,3,2526,1
708125733,46,F,36,2,Faculdade,Divorciado,Blue,1438.3,3,4311,0
716484333,46,F,40,2,Mestrado,Casado,Blue,1696.0,1,4410,0
708519108,46,F,24,1,Mestrado,Casado,Blue,2694.0,3,2041,1
719740008,51,F,41,4,Ensino Medio,Casado,Blue,2791.0,3,2584,1
717087858,51,F,36,1,Mestrado,Solteiro,Blue,2146.0,3,4253,0
711605208,61,M,43,0,Ensino Fundamental,Casado,Blue,1438.3,3,1958,1
714882258,38,F,36,2,Faculdade,Casado,Blue,1438.3,1,4583,0
792300858,44,F,38,3,Mestrado,Divorciado,Blue,4269.0,2,4178,0
766550808,45,F,38,3,Mestrado,Casado,Blue,4195.0,6,4430,0
718941183,48,F,38,1,Faculdade,Casado,Blue,1832.0,2,4376,0
708516558,37,F,36,2,Ensino Medio,Casado,Blue,2588.0,2,4159,0
771230508,46,F,33,4,Faculdade,Casado,Blue,2423.0,1,4717,0
710978058,50,F,41,0,Ensino Fundamental,Solteiro,Blue,7507.0,2,4651,0
713405133,51,M,43,2,Faculdade,Casado,Blue,5232.0,2,4976,0
710723958,43,F,32,3,Ensino Fundamental,Solteiro,Blue,1438.3,1,5016,0
823840458,47,F,43,1,Ensino Medio,Casado,Blue,1828.0,2,4542,0
791754258,49,F,43,5,Mestrado,Casado,Blue,2557.0,3,4342,0
789472833,42,F,33,2,Faculdade,Divorciado,Blue,2283.0,3,4377,0
711099408,35,F,25,4,Ensino Medio,Solteiro,Blue,2684.0,2,4657,0
745853283,38,F,31,1,Mestrado,Casado,Blue,7234.0,1,5198,0
717790233,37,F,26,2,Faculdade,Solteiro,Blue,1438.3,2,4730,0
818791833,42,F,37,3,Mestrado,Casado,Blue,2730.0,2,4750,0
714981483,50,F,38,3,Ensino Medio,Casado,Blue,2808.0,2,5137,0
714408933,44,M,36,4,Mestrado,Solteiro,Blue,10834.0,2,2249,1
713661933,44,F,33,1,Faculdade,Casado,Blue,1522.0,1,4835,0
716218908,48,F,39,4,Doutorado,Solteiro,Blue,2845.0,1,2635,0
818710233,41,F,36,2,Mestrado,Casado,Blue,2329.0,2,4382,0
719463708,47,F,34,1,Ensino Fundamental,Solteiro,Blue,2099.0,1,4471,0
817958733,42,F,37,2,Ensino Fundamental,Casado,Blue,5099.0,1,4025,0
708397008,54,F,43,4,Mestrado,Casado,Blue,3805.0,2,4326,0
720547533,47,F,32,2,Ensino Medio,Casado,Blue,11438.0,2,4346,0
708780783,43,F,33,3,Mestrado,Solteiro,Blue,2434.0,3,4739,0
758178558,44,F,37,3,Mestrado,Solteiro,Blue,4703.0,2,4127,0
716237508,44,F,36,5,Ensino Medio,Casado,Blue,5254.0,3,4501,0
714735033,45,F,34,5,Doutorado,Casado,Blue,1438.3,2,4376,0
709726158,40,F,26,4,Mestrado,Solteiro,Blue,2206.0,3,5196,0
770909433,50,F,37,2,Faculdade,Casado,Blue,3600.0,2,4946,0
717278808,37,F,28,3,Faculdade,Casado,Blue,1788.0,2,3511,0
712640583,60,F,51,0,Doutorado,Casado,Blue,7508.0,1,4950,0
788772708,50,F,31,2,Mestrado,Casado,Blue,13745.0,1,4432,0
712795833,34,F,36,4,Mestrado,Casado,Blue,5021.0,2,2270,1
718892283,43,M,34,2,Mestrado,Casado,Blue,4396.0,2,4771,0
720294258,40,F,30,4,Mestrado,Solteiro,Blue,2558.0,2,4635,0
721181883,30,F,18,0,Faculdade,Solteiro,Blue,9641.0,2,4710,0
712098033,38,F,36,1,Ensino Fundamental,Casado,Blue,12621.0,3,4945,0
712593933,40,M,36,3,Doutorado,Casado,Blue,2313.0,3,2249,1
711343233,53,F,36,3,Ensino Fundamental,Casado,Blue,1438.3,1,4551,0
712394283,44,F,30,4,Mestrado,Divorciado,Blue,1791.0,3,5109,0
790021233,52,F,44,3,Ensino Fundamental,Solteiro,Blue,2300.0,3,4287,0
711890808,42,F,36,3,Mestrado,Casado,Blue,2526.0,2,4267,0
714164808,42,F,33,4,Mestrado,Casado,Blue,2918.0,3,2056,1
825850383,53,F,49,2,Mestrado,Solteiro,Blue,6074.0,2,4303,0
789533133,45,M,37,3,Ensino Medio,Casado,Blue,4995.0,1,4389,0
779523258,34,M,17,2,Mestrado,Casado,Blue,3323.0,2,4610,0
719617758,56,F,48,1,Mestrado,Casado,Blue,2464.0,1,4610,0
710500983,43,M,34,2,Faculdade,Solteiro,Blue,4617.0,4,1779,1
711851583,50,M,42,2,Mestrado,Casado,Blue,8220.0,2,4794,0
779405133,40,F,29,3,Faculdade,Solteiro,Blue,5716.0,3,4387,0
711904008,40,M,36,4,Ensino Medio,Casado,Blue,5869.0,3,2203,1
717666783,56,F,46,3,Faculdade,Solteiro,Blue,2272.0,3,2354,1
719911458,49,F,36,5,Ensino Medio,Casado,Blue,2598.0,2,4396,0
787506558,50,M,38,3,Mestrado,Solteiro,Blue,10762.0,1,4509,0
719046558,39,M,36,2,Mestrado,Casado,Blue,1982.0,3,4313,0
720731808,52,F,38,3,Mestrado,Solteiro,Blue,2437.0,3,3068,1
745124658,42,F,35,3,Ensino Medio,Solteiro,Blue,2563.0,2,4838,0
789907533,49,M,40,3,Mestrado,Casado,Blue,4576.0,2,3100,1
716466483,44,F,34,3,Ensino Fundamental,Solteiro,Blue,2245.0,3,4624,0
715919283,39,F,36,4,Faculdade,Solteiro,Blue,1776.0,2,2201,1
756736008,45,F,38,2,Pos-Graduacao,Casado,Blue,2911.0,2,4450,0
772857558,47,M,30,4,Mestrado,Casado,Blue,2257.0,2,4618,0
714559458,46,M,36,4,Faculdade,Casado,Blue,1681.0,2,1953,1
778405458,52,F,32,2,Ensino Medio,Solteiro,Blue,1461.0,1,4633,0
717856983,42,F,29,5,Ensino Fundamental,Casado,Blue,1840.0,2,4515,0
798011733,53,F,47,3,Mestrado,Casado,Blue,1562.0,1,4574,0
712560558,55,F,42,3,Faculdade,Solteiro,Blue,1438.3,2,4660,0
711391308,46,F,34,4,Ensino Fundamental,Casado,Blue,2168.0,3,4584,0
717688233,34,F,28,4,Ensino Medio,Casado,Blue,2432.0,1,4760,0
721093608,44,M,31,2,Ensino Medio,Solteiro,Blue,2197.0,1,4548,0
712669983,39,M,30,3,Mestrado,Solteiro,Blue,10009.0,3,4347,0
712012758,49,F,41,2,Ensino Fundamental,Casado,Blue,2189.0,1,4195,0
720249183,46,F,31,2,Mestrado,Solteiro,Blue,8243.0,2,4503,0
821813058,42,M,38,1,Ensino Medio,Divorciado,Blue,11946.0,2,4862,0
778152108,31,F,23,0,Ensino Medio,Solteiro,Blue,2239.0,2,4986,0
720563958,48,F,38,3,Pos-Graduacao,Casado,Blue,4025.0,1,4445,0
719633508,52,F,39,1,Doutorado,Casado,Blue,1663.0,1,4875,0
716689383,39,F,26,2,Mestrado,Casado,Blue,3649.0,1,3964,0
713177808,57,F,51,3,Faculdade,Solteiro,Blue,2894.0,1,5405,0
708897408,46,M,36,3,Faculdade,Solteiro,Blue,1621.0,2,4719,0
710855508,45,F,33,3,Ensino Fundamental,Casado,Blue,2740.0,3,4327,0
715303608,46,F,36,4,Ensino Medio,Casado,Blue,2374.0,2,4253,0
772813458,48,F,39,3,Mestrado,Casado,Blue,6130.0,1,4264,0
712998033,37,M,36,3,Ensino Medio,Solteiro,Blue,7361.0,2,2109,1
712843983,41,F,36,2,Faculdade,Divorciado,Blue,1569.0,3,2288,1
717947508,47,M,34,3,Ensino Fundamental,Divorciado,Blue,1626.0,1,5262,0
718183833,30,F,18,1,Mestrado,Solteiro,Blue,1438.3,2,4322,0
771928608,34,M,23,1,Ensino Fundamental,Solteiro,Blue,2033.0,1,4110,0
713355708,41,F,31,3,Ensino Medio,Casado,Blue,4739.0,6,5238,0
816761433,36,M,31,2,Faculdade,Solteiro,Blue,5821.0,2,5291,0
714245358,47,F,36,3,Mestrado,Divorciado,Blue,2182.0,3,3935,0
716313858,53,F,36,3,Mestrado,Casado,Blue,3319.0,4,4560,0
714868608,52,F,36,4,Mestrado,Casado,Blue,3021.0,3,4105,0
717273333,49,M,37,5,Faculdade,Casado,Blue,29219.0,2,4575,0
711631158,52,F,42,2,Ensino Medio,Solteiro,Blue,1438.3,2,4664,0
790204983,46,F,40,2,Mestrado,Casado,Blue,3131.0,5,4507,0
822051858,26,F,22,0,Mestrado,Solteiro,Blue,1486.0,1,4535,0
715144383,40,F,36,3,Ensino Medio,Solteiro,Blue,6384.0,3,4413,0
717971208,39,F,28,5,Mestrado,Solteiro,Blue,2077.0,3,3647,0
718829358,40,F,32,3,Ensino Fundamental,Divorciado,Blue,1956.0,1,4977,0
714144258,43,F,34,3,Mestrado,Casado,Blue,2725.0,2,4430,0
709965858,46,M,28,1,Ensino Medio,Casado,Blue,9880.0,3,4609,0
779980758,58,M,46,2,Ensino Medio,Divorciado,Blue,2467.0,2,4744,0
811775883,46,M,41,4,Mestrado,Divorciado,Blue,5397.0,2,4734,0
799720158,50,M,44,1,Mestrado,Solteiro,Blue,3370.0,3,4726,0
713011683,37,F,24,3,Faculdade,Casado,Blue,11239.0,2,2055,1
713503983,55,F,36,3,Faculdade,Casado,Blue,2240.0,1,3623,0
712137033,52,F,45,2,Faculdade,Casado,Blue,2737.0,1,4725,0
715910883,48,F,40,1,Ensino Medio,Casado,Blue,4170.0,4,4532,0
718142958,46,M,27,4,Mestrado,Solteiro,Blue,21839.0,3,5623,0
719359458,49,F,42,2,Ensino Fundamental,Solteiro,Blue,1991.0,3,4527,0
714869958,55,M,36,2,Ensino Fundamental,Solteiro,Blue,29795.0,2,3949,0
709028208,44,F,37,2,Mestrado,Casado,Blue,24221.0,3,3361,0
719834208,42,M,35,2,Mestrado,Casado,Blue,2131.0,1,4264,0
779305008,41,F,23,4,Ensino Medio,Solteiro,Blue,2787.0,2,4949,0
712677633,42,F,31,0,Ensino Fundamental,Divorciado,Blue,2712.0,3,2307,1
719606133,42,M,31,2,Mestrado,Solteiro,Blue,5169.0,2,4656,0
720656883,50,F,40,3,Mestrado,Solteiro,Blue,1848.0,3,4600,0
709408983,54,M,42,2,Ensino Medio,Casado,Blue,5256.0,2,5078,0
778932633,57,F,40,2,Mestrado,Casado,Blue,1629.0,3,4897,0
708669408,54,M,45,5,Faculdade,Solteiro,Blue,20401.0,1,4637,0
779947908,56,M,45,2,Mestrado,Divorciado,Blue,3296.0,3,4327,0
716007708,48,M,37,2,Mestrado,Casado,Blue,8956.0,1,4814,0
767574108,49,F,43,1,Faculdade,Casado,Blue,1438.3,3,4094,0
720777558,46,F,38,4,Mestrado,Solteiro,Blue,2671.0,2,4519,0
816841083,58,F,53,3,Faculdade,Casado,Blue,2493.0,3,4867,0
778849908,59,F,40,1,Doutorado,Casado,Blue,2687.0,3,4697,0
713381433,38,F,28,1,Ensino Medio,Casado,Blue,4196.0,3,1868,1
779404383,47,F,36,5,Ensino Fundamental,Divorciado,Blue,12581.0,2,4427,0
718607883,41,M,30,3,Pos-Graduacao,Solteiro,Blue,17890.0,2,4831,0
710542983,48,F,21,4,Mestrado,Casado,Blue,1930.0,6,5033,0
721253508,40,M,36,3,Ensino Medio,Casado,Blue,9599.0,3,4754,0
801037833,38,M,32,2,Ensino Fundamental,Solteiro,Blue,3192.0,2,4236,0
716697708,61,F,52,1,Ensino Medio,Solteiro,Blue,3293.0,2,3121,1
708176208,48,F,36,1,Mestrado,Casado,Blue,7268.0,4,4199,0
713121408,38,M,30,3,Faculdade,Casado,Blue,3976.0,3,4372,0
794567133,52,F,35,2,Ensino Medio,Solteiro,Blue,1954.0,2,4897,0
708899283,40,F,28,3,Ensino Fundamental,Solteiro,Blue,2690.0,3,4917,0
772415808,48,F,38,5,Pos-Graduacao,Casado,Blue,2926.0,3,4219,0
716176683,46,M,33,4,Mestrado,Solteiro,Blue,2371.0,1,4460,0
709245783,44,F,27,3,Mestrado,Casado,Blue,7751.0,1,4543,0
720507108,42,F,28,3,Faculdade,Casado,Blue,1601.0,3,2339,1
712829808,39,M,29,3,Ensino Fundamental,Casado,Blue,2187.0,3,2031,1
711900033,57,F,46,0,Doutorado,Casado,Blue,4661.0,2,5242,0
712566258,40,F,27,2,Pos-Graduacao,Divorciado,Blue,8494.0,3,4486,0
712732908,36,M,36,4,Mestrado,Casado,Blue,2262.0,3,4116,0
717908208,43,F,36,3,Mestrado,Divorciado,Blue,2525.0,1,4859,0
826136283,38,F,34,3,Ensino Medio,Casado,Blue,2450.0,3,4352,0
778714833,36,F,18,4,Faculdade,Casado,Blue,3926.0,3,4890,0
779302233,40,F,22,4,Mestrado,Solteiro,Blue,1438.3,2,2502,1
778659108,51,F,31,2,Ensino Medio,Solteiro,Blue,4789.0,2,4718,0
719592483,43,F,34,5,Mestrado,Solteiro,Blue,4607.0,6,4825,0
717042333,53,F,44,2,Faculdade,Casado,Blue,1473.0,3,2836,1
779122908,55,F,37,3,Mestrado,Solteiro,Blue,3187.0,1,4511,0
827712108,42,F,38,5,Mestrado,Casado,Blue,2346.0,1,4432,0
769200858,34,F,28,4,Mestrado,Solteiro,Blue,1438.3,2,4626,0
779114283,40,F,22,5,Ensino Medio,Solteiro,Blue,1826.0,1,4528,0
771061008,40,F,27,2,Doutorado,Casado,Blue,2208.0,2,2659,1
716201133,35,F,36,2,Ensino Medio,Casado,Blue,1476.0,3,4279,0
817968783,51,F,46,3,Mestrado,Solteiro,Blue,2927.0,3,4670,0
720307683,43,F,36,4,Mestrado,Divorciado,Blue,1438.3,2,4484,0
709618308,46,F,40,3,Ensino Medio,Solteiro,Silver,16239.0,3,3838,0
710119233,37,M,26,1,Ensino Medio,Casado,Blue,11726.0,2,4186,0
789419658,47,F,38,4,Faculdade,Casado,Blue,1438.3,2,4503,0
789800358,45,F,34,3,Ensino Medio,Casado,Blue,2647.0,1,4730,0
715466133,50,F,40,1,Doutorado,Casado,Blue,2492.0,3,4374,0
717659883,46,F,36,2,Mestrado,Solteiro,Blue,2418.0,3,3541,0
712755783,49,F,40,1,Mestrado,Divorciado,Blue,1438.3,2,3886,0
779551533,54,F,39,3,Doutorado,Solteiro,Blue,1764.0,3,4857,0
714405183,47,F,36,3,Mestrado,Casado,Blue,1776.0,2,4295,0
801783108,46,M,40,3,Faculdade,Casado,Blue,1438.3,3,4833,0
779839758,47,F,31,2,Pos-Graduacao,Solteiro,Blue,1491.0,2,4634,0
820648608,46,F,41,2,Pos-Graduacao,Casado,Blue,2552.0,1,4153,0
787587033,42,F,32,4,Mestrado,Solteiro,Blue,2996.0,1,4463,0
813967983,44,F,39,2,Faculdade,Casado,Blue,1701.0,1,4471,0
789631908,51,M,45,4,Ensino Medio,Solteiro,Blue,3031.0,1,4690,0
789089958,57,M,45,2,Ensino Medio,Solteiro,Silver,33211.0,2,3662,0
715847058,59,F,36,2,Ensino Fundamental,Divorciado,Blue,1863.0,3,2462,1
721269108,45,F,33,5,Mestrado,Solteiro,Blue,2288.0,3,4504,0
767958933,40,M,34,4,Faculdade,Casado,Silver,15471.0,2,3993,0
779866458,40,F,24,5,Ensino Fundamental,Casado,Blue,2038.0,1,3513,0
710219658,48,F,44,3,Doutorado,Casado,Blue,2021.0,3,4633,0
715146558,34,F,36,2,Faculdade,Casado,Blue,1696.0,3,2325,1
720205608,52,F,36,1,Ensino Fundamental,Casado,Blue,4222.0,1,4487,0
778606308,45,M,25,3,Ensino Fundamental,Divorciado,Blue,6614.0,2,3016,1
710438358,42,F,35,1,Ensino Fundamental,Solteiro,Blue,3241.0,3,2152,1
718186233,34,F,26,3,Ensino Fundamental,Solteiro,Blue,3234.0,2,3989,0
713822208,42,M,33,2,Ensino Medio,Solteiro,Blue,4836.0,3,1870,1
710466633,55,F,44,3,Ensino Medio,Casado,Blue,1438.3,1,4755,0
711153783,44,F,36,3,Ensino Fundamental,Solteiro,Blue,1438.3,3,4173,0
718230933,45,M,36,4,Mestrado,Solteiro,Blue,1438.3,2,1253,1
711637458,44,F,36,3,Ensino Medio,Solteiro,Blue,2228.0,3,2523,1
719532108,40,F,31,5,Ensino Medio,Casado,Blue,2813.0,2,4491,0
757643733,42,F,35,2,Pos-Graduacao,Solteiro,Blue,3223.0,3,4916,0
715122858,55,F,36,2,Mestrado,Casado,Blue,2653.0,3,5052,0
708384033,45,F,35,3,Ensino Fundamental,Casado,Blue,2745.0,3,2466,1
708273858,40,M,30,3,Mestrado,Divorciado,Blue,34516.0,2,3734,0
803952408,52,F,47,3,Ensino Fundamental,Casado,Blue,2516.0,3,3987,0
778394358,46,F,26,2,Ensino Medio,Divorciado,Blue,1870.0,3,4347,0
713180433,56,F,48,2,Mestrado,Solteiro,Blue,3934.0,3,4837,0
787458783,49,F,35,4,Ensino Medio,Casado,Blue,3038.0,3,4784,0
720315933,53,F,39,1,Ensino Fundamental,Solteiro,Blue,1982.0,2,5136,0
713677158,31,F,22,1,Mestrado,Divorciado,Blue,1623.0,2,2126,1
739828308,55,M,48,3,Ensino Fundamental,Solteiro,Blue,3088.0,2,3906,0
718090233,56,F,36,3,Mestrado,Solteiro,Blue,10016.0,3,2804,1
789939558,54,F,45,2,Faculdade,Casado,Blue,4523.0,3,5112,0
714169908,53,F,34,0,Mestrado,Solteiro,Blue,1944.0,2,4921,0
796145133,46,F,40,2,Ensino Fundamental,Casado,Blue,6083.0,2,4528,0
789233808,38,F,27,3,Mestrado,Casado,Blue,2425.0,2,4568,0
709071408,56,F,37,5,Mestrado,Solteiro,Blue,2607.0,2,4949,0
815830083,53,F,48,3,Ensino Fundamental,Solteiro,Blue,1953.0,2,4253,0
715281933,43,F,36,3,Ensino Medio,Solteiro,Blue,1438.3,3,4401,0
717446208,62,F,36,0,Ensino Medio,Solteiro,Blue,3749.0,2,5083,0
715236783,42,F,36,4,Faculdade,Divorciado,Blue,3734.0,3,4792,0
804583833,56,F,51,2,Ensino Medio,Casado,Blue,1796.0,1,4316,0
715321983,33,F,36,2,Doutorado,Casado,Blue,2748.0,2,4314,0
717773433,57,F,45,0,Mestrado,Casado,Blue,2448.0,1,5464,0
778632933,49,F,29,3,Faculdade,Casado,Blue,2548.0,1,4702,0
808527183,46,F,41,3,Faculdade,Casado,Blue,1489.0,1,4669,0
714514008,38,F,29,1,Mestrado,Casado,Blue,8953.0,3,1982,1
711669258,50,F,36,3,Ensino Fundamental,Solteiro,Blue,3187.0,3,2381,1
712613808,45,F,32,5,Faculdade,Solteiro,Blue,5999.0,3,4283,0
807173358,56,F,51,0,Pos-Graduacao,Casado,Blue,3617.0,2,5416,0
778349883,56,F,36,0,Ensino Fundamental,Solteiro,Blue,3219.0,3,4188,0
714668433,51,F,36,4,Mestrado,Solteiro,Blue,2522.0,3,4122,0
718629858,42,F,32,2,Ensino Fundamental,Casado,Blue,4708.0,5,4597,0
737962608,48,F,41,4,Faculdade,Divorciado,Blue,3745.0,3,4550,0
778207083,53,M,44,4,Ensino Fundamental,Solteiro,Blue,11561.0,3,2153,1
778781508,44,F,32,2,Ensino Medio,Casado,Blue,8477.0,3,2455,1
714142158,59,F,48,0,Mestrado,Casado,Blue,2120.0,2,3882,0
715390608,45,F,39,5,Mestrado,Casado,Blue,2867.0,3,5311,0
715243458,45,F,36,2,Mestrado,Solteiro,Blue,2293.0,3,5047,0
715418508,51,M,36,1,Ensino Fundamental,Solteiro,Blue,8671.0,1,4399,0
711164508,49,F,43,1,Mestrado,Divorciado,Silver,34516.0,3,3941,0
713239308,43,F,36,2,Ensino Medio,Casado,Blue,2679.0,3,4640,0
797410983,45,F,39,3,Ensino Medio,Casado,Blue,1438.3,2,5020,0
721167783,54,M,39,4,Ensino Medio,Solteiro,Blue,7773.0,3,4272,0
712130058,44,F,36,4,Ensino Fundamental,Solteiro,Blue,8075.0,3,2415,1
714060408,57,F,37,3,Ensino Medio,Solteiro,Blue,3052.0,1,4210,0
715515333,51,M,42,3,Mestrado,Casado,Blue,7932.0,1,4024,0
817337958,48,F,33,5,Doutorado,Casado,Blue,5814.0,1,3796,0
788132208,53,F,38,2,Mestrado,Casado,Blue,1989.0,2,5070,0
812653383,55,F,50,1,Faculdade,Solteiro,Blue,1843.0,3,4729,0
709762908,52,F,40,1,Ensino Fundamental,Casado,Blue,1438.3,2,4991,0
717114708,34,F,26,0,Mestrado,Casado,Blue,2991.0,3,4414,0
767388783,43,M,36,3,Ensino Medio,Casado,Blue,9560.0,3,4601,0
778378983,54,F,34,1,Mestrado,Solteiro,Blue,2939.0,2,2476,1
773275083,49,F,37,3,Faculdade,Casado,Blue,3085.0,3,4765,0
719971458,49,M,41,5,Mestrado,Solteiro,Blue,5275.0,3,4213,0
721001883,41,M,30,3,Ensino Fundamental,Casado,Blue,1950.0,1,3357,0
778245633,43,F,33,3,Mestrado,Solteiro,Blue,2341.0,3,4356,0
718535733,40,F,25,1,Ensino Fundamental,Divorciado,Blue,3758.0,3,4928,0
709253433,50,F,41,2,Ensino Fundamental,Casado,Blue,10946.0,1,2448,0
719797758,56,F,36,1,Ensino Medio,Solteiro,Blue,3422.0,1,4922,0
789420933,39,F,30,2,Ensino Fundamental,Casado,Blue,3108.0,1,4130,0
709850508,33,F,20,2,Mestrado,Casado,Blue,3202.0,2,2917,1
715335558,43,F,36,5,Ensino Fundamental,Solteiro,Blue,1855.0,1,4191,0
711516783,47,F,36,4,Ensino Fundamental,Casado,Blue,2155.0,1,5441,0
798917883,42,F,36,4,Faculdade,Solteiro,Blue,4150.0,3,4620,0
721525758,45,M,35,5,Doutorado,Casado,Blue,2226.0,2,4928,0
716249508,48,F,36,5,Ensino Medio,Casado,Blue,1610.0,2,4243,0
716953083,53,F,41,2,Mestrado,Casado,Blue,2046.0,2,4228,0
712448658,52,F,36,1,Ensino Medio,Solteiro,Blue,1795.0,3,2281,1
719964933,50,F,41,5,Mestrado,Solteiro,Blue,1438.3,2,4550,0
719857008,37,F,36,1,Mestrado,Solteiro,Blue,2886.0,3,4531,0
758340108,39,F,29,2,Mestrado,Solteiro,Silver,10024.0,3,3906,0
708276183,52,F,45,3,Pos-Graduacao,Casado,Blue,1760.0,4,1554,1
716481408,38,F,36,2,Mestrado,Solteiro,Blue,1461.0,1,4769,0
720590058,51,F,36,1,Mestrado,Solteiro,Blue,8840.0,3,2839,1
789347133,38,F,28,2,Pos-Graduacao,Casado,Blue,4468.0,1,4690,0
717748608,35,F,24,4,Ensino Medio,Casado,Blue,1555.0,2,2252,1
716694108,42,M,34,4,Ensino Fundamental,Casado,Blue,5195.0,3,2682,1
719372583,57,M,36,3,Mestrado,Solteiro,Blue,17268.0,2,4077,0
719981508,37,M,24,2,Ensino Fundamental,Solteiro,Blue,1649.0,2,2574,1
751350558,57,F,50,1,Ensino Medio,Casado,Blue,1609.0,2,4770,0
715123983,43,F,36,1,Faculdade,Solteiro,Blue,3342.0,2,5848,0
709250508,63,M,56,1,Ensino Fundamental,Solteiro,Blue,6973.0,1,4877,0
716754783,43,M,30,4,Ensino Medio,Casado,Blue,17228.0,2,2229,1
719025333,48,M,42,2,Pos-Graduacao,Casado,Blue,1898.0,2,3513,0
718566858,46,F,36,2,Faculdade,Solteiro,Blue,1438.3,2,5005,0
818729208,52,M,47,3,Mestrado,Casado,Blue,8185.0,3,4525,0
709068183,53,M,42,4,Faculdade,Solteiro,Blue,3096.0,3,4709,0
715358283,57,F,46,2,Ensino Fundamental,Casado,Blue,2129.0,3,4509,0
710966433,50,F,36,3,Ensino Fundamental,Casado,Blue,2615.0,2,3785,0
708575058,46,F,39,3,Ensino Fundamental,Divorciado,Blue,3157.0,3,3300,1
713929533,36,F,36,3,Faculdade,Casado,Blue,1707.0,2,2060,1
714087258,49,F,36,1,Ensino Fundamental,Divorciado,Blue,1838.0,3,5156,0
756383283,38,F,31,3,Faculdade,Casado,Blue,5523.0,1,4170,0
720766908,40,F,28,2,Ensino Fundamental,Solteiro,Blue,3021.0,2,2814,1
720027258,53,F,40,2,Ensino Medio,Solteiro,Blue,1438.3,1,4978,0
807604233,54,M,49,3,Mestrado,Casado,Blue,11114.0,3,5044,0
801786483,51,M,45,0,Ensino Medio,Solteiro,Blue,10648.0,2,4930,0
789138258,45,F,34,3,Ensino Medio,Solteiro,Blue,2976.0,3,4799,0
805524708,52,F,47,3,Ensino Medio,Divorciado,Blue,6629.0,3,2599,1
771735933,48,M,36,2,Ensino Medio,Casado,Blue,10761.0,1,4731,0
789917208,40,F,31,4,Ensino Medio,Casado,Blue,1968.0,3,5087,0
779608083,55,M,44,2,Doutorado,Solteiro,Blue,3897.0,2,3681,0
774675933,40,M,34,3,Faculdade,Divorciado,Silver,34516.0,1,3510,0
716741508,33,F,21,3,Ensino Medio,Casado,Blue,2831.0,1,4460,0
721106133,57,F,36,3,Ensino Fundamental,Divorciado,Blue,2312.0,4,5104,0
718116933,53,F,36,3,Mestrado,Solteiro,Blue,1438.3,3,4704,0
720513333,46,M,39,3,Ensino Medio,Solteiro,Blue,21350.0,1,4878,0
802460433,57,F,51,3,Ensino Medio,Casado,Blue,1438.3,5,2607,1
720482583,52,F,43,1,Faculdade,Casado,Blue,10431.0,3,4598,0
709477233,37,F,36,2,Ensino Medio,Solteiro,Blue,2346.0,2,4287,0
719512983,47,F,39,4,Mestrado,Solteiro,Blue,1438.3,3,2295,1
779397183,42,F,31,2,Mestrado,Solteiro,Blue,3659.0,1,4068,0
714671658,38,F,31,5,Mestrado,Casado,Blue,2153.0,5,4268,0
779218233,47,F,37,5,Pos-Graduacao,Solteiro,Blue,9430.0,3,4115,0
713456583,45,M,37,2,Ensino Medio,Casado,Silver,34516.0,2,3247,0
790221633,44,F,38,4,Mestrado,Solteiro,Blue,3897.0,3,4627,0
721299483,47,M,32,3,Mestrado,Solteiro,Blue,11671.0,1,4168,0
783573408,42,F,36,4,Faculdade,Solteiro,Blue,2575.0,1,5267,0
709641933,42,F,36,3,Mestrado,Casado,Blue,3433.0,1,4504,0
718755483,44,M,36,2,Ensino Medio,Casado,Blue,7317.0,2,5082,0
720914358,46,F,36,3,Mestrado,Casado,Blue,4416.0,2,4894,0
719898108,57,F,41,2,Doutorado,Casado,Blue,3667.0,3,5322,0
720719883,54,F,41,1,Mestrado,Solteiro,Blue,1874.0,3,2535,1
780338733,50,F,37,2,Mestrado,Casado,Blue,1438.3,1,5102,0
821356083,54,F,49,3,Ensino Fundamental,Casado,Blue,1626.0,1,4830,0
793428408,50,F,44,3,Ensino Fundamental,Casado,Blue,1596.0,2,5235,0
771799008,61,F,50,1,Mestrado,Casado,Blue,3359.0,3,4871,0
719075883,38,F,27,3,Ensino Medio,Casado,Blue,2363.0,3,3904,0
714986583,55,F,46,4,Ensino Fundamental,Solteiro,Blue,4978.0,2,5025,0
753233733,38,M,29,1,Mestrado,Solteiro,Blue,2155.0,3,3781,0
806914158,38,F,33,4,Mestrado,Casado,Blue,4047.0,3,2134,1
812671758,47,F,42,5,Doutorado,Casado,Blue,4345.0,5,2458,1
789191358,55,M,44,4,Mestrado,Solteiro,Blue,1854.0,3,4035,0
772111083,50,M,39,1,Ensino Medio,Casado,Blue,5384.0,3,4338,0
714961383,48,F,36,3,Ensino Fundamental,Solteiro,Blue,1438.3,3,4182,0
817288458,33,F,19,2,Mestrado,Solteiro,Blue,5141.0,2,5859,0
719163108,44,M,31,3,Mestrado,Casado,Blue,3977.0,2,4076,0
713922183,52,M,36,2,Ensino Fundamental,Solteiro,Blue,2507.0,2,4461,0
827953683,41,M,37,2,Mestrado,Casado,Blue,3786.0,2,5369,0
789678483,50,F,37,2,Ensino Medio,Casado,Silver,13384.0,3,4773,0
793630083,39,M,33,2,Ensino Medio,Solteiro,Blue,1726.0,3,1804,1
756306183,42,F,35,1,Faculdade,Casado,Blue,2873.0,1,4897,0
736893108,33,F,26,2,Doutorado,Solteiro,Blue,1438.3,3,4196,0
712900308,44,F,34,2,Faculdade,Solteiro,Blue,1751.0,3,2078,1
798045708,42,F,36,5,Mestrado,Casado,Blue,7434.0,1,4182,0
712111608,59,F,54,2,Pos-Graduacao,Solteiro,Blue,1438.3,1,4919,0
716067333,61,M,36,0,Mestrado,Casado,Blue,6959.0,3,4553,0
780660183,43,F,32,4,Ensino Medio,Divorciado,Blue,8203.0,3,2613,1
720761208,59,M,47,1,Faculdade,Solteiro,Blue,4789.0,4,2496,1
788794758,46,M,28,4,Mestrado,Solteiro,Blue,2979.0,2,2061,1
711150333,40,F,31,3,Mestrado,Solteiro,Blue,2391.0,3,2857,1
714418158,63,F,56,0,Ensino Fundamental,Solteiro,Blue,7264.0,2,3527,0
713634108,45,F,36,3,Mestrado,Solteiro,Blue,4348.0,2,4293,0
717231558,49,F,43,4,Mestrado,Casado,Blue,3002.0,2,4851,0
711589758,42,M,32,5,Ensino Medio,Casado,Blue,4162.0,2,3967,0
715516458,42,F,36,1,Ensino Medio,Casado,Blue,2705.0,3,2602,1
714998508,53,M,36,3,Ensino Fundamental,Casado,Blue,3742.0,2,5326,0
713328108,60,F,36,1,Faculdade,Casado,Blue,1671.0,2,5189,0
716229108,55,F,46,3,Faculdade,Divorciado,Blue,3282.0,3,4674,0
820925433,50,F,45,2,Pos-Graduacao,Solteiro,Blue,1529.0,3,4751,0
816129258,34,F,29,2,Pos-Graduacao,Solteiro,Blue,2509.0,3,4837,0
717385083,46,M,35,3,Ensino Medio,Casado,Blue,4916.0,2,4813,0
708652908,47,F,36,5,Ensino Fundamental,Casado,Blue,2291.0,6,4498,0
715644633,42,F,34,3,Mestrado,Solteiro,Blue,1528.0,2,5212,0
708761733,52,F,36,3,Ensino Medio,Casado,Blue,8279.0,2,4419,0
714600258,45,M,36,2,Pos-Graduacao,Casado,Blue,5945.0,2,3645,0
823566408,44,F,40,3,Mestrado,Casado,Blue,1438.3,2,4625,0
708307533,42,M,30,2,Ensino Fundamental,Casado,Blue,3086.0,2,4129,0
820085808,54,F,49,3,Mestrado,Casado,Blue,2598.0,1,4692,0
716685033,38,F,19,1,Ensino Medio,Casado,Blue,5559.0,1,5344,0
713063958,51,M,39,1,Mestrado,Solteiro,Blue,7562.0,1,5010,0
708371733,41,F,15,3,Ensino Medio,Casado,Blue,4662.0,1,4931,0
780277458,52,F,38,2,Mestrado,Solteiro,Blue,2904.0,2,4503,0
720789933,46,F,32,4,Mestrado,Casado,Blue,5798.0,1,5027,0
712968708,55,F,47,1,Ensino Medio,Solteiro,Blue,2343.0,3,5167,0
788813658,62,F,45,0,Mestrado,Solteiro,Blue,10503.0,2,4755,0
721444758,47,F,36,2,Faculdade,Casado,Blue,2780.0,3,4980,0
711448983,47,F,34,2,Mestrado,Casado,Blue,2234.0,2,2313,1
712664658,35,F,30,1,Mestrado,Solteiro,Blue,1649.0,2,2549,1
714237033,42,F,36,4,Ensino Fundamental,Casado,Blue,5557.0,2,2299,1
718370733,48,F,35,2,Ensino Fundamental,Casado,Blue,6074.0,3,4504,0
713726958,40,F,21,3,Doutorado,Casado,Blue,1728.0,2,2191,1
794160408,46,F,40,3,Mestrado,Casado,Blue,3044.0,1,4747,0
716009883,41,F,28,1,Mestrado,Solteiro,Blue,8482.0,3,4245,0
712715208,52,M,44,1,Ensino Medio,Solteiro,Blue,3770.0,3,2387,1
771865908,48,F,37,2,Mestrado,Solteiro,Blue,11750.0,2,2532,1
716273133,41,F,36,3,Mestrado,Casado,Blue,1593.0,2,4853,0
709927458,38,M,20,3,Mestrado,Solteiro,Blue,10486.0,3,4042,0
715162608,48,F,41,2,Mestrado,Solteiro,Blue,2168.0,2,2499,1
719862258,38,F,28,2,Ensino Fundamental,Solteiro,Blue,5666.0,3,5015,0
788719533,53,M,34,4,Pos-Graduacao,Casado,Blue,13679.0,2,4060,0
715566408,45,F,36,3,Doutorado,Casado,Blue,2143.0,2,4404,0
717359208,57,F,47,0,Faculdade,Casado,Blue,4945.0,3,4037,0
721410858,54,F,36,4,Ensino Medio,Solteiro,Blue,1921.0,3,4512,0
779420583,45,F,33,4,Mestrado,Solteiro,Blue,3001.0,1,4662,0
714222183,38,F,36,3,Mestrado,Solteiro,Blue,2132.0,1,4874,0
709079883,45,F,36,4,Doutorado,Casado,Blue,1663.0,3,2729,1
713782608,46,F,36,4,Mestrado,Solteiro,Blue,2652.0,3,5329,0
720236433,41,M,22,4,Faculdade,Casado,Blue,5037.0,2,4379,0
708341958,31,F,21,1,Faculdade,Divorciado,Blue,2061.0,2,4480,0
718279983,49,F,36,1,Faculdade,Casado,Blue,5039.0,3,4770,0
780360558,33,F,20,1,Mestrado,Casado,Blue,1507.0,2,4698,0
715012833,46,F,36,1,Ensino Medio,Casado,Blue,3073.0,3,4858,0
772388508,43,F,32,3,Mestrado,Casado,Blue,8314.0,3,5028,0
719843958,46,M,34,2,Mestrado,Casado,Blue,1754.0,3,4874,0
767197983,52,F,45,2,Ensino Medio,Solteiro,Blue,4209.0,1,5938,0
711874833,45,M,37,3,Faculdade,Divorciado,Blue,2449.0,3,5497,0
714930333,39,M,30,3,Faculdade,Casado,Blue,4618.0,3,2476,1
720989133,41,F,36,2,Faculdade,Casado,Blue,1654.0,1,4596,0
720893958,49,F,36,4,Ensino Fundamental,Solteiro,Blue,1544.0,3,4215,0
769709058,60,M,54,1,Ensino Fundamental,Solteiro,Blue,3618.0,2,4228,0
711005583,37,M,24,3,Ensino Medio,Solteiro,Blue,3437.0,2,5110,0
826548708,50,M,46,2,Mestrado,Solteiro,Blue,5965.0,3,4637,0
711093408,46,F,33,2,Doutorado,Casado,Blue,2644.0,3,4815,0
712831908,59,F,49,1,Faculdade,Casado,Blue,3481.0,2,4556,0
714181008,35,F,36,0,Mestrado,Casado,Blue,3019.0,2,4509,0
772346358,52,F,41,3,Ensino Fundamental,Solteiro,Blue,1801.0,1,5047,0
717489033,27,F,18,0,Ensino Medio,Solteiro,Blue,1438.3,1,2641,1
710969433,41,F,31,1,Ensino Fundamental,Casado,Blue,2909.0,2,4230,0
715807383,45,F,36,4,Pos-Graduacao,Solteiro,Blue,4688.0,3,5248,0
711807333,37,F,26,2,Faculdade,Solteiro,Blue,1438.3,1,3948,0
714424533,41,F,36,4,Mestrado,Casado,Blue,1655.0,2,2156,1
779536233,47,F,30,4,Mestrado,Divorciado,Blue,1438.3,1,4669,0
710794983,41,F,32,3,Ensino Medio,Solteiro,Blue,4745.0,1,4705,0
779890833,51,F,36,2,Ensino Medio,Divorciado,Blue,1438.3,1,4866,0
779837808,53,F,37,2,Ensino Medio,Casado,Blue,5182.0,4,5012,0
713748708,46,F,37,3,Mestrado,Solteiro,Blue,1438.3,2,1757,1
709123908,43,F,36,2,Mestrado,Casado,Blue,4287.0,3,4874,0
743800833,53,F,46,3,Faculdade,Casado,Blue,2304.0,1,4505,0
806415183,51,F,46,0,Doutorado,Casado,Blue,13623.0,3,4534,0
794054058,50,F,44,2,Mestrado,Solteiro,Blue,2765.0,1,4010,0
815789883,46,F,41,3,Faculdade,Solteiro,Blue,2485.0,3,4728,0
712177908,50,F,36,4,Faculdade,Solteiro,Blue,2446.0,3,4310,0
793379058,48,F,42,3,Mestrado,Solteiro,Blue,2214.0,2,5084,0
712974558,56,F,43,2,Faculdade,Solteiro,Blue,5254.0,3,4546,0
717409533,36,F,26,2,Pos-Graduacao,Solteiro,Blue,1821.0,2,2824,1
712200033,44,F,36,4,Ensino Medio,Solteiro,Blue,3024.0,3,4983,0
802795608,54,F,48,2,Ensino Medio,Solteiro,Blue,1517.0,3,4981,0
787452333,39,F,25,1,Ensino Medio,Casado,Blue,2024.0,2,2870,1
709520058,53,M,38,5,Ensino Fundamental,Casado,Blue,19138.0,2,2028,1
819690933,56,M,51,1,Mestrado,Solteiro,Blue,16835.0,3,4059,0
820694133,60,F,55,0,Ensino Medio,Casado,Blue,5549.0,1,2412,1
711800658,42,F,36,3,Ensino Medio,Solteiro,Blue,2145.0,3,2465,1
717722958,43,M,36,3,Ensino Fundamental,Casado,Blue,4654.0,3,4277,0
712279683,44,M,36,3,Mestrado,Casado,Blue,9114.0,3,2740,1
716606733,33,F,18,1,Mestrado,Solteiro,Blue,3043.0,2,4833,0
716060358,53,F,45,2,Mestrado,Casado,Blue,4621.0,2,4952,0
709158333,44,M,28,4,Mestrado,Solteiro,Blue,2758.0,2,4244,0
721113333,54,F,36,0,Mestrado,Casado,Blue,1740.0,2,4751,0
712620858,34,F,36,4,Doutorado,Casado,Blue,7744.0,2,4572,0
712855683,50,F,36,2,Pos-Graduacao,Casado,Blue,3350.0,2,4906,0
715463133,40,M,31,5,Ensino Medio,Solteiro,Blue,34516.0,1,3699,0
716551533,47,F,36,1,Ensino Medio,Solteiro,Blue,2874.0,1,4779,0
771220758,40,F,27,3,Doutorado,Solteiro,Blue,2896.0,1,4614,0
709920258,41,F,28,3,Mestrado,Divorciado,Blue,9294.0,1,4531,0
708959583,47,M,39,2,Ensino Medio,Casado,Blue,9389.0,2,3415,0
712510833,44,M,30,3,Faculdade,Casado,Blue,9317.0,3,4121,0
788502858,58,M,51,3,Ensino Medio,Solteiro,Blue,10021.0,2,4431,0
721139808,42,F,36,3,Mestrado,Solteiro,Blue,2344.0,2,3889,0
711375558,48,F,34,2,Ensino Fundamental,Solteiro,Blue,3072.0,3,4540,0
709362033,52,F,42,1,Mestrado,Casado,Blue,1471.0,5,2253,1
719860308,42,F,36,2,Mestrado,Casado,Blue,1438.3,3,2418,1
714443058,43,F,28,4,Faculdade,Casado,Blue,1484.0,2,1664,1
716315508,37,F,36,3,Pos-Graduacao,Casado,Blue,3233.0,2,1339,1
717651333,55,F,43,2,Mestrado,Solteiro,Blue,1745.0,3,4562,0
798489258,59,F,53,1,Ensino Fundamental,Divorciado,Blue,3709.0,3,5557,0
710742408,53,F,43,2,Faculdade,Casado,Blue,2160.0,1,4518,0
711968358,55,F,44,4,Mestrado,Solteiro,Blue,2638.0,2,4153,0
794227308,56,M,50,2,Faculdade,Casado,Blue,10214.0,1,4493,0
719845908,52,F,36,3,Ensino Fundamental,Solteiro,Blue,3240.0,1,4803,0
720401658,53,F,34,3,Mestrado,Solteiro,Blue,1438.3,3,1985,1
827442858,56,M,52,3,Ensino Medio,Divorciado,Blue,8111.0,3,3719,0
779034708,60,F,41,0,Doutorado,Casado,Blue,10730.0,3,4939,0
718806783,46,F,36,3,Ensino Fundamental,Casado,Blue,2872.0,3,2629,1
714484008,49,F,31,4,Ensino Fundamental,Casado,Blue,1567.0,3,2138,1
719176308,43,M,32,3,Faculdade,Divorciado,Blue,7278.0,3,2120,1
721020858,34,F,20,1,Faculdade,Solteiro,Blue,3190.0,2,4220,0
710838108,45,M,36,2,Mestrado,Casado,Blue,3081.0,4,4317,0
712662783,43,F,36,2,Faculdade,Casado,Blue,3793.0,2,2577,1
713160258,54,F,44,2,Mestrado,Casado,Blue,3034.0,2,4349,0
778163508,37,F,27,2,Ensino Medio,Casado,Blue,5245.0,1,4938,0
713785608,49,F,40,1,Doutorado,Solteiro,Blue,2960.0,2,4918,0
789491058,43,F,34,4,Mestrado,Casado,Blue,1620.0,3,4570,0
793736958,49,M,43,3,Ensino Medio,Solteiro,Blue,21680.0,2,4410,0
720961383,47,F,36,3,Ensino Fundamental,Solteiro,Blue,2952.0,3,2907,1
714202008,53,F,36,2,Ensino Medio,Casado,Blue,3918.0,3,2115,1
721479108,52,M,41,1,Ensino Fundamental,Solteiro,Blue,12764.0,1,3332,0
715549158,29,F,36,1,Mestrado,Casado,Blue,1438.3,2,4769,0
716165508,51,M,40,2,Ensino Fundamental,Casado,Blue,3559.0,1,4498,0
710630583,47,M,39,3,Ensino Medio,Solteiro,Blue,2843.0,1,3738,0
709571958,58,F,47,2,Mestrado,Solteiro,Blue,2127.0,1,4401,0
715904433,42,F,34,4,Faculdade,Casado,Blue,1695.0,3,2055,1
709078908,48,F,32,3,Ensino Medio,Solteiro,Blue,2648.0,2,4926,0
717541308,61,F,45,2,Mestrado,Solteiro,Blue,2602.0,2,4838,0
779916408,39,F,23,4,Mestrado,Solteiro,Blue,1811.0,3,4934,0
714979383,56,M,46,3,Mestrado,Solteiro,Blue,1891.0,2,5255,0
711691608,46,F,36,4,Mestrado,Solteiro,Blue,2881.0,3,2450,1
788930358,42,F,28,4,Faculdade,Solteiro,Blue,2827.0,2,3891,0
716351208,48,F,38,3,Ensino Fundamental,Casado,Blue,4095.0,3,4175,0
708266883,34,F,36,2,Mestrado,Solteiro,Blue,1666.0,2,2312,1
718858683,42,F,36,1,Mestrado,Casado,Blue,1438.3,3,4511,0
771617883,54,F,42,2,Ensino Medio,Solteiro,Blue,2205.0,2,4904,0
718001508,41,F,29,3,Mestrado,Casado,Blue,2890.0,1,4377,0
721173183,57,F,43,2,Ensino Fundamental,Casado,Blue,2363.0,1,4984,0
711102858,48,F,36,2,Doutorado,Solteiro,Blue,3137.0,2,1618,1
711722808,51,F,44,4,Mestrado,Solteiro,Blue,1483.0,3,2520,1
772661808,56,M,46,3,Mestrado,Casado,Blue,7234.0,1,5051,0
713382558,57,F,42,3,Faculdade,Solteiro,Blue,2063.0,1,4304,0
717596883,58,F,39,0,Mestrado,Solteiro,Blue,5530.0,3,5270,0
824763783,59,F,55,0,Faculdade,Solteiro,Blue,2645.0,2,4251,0
771730758,51,F,39,1,Ensino Medio,Solteiro,Blue,5448.0,3,4443,0
780265458,56,F,42,2,Ensino Fundamental,Solteiro,Blue,3495.0,2,4466,0
710292333,44,F,36,3,Ensino Medio,Casado,Blue,7772.0,3,2618,1
712171158,42,F,30,2,Ensino Medio,Casado,Blue,3124.0,1,4986,0
787339158,56,M,50,1,Mestrado,Casado,Blue,8688.0,6,2361,1
714848958,47,F,37,2,Mestrado,Solteiro,Gold,15109.0,2,2315,1
714987633,42,M,36,3,Mestrado,Casado,Blue,4953.0,2,4026,0
717684858,50,M,38,3,Ensino Fundamental,Solteiro,Blue,22304.0,3,5002,0
767376483,27,F,20,1,Faculdade,Casado,Blue,1893.0,3,5176,0
709901058,38,M,30,1,Ensino Medio,Solteiro,Blue,2232.0,2,4185,0
823149483,52,F,48,1,Pos-Graduacao,Solteiro,Blue,1766.0,5,4643,0
780073158,59,M,44,0,Ensino Medio,Solteiro,Blue,3790.0,1,4455,0
779998083,33,M,23,3,Ensino Medio,Casado,Blue,6392.0,2,4069,0
713144208,51,F,42,0,Ensino Medio,Casado,Blue,9989.0,4,2053,1
771594783,56,F,44,1,Faculdade,Casado,Blue,1438.3,4,2264,1
816613158,48,F,43,1,Doutorado,Casado,Blue,2559.0,3,4117,0
770774133,53,M,39,3,Mestrado,Solteiro,Silver,34516.0,2,4826,0
712300683,41,F,32,1,Mestrado,Solteiro,Blue,1438.3,2,4897,0
714536208,50,F,36,3,Ensino Fundamental,Casado,Blue,2473.0,2,4203,0
784880958,34,F,28,4,Mestrado,Solteiro,Blue,4022.0,3,3776,0
713784558,59,F,36,1,Mestrado,Solteiro,Blue,3510.0,2,4833,0
719305608,57,F,36,3,Ensino Medio,Solteiro,Blue,2347.0,3,2447,1
708323208,49,F,36,3,Ensino Fundamental,Casado,Blue,1522.0,2,2241,1
781183233,44,F,25,3,Ensino Medio,Solteiro,Blue,2085.0,1,3805,0
718825908,60,F,47,1,Doutorado,Solteiro,Blue,3803.0,1,4575,0
779922183,52,F,36,1,Ensino Medio,Casado,Blue,2253.0,2,4758,0
719449533,49,F,38,3,Ensino Fundamental,Solteiro,Blue,2655.0,2,2386,1
712559058,54,M,45,0,Ensino Medio,Solteiro,Blue,20882.0,3,4765,0
717853233,41,M,31,2,Faculdade,Casado,Blue,3306.0,1,4772,0
790069233,45,F,37,3,Ensino Medio,Divorciado,Blue,2052.0,1,4289,0
794576058,42,M,26,3,Mestrado,Casado,Blue,8480.0,2,4070,0
772334133,53,F,42,1,Mestrado,Casado,Blue,4637.0,1,4583,0
714139308,53,M,42,3,Ensino Fundamental,Casado,Blue,1438.3,5,4722,0
806634783,38,F,33,2,Faculdade,Casado,Blue,3420.0,3,4267,0
720101658,26,F,19,0,Mestrado,Solteiro,Blue,3416.0,1,4614,0
719925483,46,M,36,4,Mestrado,Casado,Blue,2171.0,1,4531,0
819214233,43,F,38,3,Mestrado,Casado,Blue,1530.0,2,5138,0
713723433,52,F,44,4,Ensino Medio,Solteiro,Blue,5721.0,1,4188,0
708514383,38,F,29,2,Faculdade,Casado,Blue,3809.0,1,4314,0
716961033,48,F,40,3,Ensino Medio,Solteiro,Blue,3520.0,3,3630,0
778819083,41,F,33,2,Doutorado,Casado,Blue,1604.0,3,2264,1
714773508,54,F,46,1,Mestrado,Casado,Blue,1632.0,4,2532,1
814181433,46,M,41,5,Faculdade,Casado,Blue,3914.0,3,4242,0
711984633,36,F,27,3,Mestrado,Casado,Blue,2328.0,2,4373,0
780727833,51,F,41,3,Ensino Medio,Solteiro,Blue,3229.0,4,4526,0
714320358,38,F,33,2,Faculdade,Solteiro,Blue,2569.0,1,4126,0
720700008,50,F,36,1,Ensino Medio,Solteiro,Blue,4517.0,1,4686,0
713027058,46,F,36,4,Doutorado,Solteiro,Blue,2292.0,2,2595,1
778228458,52,F,42,3,Ensino Fundamental,Solteiro,Blue,2510.0,3,4943,0
719821908,38,F,16,2,Ensino Medio,Solteiro,Blue,2703.0,1,2752,1
720537633,44,F,36,3,Doutorado,Casado,Blue,3047.0,3,4961,0
721164483,46,F,34,2,Faculdade,Casado,Blue,1441.0,1,4894,0
715447008,50,F,36,3,Mestrado,Casado,Blue,2999.0,3,5119,0
769676358,38,M,32,2,Ensino Medio,Solteiro,Blue,1438.3,1,5066,0
710487033,44,F,28,2,Ensino Medio,Casado,Blue,1438.3,3,4445,0
714197133,51,F,36,3,Faculdade,Casado,Blue,4762.0,3,2811,1
771400608,56,F,44,2,Mestrado,Casado,Blue,8204.0,1,4727,0
784795083,31,F,25,1,Ensino Medio,Divorciado,Blue,1984.0,1,4794,0
809844108,48,M,43,2,Doutorado,Solteiro,Blue,8086.0,1,4775,0
711833508,47,M,27,2,Ensino Medio,Solteiro,Blue,1536.0,3,4643,0
716968683,46,F,38,5,Ensino Medio,Solteiro,Blue,11287.0,2,5157,0
716279508,48,M,41,3,Faculdade,Casado,Blue,3430.0,3,2639,1
771336783,51,F,38,3,Ensino Medio,Solteiro,Blue,1759.0,3,4351,0
717502083,41,M,28,3,Doutorado,Solteiro,Blue,6314.0,2,2718,1
714843483,57,F,48,3,Ensino Fundamental,Solteiro,Blue,7176.0,1,5063,0
711382458,43,M,38,5,Mestrado,Casado,Blue,1438.3,3,2389,1
712190358,48,F,29,4,Ensino Fundamental,Casado,Blue,1843.0,3,5199,0
788805858,49,M,31,3,Faculdade,Divorciado,Blue,2181.0,3,4997,0
709102458,47,M,36,2,Ensino Medio,Solteiro,Blue,4754.0,3,2607,1
712533708,43,M,36,0,Ensino Medio,Solteiro,Blue,11247.0,2,4894,0
720326733,55,M,47,2,Mestrado,Solteiro,Blue,16258.0,3,3761,0
713605908,49,M,37,3,Mestrado,Casado,Blue,34516.0,1,3863,0
711598533,43,M,36,1,Ensino Medio,Casado,Blue,4255.0,2,3607,0
795855258,48,F,42,4,Faculdade,Solteiro,Blue,1438.3,3,5045,0
826783233,57,F,53,3,Ensino Medio,Solteiro,Blue,3029.0,3,4750,0
789228108,56,F,45,4,Mestrado,Solteiro,Blue,9091.0,2,4378,0
785230083,50,M,44,2,Ensino Fundamental,Solteiro,Blue,3318.0,2,4905,0
807946833,44,F,39,2,Mestrado,Solteiro,Blue,1791.0,3,2771,1
711011508,43,F,35,3,Mestrado,Solteiro,Blue,1620.0,3,4387,0
718632933,58,F,46,1,Faculdade,Solteiro,Blue,1552.0,5,4731,0
717284133,53,F,41,1,Ensino Medio,Casado,Blue,3472.0,2,4520,0
711701058,48,F,36,4,Mestrado,Casado,Silver,10973.0,2,4892,0
717146208,59,F,51,1,Mestrado,Solteiro,Blue,4257.0,4,2828,1
719028783,42,F,29,1,Mestrado,Casado,Blue,3422.0,3,4486,0
713274183,45,F,35,1,Mestrado,Solteiro,Blue,4977.0,1,4182,0
790139583,39,F,32,0,Mestrado,Divorciado,Blue,1438.3,2,4386,0
708753633,45,F,32,3,Doutorado,Casado,Blue,1438.3,1,4462,0
710780883,48,F,38,5,Ensino Fundamental,Solteiro,Blue,2446.0,2,4610,0
785237958,45,M,39,5,Faculdade,Casado,Blue,3439.0,3,2661,1
711333933,56,F,36,3,Pos-Graduacao,Solteiro,Blue,3005.0,1,4586,0
710797833,50,F,30,5,Mestrado,Casado,Blue,2033.0,3,4360,0
780942633,49,M,32,4,Ensino Medio,Casado,Blue,3519.0,1,3552,0
708876183,51,M,43,1,Ensino Medio,Solteiro,Silver,28673.0,3,3722,0
712660308,44,F,36,1,Ensino Medio,Solteiro,Blue,1895.0,3,2472,1
715958583,56,F,43,2,Ensino Medio,Casado,Blue,2041.0,2,3588,0
771546708,46,F,34,2,Mestrado,Solteiro,Blue,1438.3,2,5013,0
711252258,54,F,36,1,Ensino Medio,Solteiro,Blue,1572.0,3,4148,0
772585008,48,F,38,4,Ensino Medio,Casado,Blue,3187.0,3,5111,0
751143858,59,F,52,1,Ensino Medio,Solteiro,Blue,7427.0,1,4636,0
708824958,50,F,42,4,Ensino Medio,Solteiro,Blue,1460.0,1,4265,0
819612933,52,M,47,3,Mestrado,Solteiro,Blue,25410.0,3,5472,0
712804383,56,F,38,0,Faculdade,Casado,Blue,2143.0,1,4684,0
790149483,42,M,35,3,Ensino Fundamental,Solteiro,Blue,8566.0,3,4195,0
712121508,43,M,30,3,Ensino Fundamental,Solteiro,Blue,1438.3,2,5200,0
778853358,59,F,40,0,Faculdade,Solteiro,Blue,3297.0,3,4783,0
716512383,39,F,36,2,Ensino Medio,Casado,Blue,2816.0,3,4817,0
823548858,53,F,49,4,Mestrado,Casado,Blue,10533.0,5,2585,1
712144158,53,F,48,1,Mestrado,Solteiro,Blue,2370.0,6,2164,1
824560758,35,F,31,3,Mestrado,Solteiro,Blue,1678.0,3,2475,1
757710783,36,F,29,1,Mestrado,Casado,Blue,1493.0,2,2516,1
710481333,50,F,36,4,Ensino Medio,Casado,Blue,2690.0,3,2272,1
721060083,42,F,27,3,Faculdade,Casado,Blue,7226.0,1,4653,0
713759583,54,F,36,3,Ensino Medio,Casado,Blue,3173.0,1,4883,0
717547383,43,F,32,2,Mestrado,Casado,Blue,2890.0,3,4233,0
710044308,40,F,27,4,Mestrado,Solteiro,Blue,2625.0,2,2480,0
757685733,43,F,36,2,Mestrado,Solteiro,Blue,3226.0,2,5066,0
796029483,49,F,43,3,Mestrado,Casado,Blue,2174.0,3,3890,0
713872008,49,F,42,1,Ensino Medio,Casado,Blue,2215.0,3,4656,0
823554783,44,F,40,3,Faculdade,Solteiro,Blue,3269.0,1,5022,0
710643183,42,F,23,2,Ensino Medio,Solteiro,Blue,3172.0,2,4163,0
779859558,54,F,38,3,Ensino Medio,Casado,Blue,2452.0,2,2398,1
798238008,36,F,30,2,Ensino Fundamental,Casado,Blue,5070.0,1,4644,0
811974483,56,M,51,2,Mestrado,Solteiro,Blue,1466.0,3,5110,0
778471758,52,F,37,2,Mestrado,Casado,Blue,2427.0,3,4663,0
718513233,59,M,48,2,Mestrado,Solteiro,Blue,17999.0,3,4740,0
718147233,44,F,31,1,Ensino Medio,Casado,Blue,4553.0,2,4999,0
713700258,55,F,42,1,Pos-Graduacao,Casado,Blue,2953.0,3,4644,0
711438033,57,F,45,1,Mestrado,Casado,Blue,1894.0,3,5750,0
712253058,48,F,40,3,Ensino Medio,Casado,Blue,2097.0,2,4189,0
713519508,47,M,36,4,Ensino Medio,Divorciado,Blue,1983.0,1,5065,0
710110683,52,M,36,2,Faculdade,Casado,Blue,7879.0,1,4844,0
720260433,46,F,34,3,Ensino Medio,Casado,Blue,3336.0,3,5577,0
714148758,34,F,27,2,Pos-Graduacao,Casado,Blue,1726.0,3,5228,0
715522233,45,F,27,3,Doutorado,Solteiro,Blue,2917.0,6,4878,0
712790358,39,F,30,3,Ensino Fundamental,Casado,Blue,3023.0,3,2219,1
714943233,49,M,31,2,Doutorado,Casado,Blue,1915.0,2,3911,0
708952758,41,F,35,3,Faculdade,Casado,Blue,2066.0,1,4887,0
721374033,53,F,39,1,Ensino Medio,Casado,Blue,2164.0,3,4341,0
794516508,43,F,24,3,Ensino Medio,Casado,Blue,1484.0,2,4838,0
778722033,44,F,28,2,Ensino Fundamental,Casado,Blue,2275.0,2,5626,0
823578483,44,F,40,4,Ensino Medio,Solteiro,Blue,1438.3,1,4429,0
715148658,51,F,43,2,Mestrado,Casado,Blue,3683.0,3,4684,0
709669533,38,F,30,1,Ensino Medio,Divorciado,Blue,2722.0,3,4488,0
787467858,43,M,30,1,Ensino Medio,Casado,Silver,34516.0,1,4081,0
708671733,48,M,36,4,Mestrado,Casado,Blue,2072.0,3,4091,0
709790058,53,M,40,4,Mestrado,Casado,Blue,6383.0,1,4985,0
757722708,42,M,35,3,Faculdade,Casado,Blue,1438.3,3,4246,0
718086783,50,M,36,5,Ensino Fundamental,Casado,Blue,13478.0,2,4738,0
815253708,46,F,41,2,Ensino Medio,Divorciado,Blue,2841.0,2,4144,0
715083633,33,F,23,1,Ensino Fundamental,Casado,Blue,1830.0,2,5271,0
792098883,37,M,31,2,Doutorado,Solteiro,Blue,2360.0,1,3696,0
711873858,43,M,35,3,Ensino Medio,Casado,Blue,3717.0,3,4667,0
713931258,56,F,45,3,Mestrado,Casado,Blue,1438.3,3,1988,1
787591008,42,M,34,3,Ensino Fundamental,Divorciado,Blue,2289.0,1,4955,0
801518958,56,F,50,1,Mestrado,Casado,Blue,5338.0,3,4139,0
713068833,44,F,32,3,Ensino Fundamental,Solteiro,Blue,1438.3,2,4687,0
708190158,38,F,26,3,Ensino Medio,Solteiro,Blue,2920.0,3,2750,1
784895358,49,F,43,1,Mestrado,Casado,Blue,1938.0,3,2870,1
710090133,62,F,51,1,Faculdade,Divorciado,Blue,4049.0,3,3908,0
799242033,45,M,39,4,Doutorado,Casado,Blue,1438.3,3,4598,0
719377383,40,M,28,2,Faculdade,Solteiro,Blue,10880.0,2,4957,0
710371683,51,M,36,4,Doutorado,Casado,Blue,3451.0,1,4097,0
719926683,41,M,33,3,Ensino Medio,Divorciado,Blue,20749.0,2,4754,0
793597833,49,F,43,0,Pos-Graduacao,Solteiro,Blue,2481.0,3,4466,0
713739708,61,M,53,0,Ensino Medio,Solteiro,Blue,2415.0,3,4479,0
709389558,33,F,36,4,Faculdade,Solteiro,Blue,1438.3,3,4641,0
811907583,45,F,40,4,Ensino Fundamental,Solteiro,Blue,7600.0,2,4240,0
709087983,35,F,27,3,Doutorado,Solteiro,Blue,1438.3,2,5020,0
712774908,41,F,29,4,Ensino Medio,Casado,Blue,2601.0,2,5111,0
820639908,48,F,44,4,Ensino Medio,Casado,Blue,2625.0,2,4378,0
713497983,49,M,36,5,Ensino Medio,Solteiro,Blue,5578.0,2,3459,0
713489358,52,F,40,2,Mestrado,Casado,Blue,3698.0,3,3763,0
711847833,42,F,32,2,Mestrado,Solteiro,Blue,1933.0,2,4833,0
772837083,41,M,32,3,Mestrado,Casado,Blue,27169.0,3,3906,0
719202708,54,F,36,3,Ensino Medio,Casado,Blue,5642.0,2,4633,0
714566133,60,F,36,2,Mestrado,Casado,Blue,3239.0,2,4621,0
814987983,37,F,32,2,Faculdade,Solteiro,Blue,3680.0,1,4835,0
789588933,44,M,37,2,Mestrado,Casado,Blue,1787.0,1,3912,0
714317058,52,M,36,2,Mestrado,Casado,Blue,4752.0,3,3946,0
772271508,46,F,35,3,Ensino Fundamental,Solteiro,Blue,1706.0,3,2320,1
716366208,45,F,36,2,Ensino Fundamental,Casado,Blue,8103.0,1,5221,0
710971908,43,M,31,1,Ensino Medio,Casado,Blue,3764.0,3,4898,0
711412533,40,F,35,3,Ensino Medio,Solteiro,Blue,5492.0,3,2416,1
720593583,39,F,32,2,Doutorado,Divorciado,Blue,3554.0,2,5152,0
716147658,49,F,40,2,Ensino Fundamental,Solteiro,Blue,2464.0,3,4739,0
778436283,41,M,21,4,Ensino Medio,Solteiro,Blue,3429.0,3,4015,0
711492258,50,M,45,2,Mestrado,Casado,Blue,2021.0,1,5298,0
771106458,54,F,41,4,Faculdade,Casado,Blue,2444.0,5,4609,0
713183508,39,F,36,1,Ensino Medio,Casado,Blue,2751.0,3,4861,0
719940483,51,F,43,1,Mestrado,Casado,Blue,2107.0,2,4841,0
716839983,48,M,36,3,Faculdade,Casado,Blue,32777.0,3,4520,0
781073733,50,M,41,2,Mestrado,Casado,Blue,4607.0,3,4793,0
764496708,54,F,47,2,Ensino Medio,Casado,Blue,1997.0,3,4961,0
714080433,40,F,36,5,Faculdade,Casado,Blue,3144.0,3,4758,0
757675158,47,F,40,4,Pos-Graduacao,Divorciado,Blue,2725.0,2,4904,0
715361433,53,F,36,2,Ensino Medio,Solteiro,Blue,1874.0,2,4194,0
778191933,45,M,35,3,Ensino Fundamental,Solteiro,Blue,7135.0,3,2305,1
718792758,35,F,25,4,Ensino Fundamental,Casado,Blue,3379.0,3,5121,0
799020258,44,M,38,2,Ensino Fundamental,Divorciado,Blue,16553.0,1,4797,0
718152333,41,F,36,3,Doutorado,Solteiro,Blue,2246.0,3,3607,1
716324583,42,F,36,4,Ensino Fundamental,Solteiro,Blue,2875.0,4,4577,0
714825408,45,F,36,3,Ensino Medio,Solteiro,Blue,2853.0,3,4971,0
788620083,50,F,41,3,Mestrado,Solteiro,Blue,2382.0,2,4563,0
719490108,54,F,36,3,Mestrado,Solteiro,Blue,2830.0,3,4854,0
756944133,52,F,45,4,Mestrado,Casado,Blue,3705.0,1,4452,0
785285883,49,F,43,3,Mestrado,Solteiro,Blue,1675.0,3,2622,1
779770683,47,F,36,3,Ensino Fundamental,Divorciado,Blue,1439.0,3,5047,0
710322033,52,F,44,1,Ensino Medio,Casado,Blue,2563.0,1,4515,0
710560008,46,F,33,4,Ensino Medio,Casado,Blue,1896.0,3,4588,0
789164283,55,F,44,0,Ensino Fundamental,Casado,Blue,2596.0,1,4726,0
715773783,44,F,35,2,Mestrado,Solteiro,Blue,4196.0,3,2558,1
779158533,43,F,25,3,Ensino Fundamental,Solteiro,Blue,1616.0,3,4774,0
720463833,42,M,36,5,Ensino Fundamental,Solteiro,Blue,6618.0,1,5022,0
712747758,50,F,36,4,Ensino Fundamental,Solteiro,Blue,2477.0,2,2037,1
771067308,38,F,25,3,Ensino Medio,Solteiro,Blue,3040.0,1,5616,0
716171358,51,M,36,4,Faculdade,Casado,Blue,4436.0,3,4460,0
794637333,44,F,25,2,Mestrado,Divorciado,Silver,13138.0,2,3881,0
718492908,38,F,36,3,Faculdade,Casado,Blue,3297.0,2,4636,0
716033508,46,M,34,2,Mestrado,Solteiro,Blue,6272.0,3,4514,0
717603858,54,M,42,3,Faculdade,Solteiro,Blue,5608.0,2,4325,0
716558283,30,F,36,0,Mestrado,Casado,Blue,1621.0,2,5247,0
719022558,49,F,38,4,Ensino Fundamental,Casado,Blue,2305.0,3,5106,0
717334233,54,F,43,1,Ensino Fundamental,Solteiro,Blue,9525.0,3,4804,0
719192808,51,M,36,4,Mestrado,Solteiro,Blue,3168.0,1,4674,0
719281533,37,F,27,3,Faculdade,Casado,Blue,2939.0,1,5076,0
710877108,44,F,32,1,Ensino Medio,Divorciado,Blue,2724.0,1,4171,0
770581983,55,F,41,4,Mestrado,Casado,Blue,1438.3,1,4885,0
718742808,55,F,46,1,Ensino Medio,Casado,Blue,4629.0,4,2877,1
710257683,50,M,33,3,Mestrado,Solteiro,Blue,34516.0,2,4520,0
721041483,45,M,37,4,Doutorado,Casado,Blue,13093.0,2,2032,1
716214108,44,M,36,4,Ensino Fundamental,Solteiro,Blue,6426.0,2,4892,0
772216833,47,F,36,5,Mestrado,Solteiro,Blue,2761.0,2,4510,0
708553008,38,F,36,1,Ensino Medio,Solteiro,Blue,2148.0,2,4711,0
778880358,49,F,30,4,Mestrado,Divorciado,Blue,2485.0,3,4208,0
720258183,39,F,25,4,Mestrado,Solteiro,Blue,3394.0,3,5421,0
720689583,50,F,40,3,Ensino Medio,Casado,Blue,3367.0,3,5657,0
758168133,50,F,43,0,Ensino Medio,Casado,Blue,4154.0,3,4325,0
711118083,54,F,43,4,Mestrado,Divorciado,Blue,2506.0,2,4504,0
709591533,46,F,38,3,Faculdade,Divorciado,Blue,1774.0,1,3474,0
771630783,42,F,30,3,Ensino Medio,Casado,Blue,1821.0,1,4786,0
715590258,45,F,36,4,Ensino Fundamental,Solteiro,Blue,3918.0,1,4700,0
714241083,49,F,39,1,Mestrado,Casado,Blue,5455.0,1,4349,0
708416433,41,F,36,1,Ensino Medio,Solteiro,Blue,2372.0,3,2499,1
779183958,45,F,33,2,Mestrado,Solteiro,Blue,1492.0,3,2469,1
709061658,44,F,31,1,Mestrado,Solteiro,Blue,1550.0,2,4534,0
717384183,58,F,53,3,Mestrado,Solteiro,Blue,2669.0,3,4863,0
778921908,42,M,23,4,Faculdade,Solteiro,Blue,3311.0,3,4559,0
714745608,51,F,33,4,Ensino Medio,Solteiro,Blue,3068.0,4,5524,0
709200633,55,F,49,1,Mestrado,Solteiro,Blue,2721.0,4,5443,0
714714558,37,F,27,2,Ensino Fundamental,Solteiro,Blue,3050.0,3,4698,0
801363633,60,F,54,2,Mestrado,Casado,Blue,3356.0,2,5200,0
778847808,42,F,23,4,Mestrado,Casado,Blue,2647.0,2,4911,0
711666708,52,F,39,2,Ensino Medio,Casado,Blue,2233.0,3,2888,1
710532258,48,F,36,3,Ensino Medio,Divorciado,Blue,2185.0,1,4906,0
817293258,44,F,27,4,Faculdade,Casado,Blue,3183.0,1,4017,0
738062658,57,M,50,3,Mestrado,Solteiro,Blue,17096.0,3,4231,0
709518858,50,F,38,2,Mestrado,Casado,Blue,2897.0,1,4891,0
711272058,40,F,28,4,Mestrado,Casado,Blue,1622.0,3,4216,0
716262708,51,F,36,2,Faculdade,Solteiro,Blue,1438.3,3,4447,0
708928008,34,F,36,2,Ensino Medio,Solteiro,Blue,1677.0,3,4035,0
765755283,48,F,41,2,Mestrado,Casado,Blue,7884.0,1,4588,0
711922158,57,F,45,2,Mestrado,Casado,Blue,1860.0,3,5109,0
773177358,48,F,41,3,Mestrado,Casado,Blue,8074.0,2,5372,0
779638983,47,F,30,4,Mestrado,Casado,Blue,2124.0,3,4592,0
708723858,48,F,37,4,Mestrado,Solteiro,Blue,3413.0,1,3843,0
712184133,41,F,24,5,Mestrado,Casado,Blue,2178.0,3,5089,0
709948233,47,F,35,3,Ensino Fundamental,Solteiro,Blue,2446.0,4,5347,0
714005508,45,F,36,4,Mestrado,Casado,Blue,4146.0,2,4323,0
715534083,46,F,33,2,Faculdade,Solteiro,Blue,2168.0,3,4043,0
789492558,49,F,40,2,Faculdade,Casado,Blue,2096.0,2,4926,0
770929383,41,M,28,2,Mestrado,Solteiro,Blue,7293.0,1,4828,0
708890133,46,F,35,4,Faculdade,Casado,Blue,1438.3,2,4659,0
788595183,42,M,36,2,Mestrado,Solteiro,Blue,1438.3,1,3499,0
713167383,57,F,46,3,Ensino Medio,Solteiro,Blue,2298.0,2,5154,0
718590183,58,F,47,3,Doutorado,Casado,Blue,1517.0,3,5067,0
720783558,58,F,48,1,Mestrado,Casado,Blue,9926.0,3,4937,0
719868183,42,F,30,3,Ensino Medio,Casado,Blue,1456.0,3,2843,1
709388058,43,F,34,4,Mestrado,Solteiro,Blue,2005.0,3,4906,0
717004533,35,F,36,3,Ensino Medio,Casado,Blue,4790.0,3,4544,0
759947433,53,M,46,3,Mestrado,Casado,Blue,13670.0,2,4812,0
767404083,52,M,45,2,Mestrado,Solteiro,Blue,3460.0,3,2355,1
781926633,48,M,42,2,Ensino Fundamental,Casado,Blue,3202.0,3,4675,0
772127508,31,F,20,1,Ensino Fundamental,Casado,Blue,1438.3,2,2614,1
720518283,50,M,36,2,Pos-Graduacao,Solteiro,Blue,2296.0,3,5483,0
789296133,35,F,24,3,Doutorado,Solteiro,Blue,12287.0,1,4601,0
715488483,49,F,36,4,Mestrado,Casado,Blue,6615.0,3,4575,0
796083783,55,F,49,2,Faculdade,Solteiro,Blue,1438.3,0,2278,1
715309083,50,F,36,2,Mestrado,Casado,Blue,1912.0,3,4851,0
778441533,45,F,26,4,Ensino Medio,Solteiro,Blue,4549.0,2,2240,1
708399858,45,F,35,3,Ensino Medio,Casado,Blue,2548.0,2,4747,0
711944733,45,F,36,2,Ensino Medio,Casado,Blue,1457.0,2,5401,0
785487783,59,F,53,1,Mestrado,Solteiro,Blue,1980.0,2,5350,0
718951683,48,F,35,2,Mestrado,Casado,Blue,2216.0,3,4763,0
718329183,57,F,47,3,Mestrado,Divorciado,Blue,4262.0,3,3943,0
788960658,42,F,28,2,Ensino Fundamental,Casado,Blue,2573.0,2,4649,0
713120433,55,F,42,2,Ensino Medio,Casado,Blue,5431.0,2,4569,0
720980958,43,F,30,5,Ensino Fundamental,Casado,Blue,3092.0,3,4797,0
709606158,37,F,31,2,Mestrado,Casado,Blue,2984.0,3,4878,0
714168183,48,F,38,2,Ensino Fundamental,Casado,Blue,2186.0,3,4629,0
712524858,34,M,28,1,Mestrado,Solteiro,Blue,2669.0,6,4314,0
815072283,50,F,45,3,Mestrado,Casado,Blue,1789.0,3,5110,0
715980258,36,F,25,1,Doutorado,Solteiro,Blue,2835.0,2,4811,0
788715483,44,F,28,5,Mestrado,Solteiro,Blue,1558.0,2,4805,0
809276808,47,M,42,4,Mestrado,Solteiro,Blue,7299.0,1,4678,0
708885558,56,F,48,1,Ensino Medio,Solteiro,Blue,3556.0,5,2220,1
789373683,45,F,35,3,Mestrado,Casado,Blue,1438.3,2,4976,0
719150658,51,F,34,2,Mestrado,Casado,Blue,7551.0,3,2977,1
712302783,38,F,25,2,Ensino Fundamental,Solteiro,Blue,2468.0,3,4426,0
719601708,45,M,35,3,Faculdade,Solteiro,Blue,10699.0,1,5052,0
720150858,34,M,25,2,Ensino Medio,Casado,Blue,1439.0,2,2932,1
824915208,44,F,40,3,Doutorado,Casado,Blue,7212.0,1,5169,0
798777708,54,F,48,4,Ensino Medio,Solteiro,Blue,3089.0,4,5237,0
716365233,53,F,36,1,Faculdade,Casado,Blue,1665.0,3,4881,0
796544133,54,M,48,1,Faculdade,Solteiro,Blue,2456.0,3,4468,0
778143183,47,M,40,1,Mestrado,Casado,Blue,11773.0,2,5098,0
717011958,43,F,23,4,Mestrado,Solteiro,Blue,1438.3,1,4494,0
778264008,41,F,32,3,Faculdade,Solteiro,Blue,3104.0,1,4699,0
788842008,50,F,34,3,Ensino Fundamental,Casado,Blue,4060.0,2,5173,0
714742758,42,F,24,4,Ensino Fundamental,Solteiro,Blue,3428.0,2,4751,0
711092658,39,F,26,3,Mestrado,Casado,Blue,4376.0,2,2862,1
720299283,46,M,33,3,Ensino Fundamental,Casado,Blue,12745.0,2,4380,0
719237058,39,M,36,2,Doutorado,Solteiro,Blue,1790.0,2,4498,0
788290383,43,M,35,3,Doutorado,Solteiro,Blue,4970.0,6,4436,0
779701983,49,F,32,3,Mestrado,Solteiro,Blue,5400.0,3,4643,0
712132383,44,M,34,4,Faculdade,Solteiro,Blue,1876.0,2,5056,0
812446158,54,F,49,3,Ensino Fundamental,Solteiro,Blue,1719.0,2,4869,0
779401233,47,F,36,4,Ensino Fundamental,Solteiro,Blue,1438.3,1,5216,0
721080183,33,F,20,1,Mestrado,Solteiro,Blue,4883.0,2,4613,0
712572858,38,M,29,3,Ensino Medio,Solteiro,Blue,3413.0,1,3831,0
780371433,35,F,25,2,Mestrado,Casado,Blue,3339.0,3,4725,0
822170733,45,F,41,4,Faculdade,Solteiro,Blue,3785.0,3,2401,1
708224133,61,M,49,0,Ensino Fundamental,Solteiro,Blue,2228.0,2,4431,0
780633483,58,F,47,0,Mestrado,Casado,Blue,2194.0,2,4962,0
771356508,41,F,28,5,Mestrado,Casado,Blue,2665.0,3,4500,0
823629333,42,M,38,4,Ensino Fundamental,Casado,Blue,2444.0,4,4220,0
712961658,45,F,32,4,Ensino Fundamental,Casado,Blue,3335.0,1,5321,0
710464683,45,F,32,3,Pos-Graduacao,Casado,Blue,2726.0,3,5578,0
716688183,51,F,43,1,Ensino Medio,Casado,Blue,1665.0,3,2878,1
789082758,40,F,28,2,Ensino Medio,Casado,Blue,2734.0,3,4981,0
709140858,57,F,47,2,Faculdade,Solteiro,Blue,1727.0,3,5112,0
822127008,50,F,46,1,Pos-Graduacao,Casado,Blue,19349.0,2,4351,0
774588633,45,F,39,3,Mestrado,Solteiro,Blue,1438.3,2,4928,0
788465583,42,F,35,3,Faculdade,Solteiro,Blue,6330.0,3,3029,0
741517458,49,F,42,4,Mestrado,Casado,Blue,2575.0,4,1874,1
721112508,48,F,40,3,Mestrado,Casado,Blue,5298.0,3,4834,0
720734583,44,F,32,2,Pos-Graduacao,Casado,Blue,2540.0,3,5039,0
772286658,63,M,52,1,Mestrado,Solteiro,Blue,14324.0,4,2083,1
771045708,41,F,28,5,Mestrado,Casado,Blue,1504.0,3,2801,1
711733308,45,F,36,2,Ensino Fundamental,Solteiro,Blue,1839.0,2,4930,0
710518308,54,F,35,2,Doutorado,Casado,Blue,1685.0,4,4155,0
713152383,40,F,27,3,Ensino Fundamental,Casado,Blue,2840.0,1,4405,0
771935283,47,F,36,4,Mestrado,Solteiro,Blue,2977.0,2,5217,0
825838908,39,F,35,1,Ensino Fundamental,Solteiro,Blue,1961.0,5,4846,0
709082808,53,F,36,2,Ensino Medio,Casado,Blue,2156.0,3,5092,0
710937783,53,F,40,0,Ensino Fundamental,Casado,Blue,2772.0,3,5313,0
789540108,29,F,21,1,Ensino Fundamental,Casado,Blue,2832.0,1,4761,0
709824633,44,F,35,4,Ensino Medio,Solteiro,Blue,1552.0,5,5064,0
717874533,46,M,36,2,Ensino Medio,Solteiro,Blue,6362.0,2,1968,1
712571883,40,M,36,3,Mestrado,Divorciado,Silver,11409.0,3,4677,0
716926758,40,F,27,2,Ensino Fundamental,Solteiro,Blue,1965.0,6,4268,0
716181858,42,F,29,2,Ensino Fundamental,Casado,Blue,1622.0,2,4633,0
779613933,38,F,27,4,Ensino Fundamental,Casado,Blue,1736.0,3,5045,0
712136058,54,F,36,2,Faculdade,Solteiro,Blue,8827.0,3,2643,1
709678608,49,M,36,4,Ensino Medio,Casado,Blue,24256.0,3,4269,0
714276408,52,F,36,3,Ensino Fundamental,Solteiro,Blue,1915.0,3,2264,1
719953383,38,F,27,4,Faculdade,Solteiro,Blue,1438.3,3,4564,0
718795083,44,F,26,2,Mestrado,Casado,Blue,2006.0,1,5337,0
720503508,44,F,37,1,Ensino Fundamental,Divorciado,Blue,5594.0,2,5220,0
770762133,52,F,38,3,Ensino Medio,Casado,Blue,3505.0,1,5034,0
711232608,47,F,36,5,Ensino Medio,Solteiro,Blue,1636.0,3,2235,1
708207783,50,F,42,3,Ensino Medio,Solteiro,Blue,1477.0,3,4680,0
719590458,44,F,36,4,Mestrado,Casado,Blue,1905.0,3,3120,1
778679883,39,M,19,2,Mestrado,Solteiro,Blue,6146.0,2,3645,0
780230208,53,M,40,2,Faculdade,Casado,Blue,2672.0,3,4766,0
827703258,42,M,38,4,Ensino Medio,Casado,Blue,13426.0,2,4674,0
807379833,48,M,43,3,Mestrado,Divorciado,Blue,9104.0,3,2563,1
711178383,47,M,35,2,Pos-Graduacao,Casado,Blue,30300.0,3,4146,0
712203333,51,M,39,3,Mestrado,Casado,Blue,7088.0,2,4691,0
709261383,56,F,36,3,Mestrado,Casado,Blue,1872.0,3,4970,0
715829358,33,F,26,4,Faculdade,Casado,Blue,2874.0,2,4794,0
713213133,36,M,36,2,Mestrado,Solteiro,Blue,6763.0,2,4972,0
779442783,39,F,21,1,Mestrado,Solteiro,Blue,2867.0,2,4445,0
721274208,41,F,36,2,Ensino Medio,Solteiro,Blue,2201.0,3,2408,1
714076683,29,F,19,0,Faculdade,Casado,Blue,3261.0,1,2461,1
788791383,39,F,21,3,Ensino Medio,Casado,Blue,5027.0,2,4850,0
711560058,49,M,36,1,Ensino Medio,Casado,Blue,2465.0,3,4806,0
717657333,43,F,36,3,Mestrado,Solteiro,Blue,7584.0,3,4783,0
787482033,60,M,48,1,Ensino Medio,Divorciado,Blue,28930.0,5,2251,1
779141658,48,M,33,4,Mestrado,Casado,Blue,4963.0,3,4989,0
813810333,50,M,45,3,Pos-Graduacao,Casado,Blue,2049.0,4,2703,1
789613083,47,M,41,3,Ensino Fundamental,Divorciado,Blue,1943.0,3,5108,0
794540883,56,F,38,1,Pos-Graduacao,Casado,Blue,3485.0,2,4776,0
811889808,43,M,38,3,Mestrado,Casado,Blue,23459.0,5,7279,0
720509433,51,F,31,2,Faculdade,Solteiro,Blue,2306.0,1,3776,0
715091208,42,M,36,3,Ensino Medio,Casado,Blue,18177.0,3,8512,0
718200333,47,F,41,3,Ensino Fundamental,Solteiro,Blue,2894.0,3,7471,0
713487633,44,M,32,3,Pos-Graduacao,Casado,Blue,34516.0,4,7663,0
789363408,44,M,34,3,Ensino Medio,Casado,Silver,34516.0,1,7427,0
713916708,53,M,43,3,Mestrado,Solteiro,Gold,34516.0,1,7758,0
823833483,41,M,37,3,Mestrado,Solteiro,Blue,7839.0,3,7904,0
712879158,49,M,36,1,Ensino Medio,Casado,Gold,6224.0,2,7693,0
709474683,42,F,13,3,Faculdade,Casado,Blue,6078.0,2,8442,0
772313358,50,M,39,3,Ensino Medio,Solteiro,Blue,21322.0,3,8693,0
711856683,51,M,36,3,Pos-Graduacao,Casado,Blue,1590.0,3,7352,0
718530258,52,F,36,3,Ensino Fundamental,Divorciado,Blue,1986.0,1,7249,0
716288208,48,M,36,3,Mestrado,Solteiro,Blue,15618.0,1,7549,0
718712583,44,M,33,2,Ensino Fundamental,Casado,Blue,34496.0,1,8092,0
806432433,40,F,35,2,Ensino Medio,Solteiro,Blue,2544.0,1,8006,0
709895508,42,M,36,3,Mestrado,Casado,Blue,6153.0,2,7434,0
711542358,42,F,36,4,Ensino Medio,Casado,Gold,15987.0,3,7471,0
816832383,61,F,56,1,Ensino Medio,Solteiro,Blue,3421.0,2,6932,0
714042108,59,M,36,0,Ensino Fundamental,Solteiro,Blue,11000.0,2,7302,0
714664683,46,F,37,4,Ensino Fundamental,Casado,Blue,2490.0,3,8178,0
715436883,48,F,36,3,Pos-Graduacao,Casado,Blue,2490.0,2,7719,0
715260558,44,F,36,4,Ensino Medio,Solteiro,Blue,2055.0,2,7674,0
713364783,42,F,28,1,Pos-Graduacao,Solteiro,Blue,3453.0,3,8108,0
718078008,40,M,36,2,Faculdade,Divorciado,Blue,20304.0,2,7494,0
798546408,61,F,55,1,Faculdade,Solteiro,Blue,8283.0,3,7553,0
779018508,45,M,35,4,Ensino Fundamental,Solteiro,Blue,11318.0,2,7179,0
802668333,49,M,43,2,Mestrado,Solteiro,Blue,2384.0,3,3512,1
718320933,47,M,36,3,Ensino Fundamental,Casado,Blue,11919.0,3,8257,0
789016983,45,F,32,3,Ensino Medio,Casado,Blue,2948.0,5,7834,0
708474333,42,M,29,3,Mestrado,Casado,Blue,12294.0,3,7906,0
717244683,43,F,36,3,Faculdade,Casado,Blue,21922.0,3,7409,0
711410958,40,M,28,3,Ensino Medio,Casado,Blue,13452.0,2,7582,0
799711833,50,F,44,3,Faculdade,Casado,Blue,24735.0,1,7910,0
714047733,53,F,45,3,Mestrado,Solteiro,Blue,4942.0,2,7460,0
710061783,49,M,40,1,Mestrado,Casado,Blue,14973.0,1,4517,1
711082908,44,M,31,4,Ensino Fundamental,Solteiro,Blue,19719.0,2,8385,0
712760208,42,F,31,4,Mestrado,Casado,Blue,6751.0,2,7921,0
751563933,43,F,36,3,Ensino Medio,Casado,Blue,9484.0,3,7242,0
720935658,57,F,45,4,Pos-Graduacao,Solteiro,Blue,3059.0,2,7709,0
714754533,51,M,44,0,Doutorado,Solteiro,Platinum,34516.0,2,8012,0
714713508,49,M,36,2,Doutorado,Divorciado,Blue,25178.0,3,7836,0
715038033,61,M,54,1,Mestrado,Solteiro,Blue,7169.0,3,8216,0
809169858,62,M,56,2,Mestrado,Solteiro,Blue,18224.0,3,7728,0
779456508,52,M,34,2,Mestrado,Divorciado,Blue,4813.0,1,7477,0
708907833,38,F,27,1,Ensino Medio,Solteiro,Blue,24965.0,2,7866,0
708693558,50,F,38,3,Ensino Medio,Solteiro,Silver,12569.0,2,7344,0
816073983,53,F,48,2,Faculdade,Solteiro,Blue,8259.0,2,7957,0
715851333,42,M,27,4,Ensino Medio,Casado,Blue,13804.0,3,7376,0
712884408,43,F,30,1,Ensino Medio,Solteiro,Blue,5700.0,2,7939,0
715404783,43,F,35,4,Mestrado,Casado,Blue,6448.0,3,7546,0
773356008,57,M,51,2,Pos-Graduacao,Divorciado,Blue,5479.0,3,7960,0
789525408,50,F,42,0,Ensino Fundamental,Casado,Blue,3749.0,4,7990,0
721212258,48,M,40,4,Ensino Medio,Solteiro,Blue,30210.0,3,7403,0
719625933,41,M,36,3,Mestrado,Casado,Blue,5807.0,2,8000,0
714304458,44,M,36,3,Ensino Medio,Casado,Blue,3605.0,2,6800,0
819975183,44,F,39,4,Faculdade,Solteiro,Silver,17077.0,1,7391,0
785515533,43,F,37,2,Faculdade,Casado,Blue,5380.0,3,8947,0
720712533,51,M,36,3,Mestrado,Casado,Gold,34516.0,1,7499,0
709861008,47,M,30,4,Pos-Graduacao,Casado,Blue,27720.0,3,8520,0
713911233,47,F,39,3,Doutorado,Solteiro,Silver,18341.0,2,7584,0
712580958,38,M,30,1,Ensino Medio,Solteiro,Blue,27712.0,1,7399,0
719473458,46,M,42,3,Ensino Medio,Solteiro,Blue,8285.0,2,7205,0
780707733,41,M,30,1,Mestrado,Casado,Blue,34516.0,3,6832,0
780620883,49,F,37,2,Ensino Fundamental,Solteiro,Blue,7045.0,1,7381,0
720849708,44,M,37,4,Mestrado,Solteiro,Blue,14388.0,3,7042,0
789312033,48,F,38,4,Pos-Graduacao,Solteiro,Blue,3874.0,3,4921,1
778742358,44,M,24,4,Mestrado,Casado,Blue,4752.0,2,7517,0
719658858,50,F,36,4,Doutorado,Casado,Silver,34516.0,2,7042,0
713425383,59,F,46,1,Ensino Medio,Solteiro,Blue,7484.0,3,4923,1
770842833,49,F,36,3,Ensino Medio,Casado,Silver,34516.0,3,4777,1
712029783,42,M,36,4,Ensino Fundamental,Solteiro,Silver,34516.0,2,7836,0
718893333,52,M,36,3,Mestrado,Casado,Blue,18336.0,3,7509,0
718567758,41,M,32,1,Faculdade,Casado,Blue,10682.0,4,7332,0
771719283,39,F,27,4,Doutorado,Casado,Blue,8587.0,1,8854,0
717926358,46,F,30,2,Mestrado,Solteiro,Blue,5494.0,1,8328,0
779751258,45,F,31,2,Mestrado,Casado,Blue,1946.0,1,8423,0
774491958,53,M,47,3,Ensino Medio,Solteiro,Blue,6228.0,1,8284,0
714166833,44,F,34,3,Mestrado,Solteiro,Silver,13609.0,3,7796,0
809464608,47,F,31,3,Ensino Medio,Casado,Silver,34516.0,3,2691,1
789681708,46,M,33,3,Ensino Fundamental,Casado,Gold,34516.0,1,7750,0
713102733,38,F,31,3,Mestrado,Solteiro,Gold,15987.0,3,8195,0
715195383,46,F,36,3,Mestrado,Divorciado,Blue,2391.0,2,7649,0
787226508,47,M,41,2,Faculdade,Solteiro,Blue,20811.0,3,7192,0
715170183,45,M,36,2,Mestrado,Casado,Blue,3735.0,1,7059,0
717109983,50,F,39,2,Ensino Medio,Casado,Blue,2275.0,2,7768,0
713208033,43,F,36,3,Ensino Medio,Casado,Blue,7350.0,3,7679,0
712788258,48,M,34,3,Faculdade,Casado,Blue,1913.0,2,7265,0
709235058,46,M,36,4,Faculdade,Casado,Silver,18956.0,2,8032,0
714786483,45,M,35,4,Faculdade,Solteiro,Blue,13445.0,2,7377,0
713299758,53,M,36,1,Ensino Medio,Solteiro,Blue,8979.0,3,7422,0
771912408,49,F,38,2,Mestrado,Casado,Blue,6674.0,3,7468,0
721445658,52,F,34,2,Pos-Graduacao,Solteiro,Blue,6265.0,3,8162,0
719787633,47,M,36,0,Mestrado,Casado,Silver,34516.0,2,7535,0
713697933,47,M,36,2,Ensino Fundamental,Solteiro,Blue,34516.0,2,7827,0
712208658,43,M,33,2,Ensino Medio,Solteiro,Blue,13165.0,2,8126,0
708219108,49,M,38,3,Faculdade,Divorciado,Blue,9959.0,3,7300,0
709065483,40,F,28,3,Faculdade,Divorciado,Blue,9243.0,2,7841,0
715237683,53,F,44,4,Mestrado,Solteiro,Blue,4737.0,1,7802,0
788931558,46,M,32,2,Ensino Medio,Solteiro,Blue,2000.0,2,7694,0
717521508,41,M,28,3,Ensino Medio,Solteiro,Gold,34516.0,2,6932,0
789298833,51,M,40,2,Ensino Fundamental,Divorciado,Blue,23453.0,2,7555,0
715729683,44,M,36,3,Ensino Medio,Solteiro,Silver,34516.0,2,7936,0
717682233,49,M,36,4,Ensino Fundamental,Casado,Blue,6139.0,2,7906,0
719272458,53,F,41,5,Mestrado,Solteiro,Blue,9815.0,1,7962,0
721468533,59,M,36,1,Mestrado,Solteiro,Blue,12265.0,5,7470,0
816615633,47,F,42,2,Doutorado,Casado,Blue,3256.0,3,7075,0
720167508,50,M,35,3,Ensino Fundamental,Solteiro,Blue,19000.0,2,7664,0
711152658,44,M,36,4,Mestrado,Solteiro,Silver,34516.0,2,7219,0
771772083,48,M,37,4,Mestrado,Casado,Blue,13197.0,1,8424,0
708419733,47,M,39,3,Faculdade,Solteiro,Blue,22599.0,3,4739,1
709372608,43,M,31,4,Ensino Fundamental,Casado,Blue,23457.0,1,7370,0
711136008,41,M,33,4,Mestrado,Solteiro,Blue,31560.0,1,7641,0
716691783,46,F,36,3,Ensino Medio,Solteiro,Blue,6218.0,2,7689,0
812618883,47,M,42,2,Ensino Medio,Divorciado,Silver,34516.0,2,7774,0
709558608,39,M,31,3,Ensino Fundamental,Solteiro,Blue,2844.0,2,7345,0
824177733,53,F,49,2,Ensino Medio,Solteiro,Blue,9678.0,2,7682,0
717535083,52,F,40,2,Pos-Graduacao,Casado,Blue,5207.0,2,7153,0
712453308,46,M,36,4,Ensino Medio,Divorciado,Silver,15034.0,2,7737,0
721008933,44,F,36,2,Mestrado,Divorciado,Blue,3107.0,1,7535,0
720859533,52,F,39,2,Ensino Medio,Solteiro,Blue,12214.0,1,8426,0
789556533,52,M,45,4,Mestrado,Casado,Blue,23070.0,2,8070,0
717656433,50,F,40,2,Mestrado,Solteiro,Blue,2167.0,2,7199,0
792524358,55,M,49,3,Ensino Medio,Solteiro,Gold,34516.0,1,7917,0
801380808,44,M,38,2,Doutorado,Casado,Blue,25894.0,2,4847,1
716329383,46,F,36,3,Mestrado,Solteiro,Blue,3138.0,2,4724,1
716871633,49,M,38,1,Ensino Fundamental,Solteiro,Blue,12055.0,2,7222,0
718491708,53,F,38,2,Faculdade,Solteiro,Blue,16592.0,3,7642,0
787502883,60,F,48,1,Doutorado,Solteiro,Silver,34516.0,2,7443,0
713872833,54,F,41,2,Mestrado,Solteiro,Blue,10753.0,1,7302,0
711658758,46,F,35,3,Ensino Fundamental,Casado,Blue,2069.0,5,7307,0
717248583,43,F,34,3,Faculdade,Casado,Silver,11362.0,2,7849,0
713087958,53,M,36,4,Ensino Medio,Divorciado,Blue,34516.0,3,7919,0
721495458,44,M,32,3,Mestrado,Casado,Blue,20001.0,1,8094,0
786097158,48,M,42,2,Ensino Medio,Casado,Blue,8786.0,3,8575,0
712219083,41,M,28,3,Ensino Fundamental,Solteiro,Blue,7142.0,3,7892,0
715327683,45,F,36,4,Pos-Graduacao,Solteiro,Blue,4477.0,3,4996,1
715599633,51,M,38,1,Faculdade,Casado,Silver,34516.0,3,7686,0
718958583,44,M,36,4,Pos-Graduacao,Solteiro,Blue,2367.0,3,4506,1
717397983,39,M,29,2,Ensino Fundamental,Solteiro,Blue,23402.0,2,7570,0
818767458,41,M,36,3,Mestrado,Casado,Blue,6565.0,3,7729,0
712075083,50,M,41,4,Ensino Medio,Solteiro,Blue,6982.0,3,4830,1
711963183,50,M,36,3,Ensino Fundamental,Casado,Blue,5128.0,3,7588,0
772404633,49,M,39,2,Mestrado,Casado,Silver,34516.0,1,7734,0
713302758,49,M,40,2,Mestrado,Casado,Blue,14646.0,4,8160,0
717859233,41,M,37,5,Mestrado,Casado,Blue,12578.0,3,8362,0
718292283,52,F,42,1,Ensino Medio,Solteiro,Blue,3416.0,3,8254,0
713197308,42,M,33,4,Mestrado,Casado,Silver,6224.0,2,7612,0
789175683,49,F,38,2,Faculdade,Casado,Silver,10741.0,3,8352,0
811700058,41,M,36,2,Mestrado,Solteiro,Gold,34516.0,3,4822,1
720164358,53,F,43,4,Mestrado,Solteiro,Blue,6058.0,3,4754,1
710357208,49,M,39,4,Ensino Fundamental,Casado,Blue,8561.0,3,7341,0
721486908,51,F,36,5,Ensino Medio,Solteiro,Blue,7645.0,1,7710,0
711210633,51,M,42,3,Ensino Fundamental,Solteiro,Blue,1922.0,4,8049,0
712570458,51,F,33,2,Ensino Medio,Casado,Blue,5625.0,1,7890,0
712058133,54,F,36,2,Faculdade,Solteiro,Blue,2274.0,3,7735,0
708153558,46,M,31,5,Doutorado,Divorciado,Blue,34516.0,2,7936,0
709893858,43,M,36,3,Pos-Graduacao,Casado,Blue,9422.0,2,4633,1
709225758,48,F,37,3,Pos-Graduacao,Casado,Blue,7469.0,1,8213,0
711854808,41,M,32,3,Ensino Medio,Casado,Blue,34516.0,2,4734,1
822125283,49,M,45,3,Ensino Fundamental,Casado,Blue,4778.0,1,7590,0
717340608,51,F,39,3,Ensino Medio,Solteiro,Gold,34516.0,1,7703,0
720891633,53,F,46,2,Ensino Medio,Solteiro,Blue,3199.0,1,4805,1
719607183,55,F,42,2,Mestrado,Solteiro,Blue,21046.0,3,7653,0
715839708,51,M,39,1,Mestrado,Casado,Blue,34516.0,3,7111,0
769152783,60,F,54,2,Ensino Medio,Solteiro,Blue,8141.0,6,5043,1
788240358,40,F,24,5,Mestrado,Casado,Silver,33441.0,1,8452,0
802675983,42,F,33,3,Mestrado,Casado,Blue,3794.0,3,7872,0
712716108,46,F,36,2,Mestrado,Solteiro,Blue,5785.0,1,7950,0
709238358,51,F,39,0,Ensino Fundamental,Casado,Blue,19387.0,3,7604,0
812794983,41,F,31,3,Faculdade,Casado,Blue,4086.0,2,7932,0
708968733,47,M,38,3,Ensino Fundamental,Casado,Blue,31987.0,3,7926,0
779315508,43,M,25,4,Pos-Graduacao,Solteiro,Blue,9043.0,2,4638,1
740065833,47,F,40,3,Mestrado,Solteiro,Silver,11128.0,2,8526,0
721063533,51,M,41,2,Mestrado,Solteiro,Blue,3062.0,3,7289,0
780064983,44,M,29,1,Mestrado,Casado,Gold,34516.0,1,7665,0
715298808,40,M,32,2,Ensino Medio,Divorciado,Blue,7566.0,3,7570,0
708877458,50,F,34,3,Ensino Fundamental,Casado,Blue,11343.0,3,8027,0
787496733,47,F,35,2,Ensino Fundamental,Casado,Blue,15155.0,1,7724,0
709497108,44,F,36,2,Ensino Medio,Casado,Blue,6633.0,1,8396,0
784819758,54,F,48,1,Mestrado,Solteiro,Blue,8572.0,1,7850,0
719178183,50,M,42,2,Mestrado,Casado,Silver,34516.0,3,8186,0
789560433,49,M,42,3,Pos-Graduacao,Solteiro,Blue,14895.0,4,5147,1
712931733,49,F,36,4,Mestrado,Solteiro,Blue,2636.0,1,7136,0
771097683,43,M,30,2,Ensino Medio,Solteiro,Blue,10896.0,2,4935,1
713824983,43,F,35,0,Ensino Medio,Casado,Blue,8401.0,1,7697,0
715360458,45,F,36,3,Mestrado,Divorciado,Blue,12406.0,3,8113,0
711736083,47,F,36,4,Faculdade,Divorciado,Blue,6769.0,3,4885,1
714821433,45,F,36,4,Faculdade,Casado,Blue,2737.0,1,7587,0
773988708,52,M,43,2,Ensino Fundamental,Casado,Silver,34516.0,2,7512,0
720198183,42,M,27,5,Faculdade,Casado,Blue,2437.0,3,8028,0
780545133,49,M,36,3,Mestrado,Solteiro,Blue,4557.0,3,7333,0
711128433,55,M,36,3,Ensino Fundamental,Solteiro,Blue,10949.0,3,7685,0
709556208,40,F,28,3,Faculdade,Solteiro,Silver,22361.0,1,7586,0
794482158,46,M,32,3,Faculdade,Solteiro,Silver,34516.0,1,7594,0
780450708,58,M,45,1,Faculdade,Solteiro,Silver,34516.0,3,4864,1
710016708,44,F,26,3,Mestrado,Casado,Silver,10877.0,3,7974,0
712447758,46,M,39,2,Mestrado,Casado,Blue,11901.0,2,7998,0
720474408,52,M,41,2,Mestrado,Solteiro,Blue,9298.0,2,8427,0
719401158,62,F,53,0,Pos-Graduacao,Solteiro,Blue,4136.0,2,7739,0
717583908,57,M,45,1,Ensino Medio,Solteiro,Blue,15030.0,6,7603,0
823519458,44,F,40,3,Mestrado,Casado,Blue,6441.0,1,7123,0
721227258,51,M,31,1,Pos-Graduacao,Casado,Silver,34516.0,5,7520,0
771304383,45,F,33,3,Ensino Medio,Casado,Blue,4174.0,2,7905,0
778865583,46,M,27,3,Mestrado,Casado,Blue,6954.0,2,7510,0
818280108,43,F,38,4,Ensino Medio,Solteiro,Blue,1820.0,1,7714,0
716350008,52,M,36,1,Ensino Fundamental,Casado,Blue,2937.0,2,8235,0
778172583,46,F,36,3,Ensino Medio,Solteiro,Blue,6636.0,3,7023,0
719121708,41,M,31,2,Mestrado,Casado,Silver,31497.0,3,7685,0
714342033,52,M,34,1,Ensino Medio,Casado,Blue,34516.0,3,4863,1
788811558,52,F,35,1,Ensino Medio,Casado,Blue,1959.0,3,7847,0
788943333,51,M,37,3,Pos-Graduacao,Casado,Silver,34516.0,2,4810,1
719258433,49,M,42,5,Mestrado,Solteiro,Blue,7801.0,1,7561,0
717895833,55,M,44,3,Faculdade,Solteiro,Blue,6455.0,2,8001,0
711550983,46,M,37,1,Mestrado,Divorciado,Blue,11343.0,2,8313,0
714077583,43,M,31,3,Pos-Graduacao,Casado,Platinum,23981.0,3,4758,1
716725008,49,M,40,4,Ensino Medio,Casado,Blue,7667.0,3,7886,0
788824083,41,M,24,2,Ensino Fundamental,Solteiro,Blue,34516.0,2,8202,0
716335983,37,M,36,2,Ensino Medio,Solteiro,Blue,6713.0,2,7946,0
719157933,51,M,40,2,Ensino Fundamental,Casado,Blue,10984.0,3,7850,0
716704158,50,M,39,1,Doutorado,Casado,Blue,34516.0,3,8087,0
716258358,57,M,36,2,Ensino Fundamental,Solteiro,Blue,23058.0,1,7009,0
827904183,40,M,36,4,Ensino Fundamental,Casado,Blue,17606.0,2,8104,0
820394733,52,M,47,0,Faculdade,Casado,Gold,34516.0,1,7690,0
716574033,45,F,36,3,Ensino Medio,Divorciado,Silver,18000.0,2,7149,0
736786908,48,F,41,2,Faculdade,Casado,Blue,5550.0,2,6984,0
774099708,39,F,33,3,Ensino Medio,Solteiro,Blue,1621.0,1,7400,0
714282333,49,F,36,4,Faculdade,Casado,Blue,3244.0,1,7495,0
818316108,43,F,38,1,Mestrado,Casado,Blue,2550.0,2,8063,0
709838508,45,M,31,3,Mestrado,Divorciado,Silver,34516.0,1,7167,0
716212383,38,M,30,1,Ensino Medio,Solteiro,Blue,10874.0,3,4619,1
757667133,54,M,47,2,Faculdade,Solteiro,Blue,13769.0,2,4738,1
794571108,39,M,23,2,Mestrado,Divorciado,Silver,17894.0,2,4691,1
711370458,49,F,38,5,Mestrado,Casado,Gold,15016.0,2,7685,0
788528958,45,M,38,4,Mestrado,Solteiro,Blue,9036.0,1,8356,0
716745408,54,M,36,1,Ensino Medio,Solteiro,Blue,12813.0,2,7803,0
771752508,40,F,29,3,Doutorado,Casado,Blue,4660.0,1,8571,0
788916933,49,M,35,5,Faculdade,Casado,Gold,34516.0,2,8095,0
714938733,48,M,38,1,Pos-Graduacao,Solteiro,Blue,13174.0,2,4890,1
761818758,43,M,36,1,Mestrado,Solteiro,Blue,11210.0,1,7206,0
714422058,42,M,36,3,Mestrado,Solteiro,Blue,31639.0,2,7119,0
712191783,49,M,36,4,Ensino Medio,Casado,Gold,34516.0,1,7788,0
716319258,43,M,36,4,Ensino Fundamental,Solteiro,Blue,34516.0,1,7360,0
716742483,38,F,29,1,Mestrado,Solteiro,Blue,7504.0,3,7525,0
708160008,44,M,33,1,Ensino Fundamental,Casado,Blue,34516.0,2,7412,0
709269708,45,M,34,4,Mestrado,Solteiro,Platinum,34516.0,2,7281,0
779098308,51,F,32,2,Faculdade,Casado,Blue,15048.0,3,7592,0
717257658,41,M,29,3,Mestrado,Solteiro,Blue,9357.0,2,7971,0
788812608,56,F,39,2,Ensino Fundamental,Solteiro,Blue,8767.0,2,8066,0
716199408,52,F,41,2,Mestrado,Solteiro,Blue,3608.0,3,4907,1
718100808,49,F,37,1,Ensino Fundamental,Casado,Gold,15987.0,3,7395,0
790051758,50,M,42,2,Mestrado,Solteiro,Blue,31782.0,1,4800,1
772430733,42,M,32,2,Mestrado,Casado,Blue,34516.0,1,7168,0
713460258,45,F,36,0,Doutorado,Casado,Silver,19107.0,1,8987,0
719785683,41,M,36,4,Pos-Graduacao,Casado,Blue,21751.0,2,8332,0
711830433,44,F,32,3,Faculdade,Solteiro,Blue,7926.0,2,7677,0
718306308,48,M,36,4,Mestrado,Casado,Blue,27984.0,2,8147,0
772725408,40,M,30,3,Ensino Fundamental,Divorciado,Blue,24499.0,3,7667,0
711183558,49,M,39,0,Ensino Medio,Solteiro,Blue,2221.0,1,8618,0
720317658,43,M,35,2,Mestrado,Solteiro,Blue,5858.0,2,7916,0
710596983,51,M,37,1,Ensino Fundamental,Solteiro,Blue,27318.0,3,7481,0
716986458,44,F,36,3,Ensino Medio,Solteiro,Blue,9766.0,3,7605,0
717382608,59,M,36,1,Mestrado,Solteiro,Silver,26692.0,2,8780,0
825767658,49,M,45,2,Mestrado,Solteiro,Gold,34516.0,3,7711,0
717513933,38,M,26,3,Faculdade,Solteiro,Blue,14938.0,2,7385,0
789186858,52,M,41,2,Mestrado,Casado,Blue,33256.0,5,7796,0
717658758,49,M,36,4,Mestrado,Solteiro,Silver,34516.0,2,7962,0
715575258,47,M,35,2,Mestrado,Solteiro,Blue,5791.0,6,7823,0
714975633,51,F,36,2,Ensino Medio,Solteiro,Blue,2319.0,1,7558,0
715396983,46,M,36,1,Ensino Fundamental,Casado,Blue,17698.0,3,8056,0
712624383,52,M,41,4,Faculdade,Solteiro,Silver,34516.0,1,7707,0
721335558,57,F,36,2,Mestrado,Solteiro,Blue,6482.0,2,7544,0
713761608,44,M,34,3,Mestrado,Divorciado,Silver,34516.0,3,8450,0
720422358,42,M,36,1,Pos-Graduacao,Solteiro,Gold,34516.0,1,7485,0
772098858,44,F,33,4,Ensino Fundamental,Casado,Blue,8230.0,2,7736,0
779257233,47,M,29,2,Ensino Fundamental,Solteiro,Blue,28852.0,3,7432,0
709418508,45,M,35,2,Mestrado,Casado,Blue,7653.0,2,7508,0
716063583,41,M,32,3,Ensino Medio,Divorciado,Blue,4549.0,2,8642,0
716609433,55,M,46,2,Ensino Medio,Divorciado,Blue,16828.0,3,4939,1
721053633,45,M,31,2,Faculdade,Solteiro,Blue,6530.0,2,8904,0
711559008,40,F,28,4,Pos-Graduacao,Solteiro,Blue,11642.0,1,9137,0
718698558,43,M,34,3,Faculdade,Solteiro,Blue,5390.0,2,7739,0
770190258,49,F,43,3,Mestrado,Casado,Blue,7037.0,1,7678,0
709008708,47,M,34,3,Faculdade,Casado,Blue,8390.0,1,8316,0
718457058,43,M,35,4,Ensino Medio,Casado,Blue,3442.0,1,7801,0
708472008,44,F,36,3,Ensino Fundamental,Casado,Blue,6680.0,3,7632,0
710395233,42,F,36,2,Mestrado,Solteiro,Silver,34516.0,2,8657,0
716732958,44,F,32,2,Ensino Medio,Casado,Blue,7244.0,2,7925,0
780108408,52,M,37,2,Mestrado,Casado,Blue,34516.0,3,7745,0
720962208,42,M,27,2,Pos-Graduacao,Casado,Blue,2476.0,2,4659,1
714019083,40,F,30,1,Mestrado,Casado,Blue,2019.0,1,8426,0
819109308,62,M,56,0,Mestrado,Divorciado,Blue,6103.0,3,8080,0
721029858,52,F,36,3,Mestrado,Solteiro,Blue,2166.0,1,8215,0
716762733,50,F,40,2,Doutorado,Solteiro,Blue,3449.0,1,8300,0
710260983,51,F,36,4,Mestrado,Divorciado,Blue,2984.0,3,8296,0
793608258,54,F,48,3,Mestrado,Solteiro,Silver,13432.0,5,4909,1
794191008,46,M,40,2,Faculdade,Casado,Blue,34516.0,2,7552,0
708905733,45,M,32,5,Ensino Fundamental,Solteiro,Blue,20633.0,2,7570,0
788327358,61,M,54,1,Mestrado,Solteiro,Blue,9070.0,1,8440,0
805516608,50,M,45,1,Mestrado,Casado,Silver,34516.0,1,7755,0
720006333,48,M,40,2,Faculdade,Divorciado,Blue,4479.0,3,4520,1
780114558,50,M,35,1,Ensino Medio,Casado,Blue,3968.0,1,12535,0
713090658,58,F,44,2,Ensino Fundamental,Solteiro,Blue,2599.0,2,8061,0
718889508,46,M,37,2,Faculdade,Divorciado,Blue,10074.0,3,8256,0
824799108,46,F,42,3,Ensino Medio,Casado,Blue,10901.0,2,7498,0
717370533,40,M,26,3,Pos-Graduacao,Solteiro,Blue,34516.0,2,6453,0
720425508,43,M,36,5,Mestrado,Solteiro,Blue,7196.0,1,8689,0
712948383,48,M,36,4,Mestrado,Casado,Gold,34516.0,6,7396,0
712839633,38,M,22,2,Ensino Fundamental,Solteiro,Blue,34516.0,1,8871,0
820330008,46,M,42,5,Ensino Medio,Casado,Blue,32926.0,1,8231,0
789827208,41,F,31,5,Mestrado,Casado,Blue,7531.0,3,7768,0
718308558,49,F,37,4,Mestrado,Divorciado,Blue,1838.0,6,7688,0
801064833,42,M,36,3,Mestrado,Casado,Blue,30117.0,1,7930,0
719838558,46,M,35,2,Ensino Fundamental,Solteiro,Blue,5131.0,1,7432,0
714510483,44,M,36,3,Mestrado,Solteiro,Gold,34516.0,3,7640,0
718246458,53,M,45,3,Mestrado,Solteiro,Blue,24262.0,1,8241,0
710822808,51,M,33,0,Faculdade,Solteiro,Blue,34516.0,3,7854,0
709722858,50,M,37,1,Mestrado,Casado,Blue,20708.0,2,8503,0
712582983,47,F,36,3,Mestrado,Casado,Silver,14057.0,3,4729,1
711388458,45,M,36,3,Ensino Medio,Casado,Blue,17072.0,5,8591,0
796174983,52,M,46,2,Ensino Medio,Solteiro,Blue,25737.0,3,7722,0
712687083,44,M,24,3,Mestrado,Casado,Blue,15043.0,1,7234,0
713003358,40,M,30,3,Mestrado,Solteiro,Blue,29338.0,2,4983,1
812443458,57,M,52,4,Mestrado,Solteiro,Blue,25808.0,3,7794,0
708826158,45,F,27,4,Ensino Fundamental,Divorciado,Blue,3670.0,2,8608,0
788725608,44,F,17,3,Mestrado,Solteiro,Blue,8861.0,2,8387,0
717559533,47,M,42,3,Mestrado,Casado,Silver,34516.0,3,8212,0
709770408,51,M,36,2,Mestrado,Casado,Silver,34516.0,1,8652,0
718259433,45,F,40,3,Ensino Medio,Casado,Blue,8383.0,4,5460,1
720655833,48,F,30,4,Ensino Medio,Casado,Blue,2913.0,3,4955,1
797898858,40,F,34,2,Ensino Fundamental,Solteiro,Blue,4748.0,2,7288,0
779548008,50,M,35,2,Mestrado,Solteiro,Silver,34516.0,2,7745,0
711742758,43,F,32,5,Faculdade,Solteiro,Blue,11508.0,3,5242,1
711947358,49,M,38,4,Ensino Fundamental,Casado,Blue,18991.0,3,7716,0
712157958,44,M,36,3,Ensino Medio,Casado,Blue,10908.0,3,4883,1
710192283,46,M,36,4,Pos-Graduacao,Casado,Blue,2219.0,2,8686,0
718977483,56,M,46,4,Mestrado,Solteiro,Blue,25736.0,3,7209,0
712129158,63,M,36,0,Ensino Fundamental,Solteiro,Blue,7997.0,3,7747,0
714880533,40,M,36,5,Mestrado,Solteiro,Blue,2849.0,2,8669,0
808287408,45,M,40,5,Mestrado,Casado,Blue,29227.0,2,8420,0
709619433,52,M,44,2,Doutorado,Casado,Blue,34516.0,2,8604,0
708881583,50,M,43,2,Ensino Fundamental,Casado,Blue,12458.0,3,8752,0
711332883,62,M,46,1,Ensino Medio,Solteiro,Blue,7547.0,3,5294,1
820587258,45,F,40,4,Mestrado,Casado,Silver,10677.0,5,8637,0
779779083,38,F,26,3,Ensino Medio,Solteiro,Gold,23981.0,2,7872,0
720735408,44,F,30,4,Doutorado,Casado,Blue,6329.0,3,8514,0
819160158,42,M,37,3,Ensino Fundamental,Casado,Blue,4960.0,3,8218,0
714823308,55,F,35,3,Faculdade,Solteiro,Gold,15987.0,3,7345,0
711577458,52,F,36,1,Ensino Fundamental,Solteiro,Blue,3244.0,2,8087,0
787539333,48,M,37,4,Mestrado,Casado,Blue,7298.0,2,7973,0
716806383,48,M,40,4,Mestrado,Casado,Blue,28307.0,1,9042,0
812230308,47,M,42,2,Mestrado,Casado,Blue,2430.0,3,8444,0
778420383,49,M,29,1,Mestrado,Casado,Blue,7650.0,3,8609,0
774012933,47,F,41,3,Faculdade,Divorciado,Blue,6443.0,2,9277,0
718756533,47,M,41,2,Ensino Fundamental,Casado,Blue,13356.0,2,8963,0
812224983,56,M,51,2,Mestrado,Solteiro,Blue,4675.0,1,8037,0
714284358,61,M,52,1,Ensino Fundamental,Solteiro,Blue,2177.0,1,7037,0
709530408,45,M,36,4,Doutorado,Solteiro,Gold,34516.0,3,8007,0
750690258,49,F,39,2,Mestrado,Casado,Blue,2821.0,3,8220,0
716283108,44,F,36,4,Ensino Fundamental,Casado,Blue,6769.0,2,7986,0
718528833,51,M,43,1,Ensino Medio,Casado,Blue,30172.0,3,8879,0
718006608,44,F,36,5,Ensino Fundamental,Solteiro,Blue,7742.0,3,9081,0
779293308,51,M,33,4,Mestrado,Casado,Silver,25653.0,3,8305,0
718276758,52,F,40,1,Mestrado,Solteiro,Blue,4705.0,1,8226,0
712654233,39,M,27,3,Ensino Medio,Casado,Blue,19150.0,3,8327,0
719296383,38,M,18,2,Ensino Medio,Solteiro,Gold,34516.0,2,7885,0
808279158,51,M,46,3,Mestrado,Casado,Blue,11765.0,3,8914,0
780497958,41,M,28,3,Ensino Medio,Divorciado,Blue,16627.0,3,7996,0
715519983,43,M,34,2,Pos-Graduacao,Casado,Blue,13553.0,1,8751,0
708568983,40,M,28,3,Ensino Medio,Casado,Blue,11476.0,3,8110,0
823648983,58,M,54,1,Ensino Fundamental,Solteiro,Blue,5182.0,3,7960,0
789412458,44,M,34,2,Pos-Graduacao,Casado,Blue,23026.0,3,4909,1
716837508,48,M,37,4,Mestrado,Casado,Blue,18477.0,2,8695,0
720522633,44,M,36,3,Faculdade,Casado,Silver,16199.0,1,8150,0
712938258,45,M,32,2,Mestrado,Solteiro,Silver,12695.0,1,8328,0
719071158,54,F,38,0,Mestrado,Solteiro,Platinum,34516.0,2,3901,1
708748833,37,F,25,3,Mestrado,Solteiro,Blue,9875.0,2,8920,0
712645908,43,M,37,2,Ensino Medio,Casado,Blue,2600.0,3,8804,0
719714658,61,M,43,0,Pos-Graduacao,Solteiro,Blue,12218.0,3,5272,1
720874983,51,M,37,3,Ensino Fundamental,Casado,Silver,34516.0,2,8736,0
719180958,48,F,39,2,Ensino Fundamental,Divorciado,Silver,21754.0,2,9105,0
710360583,46,M,35,2,Ensino Fundamental,Solteiro,Blue,8396.0,1,8329,0
783121008,55,F,49,0,Mestrado,Solteiro,Silver,12094.0,2,8285,0
789529158,44,M,36,4,Ensino Medio,Solteiro,Blue,2946.0,1,8553,0
708500883,48,M,40,2,Ensino Fundamental,Solteiro,Silver,17812.0,3,8379,0
811965558,46,F,41,4,Faculdade,Solteiro,Blue,13743.0,3,9406,0
809425533,45,F,40,2,Ensino Fundamental,Divorciado,Silver,15785.0,2,8097,0
716858433,43,F,32,4,Mestrado,Solteiro,Blue,3015.0,3,5372,1
812534958,40,F,34,3,Ensino Medio,Casado,Silver,19000.0,2,8443,0
714052158,49,M,39,2,Ensino Medio,Casado,Blue,11714.0,3,5366,1
711458583,47,M,35,2,Faculdade,Casado,Silver,34516.0,1,8582,0
826451433,42,M,38,4,Mestrado,Solteiro,Silver,34516.0,1,8502,0
709019283,47,M,39,1,Faculdade,Casado,Blue,5660.0,3,7867,0
710213508,63,M,54,1,Ensino Medio,Solteiro,Blue,23355.0,3,8634,0
710814633,49,M,31,2,Ensino Fundamental,Casado,Blue,20734.0,5,8888,0
775267158,43,F,37,3,Mestrado,Casado,Blue,2476.0,1,8785,0
712268808,55,M,36,4,Mestrado,Solteiro,Silver,34516.0,2,8765,0
710958933,43,M,35,3,Mestrado,Solteiro,Blue,6080.0,3,4866,1
720698883,51,M,38,1,Ensino Medio,Solteiro,Blue,28605.0,3,5524,1
714190983,51,F,32,2,Mestrado,Solteiro,Platinum,34516.0,3,5418,1
713808633,31,F,23,0,Ensino Fundamental,Divorciado,Silver,10850.0,2,13794,0
710295858,43,M,32,4,Mestrado,Divorciado,Blue,24244.0,1,8074,0
713209308,59,M,46,0,Mestrado,Solteiro,Blue,17218.0,3,7971,0
717757608,53,M,36,2,Faculdade,Solteiro,Gold,34516.0,1,8938,0
715300683,39,M,36,1,Ensino Fundamental,Solteiro,Blue,34458.0,1,8271,0
789582483,60,M,53,1,Ensino Medio,Divorciado,Blue,9369.0,3,7699,0
770848308,45,M,31,2,Mestrado,Casado,Platinum,34516.0,2,8773,0
713486583,41,M,29,3,Mestrado,Casado,Blue,17277.0,2,8838,0
823539558,39,F,35,3,Ensino Fundamental,Solteiro,Silver,33565.0,2,8360,0
711339258,49,F,36,3,Mestrado,Solteiro,Silver,20176.0,3,8255,0
781171908,45,M,38,3,Mestrado,Solteiro,Blue,3751.0,3,9497,0
716486508,45,F,37,3,Ensino Medio,Casado,Blue,3399.0,2,5529,1
771674958,45,M,33,2,Ensino Medio,Casado,Blue,11529.0,3,8135,0
787909158,40,F,31,3,Mestrado,Divorciado,Blue,8694.0,3,9523,0
717140733,52,F,36,1,Mestrado,Solteiro,Blue,6616.0,3,9065,0
799468083,51,M,45,2,Mestrado,Casado,Blue,11467.0,2,14373,0
713870958,56,F,46,3,Ensino Fundamental,Solteiro,Platinum,34516.0,3,8416,0
709171308,30,M,16,1,Ensino Medio,Casado,Blue,15795.0,3,13173,0
798553158,62,F,56,1,Mestrado,Solteiro,Blue,3109.0,2,5470,1
720819858,47,F,27,4,Pos-Graduacao,Solteiro,Blue,8837.0,2,8210,0
710924658,52,F,36,2,Ensino Medio,Solteiro,Blue,2540.0,2,9339,0
709883883,46,F,34,4,Ensino Fundamental,Divorciado,Blue,8110.0,3,8033,0
718650258,54,F,47,3,Mestrado,Solteiro,Blue,6146.0,3,12956,0
718504233,43,F,30,4,Ensino Fundamental,Casado,Blue,2082.0,2,3423,1
709108533,49,M,29,4,Mestrado,Casado,Blue,9959.0,2,15139,0
714352533,47,F,29,3,Mestrado,Casado,Silver,15472.0,2,14132,0
813804783,41,F,36,1,Ensino Medio,Solteiro,Blue,2667.0,3,4399,1
771062733,44,F,31,2,Mestrado,Solteiro,Blue,4291.0,2,15511,0
715649358,39,M,26,2,Faculdade,Casado,Blue,3879.0,2,7786,1
715209333,32,M,36,0,Ensino Medio,Solteiro,Blue,6224.0,1,13630,0
718732833,56,F,48,1,Faculdade,Solteiro,Blue,2783.0,2,3967,1
816328308,60,F,55,0,Mestrado,Casado,Blue,3773.0,1,14264,0
711814608,41,F,36,5,Ensino Medio,Casado,Silver,19281.0,1,15423,0
803216433,43,F,33,5,Mestrado,Casado,Silver,14806.0,3,4804,1
710694033,32,M,36,0,Mestrado,Divorciado,Blue,7473.0,1,13400,0
709257708,47,F,41,2,Ensino Medio,Solteiro,Blue,3108.0,1,14965,0
720174033,46,M,33,3,Mestrado,Divorciado,Blue,34516.0,3,12871,0
820666083,41,M,37,2,Mestrado,Solteiro,Blue,27742.0,3,8646,1
712044558,51,F,41,1,Ensino Fundamental,Solteiro,Silver,14563.0,2,6408,1
713131158,58,M,46,2,Ensino Fundamental,Solteiro,Blue,10286.0,3,8199,1
803335008,48,F,43,2,Mestrado,Divorciado,Blue,7791.0,3,13945,0
795869583,53,F,47,3,Ensino Fundamental,Casado,Blue,3733.0,3,15200,0
789535233,52,M,44,1,Mestrado,Solteiro,Silver,34516.0,1,11603,0
716441058,45,F,36,4,Ensino Medio,Solteiro,Silver,14416.0,5,13820,0
718113633,41,M,36,3,Ensino Fundamental,Casado,Blue,34516.0,2,5603,1
708908883,37,F,32,2,Mestrado,Divorciado,Silver,12033.0,3,12603,0
712152408,44,M,29,4,Ensino Medio,Solteiro,Gold,34516.0,2,12478,0
798451908,36,F,30,2,Mestrado,Casado,Blue,5723.0,3,12403,0
794962983,47,F,41,3,Mestrado,Divorciado,Blue,9947.0,1,14576,0
721000833,49,M,38,0,Ensino Fundamental,Casado,Blue,3599.0,3,13324,0
720086358,58,M,48,2,Doutorado,Casado,Blue,12648.0,3,14465,0
710064033,45,M,28,3,Ensino Fundamental,Casado,Blue,4572.0,2,3555,1
710833908,45,M,25,5,Ensino Medio,Casado,Blue,25601.0,3,12896,0
772339383,54,M,44,3,Pos-Graduacao,Solteiro,Blue,4216.0,5,13787,0
721382208,38,F,27,2,Ensino Medio,Casado,Blue,3140.0,1,13677,0
779349783,46,M,31,3,Doutorado,Casado,Blue,21161.0,2,13119,0
789450408,41,F,32,2,Ensino Fundamental,Casado,Blue,5877.0,5,15106,0
709210833,48,F,36,2,Doutorado,Casado,Blue,9074.0,2,14084,0
821752908,53,M,49,2,Ensino Medio,Solteiro,Blue,4142.0,3,15078,0
789878283,39,M,29,3,Mestrado,Casado,Blue,3152.0,2,13670,0
709319658,48,F,37,4,Mestrado,Solteiro,Platinum,15987.0,3,7681,1
719222133,41,M,36,3,Mestrado,Solteiro,Blue,8919.0,3,13719,0
715551783,54,F,42,2,Ensino Fundamental,Casado,Blue,24927.0,1,14603,0
712718958,49,M,36,2,Ensino Medio,Divorciado,Blue,3308.0,1,15019,0
713705358,37,M,28,2,Mestrado,Solteiro,Blue,7349.0,6,13970,0
789551883,52,F,45,3,Mestrado,Solteiro,Blue,14803.0,1,14426,0
812247033,51,F,46,3,Ensino Fundamental,Casado,Blue,3536.0,5,3281,1
717580458,43,M,36,4,Ensino Fundamental,Divorciado,Blue,19333.0,3,7847,1
780551733,54,F,44,1,Ensino Medio,Casado,Silver,11605.0,2,12592,0
719722308,31,F,22,0,Ensino Fundamental,Divorciado,Blue,3329.0,1,13109,0
718328283,40,F,36,4,Ensino Medio,Solteiro,Blue,3961.0,1,12631,0
715610733,60,M,47,1,Ensino Fundamental,Casado,Blue,3735.0,1,8193,1
710161083,62,F,36,0,Ensino Fundamental,Solteiro,Blue,5780.0,3,6613,1
712464933,44,M,36,2,Mestrado,Casado,Blue,19141.0,2,15203,0
713869083,56,M,43,2,Ensino Medio,Casado,Blue,29394.0,2,14901,0
711465333,35,M,26,4,Ensino Medio,Solteiro,Blue,24250.0,1,12593,0
719924433,40,F,32,4,Mestrado,Casado,Silver,16191.0,2,13452,0
719248158,52,M,42,2,Ensino Medio,Divorciado,Blue,7261.0,3,14533,0
719944458,29,M,36,0,Ensino Medio,Solteiro,Blue,4023.0,3,12510,0
715799808,52,M,39,0,Ensino Medio,Solteiro,Blue,3764.0,3,6574,1
711838008,37,M,28,3,Mestrado,Casado,Blue,6407.0,3,9322,1
719413383,32,M,36,1,Ensino Fundamental,Solteiro,Silver,33711.0,3,14880,0
712990458,44,F,34,3,Mestrado,Casado,Silver,31699.0,2,13653,0
789594108,47,M,41,5,Faculdade,Solteiro,Blue,3429.0,1,14107,0
820271208,46,M,41,2,Mestrado,Divorciado,Blue,7064.0,2,13791,0
708369633,34,F,36,3,Mestrado,Casado,Gold,15487.0,3,7031,1
712055433,39,F,36,4,Ensino Medio,Casado,Blue,3600.0,2,14137,0
721114458,46,M,36,4,Faculdade,Solteiro,Blue,34516.0,2,14319,0
714959358,50,M,36,3,Ensino Medio,Casado,Silver,34516.0,3,8045,1
708396033,45,F,27,2,Ensino Fundamental,Casado,Blue,2490.0,2,12257,0
719593608,56,M,36,1,Ensino Fundamental,Casado,Blue,33870.0,2,7661,1
714941358,53,F,36,4,Mestrado,Casado,Blue,4005.0,3,7022,1
716088783,60,M,50,0,Faculdade,Casado,Blue,29239.0,4,8169,1
718458858,41,M,29,4,Mestrado,Solteiro,Silver,34516.0,3,3526,1
715754133,42,F,32,3,Mestrado,Solteiro,Blue,3391.0,2,13212,0
715630983,31,F,21,0,Mestrado,Solteiro,Blue,4598.0,2,6317,1
712768983,51,M,42,4,Mestrado,Solteiro,Silver,34516.0,4,8629,1
716881683,45,M,34,5,Ensino Fundamental,Casado,Blue,3435.0,3,5567,1
711108408,55,M,36,2,Ensino Fundamental,Solteiro,Blue,17540.0,1,14244,0
717565233,51,M,38,3,Doutorado,Solteiro,Blue,31346.0,3,13303,0
789539058,28,M,20,0,Ensino Fundamental,Solteiro,Blue,4342.0,1,17064,0
768643158,44,F,38,5,Mestrado,Divorciado,Blue,3842.0,1,13598,0
721530633,51,F,36,2,Mestrado,Solteiro,Blue,3785.0,1,15209,0
721188033,48,M,39,5,Faculdade,Casado,Blue,6797.0,3,16171,0
810261633,44,M,39,4,Mestrado,Solteiro,Blue,9682.0,2,14991,0
717529233,40,F,30,3,Mestrado,Solteiro,Blue,3319.0,3,4840,1
720943308,47,M,36,3,Mestrado,Solteiro,Silver,30498.0,1,16202,0
714425283,50,F,40,2,Ensino Medio,Casado,Blue,19962.0,3,14703,0
711794358,61,M,50,0,Faculdade,Solteiro,Blue,21398.0,4,3119,1
709406733,46,M,36,3,Mestrado,Divorciado,Blue,20434.0,2,13280,0
708572658,49,M,38,5,Mestrado,Casado,Silver,29531.0,1,15039,0
714001008,56,M,36,1,Ensino Fundamental,Divorciado,Blue,3730.0,1,13997,0
712833633,41,M,36,2,Pos-Graduacao,Casado,Blue,10688.0,1,13866,0
712412958,41,F,33,3,Doutorado,Casado,Silver,18266.0,1,14615,0
720535008,46,M,36,4,Ensino Fundamental,Solteiro,Blue,10492.0,2,13764,0
711578658,56,F,49,2,Ensino Medio,Casado,Blue,6380.0,3,13945,0
780730008,51,M,36,2,Faculdade,Solteiro,Blue,3477.0,2,13627,0
824816358,36,F,32,1,Ensino Fundamental,Solteiro,Blue,3277.0,3,14252,0
716106108,49,M,41,4,Pos-Graduacao,Casado,Silver,34516.0,3,13376,0
715129983,46,F,36,3,Mestrado,Divorciado,Blue,3515.0,3,15079,0
719694408,30,F,36,1,Faculdade,Solteiro,Blue,4541.0,3,7996,1
806992533,49,F,44,1,Mestrado,Casado,Blue,8284.0,1,13092,0
718045008,31,M,21,0,Pos-Graduacao,Casado,Blue,3768.0,2,6639,1
711010683,35,M,27,3,Ensino Medio,Casado,Blue,14382.0,2,12941,0
714759708,54,F,36,1,Ensino Medio,Solteiro,Blue,10798.0,2,13681,0
718801158,49,M,36,3,Mestrado,Solteiro,Gold,23981.0,2,14455,0
712256358,40,M,23,3,Mestrado,Casado,Blue,22729.0,3,13672,0
779803008,41,F,30,2,Ensino Medio,Solteiro,Blue,27670.0,2,13854,0
710968008,37,F,26,4,Ensino Fundamental,Casado,Blue,3423.0,1,14308,0
718102758,61,F,36,0,Ensino Medio,Casado,Blue,3175.0,1,14071,0
811076883,45,M,40,3,Mestrado,Casado,Blue,7979.0,4,5056,1
716863458,44,M,36,2,Ensino Fundamental,Solteiro,Silver,34516.0,3,8570,1
814590483,45,F,40,2,Mestrado,Casado,Blue,3592.0,3,12777,0
773283108,31,M,24,0,Ensino Medio,Casado,Silver,32535.0,1,15738,0
714615258,32,M,36,1,Ensino Medio,Solteiro,Blue,4819.0,3,9330,1
788687133,42,M,31,2,Mestrado,Casado,Blue,16433.0,3,13678,0
717781608,52,F,40,3,Mestrado,Casado,Blue,9230.0,2,14082,0
720136458,39,M,36,3,Pos-Graduacao,Casado,Blue,6867.0,2,14119,0
716247708,51,M,33,4,Faculdade,Solteiro,Gold,34516.0,2,14149,0
714968208,52,M,36,2,Ensino Medio,Casado,Blue,18046.0,3,13758,0
719913783,40,M,27,3,Mestrado,Solteiro,Blue,7680.0,2,13617,0
720621408,38,F,36,2,Ensino Fundamental,Casado,Blue,7825.0,3,14326,0
721169883,41,M,31,5,Faculdade,Casado,Blue,5002.0,3,16161,0
714577233,50,F,41,3,Mestrado,Casado,Blue,4755.0,3,15999,0
712367658,58,M,40,1,Ensino Fundamental,Solteiro,Blue,22104.0,3,13830,0
803655333,53,M,47,2,Pos-Graduacao,Solteiro,Silver,29038.0,3,12025,0
710455608,40,M,36,3,Ensino Medio,Solteiro,Blue,4620.0,3,6644,1
711328458,58,M,50,1,Ensino Medio,Casado,Blue,34516.0,1,13988,0
708123033,41,F,30,3,Mestrado,Solteiro,Silver,11463.0,1,14511,0
713514633,59,M,50,2,Mestrado,Solteiro,Blue,6224.0,4,8291,1
710374008,53,M,47,1,Mestrado,Solteiro,Blue,34516.0,1,12906,0
715017858,44,M,36,2,Ensino Fundamental,Casado,Platinum,34516.0,1,14465,0
717571683,47,F,34,4,Ensino Fundamental,Casado,Gold,23981.0,3,4536,1
743420208,47,F,40,2,Faculdade,Solteiro,Blue,4822.0,2,13816,0
714593883,53,F,45,2,Mestrado,Casado,Silver,12100.0,2,13138,0
819628158,42,M,37,3,Mestrado,Solteiro,Blue,17887.0,3,14544,0
712021233,33,M,15,3,Mestrado,Casado,Blue,23399.0,1,9356,1
708873183,47,M,39,2,Pos-Graduacao,Solteiro,Blue,17575.0,3,15473,0
766224933,46,M,39,2,Mestrado,Casado,Blue,29528.0,1,14428,0
771626283,54,M,42,2,Pos-Graduacao,Casado,Platinum,34516.0,3,15033,0
720372483,60,F,36,0,Ensino Medio,Casado,Blue,4147.0,1,14624,0
712916958,55,F,36,2,Mestrado,Casado,Blue,12494.0,3,7026,1
716124408,32,M,22,2,Mestrado,Solteiro,Gold,34516.0,2,7486,1
716979183,45,M,34,2,Faculdade,Casado,Blue,17646.0,1,15527,0
716480358,45,M,36,3,Ensino Fundamental,Solteiro,Blue,11121.0,2,13814,0
800758233,30,M,24,0,Faculdade,Solteiro,Blue,4109.0,2,8642,1
720413658,44,M,31,2,Ensino Medio,Casado,Blue,6176.0,1,15102,0
716323683,31,M,36,0,Mestrado,Casado,Blue,32791.0,3,13177,0
819616383,40,F,35,3,Ensino Fundamental,Divorciado,Blue,4772.0,3,14748,0
716987358,29,M,15,0,Pos-Graduacao,Divorciado,Blue,8022.0,1,5660,1
710300733,38,M,27,3,Ensino Medio,Solteiro,Blue,34516.0,4,13781,0
709259958,53,F,44,1,Mestrado,Solteiro,Blue,5541.0,3,9195,1
716296833,56,M,47,0,Doutorado,Solteiro,Blue,7204.0,1,14042,0
771507258,38,F,26,2,Mestrado,Solteiro,Blue,3860.0,2,14474,0
713758758,48,M,36,2,Ensino Medio,Casado,Silver,14581.0,2,17628,0
779809908,44,F,34,3,Ensino Medio,Solteiro,Blue,3084.0,2,12739,0
780349833,36,M,23,2,Faculdade,Casado,Gold,23981.0,1,15236,0
818235408,30,M,25,0,Faculdade,Casado,Blue,19534.0,3,15634,0
709213458,42,M,36,3,Ensino Medio,Casado,Blue,22993.0,3,7867,1
712238958,45,M,36,4,Mestrado,Casado,Blue,7231.0,2,15571,0
711813258,56,M,43,2,Faculdade,Solteiro,Gold,34516.0,1,13633,0
792139308,48,F,42,3,Mestrado,Solteiro,Blue,9215.0,2,13345,0
718123608,32,M,36,2,Mestrado,Casado,Blue,25438.0,1,16485,0
715369008,46,F,36,3,Ensino Medio,Solteiro,Blue,3759.0,2,15331,0
717556758,52,F,36,2,Ensino Medio,Solteiro,Blue,3029.0,2,14934,0
718252533,30,F,18,0,Mestrado,Divorciado,Blue,4203.0,1,7292,1
716340783,48,M,36,4,Ensino Medio,Casado,Blue,21526.0,1,14441,0
717898758,55,F,45,2,Mestrado,Casado,Silver,12207.0,3,5838,1
825743583,39,F,35,2,Mestrado,Solteiro,Silver,32089.0,3,13796,0
789791808,43,M,32,4,Ensino Medio,Casado,Blue,7139.0,2,14802,0
712544358,48,M,36,3,Mestrado,Casado,Gold,34516.0,4,15552,0
720306408,50,F,41,2,Ensino Medio,Solteiro,Blue,6704.0,3,12576,0
721488858,53,M,38,3,Ensino Fundamental,Casado,Silver,32417.0,3,14381,0
710771433,48,M,36,1,Mestrado,Solteiro,Blue,2754.0,3,13991,0
717663033,51,M,35,2,Ensino Fundamental,Solteiro,Blue,34516.0,2,16428,0
788778033,39,F,20,2,Faculdade,Solteiro,Silver,12338.0,2,15869,0
708649683,51,M,42,2,Ensino Medio,Solteiro,Blue,16703.0,3,15472,0
708770883,43,M,24,2,Ensino Fundamental,Casado,Blue,16667.0,2,15301,0
719210133,47,M,35,3,Ensino Fundamental,Solteiro,Blue,14131.0,3,12779,0
714690633,51,F,36,3,Mestrado,Solteiro,Blue,3276.0,3,14212,0
719719158,38,M,36,4,Pos-Graduacao,Solteiro,Silver,34516.0,3,15584,0
712690458,38,F,28,2,Ensino Fundamental,Casado,Blue,3629.0,1,15982,0
716947083,32,M,36,3,Ensino Medio,Solteiro,Blue,3845.0,2,14593,0
709075533,41,M,32,5,Ensino Fundamental,Solteiro,Blue,12094.0,3,8607,1
712952283,50,M,35,3,Mestrado,Casado,Blue,34516.0,1,14474,0
718799958,60,F,52,1,Mestrado,Casado,Blue,13312.0,3,14336,0
718663983,38,F,36,1,Doutorado,Solteiro,Blue,3466.0,2,13140,0
789550458,59,M,52,0,Ensino Medio,Solteiro,Silver,15223.0,2,14230,0
708226833,53,M,44,1,Ensino Medio,Casado,Gold,34516.0,6,13247,0
714361083,40,F,36,2,Faculdade,Solteiro,Blue,5989.0,2,5843,1
714608583,45,M,36,5,Ensino Medio,Divorciado,Blue,5287.0,3,8392,1
717173358,60,F,47,0,Mestrado,Solteiro,Blue,9502.0,2,14418,0
719773158,42,M,36,3,Mestrado,Casado,Blue,29738.0,3,14270,0
709476033,55,M,48,2,Ensino Fundamental,Casado,Blue,6577.0,1,14229,0
770560683,51,M,37,1,Mestrado,Casado,Gold,34516.0,3,13021,0
788766933,46,M,26,2,Pos-Graduacao,Casado,Blue,34516.0,3,14279,0
709928358,40,M,20,3,Mestrado,Solteiro,Blue,32554.0,2,8528,1
720471108,34,F,26,4,Ensino Medio,Solteiro,Silver,32056.0,2,12595,0
718192608,48,M,36,3,Ensino Fundamental,Casado,Blue,15524.0,1,13819,0
805485933,45,F,40,3,Mestrado,Casado,Blue,4010.0,1,14354,0
712517808,42,M,36,5,Ensino Medio,Casado,Blue,3275.0,4,14830,0
715311183,35,M,24,2,Pos-Graduacao,Solteiro,Blue,3388.0,3,13557,0
712265508,32,M,14,0,Pos-Graduacao,Solteiro,Blue,4015.0,1,8363,1
715051608,34,M,36,2,Ensino Medio,Solteiro,Blue,9719.0,3,9183,1
757786608,33,M,24,2,Pos-Graduacao,Solteiro,Blue,4178.0,3,16216,0
714303483,40,M,31,2,Faculdade,Casado,Gold,3735.0,2,15039,0
718728108,43,M,30,4,Ensino Fundamental,Casado,Silver,29856.0,3,14887,0
710019933,29,M,22,1,Ensino Fundamental,Solteiro,Blue,11522.0,3,13720,0
812453283,42,M,37,3,Mestrado,Casado,Blue,3161.0,2,13692,0
717439983,48,M,28,2,Mestrado,Casado,Blue,14774.0,3,8293,1
827901183,51,F,47,2,Mestrado,Casado,Blue,5118.0,2,14593,0
708841233,41,M,33,2,Faculdade,Casado,Blue,14682.0,3,8193,1
710663508,42,M,33,4,Ensino Fundamental,Casado,Blue,3108.0,2,14763,0
716439258,32,M,36,3,Mestrado,Casado,Blue,3223.0,1,13648,0
719610708,43,M,34,1,Mestrado,Casado,Blue,28612.0,1,14727,0
715026258,50,M,37,1,Mestrado,Casado,Silver,6224.0,1,13503,0
711706458,44,M,27,4,Doutorado,Casado,Blue,24134.0,2,13311,0
712180308,36,M,36,4,Ensino Medio,Solteiro,Blue,27929.0,3,14755,0
802622733,44,F,34,4,Ensino Fundamental,Solteiro,Blue,3657.0,3,14802,0
778832883,47,F,28,3,Pos-Graduacao,Casado,Blue,8257.0,3,13769,0
788671608,45,F,30,4,Faculdade,Solteiro,Gold,23051.0,2,14393,0
718023708,53,F,42,2,Ensino Fundamental,Solteiro,Blue,14839.0,1,14625,0
713632983,43,M,35,4,Ensino Medio,Casado,Blue,10588.0,3,7886,1
711008508,59,M,50,2,Mestrado,Solteiro,Blue,11808.0,1,13751,0
815230458,31,M,26,1,Ensino Medio,Divorciado,Silver,15504.0,1,14181,0
719612583,52,F,42,4,Ensino Fundamental,Divorciado,Blue,12091.0,4,8127,1
709514433,41,M,33,3,Ensino Medio,Casado,Blue,13818.0,1,13209,0
815520333,55,M,50,3,Ensino Medio,Casado,Blue,5282.0,1,13513,0
718661958,41,M,28,3,Faculdade,Casado,Blue,34516.0,1,13083,0
788980983,55,M,42,1,Ensino Medio,Solteiro,Blue,34516.0,4,12192,0
714682233,48,M,43,3,Mestrado,Casado,Blue,9959.0,4,14948,0
720736608,42,M,36,2,Mestrado,Casado,Blue,6280.0,2,14109,0
772207683,34,M,23,2,Mestrado,Solteiro,Blue,8940.0,3,14459,0
714794133,54,M,45,2,Ensino Fundamental,Casado,Blue,6546.0,3,14103,0
713686008,38,M,25,2,Mestrado,Solteiro,Blue,11474.0,1,13041,0
717518733,56,F,46,2,Ensino Medio,Casado,Blue,9463.0,3,7106,1
712532058,44,M,36,3,Pos-Graduacao,Casado,Blue,12552.0,1,15508,0
789666333,39,M,24,2,Mestrado,Solteiro,Blue,21679.0,3,15581,0
708510858,60,F,47,1,Ensino Fundamental,Solteiro,Blue,4905.0,3,15478,0
789289383,42,M,31,3,Mestrado,Solteiro,Silver,34516.0,2,14626,0
708805908,30,M,18,2,Mestrado,Casado,Silver,10017.0,1,9299,1
713330133,37,F,19,1,Mestrado,Casado,Blue,5843.0,3,13299,0
714403983,43,M,36,2,Mestrado,Solteiro,Blue,34427.0,2,13545,0
771484908,31,M,19,0,Mestrado,Divorciado,Silver,34516.0,3,14969,0
717047583,47,F,35,3,Doutorado,Casado,Blue,4779.0,3,8912,1
793456983,43,M,37,0,Pos-Graduacao,Solteiro,Blue,7872.0,2,13746,0
715518783,48,F,36,3,Mestrado,Solteiro,Blue,3882.0,3,13980,0
779514558,41,F,24,2,Ensino Medio,Casado,Blue,7207.0,1,13730,0
712895733,40,M,36,4,Ensino Fundamental,Solteiro,Blue,34516.0,3,8659,1
719039283,32,M,36,1,Ensino Fundamental,Casado,Blue,3535.0,2,14080,0
754443033,50,M,43,1,Mestrado,Solteiro,Silver,34516.0,3,9045,1
712195383,37,F,36,0,Doutorado,Solteiro,Blue,9178.0,2,14932,0
822885033,31,M,24,1,Ensino Medio,Casado,Blue,4328.0,1,14731,0
716543433,52,M,36,2,Faculdade,Casado,Blue,9959.0,2,15195,0
717403158,60,F,47,0,Ensino Fundamental,Solteiro,Blue,9634.0,2,14218,0
709397508,48,M,39,1,Ensino Fundamental,Casado,Blue,8624.0,3,15738,0
720748608,44,M,32,3,Mestrado,Divorciado,Blue,3575.0,2,7672,1
713542908,31,M,19,2,Mestrado,Solteiro,Blue,5871.0,2,15645,0
720512433,56,M,36,1,Ensino Fundamental,Solteiro,Blue,15219.0,4,7625,1
713671158,46,M,32,2,Ensino Fundamental,Solteiro,Blue,34516.0,3,15754,0
802449933,29,M,23,1,Ensino Fundamental,Casado,Blue,8147.0,3,14912,0
716723658,37,F,28,2,Pos-Graduacao,Solteiro,Blue,3525.0,3,13625,0
710451708,32,M,24,1,Mestrado,Casado,Blue,9711.0,1,14926,0
809540733,52,M,47,2,Ensino Medio,Casado,Blue,11358.0,1,14327,0
716372358,58,F,47,3,Mestrado,Casado,Blue,6765.0,2,14133,0
710162133,41,M,36,4,Mestrado,Casado,Blue,4725.0,3,9134,1
710878308,50,F,37,4,Mestrado,Solteiro,Blue,3699.0,2,7297,1
710262408,29,M,36,1,Mestrado,Casado,Silver,34516.0,2,13971,0
713975433,32,F,25,0,Ensino Medio,Divorciado,Blue,8851.0,3,14783,0
710405808,48,M,36,2,Mestrado,Divorciado,Blue,3442.0,3,14618,0
715542783,33,F,24,2,Mestrado,Casado,Blue,3731.0,3,13234,0
788908308,46,M,32,2,Ensino Medio,Solteiro,Blue,5972.0,3,14227,0
712609533,32,M,15,1,Ensino Fundamental,Solteiro,Blue,3371.0,2,13432,0
710237283,50,F,38,2,Mestrado,Casado,Blue,9546.0,1,14211,0
770766633,28,F,14,1,Pos-Graduacao,Solteiro,Blue,3848.0,3,14054,0
823837158,44,M,40,3,Mestrado,Solteiro,Blue,9199.0,3,15367,0
712123008,43,M,31,2,Ensino Medio,Casado,Blue,13381.0,3,14532,0
711727083,50,F,36,1,Mestrado,Solteiro,Blue,2833.0,1,14341,0
720033033,53,F,41,2,Pos-Graduacao,Solteiro,Blue,15101.0,2,13545,0
770926158,51,F,38,0,Doutorado,Solteiro,Blue,4132.0,2,13820,0
711360783,39,F,36,0,Faculdade,Solteiro,Blue,4366.0,2,15451,0
708285108,42,M,36,4,Mestrado,Solteiro,Blue,6128.0,1,13505,0
718096608,44,F,30,4,Ensino Medio,Solteiro,Blue,6882.0,2,13836,0
719094333,46,M,33,4,Ensino Fundamental,Casado,Blue,13490.0,2,13159,0
813764283,39,M,34,3,Ensino Medio,Casado,Blue,17978.0,1,15657,0
713398158,45,M,30,3,Pos-Graduacao,Casado,Blue,3821.0,2,15005,0
711227883,41,F,21,2,Mestrado,Solteiro,Blue,3624.0,3,15824,0
810040908,42,F,37,3,Ensino Medio,Solteiro,Blue,3787.0,3,16220,0
772640808,38,F,28,1,Faculdade,Solteiro,Blue,4623.0,2,14730,0
784907658,36,M,30,2,Ensino Medio,Casado,Blue,4343.0,1,14463,0
718383183,51,F,39,3,Ensino Medio,Casado,Blue,3803.0,1,14397,0
721156758,52,M,44,3,Mestrado,Casado,Blue,23889.0,2,13360,0
811793433,50,F,45,3,Mestrado,Divorciado,Silver,34516.0,1,15071,0
712010358,49,M,36,4,Mestrado,Solteiro,Blue,3999.0,3,7567,1
711432258,55,M,46,3,Mestrado,Solteiro,Blue,4178.0,4,7914,1
721294533,48,M,34,4,Mestrado,Casado,Blue,34516.0,1,15143,0
718425333,45,M,32,4,Mestrado,Casado,Blue,26819.0,1,14450,0
714294183,54,M,44,1,Mestrado,Divorciado,Blue,9580.0,3,5385,1
712341933,39,M,36,1,Mestrado,Solteiro,Gold,34516.0,3,13578,0
708332808,47,M,39,2,Ensino Fundamental,Casado,Blue,3471.0,2,14381,0
766649283,49,F,42,3,Mestrado,Divorciado,Blue,14072.0,2,13432,0
708301683,40,M,30,2,Ensino Fundamental,Casado,Blue,20798.0,2,8038,1
713655108,60,F,45,1,Mestrado,Solteiro,Blue,9752.0,3,14220,0
712113558,45,M,36,2,Mestrado,Casado,Blue,24844.0,3,6549,1
710603958,49,M,36,2,Ensino Fundamental,Casado,Blue,3090.0,1,14198,0
720597108,48,F,36,3,Pos-Graduacao,Divorciado,Blue,9943.0,3,8325,1
713810658,44,M,36,3,Mestrado,Casado,Blue,3384.0,2,13152,0
721519908,29,F,36,1,Ensino Fundamental,Solteiro,Blue,3640.0,2,13306,0
712025958,42,M,35,4,Ensino Fundamental,Casado,Silver,34516.0,2,14672,0
794740458,45,F,39,3,Mestrado,Casado,Silver,10186.0,2,14023,0
709814883,45,F,36,2,Ensino Medio,Solteiro,Platinum,15987.0,3,15513,0
719767683,46,M,39,0,Faculdade,Solteiro,Blue,16983.0,3,8526,1
710106933,32,M,20,2,Ensino Fundamental,Solteiro,Silver,34516.0,3,14667,0
716655858,38,M,31,2,Ensino Medio,Solteiro,Blue,34516.0,3,14036,0
713986908,50,F,40,2,Ensino Medio,Casado,Blue,10748.0,3,16541,0
713269533,42,M,36,2,Faculdade,Solteiro,Blue,9959.0,3,8847,1
713868033,53,M,36,1,Faculdade,Casado,Silver,34516.0,2,16373,0
708103608,52,M,45,1,Ensino Medio,Solteiro,Blue,11898.0,5,15798,0
789684258,57,M,43,2,Pos-Graduacao,Solteiro,Silver,34516.0,3,7842,1
779067408,46,M,27,1,Ensino Fundamental,Casado,Blue,13056.0,3,14280,0
712231308,60,M,47,0,Mestrado,Solteiro,Silver,14002.0,1,13849,0
761079783,40,M,33,3,Mestrado,Casado,Blue,5500.0,3,7720,1
787518258,49,M,38,3,Ensino Fundamental,Casado,Blue,8549.0,3,9192,1
769396158,55,M,43,1,Faculdade,Solteiro,Blue,24884.0,2,5107,1
713462508,55,F,41,2,Mestrado,Casado,Blue,3591.0,1,13289,0
716717733,55,F,47,3,Ensino Fundamental,Solteiro,Blue,4841.0,5,8918,1
717283008,44,F,36,4,Mestrado,Solteiro,Blue,7469.0,1,15225,0
793449333,54,M,48,2,Mestrado,Divorciado,Blue,29974.0,3,15190,0
710873583,58,M,48,1,Mestrado,Casado,Blue,20724.0,3,14215,0
718486608,53,M,36,2,Ensino Medio,Solteiro,Blue,21079.0,2,13930,0
716748483,59,F,36,1,Ensino Fundamental,Casado,Blue,3720.0,2,16208,0
711160233,32,M,19,1,Ensino Medio,Casado,Blue,12024.0,3,14551,0
715714458,48,M,38,5,Mestrado,Solteiro,Blue,4446.0,3,8753,1
709615458,54,M,44,3,Mestrado,Casado,Blue,34516.0,1,15034,0
713072358,42,M,31,2,Mestrado,Casado,Silver,34516.0,1,12878,0
721402233,42,M,28,3,Ensino Fundamental,Casado,Blue,19192.0,3,15615,0
713691633,29,M,36,0,Pos-Graduacao,Casado,Blue,3076.0,1,15514,0
708866133,43,M,32,3,Mestrado,Casado,Blue,4196.0,1,14545,0
757256358,45,M,38,3,Mestrado,Solteiro,Blue,3243.0,3,15710,0
784868958,56,F,49,1,Ensino Medio,Casado,Blue,17542.0,2,13939,0
710845308,46,M,36,4,Ensino Medio,Casado,Blue,32949.0,2,14892,0
719368533,41,F,28,2,Doutorado,Casado,Silver,32250.0,3,15785,0
718337733,50,F,40,2,Mestrado,Casado,Gold,34516.0,1,14994,0
715132758,52,F,43,2,Faculdade,Divorciado,Gold,23981.0,2,15281,0
712556433,52,F,43,2,Mestrado,Casado,Blue,4090.0,2,15497,0
718947558,32,F,21,0,Ensino Medio,Solteiro,Blue,4251.0,3,15574,0
710303208,52,F,40,1,Ensino Medio,Solteiro,Blue,4119.0,1,15215,0
804158583,60,M,55,1,Ensino Medio,Casado,Silver,13399.0,2,16493,0
715808808,48,F,36,4,Ensino Fundamental,Casado,Blue,7469.0,6,13614,0
718343058,52,F,40,2,Ensino Medio,Divorciado,Blue,5240.0,2,14161,0
769667583,34,M,28,3,Pos-Graduacao,Solteiro,Blue,3744.0,3,8202,1
709013208,40,M,36,2,Ensino Fundamental,Solteiro,Blue,15594.0,2,16101,0
716004258,45,M,35,4,Ensino Medio,Solteiro,Blue,8449.0,1,17634,0
715645908,59,M,48,0,Ensino Medio,Solteiro,Gold,34516.0,2,8480,1
719850933,30,M,36,2,Faculdade,Solteiro,Blue,4192.0,3,13345,0
790131033,38,F,31,1,Ensino Medio,Casado,Blue,3416.0,6,14230,0
721211433,42,M,31,4,Doutorado,Solteiro,Blue,3322.0,2,13784,0
721290708,50,M,30,1,Ensino Fundamental,Solteiro,Blue,14217.0,3,15554,0
712107783,49,M,35,4,Faculdade,Solteiro,Blue,17350.0,2,16132,0
818960133,58,M,53,4,Ensino Medio,Casado,Blue,13784.0,3,13120,0
713560758,54,F,42,1,Ensino Fundamental,Casado,Blue,3181.0,2,13392,0
778643733,48,F,28,1,Ensino Fundamental,Solteiro,Gold,23981.0,2,9140,1
770977833,36,M,23,2,Mestrado,Casado,Blue,3920.0,2,16500,0
708721533,56,F,36,1,Mestrado,Casado,Blue,5158.0,1,13113,0
751155783,47,F,40,2,Ensino Medio,Casado,Blue,4074.0,1,15005,0
768457008,27,M,21,1,Mestrado,Solteiro,Blue,10284.0,3,13355,0
794494308,42,M,23,3,Ensino Fundamental,Casado,Platinum,34516.0,4,13781,0
710980383,53,M,33,3,Ensino Medio,Solteiro,Silver,34516.0,2,6361,1
716663808,57,F,36,3,Ensino Medio,Casado,Blue,3999.0,3,15443,0
712912233,50,F,36,0,Pos-Graduacao,Divorciado,Blue,3468.0,4,14222,0
717992433,50,M,39,4,Mestrado,Casado,Blue,11900.0,1,14666,0
709971708,51,F,41,1,Ensino Medio,Solteiro,Blue,9701.0,3,9404,1
715600533,61,M,50,0,Mestrado,Solteiro,Gold,34516.0,3,13722,0
710153583,30,F,13,0,Ensino Fundamental,Casado,Blue,6075.0,1,9242,1
794132808,60,M,54,0,Ensino Fundamental,Casado,Blue,13035.0,3,14585,0
720565458,43,M,36,2,Pos-Graduacao,Solteiro,Blue,17306.0,3,6205,1
715496058,41,F,36,4,Ensino Fundamental,Solteiro,Gold,15987.0,3,7832,1
709015833,42,M,36,2,Mestrado,Solteiro,Silver,34516.0,3,12920,0
718612758,36,M,36,2,Ensino Medio,Casado,Blue,34516.0,1,15552,0
712438308,27,F,15,1,Ensino Medio,Casado,Blue,7469.0,1,16730,0
716238483,59,M,50,0,Faculdade,Casado,Blue,12918.0,2,9138,1
718297683,59,F,50,1,Ensino Medio,Solteiro,Blue,4085.0,0,7597,1
712206033,55,M,36,1,Mestrado,Casado,Blue,3705.0,1,16089,0
710904708,56,F,43,1,Ensino Medio,Casado,Blue,5319.0,1,15048,0
711190233,34,M,36,3,Mestrado,Casado,Blue,4549.0,2,13804,0
710535708,49,M,39,2,Ensino Fundamental,Casado,Blue,15894.0,3,14256,0
790201158,60,F,54,1,Ensino Fundamental,Casado,Silver,13062.0,2,13609,0
779333883,51,F,33,3,Ensino Fundamental,Casado,Blue,7428.0,3,8078,1
719805183,39,M,19,2,Faculdade,Casado,Blue,8848.0,3,15352,0
721220583,54,F,41,2,Mestrado,Casado,Blue,7362.0,1,17390,0
779685558,53,M,36,5,Mestrado,Solteiro,Gold,34516.0,4,15290,0
713965683,35,M,28,3,Pos-Graduacao,Casado,Blue,4380.0,1,17258,0
710667708,47,M,36,2,Ensino Fundamental,Solteiro,Blue,12510.0,3,14018,0
712104333,57,F,44,2,Doutorado,Solteiro,Blue,9149.0,2,14401,0
793560033,47,F,33,3,Ensino Fundamental,Solteiro,Silver,34516.0,2,16369,0
779920533,54,F,41,1,Ensino Medio,Casado,Blue,3784.0,3,15199,0
717480783,39,M,29,1,Ensino Medio,Solteiro,Blue,9680.0,1,15152,0
709066983,50,M,41,4,Ensino Medio,Casado,Blue,34516.0,2,15214,0
718528008,60,F,47,1,Ensino Medio,Casado,Blue,3845.0,3,14432,0
712390683,41,M,27,2,Ensino Fundamental,Solteiro,Blue,13409.0,3,15573,0
826245858,50,M,40,2,Mestrado,Solteiro,Silver,34516.0,4,7661,1
709467183,56,M,40,3,Mestrado,Casado,Blue,20501.0,3,15162,0
710529708,41,M,36,3,Faculdade,Solteiro,Blue,23260.0,3,15140,0
712363158,36,M,24,1,Mestrado,Solteiro,Blue,20101.0,2,14732,0
717060858,31,M,36,0,Mestrado,Casado,Blue,6911.0,2,8123,1
718060983,49,F,36,1,Mestrado,Casado,Blue,3423.0,3,14037,0
711600033,40,F,36,3,Faculdade,Solteiro,Silver,10729.0,1,14364,0
709910733,49,F,30,4,Ensino Medio,Solteiro,Silver,34516.0,3,13174,0
720458883,29,M,16,1,Ensino Medio,Casado,Blue,12495.0,2,14524,0
708963258,46,M,39,3,Faculdade,Casado,Blue,13344.0,3,8534,1
715249533,49,F,36,3,Mestrado,Solteiro,Blue,3375.0,2,13992,0
708522033,50,M,36,2,Faculdade,Casado,Blue,12299.0,2,15060,0
708496833,60,M,50,1,Ensino Medio,Solteiro,Blue,4613.0,4,8970,1
717464958,55,F,36,2,Doutorado,Casado,Silver,10858.0,2,14475,0
751166508,57,M,50,3,Pos-Graduacao,Solteiro,Blue,34516.0,1,14287,0
795218883,47,M,41,3,Ensino Medio,Casado,Blue,4207.0,3,15312,0
710856558,45,F,36,2,Mestrado,Casado,Blue,3336.0,3,13989,0
716457783,55,F,36,1,Faculdade,Solteiro,Silver,12633.0,1,14378,0
710810883,39,M,36,1,Faculdade,Solteiro,Blue,34516.0,1,14576,0
710895708,35,F,27,0,Doutorado,Casado,Blue,3876.0,3,7712,1
789200208,40,F,29,4,Ensino Fundamental,Casado,Blue,3326.0,3,13583,0
718578708,49,M,38,4,Pos-Graduacao,Solteiro,Silver,34516.0,3,14212,0
719859033,32,M,20,3,Mestrado,Casado,Blue,3264.0,2,6439,1
713036208,46,M,27,1,Mestrado,Casado,Blue,6903.0,2,15751,0
718316058,51,M,38,1,Ensino Fundamental,Casado,Blue,13731.0,3,14826,0
779571708,43,M,25,5,Mestrado,Casado,Blue,4259.0,2,7993,1
710244108,44,M,34,3,Faculdade,Casado,Gold,34516.0,1,13967,0
789280683,56,M,45,2,Mestrado,Solteiro,Blue,11714.0,2,13956,0
713318733,32,M,24,0,Faculdade,Solteiro,Blue,4097.0,2,8376,1
709611183,41,F,31,3,Ensino Medio,Casado,Blue,3952.0,3,8241,1
709315383,31,F,36,0,Pos-Graduacao,Solteiro,Blue,26423.0,3,13575,0
710141208,45,F,37,4,Ensino Fundamental,Casado,Blue,3196.0,3,13300,0
711684408,50,F,38,0,Mestrado,Casado,Blue,4935.0,3,8527,1
758331483,31,M,24,0,Mestrado,Solteiro,Silver,34516.0,2,15347,0
715825458,47,M,36,2,Mestrado,Casado,Blue,12933.0,3,6564,1
779808333,48,F,38,2,Mestrado,Solteiro,Blue,8881.0,1,15530,0
714912408,45,M,37,2,Ensino Fundamental,Casado,Blue,32275.0,1,14917,0
827683383,48,F,44,3,Ensino Fundamental,Divorciado,Blue,4107.0,2,16027,0
719595708,53,F,47,2,Ensino Medio,Casado,Blue,7469.0,1,15212,0
711566208,58,F,36,3,Mestrado,Casado,Blue,5023.0,2,14111,0
715052583,45,M,34,3,Doutorado,Solteiro,Silver,27494.0,3,14375,0
714586458,41,F,36,1,Ensino Medio,Divorciado,Blue,7106.0,3,16377,0
711523533,43,M,31,5,Pos-Graduacao,Solteiro,Blue,17230.0,3,14781,0
756658083,49,M,42,4,Pos-Graduacao,Solteiro,Blue,30885.0,2,17350,0
713242383,39,M,19,2,Ensino Fundamental,Casado,Silver,34516.0,1,7721,1
717135333,50,F,36,1,Mestrado,Solteiro,Blue,17970.0,2,13204,0
716150358,38,M,27,3,Mestrado,Casado,Silver,10343.0,2,14805,0
717457008,43,M,36,3,Ensino Fundamental,Solteiro,Blue,9267.0,3,7991,1
711822933,55,F,45,2,Faculdade,Casado,Blue,2985.0,3,14187,0
803968233,39,F,34,2,Ensino Fundamental,Casado,Silver,14386.0,3,13377,0
779037408,38,M,19,1,Ensino Medio,Solteiro,Blue,3581.0,3,14637,0
709007883,37,M,28,2,Mestrado,Casado,Blue,3079.0,2,14540,0
779914383,34,M,18,1,Ensino Fundamental,Casado,Blue,10488.0,2,14719,0
712841883,50,M,36,3,Faculdade,Solteiro,Silver,34516.0,3,7155,1
719582058,41,M,29,3,Doutorado,Solteiro,Blue,24001.0,2,9102,1
708387933,49,F,37,2,Pos-Graduacao,Casado,Blue,5500.0,1,14357,0
717251508,37,M,17,1,Ensino Fundamental,Casado,Blue,34516.0,1,14127,0
710699283,46,M,28,2,Mestrado,Solteiro,Blue,7790.0,1,14567,0
709141908,53,M,41,2,Mestrado,Casado,Blue,10301.0,3,16359,0
720356133,48,F,36,4,Ensino Medio,Solteiro,Blue,23939.0,3,14812,0
717788958,31,M,19,0,Mestrado,Divorciado,Blue,21615.0,1,16464,0
778563858,40,F,33,3,Ensino Fundamental,Casado,Blue,8712.0,1,14512,0
716816583,61,M,48,0,Mestrado,Casado,Blue,15483.0,3,14463,0
719841708,45,M,36,0,Ensino Fundamental,Solteiro,Blue,20356.0,4,15180,0
708555633,32,F,16,1,Ensino Medio,Solteiro,Blue,3548.0,3,15157,0
714638883,31,M,36,0,Mestrado,Solteiro,Blue,4661.0,3,14257,0
809147283,43,F,38,5,Mestrado,Casado,Gold,15987.0,2,15058,0
757247808,42,F,35,3,Mestrado,Casado,Blue,5230.0,4,9495,1
820922733,43,M,38,2,Mestrado,Casado,Blue,34516.0,1,14160,0
807977808,39,F,34,2,Mestrado,Solteiro,Blue,3246.0,3,13671,0
712863183,46,F,38,3,Mestrado,Casado,Blue,10018.0,3,13819,0
713379258,32,F,36,1,Ensino Medio,Casado,Blue,4097.0,1,15925,0
710232483,49,F,36,1,Ensino Fundamental,Casado,Blue,19846.0,3,16908,0
710170758,32,M,25,0,Pos-Graduacao,Casado,Blue,4469.0,2,8314,1
803421108,49,M,43,4,Mestrado,Solteiro,Blue,20701.0,2,14374,0
792152283,54,M,48,3,Mestrado,Casado,Blue,8426.0,3,14378,0
717291333,38,M,29,3,Ensino Fundamental,Casado,Blue,16722.0,2,15110,0
714928158,60,M,36,0,Ensino Medio,Solteiro,Silver,34516.0,2,13434,0
780511683,47,M,34,3,Mestrado,Solteiro,Blue,4413.0,3,7869,1
772491333,31,F,21,1,Pos-Graduacao,Casado,Blue,5342.0,1,14738,0
808045833,49,M,44,3,Ensino Fundamental,Solteiro,Blue,7659.0,3,15860,0
708385533,49,F,36,1,Mestrado,Casado,Silver,11059.0,3,9524,1
719379858,39,M,36,1,Mestrado,Casado,Blue,24239.0,2,8549,1
798788958,32,M,26,1,Ensino Medio,Solteiro,Blue,6407.0,3,14471,0
720011958,57,M,36,2,Ensino Medio,Solteiro,Blue,6024.0,3,15763,0
708982158,48,F,36,2,Mestrado,Solteiro,Blue,3352.0,2,14802,0
719768658,31,F,24,0,Faculdade,Casado,Silver,34516.0,3,14544,0
813153108,49,M,44,4,Faculdade,Casado,Blue,31091.0,3,14565,0
712487883,54,M,48,5,Ensino Medio,Casado,Blue,7464.0,1,9071,1
753220383,29,M,22,0,Mestrado,Solteiro,Blue,11722.0,2,8302,1
708340758,41,M,32,4,Ensino Medio,Casado,Blue,7769.0,3,8109,1
720852108,46,M,31,4,Ensino Medio,Divorciado,Blue,3569.0,3,16695,0
716728233,47,F,36,4,Ensino Medio,Casado,Blue,3216.0,3,14178,0
715573758,43,M,36,4,Ensino Fundamental,Casado,Silver,34516.0,2,15226,0
794530608,52,M,34,2,Ensino Fundamental,Solteiro,Blue,27229.0,2,13264,0
718376583,52,M,44,2,Mestrado,Divorciado,Silver,34516.0,3,5806,1
720827133,43,F,30,3,Doutorado,Solteiro,Blue,6261.0,2,8132,1
767414808,57,F,51,0,Ensino Fundamental,Casado,Blue,6996.0,3,15017,0
718919433,52,F,36,4,Mestrado,Solteiro,Blue,4440.0,3,14973,0
719270358,57,F,48,2,Doutorado,Divorciado,Blue,4288.0,2,15505,0
708948483,54,M,36,3,Mestrado,Casado,Silver,34516.0,3,8444,1
708462258,51,F,38,1,Ensino Medio,Casado,Blue,5189.0,1,16563,0
716721483,59,M,52,0,Ensino Fundamental,Solteiro,Blue,14458.0,2,8696,1
799011558,43,M,37,3,Ensino Fundamental,Casado,Blue,16909.0,2,15740,0
710527533,45,M,36,5,Faculdade,Solteiro,Blue,4982.0,3,8586,1
709996833,31,M,36,1,Pos-Graduacao,Solteiro,Silver,12359.0,3,7528,1
718531983,51,M,41,3,Ensino Medio,Casado,Blue,9959.0,3,13810,0
718774533,48,M,44,1,Faculdade,Casado,Blue,15355.0,3,15053,0
714022833,42,F,32,2,Mestrado,Solteiro,Silver,17909.0,3,5977,1
710178558,46,M,38,2,Ensino Medio,Casado,Gold,34516.0,3,9314,1
768712383,51,M,45,5,Mestrado,Divorciado,Blue,34516.0,3,8173,1
711156858,48,F,40,5,Ensino Medio,Solteiro,Blue,8297.0,4,9819,1
758617233,56,F,49,5,Doutorado,Solteiro,Blue,4132.0,3,14781,0
708482658,41,M,31,3,Mestrado,Casado,Blue,9959.0,2,15594,0
826148883,45,M,41,2,Mestrado,Casado,Blue,16453.0,3,14762,0
714103083,47,M,37,2,Faculdade,Casado,Blue,3263.0,3,14649,0
714145233,34,M,24,0,Mestrado,Divorciado,Silver,34516.0,2,5112,1
720899058,35,M,21,2,Mestrado,Casado,Blue,7685.0,2,13604,0
789432033,32,F,23,1,Mestrado,Casado,Blue,4065.0,2,7844,1
717214158,41,M,28,4,Pos-Graduacao,Casado,Blue,9815.0,3,15475,0
715269483,50,M,36,4,Pos-Graduacao,Casado,Blue,17374.0,1,15473,0
718805733,39,F,28,2,Mestrado,Solteiro,Blue,7093.0,1,13937,0
789780033,33,M,22,3,Faculdade,Casado,Silver,34516.0,2,14202,0
708319908,37,M,17,3,Mestrado,Solteiro,Blue,4116.0,1,8667,1
711663858,28,M,13,1,Pos-Graduacao,Solteiro,Blue,20030.0,3,15862,0
716894658,49,F,44,1,Mestrado,Divorciado,Blue,8687.0,2,16824,0
714082308,39,M,13,3,Ensino Medio,Solteiro,Blue,8656.0,1,8056,1
708082083,45,F,36,3,Ensino Medio,Casado,Blue,3544.0,3,15149,0
714820158,29,M,36,0,Ensino Medio,Solteiro,Blue,5988.0,3,10211,1
713347608,54,F,43,2,Pos-Graduacao,Solteiro,Blue,4917.0,3,9442,1
721395633,53,M,41,1,Mestrado,Solteiro,Blue,18591.0,3,15063,0
721438233,39,M,31,2,Pos-Graduacao,Solteiro,Blue,3297.0,3,15580,0
713987808,43,F,33,3,Faculdade,Solteiro,Blue,5702.0,2,14970,0
721086483,27,F,19,0,Ensino Fundamental,Solteiro,Silver,10982.0,3,13563,0
709969758,43,M,35,3,Mestrado,Solteiro,Platinum,34516.0,3,13966,0
801502008,37,M,31,1,Mestrado,Casado,Blue,20144.0,1,14287,0
819051183,47,F,42,4,Mestrado,Casado,Blue,16349.0,1,16207,0
710858658,48,F,38,4,Doutorado,Divorciado,Silver,10610.0,1,15050,0
716002458,43,M,30,4,Faculdade,Casado,Blue,7386.0,1,15691,0
718080558,41,F,36,4,Ensino Medio,Solteiro,Blue,4720.0,3,8798,1
788019483,49,M,40,3,Mestrado,Casado,Blue,3660.0,1,14515,0
712374708,28,F,15,0,Mestrado,Casado,Blue,23103.0,2,14049,0
721145433,52,F,36,5,Ensino Medio,Solteiro,Silver,11280.0,2,16237,0
711398433,38,M,31,0,Ensino Medio,Casado,Blue,16565.0,3,16736,0
715601808,50,M,41,3,Mestrado,Casado,Blue,34516.0,2,16692,0
717324183,31,F,21,0,Ensino Medio,Solteiro,Silver,14305.0,1,14769,0
720557883,35,M,21,3,Ensino Fundamental,Solteiro,Blue,6104.0,2,15240,0
708759408,48,F,39,3,Ensino Fundamental,Solteiro,Blue,4207.0,3,15124,0
719430483,51,M,40,3,Faculdade,Casado,Blue,34516.0,3,14145,0
758753283,52,M,45,3,Doutorado,Casado,Blue,34516.0,3,7341,1
716933283,52,M,39,2,Ensino Medio,Solteiro,Gold,34516.0,1,14738,0
773172483,30,M,23,0,Mestrado,Casado,Blue,4063.0,2,7463,1
721459008,36,M,36,2,Ensino Medio,Solteiro,Blue,11791.0,1,14885,0
710639658,29,M,17,1,Ensino Medio,Solteiro,Blue,17744.0,1,9658,1
710710233,58,M,45,4,Mestrado,Casado,Silver,34516.0,2,15560,0
708996708,55,M,46,1,Mestrado,Solteiro,Blue,21032.0,1,15584,0
713315433,61,M,48,2,Ensino Fundamental,Casado,Blue,18571.0,1,15802,0
712941483,51,F,43,4,Pos-Graduacao,Casado,Silver,3735.0,3,6826,1
789890958,53,F,43,4,Ensino Medio,Divorciado,Blue,10948.0,1,16230,0
714757083,44,M,37,4,Ensino Fundamental,Casado,Silver,29076.0,2,8765,1
789237333,47,M,36,4,Pos-Graduacao,Divorciado,Blue,20237.0,2,15041,0
714949758,51,F,42,3,Mestrado,Solteiro,Platinum,34516.0,1,16712,0
714136233,53,M,38,4,Mestrado,Casado,Blue,34516.0,2,8417,1
778888083,45,F,26,2,Mestrado,Casado,Blue,4307.0,2,8697,1
709385133,42,F,30,2,Doutorado,Casado,Blue,14828.0,3,15572,0
716836308,29,M,36,1,Mestrado,Divorciado,Blue,3839.0,3,14791,0
720633558,37,F,24,3,Mestrado,Divorciado,Blue,3727.0,3,14786,0
712846458,45,M,39,4,Ensino Medio,Divorciado,Blue,14290.0,3,14709,0
709399908,34,F,23,2,Mestrado,Solteiro,Blue,7594.0,2,15026,0
772698783,50,F,40,2,Faculdade,Casado,Blue,8416.0,2,13988,0
718665033,44,M,36,5,Doutorado,Solteiro,Silver,34140.0,3,8177,1
771561183,42,F,30,4,Mestrado,Solteiro,Blue,13753.0,3,7464,1
789008508,44,M,31,4,Faculdade,Casado,Blue,3472.0,1,13999,0
719439108,42,M,34,1,Mestrado,Casado,Silver,15315.0,3,14728,0
720817533,54,M,40,1,Ensino Fundamental,Casado,Blue,12086.0,1,15559,0
813901458,60,M,55,1,Ensino Medio,Solteiro,Silver,34516.0,5,14954,0
717783483,47,F,30,5,Pos-Graduacao,Divorciado,Blue,5016.0,1,17038,0
718299933,42,M,30,3,Ensino Medio,Casado,Blue,4333.0,3,15903,0
789074358,46,M,34,2,Ensino Medio,Solteiro,Blue,10325.0,2,16856,0
712036383,49,M,30,4,Ensino Medio,Solteiro,Blue,18418.0,3,9980,1
720618033,43,F,36,3,Faculdade,Casado,Blue,9633.0,3,14829,0
720415833,47,M,32,2,Ensino Medio,Casado,Blue,3842.0,5,14751,0
709937583,45,F,34,2,Ensino Medio,Solteiro,Blue,3024.0,3,14220,0
770743983,34,F,20,3,Ensino Fundamental,Solteiro,Blue,8698.0,2,15683,0
715671183,43,M,31,3,Ensino Fundamental,Casado,Blue,6824.0,3,9045,1
711283008,50,M,36,1,Ensino Medio,Solteiro,Silver,34516.0,5,16019,0
778873608,44,M,25,4,Ensino Fundamental,Casado,Silver,34516.0,1,14335,0
709592808,38,F,28,2,Mestrado,Solteiro,Blue,3311.0,3,14470,0
822084333,51,M,47,3,Ensino Medio,Casado,Blue,4041.0,4,8219,1
711070683,48,F,37,3,Pos-Graduacao,Casado,Blue,6725.0,1,13891,0
806917983,32,F,27,2,Mestrado,Divorciado,Silver,33779.0,3,15200,0
708880683,49,M,40,5,Faculdade,Casado,Blue,3970.0,3,13697,0
709332408,44,F,36,1,Ensino Medio,Solteiro,Blue,6159.0,3,13517,0
710751033,31,F,13,1,Mestrado,Solteiro,Blue,4829.0,1,8286,1
710679933,59,M,54,1,Mestrado,Solteiro,Blue,15633.0,5,8660,1
710849208,47,M,35,2,Pos-Graduacao,Solteiro,Silver,34516.0,3,14738,0
710056758,51,M,36,4,Ensino Medio,Solteiro,Blue,10017.0,2,15635,0
713520858,53,F,38,1,Faculdade,Solteiro,Blue,3895.0,3,16023,0
766769058,51,M,44,1,Mestrado,Solteiro,Gold,22722.0,3,15817,0
718298733,40,M,29,4,Ensino Medio,Solteiro,Blue,12978.0,3,14134,0
717174558,57,F,46,1,Ensino Fundamental,Solteiro,Blue,9129.0,3,7733,1
715756683,50,M,36,4,Mestrado,Solteiro,Blue,14804.0,2,15237,0
708245808,35,M,36,3,Mestrado,Casado,Blue,19671.0,1,13908,0
799253808,42,M,36,3,Ensino Medio,Casado,Silver,34516.0,2,13845,0
716552433,40,F,36,4,Ensino Fundamental,Casado,Blue,5056.0,1,15926,0
720995583,48,M,33,2,Mestrado,Divorciado,Silver,25217.0,2,15054,0
780118158,27,M,13,0,Mestrado,Solteiro,Blue,3585.0,2,15656,0
713668158,31,F,36,1,Ensino Fundamental,Solteiro,Blue,21067.0,3,9212,1
717081483,37,M,25,2,Mestrado,Divorciado,Blue,25187.0,2,16606,0
718455633,60,F,55,0,Mestrado,Solteiro,Gold,7469.0,3,16328,0
708974283,50,M,34,4,Mestrado,Casado,Blue,18142.0,1,15427,0
713293983,52,M,33,3,Pos-Graduacao,Divorciado,Blue,3388.0,3,15313,0
714785508,49,M,40,2,Ensino Medio,Solteiro,Silver,34516.0,3,15154,0
718496283,42,F,31,1,Faculdade,Solteiro,Silver,30770.0,2,15998,0
709608708,29,M,17,1,Mestrado,Casado,Blue,6500.0,1,9451,1
710939283,45,F,36,3,Ensino Fundamental,Divorciado,Blue,4209.0,2,16078,0
770824833,32,M,19,1,Mestrado,Divorciado,Blue,3657.0,3,16236,0
779082633,30,M,13,2,Ensino Fundamental,Solteiro,Blue,4107.0,2,14596,0
720515883,57,F,46,1,Mestrado,Casado,Blue,3638.0,3,16469,0
747885858,39,F,31,2,Mestrado,Solteiro,Blue,8325.0,3,14571,0
779140533,49,M,34,2,Doutorado,Casado,Blue,27124.0,6,15195,0
716619558,38,F,36,0,Ensino Medio,Solteiro,Silver,13747.0,3,16401,0
788633733,36,M,13,3,Mestrado,Casado,Silver,28174.0,3,16258,0
715291908,31,M,36,1,Faculdade,Solteiro,Blue,11109.0,1,13988,0
709977933,52,M,44,5,Ensino Fundamental,Casado,Blue,9959.0,3,8517,1
716454858,35,F,28,2,Mestrado,Casado,Blue,4014.0,1,14257,0
711289533,39,M,32,4,Pos-Graduacao,Solteiro,Blue,26710.0,3,14043,0
716464533,32,F,36,1,Mestrado,Casado,Blue,9550.0,3,13783,0
710081208,52,M,32,2,Faculdade,Solteiro,Blue,4935.0,3,7886,1
717482658,55,M,36,2,Ensino Medio,Solteiro,Blue,18022.0,2,14485,0
712246983,50,M,43,4,Ensino Medio,Casado,Blue,16748.0,2,15338,0
711460458,44,M,34,1,Ensino Fundamental,Casado,Blue,10973.0,2,10583,1
713159133,32,F,23,2,Ensino Medio,Solteiro,Silver,14143.0,2,13785,0
710047533,51,M,36,3,Mestrado,Solteiro,Gold,34516.0,3,8614,1
716708583,54,M,36,4,Mestrado,Casado,Blue,7684.0,3,7667,1
712766208,45,M,36,5,Ensino Fundamental,Solteiro,Silver,34516.0,2,8603,1
717991533,44,M,36,2,Ensino Fundamental,Casado,Blue,3843.0,3,16461,0
797641683,40,M,34,3,Ensino Fundamental,Casado,Blue,14840.0,3,16256,0
714879483,39,M,31,4,Mestrado,Casado,Blue,3929.0,3,7773,1
720105933,48,M,35,3,Ensino Fundamental,Divorciado,Blue,11427.0,5,15243,0
714919308,32,F,36,0,Mestrado,Solteiro,Blue,8135.0,3,8620,1
717928308,40,F,34,1,Ensino Fundamental,Solteiro,Silver,13669.0,2,15772,0
788890533,54,M,39,2,Faculdade,Casado,Silver,34516.0,1,13756,0
779692608,36,M,19,1,Ensino Fundamental,Casado,Blue,9764.0,3,15097,0
717774333,48,M,36,3,Ensino Medio,Casado,Blue,8431.0,2,5189,1
804431283,57,F,52,1,Mestrado,Casado,Blue,7882.0,1,14651,0
759584958,51,F,44,1,Mestrado,Casado,Silver,33004.0,2,10156,1
758802333,40,M,33,2,Mestrado,Solteiro,Blue,20891.0,1,14641,0
720237408,59,M,49,1,Doutorado,Solteiro,Blue,22715.0,2,15004,0
713787333,46,M,36,2,Ensino Medio,Solteiro,Blue,3818.0,1,14731,0
721005108,41,M,29,0,Faculdade,Casado,Blue,6991.0,2,14994,0
809589783,41,M,36,4,Pos-Graduacao,Casado,Silver,16268.0,3,13969,0
712627083,38,M,25,4,Ensino Fundamental,Casado,Blue,5768.0,2,9867,1
778444908,57,M,39,2,Mestrado,Casado,Silver,34516.0,2,16392,0
711433908,41,F,30,3,Ensino Fundamental,Casado,Blue,9491.0,2,9061,1
768728508,45,F,39,5,Doutorado,Casado,Gold,15987.0,3,14209,0
789937683,37,M,28,3,Pos-Graduacao,Casado,Blue,3645.0,1,15559,0
711788583,61,F,36,1,Mestrado,Solteiro,Blue,3466.0,2,15075,0
713994108,40,M,33,5,Ensino Medio,Casado,Blue,4155.0,1,15851,0
712509108,46,F,36,3,Doutorado,Solteiro,Gold,15164.0,3,8356,1
711745233,30,F,22,0,Ensino Medio,Solteiro,Blue,13894.0,2,9351,1
778745058,50,M,41,3,Ensino Medio,Solteiro,Silver,34516.0,2,15059,0
721455558,56,M,44,0,Mestrado,Solteiro,Blue,6828.0,3,14713,0
769587258,38,M,32,3,Faculdade,Solteiro,Silver,30082.0,2,15240,0
712080333,46,M,34,2,Ensino Medio,Divorciado,Blue,3659.0,2,16252,0
712457208,58,M,36,1,Mestrado,Solteiro,Blue,22718.0,3,8100,1
719934783,43,M,27,3,Doutorado,Casado,Blue,3676.0,2,14651,0
709589208,53,M,35,0,Mestrado,Solteiro,Blue,17721.0,1,14409,0
714860808,59,F,39,1,Mestrado,Solteiro,Blue,4404.0,3,15709,0
713934633,40,F,35,4,Ensino Fundamental,Divorciado,Blue,4423.0,3,8935,1
773185833,49,M,42,3,Ensino Medio,Casado,Gold,34516.0,1,15095,0
715923408,30,F,19,0,Faculdade,Casado,Blue,4184.0,2,14999,0
778956033,51,M,32,1,Mestrado,Casado,Blue,34516.0,2,15151,0
712260633,47,F,36,5,Doutorado,Solteiro,Blue,26923.0,1,13643,0
714945708,33,M,20,4,Faculdade,Solteiro,Silver,15977.0,1,7745,1
720971358,59,M,47,0,Ensino Medio,Solteiro,Blue,26812.0,3,14838,0
764316708,30,F,23,1,Ensino Medio,Solteiro,Blue,3955.0,2,16423,0
715545933,43,M,36,5,Mestrado,Casado,Blue,22355.0,2,14268,0
714524583,56,M,46,3,Ensino Fundamental,Casado,Blue,23240.0,3,9441,1
780079833,43,M,28,3,Mestrado,Divorciado,Blue,5479.0,3,14728,0
719941533,32,F,20,1,Mestrado,Casado,Blue,5497.0,1,16266,0
715544883,39,M,30,1,Mestrado,Casado,Silver,14135.0,3,13703,0
710122458,38,M,36,2,Ensino Medio,Solteiro,Silver,31546.0,3,15311,0
713833233,49,M,30,5,Ensino Fundamental,Casado,Silver,34516.0,3,15134,0
719326758,52,F,36,0,Doutorado,Casado,Blue,4353.0,3,9226,1
711686658,48,M,40,5,Ensino Medio,Casado,Silver,34516.0,2,16579,0
718840833,49,M,36,3,Ensino Medio,Solteiro,Blue,4601.0,3,9610,1
797228883,46,M,40,2,Ensino Medio,Casado,Blue,3981.0,3,14340,0
709566408,40,F,30,2,Mestrado,Solteiro,Blue,4458.0,3,9640,1
780097533,48,M,33,3,Doutorado,Divorciado,Blue,10292.0,1,15148,0
711149133,30,F,18,1,Mestrado,Casado,Blue,4377.0,1,8759,1
716832858,46,M,34,3,Mestrado,Casado,Blue,4930.0,2,7412,1
789497283,50,M,42,2,Ensino Medio,Solteiro,Blue,34162.0,3,7572,1
711834708,55,M,40,4,Faculdade,Casado,Blue,4047.0,2,16191,0
785038908,43,F,37,0,Mestrado,Casado,Blue,6380.0,1,17119,0
720001758,42,F,34,1,Mestrado,Solteiro,Blue,3534.0,1,13588,0
778428108,36,F,16,1,Mestrado,Solteiro,Blue,6091.0,5,17437,0
715268508,42,M,36,3,Mestrado,Casado,Gold,23981.0,2,14840,0
788741733,53,F,32,1,Mestrado,Casado,Blue,7832.0,2,14614,0
717355533,56,M,44,3,Mestrado,Solteiro,Blue,34516.0,1,13759,0
712128258,49,F,40,4,Ensino Medio,Solteiro,Silver,13704.0,3,15872,0
735825258,39,M,32,2,Ensino Medio,Solteiro,Blue,4423.0,1,15467,0
714544908,56,M,36,4,Mestrado,Divorciado,Blue,6224.0,3,8979,1
818712633,41,F,36,3,Mestrado,Solteiro,Blue,4133.0,6,16100,0
709831983,57,M,46,2,Ensino Fundamental,Solteiro,Blue,34516.0,2,15176,0
789398733,56,M,46,3,Mestrado,Casado,Blue,5270.0,3,16179,0
714677583,50,F,36,3,Doutorado,Solteiro,Blue,5173.0,3,8757,1
779900808,32,M,16,0,Faculdade,Solteiro,Blue,21551.0,3,14950,0
719900733,60,M,47,1,Ensino Medio,Casado,Blue,9805.0,1,14641,0
816517683,38,F,33,2,Doutorado,Casado,Blue,7530.0,3,14719,0
755305683,45,M,38,5,Mestrado,Casado,Blue,8983.0,1,15163,0
715493733,53,M,36,2,Mestrado,Casado,Blue,5735.0,3,9088,1
827440458,48,M,44,4,Faculdade,Casado,Blue,9524.0,3,7527,1
715713408,55,M,46,2,Mestrado,Casado,Gold,15987.0,5,15853,0
720128658,49,M,30,1,Ensino Fundamental,Solteiro,Blue,5181.0,3,8943,1
770038983,37,M,31,4,Ensino Medio,Solteiro,Silver,28831.0,3,8688,1
714684108,31,M,24,1,Pos-Graduacao,Solteiro,Blue,4169.0,2,8565,1
708942408,46,F,36,3,Ensino Fundamental,Solteiro,Blue,7020.0,2,16937,0
779134458,33,F,15,1,Doutorado,Solteiro,Blue,3709.0,1,8130,1
710066133,30,M,36,0,Mestrado,Solteiro,Silver,12833.0,3,9619,1
709578258,40,F,33,3,Ensino Fundamental,Solteiro,Blue,3804.0,3,14321,0
718043583,50,M,40,2,Ensino Fundamental,Solteiro,Blue,21794.0,3,15111,0
715186608,43,M,35,4,Mestrado,Casado,Blue,3304.0,2,14565,0
708447858,59,F,36,2,Ensino Fundamental,Casado,Blue,3850.0,3,15107,0
718071933,49,M,36,1,Mestrado,Casado,Blue,4158.0,2,15842,0
771217758,44,F,31,2,Ensino Medio,Solteiro,Blue,4182.0,2,16920,0
721210158,29,M,17,2,Faculdade,Casado,Blue,4626.0,1,14740,0
788779983,58,M,39,2,Pos-Graduacao,Casado,Blue,3742.0,2,16401,0
709865883,38,M,25,2,Ensino Medio,Divorciado,Silver,26794.0,2,8788,1
717390408,49,F,36,4,Ensino Fundamental,Casado,Blue,4167.0,2,7590,1
718655808,44,F,36,3,Ensino Fundamental,Casado,Silver,12944.0,3,16161,0
817035108,31,M,14,2,Mestrado,Solteiro,Blue,6933.0,3,15585,0
771982083,44,M,33,4,Doutorado,Casado,Blue,4552.0,1,14418,0
717642633,51,M,40,2,Mestrado,Casado,Blue,3750.0,3,17995,0
772721208,50,M,40,2,Ensino Medio,Solteiro,Blue,17655.0,3,16293,0
714385983,57,F,36,2,Ensino Fundamental,Solteiro,Blue,8224.0,3,16319,0
712516608,43,M,36,3,Mestrado,Casado,Blue,3946.0,2,14822,0
714725883,41,F,36,4,Mestrado,Divorciado,Blue,5654.0,1,15123,0
709398708,40,M,36,3,Ensino Medio,Divorciado,Blue,16268.0,1,15925,0
715090008,45,M,36,4,Mestrado,Solteiro,Silver,28564.0,3,14875,0
709159308,42,F,30,4,Ensino Medio,Solteiro,Blue,6172.0,1,16622,0
711348033,50,M,40,2,Mestrado,Casado,Blue,5435.0,3,16202,0
718170033,42,F,23,4,Ensino Fundamental,Casado,Blue,8348.0,1,15905,0
718161708,46,F,34,4,Mestrado,Casado,Blue,7562.0,1,14908,0
717714633,49,M,38,3,Ensino Fundamental,Casado,Gold,14938.0,3,15277,0
824150733,43,M,39,2,Ensino Medio,Casado,Silver,34516.0,1,16177,0
713768358,45,M,35,4,Mestrado,Solteiro,Blue,7935.0,2,15380,0
709188108,45,M,33,2,Mestrado,Solteiro,Silver,34516.0,2,13940,0
719106783,52,M,41,1,Ensino Medio,Solteiro,Blue,4103.0,1,16344,0
713437008,40,F,25,3,Mestrado,Casado,Blue,6888.0,2,9038,1
719574033,38,M,28,1,Ensino Medio,Solteiro,Blue,21906.0,2,15349,0
710005683,56,M,46,2,Faculdade,Solteiro,Blue,12540.0,3,16518,0
801036033,31,M,25,0,Ensino Medio,Solteiro,Blue,4493.0,2,17744,0
716644008,55,M,36,3,Mestrado,Solteiro,Silver,34516.0,3,9931,1
709094358,51,F,41,1,Mestrado,Solteiro,Blue,8900.0,2,16737,0
720608658,33,F,36,1,Ensino Fundamental,Solteiro,Blue,8398.0,3,16706,0
717185658,51,M,36,1,Ensino Medio,Casado,Blue,22754.0,3,8531,1
715474083,51,M,36,3,Mestrado,Solteiro,Silver,29663.0,2,14638,0
709646433,59,F,50,1,Ensino Medio,Casado,Blue,5043.0,4,10170,1
717494358,58,F,48,0,Mestrado,Solteiro,Blue,4299.0,2,15068,0
713924283,61,M,54,0,Mestrado,Solteiro,Blue,11859.0,1,8930,1
714471183,47,M,39,4,Mestrado,Divorciado,Blue,17504.0,3,10468,1
780613758,47,M,35,5,Ensino Medio,Solteiro,Blue,4165.0,3,17093,0
718225683,56,M,49,1,Mestrado,Solteiro,Silver,34516.0,2,15274,0
710734308,49,M,40,1,Mestrado,Solteiro,Blue,6481.0,3,15937,0
708564858,33,M,20,2,Faculdade,Casado,Gold,34516.0,1,9338,1
713733633,27,M,36,0,Ensino Medio,Divorciado,Blue,13303.0,3,10219,1
720841533,29,M,15,0,Mestrado,Casado,Blue,4700.0,1,14723,0
712210458,38,M,36,1,Ensino Fundamental,Solteiro,Blue,5639.0,3,16628,0
714109308,46,M,36,5,Faculdade,Solteiro,Blue,13187.0,2,15354,0
712503408,57,M,40,2,Mestrado,Casado,Blue,17925.0,3,17498,0
716893683,55,F,47,3,Ensino Fundamental,Solteiro,Blue,14657.0,3,6009,1
710841183,54,M,34,1,Ensino Medio,Solteiro,Blue,13940.0,2,15577,0
713899383,56,F,50,1,Mestrado,Solteiro,Blue,3688.0,1,14596,0
772366833,50,M,40,2,Mestrado,Solteiro,Blue,4003.0,2,15476,0
716506083,44,F,36,1,Ensino Medio,Casado,Blue,5409.0,3,10291,1
714337233,43,F,25,2,Mestrado,Casado,Silver,10388.0,2,10294,1
