,ID,Gender,Ever_Married,Age,Graduated,Profession,Work_Experience,Spending_Score,Family_Size,Var_1,Segmentation,renda,tempo_ultima_compra,automoveis_adquiridos,avalicao_cliente
0,462809,Masculino,Nao,22,Nao,Enfermeiro,1.0,Baixo,4.0,Cat_4,D,12746.39,12,2,9
2,461735,Masculino,Sim,67,Sim,Advogado,0.0,Alto,2.0,Cat_6,B,6593.19,30,4,6
3,461319,Masculino,Sim,56,Nao,Ator/Atriz,0.0,Medio,2.0,Cat_6,C,6763.57,8,1,10
4,460156,Masculino,Nao,32,Sim,Enfermeiro,1.0,Baixo,3.0,Cat_6,C,14007.8,20,2,4
5,464347,Feminino,Nao,33,Sim,Enfermeiro,1.0,Baixo,3.0,Cat_6,D,14201.91,12,2,9
7,465176,Feminino,Sim,55,Sim,Ator/Atriz,1.0,Medio,4.0,Cat_6,C,1987.94,22,1,10
9,464942,Masculino,Nao,19,Nao,Enfermeiro,4.0,Baixo,4.0,Cat_4,D,11932.2,1,2,10
10,460849,Feminino,Sim,58,Nao,Medico,0.0,Baixo,1.0,Cat_3,B,11245.51,12,1,10
11,460563,Feminino,Nao,41,Nao,Enfermeiro,1.0,Baixo,2.0,Cat_1,C,13162.92,22,1,9
12,466865,Feminino,Nao,32,Nao,Do Lar,9.0,Baixo,5.0,Cat_3,D,4484.27,16,1,10
13,461644,Masculino,Nao,31,Nao,Enfermeiro,1.0,Baixo,6.0,Cat_6,B,12552.35,3,2,10
14,466772,Masculino,Sim,58,Sim,Entretenimento,1.0,Medio,4.0,Cat_6,B,6792.58,4,2,10
15,464291,Feminino,Sim,79,Sim,Ator/Atriz,0.0,Alto,1.0,Cat_6,C,7088.39,20,2,4
16,466084,Masculino,Sim,49,Sim,Do Lar,12.0,Baixo,1.0,Cat_3,A,4468.82,27,1,9
17,459675,Feminino,Nao,18,Nao,Enfermeiro,3.0,Baixo,4.0,Cat_6,D,13492.35,7,2,8
18,465602,Masculino,Sim,33,Sim,Ator/Atriz,13.0,Baixo,2.0,Cat_3,A,6945.36,17,1,10
19,459168,Feminino,Nao,36,Sim,Ator/Atriz,5.0,Baixo,2.0,Cat_6,B,7182.73,31,1,5
20,465083,Masculino,Sim,56,Nao,Ator/Atriz,1.0,Medio,3.0,Cat_6,C,4184.75,37,1,10
21,467604,Masculino,Nao,31,Nao,Enfermeiro,9.0,Baixo,8.0,Cat_4,A,11842.99,37,1,2
22,459717,Masculino,Sim,49,Sim,Ator/Atriz,1.0,Medio,3.0,Cat_6,C,10448.03,16,3,6
23,465882,Masculino,Nao,35,Sim,Ator/Atriz,0.0,Baixo,1.0,Cat_6,B,6181.11,2,1,8
24,461996,Feminino,Nao,35,Nao,Ator/Atriz,5.0,Baixo,4.0,Cat_6,C,2599.25,16,1,7
25,463331,Feminino,Sim,45,Sim,Ator/Atriz,0.0,Baixo,3.0,Cat_6,C,2993.52,3,1,2
26,462216,Feminino,Sim,42,Nao,Medico,1.0,Baixo,2.0,Cat_4,A,7586.51,11,1,8
27,462454,Masculino,Nao,19,Nao,Enfermeiro,1.0,Baixo,3.0,Cat_2,D,14509.18,2,1,7
28,459861,Feminino,Sim,83,Nao,Advogado,1.0,Alto,2.0,Cat_6,D,2959.61,29,1,9
29,467917,Feminino,Nao,27,Sim,Enfermeiro,3.0,Baixo,4.0,Cat_1,D,11869.17,31,2,8
30,465572,Masculino,Nao,32,Nao,Medico,5.0,Baixo,1.0,Cat_4,D,9515.32,20,2,2
31,460593,Feminino,Sim,28,Nao,Enfermeiro,1.0,Medio,5.0,Cat_3,D,12570.83,8,1,3
32,465891,Feminino,Sim,28,Sim,Ator/Atriz,8.0,Baixo,2.0,Cat_6,A,9170.63,17,2,10
33,462044,Feminino,Nao,47,Sim,Ator/Atriz,4.0,Baixo,1.0,Cat_6,B,2367.44,0,1,1
34,465686,Feminino,Nao,22,Nao,Enfermeiro,0.0,Baixo,2.0,Cat_6,D,11388.94,29,4,6
35,464590,Feminino,Nao,27,Sim,Ator/Atriz,14.0,Baixo,3.0,Cat_6,A,9679.38,4,1,8
37,465729,Masculino,Sim,41,Sim,Ator/Atriz,0.0,Medio,4.0,Cat_4,B,3340.51,20,1,10
38,462442,Masculino,Nao,19,Nao,Enfermeiro,0.0,Baixo,4.0,Cat_6,D,14193.48,10,3,8
40,462078,Feminino,Sim,61,Nao,Ator/Atriz,1.0,Medio,2.0,Cat_2,B,9666.8,36,1,10
41,467873,Feminino,Sim,36,Sim,Ator/Atriz,1.0,Medio,2.0,Cat_6,C,6256.25,15,1,10
42,461270,Masculino,Sim,40,Sim,Ator/Atriz,1.0,Baixo,1.0,Cat_3,A,8889.06,9,1,9
43,462960,Feminino,Sim,57,Sim,Entretenimento,0.0,Medio,2.0,Cat_6,C,6658.78,12,2,9
45,462110,Masculino,Sim,32,Sim,Ator/Atriz,14.0,Medio,2.0,Cat_6,B,7291.8,10,1,7
46,465769,Masculino,Nao,25,Sim,Enfermeiro,9.0,Baixo,4.0,Cat_6,D,13885.01,10,1,6
47,465269,Feminino,Sim,45,Sim,Ator/Atriz,1.0,Medio,3.0,Cat_3,C,8794.73,35,1,4
48,461891,Masculino,Sim,48,Sim,Ator/Atriz,0.0,Medio,2.0,Cat_6,C,5348.11,27,1,5
49,466935,Masculino,Sim,55,Sim,Ator/Atriz,9.0,Medio,2.0,Cat_1,C,6574.59,29,2,5
50,464091,Masculino,Sim,74,Sim,Advogado,0.0,Alto,3.0,Cat_6,D,8839.01,4,1,7
51,464535,Masculino,Sim,56,Sim,Advogado,1.0,Alto,2.0,Cat_6,A,1452.15,3,1,10
52,463108,Masculino,Sim,59,Sim,Advogado,7.0,Alto,2.0,Cat_6,A,7746.78,36,2,7
53,461356,Masculino,Nao,25,Sim,Entretenimento,0.0,Baixo,2.0,Cat_6,A,5014.92,5,2,9
54,464570,Masculino,Sim,31,Sim,Medico,0.0,Medio,2.0,Cat_6,A,7657.9,34,1,7
55,464580,Masculino,Nao,27,Nao,Ator/Atriz,8.0,Baixo,4.0,Cat_6,A,12619.56,11,2,10
56,465233,Masculino,Sim,57,Sim,Ator/Atriz,0.0,Medio,4.0,Cat_6,B,8678.48,19,1,10
57,459954,Masculino,Sim,27,Sim,Enfermeiro,8.0,Baixo,2.0,Cat_6,D,15268.72,18,1,3
58,460219,Feminino,Sim,51,Sim,Entretenimento,8.0,Medio,2.0,Cat_6,A,5619.4,29,1,7
59,460877,Feminino,Sim,47,Nao,Ator/Atriz,0.0,Medio,5.0,Cat_6,B,8872.75,30,2,10
60,460191,Feminino,Nao,33,Nao,Enfermeiro,8.0,Baixo,4.0,Cat_6,D,13647.01,15,2,10
61,463742,Masculino,Sim,56,Sim,Ator/Atriz,0.0,Medio,4.0,Cat_6,C,9247.39,15,1,5
62,463691,Feminino,Nao,33,Nao,Do Lar,0.0,Baixo,3.0,Cat_6,B,4617.69,26,1,10
63,463250,Feminino,Nao,36,Sim,Medico,0.0,Baixo,2.0,Cat_6,D,6175.06,26,1,4
64,463952,Masculino,Sim,51,Nao,Ator/Atriz,4.0,Baixo,3.0,Cat_4,A,7816.61,18,1,9
66,465379,Masculino,Nao,30,Nao,Enfermeiro,0.0,Baixo,4.0,Cat_6,C,12045.94,8,2,6
67,463814,Feminino,Nao,26,Nao,Enfermeiro,6.0,Baixo,3.0,Cat_5,D,13751.75,10,2,7
68,466938,Masculino,Sim,63,Sim,Ator/Atriz,8.0,Baixo,1.0,Cat_6,A,7947.02,5,1,9
69,460671,Masculino,Sim,35,Nao,Entretenimento,8.0,Medio,4.0,Cat_3,B,4946.16,34,1,8
71,461671,Masculino,Nao,32,Nao,Enfermeiro,7.0,Baixo,5.0,Cat_6,D,14005.69,4,1,8
72,459384,Masculino,Sim,52,Sim,Ator/Atriz,0.0,Medio,3.0,Cat_6,C,6524.05,18,2,3
73,459905,Feminino,Sim,36,Sim,Ator/Atriz,5.0,Baixo,2.0,Cat_6,C,8456.66,12,2,9
74,464734,Feminino,Nao,42,Nao,Entretenimento,7.0,Baixo,3.0,Cat_4,D,6855.7,17,2,7
75,464125,Masculino,Sim,40,Nao,Medico,0.0,Medio,2.0,Cat_3,D,6280.07,1,1,9
76,467434,Masculino,Nao,39,Sim,Entretenimento,0.0,Baixo,3.0,Cat_1,B,5098.89,7,1,8
77,460956,Feminino,Sim,47,Sim,Ator/Atriz,1.0,Medio,4.0,Cat_3,C,4894.93,9,1,4
78,465179,Feminino,Sim,61,Sim,Ator/Atriz,1.0,Alto,2.0,Cat_6,C,10043.16,11,1,10
79,463338,Masculino,Sim,32,Nao,Entretenimento,1.0,Baixo,2.0,Cat_3,D,6879.96,10,2,8
80,467066,Masculino,Sim,55,Nao,Ator/Atriz,0.0,Baixo,1.0,Cat_6,B,6636.68,33,1,10
81,459976,Feminino,Nao,38,Sim,Ator/Atriz,0.0,Baixo,1.0,Cat_6,D,5989.87,15,2,10
82,461334,Masculino,Sim,63,Sim,Ator/Atriz,0.0,Alto,2.0,Cat_6,C,11817.29,33,4,8
83,465108,Masculino,Sim,58,Sim,Medico,1.0,Medio,2.0,Cat_6,C,4789.82,9,1,9
85,464144,Masculino,Sim,60,Sim,Ator/Atriz,0.0,Medio,4.0,Cat_6,C,10161.15,14,4,5
86,466911,Masculino,Sim,68,Nao,Executivo,1.0,Alto,7.0,Cat_6,B,9498.14,36,1,5
87,462806,Masculino,Sim,52,Nao,Ator/Atriz,0.0,Baixo,3.0,Cat_4,A,7743.06,5,1,8
88,463426,Masculino,Sim,38,Nao,Executivo,0.0,Alto,5.0,Cat_6,A,14434.92,28,1,4
89,464065,Feminino,Sim,35,Sim,Enfermeiro,10.0,Baixo,2.0,Cat_6,B,12089.31,1,1,8
90,462979,Masculino,Nao,18,Nao,Medico,1.0,Baixo,2.0,Cat_6,D,8202.14,14,1,10
91,462834,Masculino,Sim,30,Sim,Do Lar,3.0,Baixo,2.0,Cat_1,D,4414.85,21,1,4
92,460764,Masculino,Nao,86,Nao,Advogado,1.0,Baixo,1.0,Cat_6,D,7355.32,1,1,9
93,460185,Masculino,Nao,25,Nao,Enfermeiro,9.0,Baixo,3.0,Cat_6,D,11327.27,12,4,10
94,464406,Feminino,Nao,39,Sim,Ator/Atriz,0.0,Baixo,1.0,Cat_6,A,9814.75,22,1,5
95,462059,Masculino,Nao,47,Sim,Ator/Atriz,1.0,Baixo,1.0,Cat_6,C,12926.11,20,2,9
96,467905,Masculino,Sim,43,Sim,Executivo,0.0,Alto,3.0,Cat_6,D,10817.49,25,1,8
97,461177,Masculino,Sim,36,Nao,Executivo,8.0,Medio,4.0,Cat_1,B,13862.91,12,2,8
98,460765,Masculino,Sim,80,Nao,Advogado,1.0,Baixo,1.0,Cat_6,D,3637.71,5,1,10
99,465386,Masculino,Nao,36,Sim,Ator/Atriz,0.0,Baixo,2.0,Cat_2,C,8535.49,12,1,10
100,462332,Feminino,Sim,37,Sim,Ator/Atriz,1.0,Alto,2.0,Cat_7,A,7636.13,23,1,10
101,464481,Masculino,Sim,46,Sim,Executivo,0.0,Alto,3.0,Cat_6,C,17483.46,11,1,4
102,461011,Masculino,Sim,55,Nao,Executivo,1.0,Alto,4.0,Cat_3,B,18053.51,34,1,10
104,461094,Feminino,Nao,28,Sim,Enfermeiro,1.0,Baixo,3.0,Cat_3,D,14949.83,1,1,10
105,462104,Masculino,Sim,39,Nao,Entretenimento,9.0,Baixo,2.0,Cat_3,D,6540.05,11,1,10
107,461787,Masculino,Sim,72,Sim,Ator/Atriz,0.0,Medio,2.0,Cat_6,C,9293.02,5,1,9
109,460153,Masculino,Nao,35,Sim,Entretenimento,8.0,Baixo,5.0,Cat_6,C,5223.27,37,1,10
110,465215,Masculino,Sim,39,Sim,Executivo,9.0,Alto,5.0,Cat_2,A,13869.84,3,1,6
111,466746,Feminino,Sim,69,Sim,Advogado,0.0,Alto,2.0,Cat_6,C,4634.18,37,1,5
112,464857,Masculino,Nao,18,Nao,Enfermeiro,6.0,Baixo,4.0,Cat_4,D,15390.97,12,1,7
114,459853,Masculino,Nao,30,Nao,Executivo,5.0,Baixo,5.0,Cat_6,A,15513.12,6,2,9
115,460410,Feminino,Nao,39,Sim,Ator/Atriz,3.0,Baixo,4.0,Cat_6,D,9701.35,16,1,6
117,462008,Feminino,Sim,37,Sim,Ator/Atriz,4.0,Baixo,4.0,Cat_5,B,9090.06,16,1,10
119,459880,Feminino,Sim,48,Sim,Ator/Atriz,0.0,Medio,5.0,Cat_7,C,8147.71,7,2,9
120,459261,Feminino,Nao,32,Sim,Medico,0.0,Baixo,3.0,Cat_6,C,7568.79,8,2,10
124,461740,Masculino,Sim,80,Sim,Advogado,1.0,Baixo,1.0,Cat_6,B,5621.7,4,1,3
125,467092,Feminino,Nao,28,Sim,Enfermeiro,7.0,Baixo,4.0,Cat_6,D,14669.92,23,1,10
126,464173,Masculino,Sim,71,Sim,Ator/Atriz,6.0,Medio,3.0,Cat_6,C,5998.59,3,1,10
127,464972,Masculino,Sim,67,Nao,Advogado,0.0,Alto,9.0,Cat_4,A,3486.93,2,1,10
130,460043,Feminino,Sim,43,Sim,Ator/Atriz,2.0,Medio,2.0,Cat_6,B,5618.75,19,2,9
131,466590,Feminino,Nao,27,Sim,Enfermeiro,0.0,Baixo,4.0,Cat_6,C,16200.99,27,2,1
133,465662,Masculino,Sim,76,Nao,Executivo,1.0,Baixo,1.0,Cat_6,C,7522.85,3,1,10
134,459231,Feminino,Sim,43,Sim,Ator/Atriz,3.0,Medio,4.0,Cat_6,C,9668.4,1,2,5
135,466495,Feminino,Sim,78,Sim,Advogado,1.0,Alto,2.0,Cat_6,B,4914.23,8,1,9
136,459192,Masculino,Sim,35,Sim,Ator/Atriz,3.0,Medio,3.0,Cat_6,C,7843.02,23,2,4
137,465710,Feminino,Nao,49,Sim,Ator/Atriz,1.0,Baixo,1.0,Cat_6,C,7859.92,37,2,10
138,460258,Feminino,Nao,25,Sim,Enfermeiro,1.0,Baixo,5.0,Cat_6,D,12354.81,16,4,10
139,462813,Masculino,Sim,37,Nao,Executivo,0.0,Medio,5.0,Cat_6,A,13801.11,13,1,4
140,467768,Masculino,Sim,60,Sim,Medico,0.0,Medio,2.0,Cat_6,C,1332.1,10,1,5
141,465291,Feminino,Sim,45,Sim,Ator/Atriz,5.0,Medio,3.0,Cat_6,C,6245.83,34,1,7
142,462996,Feminino,Sim,49,Sim,Do Lar,9.0,Medio,3.0,Cat_6,C,4394.42,24,1,10
143,463497,Masculino,Nao,32,Sim,Ator/Atriz,0.0,Baixo,5.0,Cat_6,D,9895.79,3,1,8
144,465301,Feminino,Sim,40,Sim,Ator/Atriz,0.0,Baixo,3.0,Cat_3,B,7802.47,17,1,4
145,464702,Masculino,Sim,59,Nao,Ator/Atriz,2.0,Medio,2.0,Cat_4,C,4437.28,26,1,7
146,459012,Masculino,Sim,48,Sim,Ator/Atriz,3.0,Baixo,5.0,Cat_6,B,10943.64,27,2,4
147,465053,Masculino,Sim,82,Sim,Executivo,0.0,Alto,2.0,Cat_6,C,9771.36,31,1,5
148,459420,Feminino,Sim,70,Sim,Advogado,0.0,Baixo,2.0,Cat_6,B,5196.7,25,1,9
149,464166,Masculino,Nao,31,Sim,Ator/Atriz,5.0,Baixo,2.0,Cat_6,B,3044.93,32,1,4
150,458987,Feminino,Sim,72,Sim,Advogado,0.0,Alto,2.0,Cat_6,C,4309.79,28,1,10
151,467745,Masculino,Sim,50,Sim,Ator/Atriz,3.0,Medio,4.0,Cat_6,C,6301.96,37,1,6
153,461081,Feminino,Nao,20,Nao,Enfermeiro,2.0,Baixo,6.0,Cat_6,D,11453.11,20,4,9
154,467896,Feminino,Nao,22,Nao,Enfermeiro,4.0,Baixo,3.0,Cat_6,D,14436.03,9,4,9
156,466620,Feminino,Sim,36,Sim,Ator/Atriz,7.0,Medio,2.0,Cat_6,C,4789.73,36,1,4
157,460697,Masculino,Sim,40,Sim,Ator/Atriz,4.0,Medio,4.0,Cat_6,C,6305.69,9,1,9
158,467934,Feminino,Nao,40,Sim,Ator/Atriz,1.0,Baixo,1.0,Cat_6,A,6967.18,30,2,5
159,467910,Feminino,Nao,21,Nao,Medico,1.0,Baixo,3.0,Cat_7,A,6395.12,14,1,7
161,460263,Masculino,Sim,40,Sim,Ator/Atriz,0.0,Baixo,2.0,Cat_6,B,5689.74,21,2,10
162,459340,Masculino,Sim,53,Sim,Ator/Atriz,1.0,Medio,3.0,Cat_6,B,6317.79,22,1,10
163,465622,Feminino,Sim,42,Sim,Ator/Atriz,5.0,Baixo,2.0,Cat_6,C,5388.73,22,1,7
164,459395,Masculino,Sim,42,Nao,Executivo,8.0,Baixo,2.0,Cat_6,D,13924.04,17,1,6
165,466574,Masculino,Sim,59,Sim,Ator/Atriz,7.0,Baixo,2.0,Cat_6,C,2804.4,23,1,8
166,466544,Masculino,Sim,41,Sim,Executivo,1.0,Medio,3.0,Cat_6,A,1773.28,33,1,10
167,463610,Feminino,Sim,31,Sim,Ator/Atriz,0.0,Medio,2.0,Cat_6,A,11159.87,9,1,9
168,465539,Feminino,Sim,49,Sim,Ator/Atriz,1.0,Alto,5.0,Cat_6,B,6079.93,7,2,10
169,459823,Masculino,Sim,67,Sim,Executivo,1.0,Baixo,2.0,Cat_6,A,5300.81,8,1,6
170,467614,Masculino,Sim,35,Nao,Ator/Atriz,4.0,Medio,2.0,Cat_6,B,7531.89,26,1,10
171,459073,Feminino,Nao,26,Sim,Enfermeiro,0.0,Baixo,3.0,Cat_6,C,13827.76,35,2,8
173,460022,Feminino,Sim,39,Sim,Enfermeiro,4.0,Baixo,2.0,Cat_6,A,13428.68,35,1,8
174,459929,Masculino,Sim,63,Sim,Entretenimento,0.0,Baixo,2.0,Cat_6,A,6066.28,28,2,9
175,466613,Masculino,Nao,23,Nao,Enfermeiro,8.0,Baixo,3.0,Cat_6,D,14062.4,3,1,8
176,461149,Feminino,Nao,23,Nao,Enfermeiro,0.0,Baixo,3.0,Cat_3,D,14056.18,25,2,4
177,466068,Feminino,Sim,53,Sim,Ator/Atriz,2.0,Baixo,1.0,Cat_6,C,8061.15,33,2,9
178,461513,Masculino,Nao,33,Sim,Medico,0.0,Baixo,2.0,Cat_6,B,1724.7,20,1,9
180,459664,Masculino,Nao,37,Sim,Ator/Atriz,2.0,Baixo,1.0,Cat_6,B,9424.08,32,2,4
182,461710,Feminino,Sim,49,Sim,Medico,1.0,Medio,4.0,Cat_6,C,6450.59,11,1,10
183,462742,Masculino,Nao,18,Nao,Enfermeiro,0.0,Baixo,3.0,Cat_3,D,13647.26,27,2,10
184,459528,Feminino,Sim,52,Sim,Medico,0.0,Medio,2.0,Cat_6,C,5617.16,4,1,8
186,463429,Feminino,Nao,28,Sim,Ator/Atriz,7.0,Baixo,3.0,Cat_6,A,5242.01,7,2,5
187,464024,Masculino,Nao,20,Nao,Enfermeiro,0.0,Baixo,5.0,Cat_7,D,13027.67,29,3,10
188,460691,Feminino,Nao,27,Nao,Do Lar,8.0,Baixo,1.0,Cat_3,D,4543.95,26,1,8
189,467271,Masculino,Sim,45,Sim,Ator/Atriz,4.0,Medio,4.0,Cat_6,B,8077.08,7,1,10
190,465634,Masculino,Nao,25,Sim,Enfermeiro,1.0,Baixo,4.0,Cat_4,B,14313.11,11,1,6
192,462036,Feminino,Sim,67,Sim,Advogado,0.0,Alto,2.0,Cat_6,B,1808.71,29,1,8
193,460448,Feminino,Nao,38,Sim,Ator/Atriz,9.0,Baixo,1.0,Cat_3,A,7209.51,10,2,10
194,464464,Masculino,Nao,28,Nao,Enfermeiro,0.0,Baixo,4.0,Cat_2,C,12276.82,33,1,9
195,462410,Feminino,Nao,32,Nao,Enfermeiro,1.0,Baixo,5.0,Cat_7,B,13889.09,20,3,10
196,459756,Feminino,Sim,56,Nao,Advogado,1.0,Alto,4.0,Cat_4,B,6056.61,24,1,4
197,463789,Feminino,Sim,53,Sim,Ator/Atriz,1.0,Baixo,2.0,Cat_6,C,9750.62,35,1,10
198,466947,Masculino,Sim,57,Nao,Executivo,1.0,Alto,5.0,Cat_6,C,8778.08,6,1,10
199,464150,Feminino,Sim,59,Sim,Ator/Atriz,0.0,Medio,3.0,Cat_6,C,8193.4,10,1,10
200,465693,Feminino,Sim,25,Sim,Enfermeiro,1.0,Alto,4.0,Cat_4,A,12583.09,17,1,10
201,461670,Masculino,Sim,59,Sim,Ator/Atriz,0.0,Medio,6.0,Cat_6,C,6613.22,7,1,10
202,466768,Feminino,Sim,36,Sim,Ator/Atriz,0.0,Baixo,4.0,Cat_6,C,3897.38,34,1,8
203,461550,Masculino,Sim,37,Sim,Entretenimento,7.0,Baixo,2.0,Cat_6,A,6925.04,1,1,10
204,462438,Masculino,Nao,22,Nao,Medico,1.0,Baixo,3.0,Cat_2,D,7602.12,10,1,6
205,460704,Masculino,Sim,43,Sim,Ator/Atriz,1.0,Baixo,2.0,Cat_6,B,7583.35,12,1,4
206,464884,Masculino,Sim,41,Sim,Ator/Atriz,1.0,Baixo,2.0,Cat_4,A,8749.35,36,2,10
208,466176,Masculino,Nao,38,Sim,Medico,8.0,Baixo,1.0,Cat_2,B,8134.24,29,1,10
209,467773,Masculino,Sim,70,Sim,Advogado,1.0,Alto,3.0,Cat_6,C,5788.26,36,1,6
211,462318,Feminino,Sim,82,Nao,Advogado,0.0,Medio,2.0,Cat_6,A,4164.93,19,1,9
212,460197,Masculino,Nao,38,Sim,Ator/Atriz,8.0,Baixo,3.0,Cat_2,A,7512.95,2,1,6
213,459375,Masculino,Sim,18,Nao,Executivo,0.0,Alto,4.0,Cat_6,A,14189.63,28,2,4
214,463862,Masculino,Sim,50,Sim,Ator/Atriz,6.0,Medio,3.0,Cat_6,C,7569.29,8,1,10
215,462721,Feminino,Sim,72,Nao,Advogado,1.0,Alto,3.0,Cat_6,D,4793.92,35,1,8
216,465809,Feminino,Nao,25,Nao,Do Lar,1.0,Baixo,7.0,Cat_4,B,4355.95,24,1,8
217,466915,Feminino,Sim,75,Nao,Entretenimento,2.0,Alto,2.0,Cat_2,D,5321.59,22,2,10
218,467343,Masculino,Nao,72,Sim,Ator/Atriz,1.0,Baixo,1.0,Cat_6,B,12310.9,6,1,9
219,466268,Feminino,Sim,72,Sim,Ator/Atriz,0.0,Medio,3.0,Cat_4,C,9868.02,22,1,10
220,464868,Masculino,Sim,36,Sim,Entretenimento,6.0,Baixo,6.0,Cat_4,A,6952.51,34,1,9
221,464038,Masculino,Sim,40,Sim,Ator/Atriz,1.0,Baixo,2.0,Cat_6,A,5664.99,12,1,6
222,460176,Feminino,Nao,28,Sim,Entretenimento,0.0,Baixo,4.0,Cat_6,C,5719.59,21,1,10
223,462161,Feminino,Nao,28,Sim,Medico,0.0,Baixo,3.0,Cat_6,D,5354.91,36,1,10
224,464893,Masculino,Sim,43,Sim,Ator/Atriz,0.0,Baixo,2.0,Cat_4,B,3575.3,22,1,8
225,464443,Feminino,Sim,35,Sim,Ator/Atriz,1.0,Medio,2.0,Cat_6,B,6354.6,15,1,8
226,467619,Masculino,Sim,65,Sim,Advogado,1.0,Alto,2.0,Cat_6,B,1340.92,9,1,8
227,465974,Masculino,Sim,52,Sim,Executivo,7.0,Alto,4.0,Cat_4,C,13054.65,7,1,8
228,462075,Feminino,Nao,40,Sim,Ator/Atriz,1.0,Baixo,1.0,Cat_6,B,11142.7,30,1,10
230,466921,Feminino,Nao,22,Nao,Enfermeiro,3.0,Baixo,3.0,Cat_6,D,14181.5,16,2,6
231,463544,Masculino,Sim,47,Sim,Executivo,1.0,Medio,4.0,Cat_6,C,9995.48,10,1,6
233,467364,Masculino,Sim,46,Sim,Ator/Atriz,1.0,Medio,3.0,Cat_3,C,13653.32,9,2,10
234,462408,Masculino,Nao,32,Sim,Ator/Atriz,1.0,Baixo,2.0,Cat_6,A,4651.64,25,1,2
235,466224,Feminino,Nao,38,Sim,Enfermeiro,0.0,Baixo,1.0,Cat_2,C,13765.85,6,1,10
236,465151,Masculino,Sim,59,Sim,Ator/Atriz,0.0,Baixo,1.0,Cat_6,B,4863.42,5,1,9
237,467216,Feminino,Nao,26,Sim,Entretenimento,1.0,Baixo,1.0,Cat_6,D,4545.52,14,1,9
238,460586,Masculino,Nao,26,Sim,Enfermeiro,1.0,Baixo,2.0,Cat_3,A,15151.09,25,2,8
241,464088,Masculino,Nao,27,Nao,Medico,1.0,Baixo,3.0,Cat_6,D,9275.17,25,1,10
243,462331,Feminino,Nao,31,Nao,Entretenimento,0.0,Baixo,2.0,Cat_6,D,7990.61,29,1,5
244,466523,Masculino,Sim,39,Sim,Executivo,1.0,Alto,3.0,Cat_3,B,17935.33,16,1,10
246,460834,Masculino,Sim,25,Nao,Medico,1.0,Baixo,2.0,Cat_1,A,6669.4,2,1,9
247,466824,Masculino,Sim,40,Sim,Ator/Atriz,3.0,Alto,3.0,Cat_6,A,10171.93,3,2,10
248,461607,Feminino,Sim,40,Sim,Entretenimento,7.0,Medio,2.0,Cat_3,B,5390.23,3,1,10
249,466999,Masculino,Nao,27,Sim,Enfermeiro,1.0,Baixo,3.0,Cat_6,D,13223.69,6,1,1
250,466597,Feminino,Nao,19,Nao,Enfermeiro,1.0,Baixo,2.0,Cat_6,D,10792.45,36,3,9
251,464075,Feminino,Sim,86,Sim,Advogado,0.0,Alto,2.0,Cat_6,B,4007.02,3,1,3
252,462163,Feminino,Sim,27,Sim,Ator/Atriz,4.0,Medio,2.0,Cat_3,C,7022.14,2,2,6
253,463895,Feminino,Sim,70,Nao,Medico,0.0,Medio,2.0,Cat_6,B,4399.67,18,1,9
255,463738,Masculino,Sim,43,Nao,Executivo,0.0,Alto,4.0,Cat_6,A,9644.12,34,2,7
256,465967,Masculino,Sim,36,Nao,Medico,6.0,Baixo,3.0,Cat_6,A,2080.14,27,1,10
257,462260,Masculino,Sim,74,Sim,Advogado,0.0,Baixo,2.0,Cat_6,C,6246.6,34,2,6
258,467234,Feminino,Nao,30,Nao,Do Lar,0.0,Baixo,4.0,Cat_6,D,4472.72,2,1,10
259,466573,Feminino,Nao,37,Sim,Ator/Atriz,5.0,Baixo,2.0,Cat_6,B,8835.06,3,2,9
261,459768,Masculino,Nao,19,Nao,Enfermeiro,0.0,Baixo,4.0,Cat_6,D,14046.41,12,2,10
263,467714,Masculino,Sim,89,Sim,Advogado,13.0,Baixo,1.0,Cat_6,A,3951.04,15,1,10
264,459474,Masculino,Nao,25,Sim,Medico,6.0,Baixo,1.0,Cat_2,D,11888.37,33,3,7
265,460093,Feminino,Nao,45,Sim,Ator/Atriz,4.0,Baixo,1.0,Cat_3,A,7670.41,12,1,8
266,467865,Feminino,Nao,35,Sim,Ator/Atriz,3.0,Baixo,1.0,Cat_4,A,6174.88,36,1,9
269,462618,Feminino,Nao,32,Sim,Enfermeiro,1.0,Baixo,5.0,Cat_4,D,12676.98,37,1,10
270,464226,Feminino,Sim,62,Sim,Ator/Atriz,2.0,Medio,3.0,Cat_6,C,4104.73,26,1,6
272,466627,Masculino,Nao,25,Nao,Enfermeiro,0.0,Baixo,5.0,Cat_6,C,13524.62,19,1,9
273,467380,Feminino,Sim,56,Sim,Ator/Atriz,0.0,Medio,4.0,Cat_6,C,6086.68,7,2,9
274,465842,Feminino,Nao,36,Sim,Entretenimento,10.0,Baixo,2.0,Cat_6,A,8699.58,23,4,9
275,464622,Feminino,Nao,30,Nao,Enfermeiro,8.0,Baixo,3.0,Cat_6,A,10800.16,21,1,6
276,462083,Masculino,Nao,19,Nao,Enfermeiro,1.0,Baixo,5.0,Cat_6,D,15364.44,4,2,10
277,460910,Masculino,Nao,27,Sim,Enfermeiro,0.0,Baixo,2.0,Cat_6,A,9784.47,17,1,8
278,460255,Feminino,Nao,38,Sim,Medico,14.0,Baixo,1.0,Cat_6,A,4764.08,35,1,9
279,460109,Masculino,Sim,46,Sim,Ator/Atriz,8.0,Medio,2.0,Cat_6,C,9625.34,37,2,9
280,464306,Masculino,Nao,29,Sim,Ator/Atriz,3.0,Baixo,1.0,Cat_6,B,8868.57,19,2,9
281,466835,Masculino,Sim,51,Nao,Entretenimento,1.0,Medio,4.0,Cat_7,B,9018.04,1,1,7
282,465192,Masculino,Sim,55,Nao,Ator/Atriz,0.0,Baixo,1.0,Cat_6,A,9279.38,24,1,10
284,462391,Feminino,Nao,26,Nao,Enfermeiro,1.0,Baixo,8.0,Cat_7,C,16114.24,18,2,7
285,467086,Feminino,Sim,83,Sim,Advogado,0.0,Baixo,3.0,Cat_6,A,7026.62,26,2,8
286,460306,Feminino,Nao,39,Sim,Enfermeiro,9.0,Baixo,1.0,Cat_6,D,11325.99,23,1,8
287,460752,Masculino,Sim,35,Sim,Ator/Atriz,9.0,Baixo,1.0,Cat_6,A,10442.78,18,3,8
289,466258,Feminino,Nao,29,Nao,Enfermeiro,1.0,Baixo,3.0,Cat_6,B,12118.15,24,2,10
290,463719,Feminino,Nao,26,Nao,Medico,0.0,Baixo,1.0,Cat_6,D,6811.51,1,4,7
292,465175,Feminino,Nao,22,Nao,Do Lar,0.0,Baixo,4.0,Cat_6,D,4400.47,15,1,9
294,459036,Feminino,Sim,20,Sim,Advogado,1.0,Medio,3.0,Cat_3,A,2426.27,28,1,9
295,464047,Masculino,Nao,43,Sim,Enfermeiro,3.0,Baixo,3.0,Cat_6,D,11869.58,13,2,8
296,459997,Masculino,Nao,43,Sim,Entretenimento,1.0,Baixo,2.0,Cat_4,A,7220.54,14,1,9
298,460967,Masculino,Nao,25,Sim,Entretenimento,1.0,Baixo,2.0,Cat_6,A,6676.63,8,1,10
299,465094,Masculino,Sim,61,Nao,Ator/Atriz,1.0,Alto,2.0,Cat_6,B,5661.82,16,1,10
300,461229,Feminino,Sim,28,Sim,Enfermeiro,0.0,Medio,2.0,Cat_6,A,11089.11,29,2,10
301,466442,Masculino,Nao,38,Sim,Ator/Atriz,1.0,Baixo,1.0,Cat_6,D,3597.17,5,1,10
302,464527,Masculino,Nao,25,Nao,Executivo,12.0,Baixo,3.0,Cat_6,A,7118.63,10,1,10
303,463560,Feminino,Nao,18,Nao,Enfermeiro,9.0,Baixo,5.0,Cat_4,D,15251.78,10,1,6
304,460011,Masculino,Sim,43,Sim,Entretenimento,1.0,Medio,5.0,Cat_5,C,8564.03,18,1,9
305,467207,Feminino,Nao,27,Sim,Ator/Atriz,8.0,Baixo,1.0,Cat_6,B,5946.83,21,2,10
306,465177,Feminino,Nao,60,Sim,Entretenimento,1.0,Baixo,2.0,Cat_6,D,6257.82,20,1,10
307,467531,Masculino,Sim,75,Sim,Advogado,2.0,Baixo,1.0,Cat_6,D,2209.67,13,1,6
308,462842,Masculino,Nao,23,Nao,Medico,6.0,Baixo,4.0,Cat_2,D,5220.82,5,2,7
309,462124,Masculino,Nao,36,Sim,Ator/Atriz,8.0,Baixo,1.0,Cat_6,A,6077.71,29,2,10
310,466265,Masculino,Nao,30,Nao,Medico,1.0,Baixo,1.0,Cat_3,C,6194.07,28,2,10
311,459789,Masculino,Sim,56,Nao,Ator/Atriz,1.0,Medio,2.0,Cat_6,C,6842.45,33,1,10
312,464223,Feminino,Sim,52,Sim,Ator/Atriz,2.0,Baixo,2.0,Cat_6,C,4041.71,31,1,10
313,460280,Masculino,Sim,39,Sim,Entretenimento,0.0,Baixo,1.0,Cat_6,D,6017.44,20,1,10
314,460331,Feminino,Nao,35,Nao,Ator/Atriz,5.0,Baixo,1.0,Cat_6,A,6116.95,27,1,8
316,460035,Feminino,Nao,25,Sim,Ator/Atriz,0.0,Baixo,6.0,Cat_6,A,8959.81,35,1,10
317,463812,Feminino,Sim,27,Sim,Ator/Atriz,0.0,Medio,2.0,Cat_4,B,12084.85,31,2,8
318,465569,Masculino,Sim,35,Sim,Ator/Atriz,1.0,Alto,3.0,Cat_6,A,7791.76,29,1,7
319,466333,Feminino,Sim,41,Sim,Ator/Atriz,1.0,Medio,2.0,Cat_6,C,3551.2,18,1,7
320,462723,Feminino,Sim,46,Nao,Ator/Atriz,8.0,Medio,2.0,Cat_6,B,10232.03,0,1,10
321,462404,Feminino,Nao,26,Sim,Ator/Atriz,9.0,Baixo,1.0,Cat_6,A,3557.71,4,1,9
322,461799,Masculino,Sim,43,Sim,Medico,13.0,Alto,2.0,Cat_6,B,4622.89,26,1,10
323,459933,Feminino,Sim,30,Sim,Ator/Atriz,8.0,Baixo,4.0,Cat_6,A,2796.79,9,1,10
324,463717,Feminino,Sim,70,Sim,Ator/Atriz,1.0,Medio,4.0,Cat_6,C,8833.77,37,1,10
325,462149,Feminino,Sim,89,Nao,Advogado,3.0,Alto,1.0,Cat_6,D,5895.72,30,1,10
326,462769,Feminino,Sim,42,Nao,Do Lar,6.0,Alto,4.0,Cat_6,B,4453.31,31,1,9
327,465532,Feminino,Sim,37,Sim,Entretenimento,6.0,Medio,3.0,Cat_4,A,6348.3,17,1,10
328,462829,Masculino,Sim,29,Nao,Executivo,1.0,Medio,3.0,Cat_6,D,13767.84,12,1,8
329,459210,Feminino,Sim,68,Sim,Ator/Atriz,1.0,Alto,2.0,Cat_6,C,3264.49,10,1,3
331,467759,Feminino,Sim,48,Sim,Medico,0.0,Baixo,2.0,Cat_6,C,9452.64,26,2,10
332,461475,Feminino,Sim,51,Sim,Medico,1.0,Medio,3.0,Cat_1,C,9396.81,28,2,10
334,466890,Masculino,Sim,47,Sim,Ator/Atriz,0.0,Medio,6.0,Cat_7,B,8140.96,29,2,8
335,467479,Masculino,Sim,35,Sim,Executivo,1.0,Medio,4.0,Cat_6,C,10089.42,4,3,5
336,466799,Feminino,Nao,19,Nao,Enfermeiro,2.0,Baixo,3.0,Cat_6,D,12738.05,9,2,10
337,460873,Masculino,Sim,46,Sim,Entretenimento,0.0,Medio,3.0,Cat_4,B,7709.39,2,1,4
338,466776,Masculino,Sim,86,Sim,Advogado,0.0,Baixo,1.0,Cat_6,B,6570.14,9,1,10
339,459462,Masculino,Sim,66,Sim,Ator/Atriz,0.0,Alto,2.0,Cat_6,B,6832.39,7,2,4
341,462348,Feminino,Sim,73,Sim,Advogado,1.0,Alto,2.0,Cat_6,B,4962.04,25,1,5
343,461629,Masculino,Sim,53,Sim,Ator/Atriz,0.0,Baixo,3.0,Cat_6,B,8220.78,9,1,9
344,459907,Feminino,Sim,39,Sim,Ator/Atriz,8.0,Medio,2.0,Cat_6,C,9595.36,3,1,10
345,467146,Feminino,Nao,27,Nao,Do Lar,9.0,Baixo,1.0,Cat_6,D,4824.53,22,1,8
346,459196,Feminino,Nao,23,Nao,Enfermeiro,1.0,Baixo,3.0,Cat_4,D,11064.24,33,4,10
347,465444,Feminino,Nao,30,Sim,Entretenimento,0.0,Baixo,4.0,Cat_6,B,5559.13,2,1,8
348,464186,Feminino,Sim,39,Sim,Ator/Atriz,5.0,Medio,2.0,Cat_6,C,6753.69,31,1,4
349,466412,Masculino,Sim,26,Sim,Ator/Atriz,1.0,Medio,3.0,Cat_6,B,4990.11,34,1,6
350,459480,Feminino,Sim,50,Sim,Entretenimento,7.0,Baixo,3.0,Cat_6,A,8110.52,34,1,6
351,467880,Feminino,Sim,45,Sim,Ator/Atriz,1.0,Medio,2.0,Cat_6,C,6524.41,26,2,9
352,460216,Feminino,Nao,62,Nao,Entretenimento,2.0,Baixo,1.0,Cat_6,A,6892.01,0,2,9
353,467941,Feminino,Nao,27,Sim,Medico,1.0,Baixo,3.0,Cat_6,A,6904.19,29,1,7
355,467443,Masculino,Nao,32,Nao,Enfermeiro,7.0,Baixo,4.0,Cat_3,A,15961.43,24,2,9
356,459701,Masculino,Nao,47,Nao,Ator/Atriz,3.0,Baixo,3.0,Cat_5,B,2530.89,13,1,8
357,461139,Feminino,Nao,32,Sim,Ator/Atriz,4.0,Baixo,4.0,Cat_2,A,1702.64,13,1,2
359,459027,Masculino,Sim,67,Sim,Medico,1.0,Medio,4.0,Cat_6,B,8623.56,35,1,3
360,467340,Feminino,Sim,77,Sim,Advogado,0.0,Alto,2.0,Cat_6,C,4309.9,37,1,9
361,460857,Masculino,Nao,31,Nao,Entretenimento,1.0,Baixo,1.0,Cat_4,A,4601.52,14,1,10
362,464300,Masculino,Sim,42,Sim,Ator/Atriz,0.0,Baixo,3.0,Cat_4,A,8478.66,20,1,5
363,463287,Masculino,Sim,50,Sim,Ator/Atriz,1.0,Medio,4.0,Cat_2,C,8989.47,20,1,8
364,461392,Masculino,Sim,71,Sim,Ator/Atriz,0.0,Medio,5.0,Cat_6,C,8081.85,13,2,3
365,461546,Feminino,Sim,72,Nao,Advogado,1.0,Baixo,3.0,Cat_6,A,5836.2,10,1,7
366,462130,Masculino,Sim,45,Sim,Ator/Atriz,9.0,Medio,2.0,Cat_6,C,7143.04,11,2,9
369,462417,Masculino,Nao,30,Nao,Enfermeiro,4.0,Baixo,4.0,Cat_6,D,13269.78,23,4,7
370,466463,Feminino,Nao,29,Sim,Enfermeiro,2.0,Baixo,4.0,Cat_4,B,12119.81,4,1,9
372,463855,Feminino,Sim,40,Sim,Ator/Atriz,1.0,Medio,2.0,Cat_6,C,6272.14,10,1,10
373,460344,Feminino,Sim,52,Sim,Ator/Atriz,14.0,Medio,2.0,Cat_6,C,1498.24,22,1,4
374,460139,Masculino,Nao,26,Nao,Ator/Atriz,6.0,Baixo,6.0,Cat_5,D,6340.71,23,1,9
376,461286,Feminino,Nao,20,Nao,Medico,4.0,Baixo,4.0,Cat_6,D,8181.93,33,1,6
377,461621,Feminino,Sim,87,Sim,Advogado,0.0,Alto,2.0,Cat_6,C,5935.87,27,2,9
378,460163,Masculino,Nao,28,Nao,Enfermeiro,0.0,Baixo,2.0,Cat_4,A,12691.85,5,1,10
379,461958,Masculino,Nao,38,Nao,Ator/Atriz,2.0,Baixo,2.0,Cat_3,A,7349.98,17,1,7
380,464875,Masculino,Sim,42,Nao,Entretenimento,1.0,Baixo,2.0,Cat_4,B,6845.17,15,2,6
383,463531,Masculino,Nao,32,Sim,Medico,0.0,Baixo,4.0,Cat_6,A,10467.33,12,1,8
384,465486,Feminino,Sim,59,Nao,Ator/Atriz,1.0,Alto,2.0,Cat_6,C,6739.01,35,1,10
385,460882,Masculino,Nao,22,Nao,Enfermeiro,0.0,Baixo,2.0,Cat_3,D,11137.55,35,1,10
386,461298,Feminino,Sim,78,Sim,Ator/Atriz,1.0,Alto,2.0,Cat_6,C,2202.54,26,1,9
387,461595,Feminino,Nao,32,Sim,Enfermeiro,0.0,Baixo,3.0,Cat_4,A,13618.85,33,4,9
388,459260,Masculino,Sim,37,Sim,Ator/Atriz,0.0,Medio,4.0,Cat_7,C,5399.32,31,1,9
389,462772,Masculino,Sim,37,Sim,Enfermeiro,1.0,Alto,4.0,Cat_6,B,12801.3,25,2,9
390,459143,Masculino,Sim,47,Nao,Ator/Atriz,0.0,Alto,4.0,Cat_6,B,7100.51,20,1,9
391,464532,Feminino,Sim,68,Sim,Advogado,0.0,Alto,2.0,Cat_6,A,1734.0,37,1,8
392,460056,Masculino,Nao,30,Sim,Enfermeiro,3.0,Baixo,5.0,Cat_1,C,16236.02,29,2,8
393,466761,Feminino,Sim,48,Sim,Entretenimento,2.0,Baixo,1.0,Cat_1,A,6978.93,31,3,9
394,465469,Feminino,Nao,43,Sim,Ator/Atriz,6.0,Baixo,1.0,Cat_6,C,6533.19,34,2,5
395,461886,Masculino,Sim,33,Sim,Enfermeiro,9.0,Baixo,2.0,Cat_6,D,12961.38,13,2,10
396,465680,Masculino,Sim,31,Nao,Enfermeiro,0.0,Medio,5.0,Cat_4,D,12011.26,31,2,8
397,459316,Masculino,Sim,32,Sim,Enfermeiro,1.0,Baixo,2.0,Cat_6,D,13343.06,37,3,10
398,465609,Feminino,Nao,21,Nao,Enfermeiro,1.0,Baixo,4.0,Cat_2,D,13966.91,3,4,7
399,467009,Feminino,Nao,29,Nao,Do Lar,2.0,Baixo,4.0,Cat_3,D,4743.26,27,1,10
400,461766,Feminino,Sim,35,Sim,Ator/Atriz,1.0,Baixo,2.0,Cat_4,A,6107.37,37,2,6
401,464938,Masculino,Sim,46,Nao,Ator/Atriz,0.0,Baixo,3.0,Cat_4,A,4706.47,31,1,10
402,462034,Feminino,Sim,38,Sim,Ator/Atriz,9.0,Alto,2.0,Cat_2,B,5979.4,17,2,7
403,464049,Feminino,Nao,32,Sim,Enfermeiro,1.0,Baixo,3.0,Cat_6,C,11729.84,37,2,2
404,467925,Feminino,Nao,28,Sim,Ator/Atriz,3.0,Baixo,7.0,Cat_2,A,10275.33,12,1,5
405,463711,Feminino,Sim,68,Sim,Advogado,3.0,Baixo,1.0,Cat_6,A,5443.83,8,1,9
406,463846,Feminino,Sim,45,Sim,Ator/Atriz,4.0,Baixo,1.0,Cat_6,C,7108.97,9,2,6
407,462064,Masculino,Sim,58,Sim,Ator/Atriz,0.0,Medio,3.0,Cat_7,C,6656.22,14,1,10
408,463249,Masculino,Nao,28,Nao,Entretenimento,1.0,Baixo,2.0,Cat_7,A,6582.95,32,2,8
409,464217,Feminino,Nao,32,Nao,Enfermeiro,12.0,Baixo,3.0,Cat_6,A,11235.22,13,3,7
410,463378,Masculino,Nao,30,Sim,Medico,1.0,Baixo,1.0,Cat_3,B,9458.91,3,2,10
411,463035,Feminino,Sim,42,Nao,Do Lar,3.0,Medio,4.0,Cat_6,D,4404.07,17,1,9
412,465309,Feminino,Nao,18,Nao,Enfermeiro,6.0,Baixo,4.0,Cat_7,D,14544.5,6,2,9
413,462688,Feminino,Sim,29,Sim,Enfermeiro,8.0,Baixo,3.0,Cat_3,D,10599.15,9,1,8
414,459255,Feminino,Nao,33,Sim,Enfermeiro,0.0,Baixo,3.0,Cat_6,A,12492.91,6,4,2
415,467492,Feminino,Sim,57,Sim,Medico,1.0,Baixo,2.0,Cat_7,A,7226.75,7,2,9
416,460789,Masculino,Sim,36,Sim,Executivo,1.0,Baixo,3.0,Cat_6,D,13390.43,11,2,10
417,467307,Masculino,Sim,57,Sim,Executivo,1.0,Alto,3.0,Cat_6,C,15303.92,13,3,10
418,464026,Masculino,Nao,18,Nao,Enfermeiro,1.0,Baixo,2.0,Cat_6,D,14855.67,19,1,7
419,462493,Masculino,Sim,52,Sim,Ator/Atriz,1.0,Medio,6.0,Cat_6,C,7734.37,6,2,8
420,460452,Feminino,Sim,37,Sim,Entretenimento,0.0,Medio,2.0,Cat_1,B,7416.91,15,1,7
422,464066,Feminino,Nao,29,Sim,Enfermeiro,9.0,Baixo,3.0,Cat_4,A,11514.99,6,3,6
423,461114,Masculino,Sim,45,Sim,Ator/Atriz,1.0,Medio,4.0,Cat_3,C,1403.74,35,1,10
424,465165,Masculino,Nao,61,Sim,Ator/Atriz,0.0,Baixo,1.0,Cat_6,B,12718.72,7,2,10
425,464526,Masculino,Sim,52,Sim,Entretenimento,1.0,Medio,4.0,Cat_6,A,7442.86,34,1,10
426,460666,Feminino,Sim,49,Sim,Do Lar,14.0,Baixo,1.0,Cat_6,A,4356.8,4,1,8
427,464096,Feminino,Nao,31,Nao,Enfermeiro,1.0,Baixo,5.0,Cat_4,C,14106.7,4,2,9
428,464891,Masculino,Sim,42,Nao,Entretenimento,1.0,Baixo,3.0,Cat_4,A,6756.98,23,2,8
430,467708,Feminino,Nao,42,Sim,Enfermeiro,8.0,Baixo,1.0,Cat_7,D,13375.2,17,1,10
431,461873,Masculino,Nao,29,Sim,Medico,1.0,Baixo,4.0,Cat_6,C,6862.07,0,2,8
432,465181,Feminino,Nao,33,Sim,Enfermeiro,8.0,Baixo,1.0,Cat_4,A,12813.11,9,1,4
433,467320,Feminino,Nao,21,Nao,Enfermeiro,0.0,Baixo,4.0,Cat_2,D,13608.8,33,3,10
434,459468,Masculino,Sim,35,Nao,Ator/Atriz,9.0,Medio,3.0,Cat_6,B,8902.22,11,2,5
435,467316,Feminino,Nao,42,Sim,Medico,0.0,Baixo,1.0,Cat_6,A,5947.06,28,1,8
436,466182,Feminino,Nao,41,Sim,Ator/Atriz,2.0,Baixo,1.0,Cat_6,C,7052.6,27,4,9
437,463757,Masculino,Nao,39,Sim,Ator/Atriz,0.0,Baixo,3.0,Cat_6,B,8499.74,7,1,4
438,462314,Feminino,Nao,28,Nao,Medico,14.0,Baixo,1.0,Cat_6,A,3588.66,18,1,9
439,466652,Feminino,Sim,61,Sim,Medico,1.0,Medio,2.0,Cat_6,B,3948.45,36,1,8
440,461664,Masculino,Sim,62,Sim,Ator/Atriz,0.0,Medio,4.0,Cat_6,C,9524.85,6,1,10
441,464105,Masculino,Sim,65,Sim,Entretenimento,1.0,Medio,2.0,Cat_6,C,6327.33,32,2,7
442,466790,Masculino,Sim,45,Sim,Medico,1.0,Medio,2.0,Cat_3,A,5540.76,3,1,8
444,462913,Feminino,Nao,25,Sim,Ator/Atriz,4.0,Baixo,5.0,Cat_6,C,4369.51,24,1,3
445,465541,Feminino,Sim,45,Sim,Ator/Atriz,1.0,Medio,4.0,Cat_7,C,6011.64,3,1,9
446,459149,Masculino,Sim,43,Nao,Executivo,0.0,Alto,4.0,Cat_6,B,6400.46,33,1,6
447,464508,Masculino,Sim,49,Sim,Executivo,1.0,Alto,3.0,Cat_6,C,2524.91,25,1,7
448,458999,Masculino,Sim,55,Sim,Ator/Atriz,1.0,Medio,2.0,Cat_6,C,1239.37,29,1,10
449,459947,Feminino,Nao,37,Sim,Ator/Atriz,3.0,Baixo,1.0,Cat_6,B,4821.62,11,1,10
450,465500,Masculino,Sim,65,Sim,Entretenimento,1.0,Alto,2.0,Cat_6,C,7439.2,16,2,10
452,465122,Feminino,Sim,40,Sim,Ator/Atriz,2.0,Medio,2.0,Cat_6,C,10340.09,32,1,7
453,465230,Masculino,Sim,72,Sim,Entretenimento,1.0,Medio,3.0,Cat_6,C,6840.26,35,1,9
454,466369,Feminino,Nao,38,Nao,Do Lar,5.0,Baixo,1.0,Cat_2,B,4268.99,16,1,8
456,460825,Masculino,Nao,30,Sim,Medico,1.0,Baixo,3.0,Cat_4,D,5502.57,18,1,3
458,467415,Feminino,Nao,31,Sim,Enfermeiro,1.0,Baixo,1.0,Cat_6,D,12013.85,9,2,6
459,465879,Masculino,Nao,39,Sim,Ator/Atriz,0.0,Baixo,1.0,Cat_6,A,5667.9,30,2,7
461,462634,Feminino,Sim,43,Nao,Ator/Atriz,0.0,Medio,3.0,Cat_4,A,5295.65,31,2,9
462,463622,Masculino,Nao,27,Sim,Enfermeiro,8.0,Baixo,1.0,Cat_3,C,12258.75,35,1,10
463,466624,Feminino,Sim,46,Nao,Ator/Atriz,0.0,Medio,4.0,Cat_3,C,11435.69,2,1,10
464,467785,Masculino,Sim,43,Nao,Ator/Atriz,1.0,Baixo,2.0,Cat_6,B,9199.15,35,1,9
465,460578,Masculino,Sim,28,Nao,Entretenimento,8.0,Medio,4.0,Cat_7,D,4501.66,10,1,9
466,460198,Masculino,Nao,43,Sim,Entretenimento,9.0,Baixo,1.0,Cat_6,D,5422.68,8,1,5
467,463581,Feminino,Nao,28,Sim,Enfermeiro,1.0,Baixo,3.0,Cat_6,D,11953.05,27,2,9
468,464574,Masculino,Nao,58,Nao,Enfermeiro,4.0,Baixo,2.0,Cat_6,D,11228.61,29,2,5
470,467971,Feminino,Nao,31,Sim,Ator/Atriz,1.0,Baixo,4.0,Cat_6,D,6895.06,32,1,9
471,464746,Masculino,Sim,32,Nao,Executivo,4.0,Medio,5.0,Cat_4,D,14530.07,10,3,8
472,459298,Masculino,Sim,45,Sim,Ator/Atriz,4.0,Medio,4.0,Cat_6,C,2681.57,24,1,9
473,466414,Masculino,Sim,66,Sim,Ator/Atriz,1.0,Baixo,3.0,Cat_6,A,2968.11,11,1,7
474,460773,Feminino,Sim,51,Sim,Ator/Atriz,1.0,Medio,3.0,Cat_6,C,5757.15,7,1,7
475,465163,Masculino,Sim,46,Sim,Ator/Atriz,11.0,Medio,5.0,Cat_6,C,2205.38,1,1,3
476,462222,Masculino,Nao,20,Nao,Enfermeiro,1.0,Baixo,6.0,Cat_4,D,12708.82,17,1,2
477,459342,Feminino,Sim,84,Nao,Advogado,1.0,Alto,2.0,Cat_6,C,4581.45,35,1,10
478,460767,Masculino,Sim,57,Sim,Entretenimento,8.0,Medio,5.0,Cat_2,A,4707.07,2,1,10
479,464319,Feminino,Nao,33,Nao,Medico,0.0,Baixo,1.0,Cat_6,A,10107.77,34,1,4
481,465155,Masculino,Sim,77,Sim,Advogado,1.0,Baixo,1.0,Cat_6,C,2189.05,33,1,10
482,461704,Masculino,Sim,30,Sim,Enfermeiro,1.0,Baixo,2.0,Cat_6,A,11812.93,26,2,9
483,464826,Masculino,Nao,23,Nao,Enfermeiro,6.0,Baixo,5.0,Cat_4,D,11854.42,0,2,10
484,462677,Feminino,Nao,43,Sim,Ator/Atriz,2.0,Baixo,4.0,Cat_6,B,10042.48,32,2,7
485,465006,Masculino,Nao,39,Sim,Entretenimento,5.0,Baixo,1.0,Cat_6,A,7284.73,21,1,9
486,463483,Masculino,Sim,29,Nao,Executivo,1.0,Alto,2.0,Cat_6,D,17713.07,13,2,10
488,465990,Masculino,Sim,48,Nao,Executivo,2.0,Alto,2.0,Cat_2,D,7504.29,0,1,8
489,466044,Masculino,Sim,27,Nao,Entretenimento,0.0,Medio,4.0,Cat_6,A,6152.79,23,2,10
490,461163,Feminino,Sim,60,Nao,Entretenimento,9.0,Baixo,4.0,Cat_3,B,6949.57,28,1,8
491,467106,Masculino,Sim,45,Sim,Entretenimento,4.0,Medio,3.0,Cat_2,B,4490.42,36,1,8
492,461256,Masculino,Nao,33,Nao,Medico,1.0,Baixo,4.0,Cat_4,C,2799.76,27,1,10
493,462695,Masculino,Sim,51,Sim,Ator/Atriz,8.0,Baixo,5.0,Cat_6,A,1167.12,33,1,7
494,466208,Masculino,Sim,67,Nao,Executivo,2.0,Alto,1.0,Cat_6,C,10919.17,29,4,8
495,462128,Masculino,Sim,38,Sim,Ator/Atriz,9.0,Medio,2.0,Cat_6,C,4482.34,6,1,10
496,467329,Feminino,Nao,40,Sim,Medico,0.0,Baixo,1.0,Cat_6,C,9122.58,19,4,9
497,461609,Feminino,Sim,45,Sim,Ator/Atriz,5.0,Medio,2.0,Cat_6,B,7055.89,9,1,9
498,464470,Masculino,Sim,48,Sim,Ator/Atriz,0.0,Medio,4.0,Cat_6,C,9238.55,22,1,9
499,462705,Feminino,Sim,69,Nao,Advogado,0.0,Medio,2.0,Cat_6,C,4246.09,32,1,3
500,465255,Masculino,Nao,21,Nao,Enfermeiro,9.0,Baixo,5.0,Cat_6,D,12392.05,18,2,10
501,466018,Masculino,Sim,72,Sim,Ator/Atriz,0.0,Baixo,3.0,Cat_4,C,6816.44,36,1,5
503,461263,Feminino,Sim,48,Sim,Ator/Atriz,1.0,Baixo,1.0,Cat_4,A,11855.44,22,1,8
504,460366,Masculino,Nao,28,Nao,Enfermeiro,1.0,Baixo,5.0,Cat_4,D,15126.17,12,1,6
505,464106,Masculino,Sim,55,Sim,Entretenimento,1.0,Baixo,2.0,Cat_6,A,7435.37,4,1,5
506,465696,Feminino,Nao,56,Sim,Ator/Atriz,0.0,Baixo,2.0,Cat_6,C,10826.02,24,1,5
507,461627,Masculino,Sim,50,Sim,Medico,1.0,Baixo,2.0,Cat_6,C,6003.04,1,1,7
508,467963,Masculino,Nao,21,Nao,Enfermeiro,1.0,Baixo,4.0,Cat_6,D,13270.71,30,1,10
509,462437,Masculino,Nao,18,Nao,Enfermeiro,0.0,Baixo,6.0,Cat_6,D,10503.28,33,2,3
510,467543,Masculino,Sim,68,Sim,Advogado,0.0,Alto,2.0,Cat_6,B,1942.67,7,1,10
511,465206,Masculino,Sim,47,Sim,Ator/Atriz,13.0,Baixo,1.0,Cat_6,C,12656.59,26,2,10
512,463040,Masculino,Sim,75,Nao,Advogado,1.0,Alto,2.0,Cat_6,B,9447.41,28,1,10
513,461668,Masculino,Sim,50,Sim,Ator/Atriz,3.0,Medio,4.0,Cat_2,C,2249.64,36,1,5
514,461955,Masculino,Nao,31,Sim,Enfermeiro,0.0,Baixo,4.0,Cat_6,D,12701.89,22,3,10
515,467139,Feminino,Nao,30,Sim,Ator/Atriz,0.0,Baixo,3.0,Cat_6,A,10187.64,15,1,4
516,459366,Feminino,Sim,41,Sim,Ator/Atriz,0.0,Baixo,4.0,Cat_6,A,9688.39,32,1,4
517,462167,Feminino,Sim,35,Nao,Enfermeiro,2.0,Baixo,1.0,Cat_6,A,10468.87,16,2,10
518,466752,Masculino,Sim,37,Sim,Enfermeiro,0.0,Baixo,1.0,Cat_6,D,11221.37,34,2,10
519,466902,Masculino,Sim,50,Sim,Medico,0.0,Medio,3.0,Cat_6,C,6368.1,10,1,7
520,459534,Masculino,Sim,36,Sim,Ator/Atriz,0.0,Medio,2.0,Cat_6,C,2177.1,12,1,10
522,464878,Masculino,Nao,22,Nao,Enfermeiro,0.0,Baixo,4.0,Cat_4,D,12213.68,15,1,9
523,467599,Feminino,Nao,19,Nao,Enfermeiro,0.0,Baixo,3.0,Cat_6,D,13203.34,31,1,7
524,466226,Feminino,Sim,45,Sim,Ator/Atriz,0.0,Medio,5.0,Cat_6,C,5902.63,35,2,7
525,463576,Feminino,Nao,31,Nao,Medico,0.0,Baixo,4.0,Cat_6,D,5016.02,13,1,9
526,464911,Masculino,Sim,56,Sim,Ator/Atriz,0.0,Medio,3.0,Cat_4,C,8307.97,11,2,2
527,463909,Feminino,Nao,25,Sim,Enfermeiro,1.0,Baixo,3.0,Cat_6,B,12654.19,11,1,4
528,466099,Feminino,Sim,73,Sim,Advogado,1.0,Baixo,1.0,Cat_6,B,2136.09,30,1,10
529,464427,Masculino,Sim,62,Sim,Medico,1.0,Medio,4.0,Cat_3,C,9941.65,5,1,8
530,463951,Masculino,Sim,46,Nao,Entretenimento,0.0,Medio,3.0,Cat_6,A,6630.46,24,1,10
531,465289,Masculino,Sim,25,Sim,Executivo,1.0,Alto,2.0,Cat_6,A,5304.72,4,1,7
533,467098,Masculino,Sim,87,Nao,Executivo,1.0,Baixo,2.0,Cat_6,A,14729.63,15,3,8
534,467451,Feminino,Sim,47,Sim,Ator/Atriz,0.0,Baixo,1.0,Cat_1,A,8095.41,35,1,1
535,465137,Masculino,Sim,57,Sim,Ator/Atriz,1.0,Medio,4.0,Cat_6,C,4897.61,2,1,5
536,462289,Masculino,Sim,60,Sim,Ator/Atriz,0.0,Medio,4.0,Cat_3,A,5572.31,27,1,9
537,467647,Masculino,Nao,28,Sim,Enfermeiro,2.0,Baixo,3.0,Cat_6,D,12801.28,37,1,4
538,459803,Masculino,Nao,39,Sim,Medico,4.0,Baixo,3.0,Cat_6,C,5255.06,16,1,8
540,464136,Masculino,Sim,69,Sim,Ator/Atriz,0.0,Medio,3.0,Cat_6,A,2099.9,18,1,9
541,459286,Feminino,Nao,42,Sim,Ator/Atriz,0.0,Baixo,1.0,Cat_6,D,4517.72,21,1,6
544,461064,Masculino,Nao,45,Sim,Ator/Atriz,1.0,Baixo,5.0,Cat_6,C,13929.64,25,3,5
545,461597,Feminino,Sim,38,Sim,Medico,1.0,Medio,4.0,Cat_6,B,7832.13,35,1,9
546,458990,Feminino,Sim,71,Nao,Advogado,1.0,Alto,3.0,Cat_6,D,2296.38,8,1,6
547,461351,Feminino,Nao,26,Nao,Medico,0.0,Baixo,2.0,Cat_6,D,6999.98,2,1,9
548,464420,Feminino,Sim,60,Sim,Ator/Atriz,8.0,Alto,2.0,Cat_6,C,8659.18,13,4,10
549,462060,Feminino,Sim,46,Sim,Ator/Atriz,1.0,Medio,2.0,Cat_6,C,10546.35,25,2,7
550,465707,Masculino,Sim,39,Sim,Entretenimento,1.0,Medio,4.0,Cat_3,C,7608.31,30,2,9
551,463733,Feminino,Nao,18,Nao,Enfermeiro,1.0,Baixo,3.0,Cat_6,D,16956.67,30,2,10
552,463960,Masculino,Sim,26,Sim,Medico,1.0,Medio,2.0,Cat_7,A,9263.48,5,1,10
553,462395,Masculino,Sim,53,Sim,Ator/Atriz,1.0,Alto,2.0,Cat_6,D,3052.72,25,1,10
554,461015,Masculino,Sim,40,Sim,Entretenimento,1.0,Medio,2.0,Cat_3,C,7531.28,10,1,8
555,466267,Masculino,Sim,26,Sim,Entretenimento,0.0,Medio,3.0,Cat_3,A,7565.69,29,2,5
556,464056,Feminino,Sim,65,Sim,Ator/Atriz,0.0,Medio,2.0,Cat_6,C,10519.75,29,1,10
557,465898,Feminino,Nao,37,Sim,Ator/Atriz,12.0,Baixo,2.0,Cat_6,A,2854.14,2,1,3
558,465361,Masculino,Nao,25,Nao,Enfermeiro,0.0,Baixo,4.0,Cat_3,C,12987.47,18,4,5
560,466269,Feminino,Nao,25,Nao,Enfermeiro,0.0,Baixo,4.0,Cat_2,D,14072.17,2,1,10
561,466213,Masculino,Nao,23,Nao,Enfermeiro,4.0,Baixo,5.0,Cat_6,D,15216.29,17,2,9
562,465550,Feminino,Nao,30,Sim,Enfermeiro,1.0,Baixo,6.0,Cat_3,D,12380.4,23,3,4
563,463451,Feminino,Nao,30,Nao,Medico,0.0,Baixo,4.0,Cat_6,D,3774.42,9,1,9
564,463877,Masculino,Sim,42,Nao,Entretenimento,0.0,Medio,4.0,Cat_4,A,7091.87,31,2,10
565,463876,Masculino,Sim,49,Sim,Entretenimento,1.0,Medio,5.0,Cat_6,C,5512.97,5,1,8
566,465448,Masculino,Nao,32,Nao,Enfermeiro,0.0,Baixo,3.0,Cat_2,A,11519.12,27,2,7
567,459325,Masculino,Sim,26,Nao,Executivo,9.0,Alto,4.0,Cat_6,D,10490.45,12,3,10
568,467233,Feminino,Nao,67,Nao,Ator/Atriz,1.0,Baixo,2.0,Cat_6,B,13449.97,33,1,10
569,465264,Masculino,Sim,88,Nao,Executivo,0.0,Baixo,1.0,Cat_6,A,13488.84,6,1,5
570,461811,Feminino,Nao,40,Sim,Enfermeiro,8.0,Baixo,4.0,Cat_2,D,13928.54,29,1,10
571,465368,Masculino,Nao,18,Nao,Enfermeiro,7.0,Baixo,3.0,Cat_1,D,12235.53,24,2,3
572,467693,Masculino,Sim,61,Sim,Entretenimento,7.0,Alto,5.0,Cat_6,B,4425.44,9,1,3
574,465936,Masculino,Nao,35,Sim,Ator/Atriz,6.0,Baixo,3.0,Cat_6,B,4060.1,35,1,8
575,459748,Masculino,Sim,46,Nao,Executivo,0.0,Alto,2.0,Cat_6,C,8542.96,27,1,10
576,466376,Feminino,Sim,53,Nao,Do Lar,2.0,Alto,3.0,Cat_6,B,4417.49,14,1,5
577,460215,Masculino,Sim,48,Sim,Entretenimento,9.0,Baixo,1.0,Cat_6,D,7117.11,34,1,7
578,462076,Masculino,Sim,75,Sim,Advogado,1.0,Baixo,2.0,Cat_6,D,4769.28,22,1,10
579,465756,Masculino,Nao,23,Nao,Enfermeiro,1.0,Baixo,3.0,Cat_4,D,14233.87,17,1,7
580,463573,Masculino,Nao,29,Nao,Medico,1.0,Baixo,2.0,Cat_6,D,9392.03,1,1,10
581,463455,Masculino,Sim,46,Nao,Ator/Atriz,0.0,Baixo,2.0,Cat_6,B,4447.97,18,1,10
583,463959,Feminino,Nao,37,Nao,Ator/Atriz,1.0,Baixo,1.0,Cat_6,B,4778.25,29,1,9
584,461792,Feminino,Nao,23,Nao,Enfermeiro,6.0,Baixo,5.0,Cat_2,D,15435.14,13,2,9
585,462791,Feminino,Nao,33,Nao,Enfermeiro,7.0,Baixo,4.0,Cat_5,D,10266.89,0,1,5
586,463102,Masculino,Nao,41,Nao,Entretenimento,0.0,Baixo,2.0,Cat_6,D,6656.02,16,1,6
587,462659,Masculino,Sim,25,Sim,Entretenimento,8.0,Medio,2.0,Cat_6,A,4551.66,21,1,10
589,462071,Masculino,Sim,43,Nao,Medico,0.0,Baixo,2.0,Cat_6,A,6465.18,12,1,9
590,464806,Masculino,Sim,25,Nao,Executivo,1.0,Baixo,2.0,Cat_4,D,8408.55,11,1,10
592,467795,Masculino,Nao,22,Nao,Enfermeiro,1.0,Baixo,5.0,Cat_6,D,14491.48,13,1,9
593,459141,Masculino,Sim,28,Nao,Ator/Atriz,0.0,Medio,2.0,Cat_6,D,1427.4,1,1,10
594,465900,Feminino,Nao,36,Sim,Entretenimento,7.0,Baixo,1.0,Cat_6,A,7500.52,15,1,7
595,467265,Feminino,Nao,28,Nao,Enfermeiro,1.0,Baixo,3.0,Cat_4,C,15689.5,21,2,9
596,464490,Masculino,Sim,85,Sim,Ator/Atriz,1.0,Alto,4.0,Cat_6,A,7719.07,8,2,6
597,460411,Masculino,Sim,43,Sim,Enfermeiro,7.0,Alto,2.0,Cat_6,A,13375.04,17,1,8
598,466491,Masculino,Sim,82,Nao,Executivo,1.0,Alto,2.0,Cat_6,B,4360.76,33,1,8
599,465248,Feminino,Nao,18,Nao,Enfermeiro,3.0,Baixo,3.0,Cat_2,D,10867.82,2,1,8
601,463478,Masculino,Sim,50,Sim,Ator/Atriz,0.0,Medio,4.0,Cat_6,B,10144.28,21,4,7
605,459894,Feminino,Sim,35,Sim,Enfermeiro,1.0,Baixo,3.0,Cat_6,C,14221.26,27,3,10
606,459778,Masculino,Sim,48,Sim,Entretenimento,0.0,Medio,4.0,Cat_6,B,6547.56,15,2,9
607,464662,Feminino,Sim,50,Sim,Ator/Atriz,1.0,Alto,3.0,Cat_4,C,11338.2,3,1,10
608,460878,Masculino,Sim,47,Nao,Entretenimento,0.0,Medio,4.0,Cat_6,C,7357.05,19,2,5
609,462187,Feminino,Nao,50,Sim,Ator/Atriz,4.0,Baixo,1.0,Cat_6,C,7368.59,32,1,10
610,461908,Feminino,Nao,26,Nao,Enfermeiro,10.0,Baixo,1.0,Cat_6,D,12978.25,21,1,10
611,461951,Masculino,Nao,21,Nao,Enfermeiro,0.0,Baixo,4.0,Cat_6,D,15493.65,25,3,10
612,465352,Masculino,Sim,61,Sim,Entretenimento,1.0,Medio,4.0,Cat_6,C,6393.2,21,1,5
613,464258,Feminino,Sim,88,Nao,Advogado,0.0,Alto,2.0,Cat_6,B,2937.1,37,1,7
615,467561,Masculino,Sim,61,Sim,Ator/Atriz,1.0,Baixo,2.0,Cat_6,B,8634.15,4,1,3
617,460670,Masculino,Nao,42,Sim,Ator/Atriz,6.0,Baixo,2.0,Cat_3,B,5150.51,34,1,7
618,461486,Masculino,Sim,59,Nao,Entretenimento,8.0,Medio,3.0,Cat_6,C,6526.41,9,1,8
619,459526,Feminino,Nao,45,Sim,Enfermeiro,4.0,Baixo,1.0,Cat_6,A,11946.81,24,1,2
620,466492,Feminino,Sim,85,Sim,Advogado,0.0,Alto,2.0,Cat_6,A,5617.28,8,1,7
621,459489,Masculino,Sim,46,Sim,Medico,1.0,Medio,4.0,Cat_6,B,4834.83,8,1,10
622,459681,Feminino,Sim,32,Sim,Ator/Atriz,0.0,Medio,2.0,Cat_6,B,4574.71,19,1,10
627,462540,Masculino,Sim,32,Sim,Entretenimento,6.0,Baixo,2.0,Cat_2,B,7006.36,1,1,1
628,467411,Masculino,Sim,52,Sim,Ator/Atriz,0.0,Alto,2.0,Cat_6,B,2412.24,36,1,10
629,463997,Feminino,Sim,42,Nao,Entretenimento,0.0,Medio,3.0,Cat_6,B,5639.99,27,2,10
630,464103,Masculino,Sim,47,Sim,Ator/Atriz,3.0,Medio,2.0,Cat_6,B,2558.62,1,1,5
631,465751,Feminino,Sim,52,Sim,Ator/Atriz,9.0,Baixo,2.0,Cat_6,C,7116.82,7,1,9
632,459797,Masculino,Sim,66,Sim,Entretenimento,0.0,Medio,3.0,Cat_6,C,7547.76,9,1,9
634,462352,Masculino,Sim,52,Sim,Entretenimento,1.0,Medio,3.0,Cat_6,B,6186.39,9,1,5
635,460513,Masculino,Nao,27,Nao,Enfermeiro,2.0,Baixo,4.0,Cat_3,D,15488.54,27,2,6
636,463228,Feminino,Sim,56,Sim,Ator/Atriz,0.0,Medio,5.0,Cat_6,B,8501.22,4,1,2
638,463720,Feminino,Sim,45,Sim,Ator/Atriz,1.0,Medio,4.0,Cat_4,B,11021.83,19,3,10
639,460799,Feminino,Nao,37,Nao,Do Lar,1.0,Baixo,1.0,Cat_1,D,4437.81,3,1,10
640,460891,Feminino,Sim,36,Nao,Ator/Atriz,2.0,Medio,4.0,Cat_3,C,6944.01,1,1,9
641,460311,Masculino,Nao,25,Sim,Entretenimento,2.0,Baixo,3.0,Cat_1,D,6736.16,22,2,8
642,466727,Feminino,Sim,45,Sim,Ator/Atriz,1.0,Medio,2.0,Cat_6,B,9526.16,28,1,10
643,465138,Masculino,Nao,35,Sim,Entretenimento,1.0,Baixo,3.0,Cat_3,A,6269.27,29,2,8
644,466361,Feminino,Sim,72,Sim,Advogado,1.0,Alto,2.0,Cat_6,B,5868.39,3,1,10
645,463154,Feminino,Sim,31,Nao,Ator/Atriz,1.0,Baixo,4.0,Cat_6,D,7350.81,2,1,10
646,462967,Masculino,Sim,47,Nao,Entretenimento,4.0,Medio,3.0,Cat_6,B,6726.11,32,1,9
647,460908,Masculino,Nao,20,Nao,Enfermeiro,7.0,Baixo,3.0,Cat_6,D,14618.99,31,2,6
648,467560,Feminino,Sim,73,Sim,Advogado,1.0,Baixo,2.0,Cat_6,B,7346.51,35,1,6
649,463281,Masculino,Sim,25,Nao,Entretenimento,3.0,Medio,2.0,Cat_3,D,6820.44,8,1,10
650,462466,Masculino,Sim,52,Sim,Executivo,0.0,Alto,4.0,Cat_6,C,12009.82,24,1,8
651,463744,Feminino,Nao,27,Sim,Ator/Atriz,1.0,Baixo,6.0,Cat_6,C,7457.91,15,1,10
652,464209,Masculino,Sim,52,Sim,Executivo,1.0,Medio,4.0,Cat_2,C,4464.94,31,1,8
653,462528,Feminino,Sim,49,Sim,Ator/Atriz,0.0,Baixo,1.0,Cat_6,C,10534.4,35,1,7
655,466188,Masculino,Sim,59,Sim,Ator/Atriz,4.0,Baixo,1.0,Cat_4,B,5393.33,37,1,10
656,467914,Feminino,Nao,18,Nao,Enfermeiro,8.0,Baixo,5.0,Cat_6,D,11546.24,35,1,3
657,462758,Masculino,Nao,18,Nao,Enfermeiro,0.0,Baixo,3.0,Cat_6,D,14727.55,12,1,9
658,465704,Masculino,Sim,55,Nao,Ator/Atriz,1.0,Baixo,1.0,Cat_6,C,11746.22,13,1,9
659,460397,Feminino,Nao,59,Sim,Entretenimento,1.0,Baixo,1.0,Cat_6,A,5818.75,19,1,9
660,466676,Masculino,Nao,22,Nao,Enfermeiro,0.0,Baixo,2.0,Cat_6,D,11724.55,7,1,10
661,465024,Masculino,Sim,52,Sim,Executivo,0.0,Alto,4.0,Cat_6,C,10252.44,29,2,9
662,461630,Masculino,Sim,51,Sim,Ator/Atriz,1.0,Medio,3.0,Cat_6,C,6184.75,34,1,6
663,465328,Masculino,Sim,35,Nao,Executivo,0.0,Alto,5.0,Cat_6,A,12549.94,23,1,10
664,461220,Feminino,Nao,26,Nao,Executivo,8.0,Baixo,3.0,Cat_6,D,10926.5,20,2,8
665,463935,Masculino,Sim,38,Sim,Entretenimento,1.0,Medio,2.0,Cat_6,C,6440.41,6,1,10
666,460514,Masculino,Sim,43,Sim,Medico,1.0,Baixo,4.0,Cat_3,A,7412.21,9,1,7
667,466262,Masculino,Nao,41,Sim,Entretenimento,1.0,Baixo,2.0,Cat_3,A,7765.06,11,1,10
668,460890,Masculino,Sim,47,Sim,Ator/Atriz,0.0,Medio,4.0,Cat_3,C,2970.8,37,1,6
670,462392,Feminino,Nao,32,Sim,Entretenimento,1.0,Baixo,3.0,Cat_6,A,6036.39,18,1,10
671,459706,Masculino,Sim,60,Sim,Entretenimento,1.0,Medio,3.0,Cat_6,C,6200.08,2,1,3
672,467446,Feminino,Nao,37,Sim,Ator/Atriz,9.0,Baixo,1.0,Cat_2,A,7035.44,8,2,10
673,460528,Masculino,Sim,48,Sim,Do Lar,9.0,Baixo,1.0,Cat_3,C,4333.5,13,1,8
674,459212,Feminino,Sim,68,Sim,Ator/Atriz,1.0,Medio,2.0,Cat_6,C,3302.36,16,1,6
675,462364,Masculino,Sim,51,Nao,Ator/Atriz,0.0,Baixo,3.0,Cat_6,A,5681.28,23,2,4
676,464549,Masculino,Sim,52,Sim,Executivo,1.0,Baixo,4.0,Cat_6,C,15214.04,14,2,8
679,467123,Feminino,Sim,50,Sim,Executivo,4.0,Alto,3.0,Cat_6,B,17970.41,13,2,3
680,467826,Masculino,Nao,18,Nao,Enfermeiro,0.0,Baixo,6.0,Cat_6,D,14421.3,33,4,10
681,461837,Masculino,Sim,37,Sim,Ator/Atriz,0.0,Baixo,2.0,Cat_6,C,12126.29,19,2,9
682,467328,Feminino,Sim,50,Sim,Medico,1.0,Medio,3.0,Cat_6,B,5888.21,19,1,10
683,464025,Masculino,Nao,19,Nao,Enfermeiro,1.0,Baixo,6.0,Cat_6,D,12300.89,4,4,7
684,460385,Masculino,Nao,31,Sim,Enfermeiro,0.0,Baixo,4.0,Cat_6,D,12976.83,25,1,7
685,462551,Masculino,Sim,53,Sim,Medico,14.0,Medio,2.0,Cat_6,B,6005.3,15,2,10
686,462047,Feminino,Sim,26,Sim,Ator/Atriz,12.0,Medio,2.0,Cat_6,B,4927.27,20,1,10
687,459958,Masculino,Nao,37,Sim,Enfermeiro,8.0,Baixo,3.0,Cat_6,D,14465.3,2,2,10
688,461059,Feminino,Sim,48,Nao,Advogado,1.0,Alto,2.0,Cat_6,D,1517.03,14,1,10
689,461227,Masculino,Nao,21,Nao,Enfermeiro,0.0,Baixo,4.0,Cat_6,D,14364.86,25,4,6
690,466246,Masculino,Nao,19,Nao,Enfermeiro,0.0,Baixo,4.0,Cat_2,D,14161.28,34,1,8
691,467048,Feminino,Sim,65,Sim,Advogado,0.0,Alto,3.0,Cat_6,B,5094.81,18,2,8
692,467362,Masculino,Sim,73,Nao,Executivo,1.0,Baixo,1.0,Cat_6,B,11706.07,31,1,10
693,459846,Feminino,Sim,50,Sim,Ator/Atriz,1.0,Medio,3.0,Cat_6,B,8159.68,0,1,3
694,460351,Masculino,Sim,70,Sim,Advogado,0.0,Baixo,1.0,Cat_6,A,5267.27,28,2,10
696,460829,Masculino,Nao,18,Sim,Enfermeiro,1.0,Baixo,2.0,Cat_6,D,13818.02,17,4,4
697,466559,Masculino,Nao,32,Nao,Enfermeiro,0.0,Baixo,4.0,Cat_6,D,13266.22,24,2,10
698,467236,Feminino,Nao,40,Sim,Advogado,4.0,Baixo,1.0,Cat_6,B,3708.2,16,1,2
700,467409,Masculino,Nao,35,Sim,Ator/Atriz,8.0,Baixo,1.0,Cat_6,A,6373.79,20,1,9
703,465906,Feminino,Nao,35,Sim,Ator/Atriz,5.0,Baixo,1.0,Cat_6,A,3797.93,16,1,8
704,460950,Masculino,Sim,28,Nao,Medico,0.0,Baixo,5.0,Cat_1,D,8523.17,37,2,7
705,459649,Masculino,Sim,39,Sim,Enfermeiro,1.0,Medio,2.0,Cat_6,D,12442.43,37,2,8
706,461077,Masculino,Nao,39,Sim,Entretenimento,1.0,Baixo,8.0,Cat_3,A,7116.59,6,1,8
708,463741,Masculino,Sim,36,Sim,Ator/Atriz,0.0,Alto,3.0,Cat_6,C,3520.37,14,1,8
709,465253,Masculino,Nao,21,Nao,Enfermeiro,1.0,Baixo,3.0,Cat_7,D,11288.55,5,1,10
710,459936,Feminino,Nao,45,Sim,Ator/Atriz,2.0,Baixo,1.0,Cat_6,B,6204.68,34,2,5
711,462998,Masculino,Sim,45,Nao,Entretenimento,10.0,Medio,4.0,Cat_6,B,5798.88,25,1,8
712,464179,Feminino,Sim,63,Sim,Ator/Atriz,0.0,Medio,3.0,Cat_6,C,2405.59,32,1,5
713,465655,Feminino,Nao,45,Sim,Ator/Atriz,1.0,Baixo,1.0,Cat_6,A,7084.23,27,1,5
714,462988,Feminino,Sim,27,Sim,Enfermeiro,9.0,Alto,2.0,Cat_6,D,14126.02,31,2,10
715,463933,Masculino,Sim,47,Nao,Executivo,0.0,Baixo,7.0,Cat_4,A,3060.52,3,1,8
716,462111,Masculino,Sim,36,Sim,Ator/Atriz,6.0,Medio,4.0,Cat_6,C,8281.55,12,1,7
717,462747,Masculino,Nao,25,Nao,Medico,7.0,Baixo,4.0,Cat_6,C,6125.84,1,1,10
718,462279,Masculino,Nao,32,Nao,Enfermeiro,0.0,Baixo,7.0,Cat_6,D,13259.73,24,1,9
719,463383,Masculino,Sim,41,Nao,Executivo,6.0,Alto,3.0,Cat_4,A,14078.43,17,1,8
720,459743,Feminino,Sim,50,Sim,Ator/Atriz,9.0,Medio,4.0,Cat_6,A,4989.66,25,1,10
721,461762,Feminino,Sim,63,Sim,Ator/Atriz,0.0,Alto,2.0,Cat_6,C,5366.04,9,1,7
724,460140,Feminino,Sim,36,Sim,Ator/Atriz,5.0,Baixo,2.0,Cat_6,B,2200.84,4,1,3
726,460433,Feminino,Nao,45,Nao,Entretenimento,8.0,Baixo,2.0,Cat_6,A,7390.41,28,1,10
727,462953,Feminino,Sim,45,Sim,Ator/Atriz,1.0,Medio,4.0,Cat_6,B,9253.83,0,2,4
728,462535,Masculino,Nao,26,Nao,Medico,1.0,Baixo,3.0,Cat_6,D,7019.66,13,1,1
730,464455,Feminino,Sim,74,Sim,Advogado,1.0,Alto,2.0,Cat_6,B,6032.35,17,1,5
731,461675,Masculino,Nao,61,Sim,Advogado,1.0,Baixo,1.0,Cat_6,C,3939.23,3,1,6
732,466304,Feminino,Sim,70,Sim,Advogado,1.0,Alto,2.0,Cat_2,B,5839.05,21,1,10
733,467041,Feminino,Sim,57,Sim,Ator/Atriz,1.0,Medio,4.0,Cat_6,C,8654.96,7,2,5
734,464858,Masculino,Nao,20,Nao,Enfermeiro,1.0,Baixo,3.0,Cat_4,D,11840.1,30,1,10
735,462040,Masculino,Nao,19,Nao,Enfermeiro,5.0,Baixo,4.0,Cat_2,D,12378.13,17,1,10
736,460800,Masculino,Nao,52,Sim,Ator/Atriz,1.0,Baixo,3.0,Cat_3,B,5573.01,29,2,8
738,463874,Masculino,Nao,25,Sim,Enfermeiro,1.0,Baixo,4.0,Cat_3,D,12682.31,29,2,9
740,465653,Feminino,Sim,53,Sim,Ator/Atriz,1.0,Baixo,2.0,Cat_6,A,6130.41,17,2,6
741,465905,Feminino,Nao,32,Sim,Ator/Atriz,9.0,Baixo,1.0,Cat_6,A,5300.8,9,1,10
742,465663,Feminino,Nao,70,Sim,Ator/Atriz,0.0,Baixo,2.0,Cat_6,B,4982.6,32,1,6
744,465001,Masculino,Sim,75,Sim,Advogado,1.0,Alto,2.0,Cat_6,C,5372.31,20,1,10
745,466905,Masculino,Sim,62,Sim,Ator/Atriz,0.0,Baixo,1.0,Cat_6,B,7446.01,6,2,10
746,465573,Masculino,Sim,41,Nao,Ator/Atriz,1.0,Medio,6.0,Cat_6,B,8194.64,0,1,9
747,467008,Masculino,Sim,55,Sim,Ator/Atriz,0.0,Medio,3.0,Cat_6,C,7264.07,31,1,10
748,463397,Feminino,Nao,20,Nao,Enfermeiro,4.0,Baixo,3.0,Cat_4,D,13496.57,20,1,8
749,466238,Masculino,Nao,20,Nao,Enfermeiro,0.0,Baixo,3.0,Cat_4,D,13746.38,33,1,10
750,462250,Feminino,Sim,56,Sim,Entretenimento,1.0,Medio,3.0,Cat_4,B,7664.97,10,1,8
751,462611,Masculino,Sim,39,Nao,Executivo,1.0,Alto,7.0,Cat_4,D,12730.94,12,4,5
752,465701,Masculino,Sim,35,Sim,Ator/Atriz,1.0,Medio,2.0,Cat_4,B,8779.38,19,1,10
754,466308,Masculino,Nao,33,Sim,Enfermeiro,0.0,Baixo,2.0,Cat_6,C,11721.91,36,2,7
755,464039,Masculino,Nao,42,Sim,Ator/Atriz,1.0,Baixo,2.0,Cat_6,A,6223.17,15,1,6
756,459972,Masculino,Nao,35,Sim,Ator/Atriz,5.0,Baixo,2.0,Cat_6,A,9992.14,8,2,8
757,461801,Feminino,Nao,27,Nao,Enfermeiro,0.0,Baixo,3.0,Cat_6,A,14786.98,20,1,7
758,462716,Masculino,Nao,33,Nao,Entretenimento,6.0,Baixo,2.0,Cat_4,D,6433.62,7,2,9
759,467218,Feminino,Nao,32,Sim,Ator/Atriz,9.0,Baixo,1.0,Cat_6,D,6504.9,3,1,9
760,460387,Feminino,Nao,35,Nao,Entretenimento,4.0,Baixo,2.0,Cat_6,D,3746.44,14,1,6
761,466441,Masculino,Nao,22,Nao,Enfermeiro,0.0,Baixo,9.0,Cat_6,D,8931.04,34,1,8
762,462057,Masculino,Sim,40,Sim,Ator/Atriz,3.0,Medio,4.0,Cat_3,C,2932.84,28,1,1
763,466991,Masculino,Sim,51,Sim,Ator/Atriz,3.0,Medio,2.0,Cat_6,C,5272.1,30,2,5
764,461714,Masculino,Sim,82,Sim,Advogado,1.0,Alto,2.0,Cat_6,A,5415.99,11,1,10
765,463465,Masculino,Sim,43,Sim,Ator/Atriz,6.0,Medio,3.0,Cat_6,B,5095.41,31,2,10
767,461970,Feminino,Nao,38,Sim,Ator/Atriz,9.0,Baixo,1.0,Cat_6,B,6943.49,4,1,8
768,459877,Masculino,Sim,37,Sim,Ator/Atriz,0.0,Medio,3.0,Cat_6,C,3584.77,5,1,2
769,460784,Masculino,Nao,32,Sim,Enfermeiro,0.0,Baixo,6.0,Cat_7,D,11509.89,3,1,10
770,460137,Masculino,Nao,26,Sim,Entretenimento,5.0,Baixo,4.0,Cat_6,D,7565.82,0,2,9
771,465201,Masculino,Sim,39,Sim,Entretenimento,0.0,Medio,4.0,Cat_3,A,7357.08,24,1,7
772,465371,Feminino,Nao,43,Sim,Ator/Atriz,0.0,Baixo,1.0,Cat_6,A,11107.7,10,4,10
773,463929,Masculino,Sim,51,Sim,Medico,11.0,Medio,2.0,Cat_6,C,11343.12,12,1,10
774,461998,Masculino,Sim,52,Sim,Ator/Atriz,0.0,Medio,2.0,Cat_6,C,7714.31,35,1,9
775,460828,Masculino,Nao,51,Nao,Entretenimento,1.0,Baixo,1.0,Cat_6,A,5051.65,30,1,9
776,461673,Masculino,Nao,33,Nao,Enfermeiro,0.0,Baixo,5.0,Cat_5,C,13219.06,22,2,8
777,462666,Masculino,Sim,48,Sim,Ator/Atriz,0.0,Baixo,2.0,Cat_6,C,2863.67,13,1,10
778,462587,Feminino,Sim,78,Nao,Advogado,1.0,Alto,2.0,Cat_4,B,5330.0,13,4,8
779,459583,Masculino,Sim,46,Sim,Ator/Atriz,1.0,Baixo,1.0,Cat_6,A,8052.21,6,2,10
780,459493,Masculino,Nao,26,Nao,Enfermeiro,0.0,Baixo,7.0,Cat_6,A,14961.69,36,1,8
781,467949,Masculino,Nao,22,Nao,Enfermeiro,1.0,Baixo,4.0,Cat_4,D,12013.57,0,1,9
783,466827,Masculino,Sim,37,Nao,Entretenimento,0.0,Medio,4.0,Cat_3,D,6094.27,12,2,10
786,460875,Masculino,Nao,35,Sim,Entretenimento,0.0,Baixo,3.0,Cat_3,A,7099.78,17,1,5
787,459183,Feminino,Nao,26,Sim,Ator/Atriz,1.0,Baixo,3.0,Cat_2,A,6809.14,9,2,10
788,464541,Masculino,Nao,31,Sim,Medico,1.0,Baixo,2.0,Cat_6,A,6386.6,13,1,10
790,459922,Masculino,Sim,65,Sim,Advogado,0.0,Baixo,1.0,Cat_4,D,6154.16,15,1,6
791,467935,Masculino,Nao,23,Nao,Enfermeiro,7.0,Baixo,3.0,Cat_6,D,11095.91,8,4,6
792,461382,Masculino,Sim,68,Nao,Executivo,1.0,Alto,2.0,Cat_6,B,15496.41,24,4,10
793,462521,Feminino,Nao,32,Nao,Do Lar,9.0,Baixo,1.0,Cat_6,D,4534.03,16,1,10
794,463296,Feminino,Nao,21,Nao,Enfermeiro,0.0,Baixo,5.0,Cat_6,D,13165.11,6,4,10
795,459705,Masculino,Sim,25,Sim,Entretenimento,1.0,Medio,2.0,Cat_6,A,7617.84,35,1,9
796,459984,Feminino,Sim,36,Sim,Entretenimento,0.0,Medio,3.0,Cat_6,B,7034.56,0,2,9
797,466051,Masculino,Nao,25,Nao,Executivo,3.0,Baixo,1.0,Cat_4,A,18948.8,35,1,10
798,463583,Masculino,Sim,58,Sim,Ator/Atriz,9.0,Medio,4.0,Cat_6,C,5358.46,33,2,10
799,466100,Masculino,Sim,66,Sim,Executivo,1.0,Baixo,2.0,Cat_6,A,11472.85,35,3,2
800,461427,Feminino,Nao,42,Sim,Ator/Atriz,1.0,Baixo,2.0,Cat_6,A,5864.66,11,1,10
801,464193,Feminino,Sim,36,Sim,Medico,13.0,Baixo,2.0,Cat_6,B,8006.75,26,1,4
802,467835,Masculino,Sim,58,Nao,Ator/Atriz,9.0,Baixo,2.0,Cat_6,B,2904.9,8,1,5
804,462457,Masculino,Nao,28,Nao,Enfermeiro,2.0,Baixo,4.0,Cat_6,C,13896.41,7,1,10
805,460426,Masculino,Sim,45,Nao,Ator/Atriz,4.0,Medio,2.0,Cat_6,C,8091.73,7,1,2
806,466024,Feminino,Sim,35,Nao,Entretenimento,10.0,Baixo,2.0,Cat_3,A,6537.49,3,1,9
807,467031,Masculino,Sim,59,Sim,Ator/Atriz,11.0,Medio,3.0,Cat_6,C,5506.98,34,1,9
808,467440,Masculino,Sim,49,Sim,Entretenimento,0.0,Baixo,1.0,Cat_6,A,6860.17,35,1,9
809,464377,Feminino,Nao,51,Sim,Entretenimento,0.0,Baixo,1.0,Cat_6,A,7998.55,19,2,10
810,465870,Masculino,Nao,40,Sim,Ator/Atriz,5.0,Baixo,2.0,Cat_6,A,8798.8,37,1,5
811,460095,Feminino,Sim,74,Sim,Advogado,1.0,Baixo,1.0,Cat_6,C,6433.43,29,2,7
812,463297,Masculino,Nao,27,Sim,Enfermeiro,4.0,Baixo,2.0,Cat_6,D,17610.41,22,2,8
813,461790,Masculino,Sim,70,Sim,Ator/Atriz,0.0,Alto,2.0,Cat_6,C,10208.8,5,3,6
814,467410,Feminino,Sim,62,Sim,Advogado,0.0,Baixo,2.0,Cat_6,C,6355.93,15,1,10
815,465904,Masculino,Nao,37,Sim,Ator/Atriz,9.0,Baixo,1.0,Cat_6,A,9729.52,10,1,9
816,459393,Feminino,Nao,40,Nao,Enfermeiro,8.0,Baixo,3.0,Cat_3,D,13824.28,20,4,6
817,465771,Masculino,Sim,52,Sim,Entretenimento,1.0,Medio,4.0,Cat_6,B,6857.91,31,1,6
818,462013,Feminino,Sim,57,Sim,Executivo,0.0,Medio,2.0,Cat_6,C,10283.79,16,1,3
819,465620,Masculino,Nao,37,Sim,Ator/Atriz,8.0,Baixo,3.0,Cat_6,C,5364.48,3,1,10
820,459840,Masculino,Sim,60,Sim,Ator/Atriz,1.0,Baixo,1.0,Cat_6,B,5667.98,24,1,10
821,461460,Masculino,Sim,43,Sim,Executivo,7.0,Alto,3.0,Cat_6,B,12280.53,33,1,9
822,466317,Masculino,Sim,37,Sim,Entretenimento,4.0,Baixo,1.0,Cat_6,B,7916.54,36,1,8
823,461962,Masculino,Sim,59,Sim,Entretenimento,1.0,Medio,3.0,Cat_6,B,4825.31,37,1,10
824,466071,Feminino,Sim,60,Sim,Ator/Atriz,2.0,Baixo,3.0,Cat_4,B,5778.46,29,2,8
825,460796,Masculino,Sim,69,Nao,Advogado,1.0,Baixo,3.0,Cat_6,C,6747.64,23,1,9
826,467012,Masculino,Sim,49,Sim,Executivo,1.0,Alto,4.0,Cat_6,C,9562.48,15,1,9
827,460357,Masculino,Nao,23,Nao,Enfermeiro,1.0,Baixo,5.0,Cat_6,D,11870.21,10,4,8
828,460182,Feminino,Sim,43,Sim,Ator/Atriz,2.0,Medio,3.0,Cat_6,B,9321.85,11,1,6
829,460491,Feminino,Nao,22,Nao,Enfermeiro,1.0,Baixo,7.0,Cat_3,D,12677.39,27,4,9
830,466630,Masculino,Nao,29,Nao,Enfermeiro,0.0,Baixo,4.0,Cat_6,C,13757.53,32,3,8
832,463912,Feminino,Sim,36,Nao,Ator/Atriz,1.0,Medio,4.0,Cat_4,B,7186.32,36,1,8
833,461728,Feminino,Nao,55,Sim,Entretenimento,1.0,Baixo,1.0,Cat_6,A,6910.02,29,2,9
835,461746,Masculino,Sim,53,Sim,Ator/Atriz,2.0,Medio,3.0,Cat_6,C,5309.81,27,1,3
836,465574,Masculino,Sim,62,Sim,Ator/Atriz,1.0,Medio,3.0,Cat_3,B,6042.92,1,1,8
837,462170,Masculino,Sim,73,Nao,Executivo,0.0,Alto,3.0,Cat_6,A,11218.47,28,1,10
838,460626,Masculino,Sim,45,Nao,Medico,9.0,Alto,4.0,Cat_6,D,5894.06,15,1,10
839,466678,Masculino,Nao,28,Sim,Enfermeiro,1.0,Baixo,4.0,Cat_6,D,14112.51,16,1,7
842,467549,Masculino,Sim,61,Sim,Entretenimento,11.0,Medio,3.0,Cat_6,A,6236.5,24,1,6
843,463718,Feminino,Nao,27,Sim,Ator/Atriz,1.0,Baixo,4.0,Cat_6,D,11023.66,5,4,8
844,467626,Masculino,Sim,31,Sim,Entretenimento,8.0,Medio,2.0,Cat_6,B,4451.13,11,1,6
845,459058,Masculino,Nao,40,Sim,Ator/Atriz,1.0,Baixo,4.0,Cat_3,A,7661.2,15,1,5
846,461983,Masculino,Nao,27,Sim,Ator/Atriz,1.0,Baixo,3.0,Cat_6,B,7174.54,33,1,8
847,461207,Feminino,Nao,60,Sim,Ator/Atriz,6.0,Baixo,1.0,Cat_6,B,10656.84,1,1,10
848,467585,Masculino,Sim,40,Sim,Enfermeiro,6.0,Alto,2.0,Cat_6,A,13715.96,8,4,9
849,464604,Masculino,Sim,32,Nao,Entretenimento,5.0,Baixo,2.0,Cat_4,A,4732.38,31,1,10
851,460475,Masculino,Sim,32,Sim,Medico,0.0,Medio,2.0,Cat_3,D,4201.53,11,1,10
852,463553,Masculino,Nao,27,Sim,Ator/Atriz,9.0,Baixo,2.0,Cat_6,B,6512.71,28,1,5
853,460912,Masculino,Nao,29,Nao,Entretenimento,1.0,Baixo,5.0,Cat_6,D,6917.15,10,2,10
854,461715,Masculino,Nao,43,Sim,Entretenimento,0.0,Baixo,5.0,Cat_2,A,6248.44,9,1,8
855,459567,Masculino,Sim,48,Sim,Medico,1.0,Medio,2.0,Cat_6,C,4433.25,23,1,8
856,462340,Masculino,Sim,62,Nao,Entretenimento,1.0,Medio,6.0,Cat_6,B,9640.29,15,2,10
857,461834,Feminino,Nao,42,Sim,Ator/Atriz,7.0,Baixo,2.0,Cat_6,C,6154.87,13,2,10
858,459677,Masculino,Sim,25,Sim,Ator/Atriz,8.0,Medio,2.0,Cat_6,B,12066.41,19,1,4
859,467911,Masculino,Sim,61,Sim,Enfermeiro,1.0,Baixo,4.0,Cat_6,D,12629.33,29,1,10
860,462981,Feminino,Nao,26,Nao,Do Lar,8.0,Baixo,1.0,Cat_6,D,4552.59,27,1,10
861,463055,Feminino,Nao,27,Sim,Medico,1.0,Baixo,4.0,Cat_4,B,6042.35,29,1,9
862,461884,Feminino,Sim,40,Sim,Ator/Atriz,0.0,Baixo,2.0,Cat_6,B,8806.89,10,1,8
863,467834,Feminino,Nao,23,Nao,Enfermeiro,0.0,Baixo,4.0,Cat_2,D,11900.76,1,2,9
864,463019,Masculino,Sim,45,Sim,Executivo,0.0,Alto,4.0,Cat_6,B,12419.92,15,2,10
865,466996,Feminino,Nao,37,Sim,Ator/Atriz,9.0,Baixo,1.0,Cat_6,A,9240.16,15,1,8
867,465565,Masculino,Sim,37,Sim,Ator/Atriz,1.0,Medio,2.0,Cat_6,C,3750.15,9,1,10
868,459523,Feminino,Nao,19,Nao,Medico,1.0,Baixo,4.0,Cat_6,D,4877.68,30,1,10
869,462369,Masculino,Sim,63,Nao,Entretenimento,1.0,Medio,5.0,Cat_6,C,6400.47,0,1,3
870,463053,Feminino,Sim,68,Sim,Ator/Atriz,1.0,Medio,2.0,Cat_6,C,5266.21,34,1,4
871,462139,Feminino,Nao,27,Sim,Enfermeiro,1.0,Baixo,4.0,Cat_2,C,14366.93,20,2,10
872,460922,Masculino,Nao,30,Sim,Entretenimento,1.0,Baixo,3.0,Cat_6,D,7203.38,3,2,10
873,463706,Feminino,Nao,33,Sim,Medico,0.0,Baixo,3.0,Cat_6,D,1708.46,10,1,10
874,465703,Masculino,Sim,25,Nao,Entretenimento,2.0,Baixo,2.0,Cat_4,A,6462.2,13,2,8
875,462796,Feminino,Nao,37,Sim,Entretenimento,1.0,Baixo,2.0,Cat_7,C,7522.25,33,2,10
876,459558,Masculino,Nao,30,Sim,Entretenimento,0.0,Baixo,3.0,Cat_6,D,6518.51,25,2,8
880,465392,Feminino,Sim,45,Sim,Ator/Atriz,8.0,Alto,5.0,Cat_6,C,2510.8,22,1,5
881,464783,Masculino,Sim,42,Nao,Entretenimento,0.0,Baixo,3.0,Cat_4,A,6969.65,20,2,10
882,459439,Feminino,Sim,46,Sim,Ator/Atriz,1.0,Medio,2.0,Cat_6,A,4856.93,34,1,10
883,464356,Feminino,Sim,76,Sim,Advogado,1.0,Alto,2.0,Cat_6,B,2643.56,18,1,6
884,459881,Masculino,Nao,25,Sim,Enfermeiro,8.0,Baixo,4.0,Cat_6,D,12308.94,10,1,9
887,462248,Masculino,Sim,55,Nao,Ator/Atriz,0.0,Baixo,2.0,Cat_6,B,6496.89,16,1,6
888,465011,Masculino,Sim,66,Sim,Executivo,3.0,Alto,2.0,Cat_6,C,11072.62,4,2,8
889,467898,Feminino,Sim,68,Sim,Ator/Atriz,0.0,Baixo,1.0,Cat_6,C,1923.91,14,1,10
890,464460,Feminino,Nao,26,Sim,Enfermeiro,1.0,Baixo,2.0,Cat_6,D,11096.92,7,1,3
891,461397,Masculino,Nao,20,Nao,Enfermeiro,0.0,Baixo,4.0,Cat_6,D,12195.58,12,3,4
892,464302,Feminino,Sim,50,Sim,Medico,1.0,Baixo,3.0,Cat_6,B,6357.3,11,2,10
893,465458,Feminino,Sim,84,Sim,Ator/Atriz,1.0,Alto,2.0,Cat_6,A,6522.91,5,1,10
894,467276,Masculino,Nao,43,Sim,Ator/Atriz,12.0,Baixo,5.0,Cat_6,C,7405.18,21,2,10
895,461129,Feminino,Sim,63,Sim,Entretenimento,0.0,Medio,4.0,Cat_6,B,6429.37,23,1,8
896,467406,Masculino,Nao,37,Sim,Entretenimento,9.0,Baixo,1.0,Cat_6,D,6740.32,24,2,5
898,460980,Masculino,Nao,26,Nao,Entretenimento,1.0,Baixo,3.0,Cat_3,D,7629.69,29,2,9
899,464666,Masculino,Sim,41,Sim,Entretenimento,2.0,Medio,3.0,Cat_4,D,5650.62,2,1,5
900,464236,Feminino,Sim,62,Sim,Ator/Atriz,1.0,Alto,2.0,Cat_6,B,6432.15,24,1,10
901,466898,Masculino,Sim,45,Sim,Executivo,0.0,Alto,4.0,Cat_6,B,5542.62,5,1,6
903,467952,Feminino,Sim,89,Sim,Advogado,0.0,Alto,2.0,Cat_6,C,1999.35,32,1,7
904,461399,Masculino,Nao,20,Nao,Enfermeiro,0.0,Baixo,4.0,Cat_6,D,12581.65,23,4,8
906,465142,Masculino,Nao,23,Nao,Enfermeiro,0.0,Baixo,4.0,Cat_6,D,12077.65,31,3,10
907,460334,Masculino,Nao,41,Sim,Ator/Atriz,4.0,Baixo,1.0,Cat_6,A,9102.13,4,1,1
908,460745,Masculino,Sim,78,Nao,Advogado,1.0,Alto,2.0,Cat_6,A,4839.67,10,1,10
910,465197,Feminino,Sim,57,Sim,Ator/Atriz,0.0,Alto,4.0,Cat_6,C,2443.57,4,1,10
911,462068,Masculino,Sim,55,Sim,Executivo,1.0,Alto,3.0,Cat_6,C,3923.25,34,1,3
913,467352,Masculino,Sim,51,Sim,Executivo,1.0,Alto,4.0,Cat_6,C,4368.44,5,1,4
914,465030,Masculino,Sim,35,Sim,Executivo,9.0,Alto,4.0,Cat_6,C,8620.86,30,1,10
915,462095,Masculino,Sim,49,Sim,Entretenimento,1.0,Medio,3.0,Cat_1,A,7082.8,2,1,10
916,460248,Feminino,Nao,33,Sim,Enfermeiro,7.0,Baixo,2.0,Cat_6,D,13956.38,28,2,9
917,464286,Feminino,Sim,60,Sim,Ator/Atriz,1.0,Medio,2.0,Cat_6,C,5681.7,6,1,10
918,464248,Masculino,Sim,52,Sim,Ator/Atriz,8.0,Baixo,3.0,Cat_6,C,2628.94,32,1,10
919,459167,Feminino,Nao,42,Sim,Ator/Atriz,1.0,Baixo,2.0,Cat_5,C,10022.04,5,1,9
921,462731,Feminino,Sim,43,Sim,Ator/Atriz,5.0,Alto,3.0,Cat_6,B,2583.47,13,1,10
922,464475,Masculino,Nao,25,Sim,Enfermeiro,0.0,Baixo,4.0,Cat_6,C,12257.49,8,1,9
923,460108,Masculino,Sim,42,Sim,Ator/Atriz,1.0,Medio,3.0,Cat_2,C,5296.01,1,1,6
924,467942,Feminino,Sim,41,Sim,Ator/Atriz,1.0,Alto,4.0,Cat_2,C,9291.41,12,1,10
925,463264,Feminino,Sim,71,Sim,Advogado,0.0,Baixo,2.0,Cat_6,C,2741.4,26,1,9
926,462089,Feminino,Sim,42,Sim,Ator/Atriz,0.0,Medio,2.0,Cat_6,C,1360.04,20,1,5
927,467756,Masculino,Sim,56,Sim,Ator/Atriz,1.0,Medio,2.0,Cat_6,C,3373.5,27,1,10
928,461323,Feminino,Sim,41,Sim,Enfermeiro,6.0,Medio,2.0,Cat_6,C,12260.41,24,1,10
929,459563,Masculino,Sim,72,Sim,Entretenimento,7.0,Baixo,2.0,Cat_6,A,6999.96,7,1,6
930,467602,Feminino,Nao,30,Nao,Entretenimento,1.0,Baixo,4.0,Cat_6,D,7000.75,17,1,10
931,462562,Feminino,Nao,25,Sim,Entretenimento,0.0,Baixo,6.0,Cat_2,C,6037.89,37,1,8
933,460894,Masculino,Sim,38,Nao,Executivo,5.0,Alto,3.0,Cat_6,A,6393.3,16,2,9
934,459151,Masculino,Sim,60,Sim,Advogado,9.0,Baixo,2.0,Cat_6,B,4883.37,0,1,6
935,466417,Feminino,Sim,79,Nao,Advogado,1.0,Alto,3.0,Cat_6,A,6087.54,4,2,7
937,466918,Masculino,Sim,56,Sim,Ator/Atriz,1.0,Medio,1.0,Cat_6,C,2286.19,7,1,10
938,464133,Masculino,Sim,73,Nao,Do Lar,2.0,Baixo,1.0,Cat_6,A,4186.37,23,1,6
939,466101,Feminino,Nao,22,Nao,Enfermeiro,0.0,Baixo,7.0,Cat_6,D,12274.54,32,3,5
941,461936,Masculino,Sim,72,Nao,Advogado,0.0,Alto,2.0,Cat_6,B,6262.07,17,1,7
942,459301,Feminino,Nao,33,Sim,Enfermeiro,0.0,Baixo,3.0,Cat_6,C,15457.56,27,1,5
943,462284,Masculino,Sim,53,Sim,Executivo,1.0,Medio,4.0,Cat_6,B,14147.44,17,1,7
944,463290,Feminino,Nao,25,Nao,Enfermeiro,1.0,Baixo,5.0,Cat_6,B,12028.6,31,2,10
945,462413,Masculino,Sim,46,Sim,Ator/Atriz,0.0,Medio,3.0,Cat_6,C,6484.28,8,2,10
946,466814,Masculino,Nao,18,Nao,Enfermeiro,0.0,Baixo,3.0,Cat_6,D,13638.4,36,2,9
948,459714,Masculino,Nao,22,Nao,Medico,2.0,Baixo,4.0,Cat_6,C,4341.41,28,1,8
949,464829,Masculino,Nao,22,Nao,Enfermeiro,9.0,Baixo,5.0,Cat_4,D,11626.78,3,2,6
950,467474,Masculino,Nao,18,Nao,Enfermeiro,3.0,Baixo,5.0,Cat_6,D,14506.83,27,2,10
951,466134,Masculino,Sim,39,Sim,Medico,0.0,Alto,3.0,Cat_6,C,11327.27,17,1,8
952,460496,Masculino,Nao,19,Nao,Enfermeiro,7.0,Baixo,5.0,Cat_3,D,11130.55,36,2,8
953,461995,Feminino,Nao,30,Nao,Ator/Atriz,7.0,Baixo,1.0,Cat_6,A,11106.5,5,1,7
954,466798,Masculino,Nao,23,Nao,Enfermeiro,4.0,Baixo,5.0,Cat_6,D,12713.92,24,2,10
955,461086,Masculino,Nao,23,Nao,Enfermeiro,1.0,Baixo,7.0,Cat_3,D,12387.76,19,2,6
956,459306,Feminino,Nao,48,Sim,Ator/Atriz,4.0,Baixo,1.0,Cat_6,C,7845.55,36,1,8
957,464919,Masculino,Sim,39,Sim,Ator/Atriz,9.0,Baixo,1.0,Cat_4,A,11178.47,17,3,10
958,461798,Feminino,Nao,56,Sim,Ator/Atriz,0.0,Baixo,1.0,Cat_6,A,10539.7,28,1,7
959,466987,Masculino,Sim,63,Nao,Ator/Atriz,5.0,Medio,2.0,Cat_6,C,8241.15,25,1,10
961,465174,Feminino,Sim,70,Sim,Entretenimento,1.0,Alto,2.0,Cat_6,B,7181.76,5,1,10
962,460979,Masculino,Sim,84,Nao,Advogado,1.0,Baixo,1.0,Cat_6,A,4964.03,11,1,4
963,465272,Masculino,Sim,39,Sim,Executivo,0.0,Alto,6.0,Cat_6,C,2595.59,2,1,9
964,460463,Masculino,Sim,42,Sim,Ator/Atriz,6.0,Baixo,4.0,Cat_3,A,4063.58,1,1,10
965,460246,Masculino,Sim,46,Sim,Ator/Atriz,4.0,Baixo,2.0,Cat_6,B,2849.04,19,1,10
966,463423,Masculino,Sim,63,Nao,Executivo,0.0,Medio,3.0,Cat_6,B,10007.69,22,1,7
967,466992,Feminino,Sim,55,Nao,Ator/Atriz,0.0,Baixo,3.0,Cat_6,C,11384.54,0,3,8
969,465101,Feminino,Sim,88,Sim,Advogado,1.0,Baixo,1.0,Cat_6,D,6160.99,0,2,9
970,464997,Masculino,Sim,43,Sim,Ator/Atriz,5.0,Medio,2.0,Cat_6,B,5285.21,3,1,5
971,462255,Masculino,Sim,73,Sim,Executivo,1.0,Alto,3.0,Cat_6,C,8678.17,14,1,9
972,462616,Masculino,Nao,30,Nao,Enfermeiro,0.0,Baixo,5.0,Cat_4,D,10705.41,13,3,8
973,460968,Masculino,Sim,30,Nao,Medico,11.0,Medio,2.0,Cat_3,A,3610.54,3,1,10
974,465235,Masculino,Sim,46,Sim,Enfermeiro,1.0,Alto,3.0,Cat_6,C,12842.88,31,2,8
975,461818,Feminino,Sim,43,Sim,Ator/Atriz,2.0,Medio,2.0,Cat_6,C,4436.43,32,1,5
976,463171,Feminino,Sim,36,Nao,Entretenimento,1.0,Alto,3.0,Cat_3,A,5364.23,37,2,6
977,461634,Masculino,Sim,63,Sim,Entretenimento,1.0,Baixo,1.0,Cat_6,A,6453.36,5,1,10
978,462150,Masculino,Sim,35,Sim,Ator/Atriz,7.0,Baixo,2.0,Cat_6,C,7676.19,11,1,9
979,461503,Feminino,Nao,31,Sim,Ator/Atriz,9.0,Baixo,2.0,Cat_6,B,4214.28,26,1,10
980,463163,Masculino,Nao,26,Nao,Executivo,2.0,Baixo,2.0,Cat_3,D,13603.42,25,4,8
981,462358,Masculino,Sim,37,Nao,Medico,4.0,Medio,2.0,Cat_6,A,8732.58,35,1,10
982,460647,Feminino,Sim,26,Nao,Medico,1.0,Medio,2.0,Cat_4,D,7281.52,22,4,7
983,464888,Masculino,Sim,37,Nao,Entretenimento,0.0,Baixo,5.0,Cat_4,A,6021.88,16,1,9
984,461652,Feminino,Sim,53,Sim,Ator/Atriz,1.0,Medio,3.0,Cat_6,C,8813.49,32,2,10
985,467062,Feminino,Nao,55,Sim,Ator/Atriz,1.0,Baixo,1.0,Cat_3,A,9256.28,34,1,8
986,467157,Masculino,Sim,42,Sim,Executivo,9.0,Alto,6.0,Cat_7,B,7590.21,10,1,9
987,462509,Feminino,Sim,46,Sim,Ator/Atriz,0.0,Medio,2.0,Cat_6,C,10709.69,1,1,3
988,465499,Masculino,Nao,63,Sim,Ator/Atriz,0.0,Baixo,1.0,Cat_6,A,10374.53,20,1,9
989,464913,Masculino,Sim,52,Sim,Entretenimento,0.0,Baixo,4.0,Cat_4,B,6964.88,8,2,9
990,465969,Feminino,Nao,28,Sim,Medico,12.0,Baixo,2.0,Cat_7,D,5418.46,28,1,8
991,464922,Feminino,Nao,20,Nao,Enfermeiro,0.0,Baixo,5.0,Cat_4,D,14750.59,37,4,8
992,463022,Masculino,Sim,60,Sim,Executivo,4.0,Alto,3.0,Cat_6,C,9379.71,8,1,10
993,464704,Masculino,Sim,42,Sim,Enfermeiro,0.0,Medio,4.0,Cat_4,B,12944.59,11,2,8
994,462345,Masculino,Sim,46,Sim,Medico,1.0,Medio,6.0,Cat_4,B,4633.32,18,1,10
995,461439,Masculino,Sim,37,Sim,Ator/Atriz,1.0,Medio,2.0,Cat_6,C,5690.59,37,1,9
996,461599,Feminino,Nao,42,Sim,Ator/Atriz,8.0,Baixo,1.0,Cat_6,B,4295.35,20,1,10
997,465705,Feminino,Sim,46,Sim,Ator/Atriz,1.0,Medio,4.0,Cat_6,C,2321.29,30,1,9
998,461043,Masculino,Sim,49,Nao,Enfermeiro,0.0,Baixo,7.0,Cat_4,D,13989.45,16,3,10
999,467551,Feminino,Sim,89,Nao,Advogado,0.0,Alto,2.0,Cat_6,B,4270.85,37,1,6
1000,464053,Feminino,Sim,38,Nao,Entretenimento,4.0,Baixo,1.0,Cat_6,B,5216.58,27,1,4
1001,459282,Masculino,Sim,48,Sim,Ator/Atriz,0.0,Medio,2.0,Cat_6,C,5183.18,27,1,10
1002,461649,Feminino,Sim,51,Sim,Ator/Atriz,3.0,Baixo,4.0,Cat_6,B,6968.46,19,1,8
1003,464389,Masculino,Sim,73,Sim,Ator/Atriz,1.0,Alto,2.0,Cat_2,C,4433.43,22,1,5
1004,464293,Masculino,Nao,30,Sim,Enfermeiro,1.0,Baixo,4.0,Cat_6,C,10758.74,4,2,9
1005,465320,Feminino,Sim,65,Sim,Advogado,1.0,Medio,2.0,Cat_6,B,6139.81,14,2,10
1006,463707,Feminino,Nao,36,Nao,Ator/Atriz,0.0,Baixo,1.0,Cat_5,B,5503.84,35,1,10
1007,465436,Feminino,Nao,25,Sim,Enfermeiro,0.0,Baixo,3.0,Cat_5,B,12419.86,20,1,8
1008,465078,Masculino,Sim,43,Sim,Executivo,0.0,Alto,4.0,Cat_6,B,9240.87,0,1,10
1009,460568,Feminino,Sim,33,Sim,Do Lar,0.0,Alto,2.0,Cat_3,C,4447.84,28,1,5
1010,459636,Masculino,Nao,30,Sim,Entretenimento,14.0,Baixo,1.0,Cat_6,D,5823.49,37,2,8
1012,465373,Masculino,Sim,49,Sim,Ator/Atriz,4.0,Medio,4.0,Cat_6,C,6346.18,8,1,6
1013,463966,Feminino,Nao,31,Sim,Ator/Atriz,9.0,Baixo,1.0,Cat_6,B,6262.07,24,4,10
1014,460918,Feminino,Nao,27,Sim,Medico,14.0,Baixo,8.0,Cat_6,C,7660.15,36,2,5
1015,465954,Feminino,Nao,33,Sim,Entretenimento,11.0,Baixo,3.0,Cat_6,A,6686.27,25,1,9
1016,465153,Masculino,Sim,35,Sim,Ator/Atriz,1.0,Medio,2.0,Cat_6,A,7676.9,0,1,10
1017,466502,Masculino,Nao,19,Nao,Enfermeiro,1.0,Baixo,5.0,Cat_3,D,12552.86,2,2,10
1019,464993,Masculino,Sim,57,Nao,Executivo,4.0,Alto,4.0,Cat_6,C,6171.82,21,1,8
1020,463103,Masculino,Sim,45,Nao,Executivo,1.0,Medio,4.0,Cat_6,B,8319.76,33,1,9
1021,466302,Feminino,Sim,47,Nao,Do Lar,3.0,Alto,3.0,Cat_6,B,4552.98,34,1,2
1022,464288,Feminino,Nao,33,Sim,Medico,9.0,Baixo,2.0,Cat_6,A,8292.3,34,1,2
1023,460240,Masculino,Sim,45,Sim,Ator/Atriz,3.0,Baixo,1.0,Cat_6,C,6426.97,37,1,5
1024,459188,Masculino,Nao,27,Nao,Enfermeiro,1.0,Baixo,3.0,Cat_6,C,11609.14,31,2,10
1027,466021,Masculino,Nao,87,Nao,Advogado,1.0,Baixo,1.0,Cat_6,A,2680.85,26,1,7
1028,461831,Masculino,Nao,30,Sim,Medico,0.0,Baixo,3.0,Cat_6,C,11980.82,4,1,9
1029,462556,Masculino,Sim,57,Sim,Entretenimento,0.0,Medio,7.0,Cat_5,C,7032.03,26,1,10
1030,467321,Feminino,Sim,63,Sim,Ator/Atriz,9.0,Baixo,2.0,Cat_6,C,7832.96,12,1,10
1031,459327,Masculino,Nao,50,Nao,Medico,9.0,Baixo,3.0,Cat_6,D,6477.71,16,1,10
1032,461626,Masculino,Sim,68,Sim,Executivo,0.0,Alto,2.0,Cat_6,C,4963.82,17,1,7
1033,463337,Feminino,Sim,33,Nao,Entretenimento,1.0,Baixo,2.0,Cat_3,A,5653.07,34,1,9
1034,467615,Feminino,Sim,37,Sim,Medico,0.0,Baixo,2.0,Cat_6,A,6999.48,11,2,4
1037,459513,Feminino,Nao,32,Sim,Enfermeiro,3.0,Baixo,2.0,Cat_6,C,13925.41,7,1,7
1039,465103,Masculino,Sim,86,Sim,Advogado,1.0,Alto,2.0,Cat_6,A,4837.04,2,1,8
1040,464007,Masculino,Sim,49,Sim,Ator/Atriz,0.0,Baixo,3.0,Cat_6,B,6014.12,18,1,10
1041,463060,Feminino,Sim,32,Sim,Do Lar,12.0,Alto,2.0,Cat_6,D,4471.2,30,1,5
1042,461359,Masculino,Sim,28,Sim,Enfermeiro,1.0,Baixo,4.0,Cat_7,D,15055.62,37,1,9
1043,465014,Masculino,Sim,83,Nao,Advogado,1.0,Baixo,1.0,Cat_6,A,5468.38,32,1,10
1044,459100,Feminino,Nao,63,Sim,Ator/Atriz,14.0,Baixo,1.0,Cat_6,B,5106.47,22,1,5
1045,464083,Masculino,Sim,65,Nao,Advogado,0.0,Alto,2.0,Cat_6,C,5540.82,5,2,10
1046,464552,Feminino,Sim,38,Sim,Ator/Atriz,1.0,Medio,3.0,Cat_4,C,5089.9,17,1,8
1047,460218,Masculino,Sim,61,Sim,Entretenimento,1.0,Baixo,1.0,Cat_6,D,7507.54,14,1,9
1048,460297,Feminino,Sim,46,Sim,Ator/Atriz,8.0,Baixo,2.0,Cat_6,B,8297.51,26,1,5
1049,467171,Feminino,Nao,30,Sim,Medico,1.0,Baixo,2.0,Cat_6,C,4547.64,29,1,10
1050,464023,Masculino,Nao,22,Nao,Enfermeiro,0.0,Baixo,5.0,Cat_7,D,11557.05,1,4,10
1051,467929,Feminino,Sim,42,Sim,Ator/Atriz,1.0,Medio,2.0,Cat_6,C,5395.81,26,1,6
1052,461049,Feminino,Sim,57,Sim,Medico,0.0,Baixo,7.0,Cat_7,B,5066.18,19,1,5
1054,460751,Feminino,Nao,25,Nao,Ator/Atriz,1.0,Baixo,3.0,Cat_6,D,8991.51,35,1,7
1056,464084,Masculino,Nao,25,Nao,Enfermeiro,1.0,Baixo,5.0,Cat_4,D,14415.02,10,4,10
1057,465644,Masculino,Nao,33,Sim,Enfermeiro,0.0,Baixo,5.0,Cat_6,C,8608.04,21,2,7
1058,459470,Masculino,Nao,29,Sim,Enfermeiro,9.0,Baixo,6.0,Cat_6,D,12441.69,36,1,8
1059,462700,Masculino,Sim,38,Sim,Ator/Atriz,0.0,Medio,4.0,Cat_6,B,7193.51,30,1,9
1060,465067,Masculino,Sim,62,Sim,Executivo,8.0,Alto,2.0,Cat_6,C,14751.3,30,1,5
1062,459465,Feminino,Sim,27,Sim,Entretenimento,3.0,Baixo,5.0,Cat_6,B,7029.56,0,1,6
1063,463894,Feminino,Sim,51,Sim,Ator/Atriz,0.0,Medio,3.0,Cat_2,C,10265.73,10,1,10
1064,466089,Masculino,Nao,59,Nao,Entretenimento,0.0,Baixo,3.0,Cat_6,B,7057.39,30,1,5
1065,467227,Feminino,Nao,37,Sim,Ator/Atriz,12.0,Baixo,1.0,Cat_4,A,2696.86,12,1,10
1066,459054,Masculino,Sim,37,Sim,Executivo,9.0,Alto,4.0,Cat_6,C,12717.35,37,3,8
1067,463609,Masculino,Sim,30,Nao,Ator/Atriz,0.0,Medio,2.0,Cat_5,A,4550.88,19,1,10
1068,466260,Masculino,Sim,43,Sim,Entretenimento,0.0,Medio,2.0,Cat_6,B,5960.69,32,1,9
1069,464283,Masculino,Nao,40,Sim,Ator/Atriz,5.0,Baixo,2.0,Cat_6,A,8831.85,35,2,9
1070,465646,Feminino,Nao,40,Sim,Ator/Atriz,6.0,Baixo,2.0,Cat_6,B,2659.89,36,1,7
1072,464378,Feminino,Sim,40,Sim,Ator/Atriz,9.0,Medio,2.0,Cat_6,B,3007.24,13,1,9
1073,462661,Feminino,Sim,62,Sim,Ator/Atriz,2.0,Alto,3.0,Cat_6,C,10084.08,7,4,10
1074,460266,Masculino,Nao,22,Nao,Enfermeiro,0.0,Baixo,8.0,Cat_6,D,14697.88,5,1,10
1075,462983,Feminino,Sim,66,Sim,Advogado,1.0,Alto,2.0,Cat_6,A,2562.47,13,1,3
1076,459022,Masculino,Sim,67,Sim,Ator/Atriz,10.0,Baixo,1.0,Cat_6,D,7611.29,9,1,9
1077,463231,Masculino,Sim,50,Sim,Ator/Atriz,1.0,Medio,3.0,Cat_6,A,3474.92,19,1,10
1078,465863,Masculino,Nao,27,Nao,Enfermeiro,5.0,Baixo,3.0,Cat_6,D,12393.37,17,4,8
1079,463557,Masculino,Nao,28,Sim,Medico,1.0,Baixo,3.0,Cat_6,A,5623.78,11,2,10
1080,467636,Masculino,Sim,45,Sim,Medico,1.0,Medio,2.0,Cat_6,C,4706.3,0,1,7
1081,463539,Masculino,Sim,59,Sim,Ator/Atriz,1.0,Medio,2.0,Cat_4,B,4158.91,8,1,9
1082,459633,Masculino,Nao,19,Nao,Enfermeiro,1.0,Baixo,2.0,Cat_6,D,11914.99,3,2,8
1083,462304,Masculino,Sim,62,Sim,Ator/Atriz,1.0,Baixo,4.0,Cat_4,B,6138.24,11,1,2
1084,467467,Masculino,Nao,19,Nao,Enfermeiro,0.0,Baixo,4.0,Cat_6,D,10971.03,8,1,2
1085,464871,Feminino,Nao,28,Sim,Entretenimento,6.0,Baixo,3.0,Cat_4,B,7789.86,35,1,5
1086,462258,Masculino,Nao,25,Nao,Medico,1.0,Baixo,4.0,Cat_6,D,10524.93,21,2,7
1087,467813,Masculino,Sim,36,Sim,Entretenimento,0.0,Baixo,2.0,Cat_4,A,6825.51,36,1,10
1088,459068,Feminino,Nao,33,Sim,Enfermeiro,2.0,Baixo,2.0,Cat_6,A,10916.49,14,2,4
1089,462701,Masculino,Sim,59,Nao,Entretenimento,0.0,Medio,4.0,Cat_6,B,7633.87,0,1,7
1090,466536,Masculino,Nao,20,Nao,Enfermeiro,4.0,Baixo,4.0,Cat_4,D,11925.06,35,1,4
1091,465668,Masculino,Nao,23,Nao,Enfermeiro,0.0,Baixo,5.0,Cat_4,D,12475.15,35,1,6
1092,460340,Feminino,Nao,46,Sim,Ator/Atriz,10.0,Baixo,2.0,Cat_6,A,7064.23,21,1,10
1093,466820,Feminino,Sim,74,Nao,Advogado,1.0,Alto,2.0,Cat_6,A,4869.26,1,1,10
1094,462922,Masculino,Nao,26,Nao,Medico,8.0,Baixo,1.0,Cat_3,D,5921.1,16,1,6
1095,464130,Masculino,Nao,41,Sim,Ator/Atriz,1.0,Baixo,3.0,Cat_6,A,1619.57,9,1,7
1096,462735,Feminino,Sim,30,Nao,Ator/Atriz,0.0,Medio,2.0,Cat_1,B,4447.03,12,1,8
1097,464412,Masculino,Sim,70,Nao,Advogado,1.0,Baixo,2.0,Cat_6,D,2839.08,13,1,3
1098,464468,Masculino,Sim,50,Sim,Ator/Atriz,1.0,Baixo,3.0,Cat_6,C,2198.17,8,1,3
1099,460173,Feminino,Sim,40,Sim,Ator/Atriz,1.0,Baixo,3.0,Cat_6,C,6017.27,10,1,8
1100,463091,Feminino,Sim,39,Sim,Do Lar,8.0,Baixo,1.0,Cat_6,D,4123.02,11,1,10
1101,467213,Feminino,Sim,88,Sim,Advogado,1.0,Alto,2.0,Cat_6,B,7205.77,30,1,10
1102,461804,Feminino,Nao,43,Sim,Ator/Atriz,0.0,Baixo,1.0,Cat_6,A,9615.39,29,2,10
1103,466649,Masculino,Nao,19,Nao,Enfermeiro,1.0,Baixo,3.0,Cat_3,D,10625.91,19,2,10
1104,460533,Feminino,Sim,45,Nao,Ator/Atriz,6.0,Baixo,1.0,Cat_6,A,6190.16,11,2,10
1105,461892,Feminino,Nao,35,Sim,Enfermeiro,0.0,Baixo,1.0,Cat_2,D,14576.0,1,4,7
1106,463656,Masculino,Sim,53,Sim,Medico,0.0,Baixo,3.0,Cat_6,A,9283.53,29,2,4
1107,462850,Masculino,Nao,21,Nao,Enfermeiro,1.0,Baixo,4.0,Cat_6,D,12732.11,15,4,9
1108,460707,Masculino,Sim,38,Nao,Ator/Atriz,1.0,Medio,3.0,Cat_6,C,2323.12,19,1,7
1109,463122,Masculino,Sim,36,Sim,Executivo,9.0,Medio,3.0,Cat_6,B,9353.42,5,1,4
1110,467588,Masculino,Sim,63,Sim,Ator/Atriz,0.0,Medio,4.0,Cat_6,C,10882.01,9,4,6
1111,462552,Masculino,Nao,31,Sim,Ator/Atriz,1.0,Baixo,2.0,Cat_6,A,10988.47,3,1,10
1112,466048,Masculino,Nao,25,Nao,Entretenimento,3.0,Baixo,1.0,Cat_4,A,5244.36,11,2,1
1113,467845,Masculino,Sim,52,Sim,Entretenimento,1.0,Baixo,2.0,Cat_6,C,5792.1,24,1,9
1114,459810,Masculino,Nao,19,Nao,Enfermeiro,1.0,Baixo,4.0,Cat_6,D,12640.25,26,1,9
1115,466572,Feminino,Nao,30,Nao,Enfermeiro,0.0,Baixo,4.0,Cat_6,D,12960.47,32,1,2
1116,464092,Feminino,Sim,59,Sim,Ator/Atriz,0.0,Medio,5.0,Cat_6,C,5593.61,6,2,8
1118,466110,Masculino,Sim,77,Sim,Advogado,0.0,Baixo,1.0,Cat_6,A,2398.65,29,1,10
1119,462353,Feminino,Sim,58,Sim,Medico,1.0,Medio,2.0,Cat_6,C,8380.41,18,1,4
1120,459904,Feminino,Sim,38,Sim,Ator/Atriz,6.0,Baixo,4.0,Cat_6,C,2530.52,18,1,9
1122,462367,Masculino,Sim,56,Sim,Ator/Atriz,1.0,Medio,3.0,Cat_6,B,6059.16,35,1,9
1123,460220,Feminino,Nao,37,Sim,Entretenimento,1.0,Baixo,2.0,Cat_2,D,6805.45,1,1,9
1124,461429,Masculino,Sim,49,Sim,Medico,1.0,Medio,4.0,Cat_6,C,4461.45,11,1,9
1125,462668,Feminino,Nao,41,Sim,Ator/Atriz,2.0,Baixo,1.0,Cat_6,B,8215.51,19,1,5
1126,461699,Masculino,Nao,28,Sim,Medico,0.0,Baixo,1.0,Cat_6,D,4315.51,21,1,6
1128,460989,Masculino,Nao,23,Nao,Enfermeiro,1.0,Baixo,3.0,Cat_1,D,12837.87,19,1,8
1129,462156,Feminino,Sim,43,Sim,Ator/Atriz,4.0,Medio,2.0,Cat_3,C,4357.14,24,1,9
1130,460507,Masculino,Nao,30,Nao,Medico,1.0,Baixo,4.0,Cat_3,D,7414.12,2,1,9
1131,462875,Masculino,Nao,20,Nao,Enfermeiro,1.0,Baixo,3.0,Cat_6,D,13262.93,32,1,10
1132,461708,Masculino,Sim,84,Nao,Advogado,0.0,Alto,2.0,Cat_6,B,3745.92,15,1,3
1133,462137,Masculino,Nao,28,Sim,Medico,1.0,Baixo,1.0,Cat_6,A,6105.99,35,1,10
1134,459630,Masculino,Sim,73,Sim,Advogado,1.0,Medio,2.0,Cat_6,A,1481.79,36,1,10
1135,465897,Feminino,Sim,42,Sim,Ator/Atriz,9.0,Baixo,1.0,Cat_6,A,4925.4,2,1,8
1136,465628,Masculino,Sim,49,Sim,Ator/Atriz,2.0,Baixo,2.0,Cat_2,A,10400.97,27,1,3
1138,460511,Feminino,Nao,31,Nao,Medico,0.0,Baixo,4.0,Cat_3,D,7505.48,34,1,2
1139,459225,Feminino,Sim,49,Sim,Ator/Atriz,0.0,Medio,4.0,Cat_6,C,7313.55,26,2,9
1140,467894,Masculino,Sim,58,Sim,Ator/Atriz,0.0,Medio,2.0,Cat_6,C,3237.67,35,1,8
1141,465076,Masculino,Sim,72,Sim,Ator/Atriz,0.0,Alto,5.0,Cat_6,C,5027.71,9,1,7
1142,467573,Masculino,Sim,45,Sim,Ator/Atriz,6.0,Medio,4.0,Cat_6,B,7337.9,27,1,4
1143,465266,Masculino,Sim,49,Sim,Entretenimento,0.0,Medio,5.0,Cat_4,B,5835.54,15,1,4
1145,467131,Masculino,Sim,50,Sim,Ator/Atriz,0.0,Baixo,2.0,Cat_6,B,8176.83,1,1,9
1146,460225,Feminino,Sim,78,Sim,Advogado,3.0,Alto,2.0,Cat_6,C,3336.28,5,1,8
1147,466360,Masculino,Nao,25,Nao,Enfermeiro,0.0,Baixo,3.0,Cat_4,B,11862.72,8,2,10
1148,465848,Feminino,Nao,28,Sim,Enfermeiro,0.0,Baixo,1.0,Cat_7,D,14443.04,23,1,6
1150,463069,Masculino,Nao,29,Sim,Ator/Atriz,7.0,Baixo,1.0,Cat_6,B,6186.83,3,1,9
1151,459795,Masculino,Nao,52,Sim,Ator/Atriz,0.0,Baixo,1.0,Cat_6,A,8108.95,31,1,7
1152,464954,Masculino,Nao,23,Nao,Enfermeiro,1.0,Baixo,4.0,Cat_4,D,14654.1,18,2,10
1153,463068,Masculino,Sim,26,Sim,Ator/Atriz,9.0,Medio,2.0,Cat_6,B,7466.78,35,1,8
1154,464834,Masculino,Sim,51,Nao,Executivo,1.0,Baixo,4.0,Cat_4,D,8434.53,19,2,10
1155,462908,Masculino,Sim,27,Nao,Executivo,10.0,Alto,3.0,Cat_6,A,2072.77,2,1,10
1156,464032,Masculino,Nao,20,Nao,Enfermeiro,1.0,Baixo,3.0,Cat_6,D,10963.82,33,2,8
1157,459307,Masculino,Sim,62,Sim,Entretenimento,0.0,Baixo,1.0,Cat_6,B,7442.14,12,1,10
1159,465611,Masculino,Nao,53,Sim,Medico,0.0,Baixo,1.0,Cat_6,C,13226.96,17,4,8
1160,466322,Masculino,Nao,28,Nao,Medico,0.0,Baixo,3.0,Cat_3,B,6159.18,23,1,8
1162,461870,Feminino,Sim,45,Sim,Ator/Atriz,0.0,Medio,2.0,Cat_6,C,8458.77,20,1,10
1163,466966,Masculino,Sim,61,Sim,Entretenimento,1.0,Medio,2.0,Cat_6,C,7827.63,5,1,6
1164,465672,Masculino,Nao,42,Nao,Executivo,9.0,Baixo,3.0,Cat_4,D,6870.12,3,1,8
1165,459317,Masculino,Sim,52,Sim,Executivo,1.0,Alto,4.0,Cat_6,C,4682.23,17,1,10
1166,464362,Feminino,Sim,51,Sim,Ator/Atriz,1.0,Baixo,1.0,Cat_6,C,2619.76,4,1,8
1167,465683,Feminino,Nao,49,Nao,Entretenimento,1.0,Baixo,2.0,Cat_4,A,7451.94,12,1,10
1169,459421,Masculino,Sim,29,Nao,Enfermeiro,0.0,Medio,4.0,Cat_6,A,15057.59,26,3,2
1170,461613,Feminino,Nao,25,Sim,Enfermeiro,8.0,Baixo,4.0,Cat_5,C,14409.33,11,1,10
1172,459247,Masculino,Sim,60,Sim,Executivo,0.0,Medio,5.0,Cat_6,C,8450.44,5,1,9
1173,460770,Feminino,Nao,25,Sim,Enfermeiro,5.0,Baixo,3.0,Cat_3,A,13045.46,29,2,6
1174,465047,Masculino,Sim,55,Sim,Executivo,8.0,Alto,2.0,Cat_6,C,13980.61,32,1,9
1175,467013,Masculino,Sim,66,Sim,Executivo,0.0,Alto,2.0,Cat_6,C,16024.13,35,1,7
1176,465894,Masculino,Nao,27,Sim,Ator/Atriz,8.0,Baixo,6.0,Cat_6,D,8603.91,25,1,4
1177,462702,Masculino,Sim,51,Nao,Entretenimento,1.0,Medio,4.0,Cat_4,A,6528.94,28,2,10
1178,465431,Masculino,Sim,35,Nao,Ator/Atriz,0.0,Baixo,2.0,Cat_6,B,3150.56,16,1,10
1179,466386,Masculino,Sim,65,Sim,Executivo,1.0,Baixo,2.0,Cat_4,B,17299.63,21,2,10
1181,462186,Feminino,Nao,21,Nao,Medico,0.0,Baixo,3.0,Cat_1,D,4811.32,9,1,10
1182,463432,Masculino,Nao,36,Sim,Ator/Atriz,0.0,Baixo,1.0,Cat_6,B,7087.63,29,1,8
1183,466753,Feminino,Sim,70,Sim,Ator/Atriz,1.0,Medio,2.0,Cat_3,C,9049.85,6,1,8
1184,465123,Feminino,Nao,28,Sim,Enfermeiro,1.0,Baixo,3.0,Cat_6,A,9536.54,8,1,8
1185,459965,Masculino,Nao,25,Sim,Ator/Atriz,7.0,Baixo,1.0,Cat_2,A,2051.54,20,1,9
1186,466030,Feminino,Sim,36,Nao,Entretenimento,8.0,Baixo,2.0,Cat_6,B,5473.3,33,2,10
1187,462582,Masculino,Nao,20,Nao,Enfermeiro,0.0,Baixo,4.0,Cat_4,D,12564.58,1,2,9
1188,461466,Masculino,Sim,49,Nao,Ator/Atriz,0.0,Baixo,2.0,Cat_7,A,8523.73,19,1,9
1189,464380,Feminino,Sim,49,Sim,Ator/Atriz,6.0,Medio,6.0,Cat_6,C,4171.35,2,1,9
1190,466846,Masculino,Nao,18,Nao,Enfermeiro,2.0,Baixo,4.0,Cat_2,D,13711.44,6,1,3
1192,459481,Masculino,Sim,47,Nao,Advogado,0.0,Baixo,2.0,Cat_6,A,3833.26,21,1,4
1193,465136,Masculino,Sim,47,Sim,Ator/Atriz,0.0,Medio,2.0,Cat_6,C,8031.31,23,1,7
1194,466534,Masculino,Nao,28,Nao,Enfermeiro,0.0,Baixo,9.0,Cat_6,D,12002.34,13,1,4
1195,466411,Masculino,Sim,58,Sim,Ator/Atriz,1.0,Medio,3.0,Cat_3,B,2701.17,26,1,9
1196,462576,Feminino,Nao,21,Nao,Enfermeiro,9.0,Baixo,4.0,Cat_3,D,11500.66,7,2,10
1197,467704,Masculino,Sim,53,Sim,Ator/Atriz,1.0,Medio,2.0,Cat_6,C,3001.06,9,1,4
1198,465303,Feminino,Sim,67,Sim,Ator/Atriz,1.0,Medio,3.0,Cat_2,C,7554.91,13,2,10
1199,467703,Masculino,Nao,26,Sim,Enfermeiro,1.0,Baixo,5.0,Cat_6,D,11020.97,3,2,10
1200,465493,Feminino,Nao,26,Nao,Ator/Atriz,0.0,Baixo,3.0,Cat_4,A,8324.7,14,1,10
1201,461322,Masculino,Sim,40,Sim,Ator/Atriz,0.0,Medio,2.0,Cat_6,C,8385.41,4,1,3
1202,461706,Masculino,Nao,25,Sim,Enfermeiro,0.0,Baixo,3.0,Cat_6,D,13893.47,31,1,5
1203,463629,Masculino,Nao,41,Sim,Ator/Atriz,1.0,Baixo,1.0,Cat_6,B,6423.79,1,1,9
1204,465140,Masculino,Sim,45,Sim,Executivo,5.0,Alto,3.0,Cat_7,B,11888.35,24,2,8
1205,459308,Feminino,Sim,47,Sim,Ator/Atriz,0.0,Medio,2.0,Cat_6,C,10885.35,33,2,9
1207,459179,Masculino,Sim,60,Nao,Entretenimento,0.0,Medio,3.0,Cat_6,B,6899.13,18,1,9
1208,462654,Masculino,Sim,39,Nao,Ator/Atriz,1.0,Medio,6.0,Cat_4,A,6365.24,26,2,8
1212,460360,Feminino,Sim,38,Sim,Ator/Atriz,2.0,Baixo,1.0,Cat_4,A,10814.65,24,4,7
1213,464472,Feminino,Nao,27,Sim,Ator/Atriz,0.0,Baixo,3.0,Cat_6,C,9550.35,7,2,8
1214,467422,Feminino,Sim,58,Sim,Ator/Atriz,0.0,Medio,2.0,Cat_6,C,6087.38,24,1,10
1215,463116,Masculino,Sim,62,Sim,Ator/Atriz,1.0,Alto,2.0,Cat_6,B,9086.58,32,1,5
1216,460177,Masculino,Nao,48,Sim,Ator/Atriz,1.0,Baixo,1.0,Cat_6,B,9537.03,32,1,10
1217,465081,Masculino,Sim,57,Sim,Executivo,7.0,Alto,2.0,Cat_6,C,10308.95,17,1,9
1218,467810,Masculino,Sim,42,Sim,Ator/Atriz,0.0,Medio,5.0,Cat_6,C,5285.9,22,1,9
1219,465063,Feminino,Sim,68,Sim,Advogado,1.0,Alto,2.0,Cat_6,C,1531.6,20,1,10
1221,465713,Masculino,Sim,59,Sim,Ator/Atriz,0.0,Medio,4.0,Cat_6,C,5567.15,1,1,8
1222,462555,Masculino,Sim,36,Sim,Ator/Atriz,1.0,Medio,2.0,Cat_4,C,7632.42,16,2,10
1223,461615,Masculino,Nao,25,Sim,Medico,1.0,Baixo,2.0,Cat_6,D,5135.12,19,1,9
1224,461532,Masculino,Sim,48,Sim,Entretenimento,1.0,Baixo,1.0,Cat_6,A,6131.1,26,1,9
1225,459175,Feminino,Sim,70,Sim,Ator/Atriz,1.0,Medio,2.0,Cat_6,C,5541.3,20,1,9
1227,464339,Masculino,Nao,26,Nao,Ator/Atriz,0.0,Baixo,2.0,Cat_6,D,13184.32,2,1,9
1228,465074,Masculino,Nao,25,Sim,Ator/Atriz,1.0,Baixo,4.0,Cat_6,A,3261.01,18,1,9
1229,465282,Feminino,Nao,36,Sim,Ator/Atriz,0.0,Baixo,3.0,Cat_6,A,5912.56,7,1,8
1230,460488,Masculino,Nao,42,Nao,Medico,0.0,Baixo,1.0,Cat_3,D,4136.9,36,1,7
1231,464554,Feminino,Nao,35,Sim,Ator/Atriz,0.0,Baixo,7.0,Cat_2,C,1734.76,35,1,8
1233,462073,Feminino,Nao,36,Sim,Ator/Atriz,6.0,Baixo,1.0,Cat_6,C,8317.31,19,1,9
1234,459901,Masculino,Sim,47,Sim,Ator/Atriz,0.0,Medio,3.0,Cat_6,C,4222.7,27,1,2
1235,460858,Masculino,Nao,19,Nao,Enfermeiro,1.0,Baixo,4.0,Cat_3,D,13078.88,35,2,7
1236,461895,Masculino,Sim,36,Sim,Entretenimento,1.0,Baixo,2.0,Cat_6,B,6655.05,10,1,5
1237,467308,Feminino,Nao,28,Sim,Medico,0.0,Baixo,3.0,Cat_3,C,10694.56,28,2,8
1238,467584,Masculino,Sim,52,Nao,Medico,1.0,Medio,4.0,Cat_6,B,4054.38,26,1,2
1239,462622,Masculino,Sim,47,Nao,Executivo,0.0,Baixo,4.0,Cat_4,D,10884.3,30,1,7
1240,460100,Feminino,Nao,29,Sim,Medico,1.0,Baixo,1.0,Cat_3,A,7716.55,8,1,9
1241,466591,Feminino,Nao,23,Nao,Enfermeiro,0.0,Baixo,4.0,Cat_6,D,13870.63,12,2,8
1242,462849,Masculino,Sim,50,Sim,Ator/Atriz,0.0,Medio,4.0,Cat_6,C,6428.95,5,2,9
1243,466410,Feminino,Sim,56,Sim,Ator/Atriz,0.0,Baixo,1.0,Cat_6,B,6792.09,16,1,10
1244,464141,Masculino,Sim,32,Sim,Entretenimento,9.0,Alto,2.0,Cat_4,A,5369.71,16,4,6
1245,461564,Masculino,Sim,63,Sim,Executivo,1.0,Alto,2.0,Cat_6,C,11735.36,16,2,8
1246,463219,Masculino,Sim,50,Nao,Entretenimento,0.0,Baixo,2.0,Cat_6,D,6522.04,19,1,5
1247,464009,Feminino,Sim,49,Sim,Ator/Atriz,7.0,Medio,4.0,Cat_6,B,4447.23,21,1,10
1248,460573,Masculino,Nao,62,Nao,Enfermeiro,8.0,Baixo,1.0,Cat_3,C,13631.95,17,2,8
1250,467126,Feminino,Sim,45,Sim,Ator/Atriz,0.0,Baixo,1.0,Cat_3,B,5324.82,8,1,9
1251,462924,Feminino,Sim,31,Nao,Do Lar,8.0,Medio,2.0,Cat_6,D,4733.23,34,1,10
1252,462488,Masculino,Nao,33,Sim,Enfermeiro,0.0,Baixo,5.0,Cat_6,D,13121.33,35,2,7
1253,461640,Masculino,Sim,52,Sim,Ator/Atriz,1.0,Medio,2.0,Cat_6,C,5126.39,33,1,10
1254,465504,Masculino,Nao,42,Sim,Entretenimento,0.0,Baixo,2.0,Cat_6,B,7507.8,22,1,10
1255,460902,Masculino,Nao,38,Sim,Executivo,1.0,Baixo,3.0,Cat_6,A,9895.76,15,2,10
1256,459657,Masculino,Sim,84,Sim,Advogado,1.0,Alto,2.0,Cat_6,B,6555.77,33,1,10
1257,465054,Masculino,Sim,67,Sim,Executivo,1.0,Alto,3.0,Cat_6,C,3251.66,7,1,5
1258,464000,Feminino,Nao,32,Nao,Enfermeiro,0.0,Baixo,5.0,Cat_7,C,12503.79,27,2,10
1259,460324,Feminino,Nao,33,Sim,Entretenimento,12.0,Baixo,2.0,Cat_6,A,6536.53,9,1,2
1260,462468,Feminino,Nao,30,Sim,Enfermeiro,2.0,Baixo,5.0,Cat_6,D,14861.76,8,2,5
1261,465245,Masculino,Nao,18,Nao,Enfermeiro,1.0,Baixo,4.0,Cat_4,D,13690.96,26,1,4
1262,467919,Feminino,Sim,47,Sim,Ator/Atriz,7.0,Medio,2.0,Cat_6,C,10568.02,30,1,10
1263,463716,Masculino,Nao,29,Nao,Medico,1.0,Baixo,4.0,Cat_6,D,4130.33,16,1,8
1264,463769,Masculino,Sim,63,Nao,Executivo,0.0,Alto,4.0,Cat_6,B,10739.95,17,3,10
1265,462327,Masculino,Sim,27,Sim,Entretenimento,0.0,Baixo,4.0,Cat_7,D,5774.02,14,2,10
1266,463882,Feminino,Sim,43,Sim,Ator/Atriz,1.0,Baixo,1.0,Cat_1,A,4197.95,37,1,10
1267,462282,Masculino,Nao,29,Nao,Enfermeiro,1.0,Baixo,3.0,Cat_6,D,11864.33,18,1,4
1270,461434,Feminino,Sim,32,Sim,Executivo,4.0,Alto,3.0,Cat_7,C,13296.26,15,1,10
1271,465404,Feminino,Sim,25,Sim,Entretenimento,0.0,Medio,2.0,Cat_1,A,4569.01,34,1,9
1272,462337,Feminino,Sim,79,Sim,Advogado,1.0,Alto,2.0,Cat_4,B,3922.49,23,1,10
1273,461921,Feminino,Nao,41,Sim,Ator/Atriz,0.0,Baixo,1.0,Cat_6,A,6610.05,25,1,10
1274,463763,Masculino,Sim,36,Sim,Ator/Atriz,4.0,Medio,2.0,Cat_6,C,9194.62,21,2,10
1275,467749,Masculino,Nao,19,Nao,Enfermeiro,1.0,Baixo,9.0,Cat_7,D,14787.47,25,4,5
1276,463850,Masculino,Sim,26,Nao,Entretenimento,0.0,Alto,2.0,Cat_6,D,6974.6,24,1,9
1277,460381,Masculino,Nao,28,Sim,Ator/Atriz,13.0,Baixo,2.0,Cat_6,A,2115.52,4,1,10
1278,460946,Masculino,Nao,84,Nao,Ator/Atriz,0.0,Baixo,1.0,Cat_6,D,4021.8,0,1,10
1279,464329,Masculino,Sim,81,Nao,Advogado,1.0,Baixo,2.0,Cat_6,D,5441.72,12,1,10
1280,467209,Feminino,Nao,35,Sim,Enfermeiro,1.0,Baixo,1.0,Cat_6,D,15364.89,13,1,6
1281,461897,Masculino,Sim,55,Sim,Medico,0.0,Medio,2.0,Cat_6,C,4555.42,6,1,3
1282,462920,Masculino,Sim,50,Nao,Executivo,0.0,Alto,5.0,Cat_6,B,6624.43,9,1,10
1283,460994,Masculino,Sim,78,Sim,Advogado,0.0,Baixo,5.0,Cat_6,A,5992.76,10,1,7
1284,462868,Masculino,Sim,36,Nao,Entretenimento,0.0,Medio,4.0,Cat_4,A,6033.42,29,1,10
1286,462663,Masculino,Sim,48,Nao,Entretenimento,6.0,Medio,5.0,Cat_4,B,4298.15,4,1,7
1289,465042,Masculino,Sim,36,Sim,Ator/Atriz,1.0,Medio,4.0,Cat_6,C,8986.48,37,1,10
1291,460009,Masculino,Nao,46,Sim,Ator/Atriz,0.0,Baixo,1.0,Cat_6,B,5177.74,7,1,7
1293,467827,Feminino,Nao,22,Nao,Enfermeiro,0.0,Baixo,4.0,Cat_6,D,14370.42,26,1,3
1294,463795,Masculino,Nao,18,Nao,Medico,1.0,Baixo,6.0,Cat_6,B,5441.2,2,1,6
1295,464313,Masculino,Sim,30,Nao,Do Lar,1.0,Medio,3.0,Cat_6,D,4380.02,18,1,8
1296,459230,Masculino,Sim,43,Nao,Ator/Atriz,7.0,Alto,4.0,Cat_6,B,7160.57,15,1,2
1297,462245,Feminino,Sim,49,Sim,Ator/Atriz,1.0,Medio,3.0,Cat_6,C,6158.67,3,1,5
1298,462926,Feminino,Nao,40,Sim,Do Lar,9.0,Baixo,2.0,Cat_6,A,4722.52,27,1,4
1299,460743,Masculino,Sim,55,Sim,Ator/Atriz,0.0,Medio,3.0,Cat_6,C,7437.74,29,1,3
1300,464656,Feminino,Nao,33,Nao,Enfermeiro,1.0,Baixo,7.0,Cat_4,B,14509.91,20,1,10
1301,467656,Masculino,Nao,31,Sim,Enfermeiro,1.0,Baixo,5.0,Cat_6,D,11900.89,10,2,10
1302,460978,Feminino,Nao,35,Sim,Enfermeiro,3.0,Baixo,6.0,Cat_2,D,12295.74,32,4,7
1303,467684,Masculino,Nao,40,Sim,Enfermeiro,8.0,Baixo,3.0,Cat_2,D,12942.45,1,2,10
1304,467089,Masculino,Sim,69,Nao,Ator/Atriz,0.0,Medio,3.0,Cat_6,B,6790.16,22,2,9
1305,466091,Feminino,Sim,46,Sim,Ator/Atriz,1.0,Baixo,4.0,Cat_4,B,6222.29,3,1,5
1307,458997,Masculino,Sim,61,Sim,Ator/Atriz,1.0,Medio,2.0,Cat_6,B,7723.31,0,2,10
1309,464507,Masculino,Sim,53,Sim,Ator/Atriz,0.0,Alto,3.0,Cat_6,C,2383.77,18,1,9
1311,467521,Masculino,Nao,19,Nao,Enfermeiro,7.0,Baixo,3.0,Cat_6,D,13255.8,33,2,7
1312,462743,Masculino,Nao,26,Nao,Enfermeiro,3.0,Baixo,4.0,Cat_3,D,12618.94,30,1,5
1314,463884,Feminino,Nao,26,Nao,Ator/Atriz,1.0,Baixo,1.0,Cat_6,D,6244.69,35,2,7
1315,463860,Masculino,Sim,39,Sim,Enfermeiro,0.0,Alto,3.0,Cat_6,C,13149.27,32,4,10
1316,459184,Masculino,Sim,39,Sim,Entretenimento,1.0,Baixo,4.0,Cat_4,A,7075.86,15,2,7
1317,460201,Feminino,Nao,45,Sim,Ator/Atriz,2.0,Baixo,1.0,Cat_6,A,10329.76,22,1,8
1318,464989,Masculino,Sim,47,Nao,Entretenimento,0.0,Medio,4.0,Cat_6,C,7403.81,18,1,5
1319,467782,Feminino,Nao,30,Sim,Entretenimento,0.0,Baixo,5.0,Cat_2,A,6298.67,33,1,10
1320,464923,Masculino,Sim,48,Nao,Executivo,5.0,Alto,2.0,Cat_4,A,8083.39,18,1,5
1322,462119,Masculino,Sim,71,Sim,Entretenimento,0.0,Baixo,2.0,Cat_6,A,5445.51,2,1,10
1323,465132,Feminino,Nao,41,Sim,Ator/Atriz,0.0,Baixo,1.0,Cat_6,A,7849.4,18,1,10
1324,463873,Masculino,Sim,57,Sim,Ator/Atriz,1.0,Medio,5.0,Cat_6,C,10581.11,1,4,6
1325,467633,Masculino,Sim,49,Nao,Entretenimento,0.0,Baixo,1.0,Cat_6,A,6802.02,14,1,9
1326,462780,Masculino,Sim,21,Nao,Enfermeiro,1.0,Alto,8.0,Cat_4,B,14903.66,0,1,2
1327,462445,Masculino,Nao,18,Nao,Enfermeiro,0.0,Baixo,3.0,Cat_6,D,12440.67,35,1,10
1328,460664,Feminino,Nao,33,Nao,Do Lar,8.0,Baixo,1.0,Cat_6,D,4739.77,12,1,8
1329,465992,Masculino,Sim,53,Sim,Entretenimento,1.0,Baixo,3.0,Cat_6,A,7290.64,2,1,9
1330,463990,Masculino,Sim,55,Sim,Ator/Atriz,1.0,Medio,2.0,Cat_4,B,6705.49,26,1,8
1331,463128,Masculino,Sim,73,Sim,Advogado,0.0,Alto,4.0,Cat_6,A,5821.9,8,1,6
1332,460775,Masculino,Sim,59,Sim,Ator/Atriz,0.0,Baixo,2.0,Cat_6,A,10103.8,33,1,10
1333,464118,Masculino,Nao,38,Sim,Entretenimento,0.0,Baixo,2.0,Cat_6,D,6567.73,36,1,10
1334,459264,Feminino,Nao,42,Sim,Ator/Atriz,0.0,Baixo,2.0,Cat_6,C,9177.32,37,2,9
1335,464069,Feminino,Sim,83,Sim,Advogado,1.0,Alto,2.0,Cat_6,A,5095.45,2,1,4
1336,465564,Masculino,Sim,46,Nao,Ator/Atriz,0.0,Medio,4.0,Cat_3,B,6488.62,11,2,8
1337,466387,Masculino,Sim,37,Sim,Entretenimento,8.0,Medio,2.0,Cat_6,B,5607.38,21,2,7
1339,465977,Masculino,Sim,71,Sim,Ator/Atriz,0.0,Medio,2.0,Cat_6,C,8736.14,31,1,8
1340,462775,Feminino,Nao,18,Nao,Enfermeiro,7.0,Baixo,3.0,Cat_6,D,14546.28,37,4,9
1341,460286,Feminino,Nao,41,Sim,Ator/Atriz,4.0,Baixo,1.0,Cat_6,D,5984.43,32,2,8
1342,466294,Masculino,Sim,27,Sim,Enfermeiro,0.0,Baixo,5.0,Cat_4,D,12602.15,17,1,10
1343,466037,Feminino,Nao,53,Nao,Entretenimento,1.0,Baixo,1.0,Cat_4,A,7279.79,16,1,7
1344,466335,Feminino,Nao,28,Nao,Enfermeiro,0.0,Baixo,3.0,Cat_4,B,14710.52,1,1,10
1345,461933,Masculino,Nao,18,Nao,Medico,0.0,Baixo,2.0,Cat_5,D,2955.82,31,1,10
1346,466681,Masculino,Nao,19,Nao,Enfermeiro,2.0,Baixo,4.0,Cat_6,D,14046.52,11,2,10
1347,466605,Feminino,Nao,32,Nao,Enfermeiro,0.0,Baixo,4.0,Cat_3,B,12250.43,15,2,8
1348,461332,Masculino,Nao,30,Nao,Enfermeiro,1.0,Baixo,4.0,Cat_2,C,13820.31,28,4,9
1349,461610,Masculino,Nao,36,Sim,Medico,0.0,Baixo,1.0,Cat_6,B,7328.4,20,1,10
1350,467707,Masculino,Sim,82,Sim,Advogado,5.0,Alto,2.0,Cat_6,A,5422.11,3,1,6
1351,465158,Masculino,Nao,45,Sim,Ator/Atriz,1.0,Baixo,1.0,Cat_6,A,2590.17,16,1,9
1352,459903,Masculino,Sim,27,Sim,Entretenimento,9.0,Baixo,4.0,Cat_6,C,6431.3,12,2,3
1353,464021,Feminino,Nao,18,Nao,Enfermeiro,1.0,Baixo,5.0,Cat_6,D,10962.87,17,4,10
1354,463325,Masculino,Sim,22,Nao,Medico,1.0,Baixo,4.0,Cat_6,A,7900.76,15,1,10
1355,459660,Feminino,Nao,22,Nao,Enfermeiro,2.0,Baixo,6.0,Cat_6,D,13790.24,22,3,5
1356,466423,Feminino,Nao,42,Nao,Do Lar,8.0,Baixo,1.0,Cat_3,D,4956.25,37,1,8
1357,465585,Masculino,Sim,69,Nao,Medico,1.0,Baixo,1.0,Cat_6,A,4221.02,8,1,10
1358,462671,Feminino,Sim,43,Sim,Do Lar,8.0,Alto,2.0,Cat_6,A,4533.93,12,1,5
1359,459603,Feminino,Sim,89,Nao,Advogado,3.0,Alto,2.0,Cat_6,A,4480.41,22,1,9
1360,463614,Feminino,Nao,26,Nao,Enfermeiro,1.0,Baixo,4.0,Cat_3,C,11950.5,24,3,3
1361,465152,Masculino,Nao,43,Sim,Ator/Atriz,1.0,Baixo,3.0,Cat_6,B,5258.49,0,1,9
1362,460525,Masculino,Sim,30,Sim,Entretenimento,1.0,Medio,2.0,Cat_3,C,6306.05,14,1,8
1363,466108,Feminino,Sim,60,Sim,Executivo,0.0,Baixo,2.0,Cat_6,B,14174.46,29,2,10
1364,465400,Feminino,Sim,38,Sim,Medico,7.0,Alto,4.0,Cat_3,C,5938.01,15,1,10
1365,465681,Masculino,Sim,45,Sim,Entretenimento,0.0,Medio,2.0,Cat_4,A,4377.72,8,1,2
1366,466251,Masculino,Nao,20,Nao,Enfermeiro,3.0,Baixo,4.0,Cat_4,D,14581.84,30,3,9
1368,460569,Masculino,Sim,36,Sim,Entretenimento,1.0,Medio,4.0,Cat_3,C,6197.05,33,1,9
1370,463628,Feminino,Nao,30,Sim,Ator/Atriz,9.0,Baixo,1.0,Cat_6,A,8735.83,1,2,10
1371,467817,Feminino,Nao,23,Nao,Do Lar,0.0,Baixo,5.0,Cat_5,B,4321.72,20,1,6
1372,460406,Masculino,Sim,39,Sim,Enfermeiro,4.0,Baixo,2.0,Cat_6,B,11490.7,32,2,8
1373,464122,Masculino,Sim,63,Sim,Ator/Atriz,0.0,Medio,4.0,Cat_6,B,4873.42,8,1,2
1374,459658,Masculino,Sim,60,Sim,Ator/Atriz,1.0,Medio,3.0,Cat_6,C,9474.38,31,1,10
1375,462757,Masculino,Nao,20,Nao,Enfermeiro,1.0,Baixo,3.0,Cat_6,D,13941.2,34,3,1
1376,459529,Feminino,Sim,89,Nao,Advogado,1.0,Alto,2.0,Cat_6,A,4247.09,6,1,10
1377,465920,Masculino,Nao,43,Sim,Executivo,1.0,Baixo,4.0,Cat_6,A,9464.64,20,1,8
1378,463262,Feminino,Sim,70,Nao,Advogado,3.0,Alto,2.0,Cat_6,A,7440.16,30,1,9
1379,465631,Masculino,Nao,35,Sim,Ator/Atriz,9.0,Baixo,1.0,Cat_6,A,9221.73,13,1,7
1380,467164,Masculino,Sim,42,Sim,Ator/Atriz,0.0,Alto,2.0,Cat_6,B,9847.9,29,1,9
1381,467859,Masculino,Sim,39,Sim,Medico,6.0,Medio,2.0,Cat_3,C,5524.49,19,2,6
1382,461703,Feminino,Sim,29,Sim,Enfermeiro,0.0,Baixo,2.0,Cat_6,A,14410.07,11,2,5
1383,466097,Feminino,Sim,74,Nao,Advogado,1.0,Baixo,1.0,Cat_6,A,3451.39,13,1,8
1384,464390,Masculino,Sim,41,Sim,Ator/Atriz,1.0,Baixo,2.0,Cat_6,C,7719.02,10,1,9
1385,465423,Masculino,Sim,51,Sim,Entretenimento,0.0,Medio,4.0,Cat_7,C,7104.5,19,1,5
1386,461337,Masculino,Sim,50,Sim,Executivo,1.0,Alto,3.0,Cat_6,C,11859.35,35,2,8
1388,460390,Masculino,Nao,36,Sim,Ator/Atriz,9.0,Baixo,3.0,Cat_6,A,11936.67,21,3,4
1389,465286,Masculino,Nao,36,Sim,Ator/Atriz,8.0,Baixo,1.0,Cat_6,B,4130.03,25,1,7
1390,460294,Feminino,Sim,50,Sim,Medico,1.0,Baixo,2.0,Cat_6,D,7985.44,1,1,1
1391,461248,Feminino,Nao,37,Nao,Enfermeiro,1.0,Baixo,1.0,Cat_6,D,13441.39,14,1,10
1392,464336,Masculino,Sim,65,Sim,Executivo,0.0,Alto,4.0,Cat_6,C,15198.3,25,1,10
1393,467595,Feminino,Nao,26,Sim,Enfermeiro,0.0,Baixo,1.0,Cat_6,D,14235.73,29,4,9
1394,466406,Masculino,Sim,55,Sim,Entretenimento,1.0,Baixo,3.0,Cat_6,A,7355.94,0,1,9
1395,465092,Masculino,Sim,65,Sim,Executivo,0.0,Alto,2.0,Cat_6,C,14761.33,34,1,10
1396,459492,Feminino,Sim,72,Sim,Advogado,1.0,Alto,2.0,Cat_6,A,6003.24,32,1,10
1397,461426,Masculino,Sim,51,Sim,Ator/Atriz,7.0,Medio,2.0,Cat_6,C,2777.61,17,1,10
1398,467022,Masculino,Nao,25,Sim,Ator/Atriz,1.0,Baixo,5.0,Cat_6,D,2881.97,20,1,8
1399,467330,Masculino,Sim,38,Nao,Executivo,0.0,Alto,3.0,Cat_6,C,16721.03,4,3,9
1400,461320,Feminino,Nao,39,Sim,Ator/Atriz,0.0,Baixo,3.0,Cat_6,B,9519.81,25,1,8
1401,466283,Feminino,Sim,62,Sim,Ator/Atriz,0.0,Alto,2.0,Cat_6,B,4010.27,15,1,10
1402,463705,Feminino,Sim,37,Sim,Ator/Atriz,4.0,Medio,2.0,Cat_2,C,2536.49,36,1,6
1405,466543,Masculino,Nao,31,Sim,Medico,14.0,Baixo,2.0,Cat_7,A,4363.75,13,1,10
1406,463772,Feminino,Nao,31,Nao,Enfermeiro,1.0,Baixo,3.0,Cat_6,D,10827.75,3,1,8
1407,459757,Masculino,Sim,67,Sim,Ator/Atriz,1.0,Medio,2.0,Cat_6,B,4206.6,11,1,10
1408,464452,Feminino,Nao,72,Sim,Advogado,0.0,Baixo,1.0,Cat_6,C,5103.55,25,1,10
1410,464368,Masculino,Sim,36,Sim,Entretenimento,4.0,Medio,2.0,Cat_6,B,7945.81,28,1,8
1411,466923,Feminino,Nao,21,Nao,Do Lar,9.0,Baixo,1.0,Cat_6,D,4786.18,29,1,5
1412,459878,Masculino,Sim,47,Nao,Entretenimento,1.0,Medio,5.0,Cat_6,C,8182.68,19,1,8
1413,467279,Feminino,Nao,25,Sim,Entretenimento,8.0,Baixo,3.0,Cat_6,D,6751.92,10,1,7
1415,460787,Masculino,Nao,29,Sim,Enfermeiro,0.0,Baixo,4.0,Cat_6,A,12706.61,19,2,7
1416,466240,Masculino,Nao,21,Nao,Enfermeiro,0.0,Baixo,3.0,Cat_4,D,14116.61,31,1,2
1417,466621,Masculino,Sim,66,Sim,Advogado,0.0,Baixo,1.0,Cat_6,C,3983.8,22,1,8
1418,464619,Masculino,Sim,27,Sim,Entretenimento,10.0,Baixo,2.0,Cat_6,B,6337.97,22,2,10
1419,467404,Masculino,Sim,52,Sim,Ator/Atriz,4.0,Baixo,1.0,Cat_6,C,6348.44,5,2,7
1420,461314,Masculino,Sim,46,Sim,Ator/Atriz,1.0,Medio,3.0,Cat_6,C,7995.77,0,1,10
1421,463340,Feminino,Nao,23,Nao,Enfermeiro,0.0,Baixo,4.0,Cat_3,D,12981.47,29,4,2
1422,467870,Masculino,Nao,27,Sim,Entretenimento,0.0,Baixo,5.0,Cat_6,B,6141.98,33,2,7
1423,462200,Feminino,Sim,52,Sim,Medico,1.0,Baixo,3.0,Cat_4,B,4540.81,32,1,10
1424,465591,Masculino,Sim,65,Nao,Ator/Atriz,0.0,Medio,2.0,Cat_4,A,8686.6,34,1,7
1425,460812,Masculino,Sim,59,Nao,Entretenimento,1.0,Baixo,2.0,Cat_6,A,7765.94,37,2,8
1426,467105,Feminino,Sim,45,Sim,Advogado,0.0,Baixo,1.0,Cat_6,B,2074.14,5,1,3
1428,461726,Feminino,Sim,53,Sim,Ator/Atriz,1.0,Medio,4.0,Cat_3,C,7710.64,15,1,2
1429,463577,Feminino,Sim,37,Sim,Medico,1.0,Medio,2.0,Cat_6,C,4843.28,33,1,7
1430,463038,Masculino,Sim,63,Sim,Executivo,0.0,Alto,5.0,Cat_6,D,14732.6,6,3,6
1431,464928,Feminino,Sim,50,Sim,Ator/Atriz,1.0,Baixo,3.0,Cat_4,C,6433.53,7,1,8
1432,467312,Feminino,Sim,62,Sim,Ator/Atriz,1.0,Baixo,2.0,Cat_6,C,12756.7,25,2,10
1433,464887,Masculino,Sim,49,Sim,Ator/Atriz,1.0,Medio,8.0,Cat_4,C,2946.46,5,1,5
1434,460555,Masculino,Sim,46,Sim,Do Lar,6.0,Medio,3.0,Cat_3,C,4570.38,6,1,10
1435,461329,Masculino,Sim,53,Sim,Executivo,1.0,Alto,4.0,Cat_6,C,15383.59,10,3,10
1436,459648,Feminino,Sim,42,Sim,Ator/Atriz,2.0,Alto,2.0,Cat_6,C,7499.72,36,1,9
1437,460835,Feminino,Sim,28,Sim,Ator/Atriz,0.0,Baixo,1.0,Cat_5,A,8309.76,6,1,10
1439,460868,Masculino,Sim,35,Sim,Ator/Atriz,1.0,Medio,2.0,Cat_6,B,6245.81,30,2,10
1440,467485,Masculino,Sim,58,Sim,Advogado,0.0,Alto,2.0,Cat_6,B,3422.78,5,1,10
1441,467351,Masculino,Sim,41,Nao,Ator/Atriz,8.0,Medio,2.0,Cat_6,C,4791.52,5,1,9
1442,465864,Masculino,Sim,32,Sim,Entretenimento,9.0,Medio,2.0,Cat_6,D,7986.93,33,4,10
1443,467232,Masculino,Nao,33,Nao,Entretenimento,0.0,Baixo,2.0,Cat_6,A,7174.74,36,1,9
1444,466855,Masculino,Sim,69,Nao,Entretenimento,0.0,Baixo,5.0,Cat_3,A,7644.1,30,1,9
1445,467238,Feminino,Nao,31,Nao,Medico,6.0,Baixo,4.0,Cat_6,D,6690.4,30,1,8
1447,459047,Feminino,Nao,21,Nao,Enfermeiro,1.0,Baixo,5.0,Cat_4,D,11398.28,23,2,8
1448,464363,Feminino,Sim,41,Sim,Ator/Atriz,9.0,Baixo,1.0,Cat_6,C,5657.95,19,2,5
1449,462565,Masculino,Sim,49,Sim,Ator/Atriz,1.0,Medio,4.0,Cat_6,C,5648.68,19,2,10
1450,463226,Feminino,Sim,38,Sim,Executivo,0.0,Medio,2.0,Cat_6,A,2323.64,21,1,10
1451,467671,Feminino,Sim,52,Sim,Ator/Atriz,9.0,Baixo,4.0,Cat_6,C,7665.61,10,2,7
1452,460374,Feminino,Nao,46,Sim,Ator/Atriz,6.0,Baixo,2.0,Cat_6,C,5599.41,6,2,10
1453,463077,Masculino,Nao,28,Nao,Medico,4.0,Baixo,3.0,Cat_6,C,7342.7,27,1,8
1454,462719,Feminino,Sim,55,Sim,Ator/Atriz,0.0,Alto,5.0,Cat_6,B,7005.89,0,1,7
1455,459729,Feminino,Nao,41,Sim,Enfermeiro,1.0,Baixo,1.0,Cat_6,D,12798.5,24,1,10
1456,459084,Masculino,Sim,47,Nao,Executivo,0.0,Alto,2.0,Cat_7,B,12167.99,18,4,1
1457,467924,Masculino,Sim,52,Sim,Ator/Atriz,0.0,Baixo,3.0,Cat_4,A,5347.48,9,1,8
1458,465439,Feminino,Sim,45,Sim,Ator/Atriz,4.0,Alto,4.0,Cat_6,C,9543.09,3,2,9
1459,466712,Masculino,Sim,78,Sim,Advogado,1.0,Baixo,1.0,Cat_6,B,3809.15,21,1,7
1460,460983,Masculino,Sim,38,Nao,Medico,0.0,Alto,4.0,Cat_6,D,5553.76,18,1,10
1461,464008,Feminino,Sim,50,Sim,Ator/Atriz,1.0,Medio,4.0,Cat_6,C,7336.37,4,2,10
1463,464312,Masculino,Nao,43,Sim,Ator/Atriz,1.0,Baixo,1.0,Cat_3,A,13295.94,8,2,10
1464,462818,Masculino,Sim,59,Sim,Ator/Atriz,1.0,Medio,3.0,Cat_6,C,10134.92,20,1,2
1465,466045,Feminino,Nao,38,Nao,Entretenimento,8.0,Baixo,2.0,Cat_6,B,5811.73,3,2,10
1466,461889,Masculino,Sim,42,Sim,Ator/Atriz,2.0,Medio,2.0,Cat_6,C,7578.85,37,1,10
1467,467945,Masculino,Sim,65,Sim,Ator/Atriz,0.0,Medio,2.0,Cat_6,C,6999.06,17,2,10
1468,464322,Masculino,Sim,79,Sim,Advogado,0.0,Baixo,2.0,Cat_6,A,5973.24,3,1,10
1469,465637,Feminino,Nao,41,Sim,Ator/Atriz,1.0,Baixo,1.0,Cat_4,D,9410.04,18,2,4
1470,462058,Masculino,Sim,42,Sim,Entretenimento,9.0,Baixo,2.0,Cat_6,A,6521.09,23,1,8
1471,462500,Masculino,Sim,49,Sim,Medico,1.0,Medio,2.0,Cat_6,C,10366.73,36,1,9
1472,466948,Masculino,Sim,58,Sim,Ator/Atriz,1.0,Baixo,2.0,Cat_7,B,5741.06,5,1,5
1473,461606,Masculino,Sim,69,Sim,Advogado,0.0,Alto,3.0,Cat_6,A,4605.51,29,1,7
1474,466184,Feminino,Nao,35,Sim,Ator/Atriz,3.0,Baixo,1.0,Cat_6,C,7735.99,37,1,9
1477,464909,Feminino,Sim,38,Sim,Do Lar,0.0,Baixo,2.0,Cat_4,A,4536.36,11,1,8
1479,462429,Masculino,Sim,76,Nao,Advogado,0.0,Baixo,1.0,Cat_6,A,6350.95,8,2,10
1480,463605,Feminino,Nao,23,Nao,Enfermeiro,0.0,Baixo,5.0,Cat_5,D,15846.97,36,3,3
1481,464608,Feminino,Sim,49,Sim,Ator/Atriz,0.0,Medio,3.0,Cat_6,C,14852.68,16,1,10
1482,459597,Feminino,Sim,71,Sim,Ator/Atriz,1.0,Alto,2.0,Cat_6,C,10022.7,5,3,7
1484,467150,Feminino,Nao,41,Sim,Ator/Atriz,8.0,Baixo,3.0,Cat_6,A,7044.48,14,1,10
1485,466829,Feminino,Sim,27,Nao,Do Lar,10.0,Baixo,1.0,Cat_6,D,4748.68,0,1,4
1486,463506,Feminino,Sim,35,Sim,Ator/Atriz,2.0,Medio,2.0,Cat_6,C,10881.64,7,2,2
1489,462072,Masculino,Nao,39,Sim,Ator/Atriz,0.0,Baixo,1.0,Cat_6,A,1867.28,37,1,9
1490,463211,Masculino,Sim,68,Sim,Advogado,8.0,Baixo,1.0,Cat_5,A,4980.16,12,1,9
1491,464059,Masculino,Sim,57,Sim,Ator/Atriz,1.0,Baixo,1.0,Cat_6,A,9687.05,32,3,9
1492,463746,Masculino,Nao,38,Sim,Ator/Atriz,0.0,Baixo,1.0,Cat_6,A,4096.76,33,1,5
1495,464849,Masculino,Sim,40,Sim,Ator/Atriz,0.0,Medio,4.0,Cat_4,C,2304.95,13,1,5
1496,466434,Masculino,Sim,53,Sim,Ator/Atriz,0.0,Medio,4.0,Cat_6,B,8340.84,8,1,6
1497,467305,Feminino,Sim,38,Sim,Do Lar,8.0,Medio,3.0,Cat_6,B,4780.22,34,1,10
1499,463479,Masculino,Nao,30,Nao,Executivo,1.0,Baixo,2.0,Cat_6,D,15356.9,20,2,9
1500,467471,Masculino,Sim,52,Nao,Entretenimento,4.0,Medio,5.0,Cat_6,C,6887.02,11,1,7
1501,459159,Masculino,Sim,80,Sim,Advogado,1.0,Baixo,1.0,Cat_6,A,2407.5,18,1,9
1502,465980,Feminino,Nao,31,Sim,Enfermeiro,1.0,Baixo,7.0,Cat_6,A,13494.75,27,1,7
1503,467528,Masculino,Sim,87,Nao,Executivo,0.0,Alto,2.0,Cat_6,C,18740.36,12,3,9
1504,461278,Masculino,Nao,23,Nao,Enfermeiro,1.0,Baixo,4.0,Cat_6,D,10666.49,2,1,9
1505,466964,Masculino,Nao,45,Sim,Ator/Atriz,5.0,Baixo,1.0,Cat_4,C,2911.49,25,1,8
1506,460607,Masculino,Sim,36,Sim,Ator/Atriz,9.0,Medio,4.0,Cat_7,A,9887.98,22,2,7
1507,462825,Masculino,Sim,41,Nao,Executivo,1.0,Alto,2.0,Cat_4,B,16564.68,35,2,9
1508,459899,Feminino,Sim,48,Sim,Ator/Atriz,0.0,Baixo,4.0,Cat_6,C,6853.02,1,1,10
1509,460936,Masculino,Sim,70,Sim,Executivo,1.0,Alto,5.0,Cat_3,B,7405.8,5,1,10
1510,458991,Feminino,Sim,84,Sim,Advogado,3.0,Alto,2.0,Cat_6,A,7141.74,25,1,8
1511,460028,Masculino,Sim,39,Sim,Enfermeiro,11.0,Medio,2.0,Cat_2,D,15820.69,8,3,5
1512,464281,Feminino,Nao,39,Sim,Ator/Atriz,0.0,Baixo,1.0,Cat_6,A,4713.79,25,1,3
1513,463443,Masculino,Sim,50,Sim,Ator/Atriz,1.0,Medio,4.0,Cat_6,C,2931.66,23,1,10
1514,460949,Masculino,Sim,40,Sim,Medico,1.0,Baixo,5.0,Cat_6,A,6226.67,16,1,6
1515,459044,Masculino,Sim,38,Sim,Ator/Atriz,4.0,Medio,3.0,Cat_6,C,9198.09,23,1,10
1516,460786,Masculino,Sim,71,Nao,Advogado,1.0,Alto,2.0,Cat_6,B,2680.77,37,1,9
1517,465968,Feminino,Nao,35,Sim,Ator/Atriz,10.0,Baixo,1.0,Cat_6,A,10682.23,25,2,6
1518,460039,Masculino,Sim,27,Sim,Enfermeiro,5.0,Baixo,5.0,Cat_6,D,14757.01,33,1,10
1519,462892,Masculino,Sim,33,Nao,Enfermeiro,8.0,Medio,3.0,Cat_6,C,12246.36,30,2,10
1520,465050,Masculino,Sim,74,Sim,Advogado,1.0,Alto,2.0,Cat_6,B,5616.51,3,1,6
1522,460781,Feminino,Sim,30,Nao,Entretenimento,1.0,Alto,4.0,Cat_5,D,6164.4,22,1,5
1523,463649,Masculino,Nao,22,Nao,Medico,0.0,Baixo,4.0,Cat_6,B,5951.1,11,2,8
1524,466969,Feminino,Nao,43,Sim,Do Lar,9.0,Baixo,1.0,Cat_6,A,4317.99,2,1,7
1525,462030,Masculino,Nao,36,Sim,Ator/Atriz,11.0,Baixo,2.0,Cat_6,C,5475.44,0,1,8
1526,463735,Masculino,Nao,29,Sim,Enfermeiro,4.0,Baixo,2.0,Cat_6,C,11291.13,31,2,10
1527,464134,Feminino,Nao,43,Sim,Entretenimento,0.0,Baixo,6.0,Cat_6,A,6496.92,17,2,10
1528,460195,Masculino,Nao,38,Sim,Entretenimento,7.0,Baixo,1.0,Cat_6,D,5405.57,12,1,10
1529,466643,Feminino,Sim,68,Sim,Advogado,9.0,Alto,4.0,Cat_6,C,4582.73,8,1,10
1530,460418,Feminino,Nao,35,Sim,Entretenimento,9.0,Baixo,2.0,Cat_6,A,7106.42,2,2,8
1531,461303,Feminino,Nao,23,Nao,Medico,7.0,Baixo,4.0,Cat_2,C,6128.33,19,1,7
1532,467049,Masculino,Nao,50,Sim,Ator/Atriz,1.0,Baixo,1.0,Cat_6,B,6946.45,16,1,10
1533,459674,Feminino,Nao,32,Sim,Medico,0.0,Baixo,5.0,Cat_6,D,7900.3,7,1,9
1534,466910,Masculino,Sim,59,Sim,Entretenimento,9.0,Baixo,1.0,Cat_6,A,7289.57,21,1,2
1535,466459,Feminino,Nao,30,Sim,Enfermeiro,3.0,Baixo,5.0,Cat_6,B,14463.7,4,1,8
1536,463085,Feminino,Nao,35,Sim,Ator/Atriz,0.0,Baixo,1.0,Cat_6,A,8880.94,29,1,8
1537,461533,Masculino,Nao,48,Sim,Enfermeiro,1.0,Baixo,2.0,Cat_6,D,14099.56,34,4,10
1538,461187,Masculino,Nao,29,Nao,Enfermeiro,9.0,Baixo,4.0,Cat_3,D,12694.34,7,3,8
1539,461432,Feminino,Sim,40,Sim,Ator/Atriz,1.0,Medio,2.0,Cat_6,C,4673.76,11,1,10
1540,463978,Masculino,Sim,38,Sim,Ator/Atriz,1.0,Medio,3.0,Cat_2,C,6636.45,29,1,9
1542,464020,Masculino,Nao,20,Nao,Enfermeiro,0.0,Baixo,4.0,Cat_6,D,11966.4,30,1,5
1543,467394,Masculino,Nao,29,Nao,Enfermeiro,6.0,Baixo,3.0,Cat_6,C,14155.81,3,4,2
1544,464539,Masculino,Sim,42,Nao,Executivo,3.0,Alto,3.0,Cat_4,A,14177.9,28,1,9
1545,461529,Feminino,Sim,35,Sim,Entretenimento,1.0,Baixo,1.0,Cat_6,D,6523.64,31,1,10
1547,466147,Feminino,Sim,52,Nao,Ator/Atriz,0.0,Medio,4.0,Cat_6,C,8280.17,0,1,10
1548,466263,Masculino,Nao,53,Sim,Ator/Atriz,0.0,Baixo,2.0,Cat_4,C,9569.02,21,1,6
1549,461812,Masculino,Sim,30,Nao,Ator/Atriz,9.0,Alto,6.0,Cat_2,A,10005.97,36,1,5
1550,466848,Feminino,Sim,65,Sim,Ator/Atriz,1.0,Baixo,2.0,Cat_6,B,5109.79,28,1,2
1551,467933,Feminino,Nao,23,Nao,Enfermeiro,1.0,Baixo,3.0,Cat_6,D,12177.22,29,3,9
1552,463957,Feminino,Nao,32,Nao,Entretenimento,0.0,Baixo,3.0,Cat_4,C,7374.27,28,1,10
1553,462175,Feminino,Nao,36,Sim,Do Lar,9.0,Baixo,1.0,Cat_2,A,4630.3,15,1,9
1554,465818,Masculino,Nao,27,Nao,Entretenimento,1.0,Baixo,3.0,Cat_4,B,7724.05,6,1,2
1555,467190,Masculino,Sim,36,Sim,Executivo,0.0,Baixo,2.0,Cat_3,B,2408.94,36,1,8
1556,467848,Masculino,Nao,37,Sim,Ator/Atriz,12.0,Baixo,1.0,Cat_6,B,2580.53,36,1,5
1557,462249,Masculino,Nao,29,Nao,Entretenimento,0.0,Baixo,3.0,Cat_6,D,5391.66,8,1,9
1558,459311,Masculino,Nao,29,Sim,Executivo,0.0,Baixo,5.0,Cat_6,C,10655.79,31,1,9
1559,462610,Masculino,Nao,27,Sim,Medico,1.0,Baixo,6.0,Cat_4,D,8515.62,34,1,9
1561,467365,Masculino,Nao,40,Sim,Ator/Atriz,1.0,Baixo,1.0,Cat_6,A,4677.29,14,1,10
1562,461913,Masculino,Nao,37,Sim,Entretenimento,6.0,Baixo,4.0,Cat_2,A,5331.01,34,1,10
1563,462617,Masculino,Nao,19,Nao,Enfermeiro,0.0,Baixo,5.0,Cat_4,D,12114.41,20,2,7
1564,465485,Masculino,Nao,29,Sim,Enfermeiro,0.0,Baixo,4.0,Cat_6,D,11341.54,5,2,5
1565,461316,Feminino,Sim,53,Sim,Ator/Atriz,0.0,Medio,2.0,Cat_3,C,3382.27,35,1,8
1567,465120,Feminino,Nao,30,Sim,Enfermeiro,0.0,Baixo,4.0,Cat_6,D,12562.55,32,1,10
1568,464671,Masculino,Nao,30,Nao,Entretenimento,1.0,Baixo,2.0,Cat_4,D,6526.63,17,1,9
1569,465367,Masculino,Sim,69,Nao,Executivo,1.0,Alto,3.0,Cat_6,B,9483.97,18,2,10
1570,467088,Masculino,Sim,57,Sim,Ator/Atriz,0.0,Baixo,1.0,Cat_3,A,9969.66,29,1,7
1571,463887,Feminino,Sim,56,Sim,Ator/Atriz,4.0,Medio,2.0,Cat_6,C,2432.23,15,1,3
1572,460250,Masculino,Nao,27,Sim,Enfermeiro,8.0,Baixo,4.0,Cat_6,D,13139.06,6,2,4
1573,465316,Masculino,Nao,21,Nao,Enfermeiro,0.0,Baixo,6.0,Cat_4,D,11006.38,21,3,9
1574,464713,Feminino,Sim,71,Sim,Ator/Atriz,0.0,Alto,4.0,Cat_1,B,5542.97,28,2,8
1575,465764,Feminino,Nao,39,Sim,Entretenimento,8.0,Baixo,4.0,Cat_4,D,5933.39,37,1,8
1576,467080,Feminino,Sim,87,Sim,Advogado,1.0,Alto,2.0,Cat_6,A,3039.07,18,1,10
1577,460683,Masculino,Sim,59,Nao,Entretenimento,6.0,Medio,3.0,Cat_3,B,5435.08,30,1,7
1579,463025,Masculino,Sim,40,Nao,Executivo,7.0,Baixo,4.0,Cat_6,A,17032.8,7,2,4
1582,461934,Feminino,Sim,46,Sim,Ator/Atriz,8.0,Medio,2.0,Cat_6,C,5454.29,17,1,8
1583,459146,Masculino,Sim,69,Sim,Ator/Atriz,1.0,Baixo,2.0,Cat_6,A,5936.21,22,2,9
1584,461448,Masculino,Sim,69,Sim,Medico,0.0,Alto,3.0,Cat_6,C,7250.79,0,2,9
1585,466419,Feminino,Sim,45,Sim,Entretenimento,3.0,Medio,5.0,Cat_3,B,5091.72,37,1,7
1586,465443,Masculino,Sim,38,Sim,Ator/Atriz,0.0,Baixo,4.0,Cat_6,A,6447.41,9,1,9
1587,459105,Masculino,Sim,39,Sim,Executivo,5.0,Alto,3.0,Cat_6,C,6386.4,28,2,4
1588,463232,Feminino,Nao,23,Nao,Enfermeiro,2.0,Baixo,5.0,Cat_6,D,14493.56,13,1,10
1590,467922,Masculino,Sim,84,Sim,Entretenimento,0.0,Alto,2.0,Cat_6,D,5695.81,19,1,10
1591,465329,Masculino,Sim,35,Sim,Ator/Atriz,5.0,Medio,2.0,Cat_6,C,3589.85,0,1,5
1592,466512,Feminino,Nao,22,Nao,Enfermeiro,1.0,Baixo,2.0,Cat_6,D,10841.79,24,1,10
1593,466339,Masculino,Nao,23,Nao,Enfermeiro,0.0,Baixo,2.0,Cat_4,D,13001.29,33,2,6
1594,462870,Feminino,Nao,41,Sim,Ator/Atriz,3.0,Baixo,3.0,Cat_6,D,7937.66,22,1,7
1595,464335,Masculino,Sim,50,Sim,Executivo,4.0,Alto,3.0,Cat_6,C,7757.98,4,2,6
1596,461353,Masculino,Sim,50,Sim,Executivo,0.0,Alto,4.0,Cat_6,A,15309.17,25,2,10
1597,463920,Feminino,Nao,28,Sim,Do Lar,8.0,Baixo,1.0,Cat_6,D,4415.29,12,1,4
1598,463712,Feminino,Sim,37,Sim,Medico,1.0,Medio,2.0,Cat_6,C,4451.6,27,1,9
1599,464663,Masculino,Sim,73,Nao,Executivo,1.0,Alto,2.0,Cat_4,D,11729.27,4,1,9
1600,465000,Masculino,Sim,50,Sim,Executivo,1.0,Alto,3.0,Cat_6,C,6763.96,4,1,7
1601,467500,Feminino,Sim,32,Sim,Ator/Atriz,4.0,Alto,2.0,Cat_6,C,2541.38,8,1,3
1602,461536,Feminino,Nao,39,Sim,Medico,2.0,Baixo,1.0,Cat_6,B,2954.95,32,1,10
1603,464296,Masculino,Nao,43,Sim,Medico,1.0,Baixo,4.0,Cat_6,A,4955.22,11,1,8
1604,463142,Feminino,Nao,33,Sim,Ator/Atriz,5.0,Baixo,2.0,Cat_4,B,4695.64,9,1,5
1605,461004,Masculino,Sim,61,Sim,Ator/Atriz,1.0,Medio,3.0,Cat_3,C,8345.34,0,1,4
1606,462323,Feminino,Sim,70,Sim,Medico,0.0,Medio,2.0,Cat_6,C,5421.76,12,1,9
1607,467899,Masculino,Sim,66,Sim,Ator/Atriz,1.0,Medio,2.0,Cat_6,B,7375.98,37,3,8
1608,461941,Feminino,Sim,72,Sim,Ator/Atriz,0.0,Baixo,1.0,Cat_6,C,1105.64,31,1,10
1609,461383,Masculino,Sim,71,Sim,Ator/Atriz,0.0,Alto,2.0,Cat_6,B,5895.57,24,1,10
1610,466616,Masculino,Nao,18,Nao,Enfermeiro,8.0,Baixo,9.0,Cat_6,D,12501.65,17,2,10
1611,464658,Masculino,Sim,33,Nao,Ator/Atriz,1.0,Medio,2.0,Cat_4,B,11713.7,24,1,10
1612,460699,Masculino,Nao,28,Sim,Ator/Atriz,9.0,Baixo,1.0,Cat_6,A,2802.75,37,1,8
1615,464988,Masculino,Sim,63,Sim,Ator/Atriz,0.0,Medio,7.0,Cat_6,C,10128.83,27,4,8
1616,466593,Masculino,Sim,70,Sim,Advogado,0.0,Alto,3.0,Cat_6,A,3329.51,28,1,8
1617,464542,Feminino,Nao,26,Sim,Enfermeiro,10.0,Baixo,1.0,Cat_6,D,13540.94,19,2,10
1618,465678,Masculino,Sim,36,Nao,Entretenimento,1.0,Baixo,2.0,Cat_4,A,5146.42,34,1,10
1619,467862,Feminino,Sim,47,Sim,Ator/Atriz,0.0,Baixo,3.0,Cat_6,C,3838.22,13,1,10
1620,459394,Masculino,Nao,28,Nao,Entretenimento,9.0,Baixo,2.0,Cat_6,A,7124.66,5,2,8
1621,460091,Feminino,Nao,26,Sim,Entretenimento,1.0,Baixo,5.0,Cat_6,C,5745.39,13,1,8
1623,463632,Masculino,Sim,30,Sim,Ator/Atriz,0.0,Medio,2.0,Cat_6,C,5419.97,4,1,5
1624,460047,Masculino,Nao,41,Sim,Entretenimento,8.0,Baixo,2.0,Cat_6,A,4744.5,1,1,10
1625,460378,Feminino,Nao,40,Sim,Medico,1.0,Baixo,1.0,Cat_6,A,4236.53,21,1,9
1627,460931,Masculino,Sim,40,Sim,Entretenimento,2.0,Medio,5.0,Cat_6,A,5900.7,10,1,10
1629,459698,Masculino,Sim,60,Sim,Ator/Atriz,1.0,Baixo,2.0,Cat_6,A,3680.31,11,1,8
1630,461598,Feminino,Nao,27,Sim,Ator/Atriz,8.0,Baixo,1.0,Cat_6,A,6480.91,29,4,4
1631,465979,Masculino,Sim,43,Sim,Ator/Atriz,2.0,Baixo,2.0,Cat_6,B,9335.91,21,1,8
1632,463974,Feminino,Nao,33,Sim,Do Lar,7.0,Baixo,3.0,Cat_2,C,4708.04,29,1,6
1633,466231,Masculino,Sim,56,Sim,Entretenimento,0.0,Medio,2.0,Cat_6,C,7809.66,3,1,10
1634,459833,Masculino,Sim,70,Sim,Executivo,1.0,Alto,2.0,Cat_6,C,17124.81,11,2,9
1635,462886,Masculino,Sim,70,Nao,Medico,1.0,Alto,2.0,Cat_6,D,8032.92,26,2,4
1637,466942,Feminino,Nao,29,Sim,Enfermeiro,1.0,Baixo,4.0,Cat_6,D,13573.83,18,1,4
1639,467617,Masculino,Sim,82,Sim,Advogado,1.0,Baixo,1.0,Cat_6,A,7019.37,11,1,6
1640,459975,Feminino,Nao,38,Sim,Ator/Atriz,7.0,Baixo,1.0,Cat_6,B,9962.07,35,1,8
1641,464386,Masculino,Sim,39,Sim,Medico,0.0,Medio,3.0,Cat_6,B,6645.12,34,1,9
1642,462005,Masculino,Sim,39,Sim,Ator/Atriz,0.0,Medio,2.0,Cat_2,C,3529.73,29,1,10
1643,465859,Masculino,Nao,47,Sim,Ator/Atriz,0.0,Baixo,1.0,Cat_6,A,5959.31,17,1,10
1644,464394,Masculino,Sim,75,Sim,Advogado,0.0,Alto,2.0,Cat_6,A,4977.38,0,1,10
1646,460964,Masculino,Sim,84,Nao,Advogado,1.0,Alto,2.0,Cat_6,A,4390.44,10,1,6
1647,461975,Feminino,Nao,42,Sim,Entretenimento,6.0,Baixo,2.0,Cat_6,A,6961.76,11,1,6
1648,462172,Masculino,Sim,39,Sim,Medico,0.0,Medio,2.0,Cat_1,D,6641.13,14,2,9
1649,464563,Masculino,Sim,42,Sim,Ator/Atriz,0.0,Medio,2.0,Cat_6,B,3200.86,11,1,10
1650,464945,Feminino,Sim,40,Sim,Ator/Atriz,1.0,Medio,2.0,Cat_4,A,6401.43,9,2,6
1651,463688,Feminino,Nao,52,Sim,Medico,1.0,Baixo,1.0,Cat_4,B,4590.8,33,1,10
1652,461750,Masculino,Nao,52,Nao,Ator/Atriz,5.0,Baixo,1.0,Cat_6,B,7633.72,15,1,10
1653,464400,Masculino,Nao,31,Sim,Entretenimento,0.0,Baixo,4.0,Cat_6,D,6570.59,34,1,5
1655,461372,Masculino,Nao,27,Sim,Ator/Atriz,3.0,Baixo,1.0,Cat_2,A,7264.33,5,1,7
1657,467926,Masculino,Sim,79,Sim,Ator/Atriz,0.0,Alto,2.0,Cat_6,C,10541.83,11,3,3
1658,461483,Feminino,Nao,28,Sim,Medico,1.0,Baixo,4.0,Cat_6,C,6577.16,10,2,10
1659,467355,Masculino,Nao,31,Nao,Enfermeiro,0.0,Baixo,4.0,Cat_6,D,11889.31,5,4,8
1660,466416,Masculino,Sim,88,Nao,Executivo,0.0,Alto,3.0,Cat_6,D,14439.02,33,1,10
1661,460330,Feminino,Nao,51,Sim,Entretenimento,4.0,Baixo,1.0,Cat_6,A,5967.62,20,2,5
1662,466789,Feminino,Sim,53,Sim,Ator/Atriz,0.0,Medio,2.0,Cat_3,B,10952.87,2,1,10
1663,466679,Feminino,Nao,43,Sim,Ator/Atriz,8.0,Baixo,2.0,Cat_6,B,7031.32,37,1,4
1664,459362,Masculino,Sim,55,Nao,Executivo,0.0,Baixo,2.0,Cat_6,A,17592.88,15,1,10
1665,466128,Masculino,Nao,35,Sim,Ator/Atriz,4.0,Baixo,2.0,Cat_6,A,5017.67,10,2,9
1667,459782,Masculino,Sim,58,Sim,Ator/Atriz,6.0,Medio,4.0,Cat_6,C,15001.2,19,3,3
1668,463113,Feminino,Nao,32,Sim,Medico,1.0,Baixo,6.0,Cat_6,D,6254.63,37,1,10
1669,466683,Feminino,Sim,49,Nao,Ator/Atriz,1.0,Medio,4.0,Cat_3,C,1846.1,27,1,10
1670,462103,Feminino,Sim,53,Nao,Entretenimento,9.0,Alto,2.0,Cat_6,A,5027.99,31,1,8
1672,467761,Masculino,Nao,39,Sim,Ator/Atriz,1.0,Baixo,2.0,Cat_6,B,9373.11,7,2,6
1673,459163,Masculino,Nao,42,Sim,Entretenimento,1.0,Baixo,1.0,Cat_6,A,5172.84,14,2,7
1674,462455,Masculino,Nao,20,Nao,Enfermeiro,1.0,Baixo,5.0,Cat_2,D,11593.59,6,1,7
1675,460178,Masculino,Sim,50,Sim,Entretenimento,1.0,Baixo,2.0,Cat_6,A,6426.57,15,1,7
1676,462803,Masculino,Nao,26,Nao,Medico,0.0,Baixo,6.0,Cat_2,B,4956.92,28,1,10
1677,460427,Masculino,Sim,46,Sim,Ator/Atriz,1.0,Medio,3.0,Cat_6,C,4486.34,10,1,6
1678,466343,Masculino,Nao,30,Sim,Medico,0.0,Baixo,2.0,Cat_3,A,8892.58,22,1,10
1679,461583,Feminino,Sim,60,Sim,Medico,6.0,Medio,2.0,Cat_6,C,8598.35,21,1,10
1680,466461,Masculino,Sim,84,Nao,Advogado,0.0,Baixo,1.0,Cat_6,D,9484.59,22,1,9
1681,462740,Masculino,Sim,63,Sim,Ator/Atriz,6.0,Baixo,1.0,Cat_6,B,10497.18,9,1,7
1682,461355,Feminino,Nao,38,Sim,Enfermeiro,0.0,Baixo,2.0,Cat_6,D,12055.88,15,1,10
1683,465009,Masculino,Sim,51,Sim,Entretenimento,0.0,Medio,4.0,Cat_6,C,7128.49,30,2,8
1684,467658,Masculino,Nao,20,Nao,Enfermeiro,0.0,Baixo,4.0,Cat_3,D,14121.2,21,1,10
1685,462837,Feminino,Nao,25,Nao,Enfermeiro,14.0,Baixo,3.0,Cat_6,D,14723.36,13,2,9
1686,463907,Feminino,Nao,33,Sim,Medico,0.0,Baixo,5.0,Cat_6,D,5230.88,0,1,7
1688,461175,Masculino,Sim,57,Sim,Enfermeiro,1.0,Baixo,3.0,Cat_6,B,11467.36,26,1,5
1689,464872,Masculino,Sim,42,Sim,Ator/Atriz,1.0,Baixo,4.0,Cat_4,B,7801.46,30,1,7
1690,460830,Masculino,Sim,40,Nao,Entretenimento,2.0,Medio,5.0,Cat_2,B,5325.97,31,1,7
1691,459741,Masculino,Sim,66,Nao,Advogado,0.0,Alto,3.0,Cat_6,B,6302.86,35,1,9
1692,461154,Masculino,Nao,21,Nao,Do Lar,0.0,Baixo,4.0,Cat_3,A,4830.31,14,1,9
1693,464990,Masculino,Sim,73,Nao,Executivo,1.0,Alto,2.0,Cat_6,B,16074.5,32,3,9
1694,467886,Feminino,Sim,46,Sim,Ator/Atriz,0.0,Baixo,2.0,Cat_6,C,11033.94,6,2,10
1695,459201,Feminino,Sim,66,Sim,Ator/Atriz,0.0,Medio,2.0,Cat_6,C,9967.88,37,1,10
1696,463357,Masculino,Sim,27,Sim,Medico,0.0,Medio,2.0,Cat_5,D,4876.04,29,1,9
1697,462380,Feminino,Sim,53,Nao,Ator/Atriz,1.0,Alto,4.0,Cat_6,A,8904.5,25,1,10
1698,459884,Masculino,Sim,80,Nao,Advogado,8.0,Baixo,1.0,Cat_6,D,4405.8,20,1,8
1699,461651,Feminino,Sim,63,Sim,Ator/Atriz,1.0,Medio,3.0,Cat_6,C,6379.41,2,1,2
1700,465336,Feminino,Nao,41,Sim,Medico,9.0,Baixo,1.0,Cat_4,A,7557.82,28,1,8
1701,461338,Masculino,Sim,43,Sim,Ator/Atriz,1.0,Medio,4.0,Cat_6,C,6069.78,6,2,10
1703,467901,Feminino,Nao,33,Sim,Entretenimento,1.0,Baixo,4.0,Cat_6,B,6235.98,17,1,10
1705,464278,Masculino,Sim,85,Sim,Executivo,1.0,Alto,2.0,Cat_6,D,12578.59,14,4,6
1706,459595,Feminino,Sim,36,Sim,Ator/Atriz,4.0,Alto,7.0,Cat_6,C,7313.38,35,1,6
1707,461419,Masculino,Sim,27,Nao,Entretenimento,3.0,Medio,2.0,Cat_6,B,5720.78,18,1,9
1708,465767,Masculino,Nao,28,Nao,Enfermeiro,0.0,Baixo,5.0,Cat_4,B,12222.75,32,4,9
1709,460598,Feminino,Sim,35,Sim,Medico,0.0,Medio,3.0,Cat_3,A,8093.67,29,1,5
1710,460714,Masculino,Nao,26,Sim,Entretenimento,1.0,Baixo,3.0,Cat_6,D,6459.63,17,2,9
1711,461584,Feminino,Sim,56,Sim,Ator/Atriz,1.0,Alto,4.0,Cat_2,B,10205.58,36,1,8
1712,462066,Feminino,Nao,26,Sim,Ator/Atriz,13.0,Baixo,2.0,Cat_6,B,2430.48,21,1,6
1713,463369,Masculino,Sim,31,Sim,Entretenimento,4.0,Baixo,2.0,Cat_6,B,4520.02,12,1,9
1714,466586,Masculino,Nao,21,Nao,Enfermeiro,0.0,Baixo,2.0,Cat_6,D,15725.07,35,3,7
1715,464649,Masculino,Sim,39,Nao,Entretenimento,1.0,Medio,4.0,Cat_4,A,8294.14,5,1,10
1716,463209,Feminino,Nao,51,Sim,Ator/Atriz,0.0,Baixo,1.0,Cat_6,C,5165.82,21,1,4
1717,466298,Masculino,Sim,45,Nao,Medico,0.0,Baixo,4.0,Cat_4,A,5070.86,11,1,9
1718,463904,Masculino,Sim,77,Sim,Executivo,1.0,Baixo,1.0,Cat_6,D,15483.87,15,1,10
1720,461755,Masculino,Nao,29,Nao,Ator/Atriz,1.0,Baixo,3.0,Cat_2,A,5724.46,13,1,7
1721,466872,Masculino,Sim,43,Sim,Ator/Atriz,1.0,Baixo,2.0,Cat_3,B,2608.18,7,1,8
1722,467104,Feminino,Nao,18,Nao,Enfermeiro,1.0,Baixo,3.0,Cat_6,D,11202.69,2,2,7
1723,463476,Masculino,Sim,53,Sim,Ator/Atriz,3.0,Medio,3.0,Cat_6,B,5645.27,20,1,10
1724,463953,Masculino,Sim,28,Sim,Entretenimento,3.0,Medio,3.0,Cat_7,B,6118.47,32,2,7
1725,462202,Feminino,Nao,43,Sim,Entretenimento,1.0,Baixo,4.0,Cat_4,A,6054.89,16,2,9
1726,467830,Masculino,Nao,31,Sim,Entretenimento,1.0,Baixo,3.0,Cat_6,D,7347.49,6,1,9
1727,461770,Masculino,Sim,65,Sim,Ator/Atriz,1.0,Baixo,2.0,Cat_6,A,8579.55,26,1,8
1728,466525,Masculino,Sim,33,Sim,Ator/Atriz,0.0,Medio,2.0,Cat_6,B,10060.32,7,2,9
1729,462349,Masculino,Sim,49,Sim,Ator/Atriz,0.0,Medio,6.0,Cat_6,C,9441.1,5,2,10
1730,463964,Masculino,Nao,33,Nao,Enfermeiro,1.0,Baixo,4.0,Cat_6,C,17755.79,37,1,4
1731,459353,Masculino,Sim,53,Sim,Ator/Atriz,6.0,Medio,2.0,Cat_6,C,7975.88,8,1,8
1732,459709,Feminino,Sim,47,Sim,Ator/Atriz,7.0,Medio,4.0,Cat_6,C,8644.42,9,2,10
1733,461858,Masculino,Nao,31,Nao,Entretenimento,1.0,Baixo,7.0,Cat_4,D,5107.84,14,1,9
1734,460450,Masculino,Sim,52,Sim,Executivo,1.0,Alto,4.0,Cat_4,B,9386.38,11,1,10
1735,460780,Feminino,Nao,30,Sim,Enfermeiro,1.0,Baixo,2.0,Cat_3,A,11052.12,26,4,10
1736,465105,Masculino,Sim,69,Nao,Executivo,9.0,Medio,2.0,Cat_6,B,11128.86,20,2,9
1739,463932,Feminino,Sim,72,Sim,Ator/Atriz,1.0,Medio,3.0,Cat_6,B,2353.16,16,1,7
1741,463721,Feminino,Nao,31,Sim,Enfermeiro,1.0,Baixo,4.0,Cat_2,B,15422.22,32,1,10
1742,467369,Masculino,Nao,41,Sim,Ator/Atriz,2.0,Baixo,3.0,Cat_6,A,2680.15,7,1,5
1743,461361,Feminino,Nao,31,Sim,Enfermeiro,9.0,Baixo,7.0,Cat_5,D,13514.7,3,2,8
1745,459006,Masculino,Nao,20,Nao,Enfermeiro,1.0,Baixo,4.0,Cat_6,D,16450.78,31,3,5
1746,460204,Masculino,Sim,41,Sim,Ator/Atriz,4.0,Baixo,4.0,Cat_6,A,4822.18,21,1,7
1747,466762,Masculino,Sim,63,Sim,Do Lar,1.0,Baixo,3.0,Cat_6,B,4536.21,11,1,10
1748,464318,Masculino,Sim,88,Sim,Executivo,1.0,Baixo,1.0,Cat_6,D,5800.95,1,1,10
1750,462117,Masculino,Nao,32,Sim,Entretenimento,1.0,Baixo,2.0,Cat_6,D,6348.63,27,2,2
1751,460710,Feminino,Sim,38,Sim,Ator/Atriz,0.0,Medio,3.0,Cat_6,A,5858.89,17,2,10
1753,465787,Masculino,Nao,18,Nao,Enfermeiro,1.0,Baixo,5.0,Cat_4,D,9497.64,29,2,7
1754,463365,Masculino,Sim,67,Nao,Executivo,1.0,Alto,2.0,Cat_6,D,13463.72,7,1,5
1755,464042,Feminino,Sim,42,Sim,Ator/Atriz,9.0,Baixo,2.0,Cat_6,B,8326.7,37,2,8
1757,464720,Masculino,Sim,46,Nao,Medico,0.0,Medio,3.0,Cat_4,D,6057.24,16,1,9
1758,461123,Masculino,Nao,20,Nao,Enfermeiro,2.0,Baixo,4.0,Cat_4,D,12959.89,2,1,10
1761,465950,Feminino,Sim,52,Sim,Ator/Atriz,6.0,Baixo,2.0,Cat_6,A,3714.28,4,1,7
1762,466734,Feminino,Sim,63,Sim,Ator/Atriz,1.0,Medio,4.0,Cat_6,B,6683.41,8,1,8
1763,466222,Masculino,Sim,51,Nao,Executivo,5.0,Baixo,3.0,Cat_2,C,9870.17,20,2,3
1764,466142,Feminino,Sim,29,Sim,Entretenimento,0.0,Medio,2.0,Cat_6,A,8024.94,36,2,9
1765,467888,Masculino,Nao,27,Nao,Medico,0.0,Baixo,4.0,Cat_6,B,8495.59,14,1,6
1766,461992,Feminino,Nao,37,Sim,Medico,1.0,Baixo,1.0,Cat_4,A,8285.53,25,2,6
1767,459973,Feminino,Nao,50,Sim,Ator/Atriz,0.0,Baixo,2.0,Cat_6,A,8723.39,2,1,10
1768,460695,Masculino,Sim,74,Sim,Advogado,1.0,Baixo,1.0,Cat_6,A,5650.94,20,1,10
1769,464260,Feminino,Sim,72,Sim,Ator/Atriz,3.0,Medio,3.0,Cat_6,C,4841.81,7,1,5
1770,464140,Feminino,Sim,83,Sim,Advogado,1.0,Alto,2.0,Cat_6,B,4861.27,34,1,10
1772,459050,Feminino,Nao,19,Nao,Enfermeiro,0.0,Baixo,3.0,Cat_6,D,13323.86,19,1,9
1773,462330,Feminino,Nao,30,Nao,Ator/Atriz,1.0,Baixo,1.0,Cat_6,B,10087.45,6,3,10
1775,466352,Feminino,Sim,65,Sim,Medico,1.0,Baixo,2.0,Cat_6,B,4995.55,17,1,7
1776,463558,Feminino,Sim,88,Sim,Advogado,1.0,Medio,2.0,Cat_6,C,3938.66,16,1,5
1777,460049,Masculino,Sim,43,Sim,Entretenimento,0.0,Medio,2.0,Cat_5,A,6206.61,24,1,5
1778,464148,Masculino,Sim,50,Sim,Executivo,9.0,Alto,3.0,Cat_2,C,6077.91,13,1,8
1779,465503,Masculino,Nao,35,Sim,Ator/Atriz,8.0,Baixo,2.0,Cat_6,D,8382.21,24,1,9
1780,465082,Masculino,Sim,67,Sim,Advogado,0.0,Baixo,1.0,Cat_3,A,4578.14,19,1,10
1781,459832,Masculino,Sim,66,Sim,Executivo,0.0,Baixo,1.0,Cat_6,B,20042.42,0,5,10
1782,464609,Feminino,Nao,39,Sim,Ator/Atriz,3.0,Baixo,2.0,Cat_6,C,3358.33,4,1,10
1783,466864,Feminino,Nao,32,Nao,Do Lar,8.0,Baixo,1.0,Cat_6,D,4458.12,37,1,4
1784,461458,Feminino,Nao,40,Sim,Ator/Atriz,6.0,Baixo,1.0,Cat_6,B,7601.05,5,1,4
1785,459218,Masculino,Sim,88,Sim,Advogado,0.0,Alto,3.0,Cat_6,C,3050.86,30,1,9
1786,462860,Masculino,Nao,30,Sim,Enfermeiro,8.0,Baixo,5.0,Cat_6,D,11385.22,29,1,10
1787,462033,Masculino,Nao,32,Sim,Entretenimento,1.0,Baixo,1.0,Cat_6,A,5799.71,29,1,10
1790,459219,Feminino,Sim,47,Sim,Ator/Atriz,0.0,Medio,3.0,Cat_6,C,10568.96,35,3,3
1791,466359,Masculino,Nao,22,Nao,Enfermeiro,0.0,Baixo,4.0,Cat_6,D,15555.48,4,4,10
1792,466088,Feminino,Nao,31,Nao,Enfermeiro,0.0,Baixo,7.0,Cat_6,B,11180.32,13,1,7
1793,462822,Masculino,Nao,19,Nao,Enfermeiro,0.0,Baixo,4.0,Cat_6,D,12537.48,0,3,7
1794,459076,Masculino,Sim,69,Nao,Medico,0.0,Medio,2.0,Cat_6,C,7216.15,33,1,10
1795,463879,Masculino,Sim,45,Sim,Executivo,0.0,Alto,2.0,Cat_6,C,11258.87,19,1,9
1796,462827,Feminino,Nao,22,Nao,Medico,1.0,Baixo,3.0,Cat_3,A,7739.68,33,1,7
1797,461500,Feminino,Nao,26,Sim,Medico,0.0,Baixo,3.0,Cat_6,B,5513.38,33,1,8
1798,461553,Masculino,Nao,39,Sim,Ator/Atriz,1.0,Baixo,3.0,Cat_7,A,5822.61,22,2,5
1799,467912,Masculino,Sim,61,Sim,Entretenimento,1.0,Baixo,2.0,Cat_5,A,7440.03,36,2,9
1800,465029,Feminino,Sim,74,Nao,Advogado,1.0,Alto,2.0,Cat_6,C,3002.19,4,1,9
1801,460062,Masculino,Nao,29,Sim,Ator/Atriz,4.0,Baixo,1.0,Cat_3,D,5342.67,10,1,9
1802,462863,Masculino,Nao,29,Sim,Do Lar,5.0,Baixo,1.0,Cat_6,D,4446.86,12,1,10
1803,460465,Masculino,Nao,36,Nao,Executivo,0.0,Baixo,3.0,Cat_6,D,16152.47,1,1,4
1804,460335,Feminino,Nao,63,Sim,Medico,0.0,Baixo,2.0,Cat_6,B,8077.1,9,1,5
1805,466067,Masculino,Sim,69,Sim,Ator/Atriz,0.0,Medio,5.0,Cat_3,C,3621.96,23,1,8
1806,459807,Masculino,Sim,81,Sim,Advogado,1.0,Baixo,1.0,Cat_6,A,6337.37,32,1,2
1807,463364,Feminino,Sim,71,Nao,Advogado,1.0,Alto,2.0,Cat_6,B,5036.51,1,1,2
1808,463599,Feminino,Nao,31,Nao,Enfermeiro,10.0,Baixo,2.0,Cat_3,C,11270.67,17,3,10
1809,462949,Masculino,Sim,35,Nao,Do Lar,1.0,Medio,3.0,Cat_6,B,4452.24,27,1,7
1810,460275,Feminino,Nao,52,Sim,Ator/Atriz,6.0,Baixo,1.0,Cat_6,A,12535.89,26,2,10
1811,462416,Masculino,Sim,45,Nao,Ator/Atriz,0.0,Baixo,2.0,Cat_4,B,4104.8,3,1,6
1813,459542,Masculino,Nao,23,Nao,Enfermeiro,2.0,Baixo,5.0,Cat_6,D,10944.65,1,1,6
1814,459080,Masculino,Sim,77,Nao,Advogado,0.0,Baixo,2.0,Cat_6,D,5184.25,3,1,6
1815,463106,Feminino,Sim,84,Sim,Advogado,0.0,Baixo,1.0,Cat_6,B,4559.3,15,1,8
1816,464728,Masculino,Sim,47,Nao,Entretenimento,1.0,Alto,4.0,Cat_4,D,6217.34,37,2,10
1817,466474,Masculino,Nao,29,Sim,Entretenimento,6.0,Baixo,3.0,Cat_6,A,8711.43,37,1,9
1818,461711,Feminino,Nao,35,Sim,Ator/Atriz,8.0,Baixo,3.0,Cat_2,A,6079.84,2,1,10
1819,460347,Masculino,Sim,40,Sim,Ator/Atriz,14.0,Baixo,2.0,Cat_6,C,5330.73,31,1,6
1820,467689,Masculino,Nao,35,Nao,Enfermeiro,1.0,Baixo,1.0,Cat_6,D,13675.91,29,2,7
1821,460260,Masculino,Nao,20,Nao,Enfermeiro,0.0,Baixo,3.0,Cat_2,D,13050.92,2,4,5
1822,466344,Masculino,Nao,43,Sim,Entretenimento,0.0,Baixo,2.0,Cat_2,A,7242.1,28,1,5
1823,466437,Masculino,Sim,56,Nao,Executivo,0.0,Baixo,1.0,Cat_6,D,14744.01,27,2,8
1824,460423,Feminino,Sim,53,Sim,Ator/Atriz,3.0,Baixo,1.0,Cat_7,A,1177.5,32,1,10
1825,459590,Masculino,Sim,22,Nao,Executivo,1.0,Alto,3.0,Cat_6,D,3718.76,31,1,10
1826,464668,Masculino,Sim,32,Nao,Enfermeiro,1.0,Alto,4.0,Cat_4,D,15598.06,7,1,9
1827,463049,Masculino,Sim,51,Nao,Executivo,2.0,Alto,5.0,Cat_6,A,9526.91,34,1,10
1828,462407,Masculino,Sim,37,Nao,Medico,2.0,Medio,4.0,Cat_6,A,9396.81,30,2,10
1829,459450,Masculino,Sim,55,Sim,Ator/Atriz,4.0,Medio,4.0,Cat_6,A,7045.43,32,1,7
1830,463255,Masculino,Nao,42,Sim,Entretenimento,3.0,Baixo,2.0,Cat_6,A,7904.59,10,1,10
1831,462574,Masculino,Nao,20,Nao,Enfermeiro,1.0,Baixo,5.0,Cat_4,D,13262.48,11,3,4
1832,465761,Feminino,Nao,42,Sim,Ator/Atriz,12.0,Baixo,2.0,Cat_4,A,10199.28,8,3,5
1836,466619,Masculino,Sim,37,Sim,Entretenimento,5.0,Medio,2.0,Cat_6,C,6549.66,21,1,6
1837,461722,Masculino,Nao,27,Nao,Medico,1.0,Baixo,3.0,Cat_6,B,8174.94,2,1,10
1838,460898,Masculino,Sim,48,Nao,Ator/Atriz,3.0,Medio,4.0,Cat_6,B,3209.42,31,1,10
1840,460403,Feminino,Nao,56,Sim,Medico,3.0,Baixo,1.0,Cat_6,A,6107.35,33,1,10
1841,459818,Feminino,Sim,68,Nao,Advogado,1.0,Baixo,1.0,Cat_6,D,6374.1,36,2,10
1842,463732,Masculino,Nao,21,Nao,Enfermeiro,0.0,Baixo,4.0,Cat_6,D,15141.28,26,1,10
1843,467112,Masculino,Nao,43,Sim,Ator/Atriz,1.0,Baixo,2.0,Cat_2,B,3152.9,2,1,9
1844,459902,Masculino,Sim,52,Sim,Advogado,8.0,Alto,2.0,Cat_6,C,8452.05,8,1,10
1845,463233,Masculino,Sim,50,Nao,Executivo,0.0,Medio,5.0,Cat_6,B,14170.94,3,1,5
1846,467721,Masculino,Nao,41,Sim,Entretenimento,0.0,Baixo,1.0,Cat_4,D,5931.95,19,1,9
1847,465915,Masculino,Sim,40,Sim,Entretenimento,8.0,Medio,2.0,Cat_6,B,7408.19,30,1,5
1848,464506,Masculino,Nao,32,Sim,Enfermeiro,8.0,Baixo,2.0,Cat_4,D,13447.44,6,1,10
1849,460624,Masculino,Sim,57,Sim,Do Lar,5.0,Alto,2.0,Cat_6,A,4717.21,5,1,10
1850,462020,Feminino,Nao,25,Sim,Ator/Atriz,13.0,Baixo,2.0,Cat_6,C,2137.53,8,1,8
1851,464320,Masculino,Sim,74,Nao,Advogado,0.0,Alto,2.0,Cat_6,A,4898.65,18,1,6
1852,461561,Feminino,Sim,46,Sim,Ator/Atriz,0.0,Medio,2.0,Cat_6,C,13414.63,37,1,4
1853,465953,Feminino,Nao,50,Sim,Ator/Atriz,1.0,Baixo,1.0,Cat_6,D,3233.31,3,1,9
1854,463309,Masculino,Sim,50,Sim,Ator/Atriz,0.0,Medio,2.0,Cat_3,B,10890.58,11,1,2
1855,459134,Feminino,Sim,69,Sim,Advogado,0.0,Alto,2.0,Cat_6,C,8662.05,19,2,10
1856,464195,Masculino,Nao,29,Sim,Ator/Atriz,0.0,Baixo,1.0,Cat_6,A,5933.17,28,2,10
1857,466504,Masculino,Sim,38,Nao,Executivo,9.0,Alto,5.0,Cat_6,B,16662.47,16,1,9
1858,466792,Feminino,Sim,82,Nao,Advogado,0.0,Baixo,1.0,Cat_6,A,5300.66,19,1,10
1860,465384,Masculino,Sim,56,Sim,Ator/Atriz,0.0,Alto,2.0,Cat_6,B,8902.66,27,1,7
1861,462050,Masculino,Nao,19,Nao,Enfermeiro,4.0,Baixo,3.0,Cat_2,D,14320.18,3,1,8
1862,465268,Masculino,Sim,29,Nao,Executivo,12.0,Baixo,3.0,Cat_6,B,2350.58,16,1,10
1863,461370,Masculino,Nao,26,Sim,Medico,1.0,Baixo,3.0,Cat_6,D,8410.15,20,1,10
1864,464225,Feminino,Nao,31,Nao,Medico,1.0,Baixo,5.0,Cat_3,C,7886.99,30,1,6
1865,466665,Masculino,Sim,42,Sim,Ator/Atriz,0.0,Medio,2.0,Cat_6,A,5563.96,9,1,4
1866,462290,Feminino,Nao,33,Sim,Medico,1.0,Baixo,1.0,Cat_6,B,5742.79,30,2,9
1867,459326,Masculino,Sim,35,Nao,Enfermeiro,1.0,Baixo,5.0,Cat_6,D,12018.52,34,1,7
1869,460343,Feminino,Nao,67,Sim,Ator/Atriz,0.0,Baixo,2.0,Cat_6,B,7552.48,20,1,6
1870,463626,Feminino,Nao,35,Nao,Ator/Atriz,7.0,Baixo,2.0,Cat_6,D,4249.75,14,1,1
1871,464266,Masculino,Nao,28,Nao,Medico,8.0,Baixo,3.0,Cat_6,A,9063.21,12,1,9
1872,464491,Feminino,Nao,43,Nao,Medico,8.0,Baixo,1.0,Cat_4,D,5728.17,24,2,7
1873,463440,Feminino,Sim,73,Sim,Ator/Atriz,0.0,Medio,3.0,Cat_1,C,5871.41,32,2,8
1874,463602,Feminino,Nao,21,Nao,Enfermeiro,8.0,Baixo,4.0,Cat_6,D,10768.79,25,3,8
1875,464706,Feminino,Nao,32,Nao,Medico,1.0,Baixo,3.0,Cat_4,D,3079.89,14,1,5
1876,460313,Masculino,Nao,32,Sim,Ator/Atriz,13.0,Baixo,3.0,Cat_6,A,5400.58,30,1,10
1877,465497,Masculino,Nao,25,Nao,Do Lar,14.0,Baixo,3.0,Cat_5,A,5062.09,10,1,9
1878,465846,Feminino,Nao,40,Sim,Ator/Atriz,5.0,Baixo,1.0,Cat_6,A,2454.42,33,1,9
1879,463374,Feminino,Nao,19,Nao,Enfermeiro,0.0,Baixo,3.0,Cat_6,D,14156.3,0,2,8
1880,462704,Masculino,Sim,48,Sim,Executivo,5.0,Alto,5.0,Cat_6,B,17695.24,30,2,10
1881,462160,Feminino,Nao,36,Sim,Ator/Atriz,3.0,Baixo,3.0,Cat_6,C,9947.79,34,2,10
1882,461365,Masculino,Nao,27,Nao,Enfermeiro,1.0,Baixo,3.0,Cat_6,D,13170.68,34,2,5
1883,464205,Feminino,Sim,82,Nao,Entretenimento,0.0,Alto,2.0,Cat_6,B,7091.59,4,1,10
1884,459294,Masculino,Nao,23,Nao,Enfermeiro,9.0,Baixo,4.0,Cat_6,D,15823.28,5,3,6
1885,460318,Masculino,Nao,30,Sim,Entretenimento,14.0,Baixo,3.0,Cat_6,D,6281.56,3,2,10
1886,467967,Masculino,Nao,30,Sim,Entretenimento,8.0,Baixo,4.0,Cat_6,A,8542.67,14,1,9
1887,461797,Masculino,Nao,30,Sim,Enfermeiro,1.0,Baixo,3.0,Cat_6,D,14831.8,33,2,9
1888,462980,Masculino,Nao,28,Sim,Entretenimento,1.0,Baixo,5.0,Cat_6,C,8440.2,15,1,8
1889,462361,Masculino,Sim,60,Sim,Ator/Atriz,0.0,Baixo,2.0,Cat_4,A,2117.6,6,1,4
1890,461855,Feminino,Sim,52,Sim,Ator/Atriz,1.0,Medio,2.0,Cat_6,C,11044.4,18,2,10
1891,467522,Feminino,Nao,19,Nao,Enfermeiro,0.0,Baixo,2.0,Cat_6,D,12773.04,30,1,9
1892,463327,Masculino,Sim,40,Nao,Executivo,1.0,Baixo,5.0,Cat_5,D,10687.7,13,2,8
1893,459824,Masculino,Nao,38,Sim,Entretenimento,8.0,Baixo,1.0,Cat_6,D,6374.56,16,1,10
1894,461051,Feminino,Sim,71,Sim,Entretenimento,1.0,Medio,2.0,Cat_6,B,8100.75,28,1,9
1896,461521,Masculino,Sim,68,Sim,Ator/Atriz,0.0,Alto,2.0,Cat_6,B,10440.17,26,1,5
1897,467792,Masculino,Nao,21,Nao,Enfermeiro,0.0,Baixo,4.0,Cat_6,D,12458.17,9,1,10
1899,459111,Masculino,Sim,41,Sim,Executivo,0.0,Baixo,4.0,Cat_6,B,5410.73,10,1,9
1900,466473,Feminino,Nao,22,Nao,Enfermeiro,0.0,Baixo,3.0,Cat_2,D,14045.72,6,2,4
1901,460046,Feminino,Sim,49,Sim,Ator/Atriz,3.0,Baixo,2.0,Cat_6,B,2336.43,2,1,5
1902,466698,Feminino,Sim,26,Sim,Enfermeiro,8.0,Baixo,2.0,Cat_3,D,14048.11,30,3,9
1904,467057,Feminino,Nao,50,Nao,Entretenimento,8.0,Baixo,2.0,Cat_6,A,7136.86,6,1,7
1905,466052,Feminino,Sim,37,Sim,Do Lar,5.0,Baixo,2.0,Cat_4,D,4321.16,10,1,10
1907,465873,Masculino,Nao,35,Sim,Entretenimento,13.0,Baixo,1.0,Cat_6,D,5610.99,21,1,4
1908,459802,Feminino,Sim,50,Sim,Ator/Atriz,1.0,Baixo,1.0,Cat_6,C,7271.42,31,1,3
1909,464817,Masculino,Nao,31,Sim,Ator/Atriz,7.0,Baixo,1.0,Cat_4,A,10735.31,6,1,6
1910,460845,Feminino,Nao,20,Nao,Enfermeiro,0.0,Baixo,2.0,Cat_6,D,12572.74,21,3,7
1911,459072,Masculino,Sim,66,Sim,Entretenimento,1.0,Medio,2.0,Cat_6,C,7075.06,30,1,5
1912,465694,Masculino,Sim,37,Sim,Enfermeiro,1.0,Medio,2.0,Cat_4,A,13957.25,4,2,8
1913,466381,Masculino,Sim,52,Sim,Ator/Atriz,2.0,Medio,2.0,Cat_6,C,6741.74,29,1,6
1914,460947,Masculino,Sim,45,Sim,Executivo,7.0,Alto,5.0,Cat_6,C,7124.96,23,2,8
1915,467338,Feminino,Nao,27,Sim,Enfermeiro,2.0,Baixo,6.0,Cat_6,D,12365.81,31,1,6
1916,467189,Feminino,Sim,46,Sim,Ator/Atriz,1.0,Alto,4.0,Cat_6,C,17005.58,36,2,10
1917,466456,Feminino,Sim,43,Nao,Medico,9.0,Baixo,1.0,Cat_2,A,5494.31,18,1,7
1918,463805,Feminino,Nao,32,Nao,Medico,8.0,Baixo,6.0,Cat_6,C,6145.06,27,2,5
1919,462427,Masculino,Sim,87,Sim,Advogado,9.0,Baixo,4.0,Cat_6,C,2463.31,33,1,6
1920,466906,Masculino,Nao,59,Sim,Ator/Atriz,1.0,Baixo,2.0,Cat_6,B,2687.69,10,1,5
1921,461842,Masculino,Sim,63,Sim,Ator/Atriz,1.0,Medio,3.0,Cat_6,C,5041.87,36,2,9
1922,462400,Masculino,Nao,47,Sim,Ator/Atriz,0.0,Baixo,1.0,Cat_6,B,9213.37,13,1,10
1923,466598,Feminino,Sim,45,Sim,Ator/Atriz,9.0,Baixo,2.0,Cat_6,C,6672.82,12,1,8
1924,466940,Masculino,Sim,79,Nao,Advogado,0.0,Baixo,1.0,Cat_6,D,3259.2,34,1,6
1925,461754,Masculino,Sim,65,Nao,Entretenimento,1.0,Alto,2.0,Cat_6,B,6773.92,11,2,7
1926,461376,Feminino,Nao,38,Sim,Enfermeiro,0.0,Baixo,2.0,Cat_6,B,15711.84,4,4,5
1927,462025,Masculino,Nao,20,Nao,Enfermeiro,2.0,Baixo,3.0,Cat_4,D,15291.3,19,1,4
1928,465720,Feminino,Sim,36,Sim,Ator/Atriz,1.0,Baixo,2.0,Cat_6,C,6189.86,1,2,3
1929,466354,Masculino,Nao,22,Nao,Enfermeiro,0.0,Baixo,4.0,Cat_6,D,13505.91,13,2,6
1930,463857,Masculino,Sim,56,Nao,Enfermeiro,0.0,Alto,4.0,Cat_7,B,11170.97,33,2,6
1931,465849,Feminino,Nao,32,Sim,Medico,5.0,Baixo,3.0,Cat_4,A,3127.68,32,1,7
1932,464100,Feminino,Nao,33,Sim,Enfermeiro,1.0,Baixo,1.0,Cat_6,D,13793.83,10,1,7
1933,461444,Feminino,Sim,68,Sim,Ator/Atriz,1.0,Alto,2.0,Cat_6,C,6643.18,24,2,7
1934,464711,Feminino,Sim,38,Sim,Ator/Atriz,7.0,Medio,3.0,Cat_1,B,8464.12,27,1,8
1935,465349,Feminino,Sim,49,Sim,Ator/Atriz,0.0,Alto,4.0,Cat_6,C,8558.36,16,1,3
1936,463407,Feminino,Nao,33,Nao,Medico,0.0,Baixo,1.0,Cat_3,D,4501.35,10,1,7
1937,466632,Feminino,Sim,57,Sim,Ator/Atriz,1.0,Alto,2.0,Cat_6,C,3513.81,25,1,10
1938,464641,Feminino,Sim,65,Sim,Advogado,2.0,Baixo,6.0,Cat_1,D,2347.75,19,1,6
1939,462154,Masculino,Sim,36,Sim,Entretenimento,0.0,Medio,2.0,Cat_6,C,6037.75,29,1,7
1941,460167,Feminino,Nao,18,Nao,Entretenimento,1.0,Baixo,5.0,Cat_2,C,6835.53,26,1,5
1943,463259,Masculino,Sim,75,Sim,Advogado,0.0,Baixo,1.0,Cat_6,A,2373.97,19,1,10
1944,461628,Masculino,Sim,39,Sim,Enfermeiro,11.0,Medio,2.0,Cat_6,B,13971.86,20,1,9
1945,459126,Masculino,Sim,61,Sim,Ator/Atriz,2.0,Baixo,2.0,Cat_6,B,9662.59,26,1,10
1947,460860,Masculino,Sim,52,Sim,Ator/Atriz,7.0,Medio,4.0,Cat_6,B,5046.83,8,1,9
1948,467629,Masculino,Sim,50,Sim,Ator/Atriz,1.0,Baixo,1.0,Cat_6,B,12880.96,13,1,10
1949,461720,Feminino,Nao,51,Sim,Ator/Atriz,1.0,Baixo,1.0,Cat_4,B,6225.27,29,1,10
1950,460086,Masculino,Sim,50,Nao,Ator/Atriz,1.0,Medio,3.0,Cat_6,C,1508.89,37,1,10
1951,465832,Masculino,Sim,53,Sim,Executivo,9.0,Alto,5.0,Cat_4,B,2051.99,37,1,5
1952,467070,Masculino,Sim,40,Nao,Executivo,5.0,Baixo,4.0,Cat_6,D,2157.77,23,1,7
1953,463541,Feminino,Nao,26,Nao,Enfermeiro,0.0,Baixo,3.0,Cat_5,B,12459.38,33,1,10
1954,462431,Masculino,Nao,32,Nao,Entretenimento,9.0,Baixo,4.0,Cat_6,A,8795.98,4,1,6
1955,461387,Feminino,Nao,22,Nao,Enfermeiro,5.0,Baixo,3.0,Cat_2,D,14641.22,35,4,10
1956,461693,Feminino,Sim,36,Sim,Ator/Atriz,1.0,Medio,4.0,Cat_6,B,3976.69,5,1,10
1957,466010,Feminino,Sim,69,Nao,Medico,0.0,Baixo,1.0,Cat_3,A,6309.17,6,1,6
1958,465674,Feminino,Nao,39,Sim,Entretenimento,1.0,Baixo,2.0,Cat_4,A,5237.54,30,1,6
1959,459405,Feminino,Sim,81,Nao,Medico,0.0,Alto,2.0,Cat_6,A,5446.95,6,1,9
1960,465989,Feminino,Nao,28,Nao,Enfermeiro,9.0,Baixo,2.0,Cat_6,D,11327.06,5,2,10
1961,465598,Masculino,Nao,28,Sim,Enfermeiro,6.0,Baixo,5.0,Cat_2,D,12158.22,37,2,10
1962,466093,Masculino,Nao,52,Sim,Entretenimento,1.0,Baixo,5.0,Cat_4,B,5311.38,5,1,5
1963,462773,Feminino,Sim,40,Sim,Ator/Atriz,4.0,Medio,5.0,Cat_6,B,8914.92,1,2,8
1964,465763,Feminino,Sim,37,Nao,Ator/Atriz,0.0,Medio,2.0,Cat_4,D,9418.47,4,1,6
1966,467056,Feminino,Nao,31,Nao,Do Lar,8.0,Baixo,1.0,Cat_6,A,4755.39,30,1,7
1967,461990,Feminino,Sim,68,Sim,Advogado,0.0,Baixo,2.0,Cat_6,C,6949.65,9,2,8
1968,464480,Masculino,Sim,42,Sim,Ator/Atriz,1.0,Medio,3.0,Cat_6,C,7824.14,18,1,9
1969,461318,Feminino,Sim,56,Sim,Ator/Atriz,1.0,Medio,6.0,Cat_5,C,1983.53,36,1,10
1970,467398,Masculino,Sim,37,Nao,Entretenimento,1.0,Baixo,2.0,Cat_6,A,6009.94,15,2,6
1971,464222,Masculino,Sim,58,Sim,Ator/Atriz,1.0,Baixo,1.0,Cat_6,D,2613.07,2,1,10
1972,465427,Masculino,Nao,33,Sim,Ator/Atriz,7.0,Baixo,1.0,Cat_6,A,5851.45,29,1,10
1973,460652,Feminino,Nao,31,Nao,Do Lar,8.0,Baixo,1.0,Cat_4,D,4750.67,20,1,9
1974,463642,Feminino,Nao,27,Sim,Enfermeiro,0.0,Baixo,3.0,Cat_2,B,12120.05,32,1,10
1975,462672,Masculino,Nao,25,Nao,Enfermeiro,7.0,Baixo,4.0,Cat_4,D,9871.42,11,1,5
1976,466112,Masculino,Sim,51,Sim,Entretenimento,1.0,Medio,2.0,Cat_6,B,7583.03,2,2,5
1978,463027,Masculino,Sim,69,Sim,Executivo,1.0,Medio,4.0,Cat_6,B,9431.16,14,1,9
1979,462467,Feminino,Sim,45,Nao,Medico,1.0,Baixo,1.0,Cat_6,A,3942.94,20,1,7
1980,461469,Masculino,Sim,38,Sim,Ator/Atriz,0.0,Baixo,2.0,Cat_6,C,6835.97,35,1,8
1981,467051,Feminino,Nao,19,Nao,Enfermeiro,0.0,Baixo,4.0,Cat_6,D,13207.31,6,1,9
1982,465928,Feminino,Nao,32,Sim,Enfermeiro,6.0,Baixo,3.0,Cat_6,D,14710.42,31,4,6
1983,462491,Masculino,Nao,31,Sim,Ator/Atriz,1.0,Baixo,5.0,Cat_6,C,9687.1,22,1,8
1984,460642,Masculino,Nao,19,Nao,Enfermeiro,13.0,Baixo,3.0,Cat_3,D,14606.88,3,2,10
1985,460988,Masculino,Sim,41,Sim,Entretenimento,0.0,Medio,3.0,Cat_4,C,7775.38,12,2,5
1986,461108,Masculino,Nao,21,Nao,Enfermeiro,1.0,Baixo,4.0,Cat_3,D,14609.56,18,1,9
1987,463329,Masculino,Nao,23,Nao,Enfermeiro,0.0,Baixo,6.0,Cat_3,D,13038.72,33,1,8
1988,466153,Masculino,Sim,65,Nao,Entretenimento,0.0,Medio,2.0,Cat_6,C,5547.87,20,2,8
1989,467027,Masculino,Nao,31,Nao,Executivo,4.0,Baixo,5.0,Cat_1,D,12325.95,10,1,8
1990,466710,Feminino,Sim,73,Nao,Ator/Atriz,1.0,Alto,2.0,Cat_6,C,4522.92,7,1,9
1991,465616,Masculino,Sim,42,Sim,Medico,9.0,Baixo,2.0,Cat_6,C,9282.57,29,2,9
1992,463173,Masculino,Nao,47,Sim,Ator/Atriz,0.0,Baixo,1.0,Cat_3,B,5491.67,17,1,7
1993,465779,Feminino,Nao,19,Nao,Enfermeiro,0.0,Baixo,5.0,Cat_2,D,13423.08,13,1,7
1994,465826,Masculino,Sim,45,Nao,Executivo,3.0,Baixo,9.0,Cat_4,D,9976.35,10,1,10
1995,463575,Feminino,Nao,28,Sim,Entretenimento,0.0,Baixo,3.0,Cat_6,D,4072.61,9,1,8
1997,461723,Masculino,Nao,26,Sim,Enfermeiro,8.0,Baixo,2.0,Cat_6,C,12622.91,19,2,9
1998,460783,Masculino,Sim,82,Sim,Advogado,0.0,Baixo,1.0,Cat_6,B,8403.49,30,1,9
1999,465962,Masculino,Sim,33,Sim,Enfermeiro,0.0,Baixo,2.0,Cat_7,A,14547.45,31,3,7
2001,466020,Masculino,Sim,83,Nao,Advogado,0.0,Baixo,1.0,Cat_6,D,2567.4,27,1,9
2002,461502,Feminino,Nao,37,Sim,Ator/Atriz,9.0,Baixo,1.0,Cat_6,B,7894.93,21,2,9
2003,463280,Masculino,Sim,37,Sim,Ator/Atriz,6.0,Medio,2.0,Cat_3,A,10831.27,3,1,4
2004,466936,Masculino,Sim,55,Nao,Advogado,1.0,Alto,3.0,Cat_6,C,5732.12,12,2,10
2005,460552,Masculino,Sim,61,Sim,Ator/Atriz,0.0,Baixo,2.0,Cat_3,C,5909.43,21,1,4
2006,459345,Feminino,Sim,39,Sim,Ator/Atriz,3.0,Baixo,1.0,Cat_6,B,5545.49,10,2,10
2007,464256,Masculino,Sim,40,Sim,Ator/Atriz,0.0,Baixo,2.0,Cat_6,C,8528.26,25,2,9
2008,467097,Masculino,Sim,55,Sim,Ator/Atriz,2.0,Baixo,1.0,Cat_6,B,2757.9,4,1,9
2009,462571,Masculino,Sim,50,Sim,Enfermeiro,1.0,Medio,1.0,Cat_6,D,14113.45,10,4,10
2010,463765,Masculino,Nao,26,Sim,Medico,13.0,Baixo,3.0,Cat_6,D,4961.69,3,1,9
2011,460152,Feminino,Nao,53,Sim,Ator/Atriz,1.0,Baixo,1.0,Cat_6,C,5111.65,27,1,10
2012,459587,Feminino,Nao,32,Sim,Ator/Atriz,7.0,Baixo,3.0,Cat_6,A,5797.62,8,1,10
2014,465426,Masculino,Nao,30,Nao,Enfermeiro,0.0,Baixo,4.0,Cat_6,B,13129.09,1,1,8
2015,461452,Feminino,Nao,31,Sim,Medico,0.0,Baixo,4.0,Cat_3,A,8326.78,16,2,5
2016,460797,Masculino,Sim,47,Sim,Ator/Atriz,4.0,Baixo,1.0,Cat_3,A,3375.67,2,1,8
2017,466618,Masculino,Sim,49,Sim,Ator/Atriz,3.0,Medio,2.0,Cat_6,C,8729.89,22,1,10
2018,462168,Masculino,Sim,37,Sim,Executivo,1.0,Alto,3.0,Cat_6,B,9650.97,6,1,5
2019,465338,Masculino,Sim,47,Sim,Ator/Atriz,13.0,Medio,4.0,Cat_6,C,7396.47,8,1,10
2020,463501,Masculino,Sim,52,Sim,Executivo,0.0,Alto,2.0,Cat_6,C,12356.69,29,1,9
2021,459726,Masculino,Sim,79,Nao,Advogado,0.0,Alto,2.0,Cat_6,B,5423.62,36,1,5
2022,463516,Masculino,Sim,47,Nao,Executivo,1.0,Alto,6.0,Cat_6,C,13631.05,26,1,10
2023,463359,Masculino,Nao,23,Nao,Enfermeiro,1.0,Baixo,4.0,Cat_6,D,15155.62,31,1,10
2026,460588,Masculino,Nao,21,Nao,Enfermeiro,0.0,Baixo,4.0,Cat_3,D,15829.91,1,3,10
2027,460236,Masculino,Nao,18,Nao,Enfermeiro,8.0,Baixo,4.0,Cat_6,D,11444.4,9,2,9
2028,460802,Masculino,Sim,70,Sim,Advogado,0.0,Alto,2.0,Cat_6,C,2996.55,25,1,10
2029,459467,Feminino,Sim,56,Sim,Ator/Atriz,0.0,Medio,2.0,Cat_6,C,8877.19,5,2,10
2030,466953,Masculino,Sim,42,Sim,Ator/Atriz,2.0,Medio,2.0,Cat_6,B,14182.62,14,2,7
2031,459086,Feminino,Nao,28,Nao,Enfermeiro,1.0,Baixo,2.0,Cat_6,B,12954.02,37,3,10
2032,460827,Masculino,Sim,81,Sim,Advogado,9.0,Baixo,1.0,Cat_6,D,4419.18,21,1,3
2033,464272,Masculino,Nao,30,Sim,Ator/Atriz,9.0,Baixo,2.0,Cat_6,A,5155.48,37,1,9
2034,461063,Masculino,Sim,53,Nao,Advogado,0.0,Baixo,2.0,Cat_6,D,4529.07,21,1,9
2035,467302,Masculino,Nao,26,Sim,Executivo,9.0,Baixo,4.0,Cat_6,D,9296.61,15,1,10
2036,461935,Masculino,Sim,51,Sim,Ator/Atriz,1.0,Baixo,3.0,Cat_6,C,2359.05,15,1,5
2037,459089,Masculino,Nao,19,Nao,Ator/Atriz,9.0,Baixo,7.0,Cat_7,B,3543.45,25,1,5
2038,462365,Masculino,Sim,75,Sim,Advogado,0.0,Alto,2.0,Cat_6,B,5029.91,21,2,7
2040,467332,Feminino,Sim,70,Sim,Do Lar,3.0,Baixo,2.0,Cat_6,B,4221.95,11,1,9
2041,460443,Feminino,Nao,38,Sim,Medico,0.0,Baixo,1.0,Cat_6,A,5283.1,30,2,10
2042,462195,Feminino,Nao,21,Nao,Enfermeiro,0.0,Baixo,4.0,Cat_4,D,12320.33,16,4,7
2043,466228,Masculino,Sim,80,Nao,Advogado,0.0,Baixo,1.0,Cat_4,B,1664.45,0,1,9
2044,467589,Masculino,Nao,33,Nao,Entretenimento,1.0,Baixo,1.0,Cat_6,D,6948.66,28,1,4
2045,466107,Masculino,Sim,48,Sim,Entretenimento,1.0,Medio,6.0,Cat_6,C,4235.56,16,1,8
2047,467074,Feminino,Nao,31,Nao,Enfermeiro,1.0,Baixo,4.0,Cat_6,C,13119.01,20,4,6
2048,464233,Feminino,Sim,48,Sim,Ator/Atriz,1.0,Medio,2.0,Cat_6,C,2146.04,9,1,9
2050,465970,Feminino,Sim,38,Nao,Ator/Atriz,1.0,Baixo,1.0,Cat_6,B,5001.37,9,2,9
2051,460094,Feminino,Nao,39,Sim,Ator/Atriz,0.0,Baixo,1.0,Cat_3,A,3512.09,7,1,10
2052,467428,Feminino,Sim,46,Sim,Entretenimento,2.0,Medio,2.0,Cat_6,B,6006.42,6,1,10
2053,465623,Masculino,Sim,41,Sim,Ator/Atriz,8.0,Medio,2.0,Cat_6,C,10921.32,7,1,4
2054,467516,Feminino,Sim,31,Nao,Ator/Atriz,0.0,Alto,3.0,Cat_4,A,5165.65,17,2,6
2055,462975,Masculino,Sim,37,Sim,Entretenimento,8.0,Medio,2.0,Cat_6,C,8443.42,3,2,10
2059,460724,Masculino,Nao,30,Sim,Enfermeiro,1.0,Baixo,4.0,Cat_6,D,11138.8,20,2,9
2060,466787,Feminino,Sim,33,Sim,Medico,0.0,Baixo,2.0,Cat_6,A,4538.55,9,1,5
2061,467256,Masculino,Nao,33,Nao,Enfermeiro,0.0,Baixo,4.0,Cat_2,B,13358.96,29,2,8
2062,466742,Masculino,Sim,45,Nao,Medico,8.0,Baixo,2.0,Cat_3,A,6096.07,37,2,9
2063,466017,Feminino,Sim,45,Sim,Do Lar,1.0,Baixo,1.0,Cat_3,B,4662.97,11,1,6
2064,459679,Feminino,Nao,21,Nao,Entretenimento,1.0,Baixo,4.0,Cat_6,D,5997.57,22,1,9
2065,465930,Feminino,Nao,36,Sim,Ator/Atriz,9.0,Baixo,2.0,Cat_6,A,2186.51,17,1,10
2066,460175,Feminino,Nao,28,Nao,Ator/Atriz,0.0,Baixo,5.0,Cat_2,C,6502.13,9,1,9
2067,466725,Feminino,Sim,89,Nao,Advogado,0.0,Alto,2.0,Cat_6,A,2982.46,14,1,9
2068,465095,Masculino,Sim,48,Sim,Executivo,1.0,Alto,4.0,Cat_6,C,13025.12,7,1,3
2069,465452,Masculino,Sim,47,Nao,Entretenimento,0.0,Alto,5.0,Cat_6,C,6397.57,21,1,10
2070,463213,Feminino,Nao,18,Nao,Enfermeiro,3.0,Baixo,4.0,Cat_6,D,12159.48,20,2,5
2071,467653,Masculino,Sim,58,Sim,Advogado,2.0,Alto,2.0,Cat_6,C,5839.01,23,1,5
2072,463218,Masculino,Sim,42,Nao,Entretenimento,9.0,Medio,3.0,Cat_6,A,5452.83,5,2,8
2073,461289,Masculino,Nao,22,Nao,Enfermeiro,0.0,Baixo,3.0,Cat_6,D,14145.13,10,2,9
2074,459983,Feminino,Sim,50,Sim,Ator/Atriz,2.0,Baixo,1.0,Cat_6,B,11691.5,9,1,6
2075,462363,Masculino,Sim,73,Nao,Executivo,0.0,Alto,2.0,Cat_6,D,11728.81,16,2,7
2076,461509,Masculino,Sim,40,Sim,Ator/Atriz,1.0,Medio,3.0,Cat_6,B,7887.81,12,2,9
2077,464064,Feminino,Sim,39,Nao,Medico,0.0,Baixo,2.0,Cat_6,B,7579.5,25,1,8
2078,460545,Masculino,Sim,83,Nao,Advogado,0.0,Alto,3.0,Cat_3,D,8532.23,18,2,10
2079,459303,Masculino,Sim,55,Sim,Ator/Atriz,0.0,Baixo,1.0,Cat_6,B,7086.84,21,2,10
2081,464456,Masculino,Sim,27,Sim,Ator/Atriz,1.0,Baixo,4.0,Cat_6,C,5893.33,2,2,5
2082,465106,Masculino,Sim,53,Sim,Executivo,1.0,Alto,2.0,Cat_6,C,3998.8,5,1,10
2084,466116,Masculino,Sim,62,Sim,Ator/Atriz,0.0,Medio,9.0,Cat_3,C,8331.74,35,1,8
2085,467176,Masculino,Nao,27,Nao,Enfermeiro,1.0,Baixo,3.0,Cat_3,A,13896.62,10,1,3
2086,459400,Feminino,Sim,84,Nao,Advogado,0.0,Alto,2.0,Cat_6,B,5744.93,15,3,3
2087,460320,Masculino,Nao,26,Nao,Ator/Atriz,11.0,Baixo,4.0,Cat_6,C,5342.89,0,1,10
2088,466454,Masculino,Nao,33,Sim,Entretenimento,1.0,Baixo,1.0,Cat_6,A,7164.11,23,1,6
2089,467028,Masculino,Nao,27,Sim,Ator/Atriz,0.0,Baixo,1.0,Cat_6,D,10560.18,23,4,10
2090,464827,Feminino,Sim,46,Nao,Entretenimento,9.0,Medio,5.0,Cat_4,D,6559.03,13,1,3
2091,464501,Feminino,Nao,25,Nao,Enfermeiro,1.0,Baixo,3.0,Cat_6,A,12861.24,22,1,7
2092,463715,Feminino,Nao,32,Nao,Ator/Atriz,3.0,Baixo,4.0,Cat_6,C,6580.52,24,2,9
2093,461028,Feminino,Nao,21,Nao,Enfermeiro,6.0,Baixo,4.0,Cat_4,D,12805.1,8,1,10
2094,466766,Masculino,Sim,73,Sim,Advogado,1.0,Alto,4.0,Cat_6,C,4368.22,3,1,4
2095,462475,Masculino,Sim,35,Sim,Ator/Atriz,0.0,Medio,2.0,Cat_6,B,4074.49,16,1,9
2096,465770,Masculino,Nao,52,Sim,Ator/Atriz,1.0,Baixo,1.0,Cat_6,B,11655.31,6,1,5
2097,466823,Masculino,Sim,40,Sim,Ator/Atriz,1.0,Baixo,2.0,Cat_6,B,11674.19,24,2,5
2098,467083,Feminino,Sim,88,Sim,Advogado,1.0,Alto,2.0,Cat_6,A,4917.42,3,1,10
2099,464080,Feminino,Nao,41,Sim,Ator/Atriz,1.0,Baixo,2.0,Cat_6,C,3249.32,11,1,9
2100,466503,Masculino,Sim,45,Sim,Ator/Atriz,7.0,Medio,5.0,Cat_6,B,6911.98,26,1,9
2101,461847,Masculino,Sim,41,Nao,Entretenimento,0.0,Baixo,4.0,Cat_6,A,6993.55,27,1,10
2102,461447,Masculino,Sim,75,Sim,Advogado,0.0,Alto,2.0,Cat_6,C,3408.37,29,1,6
2103,459982,Masculino,Nao,39,Sim,Entretenimento,9.0,Baixo,2.0,Cat_6,A,6855.82,14,1,6
2104,463316,Feminino,Sim,89,Nao,Advogado,0.0,Alto,2.0,Cat_6,A,4432.35,0,1,9
2105,466758,Masculino,Sim,45,Sim,Medico,0.0,Baixo,1.0,Cat_6,A,7478.36,25,1,6
2106,464307,Feminino,Sim,50,Sim,Ator/Atriz,1.0,Medio,2.0,Cat_6,C,8476.29,2,2,9
2107,461344,Masculino,Sim,43,Nao,Enfermeiro,6.0,Alto,2.0,Cat_7,B,11452.56,31,4,8
2108,463353,Masculino,Sim,50,Sim,Executivo,4.0,Medio,4.0,Cat_2,B,4981.63,18,1,5
2109,464324,Masculino,Sim,76,Sim,Advogado,1.0,Baixo,1.0,Cat_3,D,6690.01,4,1,10
2110,459288,Masculino,Sim,41,Sim,Ator/Atriz,1.0,Baixo,2.0,Cat_6,A,7907.86,17,1,5
2111,460050,Masculino,Sim,50,Sim,Entretenimento,3.0,Baixo,2.0,Cat_6,A,7380.13,36,1,9
2112,464994,Masculino,Sim,56,Sim,Executivo,8.0,Alto,5.0,Cat_6,C,9321.25,7,1,8
2113,464903,Masculino,Sim,28,Nao,Entretenimento,0.0,Medio,2.0,Cat_4,A,7783.55,29,1,10
2114,463165,Feminino,Sim,72,Sim,Medico,1.0,Medio,2.0,Cat_6,A,8840.19,34,2,9
2115,465981,Masculino,Nao,28,Nao,Ator/Atriz,0.0,Baixo,2.0,Cat_6,A,5098.59,6,2,9
2116,465281,Feminino,Sim,27,Sim,Ator/Atriz,8.0,Medio,2.0,Cat_6,C,10558.09,24,2,7
2117,463781,Feminino,Nao,32,Nao,Enfermeiro,2.0,Baixo,4.0,Cat_4,D,11242.95,14,1,8
2118,466569,Feminino,Nao,20,Nao,Medico,9.0,Baixo,4.0,Cat_6,A,7133.36,11,1,6
2119,466547,Masculino,Sim,45,Sim,Executivo,1.0,Baixo,5.0,Cat_6,B,16356.17,1,1,10
2120,464631,Masculino,Nao,59,Sim,Ator/Atriz,1.0,Baixo,2.0,Cat_6,C,9272.19,7,2,9
2122,459848,Masculino,Sim,46,Sim,Ator/Atriz,1.0,Medio,3.0,Cat_6,C,2250.34,26,1,10
2123,461642,Masculino,Nao,41,Sim,Ator/Atriz,9.0,Baixo,2.0,Cat_6,A,4761.46,28,1,8
2124,467259,Masculino,Sim,70,Sim,Advogado,1.0,Alto,2.0,Cat_6,B,2192.63,13,1,6
2125,463439,Masculino,Sim,42,Sim,Ator/Atriz,9.0,Medio,3.0,Cat_6,B,3471.88,21,1,8
2128,460480,Masculino,Nao,18,Nao,Enfermeiro,0.0,Baixo,7.0,Cat_3,D,11040.53,6,3,5
2129,464419,Masculino,Sim,52,Sim,Ator/Atriz,1.0,Medio,3.0,Cat_6,C,1242.73,4,1,10
2130,463686,Feminino,Nao,32,Nao,Ator/Atriz,2.0,Baixo,4.0,Cat_2,A,2973.11,30,1,4
2131,459411,Masculino,Sim,74,Nao,Advogado,8.0,Baixo,1.0,Cat_6,A,5422.07,29,2,7
2132,463774,Masculino,Sim,29,Sim,Enfermeiro,1.0,Medio,2.0,Cat_6,A,11703.38,26,1,10
2133,463671,Masculino,Sim,37,Sim,Entretenimento,0.0,Medio,3.0,Cat_6,C,8308.49,5,1,9
2134,466986,Masculino,Sim,45,Nao,Entretenimento,1.0,Medio,3.0,Cat_6,B,5716.19,19,1,9
2135,465508,Masculino,Nao,22,Nao,Enfermeiro,1.0,Baixo,4.0,Cat_6,D,14369.38,23,3,10
2136,465351,Feminino,Sim,51,Sim,Ator/Atriz,8.0,Medio,2.0,Cat_6,B,8211.92,22,2,10
2137,464001,Masculino,Sim,59,Sim,Ator/Atriz,0.0,Medio,2.0,Cat_6,C,10763.55,0,4,10
2138,459483,Masculino,Sim,55,Sim,Ator/Atriz,1.0,Medio,2.0,Cat_7,A,7919.56,8,1,10
2139,466013,Masculino,Nao,22,Nao,Enfermeiro,2.0,Baixo,3.0,Cat_4,D,12267.95,27,2,4
2140,466490,Feminino,Sim,84,Nao,Advogado,0.0,Alto,2.0,Cat_6,B,1337.16,33,1,9
2141,463665,Masculino,Sim,50,Sim,Entretenimento,0.0,Medio,3.0,Cat_6,C,6972.34,30,1,9
2142,463459,Masculino,Sim,73,Sim,Ator/Atriz,5.0,Alto,3.0,Cat_6,C,4690.66,33,1,10
2144,463915,Feminino,Nao,21,Sim,Enfermeiro,0.0,Baixo,5.0,Cat_2,D,10343.36,17,1,5
2145,463543,Masculino,Nao,18,Nao,Enfermeiro,1.0,Baixo,4.0,Cat_6,D,12958.62,11,1,8
2146,462768,Masculino,Sim,46,Sim,Ator/Atriz,0.0,Medio,3.0,Cat_6,B,6211.75,23,1,10
2147,461876,Masculino,Nao,32,Sim,Entretenimento,9.0,Baixo,2.0,Cat_6,D,6490.45,7,4,7
2148,462135,Feminino,Nao,36,Sim,Enfermeiro,6.0,Baixo,3.0,Cat_2,D,11948.49,27,2,8
2149,458998,Masculino,Sim,37,Nao,Medico,9.0,Baixo,2.0,Cat_6,D,8939.84,26,1,10
2150,466432,Masculino,Nao,42,Sim,Entretenimento,1.0,Baixo,1.0,Cat_7,A,8738.21,20,1,9
2151,460389,Feminino,Sim,42,Sim,Enfermeiro,9.0,Medio,2.0,Cat_6,D,13406.83,34,2,10
2152,460663,Feminino,Nao,33,Nao,Do Lar,9.0,Baixo,1.0,Cat_6,D,4140.58,29,1,7
2153,467771,Feminino,Sim,59,Sim,Ator/Atriz,0.0,Medio,5.0,Cat_6,C,7939.09,28,3,10
2154,462084,Masculino,Sim,70,Sim,Ator/Atriz,1.0,Baixo,1.0,Cat_6,B,8558.01,23,2,9
2155,463621,Masculino,Sim,53,Nao,Entretenimento,1.0,Baixo,1.0,Cat_6,A,7375.08,19,2,10
2156,467021,Feminino,Sim,80,Nao,Advogado,1.0,Alto,2.0,Cat_6,D,5180.75,7,1,8
2157,467563,Masculino,Sim,39,Sim,Ator/Atriz,0.0,Medio,2.0,Cat_2,C,5099.32,17,2,6
2158,467306,Feminino,Sim,58,Sim,Ator/Atriz,0.0,Medio,5.0,Cat_6,C,2722.27,8,1,10
2159,464865,Feminino,Nao,30,Nao,Do Lar,8.0,Baixo,9.0,Cat_4,A,4451.17,6,1,4
2160,463585,Feminino,Nao,23,Nao,Enfermeiro,0.0,Baixo,3.0,Cat_6,D,13846.45,0,2,8
2161,466186,Masculino,Sim,59,Sim,Ator/Atriz,9.0,Medio,4.0,Cat_6,C,9771.63,30,1,7
2162,459619,Feminino,Sim,56,Sim,Medico,0.0,Baixo,2.0,Cat_6,D,6748.53,29,1,10
2163,466699,Feminino,Sim,40,Sim,Ator/Atriz,8.0,Baixo,1.0,Cat_6,B,8212.24,23,2,8
2164,465517,Feminino,Sim,68,Sim,Ator/Atriz,1.0,Baixo,2.0,Cat_6,A,10212.36,36,2,5
2165,459237,Masculino,Nao,29,Sim,Ator/Atriz,1.0,Baixo,6.0,Cat_6,A,8433.83,14,1,7
2166,461757,Feminino,Sim,55,Sim,Ator/Atriz,1.0,Medio,3.0,Cat_6,C,3530.13,32,1,4
2167,466309,Masculino,Nao,21,Nao,Enfermeiro,1.0,Baixo,4.0,Cat_6,D,14915.33,3,1,8
2169,460832,Feminino,Sim,41,Nao,Enfermeiro,1.0,Medio,4.0,Cat_6,D,12173.72,25,3,10
2170,461531,Masculino,Nao,41,Sim,Ator/Atriz,4.0,Baixo,1.0,Cat_3,A,10378.8,1,1,8
2171,467304,Masculino,Nao,33,Nao,Medico,1.0,Baixo,2.0,Cat_3,C,7075.62,4,1,10
2172,461463,Masculino,Nao,41,Sim,Ator/Atriz,6.0,Baixo,1.0,Cat_3,B,1850.36,5,1,9
2173,464566,Masculino,Sim,35,Sim,Executivo,0.0,Alto,4.0,Cat_6,A,16085.01,18,2,10
2174,462070,Masculino,Sim,41,Sim,Entretenimento,9.0,Medio,2.0,Cat_6,B,6600.62,8,2,10
2175,466554,Masculino,Nao,26,Nao,Enfermeiro,0.0,Baixo,3.0,Cat_6,D,13775.16,10,4,9
2176,462793,Masculino,Sim,42,Nao,Executivo,3.0,Alto,5.0,Cat_6,B,17467.23,24,1,5
2177,465657,Feminino,Sim,53,Sim,Ator/Atriz,0.0,Medio,2.0,Cat_6,C,6129.93,9,1,9
2178,460530,Feminino,Sim,33,Sim,Entretenimento,3.0,Medio,3.0,Cat_4,D,4226.72,6,1,10
2179,464045,Masculino,Sim,39,Sim,Ator/Atriz,0.0,Baixo,2.0,Cat_6,C,5214.01,2,1,8
2180,462905,Feminino,Nao,25,Nao,Ator/Atriz,6.0,Baixo,3.0,Cat_6,C,6376.9,4,2,8
2181,466254,Masculino,Nao,40,Sim,Entretenimento,0.0,Baixo,2.0,Cat_2,A,5752.89,0,1,10
2182,460617,Feminino,Nao,22,Nao,Enfermeiro,0.0,Baixo,4.0,Cat_3,D,12394.84,29,1,8
2183,465468,Feminino,Sim,37,Sim,Ator/Atriz,1.0,Medio,2.0,Cat_6,C,4448.14,27,1,10
2184,466125,Feminino,Sim,65,Sim,Ator/Atriz,0.0,Baixo,2.0,Cat_6,B,2514.01,6,1,8
2185,465207,Masculino,Sim,49,Sim,Ator/Atriz,0.0,Medio,2.0,Cat_6,C,11696.85,17,4,6
2187,459924,Feminino,Sim,65,Sim,Ator/Atriz,0.0,Medio,2.0,Cat_6,C,8298.05,31,1,6
2188,466375,Masculino,Sim,52,Sim,Entretenimento,1.0,Baixo,4.0,Cat_2,C,6262.12,14,1,9
2189,462951,Masculino,Sim,73,Sim,Advogado,2.0,Baixo,1.0,Cat_6,D,4052.18,15,1,5
2191,460987,Masculino,Nao,25,Sim,Medico,8.0,Baixo,2.0,Cat_6,D,9627.7,5,1,8
2192,461681,Masculino,Nao,31,Sim,Enfermeiro,9.0,Baixo,3.0,Cat_7,D,12167.35,37,1,9
2193,462820,Masculino,Nao,25,Nao,Entretenimento,8.0,Baixo,9.0,Cat_6,C,4603.43,15,1,4
2194,467525,Masculino,Nao,20,Nao,Enfermeiro,0.0,Baixo,4.0,Cat_6,D,14930.01,9,1,9
2195,465876,Masculino,Nao,25,Nao,Executivo,0.0,Baixo,3.0,Cat_6,A,9428.16,4,1,7
2196,464199,Masculino,Sim,25,Sim,Ator/Atriz,8.0,Baixo,2.0,Cat_7,A,5813.87,37,2,8
2197,462746,Masculino,Nao,29,Nao,Entretenimento,1.0,Baixo,3.0,Cat_6,B,4578.17,32,1,7
2198,463261,Feminino,Sim,72,Nao,Entretenimento,7.0,Medio,3.0,Cat_6,B,5027.36,8,1,9
2199,467548,Masculino,Sim,48,Sim,Ator/Atriz,0.0,Alto,2.0,Cat_6,B,2274.21,23,1,2
2200,460924,Masculino,Nao,28,Nao,Medico,1.0,Baixo,5.0,Cat_2,D,8404.64,7,1,5
2201,463368,Feminino,Sim,42,Sim,Ator/Atriz,3.0,Alto,3.0,Cat_2,C,9629.96,27,1,10
2202,459957,Feminino,Sim,32,Sim,Ator/Atriz,8.0,Baixo,3.0,Cat_6,A,4222.15,34,1,7
2203,459191,Masculino,Sim,49,Sim,Ator/Atriz,0.0,Baixo,1.0,Cat_6,B,9972.53,16,1,7
2204,462479,Feminino,Sim,55,Sim,Ator/Atriz,1.0,Medio,2.0,Cat_6,C,6540.18,23,1,9
2205,466570,Feminino,Sim,40,Sim,Ator/Atriz,0.0,Medio,3.0,Cat_6,A,8595.01,10,1,10
2206,459407,Feminino,Nao,37,Sim,Medico,0.0,Baixo,3.0,Cat_6,A,7494.74,3,1,8
2207,467331,Masculino,Nao,27,Nao,Enfermeiro,3.0,Baixo,4.0,Cat_6,D,13106.8,21,1,9
2208,463377,Feminino,Sim,32,Sim,Do Lar,4.0,Alto,2.0,Cat_3,B,4546.15,36,1,9
2209,467456,Masculino,Sim,36,Nao,Executivo,7.0,Alto,4.0,Cat_6,A,6060.51,17,2,8
2210,464029,Masculino,Nao,18,Nao,Entretenimento,1.0,Baixo,4.0,Cat_6,D,4990.38,8,1,8
2211,466056,Feminino,Nao,36,Sim,Ator/Atriz,1.0,Baixo,1.0,Cat_4,B,6981.61,22,1,10
2212,465002,Feminino,Sim,88,Sim,Advogado,1.0,Alto,2.0,Cat_6,C,7210.19,32,1,10
2213,459961,Masculino,Sim,51,Sim,Ator/Atriz,8.0,Baixo,3.0,Cat_2,A,7086.39,24,2,8
2214,466109,Masculino,Sim,51,Sim,Entretenimento,1.0,Medio,4.0,Cat_6,B,7819.03,31,1,6
2215,461543,Masculino,Nao,31,Nao,Ator/Atriz,3.0,Baixo,2.0,Cat_6,A,8002.32,2,1,6
2216,459502,Feminino,Sim,47,Sim,Ator/Atriz,1.0,Medio,3.0,Cat_6,C,9762.77,31,1,7
2217,461942,Masculino,Nao,29,Sim,Enfermeiro,0.0,Baixo,6.0,Cat_6,D,13059.52,36,3,10
2218,459872,Masculino,Sim,68,Nao,Entretenimento,4.0,Medio,2.0,Cat_6,A,7646.15,7,2,9
2219,467040,Masculino,Nao,32,Sim,Medico,0.0,Baixo,4.0,Cat_3,D,6738.53,24,2,9
2220,465079,Masculino,Sim,75,Sim,Advogado,1.0,Baixo,1.0,Cat_6,A,7545.33,22,1,10
2221,467697,Feminino,Nao,39,Sim,Enfermeiro,0.0,Baixo,1.0,Cat_6,A,13339.69,8,2,10
2222,466555,Masculino,Nao,18,Nao,Enfermeiro,1.0,Baixo,3.0,Cat_6,D,12547.89,27,1,8
2223,463457,Feminino,Sim,42,Sim,Ator/Atriz,2.0,Medio,2.0,Cat_6,B,8828.74,2,1,6
2224,462653,Masculino,Sim,48,Sim,Executivo,0.0,Medio,4.0,Cat_4,A,17403.07,8,2,10
2225,461390,Feminino,Sim,70,Sim,Ator/Atriz,0.0,Alto,2.0,Cat_6,C,5437.31,26,2,9
2226,460217,Masculino,Sim,45,Sim,Ator/Atriz,1.0,Medio,2.0,Cat_6,B,7914.11,1,1,9
2227,463684,Feminino,Nao,29,Sim,Enfermeiro,0.0,Baixo,4.0,Cat_6,A,13698.38,13,1,7
2228,463764,Masculino,Sim,50,Sim,Entretenimento,1.0,Medio,3.0,Cat_6,C,5940.75,22,2,5
2229,465310,Feminino,Nao,22,Nao,Enfermeiro,0.0,Baixo,6.0,Cat_4,D,11582.74,2,1,5
2230,462489,Masculino,Sim,46,Sim,Ator/Atriz,0.0,Baixo,2.0,Cat_6,C,7237.82,29,2,4
2231,459737,Feminino,Sim,81,Sim,Advogado,8.0,Alto,2.0,Cat_6,C,5496.84,31,1,8
2232,465357,Feminino,Sim,49,Sim,Ator/Atriz,1.0,Medio,3.0,Cat_6,C,7513.04,15,1,7
2233,461747,Masculino,Sim,66,Sim,Ator/Atriz,1.0,Alto,2.0,Cat_6,B,8288.51,25,1,9
2234,464323,Feminino,Nao,29,Sim,Ator/Atriz,12.0,Baixo,1.0,Cat_6,A,8849.03,13,1,8
2235,467248,Feminino,Sim,86,Sim,Advogado,0.0,Alto,2.0,Cat_6,C,3753.55,7,1,10
2236,463265,Masculino,Sim,70,Sim,Ator/Atriz,1.0,Medio,3.0,Cat_6,C,6404.75,24,2,8
2237,459946,Feminino,Sim,36,Sim,Ator/Atriz,1.0,Medio,2.0,Cat_6,B,7342.04,23,2,9
2238,463161,Masculino,Nao,35,Sim,Ator/Atriz,1.0,Baixo,2.0,Cat_3,A,6578.59,28,1,6
2239,460790,Feminino,Sim,42,Sim,Ator/Atriz,0.0,Alto,2.0,Cat_2,C,8535.38,12,2,3
2240,460864,Feminino,Nao,20,Nao,Ator/Atriz,0.0,Baixo,3.0,Cat_6,D,7206.09,37,1,9
2242,460299,Masculino,Sim,56,Sim,Ator/Atriz,4.0,Baixo,1.0,Cat_6,B,6484.55,22,1,7
2243,462378,Masculino,Sim,67,Nao,Ator/Atriz,1.0,Baixo,1.0,Cat_6,B,7516.3,21,1,10
2244,463081,Feminino,Sim,51,Sim,Ator/Atriz,0.0,Baixo,1.0,Cat_6,B,1953.45,12,1,8
2245,460923,Masculino,Sim,49,Sim,Ator/Atriz,1.0,Medio,3.0,Cat_6,C,2435.65,31,1,3
2246,462120,Masculino,Sim,51,Nao,Ator/Atriz,1.0,Baixo,3.0,Cat_3,A,2230.84,23,1,7
2247,463980,Feminino,Nao,26,Sim,Ator/Atriz,1.0,Baixo,9.0,Cat_6,C,1808.67,20,1,10
2248,466695,Feminino,Sim,31,Sim,Entretenimento,1.0,Baixo,1.0,Cat_6,A,6316.34,2,1,10
2249,465833,Masculino,Sim,43,Nao,Executivo,1.0,Alto,3.0,Cat_4,A,10969.2,27,2,5
2250,467490,Masculino,Sim,59,Nao,Executivo,7.0,Medio,5.0,Cat_6,B,13601.63,10,3,10
2252,464561,Feminino,Nao,48,Sim,Entretenimento,9.0,Baixo,2.0,Cat_6,A,5522.45,1,2,9
2253,459409,Feminino,Sim,88,Sim,Advogado,1.0,Alto,2.0,Cat_6,B,4789.4,10,1,9
2254,462864,Feminino,Nao,30,Sim,Enfermeiro,12.0,Baixo,6.0,Cat_6,D,11160.2,6,3,3
2255,461009,Feminino,Nao,22,Nao,Enfermeiro,6.0,Baixo,3.0,Cat_3,D,11626.33,37,1,9
2256,459117,Masculino,Sim,66,Sim,Ator/Atriz,1.0,Alto,2.0,Cat_6,C,5684.14,23,1,10
2258,464079,Feminino,Sim,36,Nao,Medico,14.0,Medio,2.0,Cat_6,A,9448.49,27,1,10
2260,461637,Masculino,Sim,51,Sim,Ator/Atriz,1.0,Baixo,2.0,Cat_7,B,2906.68,36,1,9
2261,459252,Masculino,Sim,66,Sim,Advogado,0.0,Alto,3.0,Cat_6,A,9598.96,30,1,8
2263,463956,Feminino,Nao,28,Nao,Entretenimento,0.0,Baixo,5.0,Cat_2,D,5338.55,18,2,8
2264,459892,Feminino,Sim,50,Sim,Ator/Atriz,1.0,Baixo,1.0,Cat_6,A,5134.59,21,2,8
2266,460862,Masculino,Sim,52,Nao,Entretenimento,1.0,Medio,4.0,Cat_3,B,5481.36,22,1,5
2268,461650,Feminino,Sim,42,Sim,Medico,0.0,Baixo,1.0,Cat_4,B,4510.81,24,1,9
2269,467501,Masculino,Nao,48,Sim,Entretenimento,1.0,Baixo,2.0,Cat_6,D,6943.93,23,2,4
2270,467319,Masculino,Nao,26,Sim,Do Lar,8.0,Baixo,2.0,Cat_6,A,4600.0,34,1,5
2271,459604,Feminino,Nao,21,Nao,Enfermeiro,0.0,Baixo,7.0,Cat_3,D,11920.5,9,2,9
2272,463554,Feminino,Nao,53,Nao,Ator/Atriz,7.0,Baixo,1.0,Cat_6,C,6373.22,12,2,9
2273,467652,Masculino,Nao,32,Sim,Medico,0.0,Baixo,3.0,Cat_6,D,9728.22,30,1,8
2274,465298,Feminino,Sim,56,Sim,Medico,1.0,Medio,2.0,Cat_3,C,6812.28,12,2,7
2275,462494,Feminino,Nao,36,Sim,Ator/Atriz,8.0,Baixo,4.0,Cat_3,D,6815.89,23,1,6
2276,467344,Masculino,Sim,83,Sim,Advogado,0.0,Baixo,2.0,Cat_6,B,6350.47,30,1,10
2277,463442,Masculino,Sim,42,Sim,Executivo,1.0,Baixo,2.0,Cat_6,D,7310.97,2,1,5
2278,464360,Masculino,Sim,62,Sim,Executivo,0.0,Alto,2.0,Cat_6,B,18846.29,18,2,9
2279,462505,Masculino,Sim,40,Nao,Executivo,0.0,Baixo,4.0,Cat_4,D,11110.68,37,2,10
2280,459914,Masculino,Nao,38,Sim,Ator/Atriz,2.0,Baixo,1.0,Cat_4,D,11157.63,29,2,10
2281,461255,Masculino,Nao,18,Nao,Enfermeiro,1.0,Baixo,5.0,Cat_4,D,11536.07,23,4,10
2282,462360,Feminino,Sim,62,Sim,Ator/Atriz,3.0,Baixo,2.0,Cat_6,C,11903.71,16,2,10
2283,466571,Masculino,Nao,23,Nao,Enfermeiro,1.0,Baixo,4.0,Cat_6,D,12466.44,37,2,4
2284,464575,Masculino,Nao,42,Sim,Ator/Atriz,8.0,Baixo,1.0,Cat_6,A,2281.12,14,1,8
2287,465216,Masculino,Sim,35,Sim,Executivo,8.0,Alto,4.0,Cat_6,C,17653.57,30,3,10
2289,460265,Masculino,Sim,52,Sim,Executivo,1.0,Alto,4.0,Cat_6,B,12283.95,1,2,10
2290,464178,Masculino,Nao,29,Sim,Medico,3.0,Baixo,3.0,Cat_4,A,6927.85,23,2,4
2291,461586,Masculino,Nao,36,Sim,Ator/Atriz,6.0,Baixo,3.0,Cat_2,B,7808.7,20,1,7
2292,461764,Feminino,Nao,41,Sim,Ator/Atriz,0.0,Baixo,1.0,Cat_6,A,1560.54,1,1,10
2293,459297,Masculino,Sim,72,Sim,Executivo,0.0,Alto,4.0,Cat_6,C,15816.64,31,2,10
2295,463452,Feminino,Sim,79,Sim,Advogado,0.0,Alto,2.0,Cat_6,C,4872.15,11,1,10
2297,465927,Feminino,Nao,25,Sim,Enfermeiro,0.0,Baixo,1.0,Cat_6,D,14189.72,30,1,10
2298,465857,Feminino,Nao,40,Sim,Medico,1.0,Baixo,1.0,Cat_6,B,10235.24,4,1,10
2299,460581,Masculino,Sim,27,Sim,Enfermeiro,2.0,Medio,2.0,Cat_3,A,9775.74,32,1,9
2300,459501,Feminino,Sim,62,Sim,Ator/Atriz,4.0,Medio,7.0,Cat_7,A,1220.58,25,1,4
2301,466670,Masculino,Sim,29,Sim,Enfermeiro,2.0,Medio,2.0,Cat_2,B,14993.24,6,2,8
2302,460678,Feminino,Nao,31,Nao,Medico,6.0,Baixo,2.0,Cat_3,A,8555.56,26,1,10
2303,460230,Masculino,Nao,28,Sim,Enfermeiro,1.0,Baixo,4.0,Cat_6,C,12650.57,2,2,9
2304,463653,Feminino,Nao,26,Sim,Ator/Atriz,1.0,Baixo,5.0,Cat_6,A,6488.62,1,1,10
2305,463726,Feminino,Nao,33,Nao,Enfermeiro,1.0,Baixo,3.0,Cat_6,B,15287.25,25,2,6
2307,465533,Feminino,Sim,50,Sim,Entretenimento,0.0,Medio,4.0,Cat_2,B,7711.35,21,1,8
2308,462297,Feminino,Nao,29,Sim,Ator/Atriz,14.0,Baixo,2.0,Cat_6,B,7207.26,31,1,5
2310,467709,Feminino,Sim,37,Sim,Ator/Atriz,5.0,Baixo,2.0,Cat_6,D,3455.06,34,1,10
2311,467413,Feminino,Sim,75,Sim,Advogado,2.0,Alto,4.0,Cat_6,B,5477.75,9,1,8
2312,464672,Masculino,Nao,19,Nao,Entretenimento,0.0,Baixo,6.0,Cat_4,A,5963.87,31,2,10
2313,465807,Feminino,Nao,42,Sim,Ator/Atriz,1.0,Baixo,1.0,Cat_3,B,9043.93,23,2,10
2314,466529,Feminino,Sim,28,Sim,Medico,0.0,Medio,2.0,Cat_2,A,6556.61,27,1,6
2315,464434,Masculino,Sim,45,Sim,Ator/Atriz,0.0,Medio,4.0,Cat_6,B,6191.29,20,2,9
2316,464802,Masculino,Nao,40,Nao,Entretenimento,1.0,Baixo,1.0,Cat_4,A,7411.35,33,3,10
2317,467643,Masculino,Nao,42,Sim,Ator/Atriz,12.0,Baixo,1.0,Cat_3,A,8261.23,23,2,5
2318,461977,Feminino,Nao,49,Sim,Ator/Atriz,3.0,Baixo,1.0,Cat_6,C,10049.51,23,2,10
2319,464520,Masculino,Sim,46,Nao,Entretenimento,8.0,Baixo,2.0,Cat_6,D,6885.43,15,1,8
2320,464484,Masculino,Sim,29,Sim,Ator/Atriz,1.0,Medio,3.0,Cat_3,B,7496.52,30,1,9
2321,465391,Feminino,Sim,72,Sim,Advogado,0.0,Alto,2.0,Cat_6,A,6549.91,26,1,6
2322,460611,Masculino,Nao,26,Sim,Enfermeiro,0.0,Baixo,3.0,Cat_3,C,13173.98,5,1,10
2324,463623,Masculino,Nao,33,Sim,Medico,0.0,Baixo,3.0,Cat_6,C,7793.59,20,2,8
2325,463594,Feminino,Sim,35,Sim,Ator/Atriz,7.0,Medio,2.0,Cat_6,C,6754.06,37,1,2
2326,465118,Feminino,Sim,51,Sim,Ator/Atriz,1.0,Medio,6.0,Cat_6,C,8667.24,11,1,5
2327,460761,Masculino,Sim,52,Sim,Entretenimento,0.0,Medio,6.0,Cat_4,C,6897.12,15,1,9
2328,459132,Masculino,Nao,20,Nao,Entretenimento,5.0,Baixo,2.0,Cat_6,D,6116.71,23,1,10
2330,463446,Masculino,Sim,58,Sim,Ator/Atriz,0.0,Medio,3.0,Cat_3,C,5452.36,16,1,7
2331,460591,Feminino,Sim,38,Sim,Medico,1.0,Baixo,4.0,Cat_3,A,5281.07,14,1,6
2332,464139,Feminino,Nao,27,Nao,Enfermeiro,14.0,Baixo,1.0,Cat_6,D,10785.96,27,1,8
2333,466433,Masculino,Sim,43,Sim,Entretenimento,8.0,Baixo,2.0,Cat_6,B,7149.8,0,1,8
2334,459023,Feminino,Nao,18,Nao,Enfermeiro,0.0,Baixo,5.0,Cat_6,D,16588.72,3,1,5
2335,466476,Feminino,Nao,29,Nao,Enfermeiro,0.0,Baixo,3.0,Cat_6,D,11009.9,26,4,8
2336,460090,Masculino,Sim,86,Nao,Advogado,2.0,Medio,2.0,Cat_6,A,5859.04,1,2,8
2337,461016,Masculino,Nao,32,Nao,Enfermeiro,7.0,Baixo,5.0,Cat_3,D,11358.35,13,1,6
2339,462464,Masculino,Sim,53,Sim,Ator/Atriz,1.0,Medio,4.0,Cat_6,C,4465.24,12,1,6
2340,459026,Masculino,Nao,29,Nao,Enfermeiro,9.0,Baixo,3.0,Cat_3,D,11794.75,19,4,10
2341,464376,Masculino,Sim,58,Sim,Ator/Atriz,2.0,Baixo,1.0,Cat_6,A,10548.99,14,1,9
2342,467478,Feminino,Sim,39,Sim,Ator/Atriz,0.0,Medio,4.0,Cat_6,C,9738.9,24,1,10
2344,463257,Feminino,Nao,23,Nao,Enfermeiro,3.0,Baixo,5.0,Cat_6,D,14258.21,26,3,9
2345,465060,Feminino,Sim,79,Sim,Advogado,14.0,Alto,3.0,Cat_6,C,6719.29,1,1,3
2346,461696,Feminino,Sim,70,Sim,Advogado,0.0,Alto,2.0,Cat_6,B,5155.25,29,1,10
2347,466130,Feminino,Nao,27,Nao,Ator/Atriz,0.0,Baixo,6.0,Cat_6,D,1707.65,31,1,7
2348,460498,Masculino,Sim,47,Nao,Executivo,1.0,Alto,2.0,Cat_3,B,10434.7,10,2,3
2349,459248,Masculino,Sim,58,Sim,Executivo,3.0,Medio,4.0,Cat_3,B,8346.59,31,1,8
2351,462657,Masculino,Sim,35,Sim,Executivo,1.0,Medio,2.0,Cat_6,A,13758.59,13,2,6
2352,467822,Masculino,Sim,31,Sim,Enfermeiro,0.0,Baixo,2.0,Cat_6,C,11819.8,3,2,6
2353,460876,Feminino,Sim,43,Sim,Ator/Atriz,1.0,Alto,4.0,Cat_3,C,3923.1,7,1,10
2354,461395,Masculino,Nao,21,Nao,Medico,4.0,Baixo,3.0,Cat_2,D,9319.69,19,1,10
2355,460731,Feminino,Nao,29,Sim,Ator/Atriz,1.0,Baixo,3.0,Cat_6,C,10195.71,13,1,7
2356,463582,Feminino,Nao,18,Nao,Enfermeiro,1.0,Baixo,3.0,Cat_6,D,14235.31,30,2,9
2357,461423,Masculino,Nao,28,Sim,Ator/Atriz,0.0,Baixo,3.0,Cat_4,B,7733.56,11,2,9
2358,460879,Feminino,Nao,27,Sim,Enfermeiro,0.0,Baixo,4.0,Cat_6,C,12082.59,8,1,10
2359,467376,Feminino,Sim,47,Sim,Medico,8.0,Medio,2.0,Cat_6,C,8928.82,15,1,10
2362,464345,Feminino,Sim,57,Sim,Ator/Atriz,2.0,Alto,3.0,Cat_6,C,3249.05,26,1,10
2363,467889,Masculino,Sim,61,Sim,Executivo,0.0,Alto,2.0,Cat_6,C,8619.64,17,2,10
2364,461709,Masculino,Nao,33,Sim,Ator/Atriz,0.0,Baixo,3.0,Cat_4,C,7316.22,10,1,4
2365,463515,Feminino,Sim,41,Sim,Ator/Atriz,11.0,Medio,4.0,Cat_6,C,7784.65,32,1,10
2366,460080,Feminino,Nao,39,Sim,Medico,9.0,Baixo,3.0,Cat_6,A,9954.08,34,1,10
2367,460375,Masculino,Nao,40,Sim,Medico,4.0,Baixo,2.0,Cat_6,C,8426.6,37,1,5
2368,466364,Feminino,Sim,52,Sim,Ator/Atriz,1.0,Baixo,3.0,Cat_2,C,4641.49,4,1,8
2369,460896,Masculino,Nao,43,Sim,Ator/Atriz,0.0,Baixo,1.0,Cat_3,A,6736.16,1,1,7
2370,460702,Feminino,Nao,51,Sim,Ator/Atriz,0.0,Baixo,1.0,Cat_6,B,3358.71,35,1,8
2371,466001,Feminino,Sim,36,Sim,Entretenimento,6.0,Baixo,2.0,Cat_6,B,5190.03,29,1,10
2372,465738,Masculino,Sim,38,Sim,Entretenimento,8.0,Baixo,2.0,Cat_3,B,6323.87,17,1,10
2373,460804,Feminino,Nao,30,Sim,Ator/Atriz,0.0,Baixo,5.0,Cat_2,A,8669.41,16,1,9
2375,465880,Feminino,Nao,46,Sim,Entretenimento,1.0,Baixo,2.0,Cat_6,A,6177.88,15,1,10
2376,461342,Masculino,Sim,43,Nao,Executivo,3.0,Alto,4.0,Cat_6,B,9874.99,27,1,9
2377,459078,Masculino,Sim,70,Sim,Advogado,0.0,Alto,2.0,Cat_6,B,4101.87,11,1,6
2378,460396,Feminino,Sim,41,Sim,Entretenimento,9.0,Baixo,1.0,Cat_7,D,5536.22,33,2,9
2380,463076,Feminino,Nao,51,Sim,Ator/Atriz,0.0,Baixo,2.0,Cat_6,C,2418.82,4,1,9
2381,460976,Masculino,Nao,20,Nao,Enfermeiro,1.0,Baixo,4.0,Cat_6,D,12192.94,1,3,1
2384,463807,Feminino,Nao,33,Sim,Enfermeiro,0.0,Baixo,3.0,Cat_4,B,9644.86,4,1,10
2389,459173,Masculino,Sim,55,Sim,Ator/Atriz,1.0,Medio,2.0,Cat_6,C,8537.45,33,2,10
2390,465795,Masculino,Nao,29,Nao,Entretenimento,1.0,Baixo,4.0,Cat_4,C,5840.67,6,1,8
2391,467345,Masculino,Sim,76,Sim,Advogado,1.0,Baixo,1.0,Cat_6,A,9232.06,33,1,10
2392,462220,Feminino,Nao,18,Nao,Enfermeiro,7.0,Baixo,3.0,Cat_4,D,9931.92,2,1,9
2394,459423,Masculino,Nao,19,Nao,Enfermeiro,9.0,Baixo,5.0,Cat_6,D,11707.8,7,4,7
2395,464445,Masculino,Sim,81,Sim,Executivo,1.0,Alto,3.0,Cat_6,C,10049.8,10,2,8
2396,461378,Feminino,Nao,35,Sim,Ator/Atriz,9.0,Baixo,1.0,Cat_6,B,10193.07,9,1,10
2397,462286,Masculino,Sim,59,Nao,Medico,0.0,Medio,2.0,Cat_6,B,5647.85,33,2,10
2398,463678,Feminino,Nao,32,Nao,Enfermeiro,1.0,Baixo,5.0,Cat_4,B,13026.37,20,2,5
2399,465714,Feminino,Sim,63,Sim,Ator/Atriz,1.0,Baixo,1.0,Cat_2,C,1239.49,12,1,10
2400,466312,Feminino,Nao,21,Nao,Enfermeiro,0.0,Baixo,3.0,Cat_4,D,13418.55,9,3,9
2401,459697,Feminino,Sim,77,Nao,Advogado,0.0,Alto,3.0,Cat_6,A,4840.42,27,1,6
2402,460057,Masculino,Nao,36,Sim,Ator/Atriz,2.0,Baixo,1.0,Cat_6,C,9626.85,31,1,9
2403,464960,Feminino,Nao,22,Nao,Enfermeiro,0.0,Baixo,5.0,Cat_4,D,10562.08,29,1,2
2404,459064,Masculino,Sim,26,Nao,Executivo,5.0,Alto,4.0,Cat_6,D,11642.77,21,1,9
2405,461277,Masculino,Sim,82,Sim,Advogado,7.0,Baixo,1.0,Cat_6,A,3944.78,2,1,10
2406,463403,Masculino,Nao,18,Nao,Enfermeiro,2.0,Baixo,4.0,Cat_6,D,13822.1,23,1,5
2407,463863,Masculino,Sim,35,Sim,Ator/Atriz,0.0,Medio,2.0,Cat_6,C,7526.45,22,2,10
2408,467064,Masculino,Sim,36,Nao,Medico,0.0,Medio,2.0,Cat_7,A,8242.44,34,1,7
2409,467856,Masculino,Sim,59,Sim,Ator/Atriz,1.0,Baixo,2.0,Cat_6,A,4785.08,28,1,9
2410,462251,Masculino,Sim,61,Nao,Ator/Atriz,0.0,Medio,2.0,Cat_6,C,5736.56,2,1,10
2411,465372,Feminino,Nao,37,Sim,Entretenimento,0.0,Baixo,1.0,Cat_6,A,5149.25,1,1,9
2412,463970,Feminino,Nao,25,Nao,Enfermeiro,1.0,Baixo,5.0,Cat_4,B,12285.84,0,1,6
2413,463547,Feminino,Nao,28,Nao,Enfermeiro,0.0,Baixo,4.0,Cat_2,B,14012.7,10,1,10
2414,460785,Masculino,Nao,29,Sim,Enfermeiro,0.0,Baixo,4.0,Cat_7,B,14588.78,28,1,8
2415,461788,Feminino,Sim,86,Sim,Advogado,1.0,Alto,2.0,Cat_6,C,5006.78,6,1,6
2416,461617,Masculino,Nao,45,Sim,Ator/Atriz,0.0,Baixo,2.0,Cat_6,A,4972.19,9,1,10
2417,460661,Feminino,Nao,33,Nao,Do Lar,9.0,Baixo,1.0,Cat_6,D,4449.91,4,1,10
2418,461568,Masculino,Sim,59,Sim,Ator/Atriz,1.0,Medio,3.0,Cat_6,C,4505.35,15,1,9
2419,466615,Feminino,Nao,20,Nao,Enfermeiro,3.0,Baixo,3.0,Cat_1,D,13112.54,9,4,7
2420,462109,Masculino,Sim,75,Nao,Advogado,0.0,Baixo,1.0,Cat_6,D,3932.71,29,1,8
2421,462766,Feminino,Nao,32,Nao,Do Lar,8.0,Baixo,1.0,Cat_6,D,4479.91,25,1,10
2422,459690,Feminino,Nao,43,Sim,Ator/Atriz,1.0,Baixo,1.0,Cat_6,A,9276.28,10,2,10
2423,459347,Masculino,Sim,69,Sim,Advogado,1.0,Baixo,1.0,Cat_6,B,6899.08,19,2,10
2424,465766,Masculino,Sim,38,Nao,Entretenimento,1.0,Baixo,3.0,Cat_4,A,6254.59,24,1,9
2426,459774,Masculino,Sim,56,Sim,Ator/Atriz,0.0,Baixo,1.0,Cat_6,D,6692.64,5,1,7
2427,464932,Masculino,Sim,53,Sim,Executivo,9.0,Baixo,1.0,Cat_4,D,9337.36,33,1,10
2428,461814,Feminino,Nao,37,Sim,Ator/Atriz,1.0,Baixo,1.0,Cat_3,A,3044.78,24,1,8
2429,463428,Masculino,Sim,28,Nao,Executivo,1.0,Alto,5.0,Cat_6,A,14340.07,10,3,6
2430,464451,Feminino,Sim,74,Sim,Ator/Atriz,0.0,Medio,2.0,Cat_6,B,2726.68,16,1,10
2431,464043,Masculino,Sim,51,Sim,Entretenimento,1.0,Medio,4.0,Cat_6,C,7458.04,32,1,4
2432,461784,Feminino,Sim,88,Sim,Advogado,0.0,Baixo,1.0,Cat_6,D,6740.38,37,2,5
2433,463389,Feminino,Sim,50,Sim,Ator/Atriz,0.0,Medio,2.0,Cat_3,C,8376.12,16,1,5
2434,462233,Masculino,Nao,19,Nao,Enfermeiro,1.0,Baixo,7.0,Cat_4,D,12199.64,35,4,10
2435,465121,Feminino,Nao,32,Sim,Ator/Atriz,6.0,Baixo,1.0,Cat_3,B,4814.16,24,1,3
2436,466168,Feminino,Sim,45,Sim,Executivo,1.0,Alto,3.0,Cat_3,B,5893.5,31,1,10
2437,467342,Feminino,Nao,33,Sim,Ator/Atriz,1.0,Baixo,2.0,Cat_6,C,6727.73,34,2,4
2438,464962,Masculino,Sim,53,Sim,Executivo,1.0,Alto,4.0,Cat_4,B,15110.29,29,3,6
2439,460874,Feminino,Nao,18,Nao,Enfermeiro,1.0,Baixo,3.0,Cat_6,D,11385.63,28,1,5
2440,463247,Masculino,Nao,45,Sim,Entretenimento,1.0,Baixo,1.0,Cat_7,A,6425.73,3,2,9
2441,465774,Feminino,Nao,26,Sim,Medico,9.0,Baixo,4.0,Cat_6,D,6015.22,30,2,9
2442,463551,Masculino,Sim,46,Sim,Medico,7.0,Medio,2.0,Cat_6,C,8172.52,14,1,9
2443,464502,Masculino,Sim,35,Sim,Enfermeiro,6.0,Medio,2.0,Cat_6,A,13578.91,35,1,10
2445,466081,Feminino,Sim,25,Sim,Ator/Atriz,8.0,Medio,2.0,Cat_4,C,8804.36,24,1,7
2446,467336,Feminino,Sim,63,Sim,Ator/Atriz,0.0,Medio,4.0,Cat_6,C,14136.72,6,1,8
2447,462440,Feminino,Nao,23,Nao,Enfermeiro,9.0,Baixo,4.0,Cat_6,D,12903.83,18,1,9
2449,466446,Feminino,Sim,46,Sim,Ator/Atriz,1.0,Alto,3.0,Cat_6,C,5099.26,27,1,10
2452,459857,Masculino,Nao,33,Sim,Entretenimento,6.0,Baixo,1.0,Cat_6,A,7483.13,10,1,10
2453,466701,Masculino,Sim,48,Sim,Do Lar,10.0,Baixo,3.0,Cat_6,C,4430.62,37,1,10
2454,461169,Masculino,Nao,39,Sim,Entretenimento,9.0,Baixo,2.0,Cat_3,D,6060.47,29,1,3
2455,460795,Masculino,Sim,61,Sim,Ator/Atriz,1.0,Medio,3.0,Cat_6,C,2714.15,24,1,3
2457,466399,Feminino,Sim,26,Nao,Entretenimento,1.0,Medio,2.0,Cat_4,A,5490.55,9,1,2
2459,461490,Feminino,Sim,73,Sim,Ator/Atriz,2.0,Alto,2.0,Cat_6,C,5322.46,32,1,7
2460,460895,Feminino,Nao,29,Sim,Medico,9.0,Baixo,5.0,Cat_3,B,5882.32,21,1,8
2461,465104,Masculino,Sim,35,Sim,Do Lar,9.0,Medio,4.0,Cat_6,A,4519.02,36,1,10
2462,467503,Feminino,Nao,26,Sim,Ator/Atriz,1.0,Baixo,4.0,Cat_6,C,5020.77,26,2,10
2463,460316,Feminino,Nao,39,Nao,Enfermeiro,4.0,Baixo,3.0,Cat_6,D,12243.76,2,4,10
2464,467198,Masculino,Nao,28,Sim,Enfermeiro,1.0,Baixo,5.0,Cat_6,D,11967.28,30,1,10
2465,460348,Feminino,Nao,37,Sim,Ator/Atriz,1.0,Baixo,2.0,Cat_6,C,6409.31,12,1,7
2466,467460,Feminino,Sim,36,Sim,Do Lar,8.0,Medio,2.0,Cat_7,B,4295.51,8,1,9
2467,466838,Masculino,Sim,41,Nao,Executivo,0.0,Baixo,3.0,Cat_1,D,15638.39,18,4,9
2469,466170,Masculino,Sim,74,Sim,Advogado,1.0,Baixo,1.0,Cat_2,C,7037.73,34,1,10
2470,463578,Feminino,Nao,23,Nao,Enfermeiro,0.0,Baixo,3.0,Cat_4,D,11368.09,16,1,4
2471,461352,Masculino,Nao,25,Nao,Enfermeiro,3.0,Baixo,5.0,Cat_2,D,14336.78,16,2,5
2472,465814,Feminino,Sim,50,Nao,Ator/Atriz,0.0,Medio,5.0,Cat_4,B,8841.08,3,1,10
2473,463809,Feminino,Nao,30,Sim,Enfermeiro,2.0,Baixo,3.0,Cat_6,B,12426.97,37,1,8
2474,460701,Masculino,Sim,66,Nao,Entretenimento,0.0,Medio,2.0,Cat_6,B,5561.49,16,1,10
2475,461592,Masculino,Sim,29,Sim,Entretenimento,0.0,Baixo,2.0,Cat_6,B,6907.74,14,1,8
2476,467692,Feminino,Sim,43,Nao,Ator/Atriz,4.0,Baixo,1.0,Cat_6,B,4385.16,2,1,5
2477,459033,Feminino,Sim,56,Sim,Ator/Atriz,0.0,Baixo,1.0,Cat_6,B,8798.44,37,1,10
2479,459937,Feminino,Nao,39,Sim,Ator/Atriz,7.0,Baixo,1.0,Cat_6,A,8968.73,26,1,10
2481,459944,Feminino,Sim,39,Sim,Ator/Atriz,0.0,Baixo,1.0,Cat_6,A,6483.89,26,1,6
2483,462169,Feminino,Sim,40,Sim,Ator/Atriz,1.0,Alto,3.0,Cat_6,B,2775.28,30,1,10
2484,463032,Feminino,Sim,78,Nao,Advogado,0.0,Alto,2.0,Cat_6,A,8461.02,34,1,6
2485,467374,Feminino,Sim,45,Sim,Do Lar,8.0,Alto,4.0,Cat_6,B,4145.64,21,1,10
2486,459269,Masculino,Sim,58,Sim,Ator/Atriz,0.0,Medio,2.0,Cat_6,C,3760.15,37,1,10
2487,466769,Feminino,Nao,31,Sim,Entretenimento,0.0,Baixo,4.0,Cat_6,A,5026.84,14,1,10
2489,462280,Masculino,Nao,32,Sim,Enfermeiro,0.0,Baixo,4.0,Cat_6,B,16135.79,4,1,9
2490,464616,Masculino,Sim,27,Nao,Entretenimento,6.0,Baixo,4.0,Cat_6,A,6697.45,18,1,5
2491,465202,Masculino,Nao,27,Nao,Entretenimento,6.0,Baixo,4.0,Cat_6,D,6811.67,3,1,8
2492,464384,Masculino,Nao,25,Sim,Enfermeiro,9.0,Baixo,4.0,Cat_4,C,12937.23,26,1,10
2493,466655,Masculino,Sim,57,Nao,Executivo,1.0,Baixo,2.0,Cat_6,C,13472.27,5,2,10
2494,466600,Masculino,Nao,18,Nao,Enfermeiro,11.0,Baixo,1.0,Cat_4,D,12326.92,28,2,5
2495,467815,Feminino,Sim,69,Sim,Ator/Atriz,0.0,Baixo,2.0,Cat_6,C,5702.01,22,1,10
2497,467803,Feminino,Sim,36,Sim,Entretenimento,7.0,Medio,2.0,Cat_6,B,8459.57,28,1,10
2498,466810,Masculino,Nao,19,Nao,Enfermeiro,1.0,Baixo,3.0,Cat_6,D,14006.12,14,2,10
2499,459896,Feminino,Sim,40,Sim,Ator/Atriz,9.0,Baixo,2.0,Cat_6,C,9136.45,29,2,7
2501,461751,Feminino,Sim,63,Sim,Ator/Atriz,1.0,Medio,3.0,Cat_6,C,5542.78,6,1,2
2502,465157,Masculino,Sim,42,Sim,Entretenimento,3.0,Medio,4.0,Cat_6,B,5247.15,2,2,9
2504,466401,Masculino,Sim,48,Nao,Executivo,1.0,Medio,4.0,Cat_6,A,14055.68,10,1,8
2505,461902,Feminino,Sim,52,Sim,Ator/Atriz,0.0,Baixo,3.0,Cat_6,B,7497.02,17,1,6
2506,463164,Masculino,Sim,35,Sim,Ator/Atriz,8.0,Medio,2.0,Cat_6,C,8754.96,23,1,8
2507,461660,Feminino,Sim,74,Nao,Advogado,0.0,Baixo,1.0,Cat_6,D,4847.98,32,1,10
2508,466054,Feminino,Sim,33,Nao,Do Lar,8.0,Medio,4.0,Cat_4,D,4473.61,13,1,9
2509,464725,Masculino,Sim,45,Nao,Executivo,11.0,Alto,9.0,Cat_4,A,10934.62,30,2,9
2510,463507,Masculino,Sim,49,Nao,Ator/Atriz,1.0,Baixo,1.0,Cat_6,C,3399.28,19,1,10
2511,465888,Masculino,Sim,37,Sim,Medico,8.0,Medio,2.0,Cat_6,A,5999.99,22,1,9
2513,461261,Feminino,Nao,29,Nao,Ator/Atriz,0.0,Baixo,3.0,Cat_4,A,5825.34,21,1,9
2514,462203,Masculino,Sim,72,Nao,Executivo,2.0,Alto,7.0,Cat_4,A,10795.49,16,1,8
2515,463303,Feminino,Sim,49,Sim,Do Lar,2.0,Medio,4.0,Cat_6,B,4383.45,3,1,8
2516,462997,Masculino,Sim,55,Sim,Entretenimento,0.0,Medio,4.0,Cat_6,C,6628.96,32,2,10
2517,460338,Masculino,Nao,28,Sim,Entretenimento,14.0,Baixo,2.0,Cat_6,D,6030.95,10,1,10
2518,460000,Masculino,Nao,52,Sim,Entretenimento,1.0,Baixo,1.0,Cat_3,A,7610.07,19,2,10
2519,460122,Feminino,Nao,41,Nao,Ator/Atriz,0.0,Baixo,1.0,Cat_6,A,4266.9,5,1,10
2522,463179,Masculino,Sim,57,Sim,Entretenimento,0.0,Baixo,2.0,Cat_6,A,7285.45,15,1,8
2523,461137,Masculino,Sim,60,Sim,Entretenimento,0.0,Baixo,4.0,Cat_6,A,7883.78,2,2,10
2524,467555,Masculino,Nao,27,Nao,Entretenimento,14.0,Baixo,3.0,Cat_6,D,7709.86,0,1,6
2525,464211,Masculino,Sim,50,Sim,Medico,0.0,Medio,3.0,Cat_2,B,4643.03,25,1,5
2526,461413,Feminino,Nao,40,Sim,Ator/Atriz,2.0,Baixo,1.0,Cat_6,B,6054.77,36,2,9
2527,467660,Feminino,Sim,69,Sim,Ator/Atriz,9.0,Alto,2.0,Cat_6,C,5333.17,25,1,10
2529,460772,Masculino,Sim,70,Nao,Entretenimento,1.0,Baixo,1.0,Cat_6,A,7314.73,32,1,9
2530,465702,Masculino,Nao,32,Sim,Entretenimento,1.0,Baixo,1.0,Cat_4,A,7991.37,30,2,8
2531,467006,Feminino,Nao,73,Sim,Advogado,0.0,Baixo,1.0,Cat_6,B,2614.54,15,1,10
2533,464107,Masculino,Sim,70,Nao,Ator/Atriz,1.0,Medio,2.0,Cat_6,C,7870.21,11,1,10
2534,460605,Masculino,Sim,33,Sim,Medico,9.0,Medio,2.0,Cat_4,D,10052.49,33,2,5
2535,459847,Feminino,Sim,49,Sim,Ator/Atriz,1.0,Medio,5.0,Cat_6,C,5664.43,3,1,10
2536,460906,Feminino,Sim,89,Sim,Advogado,1.0,Alto,3.0,Cat_6,A,4410.03,35,1,10
2537,459720,Masculino,Nao,25,Nao,Medico,6.0,Baixo,1.0,Cat_6,D,8898.08,10,2,8
2539,465209,Masculino,Sim,47,Sim,Ator/Atriz,0.0,Medio,2.0,Cat_3,C,7526.29,20,2,6
2540,461222,Feminino,Nao,48,Sim,Ator/Atriz,1.0,Baixo,1.0,Cat_7,D,12182.5,22,4,6
2542,463777,Feminino,Sim,46,Sim,Ator/Atriz,2.0,Baixo,2.0,Cat_6,C,3066.3,36,1,4
2544,459662,Masculino,Sim,51,Sim,Entretenimento,0.0,Alto,5.0,Cat_3,A,6573.64,11,1,9
2545,466515,Masculino,Sim,52,Nao,Executivo,9.0,Medio,4.0,Cat_6,A,2092.77,25,1,2
2546,464946,Masculino,Sim,53,Sim,Executivo,9.0,Baixo,1.0,Cat_4,D,1265.94,20,1,3
2547,460880,Masculino,Nao,42,Sim,Ator/Atriz,4.0,Baixo,2.0,Cat_2,A,9177.69,34,1,8
2548,459537,Feminino,Nao,47,Sim,Do Lar,9.0,Baixo,3.0,Cat_4,A,4603.99,30,1,9
2549,463635,Feminino,Sim,41,Sim,Ator/Atriz,0.0,Baixo,3.0,Cat_6,A,10766.7,32,1,4
2550,467650,Masculino,Sim,52,Sim,Ator/Atriz,2.0,Medio,4.0,Cat_6,A,2092.14,23,1,10
2551,467891,Feminino,Nao,30,Sim,Medico,0.0,Baixo,5.0,Cat_6,D,7197.75,33,1,9
2552,459052,Masculino,Sim,47,Nao,Ator/Atriz,0.0,Baixo,2.0,Cat_6,A,6853.85,24,2,9
2554,460758,Masculino,Sim,31,Nao,Executivo,9.0,Medio,2.0,Cat_6,A,4494.48,1,1,3
2555,460172,Masculino,Sim,47,Sim,Ator/Atriz,1.0,Medio,3.0,Cat_6,C,12001.6,31,1,9
2556,466657,Feminino,Sim,86,Sim,Advogado,0.0,Alto,2.0,Cat_6,C,6537.0,29,1,10
2557,461381,Masculino,Sim,31,Sim,Entretenimento,0.0,Medio,2.0,Cat_6,A,6813.16,2,1,7
2558,464275,Masculino,Nao,30,Nao,Medico,0.0,Baixo,5.0,Cat_6,D,8775.92,0,2,4
2560,460017,Masculino,Sim,41,Sim,Ator/Atriz,7.0,Alto,2.0,Cat_3,C,8267.35,36,2,8
2562,460436,Feminino,Nao,51,Nao,Entretenimento,1.0,Baixo,1.0,Cat_6,A,4840.72,8,1,4
2563,459527,Masculino,Sim,46,Sim,Ator/Atriz,1.0,Medio,4.0,Cat_6,B,6511.07,22,2,5
2564,466851,Masculino,Nao,38,Sim,Enfermeiro,8.0,Baixo,1.0,Cat_6,A,11231.27,16,2,8
2565,466133,Feminino,Nao,21,Nao,Enfermeiro,7.0,Baixo,5.0,Cat_2,D,14091.08,30,1,9
2566,459678,Masculino,Nao,21,Nao,Enfermeiro,0.0,Baixo,5.0,Cat_6,D,12436.03,4,2,6
2567,464012,Feminino,Sim,75,Sim,Advogado,3.0,Alto,2.0,Cat_6,A,1414.57,9,1,10
2568,464897,Masculino,Sim,68,Nao,Executivo,0.0,Alto,2.0,Cat_4,D,4293.37,9,1,10
2569,463593,Feminino,Nao,22,Nao,Medico,1.0,Baixo,5.0,Cat_6,C,7840.3,2,1,10
2570,464559,Feminino,Nao,35,Sim,Enfermeiro,9.0,Baixo,1.0,Cat_6,D,12800.33,6,3,3
2571,463572,Masculino,Sim,35,Sim,Ator/Atriz,1.0,Medio,4.0,Cat_6,C,3209.3,4,1,6
2572,466496,Masculino,Sim,72,Sim,Ator/Atriz,0.0,Medio,2.0,Cat_6,B,8826.86,22,1,9
2573,461132,Masculino,Sim,68,Sim,Ator/Atriz,2.0,Baixo,1.0,Cat_6,B,7990.42,36,1,8
2574,459165,Masculino,Nao,27,Nao,Medico,7.0,Baixo,3.0,Cat_6,C,4234.82,10,1,10
2575,461073,Feminino,Nao,33,Nao,Entretenimento,1.0,Baixo,1.0,Cat_3,A,6869.72,17,1,6
2576,467868,Feminino,Sim,69,Sim,Entretenimento,1.0,Alto,2.0,Cat_6,B,8929.27,35,1,7
2577,459825,Masculino,Nao,22,Nao,Enfermeiro,0.0,Baixo,5.0,Cat_2,D,13956.43,5,2,8
2578,463300,Masculino,Sim,47,Nao,Entretenimento,1.0,Baixo,2.0,Cat_6,A,6624.21,37,2,7
2579,467532,Masculino,Sim,53,Sim,Ator/Atriz,8.0,Baixo,1.0,Cat_6,A,5687.58,18,1,8
2580,460143,Masculino,Sim,38,Sim,Entretenimento,0.0,Baixo,2.0,Cat_4,A,6112.72,36,2,10
2581,463436,Feminino,Nao,25,Nao,Medico,0.0,Baixo,3.0,Cat_6,B,5723.53,27,1,10
2582,465090,Masculino,Sim,57,Sim,Ator/Atriz,0.0,Medio,2.0,Cat_6,B,5271.27,14,1,5
2583,466809,Feminino,Sim,33,Sim,Entretenimento,0.0,Baixo,5.0,Cat_6,B,6534.99,14,1,6
2584,466924,Feminino,Nao,22,Nao,Enfermeiro,0.0,Baixo,6.0,Cat_6,D,14677.93,21,4,10
2585,466719,Masculino,Sim,68,Nao,Executivo,1.0,Alto,2.0,Cat_6,A,6861.39,33,4,8
2586,460141,Masculino,Nao,35,Sim,Ator/Atriz,13.0,Baixo,1.0,Cat_6,B,3828.67,32,1,4
2587,467936,Masculino,Nao,27,Nao,Enfermeiro,1.0,Baixo,4.0,Cat_6,D,14703.64,35,1,9
2588,465799,Masculino,Sim,52,Sim,Ator/Atriz,1.0,Baixo,4.0,Cat_6,C,12619.31,30,1,5
2589,461745,Masculino,Sim,46,Nao,Entretenimento,8.0,Baixo,1.0,Cat_3,A,6212.34,29,1,5
2590,465548,Feminino,Nao,40,Sim,Ator/Atriz,0.0,Baixo,4.0,Cat_3,A,8614.82,9,1,10
2591,461810,Feminino,Sim,62,Sim,Do Lar,1.0,Baixo,1.0,Cat_2,B,4941.18,3,1,9
2592,460024,Feminino,Sim,43,Sim,Entretenimento,8.0,Baixo,1.0,Cat_6,B,7316.17,35,1,10
2593,461862,Feminino,Nao,42,Sim,Ator/Atriz,9.0,Baixo,1.0,Cat_6,C,7772.96,15,2,10
2594,464676,Masculino,Nao,19,Nao,Entretenimento,1.0,Baixo,6.0,Cat_4,C,6215.04,0,1,6
2596,462067,Masculino,Nao,32,Nao,Medico,9.0,Baixo,4.0,Cat_3,D,8494.39,4,2,10
2597,460549,Masculino,Nao,40,Sim,Ator/Atriz,8.0,Baixo,2.0,Cat_3,B,8770.52,32,1,5
2599,467579,Masculino,Nao,38,Sim,Medico,7.0,Baixo,1.0,Cat_6,C,6318.43,30,1,7
2600,465824,Masculino,Sim,68,Nao,Advogado,2.0,Baixo,3.0,Cat_4,A,5520.4,36,1,8
2601,463343,Masculino,Sim,35,Sim,Ator/Atriz,2.0,Baixo,3.0,Cat_2,B,3572.09,12,1,10
2602,466756,Masculino,Sim,60,Sim,Ator/Atriz,0.0,Medio,2.0,Cat_6,C,6158.74,16,1,9
2603,462386,Feminino,Nao,26,Sim,Enfermeiro,1.0,Baixo,5.0,Cat_6,B,16234.14,5,2,7
2604,467402,Feminino,Nao,28,Sim,Ator/Atriz,5.0,Baixo,4.0,Cat_6,D,4586.8,31,1,10
2605,464976,Masculino,Sim,75,Nao,Advogado,1.0,Baixo,1.0,Cat_4,D,5105.29,34,1,10
2606,464983,Feminino,Sim,25,Nao,Entretenimento,2.0,Baixo,2.0,Cat_6,D,8355.59,32,1,9
2607,466974,Feminino,Sim,35,Sim,Ator/Atriz,8.0,Medio,2.0,Cat_6,C,2533.54,8,1,7
2608,462866,Masculino,Sim,56,Sim,Medico,0.0,Baixo,1.0,Cat_6,A,5792.13,13,1,7
2609,466453,Masculino,Sim,41,Sim,Entretenimento,2.0,Medio,2.0,Cat_6,A,7132.77,19,1,9
2610,463651,Feminino,Nao,36,Sim,Enfermeiro,1.0,Baixo,2.0,Cat_6,A,12865.89,25,1,10
2611,463555,Feminino,Nao,31,Sim,Ator/Atriz,0.0,Baixo,2.0,Cat_6,A,3305.63,32,1,7
2612,464314,Masculino,Sim,68,Nao,Advogado,0.0,Baixo,2.0,Cat_6,D,4735.72,9,1,9
2613,461350,Masculino,Nao,30,Nao,Enfermeiro,1.0,Baixo,4.0,Cat_2,D,14264.99,3,1,9
2614,462354,Masculino,Sim,62,Nao,Ator/Atriz,1.0,Medio,2.0,Cat_6,C,11096.78,7,2,10
2615,462145,Feminino,Nao,39,Sim,Do Lar,10.0,Baixo,1.0,Cat_2,D,4490.58,16,1,8
2616,461041,Feminino,Sim,72,Nao,Advogado,0.0,Alto,7.0,Cat_3,D,6397.73,32,2,3
2617,461946,Masculino,Nao,31,Sim,Enfermeiro,1.0,Baixo,3.0,Cat_6,C,13226.08,13,1,9
2618,466105,Feminino,Sim,65,Sim,Ator/Atriz,1.0,Medio,4.0,Cat_6,C,10571.26,22,2,8
2619,467598,Masculino,Sim,68,Sim,Ator/Atriz,1.0,Baixo,1.0,Cat_6,A,2887.55,24,1,8
2620,464639,Masculino,Sim,39,Nao,Entretenimento,1.0,Medio,4.0,Cat_4,B,6483.82,0,1,3
2621,465791,Feminino,Nao,28,Nao,Enfermeiro,8.0,Baixo,4.0,Cat_3,C,12722.86,8,2,7
2622,464418,Masculino,Sim,43,Sim,Ator/Atriz,8.0,Medio,2.0,Cat_6,B,2531.65,4,1,10
2623,460782,Masculino,Sim,77,Sim,Ator/Atriz,1.0,Alto,2.0,Cat_6,A,9738.92,36,1,9
2624,467425,Feminino,Nao,42,Sim,Ator/Atriz,13.0,Baixo,1.0,Cat_6,C,2476.81,17,1,10
2625,461986,Masculino,Nao,31,Sim,Enfermeiro,14.0,Baixo,4.0,Cat_6,B,10397.45,5,1,4
2626,465554,Feminino,Nao,85,Sim,Advogado,0.0,Baixo,3.0,Cat_6,A,5301.03,20,1,8
2627,467030,Masculino,Nao,26,Sim,Ator/Atriz,1.0,Baixo,2.0,Cat_6,A,1123.43,24,1,8
2628,461753,Feminino,Nao,35,Sim,Ator/Atriz,0.0,Baixo,1.0,Cat_6,B,1690.07,11,1,9
2629,464142,Feminino,Sim,76,Sim,Ator/Atriz,1.0,Alto,2.0,Cat_6,C,5065.74,31,1,7
2630,467047,Feminino,Nao,37,Nao,Do Lar,9.0,Baixo,1.0,Cat_6,D,4454.55,24,1,10
2631,461863,Masculino,Nao,33,Nao,Medico,2.0,Baixo,4.0,Cat_6,A,7940.13,26,1,9
2632,464176,Feminino,Sim,40,Sim,Ator/Atriz,0.0,Baixo,1.0,Cat_6,B,6000.36,9,1,10
2633,463989,Masculino,Nao,79,Nao,Advogado,0.0,Baixo,1.0,Cat_4,D,2712.52,33,1,9
2635,459871,Feminino,Sim,78,Nao,Entretenimento,3.0,Medio,2.0,Cat_6,A,6213.37,27,1,8
2636,466889,Masculino,Sim,50,Sim,Executivo,0.0,Alto,4.0,Cat_6,C,5187.61,33,1,9
2637,465948,Feminino,Sim,46,Sim,Ator/Atriz,1.0,Medio,2.0,Cat_6,B,6939.28,11,1,9
2638,462002,Feminino,Nao,37,Nao,Ator/Atriz,0.0,Baixo,2.0,Cat_6,D,6460.99,2,2,10
2639,462592,Feminino,Sim,35,Nao,Ator/Atriz,11.0,Baixo,2.0,Cat_4,A,7608.79,28,3,9
2640,465816,Masculino,Sim,51,Nao,Executivo,9.0,Medio,3.0,Cat_4,A,16728.18,16,1,7
2641,464343,Feminino,Nao,51,Sim,Ator/Atriz,1.0,Baixo,1.0,Cat_6,B,8939.55,29,1,10
2642,459692,Feminino,Sim,71,Sim,Advogado,8.0,Alto,2.0,Cat_6,C,5006.73,34,1,10
2643,463206,Masculino,Sim,77,Nao,Advogado,0.0,Baixo,1.0,Cat_6,A,4673.37,17,1,9
2644,467565,Masculino,Sim,60,Sim,Ator/Atriz,0.0,Baixo,3.0,Cat_6,C,9275.67,33,1,9
2645,459520,Feminino,Sim,43,Sim,Medico,0.0,Baixo,1.0,Cat_6,B,8730.27,33,1,7
2646,464120,Masculino,Nao,30,Nao,Enfermeiro,8.0,Baixo,3.0,Cat_6,A,17507.18,1,3,9
2647,462398,Feminino,Sim,62,Sim,Ator/Atriz,1.0,Baixo,4.0,Cat_4,C,1575.48,4,1,10
2648,463194,Feminino,Sim,48,Sim,Ator/Atriz,0.0,Medio,2.0,Cat_3,B,10543.79,9,3,5
2649,462974,Masculino,Sim,66,Sim,Advogado,0.0,Baixo,1.0,Cat_6,D,5115.13,25,1,10
2650,463414,Masculino,Sim,25,Nao,Executivo,0.0,Alto,3.0,Cat_1,A,13567.63,18,2,8
2651,460958,Masculino,Nao,26,Sim,Enfermeiro,1.0,Baixo,5.0,Cat_6,D,12267.91,35,1,8
2652,467540,Masculino,Sim,52,Sim,Enfermeiro,0.0,Medio,4.0,Cat_6,C,11166.6,26,1,10
2653,466562,Feminino,Nao,18,Nao,Enfermeiro,5.0,Baixo,4.0,Cat_6,D,13193.04,27,1,10
2654,459195,Feminino,Sim,58,Sim,Ator/Atriz,1.0,Medio,2.0,Cat_6,C,2970.41,29,1,9
2655,463948,Masculino,Sim,39,Nao,Executivo,2.0,Alto,5.0,Cat_6,B,5281.96,24,1,10
2656,464949,Masculino,Sim,19,Nao,Executivo,0.0,Alto,3.0,Cat_4,A,14891.48,14,4,7
2658,462127,Masculino,Sim,68,Sim,Advogado,0.0,Alto,2.0,Cat_6,C,4944.29,13,1,10
2659,467512,Masculino,Sim,41,Nao,Ator/Atriz,0.0,Medio,2.0,Cat_6,B,13925.64,20,1,5
2660,461366,Masculino,Nao,25,Sim,Enfermeiro,0.0,Baixo,1.0,Cat_6,D,10812.27,21,1,6
2661,464674,Masculino,Sim,50,Nao,Ator/Atriz,1.0,Medio,5.0,Cat_4,B,7984.35,24,1,7
2662,460540,Feminino,Sim,30,Nao,Ator/Atriz,1.0,Medio,2.0,Cat_3,D,2463.39,4,1,10
2663,459228,Feminino,Sim,52,Sim,Ator/Atriz,0.0,Medio,4.0,Cat_6,C,6092.76,6,1,9
2664,462615,Masculino,Nao,31,Nao,Medico,4.0,Baixo,7.0,Cat_4,D,5207.5,35,1,7
2665,460712,Masculino,Sim,80,Sim,Advogado,0.0,Baixo,1.0,Cat_6,D,7820.44,8,1,8
2666,462945,Masculino,Sim,51,Sim,Ator/Atriz,1.0,Medio,4.0,Cat_6,B,2625.07,10,1,6
2667,459200,Feminino,Sim,39,Sim,Ator/Atriz,2.0,Medio,4.0,Cat_6,C,5385.58,25,1,7
2668,465087,Masculino,Nao,29,Sim,Medico,1.0,Baixo,4.0,Cat_6,B,6529.39,35,1,10
2669,467760,Feminino,Sim,53,Sim,Ator/Atriz,4.0,Medio,5.0,Cat_6,C,7895.36,33,1,3
2670,464726,Masculino,Sim,33,Sim,Executivo,11.0,Alto,9.0,Cat_4,A,6633.25,14,1,10
2671,462146,Masculino,Sim,69,Sim,Advogado,0.0,Alto,4.0,Cat_6,C,5241.11,4,1,8
2672,464188,Feminino,Nao,33,Nao,Medico,1.0,Baixo,3.0,Cat_6,D,8227.67,32,1,9
2673,461718,Feminino,Sim,48,Nao,Executivo,9.0,Medio,3.0,Cat_2,B,8514.7,15,1,7
2674,467667,Masculino,Sim,28,Nao,Medico,8.0,Baixo,2.0,Cat_6,A,4613.58,9,1,9
2675,461997,Feminino,Nao,29,Sim,Ator/Atriz,8.0,Baixo,1.0,Cat_6,B,2126.02,31,1,8
2676,460361,Feminino,Sim,47,Sim,Ator/Atriz,0.0,Baixo,1.0,Cat_4,B,2949.89,0,1,8
2677,460315,Feminino,Nao,40,Nao,Medico,14.0,Baixo,6.0,Cat_7,D,3980.22,33,1,8
2678,467739,Feminino,Sim,63,Nao,Ator/Atriz,1.0,Medio,4.0,Cat_6,C,6168.24,35,1,2
2679,463937,Masculino,Nao,27,Sim,Entretenimento,0.0,Baixo,4.0,Cat_2,C,7331.43,25,4,10
2680,462598,Feminino,Sim,38,Nao,Medico,9.0,Medio,5.0,Cat_4,D,5400.34,37,1,10
2681,467742,Masculino,Sim,59,Sim,Ator/Atriz,4.0,Alto,4.0,Cat_6,B,2615.37,27,1,7
2682,462918,Masculino,Sim,38,Sim,Medico,11.0,Medio,3.0,Cat_6,A,10747.53,27,1,9
2683,465308,Feminino,Nao,22,Nao,Medico,1.0,Baixo,4.0,Cat_7,B,4127.65,24,1,5
2684,463396,Feminino,Nao,25,Nao,Medico,3.0,Baixo,4.0,Cat_3,C,7610.67,36,2,10
2685,466967,Masculino,Sim,49,Sim,Ator/Atriz,1.0,Baixo,1.0,Cat_6,A,2241.06,18,1,7
2686,465145,Masculino,Sim,45,Sim,Ator/Atriz,0.0,Medio,2.0,Cat_6,C,7616.28,25,1,7
2689,462056,Feminino,Sim,52,Sim,Ator/Atriz,8.0,Medio,4.0,Cat_6,A,4805.85,6,1,10
2690,465514,Masculino,Nao,27,Sim,Entretenimento,1.0,Baixo,5.0,Cat_4,D,7274.13,37,1,10
2691,460310,Masculino,Nao,32,Nao,Enfermeiro,12.0,Baixo,4.0,Cat_6,D,14420.27,25,1,9
2692,461662,Feminino,Sim,89,Sim,Advogado,1.0,Alto,2.0,Cat_6,A,4981.51,33,1,10
2693,464448,Masculino,Sim,39,Sim,Ator/Atriz,1.0,Medio,2.0,Cat_6,C,5362.9,27,1,10
2694,461473,Feminino,Sim,41,Sim,Ator/Atriz,3.0,Medio,3.0,Cat_6,C,9283.5,34,1,10
2695,461587,Masculino,Nao,26,Sim,Enfermeiro,0.0,Baixo,3.0,Cat_6,B,13265.01,14,2,3
2696,459021,Masculino,Sim,45,Sim,Ator/Atriz,7.0,Baixo,2.0,Cat_2,A,3569.94,9,1,9
2697,465861,Feminino,Nao,40,Sim,Entretenimento,14.0,Baixo,1.0,Cat_6,A,6311.67,8,1,10
2698,465874,Feminino,Nao,26,Sim,Ator/Atriz,1.0,Baixo,2.0,Cat_6,D,10098.37,1,3,10
2699,460325,Feminino,Nao,63,Sim,Enfermeiro,3.0,Baixo,1.0,Cat_6,B,12615.47,0,1,6
2700,460333,Feminino,Nao,40,Nao,Entretenimento,12.0,Baixo,4.0,Cat_6,A,7228.88,29,1,5
2701,467043,Masculino,Nao,53,Sim,Entretenimento,4.0,Baixo,1.0,Cat_6,A,6902.03,29,1,9
2702,467262,Feminino,Sim,77,Nao,Advogado,1.0,Alto,2.0,Cat_6,D,9547.39,24,1,10
2704,462681,Feminino,Sim,59,Sim,Entretenimento,7.0,Medio,2.0,Cat_6,B,8315.52,8,2,9
2705,465461,Masculino,Sim,72,Nao,Entretenimento,1.0,Medio,3.0,Cat_6,C,8274.19,34,2,7
2706,459356,Masculino,Nao,63,Sim,Ator/Atriz,4.0,Baixo,1.0,Cat_6,A,3796.82,33,1,9
2707,459216,Feminino,Nao,42,Sim,Ator/Atriz,1.0,Baixo,2.0,Cat_6,A,5556.01,6,1,10
2708,465283,Masculino,Sim,53,Nao,Executivo,0.0,Alto,2.0,Cat_6,B,16432.91,27,1,1
2709,467450,Masculino,Sim,81,Nao,Executivo,9.0,Alto,2.0,Cat_6,C,13254.6,14,2,7
2710,465296,Feminino,Sim,76,Sim,Advogado,5.0,Alto,3.0,Cat_6,A,7395.2,36,1,8
2711,463870,Feminino,Nao,28,Nao,Enfermeiro,1.0,Baixo,2.0,Cat_4,A,12383.72,32,1,4
2712,467550,Masculino,Nao,27,Sim,Medico,0.0,Baixo,2.0,Cat_3,A,5576.6,27,4,10
2713,459917,Masculino,Nao,43,Sim,Ator/Atriz,11.0,Baixo,1.0,Cat_3,B,10839.35,0,1,7
2714,463037,Masculino,Sim,57,Sim,Entretenimento,1.0,Medio,4.0,Cat_6,B,5246.59,0,1,7
2715,461209,Feminino,Nao,31,Nao,Enfermeiro,9.0,Baixo,1.0,Cat_6,D,12700.56,23,4,8
2716,461524,Masculino,Nao,68,Sim,Advogado,1.0,Baixo,1.0,Cat_6,D,5694.52,19,1,10
2717,465038,Masculino,Sim,46,Nao,Executivo,0.0,Alto,4.0,Cat_6,A,9725.71,11,1,7
2718,461849,Masculino,Nao,32,Nao,Enfermeiro,0.0,Baixo,4.0,Cat_6,A,11294.19,2,2,9
2719,459654,Masculino,Sim,51,Sim,Ator/Atriz,5.0,Medio,3.0,Cat_6,B,2887.18,17,1,8
2720,463620,Masculino,Nao,19,Nao,Enfermeiro,1.0,Baixo,4.0,Cat_2,D,11632.83,26,3,6
2721,461743,Masculino,Sim,62,Sim,Medico,1.0,Alto,2.0,Cat_6,C,10364.82,20,2,10
2722,466994,Masculino,Sim,47,Sim,Ator/Atriz,1.0,Medio,2.0,Cat_6,C,6268.89,18,2,9
2723,467210,Masculino,Sim,28,Sim,Do Lar,13.0,Medio,2.0,Cat_6,B,4503.23,20,1,8
2724,466946,Masculino,Sim,61,Sim,Entretenimento,0.0,Medio,2.0,Cat_6,C,7238.55,11,1,10
2726,466011,Masculino,Sim,74,Sim,Advogado,1.0,Alto,2.0,Cat_4,B,4080.15,26,1,8
2727,462162,Masculino,Sim,38,Nao,Ator/Atriz,1.0,Baixo,2.0,Cat_6,B,13214.98,33,3,10
2728,463977,Masculino,Sim,28,Sim,Enfermeiro,9.0,Alto,2.0,Cat_6,B,12401.93,30,1,9
2729,465232,Masculino,Sim,56,Sim,Executivo,0.0,Alto,4.0,Cat_6,B,8899.4,8,1,7
2731,465607,Feminino,Nao,37,Sim,Ator/Atriz,7.0,Baixo,2.0,Cat_3,B,4302.36,18,1,10
2732,467801,Feminino,Sim,50,Sim,Medico,0.0,Medio,2.0,Cat_7,C,7567.01,25,1,9
2733,465858,Feminino,Sim,48,Sim,Ator/Atriz,3.0,Baixo,1.0,Cat_6,A,10838.84,36,1,9
2734,467117,Masculino,Nao,48,Sim,Ator/Atriz,0.0,Baixo,1.0,Cat_6,A,8296.01,19,1,4
2735,462762,Masculino,Sim,48,Sim,Ator/Atriz,0.0,Alto,4.0,Cat_6,B,6899.62,12,2,4
2736,462973,Masculino,Sim,39,Sim,Ator/Atriz,9.0,Medio,2.0,Cat_3,B,11708.37,6,1,7
2737,466551,Masculino,Sim,36,Sim,Ator/Atriz,9.0,Medio,2.0,Cat_6,B,4156.28,26,1,9
2738,461569,Masculino,Sim,63,Sim,Ator/Atriz,1.0,Baixo,1.0,Cat_6,C,5592.48,6,1,10
2739,459253,Masculino,Sim,36,Sim,Ator/Atriz,1.0,Medio,4.0,Cat_6,C,4327.39,14,1,5
2740,467755,Masculino,Sim,37,Sim,Ator/Atriz,6.0,Baixo,2.0,Cat_6,C,8305.25,33,1,9
2741,459943,Masculino,Nao,42,Sim,Entretenimento,2.0,Baixo,3.0,Cat_6,B,6015.1,3,2,10
2742,465480,Masculino,Sim,39,Nao,Medico,1.0,Alto,2.0,Cat_6,A,7222.12,25,1,6
2743,466029,Feminino,Nao,28,Nao,Executivo,0.0,Baixo,1.0,Cat_2,A,11343.53,34,4,7
2744,466806,Masculino,Sim,40,Sim,Enfermeiro,0.0,Baixo,1.0,Cat_6,D,13094.23,4,1,6
2745,466214,Feminino,Sim,88,Sim,Advogado,0.0,Baixo,2.0,Cat_6,C,4861.8,5,1,10
2746,462782,Masculino,Sim,57,Sim,Executivo,7.0,Alto,2.0,Cat_4,C,6713.83,9,1,7
2747,461479,Feminino,Sim,51,Sim,Ator/Atriz,1.0,Medio,3.0,Cat_6,C,6066.39,24,2,2
2749,460565,Feminino,Sim,42,Nao,Do Lar,8.0,Medio,4.0,Cat_3,C,4353.17,18,1,10
2750,465247,Masculino,Nao,18,Nao,Enfermeiro,6.0,Baixo,7.0,Cat_6,D,13145.69,0,1,7
2752,460170,Masculino,Sim,68,Nao,Ator/Atriz,0.0,Baixo,1.0,Cat_6,C,9254.97,15,1,9
2753,463200,Masculino,Sim,42,Sim,Entretenimento,0.0,Medio,2.0,Cat_4,A,5405.43,22,2,10
2754,458986,Masculino,Nao,18,Nao,Enfermeiro,7.0,Baixo,4.0,Cat_6,D,12042.07,8,1,10
2755,467390,Masculino,Sim,46,Sim,Ator/Atriz,0.0,Baixo,2.0,Cat_6,C,7764.59,18,1,6
2756,459349,Feminino,Sim,48,Sim,Ator/Atriz,0.0,Alto,4.0,Cat_6,C,8150.59,22,2,6
2757,467144,Masculino,Sim,35,Sim,Entretenimento,1.0,Baixo,2.0,Cat_6,A,7500.01,9,3,4
2758,460750,Masculino,Sim,56,Sim,Entretenimento,0.0,Medio,2.0,Cat_6,C,5519.77,22,2,4
2759,463386,Feminino,Sim,43,Sim,Medico,6.0,Baixo,1.0,Cat_3,B,3697.51,16,1,10
2760,463770,Masculino,Nao,25,Nao,Enfermeiro,1.0,Baixo,4.0,Cat_6,D,13871.27,3,1,6
2761,459434,Feminino,Sim,78,Nao,Advogado,1.0,Baixo,1.0,Cat_6,C,6207.58,30,1,10
2762,467417,Feminino,Sim,53,Sim,Ator/Atriz,4.0,Medio,6.0,Cat_6,C,6684.95,5,3,10
2763,461048,Masculino,Sim,33,Sim,Medico,10.0,Medio,2.0,Cat_2,D,9265.57,11,2,9
2764,461428,Masculino,Nao,49,Sim,Ator/Atriz,1.0,Baixo,1.0,Cat_6,C,9809.29,21,2,8
2765,461213,Feminino,Nao,31,Sim,Enfermeiro,1.0,Baixo,4.0,Cat_6,A,12178.9,30,3,9
2766,461565,Masculino,Sim,51,Sim,Entretenimento,4.0,Medio,2.0,Cat_2,C,5524.21,20,1,9
2767,462213,Masculino,Nao,19,Nao,Medico,1.0,Baixo,2.0,Cat_4,D,7560.62,1,1,9
2768,467716,Masculino,Sim,41,Sim,Ator/Atriz,4.0,Medio,3.0,Cat_6,B,11973.47,21,4,6
2769,460285,Feminino,Nao,57,Sim,Medico,0.0,Baixo,2.0,Cat_6,B,3429.19,33,1,6
2770,461455,Feminino,Sim,35,Sim,Ator/Atriz,0.0,Medio,2.0,Cat_6,B,4226.38,11,1,10
2772,467244,Masculino,Nao,26,Sim,Enfermeiro,0.0,Baixo,5.0,Cat_6,D,13931.93,22,1,6
2774,467669,Masculino,Sim,82,Nao,Advogado,0.0,Alto,2.0,Cat_6,A,6515.82,5,2,8
2775,461589,Masculino,Sim,41,Sim,Ator/Atriz,1.0,Medio,2.0,Cat_6,B,10263.16,14,2,10
2776,463269,Masculino,Sim,36,Sim,Entretenimento,2.0,Medio,2.0,Cat_3,A,6914.25,30,2,10
2777,464815,Masculino,Sim,22,Nao,Medico,2.0,Alto,9.0,Cat_4,B,7602.37,7,1,1
2779,467200,Feminino,Nao,75,Sim,Advogado,0.0,Baixo,2.0,Cat_6,C,6684.01,1,1,10
2780,462436,Masculino,Nao,32,Sim,Enfermeiro,0.0,Baixo,3.0,Cat_6,D,15407.16,6,1,6
2781,463207,Feminino,Sim,51,Sim,Ator/Atriz,1.0,Medio,2.0,Cat_6,C,5874.42,15,1,5
2782,463853,Feminino,Sim,58,Sim,Ator/Atriz,0.0,Medio,4.0,Cat_3,B,8610.22,14,2,4
2783,459443,Feminino,Sim,50,Sim,Ator/Atriz,8.0,Medio,2.0,Cat_6,B,5612.54,16,2,7
2784,466489,Masculino,Sim,55,Sim,Do Lar,1.0,Medio,4.0,Cat_6,C,4373.06,37,1,10
2786,466832,Feminino,Sim,69,Sim,Ator/Atriz,0.0,Medio,2.0,Cat_4,C,10560.53,24,4,10
2788,465271,Masculino,Sim,47,Nao,Executivo,0.0,Alto,5.0,Cat_6,B,10790.27,13,1,8
2789,467621,Masculino,Sim,76,Sim,Advogado,1.0,Baixo,1.0,Cat_6,A,2317.67,27,1,6
2790,464050,Feminino,Nao,30,Sim,Ator/Atriz,0.0,Baixo,1.0,Cat_6,A,3895.62,6,1,8
2791,462339,Masculino,Nao,33,Sim,Ator/Atriz,3.0,Baixo,5.0,Cat_6,A,12268.9,19,1,10
2792,464844,Feminino,Nao,31,Sim,Enfermeiro,1.0,Baixo,4.0,Cat_4,D,11125.08,26,1,8
2794,464963,Feminino,Sim,47,Sim,Entretenimento,1.0,Baixo,2.0,Cat_4,B,6947.77,14,2,6
2795,461422,Masculino,Sim,52,Sim,Executivo,1.0,Medio,6.0,Cat_6,B,11602.83,21,1,5
2796,460853,Feminino,Sim,63,Sim,Ator/Atriz,1.0,Alto,3.0,Cat_6,C,13000.99,5,2,9
2797,461505,Feminino,Sim,39,Nao,Ator/Atriz,0.0,Alto,3.0,Cat_6,B,4262.69,17,1,8
2798,466398,Masculino,Nao,21,Nao,Enfermeiro,1.0,Baixo,4.0,Cat_3,D,11634.25,9,1,8
2799,467109,Masculino,Nao,38,Nao,Medico,0.0,Baixo,5.0,Cat_3,D,7725.28,11,1,10
2800,460350,Feminino,Nao,43,Sim,Enfermeiro,2.0,Baixo,1.0,Cat_4,D,11236.53,19,1,7
2801,466863,Feminino,Nao,28,Nao,Do Lar,10.0,Baixo,1.0,Cat_6,D,4347.94,23,1,10
2802,459767,Masculino,Nao,21,Nao,Enfermeiro,4.0,Baixo,4.0,Cat_6,D,12426.5,20,1,3
2803,465640,Masculino,Sim,50,Sim,Ator/Atriz,7.0,Medio,2.0,Cat_6,C,2086.26,35,1,5
2804,463631,Masculino,Nao,25,Nao,Enfermeiro,0.0,Baixo,5.0,Cat_3,D,12925.6,20,2,10
2805,467797,Masculino,Sim,58,Sim,Ator/Atriz,1.0,Alto,2.0,Cat_6,C,9030.43,18,1,6
2806,467818,Feminino,Sim,37,Sim,Ator/Atriz,5.0,Alto,3.0,Cat_6,C,5463.53,0,1,10
2807,459120,Masculino,Nao,23,Nao,Enfermeiro,5.0,Baixo,5.0,Cat_2,D,15116.2,24,2,10
2808,463326,Feminino,Nao,23,Nao,Enfermeiro,0.0,Baixo,3.0,Cat_2,D,11971.37,19,1,8
2809,466493,Masculino,Sim,77,Nao,Advogado,0.0,Alto,2.0,Cat_6,A,4160.9,6,1,7
2810,464396,Masculino,Sim,35,Sim,Entretenimento,1.0,Medio,3.0,Cat_6,B,7126.27,1,1,10
2811,463946,Masculino,Nao,25,Nao,Enfermeiro,4.0,Baixo,3.0,Cat_4,D,13107.22,14,3,10
2812,466687,Masculino,Nao,22,Nao,Enfermeiro,0.0,Baixo,3.0,Cat_6,D,10640.28,1,1,9
2814,461062,Feminino,Nao,25,Nao,Executivo,1.0,Baixo,3.0,Cat_6,D,13903.98,32,4,9
2815,466526,Masculino,Nao,33,Nao,Enfermeiro,1.0,Baixo,5.0,Cat_2,B,14965.23,3,2,10
2816,464423,Masculino,Sim,51,Sim,Entretenimento,0.0,Medio,5.0,Cat_6,C,6078.62,37,2,6
2818,463530,Feminino,Nao,32,Nao,Entretenimento,12.0,Baixo,5.0,Cat_6,D,5558.49,28,1,8
2819,462415,Masculino,Nao,32,Nao,Medico,0.0,Baixo,1.0,Cat_6,A,8284.38,27,1,10
2822,460083,Feminino,Nao,52,Sim,Ator/Atriz,9.0,Baixo,1.0,Cat_6,B,13963.15,12,1,2
2824,461060,Masculino,Sim,59,Sim,Executivo,1.0,Alto,5.0,Cat_6,C,5856.88,36,1,9
2825,459198,Feminino,Sim,66,Sim,Ator/Atriz,0.0,Medio,3.0,Cat_6,C,7817.31,19,1,8
2827,464678,Masculino,Sim,47,Sim,Executivo,1.0,Alto,5.0,Cat_4,C,2601.81,26,1,9
2828,464514,Masculino,Sim,42,Sim,Ator/Atriz,0.0,Medio,3.0,Cat_7,A,4954.94,33,1,10
2829,463848,Masculino,Sim,48,Sim,Ator/Atriz,1.0,Medio,4.0,Cat_1,C,1269.25,1,1,8
2830,462495,Masculino,Sim,84,Nao,Advogado,0.0,Alto,2.0,Cat_6,A,3529.22,16,1,5
2831,462144,Feminino,Nao,39,Sim,Ator/Atriz,3.0,Baixo,1.0,Cat_6,A,6572.49,34,2,10
2833,459319,Feminino,Sim,46,Nao,Ator/Atriz,1.0,Alto,2.0,Cat_6,C,6209.47,21,2,9
2836,460604,Feminino,Sim,41,Nao,Entretenimento,9.0,Alto,2.0,Cat_4,A,7007.77,29,1,10
2837,466645,Masculino,Sim,66,Sim,Advogado,5.0,Baixo,2.0,Cat_6,C,5936.3,35,2,8
2838,459715,Masculino,Nao,20,Nao,Enfermeiro,2.0,Baixo,4.0,Cat_6,D,11177.91,15,2,7
2840,467438,Masculino,Nao,28,Nao,Entretenimento,6.0,Baixo,3.0,Cat_6,A,5797.13,13,1,7
2841,463031,Feminino,Sim,38,Sim,Ator/Atriz,1.0,Medio,4.0,Cat_6,B,9234.24,21,1,10
2842,465219,Masculino,Sim,42,Sim,Enfermeiro,5.0,Baixo,2.0,Cat_4,C,15251.29,15,2,10
2843,467497,Masculino,Sim,51,Sim,Ator/Atriz,1.0,Baixo,3.0,Cat_6,D,3996.58,14,1,10
2844,462112,Masculino,Sim,78,Sim,Advogado,1.0,Baixo,1.0,Cat_6,D,6018.85,19,2,7
2845,461773,Masculino,Sim,69,Sim,Entretenimento,1.0,Alto,3.0,Cat_6,B,4632.65,11,1,9
2846,465178,Feminino,Sim,89,Sim,Advogado,0.0,Alto,2.0,Cat_6,B,4014.91,17,1,9
2847,465599,Feminino,Sim,47,Sim,Enfermeiro,0.0,Medio,6.0,Cat_1,C,12717.92,32,2,9
2848,460261,Feminino,Sim,58,Sim,Advogado,1.0,Alto,4.0,Cat_1,C,2125.78,29,1,10
2849,465139,Masculino,Sim,40,Nao,Executivo,9.0,Medio,2.0,Cat_6,D,10876.43,31,1,7
2850,465786,Feminino,Nao,19,Nao,Medico,0.0,Baixo,3.0,Cat_4,D,6636.57,11,2,10
2851,465847,Feminino,Nao,40,Sim,Advogado,1.0,Baixo,1.0,Cat_6,A,2172.98,28,1,7
2852,459977,Feminino,Nao,41,Sim,Ator/Atriz,4.0,Baixo,1.0,Cat_6,D,8356.67,21,1,8
2853,461242,Masculino,Sim,52,Sim,Enfermeiro,1.0,Baixo,2.0,Cat_6,D,15542.59,17,2,9
2854,464995,Masculino,Sim,45,Nao,Executivo,3.0,Alto,4.0,Cat_4,D,14351.63,26,1,8
2855,461508,Masculino,Nao,33,Sim,Ator/Atriz,8.0,Baixo,1.0,Cat_6,A,4501.82,35,1,2
2856,459174,Masculino,Nao,43,Sim,Ator/Atriz,1.0,Baixo,2.0,Cat_4,B,5500.71,1,1,8
2857,465852,Masculino,Sim,39,Sim,Medico,1.0,Baixo,2.0,Cat_4,B,7509.35,36,1,7
2858,466892,Masculino,Sim,51,Sim,Ator/Atriz,1.0,Medio,3.0,Cat_6,C,9358.11,32,1,7
2859,463693,Masculino,Sim,35,Sim,Ator/Atriz,9.0,Alto,3.0,Cat_6,C,5513.14,7,2,10
2860,464190,Masculino,Nao,37,Sim,Executivo,3.0,Baixo,1.0,Cat_6,D,9999.47,4,1,9
2862,462390,Feminino,Nao,28,Nao,Enfermeiro,0.0,Baixo,4.0,Cat_3,B,12765.8,34,2,9
2863,461343,Masculino,Sim,27,Sim,Ator/Atriz,6.0,Medio,2.0,Cat_6,B,6047.69,20,1,4
2864,459661,Masculino,Sim,62,Sim,Executivo,0.0,Alto,3.0,Cat_6,C,13056.74,25,2,5
2865,459854,Feminino,Sim,57,Sim,Ator/Atriz,0.0,Alto,2.0,Cat_6,C,5433.16,23,1,6
2866,458995,Masculino,Sim,62,Nao,Executivo,0.0,Alto,4.0,Cat_6,B,14845.46,17,1,8
2868,466951,Feminino,Sim,52,Sim,Ator/Atriz,0.0,Alto,3.0,Cat_6,C,6639.37,30,2,10
2869,459971,Feminino,Nao,40,Sim,Enfermeiro,8.0,Baixo,1.0,Cat_6,A,12327.68,7,2,10
2870,465370,Feminino,Nao,53,Sim,Ator/Atriz,0.0,Baixo,1.0,Cat_6,B,6362.48,21,1,10
2871,462178,Feminino,Sim,73,Sim,Advogado,7.0,Baixo,2.0,Cat_6,A,6494.98,12,1,10
2873,461836,Masculino,Sim,53,Sim,Ator/Atriz,6.0,Medio,3.0,Cat_6,C,5825.99,3,1,6
2874,466836,Feminino,Nao,42,Sim,Medico,0.0,Baixo,1.0,Cat_4,D,2954.99,15,1,10
2875,461443,Feminino,Sim,70,Sim,Ator/Atriz,1.0,Medio,2.0,Cat_6,C,7914.12,19,1,8
2876,459222,Feminino,Sim,68,Sim,Ator/Atriz,1.0,Medio,3.0,Cat_6,C,6420.15,36,2,9
2877,459549,Masculino,Nao,22,Nao,Enfermeiro,9.0,Baixo,5.0,Cat_4,D,12369.44,33,1,9
2878,462292,Masculino,Sim,65,Sim,Ator/Atriz,1.0,Baixo,1.0,Cat_6,A,4237.6,4,1,10
2879,467505,Masculino,Sim,43,Sim,Ator/Atriz,0.0,Baixo,4.0,Cat_6,D,2482.57,35,1,8
2880,463992,Masculino,Sim,39,Sim,Ator/Atriz,0.0,Medio,2.0,Cat_6,B,7662.14,29,1,5
2881,459560,Masculino,Sim,89,Nao,Advogado,1.0,Alto,2.0,Cat_6,B,6512.01,22,1,5
2882,464944,Feminino,Sim,37,Sim,Entretenimento,0.0,Baixo,2.0,Cat_4,B,7179.0,3,1,3
2883,459333,Masculino,Nao,29,Sim,Enfermeiro,1.0,Baixo,2.0,Cat_6,D,13195.8,19,1,10
2884,467286,Masculino,Nao,27,Sim,Enfermeiro,1.0,Baixo,3.0,Cat_4,D,9864.23,11,2,9
2885,459011,Masculino,Sim,88,Nao,Advogado,1.0,Baixo,1.0,Cat_6,A,4889.71,1,1,5
2886,467076,Feminino,Sim,48,Sim,Medico,0.0,Medio,2.0,Cat_6,B,6296.6,28,1,10
2888,459900,Masculino,Nao,52,Sim,Ator/Atriz,6.0,Baixo,1.0,Cat_6,C,7238.16,3,1,1
2889,462990,Feminino,Nao,25,Sim,Enfermeiro,3.0,Baixo,5.0,Cat_4,D,13540.43,29,3,6
2890,464625,Feminino,Nao,48,Sim,Ator/Atriz,0.0,Baixo,2.0,Cat_6,B,5163.54,34,2,9
2891,460012,Feminino,Sim,50,Sim,Ator/Atriz,1.0,Alto,3.0,Cat_2,C,11104.23,28,1,4
2892,459968,Masculino,Nao,39,Sim,Ator/Atriz,11.0,Baixo,1.0,Cat_7,A,5846.44,25,2,8
2893,465522,Feminino,Nao,29,Sim,Enfermeiro,2.0,Baixo,8.0,Cat_5,B,16245.83,1,3,10
2894,461575,Masculino,Nao,31,Nao,Medico,1.0,Baixo,4.0,Cat_6,C,4495.74,36,1,8
2895,460001,Masculino,Sim,41,Sim,Ator/Atriz,4.0,Medio,2.0,Cat_2,A,4322.66,12,1,10
2896,460778,Masculino,Nao,27,Sim,Ator/Atriz,0.0,Baixo,8.0,Cat_4,D,4150.74,7,1,8
2897,460700,Masculino,Sim,56,Sim,Entretenimento,1.0,Medio,3.0,Cat_6,B,6279.01,28,1,9
2898,460616,Masculino,Sim,32,Sim,Do Lar,2.0,Medio,2.0,Cat_3,C,4475.37,3,1,8
2899,462665,Feminino,Sim,59,Sim,Ator/Atriz,4.0,Medio,4.0,Cat_7,C,10646.44,6,2,10
2900,461945,Feminino,Sim,87,Sim,Ator/Atriz,0.0,Baixo,1.0,Cat_6,C,2195.16,3,1,9
2901,465798,Feminino,Nao,41,Sim,Enfermeiro,0.0,Baixo,3.0,Cat_6,C,13055.57,10,2,10
2902,465134,Feminino,Sim,55,Sim,Entretenimento,1.0,Medio,5.0,Cat_6,B,6927.79,15,1,10
2903,462893,Feminino,Sim,52,Nao,Ator/Atriz,1.0,Medio,3.0,Cat_4,C,7902.37,8,2,9
2904,459208,Feminino,Sim,61,Sim,Ator/Atriz,1.0,Alto,2.0,Cat_3,C,7353.87,31,1,7
2905,461896,Masculino,Sim,46,Sim,Ator/Atriz,1.0,Baixo,1.0,Cat_6,B,4145.88,19,1,10
2907,464568,Masculino,Sim,36,Sim,Ator/Atriz,8.0,Medio,2.0,Cat_6,B,6890.06,12,2,7
2908,462492,Masculino,Sim,36,Nao,Ator/Atriz,1.0,Medio,4.0,Cat_2,B,3512.27,20,1,10
2909,467559,Masculino,Sim,58,Sim,Executivo,0.0,Medio,4.0,Cat_6,C,7808.45,31,1,9
2910,464277,Masculino,Nao,25,Sim,Ator/Atriz,2.0,Baixo,1.0,Cat_6,A,6792.06,17,1,10
2911,462798,Masculino,Sim,65,Sim,Ator/Atriz,7.0,Alto,2.0,Cat_6,C,4885.09,11,1,9
2912,461924,Feminino,Sim,89,Nao,Advogado,1.0,Alto,3.0,Cat_6,B,6686.32,23,2,4
2913,463630,Masculino,Nao,39,Sim,Entretenimento,1.0,Baixo,2.0,Cat_6,A,5032.67,7,1,9
2914,462173,Masculino,Sim,89,Sim,Executivo,3.0,Baixo,3.0,Cat_6,A,20817.56,30,3,8
2916,460044,Feminino,Sim,47,Sim,Ator/Atriz,0.0,Baixo,2.0,Cat_1,B,10135.68,8,2,9
2917,461026,Feminino,Sim,41,Sim,Ator/Atriz,7.0,Medio,2.0,Cat_6,B,8592.74,35,1,5
2918,467224,Feminino,Nao,19,Nao,Entretenimento,0.0,Baixo,4.0,Cat_6,D,4226.41,21,1,10
2919,462879,Masculino,Sim,74,Sim,Advogado,1.0,Alto,2.0,Cat_6,A,2979.41,10,1,10
2920,459591,Masculino,Sim,50,Sim,Ator/Atriz,1.0,Medio,3.0,Cat_6,C,5046.01,18,1,10
2921,459133,Masculino,Nao,23,Nao,Entretenimento,1.0,Baixo,3.0,Cat_4,D,5300.66,1,1,10
2922,465465,Feminino,Sim,28,Sim,Ator/Atriz,8.0,Baixo,2.0,Cat_6,B,2354.77,30,1,6
2923,460231,Masculino,Sim,59,Sim,Executivo,11.0,Alto,3.0,Cat_6,C,13865.2,34,2,6
2924,461111,Feminino,Sim,42,Sim,Medico,8.0,Baixo,1.0,Cat_6,A,9223.78,13,1,3
2926,463540,Masculino,Sim,56,Sim,Ator/Atriz,8.0,Medio,3.0,Cat_6,C,7390.93,5,1,7
2927,461971,Masculino,Sim,50,Sim,Entretenimento,1.0,Medio,4.0,Cat_3,B,5936.12,17,1,10
2928,467183,Masculino,Sim,39,Sim,Entretenimento,4.0,Medio,4.0,Cat_6,B,5953.65,11,2,10
2929,466548,Feminino,Sim,45,Sim,Ator/Atriz,1.0,Medio,2.0,Cat_6,B,3655.88,29,1,6
2930,460747,Masculino,Sim,52,Sim,Ator/Atriz,1.0,Medio,4.0,Cat_3,C,5625.59,3,2,9
2931,459721,Masculino,Sim,76,Sim,Advogado,0.0,Baixo,2.0,Cat_6,A,6267.66,12,1,10
2932,463204,Masculino,Nao,36,Nao,Entretenimento,1.0,Baixo,1.0,Cat_6,A,6980.56,31,2,7
2933,467618,Masculino,Nao,26,Nao,Medico,6.0,Baixo,2.0,Cat_6,D,6081.52,19,1,10
2934,467903,Masculino,Sim,39,Sim,Entretenimento,9.0,Baixo,2.0,Cat_6,A,5316.36,18,2,10
2935,466249,Feminino,Nao,18,Nao,Enfermeiro,8.0,Baixo,4.0,Cat_4,D,11104.86,31,2,8
2936,464467,Feminino,Nao,43,Sim,Enfermeiro,1.0,Baixo,2.0,Cat_4,A,12071.37,24,2,10
2937,461138,Masculino,Sim,63,Sim,Entretenimento,1.0,Alto,2.0,Cat_7,B,5352.68,24,1,9
2938,463392,Feminino,Sim,36,Sim,Ator/Atriz,5.0,Baixo,2.0,Cat_4,B,5403.96,5,1,9
2939,463017,Feminino,Sim,81,Nao,Advogado,0.0,Alto,2.0,Cat_6,A,4605.22,14,1,7
2940,463908,Feminino,Sim,37,Sim,Ator/Atriz,9.0,Baixo,2.0,Cat_6,C,4927.17,16,1,10
2941,464154,Feminino,Sim,47,Sim,Ator/Atriz,1.0,Medio,4.0,Cat_6,C,3876.36,29,1,9
2942,461272,Masculino,Sim,67,Sim,Ator/Atriz,0.0,Baixo,1.0,Cat_3,B,11773.19,25,1,4
2943,461765,Feminino,Nao,36,Sim,Ator/Atriz,1.0,Baixo,1.0,Cat_6,A,3812.47,31,1,5
2944,467099,Feminino,Nao,30,Nao,Entretenimento,0.0,Baixo,3.0,Cat_6,A,6621.63,36,1,8
2945,464151,Masculino,Nao,40,Sim,Medico,12.0,Baixo,1.0,Cat_2,D,10941.9,23,1,9
2947,461457,Feminino,Sim,32,Nao,Medico,1.0,Baixo,5.0,Cat_6,A,9169.36,1,1,7
2948,463510,Feminino,Nao,27,Sim,Enfermeiro,1.0,Baixo,7.0,Cat_2,A,12727.51,4,1,10
2949,465519,Feminino,Sim,73,Nao,Advogado,1.0,Alto,2.0,Cat_6,A,5675.2,20,2,5
2950,461092,Feminino,Sim,29,Sim,Do Lar,0.0,Alto,2.0,Cat_3,A,4447.7,27,1,8
2951,461180,Masculino,Nao,28,Nao,Entretenimento,0.0,Baixo,3.0,Cat_3,D,4778.25,21,1,10
2952,463028,Masculino,Nao,33,Nao,Medico,1.0,Baixo,4.0,Cat_6,D,9435.9,35,2,10
2954,460940,Masculino,Sim,73,Sim,Ator/Atriz,0.0,Baixo,1.0,Cat_6,A,7994.41,25,2,10
2955,462955,Masculino,Sim,42,Sim,Ator/Atriz,1.0,Baixo,2.0,Cat_3,B,3809.41,27,1,9
2956,467725,Masculino,Nao,32,Sim,Enfermeiro,9.0,Baixo,2.0,Cat_6,D,13878.28,1,4,10
2957,465217,Masculino,Sim,53,Sim,Executivo,1.0,Alto,5.0,Cat_3,A,8022.08,26,1,5
2958,463657,Masculino,Sim,42,Sim,Executivo,0.0,Alto,2.0,Cat_6,B,11026.08,36,1,9
2959,465851,Feminino,Sim,50,Nao,Ator/Atriz,9.0,Alto,2.0,Cat_4,A,4904.98,1,1,10
2960,466561,Feminino,Nao,19,Nao,Enfermeiro,3.0,Baixo,3.0,Cat_6,D,15116.75,32,2,10
2961,459577,Masculino,Sim,82,Sim,Advogado,0.0,Baixo,1.0,Cat_6,D,4571.76,22,1,5
2962,466818,Masculino,Sim,82,Nao,Executivo,0.0,Alto,2.0,Cat_6,B,11317.72,23,3,9
2963,464543,Feminino,Nao,38,Sim,Ator/Atriz,7.0,Baixo,1.0,Cat_6,A,3418.43,0,1,7
2964,467649,Masculino,Sim,38,Sim,Medico,0.0,Medio,5.0,Cat_6,B,5930.67,34,1,9
2965,466016,Feminino,Nao,48,Sim,Do Lar,1.0,Baixo,1.0,Cat_3,B,4708.52,21,1,10
2966,462547,Masculino,Nao,22,Nao,Enfermeiro,9.0,Baixo,4.0,Cat_6,D,13185.6,1,1,8
2967,462963,Masculino,Sim,30,Sim,Ator/Atriz,0.0,Medio,2.0,Cat_3,C,5966.4,37,1,10
2968,466305,Masculino,Nao,31,Nao,Enfermeiro,1.0,Baixo,3.0,Cat_2,B,12530.49,32,4,8
2971,460282,Masculino,Sim,40,Nao,Executivo,0.0,Baixo,3.0,Cat_6,D,13663.43,32,2,3
2972,459041,Masculino,Sim,62,Sim,Ator/Atriz,8.0,Baixo,1.0,Cat_6,D,2479.94,23,1,2
2973,460114,Masculino,Sim,30,Sim,Enfermeiro,8.0,Baixo,2.0,Cat_6,C,13180.76,13,2,7
2974,460147,Masculino,Sim,67,Sim,Entretenimento,1.0,Medio,3.0,Cat_6,C,4342.31,26,1,8
2975,462123,Masculino,Nao,38,Sim,Ator/Atriz,0.0,Baixo,2.0,Cat_6,C,4407.37,30,1,10
2976,465768,Feminino,Nao,37,Sim,Ator/Atriz,7.0,Baixo,4.0,Cat_4,A,6431.4,2,1,1
2977,463236,Feminino,Nao,26,Sim,Enfermeiro,5.0,Baixo,2.0,Cat_6,D,14171.71,4,1,10
2978,462487,Masculino,Sim,61,Sim,Entretenimento,2.0,Medio,4.0,Cat_6,C,5780.04,5,1,5
2979,463954,Masculino,Sim,22,Nao,Entretenimento,1.0,Medio,3.0,Cat_4,D,6651.16,14,1,4
2980,466609,Feminino,Sim,47,Sim,Ator/Atriz,0.0,Medio,5.0,Cat_6,C,9091.42,14,2,6
2981,461741,Masculino,Sim,67,Sim,Advogado,1.0,Alto,2.0,Cat_6,B,7497.89,1,1,6
2982,464416,Masculino,Sim,38,Sim,Ator/Atriz,1.0,Baixo,6.0,Cat_6,A,4716.49,2,1,9
2984,464632,Masculino,Nao,29,Nao,Entretenimento,0.0,Baixo,8.0,Cat_4,D,6699.04,20,1,8
2985,462554,Masculino,Nao,28,Nao,Enfermeiro,1.0,Baixo,8.0,Cat_4,C,14679.64,12,2,1
2986,464889,Masculino,Sim,41,Nao,Executivo,1.0,Baixo,7.0,Cat_4,D,10385.44,15,1,8
2987,465490,Feminino,Sim,35,Sim,Ator/Atriz,0.0,Medio,5.0,Cat_4,C,2319.81,1,1,5
2988,465909,Masculino,Sim,39,Sim,Entretenimento,9.0,Baixo,1.0,Cat_6,A,6769.56,23,1,7
2989,465117,Feminino,Sim,73,Sim,Ator/Atriz,1.0,Alto,2.0,Cat_6,C,9421.94,28,1,10
2991,464709,Masculino,Sim,40,Nao,Executivo,8.0,Alto,5.0,Cat_4,D,8899.62,19,1,5
2993,464612,Masculino,Nao,32,Sim,Medico,1.0,Baixo,2.0,Cat_6,A,8217.83,22,2,10
2994,465424,Masculino,Nao,38,Sim,Entretenimento,1.0,Baixo,3.0,Cat_6,A,8753.84,6,1,10
2995,463248,Feminino,Sim,26,Nao,Do Lar,8.0,Medio,4.0,Cat_2,D,4406.75,33,1,4
2996,464155,Masculino,Nao,41,Nao,Medico,0.0,Baixo,3.0,Cat_4,B,7481.48,10,1,9
2997,467424,Masculino,Sim,56,Sim,Entretenimento,2.0,Medio,2.0,Cat_6,D,6339.91,35,1,9
2998,465220,Masculino,Sim,61,Nao,Executivo,0.0,Alto,2.0,Cat_1,B,5507.93,23,1,5
2999,463004,Masculino,Sim,48,Sim,Ator/Atriz,0.0,Medio,2.0,Cat_6,C,9220.16,30,2,10
3000,463315,Masculino,Sim,40,Sim,Executivo,0.0,Alto,4.0,Cat_3,B,12028.48,34,1,10
3001,466498,Masculino,Sim,83,Sim,Advogado,6.0,Alto,3.0,Cat_6,D,3752.27,32,1,10
3003,462453,Masculino,Nao,22,Nao,Enfermeiro,9.0,Baixo,5.0,Cat_6,D,11489.98,31,4,7
3004,467111,Masculino,Sim,72,Sim,Ator/Atriz,0.0,Baixo,1.0,Cat_6,B,6351.65,2,1,6
3005,466355,Masculino,Nao,27,Sim,Enfermeiro,0.0,Baixo,2.0,Cat_6,C,13497.49,29,1,10
3007,465018,Masculino,Nao,42,Sim,Entretenimento,0.0,Baixo,3.0,Cat_6,A,7139.28,36,1,7
3009,465294,Masculino,Sim,73,Nao,Advogado,0.0,Baixo,2.0,Cat_6,D,5005.38,1,1,10
3010,461525,Masculino,Sim,68,Sim,Entretenimento,1.0,Baixo,2.0,Cat_6,D,8434.79,12,1,9
3011,460058,Masculino,Sim,46,Sim,Ator/Atriz,0.0,Baixo,1.0,Cat_4,B,6790.16,23,1,10
3013,466342,Feminino,Sim,49,Sim,Ator/Atriz,0.0,Medio,5.0,Cat_6,C,6279.72,20,2,5
3015,464243,Feminino,Nao,49,Sim,Ator/Atriz,1.0,Baixo,2.0,Cat_6,C,7440.4,17,1,8
3016,467273,Feminino,Sim,81,Sim,Advogado,7.0,Alto,2.0,Cat_6,B,6042.79,21,2,9
3017,466187,Feminino,Sim,56,Sim,Ator/Atriz,4.0,Medio,2.0,Cat_3,C,9209.29,9,1,6
3018,466421,Masculino,Sim,26,Nao,Medico,4.0,Medio,3.0,Cat_3,D,8446.48,34,1,9
3019,461541,Masculino,Nao,36,Sim,Executivo,9.0,Baixo,3.0,Cat_6,D,9084.24,19,1,8
3020,462709,Feminino,Nao,32,Nao,Medico,0.0,Baixo,3.0,Cat_6,C,10050.18,24,1,8
3021,466233,Feminino,Sim,56,Sim,Do Lar,5.0,Baixo,1.0,Cat_6,C,4736.89,30,1,10
3022,461881,Masculino,Nao,40,Sim,Ator/Atriz,1.0,Baixo,1.0,Cat_6,A,3362.36,35,1,8
3023,466371,Masculino,Nao,19,Nao,Enfermeiro,1.0,Baixo,4.0,Cat_2,D,15546.6,3,1,10
3025,466031,Feminino,Nao,30,Nao,Entretenimento,6.0,Baixo,1.0,Cat_6,A,7963.1,21,1,10
3026,467039,Masculino,Sim,26,Nao,Do Lar,9.0,Medio,2.0,Cat_6,A,4483.17,5,1,5
3027,464334,Feminino,Nao,33,Sim,Enfermeiro,1.0,Baixo,3.0,Cat_6,D,12680.26,25,2,10
3028,459185,Feminino,Nao,25,Sim,Entretenimento,5.0,Baixo,1.0,Cat_6,D,6028.3,25,1,10
3030,464808,Masculino,Sim,42,Nao,Entretenimento,1.0,Baixo,4.0,Cat_4,A,6888.1,25,2,10
3031,465583,Masculino,Nao,35,Sim,Ator/Atriz,2.0,Baixo,2.0,Cat_6,A,8790.44,36,1,10
3032,462042,Feminino,Nao,29,Nao,Enfermeiro,0.0,Baixo,3.0,Cat_6,D,12914.5,9,2,7
3035,464937,Masculino,Sim,50,Sim,Ator/Atriz,0.0,Baixo,2.0,Cat_4,D,3637.94,7,1,10
3036,464072,Masculino,Sim,49,Sim,Executivo,1.0,Baixo,2.0,Cat_6,A,13779.25,7,1,7
3037,460836,Feminino,Sim,33,Nao,Ator/Atriz,6.0,Medio,2.0,Cat_6,C,10315.3,36,1,3
3038,467323,Feminino,Sim,52,Sim,Ator/Atriz,7.0,Medio,4.0,Cat_6,C,7026.21,37,1,9
3039,464245,Feminino,Sim,89,Sim,Advogado,2.0,Baixo,1.0,Cat_6,A,4747.68,32,1,9
3040,459030,Masculino,Sim,46,Nao,Executivo,6.0,Alto,6.0,Cat_6,C,16911.8,21,1,10
3041,460926,Masculino,Sim,50,Sim,Ator/Atriz,1.0,Medio,4.0,Cat_4,B,5130.62,5,1,6
3042,463803,Feminino,Nao,30,Sim,Entretenimento,0.0,Baixo,2.0,Cat_6,D,6329.58,21,2,10
3043,466540,Masculino,Nao,22,Nao,Enfermeiro,2.0,Baixo,2.0,Cat_4,D,10882.93,34,2,8
3044,467699,Feminino,Sim,32,Sim,Medico,0.0,Medio,2.0,Cat_4,C,7195.44,20,3,10
3045,465773,Masculino,Nao,29,Nao,Entretenimento,8.0,Baixo,4.0,Cat_6,D,6960.81,7,1,3
3046,464984,Masculino,Nao,32,Sim,Ator/Atriz,1.0,Baixo,1.0,Cat_6,D,7610.9,16,1,3
3047,466215,Masculino,Sim,53,Sim,Ator/Atriz,3.0,Medio,4.0,Cat_6,C,8907.52,28,2,9
3048,460508,Masculino,Sim,27,Sim,Enfermeiro,2.0,Alto,3.0,Cat_3,D,13605.72,11,2,5
3049,460229,Feminino,Sim,68,Sim,Advogado,2.0,Alto,2.0,Cat_6,C,5704.26,33,2,10
3050,459289,Masculino,Nao,39,Sim,Medico,1.0,Baixo,1.0,Cat_6,A,6012.77,27,2,10
3051,461853,Masculino,Nao,20,Nao,Enfermeiro,6.0,Baixo,3.0,Cat_6,D,15674.49,20,3,10
3052,464513,Masculino,Sim,38,Sim,Executivo,6.0,Alto,3.0,Cat_6,B,6017.82,0,1,5
3055,467053,Masculino,Nao,22,Nao,Enfermeiro,6.0,Baixo,4.0,Cat_6,D,13691.77,2,2,7
3056,466839,Feminino,Nao,26,Nao,Do Lar,8.0,Baixo,2.0,Cat_6,D,4978.29,32,1,10
3057,466510,Masculino,Nao,51,Sim,Ator/Atriz,6.0,Baixo,1.0,Cat_6,A,10008.47,31,3,10
3058,464299,Feminino,Nao,35,Sim,Ator/Atriz,12.0,Baixo,3.0,Cat_6,A,11332.08,26,1,8
3059,463773,Masculino,Sim,36,Sim,Ator/Atriz,9.0,Medio,2.0,Cat_6,C,5659.62,15,1,9
3060,462133,Feminino,Sim,46,Sim,Medico,9.0,Alto,3.0,Cat_2,A,8270.79,4,1,4
3061,460848,Masculino,Sim,53,Nao,Entretenimento,10.0,Medio,3.0,Cat_6,A,9856.26,29,2,8
3062,459324,Feminino,Nao,18,Nao,Enfermeiro,1.0,Baixo,3.0,Cat_6,D,12213.88,2,1,9
3064,462009,Feminino,Sim,32,Sim,Enfermeiro,8.0,Alto,2.0,Cat_2,A,12077.19,19,4,8
3065,464929,Masculino,Sim,69,Nao,Medico,0.0,Medio,3.0,Cat_4,B,6422.84,33,1,10
3066,463149,Masculino,Sim,60,Sim,Ator/Atriz,3.0,Medio,2.0,Cat_6,C,10828.76,18,3,4
3068,462088,Masculino,Sim,26,Sim,Ator/Atriz,0.0,Medio,2.0,Cat_6,C,7652.45,30,1,7
3069,459992,Masculino,Nao,48,Sim,Ator/Atriz,1.0,Baixo,1.0,Cat_6,B,6825.85,34,4,10
3070,462270,Masculino,Sim,51,Sim,Medico,1.0,Medio,4.0,Cat_6,B,6821.46,18,1,10
3071,466711,Masculino,Sim,72,Nao,Executivo,1.0,Alto,4.0,Cat_6,B,13522.51,22,2,1
3072,459614,Feminino,Nao,43,Sim,Ator/Atriz,1.0,Baixo,2.0,Cat_6,B,12785.43,29,4,9
3073,459850,Masculino,Nao,35,Sim,Ator/Atriz,0.0,Baixo,1.0,Cat_6,B,8010.5,29,2,10
3074,460665,Masculino,Nao,29,Nao,Entretenimento,5.0,Baixo,1.0,Cat_6,D,6923.47,23,2,6
3075,462841,Masculino,Nao,19,Nao,Enfermeiro,8.0,Baixo,6.0,Cat_6,D,13222.88,18,2,8
3076,461761,Feminino,Nao,27,Sim,Enfermeiro,0.0,Baixo,8.0,Cat_6,C,13453.64,9,2,5
3078,463199,Feminino,Sim,52,Sim,Ator/Atriz,1.0,Baixo,3.0,Cat_4,A,8051.66,19,1,8
3079,465317,Masculino,Nao,23,Nao,Enfermeiro,0.0,Baixo,4.0,Cat_4,D,15152.83,30,1,9
3080,464596,Feminino,Sim,35,Sim,Executivo,0.0,Baixo,2.0,Cat_6,B,10108.81,18,1,8
3081,466059,Masculino,Sim,25,Nao,Entretenimento,1.0,Medio,2.0,Cat_4,A,6471.97,21,1,8
3082,463104,Feminino,Sim,47,Nao,Advogado,0.0,Baixo,1.0,Cat_6,A,5198.34,5,1,6
3083,459990,Masculino,Sim,37,Sim,Enfermeiro,1.0,Medio,2.0,Cat_6,A,12121.66,20,1,10
3084,463330,Masculino,Nao,20,Nao,Enfermeiro,1.0,Baixo,4.0,Cat_6,D,14632.41,12,3,7
3085,467212,Feminino,Nao,28,Sim,Medico,1.0,Baixo,3.0,Cat_6,B,9300.43,6,2,6
3086,462266,Masculino,Nao,25,Sim,Medico,8.0,Baixo,5.0,Cat_6,D,7858.14,25,2,8
3087,462838,Feminino,Sim,32,Sim,Do Lar,0.0,Baixo,3.0,Cat_5,B,4132.65,35,1,10
3088,460159,Feminino,Nao,18,Nao,Entretenimento,1.0,Baixo,7.0,Cat_2,B,8083.78,16,1,9
3089,460974,Masculino,Sim,79,Nao,Advogado,1.0,Baixo,1.0,Cat_6,D,5848.09,17,1,7
3090,459919,Feminino,Nao,49,Sim,Ator/Atriz,0.0,Baixo,1.0,Cat_4,B,5940.82,32,2,7
3091,467381,Masculino,Sim,49,Sim,Entretenimento,0.0,Baixo,4.0,Cat_6,B,6644.72,22,2,6
3092,461707,Feminino,Sim,45,Sim,Ator/Atriz,1.0,Medio,4.0,Cat_6,C,6380.82,23,1,9
3093,462461,Masculino,Nao,28,Sim,Medico,1.0,Baixo,3.0,Cat_6,D,6680.38,36,2,8
3094,459533,Feminino,Nao,41,Sim,Ator/Atriz,1.0,Baixo,1.0,Cat_6,A,4591.52,5,1,7
3095,461091,Feminino,Sim,37,Sim,Ator/Atriz,3.0,Medio,3.0,Cat_3,B,6278.8,31,2,10
3096,466467,Feminino,Sim,36,Sim,Ator/Atriz,1.0,Medio,3.0,Cat_3,B,6167.68,7,1,8
3097,462476,Masculino,Sim,45,Sim,Ator/Atriz,4.0,Medio,2.0,Cat_6,C,1237.88,24,1,10
3098,464357,Masculino,Nao,40,Sim,Ator/Atriz,7.0,Baixo,1.0,Cat_6,A,6124.58,16,1,7
3099,459915,Feminino,Nao,29,Sim,Enfermeiro,1.0,Baixo,3.0,Cat_4,D,12315.26,3,2,6
3100,463319,Feminino,Sim,73,Nao,Advogado,1.0,Alto,3.0,Cat_6,B,7802.47,7,2,10
3101,466323,Masculino,Nao,28,Nao,Medico,4.0,Baixo,1.0,Cat_3,B,7528.4,25,1,10
3102,459363,Masculino,Nao,53,Sim,Ator/Atriz,2.0,Baixo,1.0,Cat_6,A,6882.83,31,1,10
3103,461794,Feminino,Nao,19,Nao,Enfermeiro,5.0,Baixo,5.0,Cat_2,D,10818.68,21,1,9
3104,462563,Feminino,Sim,52,Sim,Ator/Atriz,0.0,Medio,2.0,Cat_6,C,10122.24,22,2,10
3105,465922,Feminino,Nao,31,Sim,Enfermeiro,9.0,Baixo,3.0,Cat_6,D,12583.83,21,2,10
3106,464341,Masculino,Nao,35,Sim,Ator/Atriz,2.0,Baixo,2.0,Cat_6,A,7946.01,27,2,10
3107,464294,Masculino,Sim,68,Nao,Executivo,1.0,Alto,2.0,Cat_6,C,10563.5,28,1,7
3108,461923,Feminino,Sim,42,Sim,Ator/Atriz,2.0,Medio,2.0,Cat_6,C,6287.99,17,2,10
3109,462880,Masculino,Sim,25,Nao,Executivo,1.0,Alto,3.0,Cat_6,B,15619.29,31,1,10
3110,464402,Masculino,Nao,37,Sim,Entretenimento,7.0,Baixo,1.0,Cat_6,A,7119.79,0,1,8
3111,466841,Masculino,Nao,21,Nao,Enfermeiro,1.0,Baixo,6.0,Cat_4,D,12358.33,33,1,5
3112,464536,Masculino,Sim,28,Sim,Ator/Atriz,0.0,Medio,3.0,Cat_6,A,6739.85,13,1,5
3113,462765,Feminino,Sim,50,Sim,Ator/Atriz,1.0,Alto,8.0,Cat_6,B,1380.35,30,1,5
3114,461364,Feminino,Nao,46,Nao,Medico,0.0,Baixo,2.0,Cat_6,B,3043.37,33,1,6
3115,465836,Masculino,Nao,19,Nao,Executivo,13.0,Baixo,3.0,Cat_7,D,7769.7,10,1,9
3116,465208,Masculino,Sim,37,Sim,Ator/Atriz,1.0,Medio,2.0,Cat_6,C,5029.69,17,2,9
3117,460416,Masculino,Nao,28,Sim,Enfermeiro,14.0,Baixo,1.0,Cat_6,D,11885.26,10,2,5
3118,459787,Masculino,Sim,71,Nao,Advogado,0.0,Baixo,1.0,Cat_6,A,1676.63,5,1,10
3120,460560,Feminino,Sim,57,Sim,Do Lar,9.0,Medio,2.0,Cat_3,C,4733.71,14,1,7
3121,467449,Feminino,Sim,86,Sim,Advogado,1.0,Baixo,2.0,Cat_6,C,5429.19,6,2,6
3122,467625,Feminino,Sim,40,Sim,Ator/Atriz,0.0,Medio,2.0,Cat_6,A,2956.77,19,1,9
3123,460559,Feminino,Nao,49,Sim,Enfermeiro,8.0,Baixo,1.0,Cat_3,D,11485.47,16,2,10
3124,463847,Masculino,Sim,41,Nao,Ator/Atriz,2.0,Medio,3.0,Cat_6,C,11037.44,28,1,8
3126,461393,Feminino,Sim,80,Sim,Ator/Atriz,6.0,Medio,2.0,Cat_6,C,6129.6,15,2,5
3127,464149,Masculino,Sim,38,Sim,Ator/Atriz,1.0,Medio,4.0,Cat_6,C,3899.93,3,1,10
3128,461777,Feminino,Sim,74,Sim,Advogado,1.0,Alto,2.0,Cat_6,A,3375.72,29,1,9
3129,464505,Feminino,Nao,30,Nao,Medico,9.0,Baixo,5.0,Cat_6,D,2923.84,9,1,6
3130,463345,Feminino,Nao,20,Nao,Enfermeiro,4.0,Baixo,4.0,Cat_6,D,10882.29,19,1,4
3131,459609,Feminino,Nao,43,Sim,Ator/Atriz,1.0,Baixo,1.0,Cat_4,A,4717.9,21,1,9
3132,465412,Masculino,Nao,32,Sim,Medico,7.0,Baixo,4.0,Cat_6,D,8783.63,16,2,5
3133,465195,Masculino,Sim,53,Sim,Executivo,1.0,Alto,3.0,Cat_6,B,10848.91,18,1,9
3134,462550,Feminino,Nao,23,Nao,Enfermeiro,2.0,Baixo,6.0,Cat_1,D,12152.68,2,4,9
3135,466896,Masculino,Sim,52,Nao,Ator/Atriz,7.0,Baixo,1.0,Cat_6,C,15205.49,7,4,9
3136,463851,Feminino,Sim,45,Sim,Ator/Atriz,4.0,Medio,4.0,Cat_2,C,5898.03,16,1,9
3137,464399,Masculino,Sim,63,Nao,Entretenimento,0.0,Medio,5.0,Cat_6,C,6681.16,13,2,8
3139,465624,Masculino,Nao,39,Sim,Ator/Atriz,8.0,Baixo,3.0,Cat_6,C,8543.11,31,1,6
3140,462508,Masculino,Sim,37,Sim,Enfermeiro,0.0,Baixo,7.0,Cat_4,D,11398.78,13,1,7
3142,467535,Masculino,Sim,65,Sim,Advogado,1.0,Alto,2.0,Cat_6,A,3615.95,17,1,10
3143,465793,Masculino,Nao,25,Nao,Enfermeiro,1.0,Baixo,5.0,Cat_4,C,11047.61,9,1,5
3144,465892,Masculino,Nao,40,Sim,Ator/Atriz,9.0,Baixo,3.0,Cat_6,A,5901.3,16,1,9
3145,463666,Masculino,Nao,27,Sim,Executivo,0.0,Baixo,6.0,Cat_6,D,7424.34,35,1,2
3146,459015,Masculino,Nao,19,Nao,Enfermeiro,0.0,Baixo,3.0,Cat_6,D,12400.63,9,1,2
3147,466189,Feminino,Sim,56,Sim,Ator/Atriz,0.0,Medio,2.0,Cat_3,C,4971.79,30,1,9
3148,466348,Masculino,Nao,53,Sim,Ator/Atriz,1.0,Baixo,2.0,Cat_4,C,5665.99,0,1,10
3149,459461,Feminino,Sim,39,Sim,Ator/Atriz,0.0,Baixo,1.0,Cat_1,C,7479.0,10,1,10
3150,460620,Masculino,Sim,55,Sim,Entretenimento,0.0,Medio,4.0,Cat_3,C,5997.7,15,1,9
3151,463318,Masculino,Sim,65,Sim,Advogado,0.0,Baixo,2.0,Cat_1,A,2563.14,5,1,10
3153,467554,Feminino,Nao,28,Sim,Enfermeiro,1.0,Baixo,3.0,Cat_6,D,12774.2,5,4,10
3154,466651,Masculino,Nao,40,Nao,Entretenimento,5.0,Baixo,1.0,Cat_3,A,5347.48,17,1,10
3155,466885,Masculino,Sim,42,Nao,Executivo,1.0,Medio,4.0,Cat_6,B,13107.08,28,1,10
3156,467439,Masculino,Sim,37,Sim,Entretenimento,1.0,Baixo,4.0,Cat_6,A,5648.67,6,1,5
3157,461749,Feminino,Nao,22,Nao,Enfermeiro,0.0,Baixo,5.0,Cat_6,D,14648.65,1,3,9
3158,467134,Feminino,Sim,33,Nao,Enfermeiro,0.0,Baixo,5.0,Cat_5,D,12155.05,20,2,10
3159,462753,Masculino,Sim,28,Nao,Executivo,0.0,Medio,3.0,Cat_6,D,13284.78,22,1,10
3160,463537,Feminino,Nao,32,Sim,Enfermeiro,1.0,Baixo,3.0,Cat_6,D,11721.57,30,1,6
3161,463217,Feminino,Sim,33,Sim,Enfermeiro,2.0,Alto,1.0,Cat_5,A,12487.39,21,2,9
3162,466380,Masculino,Sim,36,Sim,Entretenimento,5.0,Baixo,2.0,Cat_6,A,5305.31,35,1,8
3163,463101,Feminino,Nao,27,Nao,Do Lar,8.0,Baixo,1.0,Cat_6,D,4348.96,7,1,7
3164,466366,Masculino,Nao,18,Nao,Enfermeiro,0.0,Baixo,3.0,Cat_2,D,15074.97,20,2,3
3165,465716,Feminino,Nao,59,Sim,Ator/Atriz,0.0,Baixo,2.0,Cat_6,C,7086.47,12,2,8
3166,463014,Masculino,Sim,53,Sim,Executivo,0.0,Alto,3.0,Cat_6,B,4990.61,33,1,7
3167,462443,Masculino,Nao,20,Nao,Enfermeiro,1.0,Baixo,2.0,Cat_4,D,13126.86,21,2,8
3168,460453,Feminino,Nao,40,Sim,Medico,7.0,Baixo,1.0,Cat_6,A,3361.76,5,1,9
3169,466485,Masculino,Sim,37,Sim,Executivo,9.0,Alto,2.0,Cat_3,A,13361.28,20,3,7
3170,467445,Masculino,Sim,31,Nao,Medico,8.0,Baixo,2.0,Cat_2,A,6004.05,26,1,10
3171,463500,Masculino,Sim,35,Sim,Executivo,0.0,Alto,4.0,Cat_6,A,14957.51,9,1,5
3172,461507,Masculino,Sim,35,Sim,Entretenimento,0.0,Baixo,2.0,Cat_6,D,5572.32,13,2,10
3173,465918,Feminino,Nao,39,Sim,Ator/Atriz,5.0,Baixo,3.0,Cat_6,B,2185.64,23,1,8
3174,467533,Masculino,Sim,79,Sim,Advogado,2.0,Baixo,1.0,Cat_6,D,5523.89,4,2,10
3175,467029,Masculino,Sim,42,Sim,Ator/Atriz,8.0,Medio,2.0,Cat_6,C,4904.4,30,1,5
3179,464998,Masculino,Sim,59,Sim,Ator/Atriz,1.0,Alto,2.0,Cat_6,C,10146.76,20,1,10
3180,467715,Masculino,Sim,51,Sim,Executivo,4.0,Alto,3.0,Cat_6,C,6196.59,23,2,5
3181,462201,Feminino,Nao,32,Sim,Enfermeiro,0.0,Baixo,1.0,Cat_4,D,13148.17,32,1,10
3182,467454,Masculino,Sim,49,Sim,Ator/Atriz,1.0,Baixo,1.0,Cat_6,A,2358.15,3,1,6
3183,460645,Feminino,Nao,40,Nao,Medico,1.0,Baixo,2.0,Cat_3,C,7427.71,4,1,10
3184,465129,Feminino,Nao,61,Sim,Entretenimento,3.0,Baixo,1.0,Cat_6,A,6530.3,25,1,10
3185,464264,Feminino,Sim,86,Nao,Advogado,8.0,Alto,2.0,Cat_6,B,6294.09,18,1,9
3186,465913,Feminino,Sim,29,Sim,Ator/Atriz,10.0,Baixo,2.0,Cat_6,B,6844.27,14,2,7
3188,466689,Masculino,Nao,28,Sim,Ator/Atriz,8.0,Baixo,3.0,Cat_6,C,10007.88,13,4,7
3190,460477,Masculino,Nao,32,Nao,Entretenimento,0.0,Baixo,6.0,Cat_3,D,7259.48,26,1,10
3191,467766,Feminino,Nao,31,Nao,Enfermeiro,6.0,Baixo,3.0,Cat_6,C,12234.78,31,1,5
3192,460008,Masculino,Nao,25,Nao,Medico,9.0,Baixo,4.0,Cat_6,A,11201.19,4,1,10
3193,461820,Feminino,Sim,38,Sim,Medico,0.0,Medio,2.0,Cat_6,C,6818.35,9,2,9
3194,459226,Feminino,Sim,43,Sim,Ator/Atriz,0.0,Medio,2.0,Cat_1,C,5376.64,13,2,10
3195,460961,Masculino,Nao,20,Nao,Enfermeiro,1.0,Baixo,2.0,Cat_3,D,16079.94,26,1,8
3196,463503,Masculino,Sim,33,Sim,Entretenimento,1.0,Baixo,2.0,Cat_7,A,5561.02,22,2,10
3197,460404,Masculino,Sim,38,Sim,Ator/Atriz,5.0,Baixo,7.0,Cat_6,A,1738.94,6,1,8
3198,461571,Masculino,Nao,27,Nao,Enfermeiro,1.0,Baixo,4.0,Cat_6,C,11769.85,20,1,9
3199,467624,Masculino,Sim,35,Nao,Entretenimento,0.0,Medio,5.0,Cat_6,D,8066.95,0,1,10
3204,467118,Masculino,Sim,55,Sim,Entretenimento,1.0,Medio,3.0,Cat_7,B,4776.43,33,1,9
3205,463815,Masculino,Sim,37,Sim,Entretenimento,0.0,Medio,2.0,Cat_6,C,7217.33,1,1,10
3206,459127,Masculino,Nao,43,Sim,Enfermeiro,1.0,Baixo,7.0,Cat_6,D,13817.78,6,2,7
3207,460165,Feminino,Nao,40,Sim,Entretenimento,0.0,Baixo,1.0,Cat_3,A,7718.94,37,2,7
3208,461678,Feminino,Sim,87,Nao,Advogado,1.0,Baixo,1.0,Cat_6,A,7353.57,9,1,7
3209,465096,Masculino,Sim,86,Nao,Advogado,13.0,Baixo,1.0,Cat_6,A,4977.46,29,1,8
3211,460886,Masculino,Nao,37,Sim,Ator/Atriz,0.0,Baixo,1.0,Cat_6,B,16725.16,0,2,8
3212,462184,Masculino,Nao,19,Nao,Medico,0.0,Baixo,4.0,Cat_6,D,9303.47,29,1,9
3213,462956,Masculino,Sim,42,Nao,Ator/Atriz,7.0,Medio,5.0,Cat_6,B,12081.61,35,2,4
3214,466422,Masculino,Sim,33,Nao,Medico,0.0,Baixo,4.0,Cat_4,D,7309.54,15,1,6
3215,465324,Masculino,Sim,41,Sim,Ator/Atriz,8.0,Baixo,2.0,Cat_6,B,4136.16,23,1,10
3216,467257,Masculino,Nao,22,Nao,Enfermeiro,10.0,Baixo,4.0,Cat_6,D,14471.8,28,4,10
3217,460254,Feminino,Nao,32,Sim,Ator/Atriz,1.0,Baixo,2.0,Cat_6,B,4358.55,11,1,10
3218,463158,Masculino,Sim,83,Sim,Executivo,0.0,Alto,3.0,Cat_6,B,14867.73,0,2,8
3219,467866,Masculino,Sim,50,Sim,Ator/Atriz,1.0,Medio,3.0,Cat_6,C,12183.05,17,3,10
3220,461685,Feminino,Nao,30,Sim,Enfermeiro,4.0,Baixo,4.0,Cat_6,D,12283.0,14,1,9
3221,460208,Masculino,Nao,27,Nao,Ator/Atriz,9.0,Baixo,8.0,Cat_6,D,8509.81,24,1,9
3222,462151,Feminino,Nao,35,Sim,Ator/Atriz,8.0,Baixo,1.0,Cat_6,B,8987.9,17,1,10
3223,462853,Masculino,Nao,23,Nao,Enfermeiro,1.0,Baixo,2.0,Cat_6,D,12872.09,34,3,2
3224,465239,Masculino,Sim,56,Sim,Ator/Atriz,0.0,Medio,3.0,Cat_6,B,5621.42,27,2,10
3225,467508,Feminino,Nao,25,Nao,Medico,1.0,Baixo,3.0,Cat_6,B,7156.89,15,1,5
3226,466867,Feminino,Nao,27,Nao,Do Lar,14.0,Baixo,1.0,Cat_6,D,4492.25,32,1,10
3227,467738,Masculino,Sim,43,Sim,Medico,3.0,Medio,2.0,Cat_6,B,5511.07,26,1,8
3228,465590,Masculino,Sim,40,Sim,Ator/Atriz,1.0,Medio,5.0,Cat_6,A,3642.45,13,1,10
3229,459805,Feminino,Sim,45,Nao,Ator/Atriz,4.0,Medio,4.0,Cat_6,B,5733.53,30,1,9
3230,465013,Feminino,Sim,82,Nao,Advogado,0.0,Alto,2.0,Cat_6,C,7489.98,34,1,10
3231,459240,Feminino,Nao,28,Sim,Ator/Atriz,1.0,Baixo,1.0,Cat_6,A,6893.2,8,1,8
3232,462344,Feminino,Sim,63,Sim,Ator/Atriz,0.0,Alto,4.0,Cat_6,C,6406.36,29,1,10
3233,460388,Feminino,Nao,35,Sim,Ator/Atriz,13.0,Baixo,2.0,Cat_6,B,6293.88,10,1,10
3234,464218,Feminino,Sim,89,Nao,Advogado,1.0,Alto,2.0,Cat_6,A,6814.39,22,2,8
3236,462928,Masculino,Sim,49,Sim,Ator/Atriz,2.0,Medio,4.0,Cat_2,C,16557.48,24,2,10
3237,460889,Feminino,Sim,47,Sim,Ator/Atriz,1.0,Baixo,2.0,Cat_6,B,4355.39,35,1,7
3238,459669,Masculino,Sim,30,Sim,Ator/Atriz,0.0,Medio,2.0,Cat_6,B,3490.97,14,1,5
3239,467849,Feminino,Sim,40,Sim,Medico,0.0,Baixo,1.0,Cat_2,A,7440.66,31,2,8
3240,466873,Masculino,Sim,39,Sim,Enfermeiro,7.0,Medio,5.0,Cat_3,A,13570.06,35,1,9
3241,464837,Masculino,Sim,61,Sim,Ator/Atriz,1.0,Medio,5.0,Cat_4,B,7193.23,35,4,7
3243,466237,Masculino,Nao,18,Nao,Enfermeiro,0.0,Baixo,3.0,Cat_4,D,14715.38,24,2,9
3244,462707,Feminino,Sim,55,Sim,Ator/Atriz,0.0,Medio,4.0,Cat_6,C,5844.75,27,2,10
3246,460281,Feminino,Nao,29,Sim,Medico,10.0,Baixo,5.0,Cat_6,D,6286.81,4,2,9
3249,466901,Feminino,Sim,52,Sim,Ator/Atriz,0.0,Medio,3.0,Cat_7,C,5869.48,1,2,7
3250,463328,Feminino,Nao,23,Nao,Enfermeiro,0.0,Baixo,4.0,Cat_6,D,14000.6,6,1,3
3251,462246,Feminino,Sim,84,Nao,Advogado,1.0,Alto,2.0,Cat_6,B,3548.47,17,1,9
3252,462371,Feminino,Nao,27,Nao,Enfermeiro,5.0,Baixo,3.0,Cat_2,D,12333.08,24,1,5
3253,462022,Feminino,Sim,37,Sim,Ator/Atriz,1.0,Medio,3.0,Cat_3,B,8059.26,8,1,5
3254,460662,Feminino,Nao,46,Nao,Do Lar,9.0,Baixo,1.0,Cat_6,D,4807.89,37,1,10
3255,464022,Feminino,Nao,22,Nao,Enfermeiro,0.0,Baixo,3.0,Cat_6,D,13134.67,10,2,9
3256,461819,Masculino,Sim,42,Sim,Ator/Atriz,0.0,Medio,2.0,Cat_6,C,2753.0,10,1,10
3257,465735,Feminino,Sim,35,Sim,Ator/Atriz,1.0,Baixo,2.0,Cat_3,B,9633.87,6,1,10
3258,462804,Masculino,Sim,39,Nao,Executivo,5.0,Alto,3.0,Cat_4,D,9152.09,29,2,8
3259,464138,Feminino,Nao,27,Sim,Enfermeiro,0.0,Baixo,4.0,Cat_6,B,11637.02,21,1,4
3261,463289,Feminino,Sim,39,Sim,Ator/Atriz,0.0,Medio,3.0,Cat_3,C,7787.44,14,1,10
3262,462038,Masculino,Nao,31,Sim,Ator/Atriz,4.0,Baixo,4.0,Cat_6,A,6647.56,19,1,10
3264,463185,Feminino,Sim,58,Sim,Ator/Atriz,1.0,Medio,2.0,Cat_6,C,9751.24,22,1,6
3266,464521,Masculino,Nao,26,Nao,Medico,2.0,Baixo,4.0,Cat_6,B,6816.79,26,2,8
3267,459575,Masculino,Nao,35,Sim,Ator/Atriz,0.0,Baixo,1.0,Cat_6,A,9143.01,14,1,7
3268,460003,Masculino,Nao,49,Sim,Medico,5.0,Baixo,1.0,Cat_6,D,2585.97,18,1,8
3269,462226,Masculino,Sim,26,Nao,Ator/Atriz,7.0,Baixo,4.0,Cat_4,A,1034.57,13,1,10
3270,466675,Feminino,Sim,49,Sim,Ator/Atriz,2.0,Medio,2.0,Cat_6,C,6176.46,2,1,7
3271,461124,Masculino,Nao,19,Nao,Enfermeiro,1.0,Baixo,8.0,Cat_4,D,14116.98,24,1,7
3272,464638,Masculino,Nao,39,Sim,Ator/Atriz,2.0,Baixo,3.0,Cat_4,B,2065.43,26,1,10
3273,462374,Masculino,Sim,37,Sim,Executivo,0.0,Alto,4.0,Cat_6,B,6656.45,7,1,7
3274,463526,Masculino,Nao,41,Sim,Medico,0.0,Baixo,1.0,Cat_6,A,5583.83,37,2,8
3275,462912,Feminino,Nao,26,Sim,Do Lar,8.0,Baixo,2.0,Cat_6,D,4943.84,37,1,9
3276,462604,Feminino,Sim,38,Nao,Medico,1.0,Medio,3.0,Cat_4,A,8566.83,5,1,5
3277,460708,Masculino,Sim,35,Sim,Ator/Atriz,0.0,Baixo,3.0,Cat_6,C,1685.14,2,1,10
3278,467015,Masculino,Sim,49,Sim,Ator/Atriz,0.0,Medio,2.0,Cat_6,C,9385.57,7,1,8
3279,467245,Feminino,Nao,38,Nao,Medico,0.0,Baixo,1.0,Cat_6,C,9183.63,34,1,5
3280,463619,Masculino,Sim,70,Nao,Executivo,1.0,Alto,2.0,Cat_6,A,14142.27,32,1,9
3281,467246,Masculino,Nao,21,Nao,Medico,9.0,Baixo,3.0,Cat_7,D,9914.19,33,2,10
3282,462969,Masculino,Sim,58,Sim,Ator/Atriz,8.0,Baixo,1.0,Cat_3,B,9779.4,17,1,9
3283,460959,Feminino,Nao,28,Nao,Ator/Atriz,5.0,Baixo,5.0,Cat_3,C,1043.29,14,1,10
3284,461911,Masculino,Sim,57,Nao,Executivo,0.0,Baixo,1.0,Cat_6,A,15857.6,11,1,10
3285,459882,Masculino,Sim,37,Sim,Ator/Atriz,1.0,Medio,2.0,Cat_6,B,2970.95,0,1,9
3288,466455,Feminino,Sim,30,Sim,Medico,4.0,Baixo,2.0,Cat_6,D,11117.26,24,1,3
3289,462394,Masculino,Sim,35,Sim,Ator/Atriz,0.0,Medio,2.0,Cat_6,C,8127.27,14,1,6
3290,462010,Feminino,Nao,31,Sim,Ator/Atriz,14.0,Baixo,3.0,Cat_2,A,5293.99,17,1,8
3291,461371,Masculino,Sim,37,Sim,Medico,0.0,Medio,2.0,Cat_6,A,9279.17,22,1,8
3292,462376,Masculino,Sim,71,Sim,Executivo,0.0,Alto,2.0,Cat_6,B,14191.36,22,3,6
3293,459845,Masculino,Sim,66,Sim,Enfermeiro,0.0,Baixo,1.0,Cat_4,D,10101.17,11,3,10
3294,462583,Masculino,Nao,26,Sim,Ator/Atriz,0.0,Baixo,4.0,Cat_4,D,5186.22,24,1,8
3295,459858,Feminino,Nao,31,Nao,Enfermeiro,8.0,Baixo,4.0,Cat_6,D,16198.28,21,1,7
3296,459091,Masculino,Sim,67,Sim,Ator/Atriz,0.0,Medio,6.0,Cat_1,B,5640.35,10,1,2
3297,467135,Feminino,Sim,51,Sim,Ator/Atriz,1.0,Medio,5.0,Cat_6,C,7350.08,17,1,7
3298,460413,Feminino,Nao,39,Sim,Ator/Atriz,7.0,Baixo,1.0,Cat_6,B,2367.67,12,1,7
3299,466206,Feminino,Sim,60,Sim,Ator/Atriz,2.0,Medio,2.0,Cat_3,C,7313.01,17,1,9
3300,467382,Masculino,Sim,36,Sim,Medico,9.0,Medio,2.0,Cat_6,C,6193.15,10,2,7
3302,460296,Feminino,Sim,60,Sim,Ator/Atriz,1.0,Baixo,2.0,Cat_6,A,8618.53,12,1,10
3303,463524,Feminino,Sim,40,Sim,Ator/Atriz,6.0,Medio,2.0,Cat_6,C,6042.17,8,2,8
3304,461775,Feminino,Sim,83,Nao,Advogado,0.0,Alto,2.0,Cat_6,B,5745.01,28,2,7
3305,462833,Masculino,Sim,33,Nao,Medico,0.0,Medio,5.0,Cat_6,D,5547.55,12,1,10
3306,465506,Masculino,Sim,43,Sim,Entretenimento,1.0,Medio,4.0,Cat_4,B,5118.26,0,1,9
3307,463366,Masculino,Sim,71,Nao,Advogado,0.0,Baixo,5.0,Cat_3,D,6053.92,15,1,6
3308,464987,Masculino,Sim,50,Sim,Executivo,1.0,Alto,5.0,Cat_6,B,11997.3,5,4,9
3309,459114,Masculino,Sim,57,Sim,Ator/Atriz,1.0,Medio,2.0,Cat_6,C,3318.44,32,1,7
3310,467928,Masculino,Sim,35,Sim,Ator/Atriz,2.0,Medio,2.0,Cat_6,C,6929.32,6,1,9
3311,462881,Feminino,Sim,66,Sim,Ator/Atriz,0.0,Alto,3.0,Cat_6,B,6866.22,30,1,6
3312,466524,Feminino,Sim,46,Sim,Ator/Atriz,0.0,Baixo,1.0,Cat_3,B,9453.47,26,2,9
3313,463191,Masculino,Nao,26,Nao,Enfermeiro,1.0,Baixo,1.0,Cat_4,D,12757.51,23,4,8
3314,460861,Masculino,Nao,21,Nao,Enfermeiro,1.0,Baixo,3.0,Cat_3,D,12836.29,0,2,10
3315,465610,Feminino,Nao,42,Sim,Ator/Atriz,8.0,Baixo,2.0,Cat_6,C,5688.07,15,1,3
3316,460206,Feminino,Sim,40,Sim,Entretenimento,1.0,Baixo,2.0,Cat_6,B,6869.12,24,2,10
3317,462876,Masculino,Nao,27,Nao,Medico,0.0,Baixo,4.0,Cat_1,D,6559.42,9,2,10
3318,465333,Feminino,Sim,37,Sim,Ator/Atriz,2.0,Baixo,2.0,Cat_7,C,7564.81,34,1,4
3319,460379,Masculino,Nao,35,Sim,Ator/Atriz,9.0,Baixo,3.0,Cat_6,A,2515.76,8,1,8
3320,462991,Masculino,Nao,28,Sim,Enfermeiro,0.0,Baixo,1.0,Cat_6,D,10820.17,0,2,9
3321,460307,Masculino,Nao,27,Nao,Entretenimento,6.0,Baixo,2.0,Cat_6,D,6485.19,8,1,9
3322,464383,Feminino,Sim,81,Sim,Advogado,1.0,Baixo,1.0,Cat_6,C,4058.18,32,1,5
3323,467931,Masculino,Nao,25,Sim,Medico,0.0,Baixo,2.0,Cat_6,D,7916.95,35,2,10
3324,466594,Masculino,Sim,72,Sim,Executivo,1.0,Alto,2.0,Cat_6,C,4129.08,30,1,7
3325,461200,Feminino,Nao,33,Sim,Medico,0.0,Baixo,5.0,Cat_6,C,4839.52,15,1,8
3327,459688,Masculino,Nao,52,Sim,Ator/Atriz,3.0,Baixo,1.0,Cat_6,B,7811.0,37,1,8
3328,463549,Masculino,Nao,23,Nao,Enfermeiro,0.0,Baixo,4.0,Cat_6,D,13215.77,14,1,10
3329,466696,Feminino,Sim,48,Sim,Ator/Atriz,2.0,Medio,4.0,Cat_6,C,12330.0,15,3,9
3330,462906,Feminino,Nao,31,Nao,Enfermeiro,0.0,Baixo,4.0,Cat_6,D,13149.6,28,2,10
3331,461527,Feminino,Nao,35,Sim,Ator/Atriz,1.0,Baixo,1.0,Cat_6,B,4916.98,35,1,2
3332,461354,Feminino,Nao,63,Nao,Entretenimento,0.0,Baixo,1.0,Cat_2,B,6246.38,28,1,5
3333,461661,Feminino,Sim,37,Sim,Ator/Atriz,7.0,Medio,2.0,Cat_2,C,5301.84,4,1,8
3334,463532,Feminino,Sim,67,Sim,Ator/Atriz,9.0,Baixo,3.0,Cat_6,B,2793.56,10,1,10
3335,465627,Feminino,Nao,37,Sim,Enfermeiro,1.0,Baixo,1.0,Cat_6,B,13976.86,37,3,10
3336,465242,Masculino,Nao,22,Nao,Enfermeiro,7.0,Baixo,4.0,Cat_3,D,14144.03,7,1,10
3337,465170,Feminino,Sim,46,Sim,Entretenimento,4.0,Baixo,3.0,Cat_6,C,7814.37,13,2,10
3338,467359,Masculino,Sim,41,Sim,Ator/Atriz,6.0,Medio,2.0,Cat_6,C,9281.4,25,1,6
3339,460415,Feminino,Nao,59,Sim,Entretenimento,1.0,Baixo,2.0,Cat_6,A,5278.64,11,1,5
3340,459432,Masculino,Sim,84,Sim,Advogado,0.0,Baixo,3.0,Cat_6,A,4602.41,19,1,9
3341,467141,Masculino,Sim,50,Sim,Ator/Atriz,1.0,Baixo,3.0,Cat_6,A,9871.25,30,1,3
3342,465035,Feminino,Sim,74,Sim,Advogado,12.0,Alto,2.0,Cat_6,C,4426.33,34,1,10
3343,461415,Masculino,Nao,48,Sim,Entretenimento,0.0,Baixo,3.0,Cat_6,A,6954.22,6,2,5
3344,461957,Masculino,Sim,47,Sim,Entretenimento,1.0,Medio,4.0,Cat_6,C,5630.62,2,1,9
3346,465279,Masculino,Sim,53,Sim,Enfermeiro,0.0,Alto,4.0,Cat_6,A,12709.8,3,1,7
3347,463782,Feminino,Nao,29,Sim,Ator/Atriz,8.0,Baixo,1.0,Cat_6,A,3773.46,18,1,4
3348,463243,Masculino,Nao,19,Nao,Enfermeiro,0.0,Baixo,3.0,Cat_6,D,15564.25,37,2,6
3350,467100,Feminino,Nao,42,Sim,Ator/Atriz,0.0,Baixo,1.0,Cat_2,B,5650.62,6,1,9
3351,460154,Masculino,Nao,29,Sim,Entretenimento,8.0,Baixo,4.0,Cat_6,C,6409.72,25,1,7
3352,464030,Masculino,Nao,18,Nao,Entretenimento,1.0,Baixo,4.0,Cat_6,D,6501.31,4,2,10
3354,467564,Masculino,Sim,72,Sim,Ator/Atriz,0.0,Medio,2.0,Cat_6,B,3371.55,16,1,6
3355,465113,Masculino,Sim,66,Sim,Advogado,1.0,Alto,2.0,Cat_4,C,5420.68,7,1,10
3357,460907,Masculino,Sim,82,Nao,Advogado,1.0,Alto,3.0,Cat_6,A,7894.28,21,2,10
3358,467314,Masculino,Sim,43,Nao,Ator/Atriz,0.0,Medio,2.0,Cat_6,C,2370.27,4,1,6
3359,459951,Masculino,Sim,53,Sim,Ator/Atriz,0.0,Baixo,1.0,Cat_6,A,7541.92,31,2,9
3360,467295,Masculino,Nao,29,Nao,Enfermeiro,0.0,Baixo,3.0,Cat_6,C,11975.27,23,1,8
3361,466212,Feminino,Sim,53,Sim,Ator/Atriz,0.0,Medio,3.0,Cat_6,C,7398.95,35,1,9
3362,463533,Feminino,Sim,87,Sim,Ator/Atriz,1.0,Alto,2.0,Cat_2,C,6645.29,18,1,9
3363,467890,Masculino,Sim,62,Sim,Entretenimento,0.0,Medio,4.0,Cat_6,B,7078.01,26,1,9
3364,467541,Masculino,Sim,43,Sim,Ator/Atriz,1.0,Alto,3.0,Cat_6,A,6290.57,20,1,4
3365,460183,Masculino,Nao,36,Nao,Entretenimento,8.0,Baixo,2.0,Cat_6,D,8481.25,14,1,7
3366,463634,Feminino,Nao,30,Sim,Medico,0.0,Baixo,3.0,Cat_6,A,8890.14,14,1,9
3367,463100,Feminino,Nao,37,Nao,Do Lar,8.0,Baixo,1.0,Cat_6,D,4469.57,0,1,10
3368,460550,Feminino,Sim,59,Sim,Ator/Atriz,0.0,Medio,4.0,Cat_3,C,7331.06,7,1,10
3369,465867,Feminino,Sim,35,Sim,Ator/Atriz,8.0,Alto,5.0,Cat_6,B,11732.17,9,4,10
3370,462964,Masculino,Sim,39,Nao,Ator/Atriz,7.0,Medio,3.0,Cat_6,C,6258.75,28,1,10
3371,466685,Feminino,Nao,19,Nao,Enfermeiro,0.0,Baixo,5.0,Cat_6,D,13411.6,5,2,10
3372,463005,Feminino,Sim,40,Sim,Do Lar,10.0,Medio,2.0,Cat_4,B,4593.36,23,1,10
3374,460682,Masculino,Sim,43,Nao,Ator/Atriz,6.0,Baixo,2.0,Cat_3,B,1578.78,28,1,4
3375,459744,Masculino,Sim,29,Sim,Ator/Atriz,9.0,Medio,2.0,Cat_6,B,10515.84,23,1,8
3376,460084,Feminino,Nao,27,Sim,Enfermeiro,1.0,Baixo,2.0,Cat_6,D,13147.05,31,1,9
3377,461119,Feminino,Nao,23,Nao,Enfermeiro,6.0,Baixo,3.0,Cat_3,D,13416.47,15,2,8
3378,463441,Masculino,Sim,42,Sim,Ator/Atriz,8.0,Alto,4.0,Cat_6,C,7906.94,35,2,9
3379,466971,Masculino,Nao,65,Sim,Executivo,9.0,Baixo,3.0,Cat_6,D,13365.49,23,1,9
3380,463208,Masculino,Sim,57,Sim,Executivo,1.0,Medio,5.0,Cat_6,C,14626.79,27,2,10
3381,467877,Feminino,Sim,46,Sim,Ator/Atriz,0.0,Medio,2.0,Cat_6,C,6996.5,32,2,7
3382,464471,Masculino,Sim,30,Sim,Medico,0.0,Baixo,3.0,Cat_6,D,4328.4,37,1,10
3383,467360,Masculino,Sim,51,Sim,Ator/Atriz,0.0,Medio,4.0,Cat_6,B,7091.98,9,1,10
3384,461576,Masculino,Sim,39,Sim,Ator/Atriz,10.0,Baixo,2.0,Cat_4,C,8628.08,18,1,10
3385,461966,Feminino,Nao,41,Sim,Ator/Atriz,1.0,Baixo,1.0,Cat_6,C,3761.98,27,1,10
3387,466096,Masculino,Sim,76,Sim,Advogado,0.0,Baixo,2.0,Cat_4,B,3497.14,18,1,9
3388,461082,Masculino,Nao,23,Nao,Enfermeiro,8.0,Baixo,4.0,Cat_1,D,15758.6,37,3,7
3391,464252,Masculino,Sim,35,Sim,Ator/Atriz,1.0,Medio,4.0,Cat_6,C,8070.85,17,1,8
3392,463463,Masculino,Sim,32,Nao,Medico,0.0,Baixo,2.0,Cat_6,A,10160.92,10,1,7
3393,465592,Masculino,Sim,65,Sim,Entretenimento,1.0,Baixo,1.0,Cat_6,B,8060.6,5,1,10
3394,462214,Masculino,Sim,49,Nao,Medico,1.0,Baixo,2.0,Cat_4,D,7124.7,9,2,8
3395,466707,Feminino,Sim,48,Sim,Do Lar,1.0,Baixo,4.0,Cat_6,B,4576.1,37,1,6
3396,459956,Feminino,Sim,39,Sim,Enfermeiro,8.0,Medio,2.0,Cat_6,D,14097.23,19,1,10
3397,460847,Masculino,Nao,27,Sim,Ator/Atriz,1.0,Baixo,3.0,Cat_6,A,4211.71,6,1,6
3398,462816,Masculino,Sim,76,Nao,Entretenimento,0.0,Baixo,1.0,Cat_6,D,6251.06,14,1,5
3399,461979,Masculino,Sim,35,Sim,Ator/Atriz,9.0,Medio,2.0,Cat_6,C,8416.63,16,1,5
3400,467170,Masculino,Sim,35,Sim,Ator/Atriz,8.0,Baixo,4.0,Cat_7,A,10561.2,34,1,9
3401,462609,Feminino,Sim,48,Nao,Medico,4.0,Baixo,1.0,Cat_4,D,4445.88,35,1,10
3402,466332,Masculino,Nao,23,Nao,Enfermeiro,0.0,Baixo,3.0,Cat_2,D,10177.99,26,1,4
3403,459594,Feminino,Sim,42,Sim,Ator/Atriz,5.0,Baixo,1.0,Cat_6,A,6804.31,3,2,8
3404,464147,Masculino,Sim,41,Sim,Ator/Atriz,0.0,Alto,3.0,Cat_6,C,2258.45,13,1,10
3405,464119,Masculino,Sim,36,Sim,Ator/Atriz,0.0,Medio,2.0,Cat_6,C,1614.35,19,1,10
3406,463310,Masculino,Sim,60,Sim,Entretenimento,0.0,Baixo,2.0,Cat_3,A,4843.69,27,1,4
3407,465706,Feminino,Sim,46,Sim,Ator/Atriz,1.0,Medio,3.0,Cat_6,C,3888.21,30,1,7
3408,466174,Feminino,Nao,20,Nao,Enfermeiro,8.0,Baixo,4.0,Cat_2,D,13077.55,14,4,4
3409,463596,Feminino,Nao,31,Nao,Enfermeiro,0.0,Baixo,4.0,Cat_6,C,12005.27,16,2,10
3410,465455,Masculino,Nao,26,Nao,Medico,0.0,Baixo,2.0,Cat_6,D,3532.51,24,1,6
3411,462867,Masculino,Sim,28,Nao,Ator/Atriz,1.0,Baixo,2.0,Cat_6,A,6162.87,14,1,6
3412,459140,Feminino,Nao,18,Nao,Enfermeiro,7.0,Baixo,6.0,Cat_6,D,12339.2,20,3,7
3413,464295,Feminino,Nao,30,Nao,Enfermeiro,7.0,Baixo,6.0,Cat_4,C,15618.45,28,4,4
3414,460067,Feminino,Nao,39,Sim,Entretenimento,11.0,Baixo,1.0,Cat_6,A,6290.47,18,1,4
3415,467222,Masculino,Sim,74,Sim,Entretenimento,1.0,Medio,2.0,Cat_6,A,5698.34,25,1,10
3416,461482,Feminino,Nao,52,Sim,Ator/Atriz,9.0,Baixo,1.0,Cat_6,C,6477.44,23,4,9
3417,463722,Masculino,Sim,55,Sim,Executivo,9.0,Alto,2.0,Cat_6,C,15474.19,12,4,10
3418,462278,Masculino,Nao,31,Sim,Enfermeiro,0.0,Baixo,4.0,Cat_6,C,14827.68,12,1,10
3419,463799,Feminino,Nao,41,Sim,Ator/Atriz,0.0,Baixo,4.0,Cat_2,B,6136.88,22,2,10
3420,464259,Masculino,Sim,59,Sim,Ator/Atriz,1.0,Medio,4.0,Cat_6,B,1171.48,5,1,8
3421,467159,Feminino,Sim,39,Sim,Do Lar,8.0,Alto,2.0,Cat_6,D,4700.54,14,1,8
3422,462003,Masculino,Sim,79,Nao,Advogado,9.0,Baixo,3.0,Cat_6,D,5052.35,24,1,6
3423,464298,Masculino,Nao,26,Nao,Medico,1.0,Baixo,1.0,Cat_6,A,6914.5,11,2,10
3424,465039,Feminino,Sim,88,Nao,Advogado,0.0,Alto,2.0,Cat_6,B,5138.9,0,2,9
3426,461721,Masculino,Nao,26,Sim,Entretenimento,7.0,Baixo,5.0,Cat_5,D,5322.51,19,2,10
3427,463166,Feminino,Nao,41,Sim,Ator/Atriz,1.0,Baixo,1.0,Cat_4,A,2235.63,36,1,8
3430,463010,Masculino,Sim,81,Nao,Executivo,0.0,Baixo,1.0,Cat_6,D,9864.27,20,1,6
3432,464006,Masculino,Nao,32,Nao,Enfermeiro,0.0,Baixo,5.0,Cat_6,B,14292.94,19,1,10
3433,461206,Masculino,Nao,28,Sim,Enfermeiro,9.0,Baixo,1.0,Cat_6,D,11284.87,33,1,2
3434,466216,Masculino,Nao,29,Nao,Entretenimento,1.0,Baixo,4.0,Cat_4,A,5967.5,12,1,7
3435,463690,Feminino,Nao,28,Nao,Enfermeiro,7.0,Baixo,4.0,Cat_6,D,12148.77,9,1,7
3436,465929,Masculino,Nao,26,Sim,Enfermeiro,8.0,Baixo,5.0,Cat_6,D,15268.19,6,1,5
3437,461736,Masculino,Sim,47,Sim,Entretenimento,1.0,Medio,4.0,Cat_6,C,8200.95,6,1,6
3438,460402,Feminino,Sim,50,Sim,Medico,1.0,Baixo,2.0,Cat_7,A,3998.43,35,1,3
3439,467367,Masculino,Sim,70,Sim,Advogado,1.0,Baixo,2.0,Cat_6,B,2502.21,22,1,3
3440,464918,Masculino,Nao,39,Nao,Ator/Atriz,1.0,Baixo,1.0,Cat_4,D,6643.03,34,2,10
3441,461639,Masculino,Sim,60,Sim,Ator/Atriz,0.0,Medio,2.0,Cat_6,A,11253.73,36,2,9
3442,464254,Masculino,Sim,63,Sim,Entretenimento,0.0,Medio,3.0,Cat_6,C,5713.37,17,1,10
3443,462579,Feminino,Sim,68,Nao,Advogado,1.0,Baixo,2.0,Cat_4,B,7195.49,36,1,10
3444,466976,Masculino,Sim,47,Sim,Ator/Atriz,0.0,Baixo,1.0,Cat_6,B,2326.74,13,1,8
3445,467079,Masculino,Sim,40,Sim,Ator/Atriz,1.0,Baixo,2.0,Cat_6,B,4462.13,27,1,9
3446,467724,Masculino,Sim,46,Nao,Ator/Atriz,1.0,Alto,3.0,Cat_6,B,4494.08,21,1,6
3447,459792,Masculino,Sim,42,Sim,Ator/Atriz,6.0,Baixo,3.0,Cat_6,A,6961.14,19,2,10
3448,464789,Feminino,Sim,48,Sim,Ator/Atriz,0.0,Medio,5.0,Cat_4,B,8040.12,5,1,10
3449,467143,Feminino,Nao,53,Nao,Advogado,1.0,Baixo,3.0,Cat_6,D,9504.99,28,1,9
3450,464370,Masculino,Sim,65,Sim,Entretenimento,0.0,Medio,2.0,Cat_6,B,6712.1,1,1,8
3451,459415,Masculino,Nao,26,Nao,Medico,0.0,Baixo,4.0,Cat_6,A,6704.16,20,1,8
3452,459387,Masculino,Nao,35,Sim,Medico,0.0,Baixo,1.0,Cat_6,D,5554.47,0,2,3
3453,467895,Feminino,Nao,27,Sim,Enfermeiro,0.0,Baixo,4.0,Cat_6,C,13687.41,27,2,4
3454,459838,Feminino,Sim,86,Nao,Advogado,0.0,Alto,2.0,Cat_6,C,1586.21,12,1,9
3455,463695,Feminino,Nao,30,Sim,Medico,1.0,Baixo,4.0,Cat_2,A,12286.32,20,3,10
3456,464512,Masculino,Sim,43,Nao,Executivo,8.0,Baixo,3.0,Cat_6,A,11486.95,37,2,9
3457,467419,Feminino,Sim,38,Sim,Ator/Atriz,4.0,Baixo,1.0,Cat_6,B,8224.7,6,2,3
3458,462511,Feminino,Sim,66,Sim,Advogado,1.0,Alto,2.0,Cat_6,C,2494.75,34,1,10
3459,464124,Feminino,Sim,74,Sim,Medico,1.0,Baixo,2.0,Cat_6,B,6567.68,24,1,5
3460,466194,Masculino,Sim,89,Nao,Advogado,0.0,Baixo,1.0,Cat_6,A,5509.93,30,2,8
3461,461807,Masculino,Nao,30,Sim,Medico,10.0,Baixo,4.0,Cat_6,D,5004.32,34,1,8
3462,460456,Masculino,Sim,33,Nao,Executivo,0.0,Alto,5.0,Cat_3,D,8567.17,29,1,6
3463,462932,Feminino,Sim,37,Sim,Do Lar,3.0,Alto,3.0,Cat_6,A,4352.05,4,1,10
3464,461297,Masculino,Sim,69,Nao,Advogado,0.0,Alto,2.0,Cat_6,C,2474.12,30,1,9
3466,459416,Masculino,Nao,19,Nao,Ator/Atriz,10.0,Baixo,3.0,Cat_6,A,5603.1,11,1,10
3467,464743,Masculino,Sim,45,Sim,Entretenimento,0.0,Medio,2.0,Cat_4,B,7458.59,35,1,6
3468,466276,Feminino,Nao,32,Nao,Medico,0.0,Baixo,5.0,Cat_4,D,4088.94,11,1,5
3469,467829,Feminino,Nao,22,Nao,Medico,3.0,Baixo,4.0,Cat_2,D,8632.44,32,1,9
3471,461733,Feminino,Sim,43,Sim,Ator/Atriz,0.0,Alto,3.0,Cat_6,B,8638.82,18,2,5
3472,466925,Masculino,Nao,19,Nao,Enfermeiro,7.0,Baixo,2.0,Cat_6,D,12732.0,3,1,8
3473,467846,Masculino,Sim,48,Sim,Ator/Atriz,1.0,Medio,3.0,Cat_6,C,5454.52,33,1,10
3474,459596,Feminino,Sim,61,Sim,Medico,1.0,Medio,2.0,Cat_6,B,10049.87,1,1,5
3476,467788,Masculino,Nao,22,Nao,Enfermeiro,0.0,Baixo,4.0,Cat_6,D,15553.98,28,2,1
3477,467966,Feminino,Nao,31,Sim,Entretenimento,9.0,Baixo,3.0,Cat_7,D,5972.26,4,1,10
3478,464503,Masculino,Nao,25,Sim,Ator/Atriz,9.0,Baixo,3.0,Cat_6,A,5364.18,24,2,9
3479,460242,Masculino,Sim,41,Sim,Enfermeiro,8.0,Baixo,3.0,Cat_6,C,12367.91,30,2,10
3480,467014,Masculino,Sim,36,Sim,Executivo,9.0,Alto,3.0,Cat_6,C,12156.48,10,1,8
3481,466637,Masculino,Sim,48,Sim,Ator/Atriz,1.0,Alto,5.0,Cat_2,C,9940.08,4,1,9
3482,462553,Masculino,Nao,27,Nao,Ator/Atriz,1.0,Baixo,1.0,Cat_6,B,9728.06,23,1,7
3483,459287,Masculino,Nao,35,Sim,Advogado,1.0,Baixo,1.0,Cat_4,D,2660.49,18,1,10
3484,464074,Feminino,Sim,39,Sim,Medico,0.0,Medio,3.0,Cat_6,C,3161.6,4,1,7
3485,463734,Masculino,Sim,38,Nao,Executivo,0.0,Medio,3.0,Cat_6,A,11164.21,28,3,5
3486,466575,Feminino,Sim,57,Sim,Ator/Atriz,7.0,Medio,3.0,Cat_6,C,10204.87,30,2,9
3487,459193,Masculino,Nao,38,Sim,Ator/Atriz,1.0,Baixo,1.0,Cat_6,A,5614.78,3,1,9
3488,462143,Masculino,Sim,80,Nao,Ator/Atriz,1.0,Baixo,2.0,Cat_6,A,4698.11,30,1,6
3489,467140,Masculino,Sim,61,Sim,Entretenimento,9.0,Medio,2.0,Cat_6,C,7297.64,13,2,9
3490,463356,Masculino,Nao,29,Sim,Enfermeiro,5.0,Baixo,4.0,Cat_2,D,11375.26,3,1,10
3491,466797,Feminino,Nao,23,Nao,Enfermeiro,1.0,Baixo,4.0,Cat_6,D,12577.5,23,1,10
3492,459234,Feminino,Sim,83,Nao,Advogado,1.0,Baixo,1.0,Cat_6,D,5150.6,16,1,9
3493,460442,Masculino,Sim,37,Sim,Entretenimento,0.0,Medio,3.0,Cat_6,B,5804.27,1,1,10
3494,463901,Masculino,Sim,35,Nao,Ator/Atriz,0.0,Baixo,6.0,Cat_4,C,11781.58,29,1,10
3495,465494,Masculino,Sim,41,Sim,Medico,9.0,Medio,2.0,Cat_6,B,9298.9,0,1,10
3496,459239,Masculino,Sim,81,Nao,Entretenimento,1.0,Baixo,1.0,Cat_6,A,5674.17,14,2,10
3497,466379,Feminino,Sim,58,Sim,Do Lar,2.0,Baixo,1.0,Cat_6,C,4528.99,1,1,7
3499,461994,Masculino,Sim,18,Nao,Medico,10.0,Baixo,2.0,Cat_6,D,6591.03,10,1,8
3500,461802,Masculino,Nao,37,Sim,Ator/Atriz,1.0,Baixo,4.0,Cat_6,B,2009.28,28,1,10
3501,462527,Masculino,Sim,43,Nao,Ator/Atriz,4.0,Medio,2.0,Cat_6,C,6154.1,20,2,10
3502,461800,Feminino,Nao,36,Sim,Medico,4.0,Baixo,1.0,Cat_2,B,4717.6,21,1,6
3503,460933,Feminino,Sim,76,Sim,Advogado,0.0,Alto,2.0,Cat_6,A,5136.06,11,1,7
3504,460189,Masculino,Nao,33,Nao,Entretenimento,14.0,Baixo,1.0,Cat_6,D,5077.96,4,1,8
3505,459031,Masculino,Sim,43,Nao,Executivo,1.0,Alto,5.0,Cat_4,B,8576.64,19,4,10
3506,464673,Masculino,Sim,47,Nao,Executivo,1.0,Alto,7.0,Cat_2,D,9647.15,20,1,7
3507,459101,Masculino,Sim,81,Nao,Advogado,8.0,Baixo,2.0,Cat_6,B,4996.07,18,1,7
3508,460136,Masculino,Nao,27,Sim,Ator/Atriz,10.0,Baixo,3.0,Cat_6,D,7670.55,26,1,8
3509,460973,Masculino,Nao,29,Nao,Entretenimento,1.0,Baixo,5.0,Cat_6,D,6620.46,22,1,10
3510,460187,Feminino,Nao,38,Sim,Medico,4.0,Baixo,3.0,Cat_6,A,8613.16,2,1,6
3511,459700,Masculino,Sim,37,Sim,Executivo,0.0,Medio,5.0,Cat_6,B,1249.16,17,1,9
3512,464787,Masculino,Nao,47,Nao,Entretenimento,1.0,Baixo,1.0,Cat_4,A,4866.39,13,1,10
3513,462614,Masculino,Sim,51,Nao,Entretenimento,1.0,Medio,5.0,Cat_4,D,5904.43,7,1,8
3514,460813,Feminino,Sim,86,Nao,Advogado,1.0,Alto,2.0,Cat_6,A,8702.25,26,1,6
3515,462698,Feminino,Sim,56,Sim,Entretenimento,1.0,Medio,2.0,Cat_6,A,5939.92,34,1,10
3516,463344,Masculino,Sim,59,Sim,Ator/Atriz,3.0,Medio,2.0,Cat_6,B,5770.1,30,1,9
3517,463633,Masculino,Sim,33,Sim,Medico,0.0,Medio,2.0,Cat_6,B,8341.06,14,2,10
3518,462317,Feminino,Nao,32,Nao,Entretenimento,3.0,Baixo,6.0,Cat_4,D,6363.51,24,1,8
3519,467353,Masculino,Sim,26,Nao,Ator/Atriz,3.0,Baixo,2.0,Cat_6,A,3958.67,34,1,7
3520,464553,Masculino,Sim,70,Sim,Ator/Atriz,1.0,Baixo,2.0,Cat_6,B,7995.35,17,1,5
3521,463518,Masculino,Sim,30,Nao,Executivo,5.0,Alto,4.0,Cat_6,A,19388.37,32,2,6
3522,459711,Masculino,Sim,37,Nao,Executivo,9.0,Alto,6.0,Cat_6,D,12938.66,5,3,10
3523,460788,Feminino,Nao,30,Sim,Medico,0.0,Baixo,9.0,Cat_4,A,4791.94,26,1,3
3524,459392,Feminino,Nao,23,Nao,Medico,0.0,Baixo,3.0,Cat_6,C,3260.14,36,1,6
3525,467887,Feminino,Nao,42,Sim,Ator/Atriz,0.0,Baixo,2.0,Cat_1,B,2913.55,25,1,10
3526,467743,Masculino,Sim,48,Nao,Executivo,1.0,Alto,4.0,Cat_1,B,10339.44,24,3,9
3527,460368,Masculino,Nao,28,Sim,Enfermeiro,0.0,Baixo,7.0,Cat_6,C,15858.26,29,3,8
3528,463126,Feminino,Sim,65,Sim,Ator/Atriz,3.0,Medio,2.0,Cat_6,C,2674.84,28,1,10
3529,467046,Feminino,Nao,28,Nao,Medico,0.0,Baixo,5.0,Cat_3,A,7421.68,18,1,5
3530,462439,Masculino,Nao,18,Nao,Enfermeiro,1.0,Baixo,4.0,Cat_6,D,11898.42,0,1,10
3531,464182,Masculino,Sim,35,Sim,Ator/Atriz,4.0,Medio,2.0,Cat_2,C,6674.74,6,1,10
3533,464234,Masculino,Sim,68,Sim,Entretenimento,0.0,Baixo,3.0,Cat_2,A,6906.65,37,1,10
3535,463349,Masculino,Nao,20,Nao,Enfermeiro,5.0,Baixo,5.0,Cat_2,D,12866.2,23,2,10
3536,465866,Masculino,Sim,35,Sim,Ator/Atriz,7.0,Baixo,3.0,Cat_6,D,6195.42,33,1,10
3537,465261,Feminino,Nao,21,Sim,Enfermeiro,0.0,Baixo,4.0,Cat_1,D,13604.48,25,1,8
3538,459780,Feminino,Nao,42,Nao,Entretenimento,1.0,Baixo,3.0,Cat_6,A,8573.58,25,2,9
3539,462031,Feminino,Sim,50,Sim,Ator/Atriz,0.0,Medio,2.0,Cat_6,C,6921.57,6,1,10
3540,463941,Feminino,Nao,32,Nao,Ator/Atriz,1.0,Baixo,6.0,Cat_4,D,5026.85,3,1,10
3541,466842,Masculino,Nao,19,Nao,Enfermeiro,8.0,Baixo,5.0,Cat_2,D,16459.99,19,2,10
3542,459014,Masculino,Nao,22,Nao,Enfermeiro,0.0,Baixo,4.0,Cat_6,D,12409.31,33,2,8
3543,462420,Masculino,Nao,27,Sim,Enfermeiro,1.0,Baixo,3.0,Cat_6,C,13959.33,2,4,10
3544,465250,Masculino,Nao,22,Nao,Enfermeiro,0.0,Baixo,4.0,Cat_4,D,12878.16,26,4,6
3545,466513,Feminino,Sim,55,Sim,Ator/Atriz,1.0,Medio,3.0,Cat_6,B,2622.6,25,1,9
3546,461791,Feminino,Nao,22,Nao,Advogado,8.0,Baixo,1.0,Cat_6,D,7611.97,8,1,1
3547,464586,Feminino,Nao,46,Sim,Ator/Atriz,1.0,Baixo,1.0,Cat_3,B,8800.83,20,1,8
3548,461391,Masculino,Sim,65,Sim,Entretenimento,3.0,Baixo,3.0,Cat_6,C,6389.88,33,1,10
3549,466658,Feminino,Nao,18,Nao,Enfermeiro,0.0,Baixo,4.0,Cat_6,D,10692.04,16,2,9
3550,459728,Feminino,Sim,53,Sim,Ator/Atriz,2.0,Medio,4.0,Cat_6,C,9594.21,25,1,9
3551,462219,Masculino,Sim,59,Nao,Executivo,0.0,Baixo,5.0,Cat_4,B,5334.93,16,1,9
3552,467553,Feminino,Nao,32,Sim,Enfermeiro,8.0,Baixo,3.0,Cat_6,D,14253.38,18,1,9
3553,459655,Masculino,Sim,39,Sim,Ator/Atriz,1.0,Medio,3.0,Cat_6,B,4320.15,18,1,10
3554,462182,Masculino,Sim,88,Nao,Ator/Atriz,7.0,Baixo,1.0,Cat_6,D,9909.95,18,1,10
3555,459119,Masculino,Sim,61,Sim,Executivo,9.0,Alto,3.0,Cat_6,C,9563.32,27,2,10
3556,460721,Masculino,Nao,21,Nao,Enfermeiro,1.0,Baixo,4.0,Cat_6,D,13350.11,5,3,8
3557,459517,Masculino,Nao,31,Sim,Enfermeiro,1.0,Baixo,4.0,Cat_6,D,11954.81,6,2,8
3558,461441,Masculino,Sim,58,Sim,Ator/Atriz,1.0,Medio,4.0,Cat_6,C,7590.6,7,1,9
3562,465902,Masculino,Nao,25,Sim,Executivo,3.0,Baixo,3.0,Cat_6,D,3498.3,37,1,10
3563,467034,Masculino,Sim,89,Nao,Executivo,0.0,Alto,2.0,Cat_6,A,11583.06,11,2,6
3564,465747,Feminino,Nao,40,Sim,Ator/Atriz,6.0,Baixo,1.0,Cat_6,C,2663.6,4,1,9
3565,464203,Masculino,Nao,56,Sim,Ator/Atriz,2.0,Baixo,1.0,Cat_6,B,2915.42,3,1,10
3566,462373,Masculino,Sim,36,Sim,Entretenimento,9.0,Alto,3.0,Cat_6,B,6727.52,27,1,10
3567,465364,Feminino,Nao,38,Sim,Medico,5.0,Baixo,5.0,Cat_2,A,5759.03,23,1,10
3568,464280,Masculino,Sim,47,Sim,Entretenimento,1.0,Baixo,4.0,Cat_6,C,5084.5,10,2,3
3569,460993,Masculino,Sim,61,Sim,Ator/Atriz,1.0,Medio,4.0,Cat_6,C,8174.6,36,2,10
3570,464227,Masculino,Sim,89,Sim,Advogado,0.0,Alto,2.0,Cat_6,C,1802.83,22,1,9
3571,461141,Masculino,Sim,55,Nao,Do Lar,2.0,Baixo,1.0,Cat_3,A,4552.84,20,1,10
3572,467282,Feminino,Sim,43,Sim,Ator/Atriz,4.0,Medio,2.0,Cat_6,A,10506.92,3,3,4
3573,459790,Masculino,Nao,28,Nao,Medico,10.0,Baixo,3.0,Cat_6,C,5772.08,12,1,10
3574,464670,Masculino,Sim,42,Nao,Entretenimento,0.0,Medio,4.0,Cat_4,B,6539.57,0,1,10
3575,461136,Masculino,Nao,59,Sim,Ator/Atriz,1.0,Baixo,1.0,Cat_6,B,1664.62,3,1,10
3576,460283,Masculino,Sim,43,Sim,Medico,14.0,Baixo,2.0,Cat_6,A,7215.35,9,2,9
3578,463275,Masculino,Sim,29,Nao,Entretenimento,7.0,Medio,2.0,Cat_3,D,5730.04,13,1,10
3579,466861,Feminino,Nao,21,Nao,Enfermeiro,8.0,Baixo,7.0,Cat_2,D,13082.68,2,3,9
3580,463177,Masculino,Nao,41,Sim,Entretenimento,7.0,Baixo,2.0,Cat_1,D,8140.09,36,1,6
3581,461874,Masculino,Sim,48,Sim,Medico,0.0,Medio,3.0,Cat_3,A,6847.01,14,1,8
3582,462506,Masculino,Nao,31,Nao,Enfermeiro,1.0,Baixo,4.0,Cat_6,C,11726.53,1,1,10
3583,466868,Masculino,Nao,26,Sim,Medico,4.0,Baixo,3.0,Cat_2,A,9727.3,1,1,9
3584,461253,Feminino,Nao,18,Nao,Enfermeiro,0.0,Baixo,5.0,Cat_4,D,13969.26,37,3,6
3585,461830,Masculino,Sim,42,Sim,Executivo,1.0,Alto,3.0,Cat_6,C,16815.57,7,1,9
3587,461904,Feminino,Sim,50,Sim,Ator/Atriz,4.0,Medio,2.0,Cat_5,C,12969.35,36,1,10
3588,467562,Masculino,Sim,71,Sim,Executivo,0.0,Alto,3.0,Cat_6,A,2163.03,7,1,8
3589,465168,Feminino,Sim,59,Nao,Entretenimento,8.0,Medio,2.0,Cat_6,B,7065.01,2,1,9
3590,459162,Feminino,Sim,85,Sim,Advogado,0.0,Alto,2.0,Cat_6,A,5029.76,2,2,6
3591,462831,Masculino,Sim,29,Nao,Executivo,1.0,Alto,3.0,Cat_6,D,10948.12,1,1,9
3592,465576,Masculino,Sim,43,Nao,Executivo,4.0,Medio,5.0,Cat_4,A,12477.09,9,1,9
3593,464474,Feminino,Nao,52,Sim,Ator/Atriz,1.0,Baixo,1.0,Cat_6,A,3107.25,2,1,8
3594,465169,Feminino,Nao,59,Sim,Medico,0.0,Baixo,4.0,Cat_6,B,7635.64,34,1,8
3595,460235,Feminino,Nao,23,Nao,Enfermeiro,1.0,Baixo,3.0,Cat_6,D,13257.24,5,1,8
3596,462580,Feminino,Nao,39,Sim,Ator/Atriz,0.0,Baixo,1.0,Cat_4,B,3111.39,14,1,10
3597,467313,Masculino,Sim,39,Sim,Entretenimento,1.0,Medio,2.0,Cat_6,B,6041.44,31,1,9
3598,460400,Feminino,Sim,46,Sim,Entretenimento,5.0,Baixo,2.0,Cat_6,A,6766.17,9,1,6
3600,459135,Masculino,Sim,53,Sim,Executivo,0.0,Alto,4.0,Cat_6,C,12637.69,22,1,5
3601,462972,Feminino,Sim,62,Sim,Ator/Atriz,1.0,Baixo,1.0,Cat_6,B,6579.55,1,1,10
3602,466284,Masculino,Sim,46,Sim,Ator/Atriz,1.0,Medio,5.0,Cat_2,C,7246.64,35,1,3
3603,464410,Masculino,Sim,40,Sim,Ator/Atriz,0.0,Medio,2.0,Cat_6,C,9923.26,32,1,10
3604,466005,Masculino,Nao,62,Sim,Entretenimento,1.0,Baixo,4.0,Cat_2,C,6513.24,19,2,9
3605,459206,Feminino,Nao,25,Nao,Ator/Atriz,1.0,Baixo,3.0,Cat_6,C,5520.23,3,1,8
3607,465515,Feminino,Sim,47,Sim,Ator/Atriz,1.0,Alto,6.0,Cat_6,B,3157.07,17,1,9
3608,460883,Masculino,Sim,68,Sim,Ator/Atriz,0.0,Alto,2.0,Cat_6,B,4424.65,18,1,3
3609,465380,Masculino,Nao,25,Nao,Entretenimento,5.0,Baixo,2.0,Cat_6,D,8033.05,0,2,10
3610,461218,Masculino,Sim,27,Nao,Executivo,0.0,Baixo,6.0,Cat_6,D,21084.23,2,4,8
3611,467186,Masculino,Sim,38,Sim,Entretenimento,2.0,Medio,3.0,Cat_3,B,7014.3,31,2,7
3612,461859,Feminino,Sim,46,Nao,Ator/Atriz,5.0,Baixo,5.0,Cat_6,C,2690.5,7,1,6
3613,467821,Feminino,Sim,37,Sim,Ator/Atriz,1.0,Baixo,2.0,Cat_6,C,4867.11,28,1,5
3614,462525,Feminino,Sim,41,Sim,Ator/Atriz,0.0,Medio,2.0,Cat_6,C,2290.43,3,1,6
3615,462787,Feminino,Nao,29,Nao,Ator/Atriz,1.0,Baixo,1.0,Cat_3,A,7860.47,37,2,9
3616,459055,Feminino,Nao,19,Nao,Entretenimento,1.0,Baixo,5.0,Cat_6,D,6191.49,31,1,7
3617,462605,Masculino,Sim,82,Nao,Executivo,1.0,Alto,2.0,Cat_4,D,19585.36,26,1,5
3618,461252,Feminino,Sim,48,Sim,Medico,1.0,Baixo,1.0,Cat_3,D,5759.78,4,1,8
3619,464340,Masculino,Sim,67,Sim,Ator/Atriz,1.0,Alto,2.0,Cat_6,B,3595.19,6,1,10
3620,461872,Feminino,Sim,77,Sim,Advogado,0.0,Alto,2.0,Cat_6,B,4827.23,30,1,10
3621,467423,Masculino,Sim,61,Sim,Ator/Atriz,0.0,Baixo,1.0,Cat_6,B,10195.21,4,1,10
3622,463865,Masculino,Sim,46,Sim,Ator/Atriz,0.0,Medio,5.0,Cat_6,B,6475.37,13,1,9
3623,458984,Masculino,Sim,39,Sim,Ator/Atriz,0.0,Medio,3.0,Cat_6,C,7097.71,6,2,10
3624,459142,Feminino,Sim,89,Sim,Ator/Atriz,0.0,Alto,3.0,Cat_6,C,7820.04,10,1,10
3626,460632,Feminino,Nao,22,Nao,Enfermeiro,0.0,Baixo,3.0,Cat_3,D,12633.78,24,2,4
3627,465626,Feminino,Nao,42,Sim,Ator/Atriz,7.0,Baixo,3.0,Cat_6,C,10450.62,17,2,8
3628,461768,Masculino,Sim,69,Sim,Ator/Atriz,0.0,Alto,2.0,Cat_6,C,3644.78,18,1,9
3629,462242,Feminino,Nao,30,Sim,Entretenimento,0.0,Baixo,5.0,Cat_1,D,7005.36,14,2,8
3630,466949,Masculino,Sim,39,Nao,Executivo,12.0,Alto,7.0,Cat_6,B,20456.47,7,3,9
3631,465479,Masculino,Nao,27,Nao,Ator/Atriz,1.0,Baixo,1.0,Cat_4,D,8945.26,36,1,9
3633,465066,Masculino,Sim,47,Sim,Executivo,7.0,Alto,4.0,Cat_6,C,11528.78,20,2,3
3634,466817,Feminino,Sim,81,Nao,Advogado,0.0,Alto,2.0,Cat_6,B,6422.96,29,1,10
3635,466436,Masculino,Sim,42,Nao,Medico,0.0,Medio,3.0,Cat_6,B,9915.0,15,1,5
3636,467974,Feminino,Nao,43,Sim,Ator/Atriz,1.0,Baixo,1.0,Cat_4,B,5879.29,4,2,3
3637,460341,Feminino,Nao,31,Nao,Entretenimento,11.0,Baixo,5.0,Cat_7,D,5103.26,37,1,10
3638,467463,Feminino,Sim,39,Sim,Ator/Atriz,8.0,Medio,3.0,Cat_6,B,12549.48,24,1,10
3639,466235,Feminino,Sim,57,Sim,Ator/Atriz,0.0,Medio,4.0,Cat_4,C,5127.43,24,1,5
3640,466094,Feminino,Nao,31,Nao,Enfermeiro,0.0,Baixo,3.0,Cat_6,B,10527.53,31,2,8
3642,460473,Masculino,Sim,58,Sim,Ator/Atriz,0.0,Medio,2.0,Cat_4,B,6910.4,2,1,10
3643,461786,Masculino,Sim,71,Sim,Advogado,0.0,Alto,2.0,Cat_6,C,3637.25,17,1,4
3644,466745,Feminino,Sim,36,Sim,Do Lar,0.0,Medio,2.0,Cat_6,B,4640.56,22,1,8
3645,460124,Feminino,Nao,43,Sim,Ator/Atriz,1.0,Baixo,3.0,Cat_6,A,4090.03,14,1,10
3646,459910,Masculino,Sim,69,Sim,Ator/Atriz,1.0,Baixo,2.0,Cat_6,B,3052.56,11,1,8
3647,464082,Masculino,Sim,77,Sim,Advogado,0.0,Baixo,1.0,Cat_6,A,9866.94,10,1,9
3648,461487,Masculino,Sim,50,Sim,Ator/Atriz,1.0,Medio,4.0,Cat_6,C,9563.85,30,2,10
3649,465188,Feminino,Sim,50,Sim,Ator/Atriz,1.0,Medio,4.0,Cat_6,B,12259.36,7,4,9
3650,467255,Feminino,Nao,40,Sim,Enfermeiro,6.0,Baixo,2.0,Cat_6,D,12553.25,0,3,10
3652,464403,Feminino,Sim,65,Sim,Advogado,0.0,Alto,3.0,Cat_6,C,6139.02,10,1,9
3653,461518,Feminino,Sim,46,Sim,Ator/Atriz,0.0,Medio,4.0,Cat_3,B,5956.57,31,1,10
3654,464848,Masculino,Sim,35,Nao,Entretenimento,1.0,Medio,4.0,Cat_4,B,5425.32,34,1,10
3655,460715,Feminino,Sim,86,Nao,Advogado,0.0,Alto,2.0,Cat_6,A,6788.13,3,1,10
3656,466963,Masculino,Nao,63,Nao,Entretenimento,7.0,Baixo,1.0,Cat_6,A,6821.51,20,1,8
3657,466508,Feminino,Sim,40,Sim,Ator/Atriz,9.0,Medio,5.0,Cat_6,B,2461.65,17,1,2
3658,460125,Feminino,Sim,55,Sim,Ator/Atriz,10.0,Baixo,1.0,Cat_6,B,6310.9,24,1,7
3659,462325,Masculino,Nao,37,Sim,Enfermeiro,1.0,Baixo,4.0,Cat_4,B,14373.29,21,1,8
3660,461537,Masculino,Nao,31,Sim,Ator/Atriz,0.0,Baixo,1.0,Cat_6,B,1427.45,20,1,4
3661,461679,Masculino,Nao,28,Sim,Enfermeiro,4.0,Baixo,4.0,Cat_6,D,8296.94,30,1,9
3663,467018,Masculino,Sim,57,Sim,Ator/Atriz,1.0,Medio,5.0,Cat_6,C,1589.25,4,1,9
3664,466104,Masculino,Sim,81,Sim,Advogado,1.0,Baixo,1.0,Cat_6,B,8994.32,15,1,9
3666,466599,Feminino,Nao,33,Sim,Enfermeiro,1.0,Baixo,2.0,Cat_6,C,11639.23,23,3,1
3667,466724,Masculino,Nao,38,Sim,Ator/Atriz,0.0,Baixo,2.0,Cat_6,B,3319.39,26,1,8
3668,467881,Feminino,Nao,33,Sim,Ator/Atriz,10.0,Baixo,1.0,Cat_7,A,8110.45,9,1,10
3669,462578,Masculino,Sim,38,Sim,Ator/Atriz,8.0,Medio,2.0,Cat_4,B,5106.58,24,1,10
3670,459177,Feminino,Sim,39,Sim,Ator/Atriz,1.0,Medio,4.0,Cat_6,A,7166.49,32,1,9
3671,459232,Feminino,Sim,59,Sim,Ator/Atriz,0.0,Alto,2.0,Cat_6,C,7201.77,31,1,6
3672,467019,Masculino,Sim,80,Sim,Advogado,1.0,Baixo,1.0,Cat_6,C,4014.64,28,1,8
3673,462122,Masculino,Sim,42,Nao,Entretenimento,6.0,Baixo,3.0,Cat_6,B,8746.43,24,1,7
3674,459776,Masculino,Sim,75,Sim,Advogado,2.0,Baixo,1.0,Cat_6,D,7733.67,27,2,8
3677,464375,Feminino,Sim,63,Sim,Ator/Atriz,1.0,Baixo,2.0,Cat_6,B,5015.25,36,2,6
3678,460138,Masculino,Nao,33,Sim,Entretenimento,9.0,Baixo,6.0,Cat_6,D,6874.14,21,2,2
3679,460232,Masculino,Nao,22,Nao,Enfermeiro,8.0,Baixo,4.0,Cat_6,D,13907.66,30,1,10
3680,464444,Masculino,Sim,36,Sim,Ator/Atriz,8.0,Medio,2.0,Cat_6,C,2117.45,15,1,9
3681,467783,Feminino,Sim,53,Sim,Ator/Atriz,0.0,Medio,3.0,Cat_6,C,7784.79,8,1,6
3682,460497,Masculino,Sim,35,Sim,Entretenimento,6.0,Baixo,5.0,Cat_3,D,7393.03,7,1,10
3683,465124,Feminino,Sim,29,Sim,Enfermeiro,6.0,Medio,2.0,Cat_6,A,11070.27,32,4,10
3684,464602,Feminino,Sim,31,Sim,Enfermeiro,0.0,Baixo,1.0,Cat_1,D,13186.13,35,1,8
3685,465581,Masculino,Sim,38,Sim,Ator/Atriz,0.0,Baixo,4.0,Cat_3,A,5994.99,4,1,9
3686,462750,Masculino,Nao,22,Nao,Enfermeiro,9.0,Baixo,8.0,Cat_6,D,11979.77,28,1,9
3687,461258,Feminino,Sim,57,Sim,Ator/Atriz,1.0,Medio,3.0,Cat_4,C,1809.89,6,1,8
3689,462268,Feminino,Sim,77,Sim,Advogado,6.0,Alto,2.0,Cat_6,B,6463.98,37,1,9
3690,460920,Masculino,Sim,79,Sim,Advogado,1.0,Alto,2.0,Cat_6,C,5106.25,23,1,2
3691,463816,Masculino,Sim,53,Sim,Enfermeiro,3.0,Alto,4.0,Cat_7,B,10864.1,9,1,10
3692,461712,Feminino,Sim,42,Sim,Ator/Atriz,1.0,Baixo,2.0,Cat_6,A,9434.73,8,1,10
3693,461846,Feminino,Nao,72,Sim,Ator/Atriz,1.0,Baixo,2.0,Cat_2,B,5778.38,30,1,9
3694,464315,Masculino,Sim,71,Nao,Executivo,1.0,Medio,2.0,Cat_6,C,3211.83,23,1,5
3696,465224,Masculino,Sim,61,Sim,Executivo,0.0,Baixo,3.0,Cat_6,D,10606.04,24,1,10
3697,463181,Masculino,Sim,48,Sim,Medico,5.0,Medio,3.0,Cat_5,B,1315.81,23,1,6
3698,467932,Feminino,Nao,28,Nao,Enfermeiro,0.0,Baixo,4.0,Cat_6,D,12864.01,29,1,9
3699,466876,Feminino,Sim,43,Sim,Entretenimento,0.0,Medio,2.0,Cat_2,C,6069.46,35,1,10
3700,464071,Masculino,Sim,82,Sim,Advogado,0.0,Alto,2.0,Cat_6,B,3836.13,3,1,8
3701,464202,Masculino,Sim,40,Sim,Ator/Atriz,14.0,Baixo,1.0,Cat_6,A,7393.16,28,1,3
3702,467163,Masculino,Nao,32,Nao,Enfermeiro,9.0,Baixo,3.0,Cat_6,D,12970.13,17,2,10
3703,461932,Feminino,Nao,21,Nao,Enfermeiro,3.0,Baixo,2.0,Cat_4,D,12566.16,35,1,10
3704,467280,Feminino,Nao,28,Nao,Entretenimento,10.0,Baixo,2.0,Cat_6,D,5788.74,25,1,10
3705,463658,Masculino,Sim,43,Sim,Ator/Atriz,3.0,Medio,3.0,Cat_6,C,6489.25,0,1,9
3707,462310,Masculino,Sim,63,Sim,Ator/Atriz,5.0,Medio,4.0,Cat_6,C,5136.47,10,1,7
3708,460321,Masculino,Sim,25,Sim,Ator/Atriz,3.0,Medio,2.0,Cat_6,B,5718.49,4,1,10
3709,464537,Masculino,Sim,41,Sim,Ator/Atriz,8.0,Medio,3.0,Cat_6,A,10054.35,28,4,9
3710,467346,Masculino,Sim,37,Sim,Ator/Atriz,1.0,Medio,3.0,Cat_6,C,7074.06,19,2,6
3712,464058,Masculino,Sim,86,Sim,Enfermeiro,0.0,Baixo,1.0,Cat_6,D,13954.64,14,1,10
3713,462232,Masculino,Sim,56,Nao,Executivo,1.0,Alto,8.0,Cat_4,A,14147.03,7,3,9
3714,463034,Feminino,Nao,27,Sim,Do Lar,9.0,Baixo,1.0,Cat_6,D,4329.08,19,1,5
3715,459543,Masculino,Sim,70,Nao,Executivo,1.0,Alto,2.0,Cat_6,A,14109.02,35,1,5
3716,459635,Feminino,Nao,22,Nao,Enfermeiro,8.0,Baixo,4.0,Cat_6,D,10917.7,25,4,6
3717,464097,Masculino,Sim,35,Sim,Medico,5.0,Alto,2.0,Cat_6,D,5796.3,24,1,10
3718,466930,Masculino,Nao,31,Nao,Enfermeiro,2.0,Baixo,2.0,Cat_5,A,12184.93,2,1,10
3719,463866,Masculino,Sim,40,Sim,Ator/Atriz,1.0,Medio,4.0,Cat_6,C,5198.92,16,1,9
3720,465387,Feminino,Sim,43,Sim,Ator/Atriz,0.0,Baixo,2.0,Cat_6,C,10874.44,15,1,5
3722,462241,Feminino,Nao,28,Nao,Entretenimento,1.0,Baixo,4.0,Cat_6,D,6766.5,37,1,9
3723,463283,Feminino,Nao,48,Sim,Ator/Atriz,1.0,Baixo,1.0,Cat_3,B,5851.94,31,1,10
3724,466983,Feminino,Sim,41,Sim,Ator/Atriz,8.0,Medio,2.0,Cat_6,C,7708.72,0,2,10
3725,462812,Feminino,Nao,29,Nao,Enfermeiro,0.0,Baixo,3.0,Cat_6,C,12729.07,7,3,8
3726,462496,Masculino,Sim,45,Nao,Ator/Atriz,1.0,Medio,3.0,Cat_6,A,5368.82,3,1,10
3727,460405,Feminino,Nao,41,Sim,Entretenimento,5.0,Baixo,2.0,Cat_6,D,7189.05,20,2,6
3728,460757,Feminino,Sim,28,Nao,Do Lar,9.0,Alto,3.0,Cat_6,A,4282.99,12,1,8
3729,466546,Feminino,Sim,69,Sim,Advogado,1.0,Alto,2.0,Cat_6,B,3198.46,32,1,7
3730,459138,Masculino,Sim,53,Sim,Ator/Atriz,1.0,Medio,3.0,Cat_6,C,7788.07,4,2,10
3731,459194,Feminino,Sim,81,Sim,Advogado,1.0,Alto,2.0,Cat_6,C,5850.1,18,1,6
3732,465043,Masculino,Sim,48,Sim,Medico,9.0,Medio,5.0,Cat_6,C,8125.1,37,1,8
3733,461435,Feminino,Sim,45,Sim,Ator/Atriz,8.0,Medio,2.0,Cat_6,C,5490.79,26,1,7
3734,467677,Masculino,Sim,57,Nao,Entretenimento,0.0,Alto,3.0,Cat_4,D,6763.67,17,1,8
3735,463279,Masculino,Nao,27,Nao,Entretenimento,0.0,Baixo,3.0,Cat_3,A,7122.31,4,1,10
3736,460395,Feminino,Nao,27,Sim,Entretenimento,8.0,Baixo,3.0,Cat_6,D,7605.32,15,2,8
3737,462308,Masculino,Sim,30,Sim,Enfermeiro,1.0,Alto,2.0,Cat_4,B,13066.55,26,2,5
3738,461309,Feminino,Nao,21,Nao,Enfermeiro,1.0,Baixo,4.0,Cat_6,D,16254.11,28,2,7
3739,459310,Masculino,Nao,38,Sim,Entretenimento,1.0,Baixo,2.0,Cat_2,D,6440.61,16,1,9
3741,467215,Feminino,Sim,78,Sim,Advogado,1.0,Alto,2.0,Cat_6,C,6680.83,22,1,8
3742,460613,Feminino,Sim,46,Sim,Do Lar,8.0,Medio,3.0,Cat_3,C,4697.24,0,1,9
3743,461682,Masculino,Sim,75,Nao,Executivo,1.0,Alto,2.0,Cat_6,C,19783.52,16,4,10
3745,463896,Feminino,Nao,25,Nao,Do Lar,0.0,Baixo,3.0,Cat_2,C,4552.44,22,1,9
3746,463323,Masculino,Sim,31,Sim,Enfermeiro,2.0,Baixo,2.0,Cat_6,D,14240.39,37,2,6
3747,464033,Feminino,Nao,18,Nao,Enfermeiro,1.0,Baixo,4.0,Cat_6,D,12437.85,4,1,7
3748,465456,Feminino,Sim,59,Sim,Ator/Atriz,3.0,Alto,5.0,Cat_1,B,7822.19,34,2,5
3749,467831,Masculino,Sim,39,Sim,Ator/Atriz,0.0,Medio,2.0,Cat_6,C,8334.01,31,2,7
3750,464285,Feminino,Nao,25,Sim,Ator/Atriz,9.0,Baixo,1.0,Cat_6,B,6765.87,9,1,10
3751,465697,Feminino,Sim,47,Nao,Ator/Atriz,7.0,Baixo,1.0,Cat_6,C,10614.15,33,1,10
3752,465199,Masculino,Sim,32,Sim,Entretenimento,1.0,Baixo,2.0,Cat_6,A,5861.3,30,1,9
3753,466057,Feminino,Sim,38,Nao,Medico,1.0,Medio,2.0,Cat_4,D,8863.11,26,2,4
3754,467327,Masculino,Sim,52,Sim,Ator/Atriz,3.0,Medio,4.0,Cat_6,C,10345.83,30,2,10
3755,460495,Masculino,Nao,21,Nao,Enfermeiro,0.0,Baixo,6.0,Cat_3,D,13321.13,25,1,2
3756,466180,Masculino,Sim,70,Nao,Advogado,0.0,Baixo,1.0,Cat_6,B,5162.17,15,2,5
3757,467954,Masculino,Nao,31,Nao,Enfermeiro,8.0,Baixo,4.0,Cat_6,D,13125.22,22,1,7
3758,467915,Feminino,Nao,23,Nao,Medico,0.0,Baixo,4.0,Cat_6,C,4464.12,5,1,10
3760,459220,Feminino,Sim,77,Sim,Advogado,1.0,Alto,2.0,Cat_6,A,7973.29,35,1,10
3762,465069,Masculino,Sim,73,Sim,Enfermeiro,1.0,Medio,3.0,Cat_6,C,14796.5,5,3,8
3764,460537,Feminino,Nao,33,Sim,Ator/Atriz,0.0,Baixo,3.0,Cat_3,A,10975.97,36,3,3
3765,461019,Masculino,Nao,18,Nao,Enfermeiro,0.0,Baixo,3.0,Cat_3,D,12707.65,3,1,9
3766,461686,Masculino,Sim,59,Sim,Ator/Atriz,1.0,Baixo,2.0,Cat_6,B,6979.24,17,1,3
3767,459263,Feminino,Nao,32,Nao,Enfermeiro,8.0,Baixo,4.0,Cat_6,D,10532.26,23,2,4
3768,462947,Feminino,Sim,46,Sim,Ator/Atriz,1.0,Baixo,1.0,Cat_6,B,8420.35,9,1,10
3769,463875,Masculino,Sim,53,Sim,Entretenimento,1.0,Baixo,3.0,Cat_2,A,6624.82,24,1,10
3770,459704,Masculino,Sim,41,Sim,Ator/Atriz,1.0,Medio,3.0,Cat_6,B,8435.05,1,2,9
3771,467741,Masculino,Nao,21,Nao,Enfermeiro,1.0,Baixo,3.0,Cat_4,D,12981.88,23,3,8
3772,464978,Masculino,Sim,62,Nao,Executivo,0.0,Alto,2.0,Cat_4,B,4163.83,32,1,10
3774,459459,Masculino,Sim,36,Sim,Ator/Atriz,4.0,Baixo,1.0,Cat_6,A,8169.89,33,2,10
3775,467458,Feminino,Nao,28,Sim,Entretenimento,0.0,Baixo,2.0,Cat_6,D,5770.27,17,2,10
3776,459223,Feminino,Sim,47,Sim,Medico,1.0,Medio,4.0,Cat_6,C,5243.31,12,2,10
3777,462296,Feminino,Sim,46,Sim,Ator/Atriz,0.0,Alto,4.0,Cat_6,C,6205.99,33,1,10
3778,466625,Masculino,Sim,49,Sim,Ator/Atriz,0.0,Medio,2.0,Cat_7,C,7044.26,2,1,10
3779,462043,Masculino,Nao,33,Nao,Enfermeiro,0.0,Baixo,5.0,Cat_6,C,11592.86,24,2,10
3780,466777,Feminino,Sim,49,Sim,Do Lar,8.0,Medio,2.0,Cat_6,C,4348.26,31,1,10
3781,459959,Masculino,Sim,25,Sim,Ator/Atriz,9.0,Baixo,4.0,Cat_6,D,4601.44,31,1,9
3782,462470,Masculino,Sim,80,Sim,Executivo,3.0,Baixo,1.0,Cat_6,B,10723.56,11,2,6
3783,460805,Masculino,Nao,36,Sim,Enfermeiro,8.0,Baixo,4.0,Cat_2,A,14839.4,20,1,7
3785,463244,Feminino,Sim,45,Nao,Medico,1.0,Baixo,1.0,Cat_6,B,10280.18,26,1,7
3786,462032,Feminino,Sim,69,Sim,Ator/Atriz,0.0,Baixo,2.0,Cat_6,C,1930.9,34,1,4
3787,467291,Masculino,Sim,53,Sim,Entretenimento,1.0,Medio,4.0,Cat_6,D,5970.67,34,1,9
3788,467847,Masculino,Sim,41,Sim,Ator/Atriz,8.0,Alto,2.0,Cat_2,A,6281.99,32,1,10
3789,462243,Masculino,Sim,43,Nao,Executivo,1.0,Baixo,4.0,Cat_6,A,8396.62,14,1,9
3790,466626,Feminino,Sim,51,Sim,Ator/Atriz,1.0,Medio,2.0,Cat_7,C,2628.2,32,1,9
3791,464372,Masculino,Sim,45,Sim,Ator/Atriz,1.0,Medio,6.0,Cat_5,C,6447.33,36,1,5
3792,465005,Masculino,Sim,50,Sim,Executivo,4.0,Alto,3.0,Cat_6,C,13253.34,15,2,6
3793,466185,Masculino,Sim,57,Sim,Medico,0.0,Medio,4.0,Cat_6,C,6687.88,2,1,5
3794,462165,Masculino,Sim,70,Sim,Advogado,3.0,Alto,2.0,Cat_6,D,5206.87,11,1,10
3795,464740,Feminino,Sim,59,Nao,Ator/Atriz,1.0,Baixo,3.0,Cat_4,C,8603.4,3,1,5
3796,463753,Feminino,Nao,30,Sim,Enfermeiro,0.0,Baixo,5.0,Cat_2,D,12747.71,24,1,10
3797,459852,Masculino,Nao,40,Sim,Ator/Atriz,7.0,Baixo,1.0,Cat_6,A,2222.48,35,1,10
3798,460777,Masculino,Sim,74,Nao,Advogado,0.0,Baixo,1.0,Cat_6,D,6243.93,18,1,10
3801,459217,Feminino,Sim,60,Nao,Advogado,1.0,Medio,3.0,Cat_6,B,1823.08,21,1,5
3802,462265,Masculino,Nao,31,Sim,Medico,3.0,Baixo,4.0,Cat_6,C,7951.96,22,1,5
3803,460455,Feminino,Sim,28,Sim,Do Lar,9.0,Medio,2.0,Cat_3,B,4651.53,33,1,9
3804,462402,Feminino,Sim,37,Nao,Entretenimento,1.0,Medio,2.0,Cat_4,D,5879.45,10,1,9
3805,459386,Masculino,Sim,70,Nao,Advogado,0.0,Alto,2.0,Cat_6,B,7001.73,16,3,4
3806,461526,Masculino,Sim,78,Nao,Entretenimento,0.0,Baixo,2.0,Cat_6,D,6769.35,14,2,3
3807,461538,Feminino,Nao,38,Sim,Ator/Atriz,8.0,Baixo,8.0,Cat_2,B,8434.51,36,1,6
3808,460736,Masculino,Nao,19,Nao,Entretenimento,0.0,Baixo,3.0,Cat_6,C,7074.73,4,1,7
3809,459859,Feminino,Sim,28,Nao,Medico,9.0,Baixo,1.0,Cat_7,A,5468.21,18,1,9
3810,466252,Feminino,Sim,73,Nao,Executivo,0.0,Baixo,3.0,Cat_4,B,15827.8,29,2,9
3811,462240,Masculino,Sim,84,Nao,Advogado,1.0,Alto,2.0,Cat_6,A,4824.95,17,1,4
3812,466920,Masculino,Nao,21,Nao,Enfermeiro,7.0,Baixo,4.0,Cat_3,D,14028.34,15,2,9
3813,466293,Masculino,Sim,79,Nao,Advogado,0.0,Alto,2.0,Cat_6,B,6734.66,16,1,5
3814,461517,Masculino,Sim,42,Sim,Ator/Atriz,0.0,Medio,3.0,Cat_6,B,7112.0,3,1,8
3815,466763,Masculino,Sim,55,Sim,Do Lar,0.0,Baixo,4.0,Cat_6,B,4679.27,17,1,10
3816,460822,Masculino,Sim,41,Sim,Ator/Atriz,0.0,Baixo,2.0,Cat_6,A,9669.14,33,2,10
3817,466715,Masculino,Sim,72,Sim,Executivo,1.0,Alto,4.0,Cat_6,C,7581.42,1,1,10
3818,460045,Masculino,Sim,56,Sim,Ator/Atriz,0.0,Baixo,2.0,Cat_6,B,7388.3,33,1,8
3819,467723,Masculino,Sim,83,Nao,Executivo,0.0,Baixo,7.0,Cat_6,D,10260.79,13,4,10
3820,466664,Feminino,Sim,47,Sim,Medico,1.0,Medio,2.0,Cat_4,A,8425.33,22,1,8
3821,464867,Feminino,Sim,47,Sim,Medico,1.0,Medio,2.0,Cat_4,B,8940.51,8,1,6
3822,459742,Feminino,Sim,83,Nao,Advogado,1.0,Alto,2.0,Cat_6,C,6673.32,33,1,6
3824,465636,Masculino,Nao,29,Sim,Enfermeiro,3.0,Baixo,3.0,Cat_4,D,11533.74,16,2,5
3825,467639,Masculino,Sim,50,Sim,Entretenimento,0.0,Medio,4.0,Cat_6,B,5154.69,14,2,3
3827,462024,Masculino,Nao,33,Sim,Entretenimento,1.0,Baixo,8.0,Cat_4,C,6455.99,28,1,5
3828,464730,Masculino,Sim,36,Nao,Executivo,1.0,Alto,6.0,Cat_4,D,7953.84,17,1,10
3829,465823,Masculino,Sim,65,Nao,Entretenimento,7.0,Medio,4.0,Cat_4,D,6004.21,17,1,5
3831,460460,Masculino,Sim,27,Nao,Entretenimento,4.0,Baixo,4.0,Cat_3,B,5494.2,21,1,10
3832,467202,Masculino,Sim,22,Nao,Medico,1.0,Baixo,4.0,Cat_6,A,3507.24,23,1,9
3834,465327,Feminino,Nao,42,Sim,Entretenimento,1.0,Baixo,1.0,Cat_6,D,5856.31,22,1,10
3835,466072,Feminino,Nao,23,Nao,Enfermeiro,1.0,Baixo,3.0,Cat_3,D,14347.87,14,1,10
3836,466086,Masculino,Sim,80,Sim,Advogado,0.0,Alto,2.0,Cat_6,C,5690.34,33,2,8
3837,459343,Feminino,Sim,40,Sim,Entretenimento,12.0,Baixo,6.0,Cat_6,A,4740.32,10,1,5
3838,459224,Feminino,Sim,48,Sim,Ator/Atriz,0.0,Medio,2.0,Cat_6,C,3248.05,5,1,8
3839,465473,Feminino,Nao,55,Sim,Ator/Atriz,3.0,Baixo,1.0,Cat_6,A,2926.22,33,1,10
3840,466887,Masculino,Sim,36,Sim,Entretenimento,1.0,Baixo,3.0,Cat_3,A,6857.44,31,1,8
3841,463682,Masculino,Sim,41,Sim,Ator/Atriz,12.0,Medio,2.0,Cat_6,B,8099.41,21,1,10
3842,460963,Feminino,Nao,32,Sim,Ator/Atriz,0.0,Baixo,3.0,Cat_6,B,2391.84,8,1,5
3843,467033,Masculino,Sim,37,Sim,Entretenimento,8.0,Medio,2.0,Cat_2,D,6614.84,0,1,9
3844,463883,Masculino,Nao,30,Nao,Enfermeiro,0.0,Baixo,2.0,Cat_4,B,11425.65,12,1,7
3845,466716,Feminino,Sim,79,Sim,Advogado,1.0,Baixo,1.0,Cat_6,C,5933.25,28,1,9
3846,464251,Masculino,Sim,65,Sim,Ator/Atriz,0.0,Medio,4.0,Cat_2,B,7218.1,6,1,2
3847,463843,Masculino,Sim,49,Sim,Executivo,0.0,Alto,4.0,Cat_6,A,10577.85,2,2,9
3848,461476,Masculino,Sim,53,Sim,Ator/Atriz,1.0,Medio,4.0,Cat_2,C,6205.85,17,1,7
3849,467787,Masculino,Nao,20,Nao,Enfermeiro,8.0,Baixo,5.0,Cat_6,D,17575.7,35,3,7
3850,463130,Feminino,Sim,78,Nao,Advogado,1.0,Alto,2.0,Cat_6,B,5293.1,37,1,9
3851,467722,Masculino,Nao,32,Sim,Medico,6.0,Baixo,5.0,Cat_6,D,6699.07,26,1,10
3852,465241,Masculino,Nao,23,Nao,Enfermeiro,3.0,Baixo,2.0,Cat_4,D,11955.5,6,4,7
3853,460345,Feminino,Sim,40,Sim,Ator/Atriz,1.0,Medio,2.0,Cat_6,C,10067.4,37,1,3
3855,466255,Masculino,Sim,45,Sim,Entretenimento,0.0,Baixo,4.0,Cat_2,C,6286.0,1,1,6
3856,463449,Masculino,Sim,25,Nao,Enfermeiro,1.0,Medio,2.0,Cat_6,D,10360.6,5,3,10
3857,459276,Feminino,Nao,20,Nao,Enfermeiro,0.0,Baixo,4.0,Cat_6,D,17666.12,25,4,10
3858,463644,Feminino,Nao,27,Sim,Enfermeiro,1.0,Baixo,3.0,Cat_7,D,11656.77,27,4,9
3859,466253,Masculino,Nao,19,Nao,Enfermeiro,0.0,Baixo,3.0,Cat_2,D,15753.65,16,2,6
3860,461717,Feminino,Nao,26,Sim,Enfermeiro,0.0,Baixo,4.0,Cat_2,A,13087.33,9,3,10
3861,462733,Masculino,Sim,55,Nao,Ator/Atriz,0.0,Medio,2.0,Cat_6,C,8723.26,11,4,5
3863,461866,Masculino,Nao,25,Nao,Enfermeiro,0.0,Baixo,4.0,Cat_6,D,12777.2,35,1,7
3864,459876,Feminino,Sim,67,Sim,Ator/Atriz,1.0,Medio,2.0,Cat_6,B,5264.02,34,2,9
3865,461869,Masculino,Sim,87,Sim,Advogado,0.0,Baixo,1.0,Cat_6,B,5159.47,22,1,10
3866,461228,Masculino,Sim,26,Nao,Medico,9.0,Baixo,6.0,Cat_6,D,7999.58,22,1,10
3867,462962,Feminino,Sim,37,Sim,Ator/Atriz,4.0,Baixo,1.0,Cat_3,A,3325.48,30,1,10
3868,465869,Masculino,Nao,42,Sim,Medico,1.0,Baixo,1.0,Cat_6,A,7633.05,0,2,7
3869,464181,Feminino,Nao,31,Sim,Enfermeiro,6.0,Baixo,4.0,Cat_2,D,10424.36,8,2,4
3870,459740,Feminino,Nao,20,Nao,Enfermeiro,0.0,Baixo,3.0,Cat_6,D,14742.17,3,3,10
3871,462774,Feminino,Sim,88,Sim,Advogado,0.0,Baixo,1.0,Cat_6,D,4484.73,3,1,8
3872,464567,Masculino,Nao,33,Sim,Enfermeiro,8.0,Baixo,4.0,Cat_2,D,12964.59,14,1,9
3873,459271,Feminino,Nao,55,Sim,Ator/Atriz,1.0,Baixo,1.0,Cat_6,A,8936.34,8,1,9
3874,460990,Masculino,Nao,22,Nao,Enfermeiro,1.0,Baixo,3.0,Cat_6,D,11884.4,19,2,10
3876,466672,Masculino,Sim,62,Sim,Ator/Atriz,0.0,Baixo,3.0,Cat_6,C,2155.58,24,1,6
3877,462919,Feminino,Sim,37,Nao,Do Lar,13.0,Medio,3.0,Cat_6,A,4741.15,19,1,10
3878,463153,Feminino,Nao,26,Sim,Do Lar,9.0,Baixo,1.0,Cat_2,D,4112.33,27,1,7
3879,460464,Masculino,Nao,27,Sim,Ator/Atriz,9.0,Baixo,2.0,Cat_3,D,11726.46,24,2,10
3880,461375,Masculino,Nao,29,Sim,Enfermeiro,1.0,Baixo,4.0,Cat_2,D,12761.48,29,2,10
3881,467956,Feminino,Nao,31,Sim,Entretenimento,1.0,Baixo,1.0,Cat_6,B,7080.22,13,1,10
3882,467024,Masculino,Sim,40,Sim,Entretenimento,9.0,Medio,5.0,Cat_6,B,6164.13,18,1,9
3883,461146,Masculino,Sim,56,Sim,Entretenimento,0.0,Baixo,2.0,Cat_3,C,6152.27,26,1,10
3884,462388,Feminino,Sim,45,Sim,Ator/Atriz,1.0,Alto,5.0,Cat_6,C,7340.6,22,2,7
3885,460355,Feminino,Nao,40,Sim,Entretenimento,5.0,Baixo,1.0,Cat_3,A,7014.35,8,1,8
3886,461854,Masculino,Nao,30,Sim,Enfermeiro,9.0,Baixo,3.0,Cat_6,D,13867.43,23,3,7
3887,458985,Masculino,Nao,23,Nao,Enfermeiro,1.0,Baixo,4.0,Cat_6,D,13189.02,27,4,10
3888,466356,Masculino,Sim,46,Sim,Ator/Atriz,0.0,Baixo,2.0,Cat_6,C,8624.68,13,1,10
3889,460078,Feminino,Sim,39,Sim,Enfermeiro,8.0,Alto,2.0,Cat_1,D,13908.24,7,3,8
3890,464969,Feminino,Sim,65,Nao,Advogado,0.0,Alto,9.0,Cat_4,A,1920.93,1,1,9
3891,461769,Masculino,Nao,40,Sim,Ator/Atriz,0.0,Baixo,1.0,Cat_6,B,8545.38,25,1,10
3892,463548,Feminino,Nao,18,Nao,Enfermeiro,3.0,Baixo,4.0,Cat_4,D,12712.09,11,1,2
3893,467116,Masculino,Sim,73,Sim,Executivo,1.0,Alto,2.0,Cat_6,B,6943.25,16,1,9
3894,461577,Feminino,Sim,50,Sim,Ator/Atriz,1.0,Medio,3.0,Cat_6,C,6458.17,34,1,8
3895,460740,Masculino,Sim,38,Sim,Ator/Atriz,4.0,Medio,3.0,Cat_6,B,9268.53,29,1,10
3896,466844,Masculino,Nao,18,Nao,Enfermeiro,0.0,Baixo,5.0,Cat_6,D,12188.34,14,1,9
3897,460150,Masculino,Nao,19,Nao,Enfermeiro,0.0,Baixo,4.0,Cat_4,D,13382.64,19,1,5
3899,466833,Masculino,Sim,58,Sim,Ator/Atriz,7.0,Baixo,2.0,Cat_6,B,7586.34,20,1,5
3900,460371,Feminino,Nao,28,Sim,Ator/Atriz,1.0,Baixo,2.0,Cat_6,C,2652.81,33,1,10
3901,465180,Feminino,Sim,53,Sim,Ator/Atriz,1.0,Medio,2.0,Cat_7,C,2908.97,16,1,10
3902,461279,Masculino,Nao,18,Nao,Medico,4.0,Baixo,2.0,Cat_6,A,6076.13,26,1,6
3903,459109,Masculino,Sim,49,Sim,Entretenimento,7.0,Medio,4.0,Cat_6,C,6721.26,30,1,7
3904,467519,Masculino,Nao,19,Nao,Enfermeiro,0.0,Baixo,3.0,Cat_6,D,12241.89,23,2,10
3905,461398,Masculino,Nao,20,Nao,Medico,0.0,Baixo,4.0,Cat_6,D,7774.66,33,1,10
3906,467188,Masculino,Sim,55,Sim,Ator/Atriz,2.0,Baixo,2.0,Cat_6,B,5802.56,19,1,6
3908,461823,Masculino,Nao,27,Nao,Enfermeiro,10.0,Baixo,4.0,Cat_6,C,14357.11,29,1,10
3909,459732,Masculino,Sim,72,Sim,Executivo,1.0,Alto,5.0,Cat_6,A,8752.95,22,4,6
3910,461317,Feminino,Nao,59,Sim,Ator/Atriz,1.0,Baixo,1.0,Cat_6,C,6127.48,18,1,9
3911,461459,Feminino,Sim,35,Sim,Ator/Atriz,0.0,Baixo,3.0,Cat_6,A,9005.47,35,1,10
3913,464577,Feminino,Sim,28,Sim,Enfermeiro,10.0,Alto,2.0,Cat_6,D,13905.99,8,2,3
3914,466552,Masculino,Sim,19,Nao,Entretenimento,1.0,Baixo,2.0,Cat_6,A,6785.45,29,2,9
3915,461231,Masculino,Sim,52,Sim,Ator/Atriz,2.0,Alto,1.0,Cat_4,D,2705.66,0,1,8
3916,463650,Masculino,Nao,29,Nao,Medico,1.0,Baixo,3.0,Cat_6,D,3375.24,24,1,9
3917,462674,Feminino,Sim,51,Sim,Do Lar,12.0,Medio,4.0,Cat_3,B,4312.87,3,1,5
3918,465275,Masculino,Nao,27,Sim,Enfermeiro,1.0,Baixo,5.0,Cat_6,D,12564.31,8,3,9
3919,465684,Feminino,Nao,47,Sim,Entretenimento,0.0,Baixo,1.0,Cat_3,A,7006.27,17,2,10
3920,465492,Masculino,Sim,61,Nao,Entretenimento,1.0,Baixo,1.0,Cat_2,A,7132.6,23,1,8
3921,464510,Feminino,Sim,75,Nao,Advogado,0.0,Alto,2.0,Cat_6,D,6496.53,23,1,6
3922,463588,Masculino,Nao,19,Nao,Enfermeiro,1.0,Baixo,1.0,Cat_6,D,13275.79,19,1,10
3923,466341,Masculino,Sim,48,Sim,Ator/Atriz,0.0,Medio,2.0,Cat_5,C,9492.05,7,1,9
3924,459397,Masculino,Sim,59,Sim,Ator/Atriz,3.0,Medio,2.0,Cat_6,B,3870.86,34,1,9
3925,460888,Masculino,Sim,42,Nao,Do Lar,8.0,Baixo,1.0,Cat_6,A,4557.97,13,1,7
3926,460272,Feminino,Nao,86,Sim,Advogado,1.0,Baixo,1.0,Cat_6,A,3612.87,13,1,3
3927,460612,Masculino,Nao,33,Sim,Entretenimento,9.0,Baixo,4.0,Cat_3,C,6556.21,18,1,4
3928,462227,Masculino,Sim,49,Nao,Executivo,3.0,Alto,5.0,Cat_7,B,12628.77,25,2,6
3929,467892,Masculino,Nao,23,Nao,Medico,1.0,Baixo,5.0,Cat_6,D,5831.81,19,1,10
3930,461012,Masculino,Nao,35,Nao,Medico,1.0,Baixo,3.0,Cat_3,D,6304.34,22,1,10
3931,463003,Masculino,Sim,37,Sim,Ator/Atriz,2.0,Medio,2.0,Cat_6,C,6652.95,31,2,10
3932,467592,Masculino,Sim,43,Sim,Entretenimento,7.0,Baixo,2.0,Cat_6,A,5246.46,10,2,6
3935,463400,Feminino,Nao,20,Nao,Enfermeiro,8.0,Baixo,3.0,Cat_1,D,14350.83,0,2,10
3936,467075,Feminino,Sim,31,Nao,Do Lar,9.0,Medio,2.0,Cat_6,A,4468.55,0,1,9
3937,462087,Feminino,Nao,31,Sim,Enfermeiro,9.0,Baixo,3.0,Cat_2,A,12357.81,6,1,7
3938,462522,Masculino,Sim,41,Nao,Executivo,1.0,Medio,5.0,Cat_4,B,18870.28,35,1,10
3939,459615,Masculino,Sim,84,Nao,Advogado,1.0,Baixo,1.0,Cat_6,A,3034.58,17,1,9
3940,467794,Feminino,Nao,23,Nao,Enfermeiro,0.0,Baixo,4.0,Cat_3,D,11696.19,12,2,10
3941,461040,Feminino,Sim,69,Nao,Advogado,0.0,Baixo,1.0,Cat_3,D,5798.96,1,1,5
3942,466443,Feminino,Sim,68,Sim,Ator/Atriz,4.0,Baixo,2.0,Cat_6,B,7947.92,21,1,10
3943,463975,Feminino,Nao,30,Nao,Enfermeiro,8.0,Baixo,4.0,Cat_4,B,13883.05,12,2,5
3944,464063,Feminino,Nao,26,Sim,Medico,1.0,Baixo,1.0,Cat_6,D,5389.26,36,1,8
3945,461326,Feminino,Nao,36,Sim,Ator/Atriz,1.0,Baixo,1.0,Cat_6,C,5196.39,23,2,10
3946,467196,Masculino,Nao,18,Nao,Entretenimento,0.0,Baixo,5.0,Cat_6,C,6032.61,20,2,1
3947,461633,Masculino,Nao,30,Sim,Enfermeiro,8.0,Baixo,4.0,Cat_7,D,12710.57,25,2,1
3948,462045,Feminino,Nao,46,Sim,Ator/Atriz,9.0,Baixo,1.0,Cat_6,B,9837.39,15,1,5
3949,466289,Masculino,Nao,19,Nao,Enfermeiro,2.0,Baixo,5.0,Cat_2,D,11771.79,28,1,8
3950,463562,Masculino,Nao,33,Sim,Entretenimento,0.0,Baixo,4.0,Cat_6,C,6461.95,7,2,6
3951,460089,Feminino,Sim,65,Sim,Ator/Atriz,13.0,Baixo,1.0,Cat_6,B,8776.07,18,1,4
3952,459336,Masculino,Sim,26,Sim,Ator/Atriz,6.0,Medio,2.0,Cat_6,A,6801.82,21,2,8
3953,467350,Feminino,Nao,30,Sim,Do Lar,6.0,Baixo,1.0,Cat_6,D,4190.44,36,1,8
3954,463565,Feminino,Nao,33,Sim,Entretenimento,1.0,Baixo,4.0,Cat_6,D,7523.13,26,2,5
3956,467269,Masculino,Sim,65,Sim,Ator/Atriz,0.0,Medio,2.0,Cat_6,C,4683.09,21,1,10
3957,464934,Masculino,Sim,77,Nao,Advogado,1.0,Baixo,2.0,Cat_4,D,2309.77,36,1,9
3959,465445,Feminino,Nao,27,Sim,Do Lar,6.0,Baixo,7.0,Cat_6,B,4572.3,34,1,10
3960,463661,Feminino,Sim,51,Sim,Medico,1.0,Medio,4.0,Cat_6,B,4168.18,19,1,6
3961,459370,Masculino,Nao,18,Nao,Enfermeiro,13.0,Baixo,4.0,Cat_6,D,10750.05,31,1,2
3962,466019,Feminino,Sim,63,Sim,Ator/Atriz,5.0,Baixo,1.0,Cat_3,C,5359.97,7,1,8
3964,461683,Masculino,Sim,43,Sim,Executivo,1.0,Alto,4.0,Cat_6,B,15385.88,27,1,10
3965,459053,Masculino,Sim,46,Sim,Executivo,0.0,Alto,4.0,Cat_6,C,10075.17,26,3,4
3966,466894,Masculino,Nao,51,Sim,Ator/Atriz,0.0,Baixo,3.0,Cat_6,B,5908.41,33,2,8
3968,467969,Feminino,Sim,43,Sim,Ator/Atriz,0.0,Medio,2.0,Cat_6,C,2969.69,23,1,6
3969,463120,Feminino,Nao,37,Sim,Entretenimento,1.0,Baixo,1.0,Cat_6,A,5774.96,8,2,10
3970,466106,Feminino,Sim,63,Nao,Ator/Atriz,0.0,Medio,5.0,Cat_6,C,7975.8,31,1,8
3971,461976,Feminino,Sim,37,Sim,Entretenimento,5.0,Medio,2.0,Cat_3,B,7575.39,12,1,10
3972,460885,Masculino,Sim,53,Nao,Ator/Atriz,8.0,Medio,3.0,Cat_6,B,2416.98,14,1,10
3973,463692,Feminino,Sim,26,Sim,Enfermeiro,6.0,Alto,7.0,Cat_2,D,11753.81,18,1,7
3974,467674,Masculino,Sim,40,Sim,Ator/Atriz,0.0,Medio,2.0,Cat_6,C,5553.67,4,1,4
3975,465982,Masculino,Sim,41,Sim,Entretenimento,0.0,Medio,4.0,Cat_6,B,6748.18,36,1,5
3976,464349,Masculino,Sim,66,Sim,Ator/Atriz,2.0,Baixo,1.0,Cat_6,C,8000.77,12,1,6
3978,462247,Feminino,Sim,42,Nao,Ator/Atriz,1.0,Alto,4.0,Cat_6,B,7139.7,9,1,4
3979,463886,Feminino,Nao,38,Sim,Ator/Atriz,1.0,Baixo,2.0,Cat_6,C,2806.61,33,1,10
3980,460304,Feminino,Nao,53,Nao,Advogado,1.0,Baixo,1.0,Cat_6,D,2999.26,22,1,10
3981,466458,Masculino,Nao,33,Nao,Executivo,5.0,Baixo,2.0,Cat_6,A,13023.24,30,4,6
3982,462449,Masculino,Nao,19,Nao,Enfermeiro,1.0,Baixo,3.0,Cat_6,D,11949.26,16,1,8
3983,467558,Masculino,Sim,50,Sim,Medico,0.0,Medio,8.0,Cat_6,C,8554.19,6,2,2
3985,461663,Masculino,Nao,20,Nao,Enfermeiro,1.0,Baixo,3.0,Cat_6,D,13172.39,18,3,10
3986,459571,Feminino,Sim,53,Sim,Executivo,0.0,Alto,4.0,Cat_6,C,11752.29,5,1,10
3987,459385,Feminino,Sim,41,Sim,Ator/Atriz,0.0,Medio,2.0,Cat_7,C,9446.15,3,4,10
3988,466191,Masculino,Sim,48,Sim,Executivo,0.0,Alto,3.0,Cat_2,C,9675.06,27,1,10
3989,465062,Masculino,Sim,56,Nao,Executivo,0.0,Alto,4.0,Cat_6,B,17675.35,27,4,6
3990,467108,Feminino,Nao,66,Sim,Ator/Atriz,0.0,Baixo,1.0,Cat_6,D,2558.16,37,1,9
3991,466957,Masculino,Sim,35,Nao,Entretenimento,8.0,Medio,4.0,Cat_6,A,6936.52,30,1,3
3992,463298,Masculino,Sim,50,Nao,Entretenimento,0.0,Baixo,2.0,Cat_6,A,7551.38,14,1,9
3993,461155,Feminino,Sim,51,Sim,Ator/Atriz,3.0,Baixo,2.0,Cat_3,B,5739.99,0,3,8
3994,466650,Feminino,Nao,30,Nao,Enfermeiro,8.0,Baixo,3.0,Cat_4,D,12024.84,30,2,10
3995,464633,Masculino,Nao,30,Nao,Executivo,1.0,Baixo,4.0,Cat_4,D,4737.58,32,1,8
3996,464469,Feminino,Nao,50,Sim,Ator/Atriz,9.0,Baixo,1.0,Cat_6,B,2163.19,26,1,2
3997,465319,Masculino,Nao,19,Nao,Enfermeiro,0.0,Baixo,5.0,Cat_6,D,14435.93,36,1,1
3998,462041,Feminino,Nao,22,Nao,Medico,0.0,Baixo,2.0,Cat_4,D,2273.26,5,1,9
3999,459539,Feminino,Nao,35,Sim,Enfermeiro,9.0,Baixo,1.0,Cat_6,D,12883.23,6,2,9
4001,460430,Masculino,Nao,32,Nao,Medico,12.0,Baixo,4.0,Cat_6,D,5194.72,5,4,10
4002,461953,Masculino,Sim,33,Nao,Enfermeiro,11.0,Alto,2.0,Cat_6,D,11285.46,2,2,10
4003,467546,Feminino,Nao,28,Nao,Enfermeiro,1.0,Baixo,4.0,Cat_6,B,12642.6,35,2,6
4004,459667,Feminino,Sim,50,Sim,Enfermeiro,1.0,Alto,6.0,Cat_5,C,13513.82,31,2,7
4005,461373,Masculino,Nao,53,Sim,Ator/Atriz,1.0,Baixo,1.0,Cat_6,B,3696.53,8,1,6
4006,464587,Feminino,Sim,49,Sim,Ator/Atriz,1.0,Baixo,2.0,Cat_3,A,4270.37,4,1,10
4007,467811,Masculino,Sim,72,Sim,Advogado,1.0,Baixo,1.0,Cat_6,D,6459.3,29,1,7
4008,464333,Masculino,Sim,60,Sim,Executivo,0.0,Alto,3.0,Cat_6,B,11583.19,24,1,9
4009,466978,Masculino,Nao,48,Sim,Ator/Atriz,4.0,Baixo,1.0,Cat_6,C,6435.69,23,1,8
4010,461705,Feminino,Nao,32,Nao,Enfermeiro,1.0,Baixo,4.0,Cat_6,D,14212.41,31,4,9
4011,461161,Masculino,Nao,48,Sim,Entretenimento,1.0,Baixo,2.0,Cat_3,A,5617.18,23,1,4
4012,467860,Feminino,Nao,33,Sim,Entretenimento,0.0,Baixo,1.0,Cat_7,B,5725.17,4,1,5
4014,461093,Feminino,Sim,38,Sim,Ator/Atriz,1.0,Medio,4.0,Cat_3,C,8930.27,23,1,10
4015,466350,Feminino,Sim,56,Sim,Ator/Atriz,0.0,Baixo,1.0,Cat_4,C,2439.09,33,1,9
4017,462320,Feminino,Sim,51,Sim,Ator/Atriz,0.0,Medio,2.0,Cat_2,C,4813.42,37,1,10
4018,465355,Feminino,Sim,47,Sim,Ator/Atriz,7.0,Medio,2.0,Cat_6,C,3310.97,4,1,8
4019,462877,Masculino,Nao,28,Sim,Ator/Atriz,1.0,Baixo,3.0,Cat_4,D,7732.66,21,1,6
4020,466259,Masculino,Nao,20,Nao,Enfermeiro,1.0,Baixo,2.0,Cat_6,D,14161.01,19,1,9
4021,462424,Feminino,Sim,38,Nao,Ator/Atriz,0.0,Baixo,3.0,Cat_6,C,7032.71,25,1,5
4022,459028,Masculino,Sim,57,Sim,Executivo,1.0,Alto,3.0,Cat_6,C,24344.72,30,4,9
4024,461405,Masculino,Nao,39,Sim,Ator/Atriz,1.0,Baixo,1.0,Cat_6,B,7708.0,15,1,8
4026,464409,Feminino,Sim,81,Sim,Advogado,0.0,Medio,2.0,Cat_6,A,5371.97,23,1,7
4027,463754,Masculino,Nao,33,Sim,Entretenimento,1.0,Baixo,4.0,Cat_2,D,6368.16,0,1,10
4028,464628,Masculino,Sim,32,Sim,Ator/Atriz,5.0,Medio,2.0,Cat_3,A,8265.34,31,2,7
4029,466754,Feminino,Sim,41,Sim,Ator/Atriz,1.0,Medio,3.0,Cat_6,B,11401.01,17,1,10
4030,465023,Masculino,Sim,43,Sim,Ator/Atriz,9.0,Medio,2.0,Cat_2,C,7901.81,7,2,9
4031,466954,Feminino,Sim,68,Nao,Medico,8.0,Medio,2.0,Cat_6,C,7108.73,6,1,9
4032,460274,Feminino,Sim,58,Sim,Ator/Atriz,7.0,Baixo,2.0,Cat_6,C,2569.32,25,1,10
4033,466507,Masculino,Sim,51,Sim,Entretenimento,1.0,Medio,5.0,Cat_6,B,6692.02,21,1,8
4034,462281,Masculino,Sim,47,Sim,Ator/Atriz,0.0,Baixo,2.0,Cat_6,C,12712.16,2,2,10
4035,462930,Feminino,Sim,55,Sim,Do Lar,13.0,Medio,3.0,Cat_5,B,4618.25,31,1,10
4036,465125,Feminino,Nao,39,Sim,Ator/Atriz,9.0,Baixo,1.0,Cat_6,A,4007.86,31,1,9
4037,464127,Feminino,Nao,33,Sim,Enfermeiro,1.0,Baixo,5.0,Cat_2,B,11468.86,9,2,9
4038,462164,Feminino,Sim,62,Sim,Ator/Atriz,9.0,Baixo,1.0,Cat_6,B,11096.12,3,3,10
4039,463949,Masculino,Sim,51,Nao,Executivo,0.0,Alto,4.0,Cat_7,B,14039.28,10,2,9
4040,460380,Masculino,Nao,29,Sim,Entretenimento,8.0,Baixo,3.0,Cat_6,D,6486.73,9,2,5
4041,461324,Feminino,Nao,48,Sim,Ator/Atriz,4.0,Baixo,1.0,Cat_6,C,6696.01,0,1,8
4043,465723,Masculino,Nao,42,Sim,Enfermeiro,9.0,Baixo,1.0,Cat_3,D,14099.62,19,2,9
4044,467948,Feminino,Nao,20,Nao,Enfermeiro,0.0,Baixo,3.0,Cat_6,D,14253.41,2,1,4
4045,464473,Feminino,Sim,60,Sim,Ator/Atriz,0.0,Medio,4.0,Cat_6,C,8139.88,3,1,5
4046,467325,Feminino,Sim,72,Sim,Advogado,1.0,Alto,2.0,Cat_6,B,4978.84,34,1,9
4047,462017,Masculino,Nao,25,Sim,Entretenimento,9.0,Baixo,1.0,Cat_2,A,7289.52,21,2,7
4048,463152,Feminino,Sim,57,Sim,Medico,1.0,Medio,4.0,Cat_6,C,5190.45,23,1,2
4050,461511,Masculino,Sim,35,Nao,Medico,9.0,Baixo,2.0,Cat_6,B,8149.14,15,1,9
4052,460096,Feminino,Sim,78,Nao,Advogado,1.0,Baixo,1.0,Cat_5,A,6040.0,8,1,8
4053,462129,Feminino,Nao,41,Sim,Ator/Atriz,9.0,Baixo,1.0,Cat_6,B,3766.06,26,1,10
4054,464111,Masculino,Sim,57,Sim,Ator/Atriz,0.0,Medio,3.0,Cat_2,D,9256.55,30,2,10
4056,466307,Masculino,Sim,49,Sim,Ator/Atriz,1.0,Baixo,2.0,Cat_6,C,3348.27,35,1,10
4058,467115,Masculino,Sim,89,Sim,Advogado,0.0,Baixo,2.0,Cat_6,B,9514.58,12,2,5
4059,464261,Masculino,Sim,61,Sim,Executivo,0.0,Alto,2.0,Cat_6,C,2552.4,5,1,8
4060,462098,Feminino,Sim,38,Nao,Entretenimento,3.0,Medio,3.0,Cat_6,B,7844.74,32,1,8
4061,460002,Feminino,Sim,58,Sim,Medico,5.0,Medio,3.0,Cat_2,D,6085.9,4,2,10
4062,467322,Feminino,Sim,46,Sim,Ator/Atriz,0.0,Medio,2.0,Cat_1,C,2537.2,14,1,8
4063,466633,Masculino,Sim,39,Sim,Entretenimento,6.0,Medio,2.0,Cat_6,C,6531.55,30,1,7
4065,461084,Feminino,Sim,38,Sim,Ator/Atriz,8.0,Medio,2.0,Cat_6,B,2633.8,0,1,9
4066,461165,Masculino,Sim,28,Nao,Ator/Atriz,1.0,Medio,2.0,Cat_3,A,7321.53,21,1,6
4067,461454,Feminino,Sim,35,Sim,Ator/Atriz,7.0,Alto,4.0,Cat_7,B,7228.09,15,2,9
4068,459284,Feminino,Sim,70,Sim,Advogado,1.0,Alto,2.0,Cat_6,C,4156.18,2,1,8
4069,461116,Masculino,Sim,30,Nao,Executivo,4.0,Alto,4.0,Cat_3,D,10010.35,0,1,10
4070,462362,Masculino,Sim,63,Sim,Entretenimento,0.0,Medio,4.0,Cat_6,B,7524.8,10,1,10
4071,464325,Masculino,Sim,27,Sim,Enfermeiro,4.0,Alto,3.0,Cat_6,B,12668.58,5,1,9
4072,460063,Feminino,Nao,43,Sim,Ator/Atriz,1.0,Baixo,1.0,Cat_3,A,4444.4,36,1,10
4073,460727,Masculino,Sim,69,Nao,Executivo,0.0,Alto,4.0,Cat_3,B,13474.75,33,3,9
4075,459320,Masculino,Sim,26,Sim,Executivo,0.0,Baixo,3.0,Cat_6,D,3700.99,6,1,8
4076,464457,Feminino,Nao,53,Sim,Ator/Atriz,9.0,Baixo,1.0,Cat_6,B,14642.37,4,2,2
4077,463702,Masculino,Sim,49,Sim,Ator/Atriz,1.0,Medio,4.0,Cat_6,B,5665.5,4,1,8
4078,463890,Feminino,Nao,28,Nao,Ator/Atriz,1.0,Baixo,5.0,Cat_1,A,6784.18,17,2,10
4079,467420,Masculino,Sim,52,Sim,Executivo,1.0,Alto,4.0,Cat_6,C,20699.79,26,4,8
4080,466878,Masculino,Sim,38,Nao,Ator/Atriz,8.0,Alto,5.0,Cat_6,A,9183.6,25,2,4
4081,462660,Feminino,Sim,27,Nao,Do Lar,9.0,Medio,2.0,Cat_6,A,4660.1,15,1,6
4082,466691,Masculino,Nao,18,Nao,Enfermeiro,5.0,Baixo,4.0,Cat_2,D,13245.35,22,2,5
4083,463182,Masculino,Sim,59,Sim,Entretenimento,1.0,Baixo,3.0,Cat_6,B,7306.06,5,1,8
4084,463321,Masculino,Nao,22,Nao,Enfermeiro,1.0,Baixo,3.0,Cat_1,D,14068.67,34,1,10
4085,462532,Masculino,Nao,32,Sim,Medico,0.0,Baixo,4.0,Cat_2,D,8308.58,24,1,8
4086,464588,Feminino,Sim,35,Sim,Ator/Atriz,0.0,Baixo,2.0,Cat_6,B,4467.44,16,1,8
4087,467436,Masculino,Sim,51,Sim,Ator/Atriz,5.0,Medio,4.0,Cat_6,C,1409.17,10,1,9
4088,465260,Feminino,Nao,22,Nao,Enfermeiro,8.0,Baixo,6.0,Cat_6,D,15265.7,6,2,5
4089,462895,Masculino,Nao,32,Nao,Entretenimento,1.0,Baixo,3.0,Cat_7,D,7565.82,12,1,10
4090,463168,Feminino,Sim,36,Sim,Medico,7.0,Medio,2.0,Cat_6,C,8547.09,19,1,10
4091,466853,Masculino,Nao,32,Sim,Enfermeiro,1.0,Baixo,3.0,Cat_6,B,13105.76,13,1,8
4092,464840,Masculino,Nao,18,Nao,Enfermeiro,0.0,Baixo,4.0,Cat_4,D,13891.79,11,1,7
4093,460135,Feminino,Nao,31,Sim,Enfermeiro,4.0,Baixo,3.0,Cat_6,B,11271.38,33,1,10
4094,464814,Masculino,Sim,53,Sim,Ator/Atriz,0.0,Alto,7.0,Cat_4,D,5056.17,23,1,5
4096,463083,Masculino,Nao,30,Sim,Ator/Atriz,7.0,Baixo,3.0,Cat_6,D,2713.49,14,1,4
4097,461283,Masculino,Nao,19,Nao,Enfermeiro,1.0,Baixo,4.0,Cat_6,D,15658.45,10,1,6
4098,466181,Masculino,Sim,46,Sim,Entretenimento,1.0,Baixo,2.0,Cat_3,C,6855.64,25,1,7
4101,465385,Feminino,Nao,46,Sim,Ator/Atriz,5.0,Baixo,1.0,Cat_2,B,4628.06,7,1,9
4102,464270,Feminino,Nao,45,Sim,Ator/Atriz,3.0,Baixo,1.0,Cat_6,A,6331.21,31,1,10
4103,467807,Masculino,Sim,50,Sim,Executivo,1.0,Medio,3.0,Cat_6,B,5897.54,5,2,7
4105,460068,Feminino,Nao,40,Sim,Ator/Atriz,8.0,Baixo,1.0,Cat_6,B,7508.46,31,1,10
4106,460937,Masculino,Sim,43,Nao,Ator/Atriz,1.0,Alto,9.0,Cat_4,B,2463.43,6,1,4
4107,459550,Masculino,Nao,19,Nao,Enfermeiro,8.0,Baixo,5.0,Cat_4,D,14086.1,35,1,5
4108,461539,Masculino,Sim,42,Nao,Entretenimento,6.0,Medio,2.0,Cat_2,A,5204.52,33,1,6
4109,464228,Masculino,Nao,29,Sim,Enfermeiro,1.0,Baixo,1.0,Cat_2,D,11919.7,23,1,3
4110,461593,Feminino,Sim,37,Sim,Medico,9.0,Medio,2.0,Cat_6,C,8646.06,4,1,10
4111,461949,Feminino,Nao,38,Nao,Ator/Atriz,14.0,Baixo,1.0,Cat_6,A,5105.16,3,1,6
4112,466171,Feminino,Sim,79,Sim,Advogado,0.0,Baixo,1.0,Cat_3,A,4874.44,28,1,4
4113,462682,Masculino,Nao,25,Nao,Entretenimento,2.0,Baixo,7.0,Cat_6,D,7306.43,32,1,10
4115,460584,Feminino,Nao,33,Sim,Do Lar,1.0,Baixo,1.0,Cat_3,A,4645.19,18,1,9
4116,459433,Masculino,Nao,26,Nao,Medico,1.0,Baixo,4.0,Cat_6,D,4037.08,1,1,10
4117,467452,Feminino,Sim,38,Sim,Ator/Atriz,9.0,Medio,2.0,Cat_6,C,3713.04,14,1,9
4118,462121,Feminino,Nao,60,Sim,Ator/Atriz,1.0,Baixo,3.0,Cat_6,C,15410.05,34,3,9
4120,461172,Feminino,Sim,71,Sim,Advogado,1.0,Baixo,1.0,Cat_3,A,6231.68,6,2,5
4121,461268,Feminino,Sim,60,Sim,Ator/Atriz,0.0,Medio,2.0,Cat_4,B,4674.67,36,1,8
4122,465731,Feminino,Sim,31,Sim,Ator/Atriz,0.0,Medio,2.0,Cat_4,A,5727.75,12,1,8
4123,462861,Feminino,Nao,26,Sim,Enfermeiro,8.0,Baixo,1.0,Cat_6,D,13988.56,13,1,9
4125,463527,Feminino,Nao,35,Nao,Ator/Atriz,13.0,Baixo,1.0,Cat_6,A,5257.01,34,2,7
4126,463293,Feminino,Nao,20,Nao,Enfermeiro,1.0,Baixo,3.0,Cat_6,D,14429.75,36,1,9
4127,465166,Masculino,Nao,25,Sim,Enfermeiro,4.0,Baixo,5.0,Cat_4,D,11794.38,0,1,8
4128,460194,Feminino,Nao,23,Nao,Entretenimento,0.0,Baixo,2.0,Cat_2,D,5969.29,9,1,5
4129,462711,Masculino,Sim,53,Sim,Ator/Atriz,0.0,Medio,5.0,Cat_6,C,5275.24,11,1,8
4130,467769,Feminino,Nao,35,Sim,Medico,1.0,Baixo,1.0,Cat_3,B,4158.92,37,1,7
4131,461898,Masculino,Sim,60,Sim,Executivo,5.0,Alto,3.0,Cat_6,C,6895.77,21,2,8
4132,460840,Masculino,Sim,86,Sim,Advogado,0.0,Baixo,1.0,Cat_6,A,1307.95,21,1,8
4134,462939,Masculino,Sim,38,Sim,Medico,0.0,Alto,4.0,Cat_7,A,6943.04,29,1,10
4135,465698,Masculino,Nao,39,Sim,Ator/Atriz,8.0,Baixo,2.0,Cat_3,A,6814.43,36,1,5
4137,461357,Masculino,Nao,28,Sim,Enfermeiro,0.0,Baixo,4.0,Cat_6,D,14167.29,26,3,7
4138,459512,Masculino,Sim,65,Sim,Advogado,0.0,Alto,2.0,Cat_6,B,6685.21,8,1,7
4139,467775,Feminino,Nao,41,Sim,Ator/Atriz,0.0,Baixo,1.0,Cat_7,C,5426.84,10,2,10
4140,462871,Masculino,Sim,48,Nao,Entretenimento,1.0,Medio,3.0,Cat_6,B,6978.82,7,1,10
4142,459074,Feminino,Nao,30,Sim,Enfermeiro,0.0,Baixo,4.0,Cat_4,C,13699.49,37,2,8
4143,462539,Feminino,Sim,77,Nao,Advogado,1.0,Baixo,1.0,Cat_6,A,3725.78,14,1,5
4144,460133,Feminino,Nao,37,Nao,Ator/Atriz,4.0,Baixo,1.0,Cat_6,A,4659.5,26,1,9
4145,461780,Feminino,Nao,65,Sim,Advogado,0.0,Baixo,5.0,Cat_6,A,5248.61,29,1,5
4146,466945,Masculino,Sim,61,Sim,Ator/Atriz,0.0,Medio,2.0,Cat_6,C,4842.39,36,1,10
4147,463922,Feminino,Nao,32,Nao,Enfermeiro,2.0,Baixo,5.0,Cat_1,C,11826.46,4,1,9
4148,466328,Masculino,Sim,49,Sim,Ator/Atriz,0.0,Baixo,3.0,Cat_3,C,5035.57,25,1,10
4149,466195,Masculino,Nao,19,Nao,Enfermeiro,1.0,Baixo,4.0,Cat_6,D,13364.59,12,2,10
4150,462300,Masculino,Sim,50,Sim,Ator/Atriz,1.0,Medio,3.0,Cat_6,C,7789.06,16,1,9
4151,460412,Feminino,Nao,31,Nao,Enfermeiro,0.0,Baixo,5.0,Cat_2,D,14947.78,24,1,8
4152,467823,Masculino,Sim,45,Sim,Medico,6.0,Medio,2.0,Cat_6,C,5765.74,10,2,8
4153,467726,Masculino,Sim,82,Sim,Advogado,0.0,Alto,2.0,Cat_6,C,6536.02,28,1,10
4154,460134,Masculino,Sim,39,Sim,Entretenimento,9.0,Alto,3.0,Cat_6,D,7538.08,21,2,8
4155,463237,Masculino,Nao,20,Nao,Enfermeiro,1.0,Baixo,5.0,Cat_6,D,15240.2,36,1,5
4156,466770,Feminino,Sim,85,Sim,Advogado,0.0,Baixo,5.0,Cat_6,C,4689.86,32,1,4
4157,464198,Masculino,Sim,49,Sim,Entretenimento,1.0,Baixo,2.0,Cat_6,A,6948.99,13,2,10
4158,459344,Feminino,Sim,76,Sim,Ator/Atriz,1.0,Alto,2.0,Cat_6,C,8581.86,26,1,4
4159,464152,Masculino,Sim,37,Sim,Ator/Atriz,0.0,Alto,4.0,Cat_6,B,11188.35,15,2,10
4160,464104,Masculino,Sim,62,Nao,Ator/Atriz,0.0,Medio,3.0,Cat_6,C,2420.25,24,1,9
4162,460755,Masculino,Nao,33,Sim,Ator/Atriz,0.0,Baixo,1.0,Cat_6,D,5357.37,9,2,8
4163,465019,Masculino,Sim,53,Sim,Ator/Atriz,0.0,Baixo,3.0,Cat_6,A,1641.24,13,1,8
4165,465739,Feminino,Nao,87,Nao,Advogado,1.0,Baixo,2.0,Cat_6,A,3458.83,0,1,8
4166,461695,Feminino,Sim,45,Sim,Ator/Atriz,3.0,Medio,2.0,Cat_6,A,4665.04,35,1,9
4167,466297,Feminino,Nao,21,Nao,Enfermeiro,1.0,Baixo,4.0,Cat_4,D,13765.1,6,1,9
4168,465544,Feminino,Nao,51,Sim,Ator/Atriz,0.0,Baixo,1.0,Cat_3,A,4955.44,0,1,6
4169,466207,Feminino,Sim,37,Sim,Medico,9.0,Medio,4.0,Cat_2,C,6751.09,12,2,9
4170,462397,Masculino,Sim,49,Sim,Ator/Atriz,1.0,Medio,4.0,Cat_6,C,6698.87,13,1,10
4171,460014,Feminino,Nao,66,Nao,Entretenimento,2.0,Baixo,3.0,Cat_6,D,5471.55,0,1,3
4172,460202,Masculino,Sim,42,Sim,Entretenimento,1.0,Baixo,2.0,Cat_6,D,5814.99,15,1,10
4173,459834,Masculino,Sim,45,Nao,Medico,1.0,Medio,3.0,Cat_6,B,9018.62,17,1,6
4174,460048,Masculino,Nao,47,Sim,Medico,1.0,Baixo,1.0,Cat_6,B,10880.46,4,1,9
4176,467737,Feminino,Sim,51,Sim,Entretenimento,7.0,Medio,2.0,Cat_6,A,7063.86,36,1,10
4177,463936,Masculino,Sim,32,Nao,Entretenimento,1.0,Medio,2.0,Cat_6,B,6637.09,3,2,8
4178,467784,Feminino,Sim,45,Sim,Ator/Atriz,9.0,Baixo,1.0,Cat_7,C,1297.85,8,1,10
4179,467067,Feminino,Nao,32,Nao,Enfermeiro,0.0,Baixo,4.0,Cat_6,C,12451.9,18,2,8
4180,465661,Masculino,Nao,59,Sim,Entretenimento,1.0,Baixo,1.0,Cat_6,C,6389.23,10,1,9
4181,463745,Masculino,Sim,62,Sim,Ator/Atriz,1.0,Medio,3.0,Cat_3,A,2896.92,3,1,8
4182,466706,Masculino,Sim,67,Sim,Advogado,0.0,Baixo,2.0,Cat_6,C,6162.35,36,2,10
4183,467816,Feminino,Nao,73,Sim,Ator/Atriz,0.0,Baixo,1.0,Cat_6,C,2931.6,8,1,10
4184,466418,Masculino,Sim,85,Nao,Advogado,0.0,Baixo,1.0,Cat_4,D,6824.18,23,1,6
4185,467882,Feminino,Nao,40,Sim,Ator/Atriz,0.0,Baixo,1.0,Cat_6,B,6932.99,28,1,10
4187,461070,Masculino,Sim,46,Sim,Medico,0.0,Baixo,3.0,Cat_3,D,2456.11,8,1,1
4188,467403,Feminino,Sim,38,Sim,Ator/Atriz,7.0,Medio,3.0,Cat_4,B,9407.43,14,1,10
4189,464382,Feminino,Sim,55,Sim,Ator/Atriz,1.0,Medio,4.0,Cat_6,C,16908.61,6,3,2
4190,465449,Feminino,Nao,43,Sim,Ator/Atriz,9.0,Baixo,2.0,Cat_6,B,3033.1,33,1,5
4191,465190,Feminino,Sim,48,Sim,Ator/Atriz,1.0,Alto,4.0,Cat_6,C,10092.37,1,1,9
4192,467310,Feminino,Sim,88,Sim,Advogado,0.0,Alto,3.0,Cat_6,B,5967.59,21,1,6
4193,463131,Masculino,Sim,66,Nao,Entretenimento,1.0,Alto,2.0,Cat_6,A,6101.12,37,1,10
4194,467301,Feminino,Sim,73,Nao,Advogado,1.0,Baixo,2.0,Cat_6,B,4263.71,30,1,2
4195,466202,Masculino,Sim,49,Sim,Ator/Atriz,9.0,Medio,2.0,Cat_6,C,9445.55,4,2,10
4196,459945,Masculino,Sim,48,Sim,Ator/Atriz,0.0,Baixo,2.0,Cat_6,C,1787.7,5,1,9
4197,465187,Feminino,Sim,39,Nao,Medico,0.0,Medio,4.0,Cat_4,C,8228.57,33,2,8
4198,460253,Masculino,Sim,52,Sim,Ator/Atriz,4.0,Medio,2.0,Cat_6,B,2429.19,12,1,6
4199,463216,Masculino,Nao,30,Sim,Ator/Atriz,8.0,Baixo,1.0,Cat_6,A,7408.0,25,1,8
4200,465615,Masculino,Sim,61,Sim,Ator/Atriz,3.0,Medio,2.0,Cat_6,C,5215.03,14,1,7
4201,462055,Masculino,Nao,33,Sim,Enfermeiro,0.0,Baixo,7.0,Cat_4,A,15368.96,7,1,10
4202,465234,Masculino,Sim,68,Sim,Ator/Atriz,0.0,Baixo,1.0,Cat_6,C,2089.92,8,1,10
4203,460720,Feminino,Sim,48,Sim,Ator/Atriz,1.0,Medio,2.0,Cat_6,B,4709.17,10,1,7
4204,467582,Masculino,Sim,39,Sim,Executivo,0.0,Alto,3.0,Cat_2,B,8425.36,11,1,6
4205,466046,Feminino,Sim,36,Nao,Entretenimento,1.0,Medio,2.0,Cat_4,A,6608.49,33,2,10
4206,467622,Masculino,Sim,76,Sim,Advogado,1.0,Alto,2.0,Cat_6,C,8522.74,33,1,6
4207,462664,Masculino,Sim,69,Nao,Ator/Atriz,2.0,Baixo,2.0,Cat_6,A,4471.17,1,1,10
4208,461731,Masculino,Sim,79,Nao,Entretenimento,0.0,Baixo,1.0,Cat_6,B,7366.41,17,1,8
4209,459061,Feminino,Sim,39,Sim,Enfermeiro,9.0,Alto,3.0,Cat_6,A,12841.18,15,3,9
4210,461396,Masculino,Nao,23,Nao,Medico,0.0,Baixo,5.0,Cat_6,B,6169.86,11,1,8
4211,464900,Masculino,Sim,71,Nao,Advogado,1.0,Baixo,2.0,Cat_4,D,6538.12,29,1,8
4212,463445,Masculino,Sim,48,Sim,Ator/Atriz,0.0,Medio,3.0,Cat_6,A,3431.15,13,1,10
4213,463824,Feminino,Sim,37,Nao,Ator/Atriz,1.0,Baixo,3.0,Cat_6,B,7994.61,29,1,7
4214,459451,Feminino,Sim,46,Sim,Ator/Atriz,0.0,Baixo,2.0,Cat_6,C,3957.01,10,1,10
4216,460119,Masculino,Nao,26,Sim,Enfermeiro,0.0,Baixo,4.0,Cat_6,D,13971.9,37,1,7
4217,465227,Masculino,Nao,23,Nao,Enfermeiro,6.0,Baixo,3.0,Cat_6,D,14420.33,37,2,8
4218,467610,Feminino,Sim,84,Sim,Advogado,2.0,Baixo,1.0,Cat_6,B,1653.1,17,1,9
4219,465159,Masculino,Sim,57,Nao,Entretenimento,0.0,Baixo,1.0,Cat_6,A,5247.43,23,2,9
4220,465956,Masculino,Sim,39,Sim,Entretenimento,4.0,Medio,4.0,Cat_6,A,7832.7,33,1,9
4221,462422,Masculino,Sim,71,Sim,Advogado,1.0,Baixo,2.0,Cat_6,A,7268.06,5,2,5
4222,466266,Masculino,Sim,48,Sim,Ator/Atriz,1.0,Baixo,3.0,Cat_3,C,4117.22,26,1,6
4223,464573,Feminino,Sim,39,Sim,Ator/Atriz,7.0,Medio,3.0,Cat_6,B,10458.49,10,3,9
4225,462065,Feminino,Nao,43,Sim,Do Lar,14.0,Baixo,1.0,Cat_6,D,4332.5,14,1,10
4226,463456,Masculino,Sim,46,Nao,Entretenimento,1.0,Alto,3.0,Cat_6,B,5559.65,32,2,4
4227,459779,Feminino,Sim,62,Sim,Entretenimento,1.0,Baixo,1.0,Cat_6,A,6357.11,25,2,9
4228,466663,Masculino,Nao,57,Sim,Medico,0.0,Baixo,1.0,Cat_3,A,6370.59,9,1,7
4229,464504,Masculino,Nao,29,Sim,Enfermeiro,0.0,Baixo,4.0,Cat_6,D,11098.98,27,1,9
4230,465262,Masculino,Sim,60,Sim,Entretenimento,7.0,Medio,4.0,Cat_2,B,6226.99,21,1,7
4231,466205,Feminino,Sim,58,Sim,Ator/Atriz,6.0,Baixo,1.0,Cat_6,C,13213.96,37,1,7
4232,464128,Masculino,Sim,52,Nao,Entretenimento,0.0,Medio,4.0,Cat_5,B,6586.91,29,1,9
4233,460482,Feminino,Sim,30,Nao,Do Lar,9.0,Baixo,3.0,Cat_3,B,4456.89,35,1,9
4234,466055,Masculino,Sim,52,Sim,Entretenimento,1.0,Medio,3.0,Cat_4,B,5796.75,24,1,6
4235,465511,Masculino,Sim,31,Sim,Ator/Atriz,0.0,Medio,2.0,Cat_6,A,6889.55,2,2,10
4236,467527,Masculino,Sim,62,Sim,Ator/Atriz,2.0,Medio,4.0,Cat_6,B,9866.4,30,2,7
4237,460927,Masculino,Sim,38,Sim,Enfermeiro,1.0,Alto,4.0,Cat_3,D,10425.98,2,1,10
4238,464172,Masculino,Sim,60,Sim,Ator/Atriz,3.0,Alto,3.0,Cat_6,B,8420.43,35,1,6
4239,461442,Masculino,Sim,47,Sim,Ator/Atriz,1.0,Medio,6.0,Cat_2,C,11846.55,35,2,10
4240,459851,Masculino,Nao,53,Sim,Ator/Atriz,3.0,Baixo,1.0,Cat_6,B,7765.52,9,1,8
4241,466179,Masculino,Sim,71,Nao,Advogado,0.0,Baixo,1.0,Cat_6,B,3033.68,0,1,10
4242,459019,Masculino,Sim,45,Nao,Executivo,10.0,Alto,3.0,Cat_6,C,11625.64,23,3,2
4243,463274,Masculino,Sim,58,Sim,Ator/Atriz,7.0,Baixo,1.0,Cat_3,B,12880.03,21,2,9
4244,459606,Masculino,Sim,38,Sim,Ator/Atriz,1.0,Medio,3.0,Cat_6,C,3503.65,24,1,7
4245,467418,Masculino,Sim,49,Sim,Ator/Atriz,1.0,Medio,4.0,Cat_6,C,2159.02,22,1,6
4246,461547,Masculino,Nao,70,Nao,Entretenimento,0.0,Baixo,1.0,Cat_6,B,8675.46,35,2,10
4248,463891,Masculino,Sim,75,Sim,Advogado,1.0,Baixo,1.0,Cat_6,A,4539.18,10,1,1
4249,467534,Masculino,Sim,48,Nao,Entretenimento,5.0,Medio,2.0,Cat_2,C,6485.87,9,1,2
4250,462748,Masculino,Sim,51,Sim,Ator/Atriz,1.0,Baixo,3.0,Cat_6,C,8817.67,15,1,7
4251,459380,Masculino,Sim,62,Sim,Ator/Atriz,1.0,Baixo,1.0,Cat_6,A,4858.61,32,1,3
4252,466783,Feminino,Nao,43,Sim,Enfermeiro,0.0,Baixo,6.0,Cat_3,A,11284.54,17,1,7
4253,461134,Masculino,Sim,32,Sim,Medico,0.0,Baixo,3.0,Cat_6,D,5855.91,18,1,9
4254,465741,Feminino,Sim,43,Sim,Enfermeiro,9.0,Baixo,2.0,Cat_6,C,13004.84,32,2,8
4255,464785,Masculino,Sim,35,Nao,Medico,5.0,Baixo,4.0,Cat_4,A,8836.06,37,1,8
4256,464902,Feminino,Sim,68,Nao,Advogado,0.0,Baixo,1.0,Cat_4,D,2552.06,28,1,10
4257,464271,Feminino,Sim,36,Sim,Ator/Atriz,0.0,Medio,3.0,Cat_2,C,4583.59,34,1,10
4258,467408,Masculino,Sim,47,Sim,Ator/Atriz,0.0,Medio,4.0,Cat_6,A,6738.09,17,1,10
4259,461822,Masculino,Sim,37,Sim,Ator/Atriz,9.0,Alto,2.0,Cat_6,C,6678.05,9,2,9
4260,459378,Masculino,Nao,20,Nao,Enfermeiro,1.0,Baixo,4.0,Cat_6,D,13871.72,36,2,10
4261,463818,Feminino,Sim,40,Sim,Ator/Atriz,2.0,Baixo,1.0,Cat_6,B,5831.53,7,1,9
4262,460644,Feminino,Sim,40,Sim,Do Lar,2.0,Medio,2.0,Cat_3,C,4385.11,20,1,9
4263,466743,Masculino,Nao,26,Nao,Entretenimento,1.0,Baixo,2.0,Cat_6,A,6659.54,13,1,3
4265,463709,Masculino,Sim,35,Sim,Ator/Atriz,1.0,Alto,2.0,Cat_6,A,2155.9,23,1,10
4266,466145,Masculino,Sim,56,Nao,Entretenimento,1.0,Medio,3.0,Cat_6,C,6298.41,29,2,8
4267,465679,Masculino,Sim,47,Sim,Enfermeiro,1.0,Baixo,2.0,Cat_4,D,13162.49,19,2,10
4268,464436,Masculino,Sim,88,Sim,Advogado,0.0,Alto,2.0,Cat_4,A,3324.74,27,1,10
4269,459094,Feminino,Nao,31,Nao,Enfermeiro,1.0,Baixo,5.0,Cat_6,C,12492.58,13,1,10
4270,466183,Masculino,Sim,50,Sim,Entretenimento,0.0,Medio,2.0,Cat_3,C,6469.71,0,1,8
4271,461102,Masculino,Sim,43,Nao,Entretenimento,0.0,Medio,3.0,Cat_3,A,7300.67,37,1,10
4272,462211,Masculino,Nao,18,Nao,Enfermeiro,1.0,Baixo,3.0,Cat_4,D,11482.13,33,1,9
4273,465687,Masculino,Sim,88,Sim,Advogado,1.0,Baixo,1.0,Cat_6,A,4092.42,34,1,10
4274,465742,Feminino,Sim,45,Sim,Ator/Atriz,3.0,Baixo,3.0,Cat_6,C,4922.45,15,1,9
4276,461827,Masculino,Sim,57,Sim,Ator/Atriz,0.0,Baixo,1.0,Cat_6,C,2133.21,9,1,9
4277,459442,Masculino,Sim,85,Sim,Executivo,0.0,Alto,2.0,Cat_6,C,10757.28,27,2,8
4278,460424,Feminino,Nao,35,Nao,Entretenimento,0.0,Baixo,1.0,Cat_6,A,5031.09,17,2,2
4280,465931,Masculino,Sim,38,Sim,Ator/Atriz,6.0,Baixo,1.0,Cat_7,D,2679.75,0,1,7
4281,466800,Feminino,Nao,18,Nao,Enfermeiro,6.0,Baixo,3.0,Cat_6,D,12993.53,1,1,7
4282,462869,Masculino,Nao,31,Sim,Medico,8.0,Baixo,1.0,Cat_6,D,5935.0,24,1,10
4283,462678,Feminino,Sim,48,Sim,Ator/Atriz,4.0,Medio,3.0,Cat_6,C,2357.83,25,1,7
4284,464701,Masculino,Nao,31,Nao,Medico,0.0,Baixo,2.0,Cat_4,A,6997.39,18,1,5
4285,467125,Masculino,Sim,46,Nao,Entretenimento,1.0,Medio,4.0,Cat_3,C,7534.49,2,1,6
4287,461691,Masculino,Nao,31,Sim,Enfermeiro,3.0,Baixo,4.0,Cat_1,D,11344.94,11,1,5
4288,461208,Feminino,Nao,32,Sim,Do Lar,5.0,Baixo,1.0,Cat_6,D,4502.16,21,1,5
4289,460052,Feminino,Nao,81,Sim,Advogado,1.0,Baixo,1.0,Cat_3,B,3069.87,32,1,10
4290,464999,Masculino,Sim,66,Sim,Advogado,1.0,Alto,2.0,Cat_6,C,5504.2,6,2,10
4291,462191,Feminino,Nao,22,Nao,Medico,3.0,Baixo,2.0,Cat_4,B,6072.31,32,2,8
4292,467045,Masculino,Sim,51,Sim,Entretenimento,0.0,Baixo,2.0,Cat_6,A,4942.02,9,1,8
4295,466647,Feminino,Sim,41,Sim,Ator/Atriz,7.0,Alto,2.0,Cat_6,C,8092.34,25,1,6
4296,459038,Feminino,Nao,18,Nao,Enfermeiro,1.0,Baixo,4.0,Cat_6,D,15073.3,36,1,6
4297,460074,Feminino,Nao,48,Sim,Advogado,4.0,Baixo,1.0,Cat_6,A,7604.24,21,1,8
4298,465016,Masculino,Sim,78,Nao,Executivo,0.0,Alto,2.0,Cat_6,B,11442.27,37,2,9
4299,466230,Masculino,Sim,46,Sim,Ator/Atriz,0.0,Medio,2.0,Cat_6,B,4913.77,24,1,6
4300,467096,Masculino,Sim,53,Sim,Entretenimento,4.0,Baixo,2.0,Cat_2,A,7310.03,25,2,8
4301,467059,Masculino,Sim,47,Sim,Ator/Atriz,2.0,Baixo,1.0,Cat_6,D,3766.12,14,1,3
4302,463023,Feminino,Sim,40,Nao,Do Lar,6.0,Baixo,1.0,Cat_6,D,4750.22,25,1,10
4303,464557,Masculino,Nao,27,Nao,Ator/Atriz,8.0,Baixo,4.0,Cat_6,D,4837.74,7,1,8
4305,459799,Masculino,Sim,47,Sim,Ator/Atriz,1.0,Baixo,2.0,Cat_6,B,11409.82,15,2,6
4307,459321,Masculino,Sim,81,Sim,Entretenimento,1.0,Baixo,1.0,Cat_6,B,5106.86,3,1,4
4308,464035,Masculino,Sim,62,Sim,Executivo,1.0,Alto,4.0,Cat_6,C,8652.15,36,1,9
4309,466975,Masculino,Sim,51,Sim,Ator/Atriz,0.0,Medio,2.0,Cat_6,C,1191.68,8,1,7
4310,460270,Masculino,Nao,42,Sim,Medico,9.0,Baixo,1.0,Cat_6,B,8891.99,4,2,8
4311,465529,Feminino,Nao,33,Nao,Medico,0.0,Baixo,4.0,Cat_6,A,7604.42,8,2,10
4312,464246,Feminino,Sim,59,Sim,Ator/Atriz,0.0,Medio,2.0,Cat_6,C,5522.39,28,2,9
4313,465639,Masculino,Sim,36,Sim,Enfermeiro,8.0,Alto,2.0,Cat_6,D,14025.26,7,1,7
4314,464346,Masculino,Sim,55,Sim,Executivo,2.0,Alto,3.0,Cat_6,C,2133.86,11,1,10
4315,460953,Masculino,Sim,59,Nao,Entretenimento,1.0,Baixo,2.0,Cat_6,D,6787.29,31,1,4
4316,464556,Feminino,Nao,39,Sim,Ator/Atriz,1.0,Baixo,3.0,Cat_6,A,8830.35,9,1,1
4318,467128,Feminino,Nao,32,Nao,Do Lar,1.0,Baixo,1.0,Cat_6,A,4491.97,7,1,10
4319,459503,Masculino,Sim,35,Sim,Enfermeiro,5.0,Alto,4.0,Cat_6,C,14002.23,26,1,6
4320,466402,Masculino,Sim,40,Sim,Ator/Atriz,0.0,Medio,4.0,Cat_6,B,9754.35,18,2,2
4321,466834,Masculino,Sim,60,Sim,Entretenimento,1.0,Baixo,3.0,Cat_6,A,6055.13,25,1,9
4322,467710,Feminino,Nao,37,Sim,Ator/Atriz,9.0,Baixo,4.0,Cat_6,A,1771.02,37,1,10
4325,462883,Feminino,Sim,28,Sim,Ator/Atriz,8.0,Baixo,4.0,Cat_6,A,8365.08,5,1,6
4326,459018,Masculino,Sim,85,Nao,Executivo,1.0,Alto,2.0,Cat_6,D,9700.24,14,2,7
4327,466774,Masculino,Sim,78,Sim,Advogado,0.0,Baixo,2.0,Cat_6,C,4116.87,19,1,10
4328,459920,Feminino,Sim,51,Sim,Ator/Atriz,6.0,Alto,2.0,Cat_4,B,3006.19,14,1,9
4329,467906,Feminino,Nao,33,Nao,Enfermeiro,0.0,Baixo,5.0,Cat_1,D,10913.93,32,2,10
4330,460386,Masculino,Sim,29,Sim,Enfermeiro,0.0,Baixo,2.0,Cat_6,D,15016.2,20,3,7
4331,467069,Feminino,Nao,29,Nao,Enfermeiro,0.0,Baixo,3.0,Cat_6,D,12090.39,32,1,9
4332,465025,Masculino,Sim,73,Sim,Executivo,0.0,Alto,2.0,Cat_6,C,17416.33,29,1,10
4333,462650,Feminino,Nao,33,Nao,Entretenimento,8.0,Baixo,5.0,Cat_4,D,6563.17,28,1,5
4334,459510,Feminino,Nao,23,Nao,Enfermeiro,0.0,Baixo,3.0,Cat_6,D,12213.21,1,1,3
4335,466229,Masculino,Sim,56,Sim,Executivo,0.0,Alto,1.0,Cat_6,B,18565.14,1,1,9
4337,461623,Feminino,Sim,41,Sim,Ator/Atriz,11.0,Medio,2.0,Cat_6,B,9289.22,32,1,10
4338,461839,Masculino,Sim,58,Sim,Ator/Atriz,1.0,Medio,2.0,Cat_6,C,4468.96,28,1,9
4339,467883,Feminino,Sim,48,Sim,Ator/Atriz,0.0,Medio,2.0,Cat_6,C,7676.28,27,1,10
4341,467744,Masculino,Nao,36,Sim,Ator/Atriz,9.0,Baixo,1.0,Cat_6,D,2558.91,17,1,9
4342,462385,Masculino,Nao,23,Nao,Medico,4.0,Baixo,3.0,Cat_6,C,7893.53,22,2,6
4343,462916,Feminino,Sim,68,Nao,Ator/Atriz,6.0,Medio,3.0,Cat_6,C,3581.78,31,1,9
4346,458993,Masculino,Sim,29,Nao,Medico,0.0,Baixo,2.0,Cat_4,A,6666.73,28,1,4
4347,459966,Feminino,Nao,31,Sim,Medico,1.0,Baixo,3.0,Cat_6,B,6663.54,20,1,9
4348,459538,Feminino,Nao,45,Sim,Do Lar,11.0,Baixo,1.0,Cat_6,B,4857.28,37,1,8
4349,465975,Masculino,Nao,42,Sim,Ator/Atriz,8.0,Baixo,1.0,Cat_6,A,5566.17,19,1,5
4350,464600,Feminino,Nao,55,Sim,Ator/Atriz,0.0,Baixo,1.0,Cat_6,B,8255.23,11,2,7
4352,466577,Masculino,Nao,30,Sim,Enfermeiro,1.0,Baixo,1.0,Cat_6,D,14296.02,1,1,3
4353,467324,Masculino,Nao,32,Nao,Medico,5.0,Baixo,1.0,Cat_7,D,6860.19,34,1,10
4354,464387,Feminino,Nao,27,Sim,Ator/Atriz,9.0,Baixo,5.0,Cat_6,B,4085.11,4,1,10
4355,462481,Masculino,Nao,33,Sim,Entretenimento,1.0,Baixo,1.0,Cat_6,A,6802.06,17,1,7
4356,465365,Masculino,Nao,31,Nao,Entretenimento,1.0,Baixo,4.0,Cat_2,D,5967.71,14,1,8
4357,463762,Masculino,Sim,31,Nao,Executivo,1.0,Alto,3.0,Cat_6,A,19516.73,3,2,10
4358,460914,Feminino,Nao,36,Sim,Ator/Atriz,9.0,Baixo,2.0,Cat_6,C,5315.37,11,1,7
4359,466123,Masculino,Sim,70,Sim,Entretenimento,0.0,Baixo,1.0,Cat_6,A,5843.01,0,1,5
4361,463066,Feminino,Nao,28,Sim,Enfermeiro,9.0,Baixo,3.0,Cat_6,D,10917.69,12,4,8
4362,465110,Masculino,Sim,42,Sim,Entretenimento,9.0,Baixo,5.0,Cat_6,D,5794.75,28,2,10
4363,461445,Masculino,Sim,52,Sim,Ator/Atriz,3.0,Medio,4.0,Cat_6,C,3260.92,7,1,10
4364,466330,Masculino,Nao,29,Nao,Medico,0.0,Baixo,3.0,Cat_3,C,8412.97,20,2,10
4365,461578,Feminino,Sim,61,Sim,Ator/Atriz,0.0,Medio,4.0,Cat_6,C,10398.52,30,1,10
4366,465568,Masculino,Sim,39,Sim,Executivo,3.0,Alto,3.0,Cat_6,B,10377.99,9,4,8
4367,459130,Feminino,Sim,74,Nao,Advogado,0.0,Alto,2.0,Cat_6,A,5501.45,12,2,8
4368,459629,Feminino,Sim,47,Sim,Entretenimento,3.0,Medio,2.0,Cat_6,B,6814.19,6,1,9
4369,463892,Masculino,Nao,38,Sim,Ator/Atriz,9.0,Baixo,1.0,Cat_6,A,6806.87,7,1,10
4370,461950,Feminino,Nao,40,Sim,Enfermeiro,1.0,Baixo,1.0,Cat_2,D,13583.49,22,2,10
4371,463499,Masculino,Sim,48,Sim,Executivo,0.0,Baixo,2.0,Cat_6,A,13880.1,23,1,8
4372,467946,Feminino,Sim,40,Sim,Ator/Atriz,0.0,Baixo,2.0,Cat_6,B,4486.34,4,1,6
4373,462679,Masculino,Nao,63,Sim,Medico,1.0,Baixo,1.0,Cat_6,D,5495.13,13,1,7
4374,459181,Masculino,Sim,58,Nao,Ator/Atriz,0.0,Alto,3.0,Cat_6,D,8484.62,37,1,10
4376,463393,Feminino,Sim,38,Sim,Ator/Atriz,6.0,Baixo,2.0,Cat_3,B,4611.32,27,1,8
4377,465527,Feminino,Nao,26,Nao,Entretenimento,6.0,Baixo,8.0,Cat_4,D,5924.32,16,1,5
4378,462316,Masculino,Sim,60,Sim,Ator/Atriz,1.0,Medio,3.0,Cat_6,C,9026.43,3,1,10
4379,467510,Masculino,Sim,51,Sim,Entretenimento,3.0,Baixo,3.0,Cat_6,B,7997.13,13,1,7
4380,466049,Feminino,Nao,25,Sim,Medico,0.0,Baixo,1.0,Cat_4,A,9248.22,6,1,9
4381,465211,Masculino,Nao,43,Nao,Ator/Atriz,6.0,Baixo,2.0,Cat_6,B,7544.81,32,1,10
4382,460367,Masculino,Sim,73,Sim,Ator/Atriz,1.0,Baixo,2.0,Cat_6,B,6797.14,30,1,10
4383,464585,Masculino,Sim,66,Sim,Advogado,1.0,Alto,2.0,Cat_4,C,4227.37,25,1,10
4385,462114,Masculino,Nao,21,Nao,Enfermeiro,1.0,Baixo,4.0,Cat_6,D,12741.59,16,1,5
4386,461856,Feminino,Sim,45,Sim,Ator/Atriz,3.0,Alto,4.0,Cat_2,C,3999.14,14,1,10
4387,464593,Feminino,Nao,35,Sim,Medico,1.0,Baixo,4.0,Cat_2,B,8386.7,6,1,10
4388,459643,Masculino,Sim,40,Sim,Executivo,0.0,Alto,4.0,Cat_6,B,6929.9,30,1,2
4389,460213,Masculino,Sim,40,Sim,Entretenimento,5.0,Baixo,1.0,Cat_6,D,5342.55,2,1,5
4390,461046,Masculino,Sim,50,Sim,Ator/Atriz,0.0,Baixo,1.0,Cat_6,B,4911.37,3,1,10
4391,463409,Feminino,Sim,43,Nao,Entretenimento,7.0,Medio,5.0,Cat_2,B,7832.99,26,1,9
4392,463299,Feminino,Sim,49,Sim,Ator/Atriz,0.0,Baixo,4.0,Cat_6,B,11070.03,5,1,10
4393,465719,Feminino,Sim,37,Sim,Ator/Atriz,0.0,Baixo,2.0,Cat_6,C,6437.43,16,1,9
4394,463448,Masculino,Sim,40,Sim,Ator/Atriz,8.0,Medio,2.0,Cat_6,B,5063.29,16,2,7
4395,466248,Masculino,Nao,41,Sim,Medico,1.0,Baixo,1.0,Cat_2,B,2349.96,4,1,9
4396,463205,Feminino,Nao,25,Nao,Medico,0.0,Baixo,4.0,Cat_6,D,6584.65,17,2,10
4397,465648,Feminino,Nao,32,Nao,Entretenimento,0.0,Baixo,2.0,Cat_2,A,6477.48,13,1,10
4398,467774,Feminino,Nao,39,Sim,Do Lar,1.0,Baixo,6.0,Cat_6,A,4447.58,29,1,7
4399,465525,Feminino,Sim,38,Sim,Enfermeiro,3.0,Medio,3.0,Cat_2,D,13452.25,3,1,9
4400,467776,Feminino,Nao,25,Sim,Medico,0.0,Baixo,4.0,Cat_6,D,10004.6,24,4,8
4402,463919,Feminino,Nao,31,Sim,Do Lar,9.0,Baixo,1.0,Cat_6,D,4341.84,23,1,10
4403,460809,Masculino,Sim,72,Sim,Ator/Atriz,2.0,Baixo,1.0,Cat_6,B,8980.21,17,1,6
4404,465708,Feminino,Sim,60,Sim,Ator/Atriz,0.0,Alto,2.0,Cat_3,C,6241.6,23,1,5
4405,467138,Feminino,Nao,26,Nao,Do Lar,13.0,Baixo,1.0,Cat_6,D,4848.86,30,1,7
4406,459003,Masculino,Sim,51,Sim,Medico,0.0,Alto,5.0,Cat_4,C,6714.05,12,1,9
4407,464479,Masculino,Sim,55,Sim,Entretenimento,1.0,Baixo,1.0,Cat_6,B,6866.72,15,1,9
4408,464204,Feminino,Sim,39,Sim,Ator/Atriz,2.0,Alto,2.0,Cat_5,C,11868.81,25,2,5
4410,460289,Feminino,Sim,60,Sim,Ator/Atriz,2.0,Medio,6.0,Cat_4,C,10531.99,1,1,10
4411,464052,Masculino,Nao,36,Sim,Ator/Atriz,0.0,Baixo,1.0,Cat_6,A,6498.75,18,2,4
4412,459069,Masculino,Sim,25,Sim,Medico,0.0,Medio,2.0,Cat_6,A,7430.18,23,1,7
4413,465800,Masculino,Nao,25,Nao,Enfermeiro,1.0,Baixo,3.0,Cat_6,C,14623.87,32,1,2
4414,461497,Masculino,Nao,29,Nao,Medico,5.0,Baixo,5.0,Cat_2,B,6199.85,15,2,8
4415,464005,Feminino,Nao,27,Nao,Enfermeiro,0.0,Baixo,5.0,Cat_6,C,12953.61,25,2,10
4416,459588,Masculino,Sim,52,Sim,Ator/Atriz,1.0,Baixo,1.0,Cat_6,A,8669.67,21,1,10
4417,459476,Masculino,Sim,41,Sim,Ator/Atriz,0.0,Alto,4.0,Cat_6,A,8826.2,36,1,10
4419,462264,Masculino,Sim,45,Sim,Entretenimento,0.0,Medio,4.0,Cat_6,C,7062.09,4,1,10
4420,466257,Feminino,Nao,32,Nao,Enfermeiro,0.0,Baixo,4.0,Cat_6,C,10143.66,16,4,7
4422,463640,Masculino,Nao,28,Sim,Enfermeiro,1.0,Baixo,3.0,Cat_6,D,13042.61,7,1,5
4423,464462,Feminino,Sim,70,Sim,Ator/Atriz,5.0,Alto,2.0,Cat_6,C,5850.56,21,1,10
4424,461024,Masculino,Sim,82,Sim,Advogado,1.0,Baixo,1.0,Cat_6,A,2151.38,6,1,6
4427,466063,Feminino,Sim,48,Sim,Entretenimento,0.0,Baixo,1.0,Cat_3,B,5843.15,15,1,10
4428,465205,Masculino,Sim,48,Sim,Entretenimento,0.0,Baixo,2.0,Cat_6,D,5364.93,28,1,4
4429,467476,Masculino,Nao,32,Sim,Enfermeiro,1.0,Baixo,4.0,Cat_6,D,13155.0,15,3,10
4430,463724,Masculino,Nao,29,Nao,Enfermeiro,0.0,Baixo,5.0,Cat_4,B,12137.49,36,3,10
4431,465868,Masculino,Nao,35,Sim,Ator/Atriz,6.0,Baixo,3.0,Cat_6,D,4213.98,33,1,10
4432,466148,Masculino,Sim,39,Nao,Entretenimento,0.0,Medio,4.0,Cat_6,C,7056.08,9,1,9
4433,464273,Feminino,Nao,26,Nao,Ator/Atriz,2.0,Baixo,2.0,Cat_6,D,5416.61,22,1,9
4434,466641,Masculino,Nao,20,Nao,Enfermeiro,1.0,Baixo,4.0,Cat_6,D,13844.99,24,1,8
4436,461312,Masculino,Nao,18,Nao,Enfermeiro,3.0,Baixo,3.0,Cat_2,D,14036.56,4,1,10
4437,464450,Feminino,Sim,56,Sim,Ator/Atriz,0.0,Alto,2.0,Cat_6,B,6239.44,26,1,8
4439,467651,Masculino,Nao,23,Nao,Enfermeiro,0.0,Baixo,4.0,Cat_6,D,13565.62,8,1,8
4440,459686,Masculino,Sim,52,Sim,Ator/Atriz,1.0,Baixo,1.0,Cat_6,C,6610.53,13,2,10
4442,465258,Masculino,Nao,20,Nao,Enfermeiro,5.0,Baixo,4.0,Cat_3,D,12337.84,35,4,7
4443,467718,Feminino,Nao,20,Nao,Enfermeiro,2.0,Baixo,6.0,Cat_2,D,14508.06,32,2,8
4444,460288,Masculino,Sim,61,Sim,Enfermeiro,1.0,Medio,7.0,Cat_3,B,14853.65,16,1,10
4445,461991,Masculino,Nao,23,Nao,Medico,0.0,Baixo,4.0,Cat_6,B,4756.75,5,1,5
4446,460128,Masculino,Sim,25,Sim,Enfermeiro,8.0,Baixo,2.0,Cat_6,D,12230.72,17,1,5
4447,466614,Masculino,Nao,21,Nao,Enfermeiro,1.0,Baixo,6.0,Cat_5,D,15165.78,12,1,8
4448,462573,Masculino,Sim,59,Sim,Ator/Atriz,0.0,Medio,6.0,Cat_4,B,6148.95,9,1,5
4450,465022,Feminino,Sim,72,Sim,Advogado,0.0,Alto,2.0,Cat_6,C,3318.96,28,1,6
4451,459931,Masculino,Sim,50,Sim,Ator/Atriz,0.0,Baixo,1.0,Cat_6,A,2877.71,29,1,6
4452,464708,Masculino,Nao,20,Nao,Enfermeiro,0.0,Baixo,8.0,Cat_4,D,14329.83,26,2,7
4453,462303,Feminino,Sim,32,Nao,Ator/Atriz,0.0,Medio,4.0,Cat_6,A,8589.17,33,2,10
4454,464114,Feminino,Nao,36,Nao,Medico,0.0,Baixo,2.0,Cat_6,A,6368.97,13,1,10
4455,463638,Feminino,Sim,29,Nao,Medico,0.0,Medio,2.0,Cat_7,B,5248.42,24,1,10
4456,466223,Masculino,Sim,66,Sim,Ator/Atriz,1.0,Baixo,1.0,Cat_4,B,9801.28,7,1,5
4457,464560,Masculino,Nao,39,Sim,Entretenimento,9.0,Baixo,2.0,Cat_6,A,5413.82,25,1,9
4458,459106,Masculino,Sim,60,Sim,Ator/Atriz,1.0,Baixo,2.0,Cat_6,C,7642.17,11,1,9
4459,461492,Masculino,Sim,70,Sim,Entretenimento,8.0,Medio,2.0,Cat_6,C,5391.07,15,1,9
4460,462185,Masculino,Nao,18,Nao,Medico,0.0,Baixo,3.0,Cat_6,D,9833.28,8,1,5
4462,462421,Masculino,Nao,53,Sim,Ator/Atriz,0.0,Baixo,2.0,Cat_6,A,5113.26,13,2,9
4463,467587,Masculino,Sim,27,Sim,Ator/Atriz,9.0,Medio,3.0,Cat_6,C,9163.25,27,1,1
4464,460401,Feminino,Nao,27,Sim,Ator/Atriz,0.0,Baixo,3.0,Cat_7,A,5520.8,7,1,10
4465,460372,Masculino,Sim,37,Sim,Ator/Atriz,4.0,Medio,2.0,Cat_6,C,6965.7,34,1,10
4466,464086,Masculino,Sim,42,Sim,Ator/Atriz,1.0,Medio,4.0,Cat_6,B,11250.3,15,1,10
4467,464705,Masculino,Nao,32,Nao,Ator/Atriz,3.0,Baixo,7.0,Cat_4,A,7626.19,19,1,10
4469,461514,Masculino,Nao,31,Nao,Enfermeiro,1.0,Baixo,4.0,Cat_6,B,15835.04,31,3,10
4470,459251,Masculino,Nao,35,Sim,Ator/Atriz,0.0,Baixo,1.0,Cat_6,B,7960.47,17,2,4
4471,462923,Masculino,Sim,33,Nao,Do Lar,9.0,Medio,2.0,Cat_6,A,4349.54,7,1,2
4472,461017,Feminino,Nao,40,Sim,Do Lar,13.0,Baixo,1.0,Cat_3,A,4915.04,36,1,9
4473,465700,Masculino,Sim,25,Sim,Entretenimento,1.0,Alto,2.0,Cat_3,D,7925.48,0,1,10
4474,460113,Masculino,Sim,67,Sim,Ator/Atriz,1.0,Medio,2.0,Cat_6,C,6827.85,21,1,9
4476,463201,Feminino,Nao,21,Nao,Enfermeiro,0.0,Baixo,2.0,Cat_4,D,14001.65,11,3,10
4477,461345,Masculino,Nao,27,Nao,Medico,0.0,Baixo,3.0,Cat_6,D,3711.39,25,1,9
4478,461939,Feminino,Sim,36,Sim,Entretenimento,1.0,Medio,4.0,Cat_4,A,7022.05,28,1,10
4479,467552,Masculino,Sim,53,Nao,Executivo,0.0,Medio,4.0,Cat_6,C,18572.54,7,1,10
4480,461882,Feminino,Nao,30,Sim,Medico,0.0,Baixo,5.0,Cat_7,C,7104.45,16,4,10
4481,467800,Feminino,Sim,53,Sim,Ator/Atriz,8.0,Medio,3.0,Cat_6,C,4173.2,8,1,8
4482,465997,Feminino,Nao,33,Nao,Medico,1.0,Baixo,3.0,Cat_6,D,7531.85,9,1,9
4484,467397,Masculino,Nao,29,Nao,Medico,8.0,Baixo,4.0,Cat_6,B,6395.25,23,1,8
4486,467957,Masculino,Sim,47,Sim,Ator/Atriz,1.0,Baixo,1.0,Cat_6,B,7378.84,6,1,9
4487,460264,Feminino,Sim,35,Sim,Entretenimento,0.0,Baixo,4.0,Cat_1,A,6771.39,12,1,8
4488,466916,Masculino,Sim,87,Sim,Advogado,3.0,Baixo,1.0,Cat_6,C,6132.52,9,1,7
4489,463822,Masculino,Sim,56,Sim,Ator/Atriz,0.0,Medio,4.0,Cat_6,C,9028.82,29,1,3
4490,461203,Feminino,Sim,26,Nao,Advogado,0.0,Baixo,9.0,Cat_7,C,2471.46,22,1,10
4491,459124,Feminino,Sim,75,Sim,Ator/Atriz,1.0,Alto,3.0,Cat_6,B,9323.86,20,1,4
4492,467495,Masculino,Sim,66,Nao,Ator/Atriz,2.0,Alto,3.0,Cat_6,C,5131.64,5,1,10
4493,464292,Masculino,Sim,55,Sim,Ator/Atriz,0.0,Medio,2.0,Cat_6,C,5611.17,6,2,8
4494,461010,Masculino,Sim,39,Sim,Entretenimento,1.0,Medio,3.0,Cat_3,A,6536.56,24,1,9
4495,463109,Masculino,Sim,61,Sim,Executivo,9.0,Alto,2.0,Cat_6,C,10909.79,26,1,7
4497,465229,Masculino,Sim,43,Sim,Executivo,0.0,Alto,3.0,Cat_6,B,17432.24,24,1,10
4498,462074,Feminino,Nao,57,Sim,Ator/Atriz,1.0,Baixo,1.0,Cat_6,B,8673.36,22,1,9
4499,461645,Feminino,Nao,37,Sim,Ator/Atriz,0.0,Baixo,2.0,Cat_6,C,6223.83,34,1,9
4500,463662,Masculino,Sim,41,Sim,Entretenimento,2.0,Medio,2.0,Cat_6,C,6842.72,23,1,8
4501,463756,Masculino,Sim,68,Nao,Executivo,1.0,Medio,2.0,Cat_6,B,7719.29,23,1,8
4502,466581,Feminino,Sim,43,Sim,Ator/Atriz,9.0,Alto,4.0,Cat_6,C,9261.17,31,2,10
4503,464680,Masculino,Nao,21,Nao,Enfermeiro,1.0,Baixo,5.0,Cat_4,D,12148.17,15,1,8
4505,466413,Masculino,Sim,62,Sim,Ator/Atriz,1.0,Medio,5.0,Cat_6,A,8074.27,33,1,10
4506,462625,Masculino,Nao,32,Sim,Ator/Atriz,0.0,Baixo,3.0,Cat_4,A,3275.13,18,1,9
4507,459048,Feminino,Nao,18,Nao,Enfermeiro,0.0,Baixo,5.0,Cat_6,D,16631.62,8,2,9
4508,461348,Masculino,Sim,35,Sim,Enfermeiro,1.0,Baixo,1.0,Cat_6,D,11531.13,30,1,9
4509,464719,Feminino,Nao,28,Nao,Medico,3.0,Baixo,4.0,Cat_6,A,10390.53,3,1,9
4510,465561,Masculino,Sim,25,Nao,Ator/Atriz,1.0,Medio,4.0,Cat_4,B,7664.95,26,1,8
4511,463976,Feminino,Nao,29,Nao,Enfermeiro,5.0,Baixo,4.0,Cat_4,A,12052.1,33,4,5
4512,464044,Feminino,Nao,40,Sim,Entretenimento,1.0,Baixo,3.0,Cat_6,B,5427.51,11,1,7
4513,463333,Feminino,Nao,18,Nao,Enfermeiro,0.0,Baixo,3.0,Cat_6,D,12639.82,12,1,9
4514,462507,Masculino,Nao,39,Nao,Entretenimento,0.0,Baixo,3.0,Cat_6,A,8061.56,18,1,10
4515,460589,Masculino,Sim,49,Nao,Entretenimento,1.0,Medio,6.0,Cat_3,B,6273.96,5,1,9
4516,460754,Feminino,Nao,33,Sim,Do Lar,8.0,Baixo,1.0,Cat_6,A,4176.66,14,1,9
4517,464170,Masculino,Sim,38,Nao,Ator/Atriz,8.0,Baixo,1.0,Cat_6,B,2308.98,23,1,10
4518,463660,Masculino,Sim,85,Sim,Advogado,1.0,Baixo,1.0,Cat_6,A,3983.03,35,1,6
4519,466200,Masculino,Sim,51,Sim,Medico,8.0,Medio,3.0,Cat_4,B,3137.5,16,1,10
4521,461327,Feminino,Sim,35,Sim,Ator/Atriz,1.0,Medio,3.0,Cat_6,C,6822.3,30,1,9
4522,461178,Masculino,Sim,33,Nao,Entretenimento,1.0,Baixo,3.0,Cat_3,D,6719.79,23,1,9
4523,465150,Masculino,Nao,41,Sim,Entretenimento,0.0,Baixo,1.0,Cat_6,A,6091.45,20,1,4
4524,462882,Masculino,Sim,41,Sim,Do Lar,2.0,Medio,3.0,Cat_3,B,4711.29,17,1,8
4525,460544,Masculino,Nao,77,Sim,Advogado,0.0,Baixo,1.0,Cat_3,C,6188.56,35,1,8
4527,463157,Masculino,Sim,46,Sim,Entretenimento,5.0,Baixo,3.0,Cat_6,A,6323.33,33,1,5
4528,466169,Masculino,Sim,63,Sim,Ator/Atriz,1.0,Baixo,1.0,Cat_1,C,4625.13,20,1,10
4529,467427,Feminino,Sim,37,Sim,Ator/Atriz,8.0,Alto,2.0,Cat_6,C,9507.73,5,2,6
4531,464112,Masculino,Nao,28,Sim,Medico,1.0,Baixo,2.0,Cat_6,D,5927.75,34,1,10
4532,465877,Feminino,Nao,48,Sim,Ator/Atriz,6.0,Baixo,1.0,Cat_6,D,9892.46,8,2,8
4533,464337,Masculino,Nao,36,Sim,Ator/Atriz,5.0,Baixo,1.0,Cat_6,D,2327.54,23,1,10
4534,465566,Masculino,Nao,50,Sim,Ator/Atriz,1.0,Baixo,3.0,Cat_3,B,6831.66,32,1,8
4535,460394,Feminino,Nao,32,Sim,Enfermeiro,9.0,Baixo,3.0,Cat_6,D,12099.68,16,2,10
4536,460962,Masculino,Sim,55,Sim,Executivo,9.0,Alto,4.0,Cat_6,C,2168.66,19,1,9
4537,465323,Feminino,Sim,43,Sim,Ator/Atriz,0.0,Baixo,1.0,Cat_6,A,10430.21,22,1,9
4539,461760,Masculino,Sim,82,Sim,Ator/Atriz,0.0,Alto,2.0,Cat_6,C,7561.84,7,2,10
4540,465276,Masculino,Sim,55,Sim,Ator/Atriz,1.0,Medio,5.0,Cat_6,C,2541.12,35,1,10
4541,467270,Feminino,Nao,33,Sim,Medico,0.0,Baixo,4.0,Cat_6,C,5413.31,33,2,8
4542,464358,Masculino,Sim,58,Sim,Ator/Atriz,0.0,Medio,2.0,Cat_6,B,10028.63,5,3,10
4543,462181,Feminino,Nao,32,Sim,Enfermeiro,8.0,Baixo,3.0,Cat_6,C,15167.71,0,2,10
4544,459178,Masculino,Sim,48,Sim,Executivo,0.0,Alto,5.0,Cat_6,C,12857.71,13,4,1
4545,466117,Masculino,Sim,62,Sim,Ator/Atriz,1.0,Medio,2.0,Cat_3,C,8166.36,1,1,6
4546,463683,Feminino,Sim,39,Sim,Ator/Atriz,14.0,Medio,2.0,Cat_6,B,6975.08,10,1,8
4547,460223,Masculino,Nao,47,Nao,Entretenimento,1.0,Baixo,1.0,Cat_6,A,7456.1,17,2,9
4548,465829,Feminino,Sim,35,Sim,Medico,7.0,Medio,3.0,Cat_4,A,4133.31,15,1,10
4549,461523,Masculino,Sim,78,Sim,Advogado,0.0,Alto,5.0,Cat_6,B,5363.88,5,1,9
4550,461099,Feminino,Nao,42,Nao,Ator/Atriz,0.0,Baixo,4.0,Cat_3,A,7506.0,11,2,4
4551,467405,Feminino,Nao,37,Sim,Ator/Atriz,1.0,Baixo,1.0,Cat_4,C,5741.54,18,2,10
4552,467958,Feminino,Nao,43,Sim,Medico,0.0,Baixo,1.0,Cat_6,A,6296.14,20,1,9
4553,467283,Masculino,Sim,48,Sim,Ator/Atriz,1.0,Medio,3.0,Cat_2,C,10339.77,11,1,3
4554,463238,Masculino,Nao,22,Nao,Enfermeiro,0.0,Baixo,5.0,Cat_6,D,13634.85,19,3,10
4555,460228,Masculino,Nao,31,Nao,Enfermeiro,2.0,Baixo,5.0,Cat_2,A,10103.42,13,1,2
4556,464123,Feminino,Nao,51,Sim,Ator/Atriz,0.0,Baixo,1.0,Cat_6,B,8468.31,12,1,8
4557,464110,Masculino,Sim,58,Sim,Medico,1.0,Alto,2.0,Cat_6,B,10103.0,12,4,9
4558,460943,Masculino,Sim,50,Sim,Entretenimento,1.0,Medio,4.0,Cat_6,B,6741.37,24,1,5
4559,467603,Masculino,Sim,71,Sim,Advogado,1.0,Alto,2.0,Cat_6,C,4734.83,34,1,8
4560,460576,Masculino,Sim,49,Nao,Executivo,9.0,Alto,5.0,Cat_3,B,15633.56,18,1,10
4561,466635,Masculino,Sim,53,Sim,Ator/Atriz,4.0,Medio,2.0,Cat_6,C,14294.25,24,3,8
4563,465850,Feminino,Nao,21,Nao,Enfermeiro,9.0,Baixo,7.0,Cat_4,D,14214.78,30,1,10
4564,467694,Masculino,Sim,61,Sim,Executivo,0.0,Alto,2.0,Cat_6,C,6544.85,15,1,9
4565,462497,Masculino,Nao,35,Sim,Ator/Atriz,1.0,Baixo,2.0,Cat_6,B,8656.88,11,1,9
4567,459759,Feminino,Sim,38,Sim,Ator/Atriz,0.0,Medio,3.0,Cat_6,C,5003.09,3,1,10
4568,465399,Masculino,Nao,39,Sim,Entretenimento,1.0,Baixo,1.0,Cat_4,B,7226.88,23,2,10
4569,459107,Masculino,Sim,55,Sim,Ator/Atriz,1.0,Baixo,2.0,Cat_6,C,2466.78,3,1,5
4570,461135,Feminino,Nao,19,Nao,Enfermeiro,0.0,Baixo,3.0,Cat_6,D,13127.73,22,2,9
4571,460769,Feminino,Sim,76,Nao,Advogado,1.0,Alto,2.0,Cat_6,B,5522.32,1,2,3
4572,463187,Feminino,Sim,51,Sim,Ator/Atriz,8.0,Baixo,2.0,Cat_6,C,8843.62,7,1,6
4573,464070,Masculino,Nao,39,Sim,Ator/Atriz,5.0,Baixo,2.0,Cat_6,B,2550.71,12,1,8
4574,462826,Masculino,Nao,22,Nao,Enfermeiro,0.0,Baixo,3.0,Cat_3,D,15051.47,0,3,10
4576,463045,Feminino,Sim,35,Sim,Do Lar,13.0,Alto,7.0,Cat_6,C,4746.45,33,1,10
4577,462236,Masculino,Nao,35,Sim,Entretenimento,13.0,Baixo,2.0,Cat_4,C,6714.51,9,1,10
4578,460029,Feminino,Sim,35,Sim,Enfermeiro,12.0,Medio,2.0,Cat_2,D,14400.15,9,1,8
4579,465393,Masculino,Sim,36,Sim,Ator/Atriz,7.0,Medio,2.0,Cat_6,C,6079.29,2,1,5
4580,462091,Masculino,Nao,18,Nao,Enfermeiro,0.0,Baixo,5.0,Cat_4,D,12224.41,7,1,9
4581,459860,Masculino,Sim,75,Nao,Executivo,1.0,Alto,2.0,Cat_6,D,12363.54,6,1,7
4582,461636,Masculino,Nao,46,Sim,Ator/Atriz,3.0,Baixo,1.0,Cat_6,C,9345.4,12,1,5
4583,459431,Masculino,Sim,68,Nao,Ator/Atriz,0.0,Baixo,2.0,Cat_6,A,9896.97,28,1,9
4584,459419,Masculino,Sim,67,Sim,Medico,1.0,Medio,2.0,Cat_6,B,2548.62,36,1,9
4586,463080,Masculino,Nao,32,Nao,Ator/Atriz,0.0,Baixo,4.0,Cat_5,D,4649.87,23,1,3
4587,461044,Masculino,Nao,21,Nao,Enfermeiro,1.0,Baixo,5.0,Cat_4,D,15383.52,28,1,4
4588,467770,Feminino,Sim,48,Sim,Ator/Atriz,9.0,Alto,4.0,Cat_3,C,9082.8,8,1,8
4589,463245,Masculino,Sim,37,Sim,Entretenimento,9.0,Medio,2.0,Cat_6,A,8089.17,15,1,8
4590,459281,Masculino,Sim,41,Sim,Ator/Atriz,0.0,Baixo,2.0,Cat_6,B,3264.33,15,1,10
4591,458983,Feminino,Sim,63,Sim,Executivo,0.0,Alto,5.0,Cat_6,C,15744.17,21,1,9
4592,459815,Masculino,Nao,42,Sim,Ator/Atriz,9.0,Baixo,1.0,Cat_6,A,1837.29,30,1,4
4594,465287,Masculino,Nao,23,Nao,Enfermeiro,0.0,Baixo,4.0,Cat_3,D,14781.44,16,4,8
4595,465313,Masculino,Nao,31,Nao,Entretenimento,0.0,Baixo,3.0,Cat_6,B,5518.83,4,2,8
4596,464529,Masculino,Nao,45,Sim,Ator/Atriz,9.0,Baixo,1.0,Cat_6,D,5961.96,33,2,9
4597,460391,Masculino,Sim,21,Nao,Entretenimento,0.0,Baixo,3.0,Cat_6,D,5713.44,23,1,9
4598,464744,Masculino,Sim,55,Sim,Entretenimento,0.0,Baixo,4.0,Cat_4,A,5323.83,23,1,8
4599,462741,Feminino,Nao,26,Sim,Ator/Atriz,2.0,Baixo,2.0,Cat_6,A,4555.05,14,1,9
4600,461506,Masculino,Nao,27,Nao,Medico,1.0,Baixo,3.0,Cat_6,D,8299.05,22,2,2
4601,460207,Masculino,Nao,41,Sim,Entretenimento,11.0,Baixo,4.0,Cat_6,B,6641.98,9,4,9
4602,459736,Feminino,Sim,28,Sim,Ator/Atriz,0.0,Baixo,2.0,Cat_6,A,7627.36,26,1,8
4605,462763,Masculino,Nao,23,Nao,Enfermeiro,0.0,Baixo,4.0,Cat_6,D,15859.06,20,2,9
4606,465660,Masculino,Sim,48,Sim,Ator/Atriz,1.0,Baixo,3.0,Cat_6,C,4923.67,7,1,6
4607,461493,Feminino,Sim,33,Sim,Ator/Atriz,8.0,Medio,3.0,Cat_6,A,6386.38,28,1,9
4608,460111,Masculino,Sim,72,Sim,Executivo,8.0,Alto,2.0,Cat_6,C,10167.91,9,1,8
4609,465305,Masculino,Sim,66,Nao,Executivo,1.0,Baixo,2.0,Cat_6,D,4900.53,36,1,7
4610,461947,Feminino,Nao,33,Sim,Enfermeiro,0.0,Baixo,4.0,Cat_2,B,11615.21,7,3,9
4611,465008,Feminino,Sim,70,Sim,Ator/Atriz,0.0,Alto,2.0,Cat_6,C,5038.7,13,1,10
4612,459928,Feminino,Nao,35,Sim,Ator/Atriz,7.0,Baixo,1.0,Cat_6,B,8716.73,25,1,9
4613,466639,Masculino,Nao,38,Sim,Ator/Atriz,1.0,Baixo,1.0,Cat_6,B,2605.54,36,1,9
4614,459402,Feminino,Sim,51,Sim,Ator/Atriz,1.0,Medio,4.0,Cat_6,C,6874.21,31,2,9
4615,466470,Masculino,Sim,67,Sim,Do Lar,1.0,Medio,2.0,Cat_2,B,4561.18,35,1,9
4616,465914,Feminino,Nao,46,Sim,Ator/Atriz,3.0,Baixo,2.0,Cat_6,B,8804.33,37,4,9
4617,465675,Feminino,Nao,47,Nao,Entretenimento,0.0,Baixo,1.0,Cat_4,A,6614.93,11,1,8
4618,461815,Masculino,Sim,55,Sim,Ator/Atriz,1.0,Baixo,1.0,Cat_3,B,2431.05,18,1,10
4619,461335,Masculino,Sim,51,Nao,Executivo,9.0,Alto,2.0,Cat_6,C,14890.32,3,1,9
4620,461974,Feminino,Sim,47,Sim,Ator/Atriz,0.0,Baixo,1.0,Cat_6,A,4391.76,3,1,10
4621,463267,Masculino,Sim,31,Nao,Do Lar,9.0,Baixo,1.0,Cat_4,A,5149.85,2,1,7
4622,464201,Feminino,Nao,30,Nao,Enfermeiro,0.0,Baixo,9.0,Cat_6,C,12263.39,17,1,1
4623,463942,Masculino,Nao,26,Nao,Enfermeiro,0.0,Baixo,4.0,Cat_4,D,13769.04,13,1,10
4624,459092,Masculino,Sim,60,Sim,Executivo,0.0,Alto,4.0,Cat_6,B,7101.18,25,1,4
4625,461264,Masculino,Nao,19,Nao,Medico,0.0,Baixo,3.0,Cat_4,D,6935.99,9,2,3
4626,462379,Feminino,Sim,60,Sim,Ator/Atriz,1.0,Medio,3.0,Cat_6,C,8381.28,36,2,8
4627,461554,Masculino,Nao,25,Sim,Enfermeiro,0.0,Baixo,3.0,Cat_6,B,12934.59,16,2,9
4628,466721,Masculino,Sim,36,Sim,Medico,7.0,Medio,2.0,Cat_6,A,11192.52,32,2,6
4630,461779,Feminino,Sim,83,Sim,Advogado,1.0,Alto,2.0,Cat_6,B,6396.73,35,1,7
4631,465537,Feminino,Sim,56,Sim,Ator/Atriz,0.0,Alto,5.0,Cat_3,A,5862.07,3,1,9
4633,459171,Masculino,Sim,40,Sim,Ator/Atriz,1.0,Medio,2.0,Cat_6,C,10873.74,32,2,7
4634,466303,Masculino,Sim,67,Sim,Advogado,0.0,Alto,2.0,Cat_2,B,1891.4,17,1,8
4635,464547,Masculino,Nao,41,Sim,Ator/Atriz,0.0,Baixo,2.0,Cat_3,B,7808.98,37,1,9
4636,462584,Feminino,Sim,40,Nao,Entretenimento,0.0,Baixo,4.0,Cat_4,D,6013.43,0,1,9
4637,467399,Masculino,Sim,29,Sim,Medico,1.0,Baixo,3.0,Cat_6,D,7328.3,9,1,7
4638,462082,Feminino,Nao,41,Sim,Ator/Atriz,10.0,Baixo,1.0,Cat_6,C,8144.9,5,1,2
4639,462575,Masculino,Sim,50,Nao,Executivo,1.0,Alto,4.0,Cat_6,B,10179.92,5,1,9
4641,466587,Feminino,Nao,48,Nao,Enfermeiro,0.0,Baixo,4.0,Cat_6,C,13613.57,27,2,10
4642,460082,Masculino,Nao,37,Sim,Ator/Atriz,8.0,Baixo,1.0,Cat_6,A,7081.1,36,1,5
4643,461380,Masculino,Sim,37,Sim,Ator/Atriz,1.0,Medio,2.0,Cat_6,B,8174.22,6,1,5
4644,465475,Feminino,Sim,36,Sim,Entretenimento,0.0,Medio,3.0,Cat_6,B,5749.41,30,1,7
4645,459883,Masculino,Nao,63,Sim,Ator/Atriz,0.0,Baixo,1.0,Cat_2,B,7458.5,25,1,10
4646,466686,Feminino,Nao,22,Nao,Enfermeiro,1.0,Baixo,4.0,Cat_6,D,10980.92,11,1,8
4647,463750,Masculino,Sim,41,Sim,Ator/Atriz,3.0,Medio,3.0,Cat_6,C,6105.62,4,1,4
4648,460327,Feminino,Nao,42,Sim,Ator/Atriz,12.0,Baixo,1.0,Cat_6,B,1547.85,16,1,9
4649,461349,Masculino,Nao,26,Sim,Medico,0.0,Baixo,5.0,Cat_6,D,7432.76,11,1,10
4650,465350,Feminino,Nao,35,Sim,Ator/Atriz,0.0,Baixo,3.0,Cat_6,A,9280.82,34,1,10
4651,461665,Masculino,Sim,61,Sim,Entretenimento,4.0,Medio,2.0,Cat_5,B,6022.13,13,2,8
4652,461981,Masculino,Nao,18,Nao,Enfermeiro,4.0,Baixo,3.0,Cat_3,D,11847.36,5,2,9
4654,465524,Feminino,Nao,51,Sim,Ator/Atriz,8.0,Baixo,1.0,Cat_6,C,10284.66,35,1,9
4655,464220,Masculino,Sim,65,Sim,Executivo,1.0,Alto,2.0,Cat_6,A,14511.47,2,2,9
4656,463450,Masculino,Nao,26,Sim,Enfermeiro,1.0,Baixo,3.0,Cat_6,B,11651.67,35,1,10
4657,467481,Masculino,Sim,50,Sim,Ator/Atriz,0.0,Medio,2.0,Cat_6,A,8395.81,19,1,1
4658,464478,Feminino,Sim,75,Nao,Advogado,0.0,Alto,2.0,Cat_6,B,8999.44,32,1,7
4659,465549,Feminino,Nao,52,Sim,Enfermeiro,0.0,Baixo,1.0,Cat_3,D,16643.61,2,2,9
4660,459267,Feminino,Nao,31,Nao,Enfermeiro,4.0,Baixo,3.0,Cat_6,A,12943.35,34,1,9
4661,461875,Masculino,Nao,33,Nao,Medico,0.0,Baixo,3.0,Cat_6,B,7936.1,20,1,10
4662,463971,Feminino,Sim,57,Sim,Ator/Atriz,0.0,Medio,4.0,Cat_6,C,2546.31,27,1,10
4663,461789,Masculino,Sim,67,Sim,Executivo,1.0,Alto,2.0,Cat_6,C,12364.02,31,2,6
4665,465244,Masculino,Nao,23,Nao,Enfermeiro,1.0,Baixo,4.0,Cat_4,D,14078.28,31,2,7
4666,466937,Masculino,Sim,62,Nao,Entretenimento,1.0,Medio,2.0,Cat_6,B,4674.2,10,1,10
4667,459296,Masculino,Sim,70,Sim,Ator/Atriz,1.0,Medio,2.0,Cat_6,C,5386.86,1,1,6
4668,459352,Masculino,Sim,38,Sim,Medico,4.0,Medio,4.0,Cat_3,B,9401.4,18,2,5
4670,463212,Masculino,Nao,28,Sim,Enfermeiro,0.0,Baixo,5.0,Cat_6,D,16832.75,22,2,6
4671,460925,Masculino,Sim,42,Sim,Ator/Atriz,1.0,Medio,3.0,Cat_6,C,10325.95,26,3,4
4674,467161,Feminino,Sim,30,Sim,Do Lar,9.0,Baixo,2.0,Cat_6,B,4537.38,32,1,6
4676,464054,Masculino,Sim,31,Sim,Ator/Atriz,8.0,Medio,2.0,Cat_6,C,8337.75,34,1,8
4677,459154,Masculino,Sim,88,Sim,Advogado,0.0,Alto,2.0,Cat_6,A,7281.21,9,1,6
4678,465734,Masculino,Sim,40,Sim,Ator/Atriz,0.0,Baixo,3.0,Cat_1,A,14184.77,35,1,9
4679,466612,Feminino,Nao,21,Nao,Enfermeiro,8.0,Baixo,2.0,Cat_6,D,12495.52,0,1,9
4680,463282,Masculino,Nao,38,Sim,Ator/Atriz,1.0,Baixo,1.0,Cat_3,B,9658.26,7,1,10
4681,460681,Feminino,Nao,36,Sim,Do Lar,6.0,Baixo,1.0,Cat_3,B,4341.3,11,1,10
4682,466944,Masculino,Sim,47,Nao,Entretenimento,1.0,Baixo,1.0,Cat_6,A,7419.87,1,1,9
4683,465376,Feminino,Nao,30,Sim,Entretenimento,1.0,Baixo,4.0,Cat_4,A,6372.23,15,1,7
4684,465273,Feminino,Nao,35,Sim,Enfermeiro,9.0,Baixo,2.0,Cat_2,D,12869.78,16,2,4
4685,465162,Masculino,Sim,58,Sim,Ator/Atriz,1.0,Medio,3.0,Cat_6,B,11294.4,35,2,6
4687,461057,Masculino,Sim,46,Sim,Ator/Atriz,0.0,Alto,4.0,Cat_3,B,6652.79,35,1,4
4688,464910,Feminino,Sim,45,Sim,Ator/Atriz,0.0,Medio,5.0,Cat_4,C,5613.68,28,2,10
4689,461826,Masculino,Sim,35,Sim,Ator/Atriz,12.0,Medio,2.0,Cat_6,A,2569.02,29,1,8
4690,461301,Masculino,Sim,71,Sim,Advogado,0.0,Medio,2.0,Cat_6,C,5048.79,24,1,10
4691,462995,Masculino,Sim,36,Sim,Ator/Atriz,0.0,Medio,5.0,Cat_6,C,8521.64,28,1,10
4694,465647,Masculino,Nao,31,Sim,Ator/Atriz,9.0,Baixo,1.0,Cat_6,A,7657.51,7,1,10
4696,467120,Masculino,Sim,37,Sim,Ator/Atriz,8.0,Baixo,2.0,Cat_6,B,5840.1,12,1,10
4697,467802,Feminino,Sim,47,Sim,Ator/Atriz,0.0,Alto,5.0,Cat_6,C,8674.56,3,2,10
4698,464985,Feminino,Sim,66,Sim,Advogado,1.0,Alto,3.0,Cat_6,C,3230.48,6,1,7
4699,460224,Feminino,Nao,25,Nao,Enfermeiro,1.0,Baixo,3.0,Cat_6,B,14009.1,19,1,10
4701,461948,Feminino,Sim,45,Sim,Ator/Atriz,1.0,Medio,4.0,Cat_6,C,7780.45,3,2,7
4702,461194,Feminino,Nao,33,Nao,Medico,1.0,Baixo,8.0,Cat_4,C,10676.93,7,1,10
4703,460590,Masculino,Sim,37,Sim,Ator/Atriz,0.0,Medio,3.0,Cat_3,B,11683.14,37,3,10
4705,461321,Masculino,Sim,50,Sim,Ator/Atriz,13.0,Baixo,1.0,Cat_6,C,6178.14,37,1,9
4706,466062,Masculino,Sim,56,Sim,Ator/Atriz,4.0,Baixo,3.0,Cat_3,B,3264.7,0,1,8
4707,465252,Feminino,Nao,20,Nao,Enfermeiro,8.0,Baixo,3.0,Cat_3,D,14455.12,11,1,5
4708,461031,Masculino,Sim,59,Nao,Executivo,1.0,Alto,2.0,Cat_6,C,14785.38,6,2,9
4709,467230,Masculino,Nao,21,Nao,Enfermeiro,0.0,Baixo,4.0,Cat_6,D,12127.86,22,4,10
4710,465374,Masculino,Sim,37,Sim,Entretenimento,1.0,Medio,3.0,Cat_4,C,5479.7,12,1,7
4711,464159,Feminino,Sim,68,Sim,Ator/Atriz,1.0,Baixo,1.0,Cat_4,B,7423.61,20,2,8
4712,463064,Masculino,Sim,33,Nao,Executivo,9.0,Alto,2.0,Cat_6,D,13708.58,0,3,10
4713,462927,Feminino,Nao,26,Nao,Do Lar,9.0,Baixo,2.0,Cat_6,A,4430.39,4,1,10
4715,459921,Masculino,Nao,37,Sim,Ator/Atriz,8.0,Baixo,1.0,Cat_3,A,8698.77,32,1,6
4716,462434,Masculino,Sim,57,Sim,Ator/Atriz,0.0,Medio,4.0,Cat_6,C,6532.32,21,4,10
4717,463625,Masculino,Sim,35,Nao,Ator/Atriz,1.0,Medio,3.0,Cat_4,A,3542.48,3,1,9
4718,465871,Masculino,Nao,33,Nao,Entretenimento,8.0,Baixo,1.0,Cat_6,A,7229.3,31,1,7
4719,463151,Masculino,Sim,60,Sim,Ator/Atriz,1.0,Baixo,1.0,Cat_3,A,1672.37,6,1,10
4720,459794,Masculino,Sim,52,Sim,Ator/Atriz,0.0,Baixo,2.0,Cat_6,B,9226.58,18,1,6
4721,465004,Masculino,Nao,35,Sim,Entretenimento,0.0,Baixo,3.0,Cat_7,D,6509.43,34,2,10
4722,464851,Masculino,Nao,18,Nao,Medico,0.0,Baixo,6.0,Cat_4,D,6688.57,16,2,10
4723,467383,Feminino,Sim,77,Sim,Advogado,0.0,Alto,2.0,Cat_6,B,6752.24,34,1,7
4724,466277,Masculino,Nao,18,Nao,Enfermeiro,0.0,Baixo,5.0,Cat_3,D,12998.59,3,2,10
4725,462115,Masculino,Nao,18,Nao,Enfermeiro,0.0,Baixo,3.0,Cat_6,D,13648.35,0,2,10
4726,463958,Feminino,Nao,25,Nao,Enfermeiro,0.0,Baixo,5.0,Cat_2,C,10851.58,23,1,9
4727,460023,Masculino,Sim,49,Sim,Entretenimento,0.0,Baixo,1.0,Cat_6,A,7283.02,26,2,2
4729,463930,Masculino,Sim,49,Sim,Ator/Atriz,1.0,Medio,2.0,Cat_6,C,6084.45,34,1,10
4730,463458,Masculino,Sim,26,Sim,Entretenimento,1.0,Medio,2.0,Cat_6,B,5577.73,27,1,4
4731,467147,Masculino,Nao,45,Sim,Entretenimento,0.0,Baixo,1.0,Cat_6,A,8352.58,10,2,8
4732,461930,Feminino,Nao,42,Sim,Ator/Atriz,0.0,Baixo,1.0,Cat_4,A,6262.8,0,1,8
4734,461133,Masculino,Nao,23,Nao,Enfermeiro,1.0,Baixo,4.0,Cat_6,D,11091.17,14,2,6
4736,466914,Masculino,Sim,81,Sim,Entretenimento,1.0,Baixo,1.0,Cat_6,D,4563.78,15,1,9
4737,459986,Masculino,Sim,60,Sim,Ator/Atriz,0.0,Baixo,1.0,Cat_6,B,9783.3,16,1,10
4738,465102,Masculino,Sim,57,Sim,Advogado,1.0,Alto,2.0,Cat_6,B,7507.87,20,2,3
4739,459209,Feminino,Nao,21,Nao,Entretenimento,1.0,Baixo,4.0,Cat_6,C,7465.28,1,1,8
4741,461516,Masculino,Sim,32,Sim,Entretenimento,0.0,Medio,3.0,Cat_6,A,7738.2,35,1,10
4742,463252,Masculino,Sim,50,Sim,Ator/Atriz,0.0,Medio,2.0,Cat_6,B,5356.96,20,2,10
4743,462795,Masculino,Nao,25,Nao,Entretenimento,13.0,Baixo,3.0,Cat_6,A,7095.07,21,1,6
4744,461927,Masculino,Nao,25,Nao,Enfermeiro,1.0,Baixo,4.0,Cat_2,C,11823.17,22,1,10
4745,467337,Masculino,Sim,56,Sim,Ator/Atriz,1.0,Medio,4.0,Cat_6,C,6603.21,15,1,8
4746,465645,Feminino,Nao,36,Sim,Ator/Atriz,9.0,Baixo,2.0,Cat_6,C,7660.56,15,1,5
4748,460256,Masculino,Nao,53,Sim,Ator/Atriz,2.0,Baixo,2.0,Cat_2,B,6311.69,37,2,10
4749,466825,Feminino,Sim,41,Sim,Ator/Atriz,1.0,Baixo,2.0,Cat_6,A,6918.01,32,1,7
4750,464051,Masculino,Sim,53,Sim,Medico,0.0,Medio,2.0,Cat_6,C,6342.13,27,1,9
4753,461113,Feminino,Nao,23,Nao,Enfermeiro,1.0,Baixo,4.0,Cat_3,D,12462.61,32,2,10
4754,466980,Masculino,Sim,72,Sim,Advogado,1.0,Alto,2.0,Cat_6,A,5371.03,16,1,8
4755,466077,Masculino,Sim,35,Sim,Medico,9.0,Alto,3.0,Cat_6,A,8733.06,1,1,9
4756,460520,Feminino,Nao,28,Sim,Medico,1.0,Baixo,3.0,Cat_3,C,9568.21,35,1,5
4757,466429,Masculino,Sim,36,Nao,Enfermeiro,1.0,Baixo,2.0,Cat_3,A,8337.39,21,2,9
4758,460161,Masculino,Nao,38,Sim,Ator/Atriz,0.0,Baixo,1.0,Cat_3,B,4185.38,8,1,8
4759,461579,Feminino,Sim,43,Sim,Ator/Atriz,4.0,Alto,3.0,Cat_6,C,5034.67,15,1,7
4760,467155,Masculino,Sim,47,Nao,Executivo,0.0,Alto,4.0,Cat_6,B,13353.06,7,3,5
4762,464901,Masculino,Sim,82,Nao,Executivo,1.0,Alto,4.0,Cat_4,A,11505.62,33,1,4
4763,464238,Masculino,Sim,87,Sim,Advogado,0.0,Alto,2.0,Cat_6,A,2028.8,24,1,10
4764,466135,Masculino,Sim,47,Sim,Ator/Atriz,1.0,Baixo,2.0,Cat_3,B,12702.5,33,1,9
4765,465196,Feminino,Nao,33,Sim,Ator/Atriz,3.0,Baixo,2.0,Cat_4,D,7957.95,30,1,9
4766,463110,Masculino,Sim,68,Nao,Executivo,1.0,Alto,2.0,Cat_6,A,10414.18,18,1,9
4767,463820,Masculino,Sim,45,Sim,Executivo,8.0,Alto,4.0,Cat_6,C,15948.33,6,4,7
4768,462819,Masculino,Sim,49,Sim,Ator/Atriz,0.0,Medio,3.0,Cat_6,C,5429.42,18,1,10
4769,462456,Masculino,Nao,18,Nao,Enfermeiro,0.0,Baixo,8.0,Cat_6,D,11698.7,37,1,4
4770,467909,Feminino,Nao,45,Sim,Medico,0.0,Baixo,1.0,Cat_6,A,6889.99,11,1,10
4771,463391,Masculino,Sim,62,Sim,Medico,5.0,Baixo,1.0,Cat_3,B,7657.87,1,1,10
4772,467211,Feminino,Sim,75,Sim,Advogado,0.0,Baixo,1.0,Cat_6,B,1590.91,4,1,9
4773,462256,Feminino,Sim,59,Sim,Do Lar,0.0,Medio,4.0,Cat_6,B,4739.51,21,1,8
4774,459491,Feminino,Sim,39,Sim,Ator/Atriz,1.0,Medio,4.0,Cat_6,C,10245.63,1,1,10
4775,464664,Masculino,Sim,39,Nao,Entretenimento,1.0,Medio,5.0,Cat_4,B,7920.67,12,1,10
4776,459925,Masculino,Sim,68,Nao,Executivo,1.0,Alto,2.0,Cat_4,D,17239.86,28,3,6
4777,463224,Masculino,Sim,50,Sim,Executivo,0.0,Alto,4.0,Cat_6,B,14308.4,7,2,6
4778,459066,Masculino,Sim,47,Sim,Executivo,8.0,Alto,4.0,Cat_6,C,12205.92,7,1,7
4779,462052,Masculino,Sim,51,Sim,Ator/Atriz,1.0,Baixo,2.0,Cat_6,C,6680.33,32,2,10
4780,463304,Feminino,Nao,41,Sim,Medico,0.0,Baixo,1.0,Cat_4,A,6559.98,8,2,8
4781,463521,Masculino,Sim,45,Sim,Executivo,1.0,Alto,4.0,Cat_6,A,10847.0,18,1,10
4782,464703,Masculino,Sim,40,Nao,Medico,1.0,Medio,5.0,Cat_4,A,7022.18,30,2,6
4783,463542,Feminino,Sim,27,Nao,Ator/Atriz,6.0,Alto,5.0,Cat_2,A,7228.4,32,1,9
4784,465353,Masculino,Sim,73,Sim,Ator/Atriz,1.0,Medio,2.0,Cat_6,C,6036.2,9,2,9
4786,460815,Masculino,Sim,55,Sim,Ator/Atriz,0.0,Alto,2.0,Cat_3,A,10871.21,7,1,7
4787,463413,Masculino,Sim,41,Nao,Medico,1.0,Medio,2.0,Cat_4,A,3215.83,30,1,8
4788,460481,Masculino,Nao,25,Sim,Entretenimento,1.0,Baixo,2.0,Cat_3,B,7383.56,10,1,10
4791,459357,Masculino,Sim,69,Nao,Advogado,0.0,Baixo,1.0,Cat_6,D,7153.2,27,1,2
4792,464428,Feminino,Sim,89,Sim,Entretenimento,6.0,Medio,4.0,Cat_2,A,6649.66,26,1,8
4793,463295,Masculino,Nao,28,Nao,Entretenimento,0.0,Baixo,3.0,Cat_6,A,7118.77,25,2,8
4794,461877,Feminino,Nao,38,Sim,Ator/Atriz,7.0,Baixo,2.0,Cat_6,B,9171.41,13,1,10
4795,467793,Masculino,Nao,18,Nao,Enfermeiro,3.0,Baixo,4.0,Cat_6,D,10598.78,6,1,6
4796,466816,Masculino,Sim,81,Sim,Advogado,1.0,Alto,2.0,Cat_6,B,4681.18,22,1,6
4797,462271,Masculino,Sim,45,Sim,Executivo,2.0,Medio,4.0,Cat_2,B,11256.25,25,1,10
4798,463677,Masculino,Sim,42,Nao,Executivo,1.0,Alto,5.0,Cat_6,C,15761.37,35,4,8
4800,466140,Masculino,Sim,30,Sim,Entretenimento,0.0,Baixo,2.0,Cat_6,A,6330.71,10,1,10
4801,463435,Feminino,Nao,33,Sim,Enfermeiro,0.0,Baixo,3.0,Cat_6,D,11793.45,7,2,2
4802,463858,Masculino,Sim,37,Nao,Ator/Atriz,0.0,Medio,2.0,Cat_6,C,5342.06,4,1,10
4803,459777,Masculino,Sim,35,Nao,Ator/Atriz,9.0,Baixo,3.0,Cat_7,A,5737.77,22,1,10
4804,463545,Feminino,Nao,31,Sim,Medico,0.0,Baixo,2.0,Cat_4,D,7236.04,11,2,7
4806,465966,Masculino,Nao,36,Sim,Medico,9.0,Baixo,1.0,Cat_6,B,7178.61,20,2,5
4807,464869,Masculino,Sim,37,Sim,Entretenimento,0.0,Baixo,2.0,Cat_4,A,7138.66,37,1,7
4808,459564,Masculino,Sim,80,Sim,Advogado,2.0,Baixo,1.0,Cat_6,A,6192.99,0,2,7
4809,459099,Masculino,Sim,30,Sim,Medico,8.0,Medio,2.0,Cat_6,A,5523.32,4,1,9
4810,465994,Masculino,Nao,32,Nao,Medico,3.0,Baixo,3.0,Cat_7,D,7229.86,7,1,7
4812,464163,Masculino,Sim,67,Sim,Executivo,0.0,Alto,4.0,Cat_6,C,20613.55,13,2,7
4813,459781,Masculino,Nao,47,Nao,Entretenimento,1.0,Baixo,1.0,Cat_6,A,6653.95,14,1,7
4816,459918,Feminino,Nao,43,Sim,Ator/Atriz,1.0,Baixo,1.0,Cat_3,B,4051.41,22,1,2
4817,465725,Masculino,Nao,29,Sim,Medico,0.0,Baixo,2.0,Cat_3,A,5940.64,7,1,8
4818,462086,Masculino,Nao,41,Sim,Medico,4.0,Baixo,2.0,Cat_6,B,7467.89,4,1,6
4819,459627,Masculino,Nao,40,Sim,Ator/Atriz,14.0,Baixo,2.0,Cat_2,A,8951.46,5,1,6
4820,462907,Masculino,Nao,29,Nao,Enfermeiro,2.0,Baixo,5.0,Cat_6,D,13683.71,2,2,10
4823,467763,Feminino,Nao,48,Sim,Ator/Atriz,1.0,Baixo,1.0,Cat_2,B,5793.73,32,2,6
4824,467972,Masculino,Nao,22,Nao,Ator/Atriz,1.0,Baixo,3.0,Cat_6,D,4437.22,37,1,7
4825,459484,Feminino,Sim,35,Sim,Entretenimento,1.0,Medio,2.0,Cat_6,A,6859.98,2,2,3
4826,459622,Feminino,Nao,51,Sim,Ator/Atriz,2.0,Baixo,1.0,Cat_6,B,6682.35,6,1,7
4828,461484,Feminino,Nao,27,Sim,Enfermeiro,1.0,Baixo,5.0,Cat_6,C,15332.11,24,2,5
4829,459020,Feminino,Sim,56,Sim,Ator/Atriz,0.0,Medio,4.0,Cat_6,C,7628.51,11,1,9
4830,466028,Masculino,Sim,50,Sim,Ator/Atriz,4.0,Medio,4.0,Cat_3,B,8925.94,33,1,10
4831,460362,Masculino,Sim,59,Sim,Enfermeiro,0.0,Baixo,3.0,Cat_4,D,12235.09,30,1,9
4832,464171,Feminino,Sim,61,Sim,Ator/Atriz,0.0,Baixo,1.0,Cat_6,C,6866.04,19,1,10
4833,465144,Masculino,Nao,32,Sim,Medico,9.0,Baixo,1.0,Cat_6,A,6086.74,2,1,10
4834,461861,Feminino,Nao,26,Sim,Enfermeiro,1.0,Baixo,5.0,Cat_4,C,11509.72,4,1,6
4837,461730,Masculino,Sim,46,Sim,Ator/Atriz,1.0,Baixo,3.0,Cat_6,B,2434.18,37,1,8
4838,463169,Feminino,Sim,85,Sim,Advogado,0.0,Baixo,1.0,Cat_3,D,4963.95,30,1,7
4839,460102,Masculino,Sim,43,Sim,Ator/Atriz,9.0,Alto,2.0,Cat_4,B,5466.45,24,1,6
4840,460490,Feminino,Nao,18,Nao,Enfermeiro,0.0,Baixo,4.0,Cat_3,D,12070.33,28,1,10
4841,459511,Masculino,Sim,87,Nao,Ator/Atriz,1.0,Baixo,1.0,Cat_6,A,7533.61,15,2,5
4842,466601,Masculino,Sim,40,Sim,Ator/Atriz,1.0,Medio,2.0,Cat_4,C,5666.58,15,2,7
4843,467616,Masculino,Sim,25,Sim,Entretenimento,1.0,Baixo,2.0,Cat_6,A,5786.21,16,1,2
4844,459811,Feminino,Sim,48,Sim,Ator/Atriz,1.0,Alto,3.0,Cat_6,C,4280.61,22,1,9
4845,460087,Feminino,Sim,56,Sim,Entretenimento,0.0,Medio,2.0,Cat_6,B,7607.33,9,1,10
4846,466723,Feminino,Nao,32,Nao,Entretenimento,1.0,Baixo,3.0,Cat_6,A,6083.47,35,1,9
4847,461580,Feminino,Nao,38,Sim,Ator/Atriz,7.0,Baixo,7.0,Cat_2,C,7249.24,6,3,9
4848,465026,Feminino,Nao,31,Nao,Medico,1.0,Baixo,2.0,Cat_6,A,5377.21,16,1,7
4849,465825,Feminino,Sim,36,Nao,Executivo,9.0,Medio,5.0,Cat_4,A,8129.62,23,1,7
4850,467844,Masculino,Nao,37,Sim,Enfermeiro,0.0,Baixo,2.0,Cat_6,D,10713.63,10,1,5
4851,463348,Feminino,Sim,40,Sim,Medico,1.0,Baixo,2.0,Cat_6,A,6312.16,14,1,9
4852,466314,Masculino,Nao,18,Nao,Enfermeiro,5.0,Baixo,4.0,Cat_4,D,12451.26,8,3,9
4853,462518,Feminino,Nao,26,Nao,Enfermeiro,0.0,Baixo,6.0,Cat_5,A,12641.99,24,1,9
4854,461806,Masculino,Nao,27,Sim,Enfermeiro,9.0,Baixo,2.0,Cat_6,D,13280.91,4,4,9
4855,459584,Feminino,Nao,20,Nao,Enfermeiro,1.0,Baixo,3.0,Cat_6,D,14057.8,5,1,2
4856,463133,Masculino,Sim,47,Nao,Ator/Atriz,1.0,Medio,4.0,Cat_6,C,2074.44,28,1,8
4857,459856,Masculino,Sim,50,Nao,Entretenimento,1.0,Medio,3.0,Cat_6,B,6520.6,24,1,8
4858,465360,Feminino,Sim,49,Sim,Ator/Atriz,1.0,Medio,2.0,Cat_6,C,7884.39,18,2,10
4859,466869,Masculino,Sim,29,Sim,Enfermeiro,1.0,Baixo,3.0,Cat_3,D,10141.95,12,2,2
4860,465884,Masculino,Sim,37,Sim,Executivo,6.0,Alto,3.0,Cat_6,D,10725.12,16,3,9
4863,463125,Masculino,Nao,29,Nao,Enfermeiro,0.0,Baixo,6.0,Cat_6,B,14422.78,18,1,9
4864,465899,Feminino,Nao,38,Sim,Medico,9.0,Baixo,2.0,Cat_6,B,7788.17,29,2,7
4865,459703,Masculino,Sim,37,Sim,Ator/Atriz,0.0,Baixo,3.0,Cat_6,A,3788.57,10,1,9
4866,464317,Masculino,Sim,60,Sim,Entretenimento,1.0,Medio,3.0,Cat_6,C,4618.45,1,1,9
4867,465093,Masculino,Sim,55,Sim,Medico,0.0,Baixo,1.0,Cat_6,C,5873.5,14,2,5
4868,464361,Masculino,Sim,50,Sim,Ator/Atriz,1.0,Medio,2.0,Cat_6,C,8954.6,19,1,10
4869,462334,Masculino,Nao,47,Sim,Ator/Atriz,9.0,Baixo,2.0,Cat_6,B,10401.89,3,2,10
4870,459989,Masculino,Sim,52,Sim,Ator/Atriz,6.0,Medio,2.0,Cat_6,B,2311.54,30,1,8
4871,464757,Feminino,Sim,42,Nao,Executivo,0.0,Medio,5.0,Cat_4,A,3061.99,1,1,9
4872,462293,Masculino,Nao,32,Nao,Enfermeiro,0.0,Baixo,3.0,Cat_6,D,12580.23,12,1,10
4873,464820,Feminino,Nao,25,Nao,Ator/Atriz,1.0,Baixo,1.0,Cat_4,B,5739.9,27,2,4
4874,465709,Masculino,Sim,68,Sim,Entretenimento,1.0,Medio,2.0,Cat_6,C,5553.19,31,1,10
4875,462277,Masculino,Sim,36,Sim,Entretenimento,4.0,Medio,2.0,Cat_2,B,5375.25,36,2,9
4876,465228,Masculino,Sim,62,Sim,Ator/Atriz,0.0,Alto,2.0,Cat_6,C,9849.06,16,2,10
4877,461368,Masculino,Nao,32,Sim,Medico,4.0,Baixo,5.0,Cat_6,D,4700.74,15,1,10
4878,460435,Feminino,Sim,48,Sim,Ator/Atriz,0.0,Baixo,1.0,Cat_6,B,3435.29,34,1,10
4879,465080,Masculino,Sim,70,Sim,Advogado,8.0,Medio,2.0,Cat_6,C,3782.77,34,1,10
4880,459272,Feminino,Sim,60,Sim,Ator/Atriz,0.0,Alto,2.0,Cat_6,C,5114.24,33,2,10
4881,466578,Masculino,Nao,45,Nao,Ator/Atriz,2.0,Baixo,1.0,Cat_6,B,4625.44,6,1,9
4882,466646,Feminino,Sim,48,Sim,Do Lar,1.0,Baixo,2.0,Cat_3,B,4433.97,30,1,7
4883,466408,Masculino,Sim,76,Sim,Advogado,1.0,Baixo,2.0,Cat_3,A,4198.95,35,1,9
4885,462244,Masculino,Sim,83,Nao,Executivo,1.0,Alto,3.0,Cat_6,B,9928.09,36,1,7
4886,459410,Feminino,Sim,79,Sim,Advogado,1.0,Alto,2.0,Cat_6,B,6350.35,31,2,7
4888,467437,Feminino,Sim,76,Sim,Advogado,0.0,Alto,2.0,Cat_6,B,5306.85,16,2,10
4890,463849,Feminino,Sim,35,Nao,Ator/Atriz,0.0,Baixo,2.0,Cat_6,B,4210.59,20,1,10
4891,467191,Feminino,Sim,31,Nao,Do Lar,12.0,Medio,2.0,Cat_6,B,4318.42,1,1,5
4893,463943,Masculino,Nao,71,Sim,Entretenimento,1.0,Baixo,2.0,Cat_6,C,6985.19,35,1,10
4895,462894,Masculino,Sim,43,Sim,Ator/Atriz,2.0,Medio,4.0,Cat_3,C,2582.05,23,1,7
4896,465963,Masculino,Sim,46,Sim,Ator/Atriz,0.0,Baixo,2.0,Cat_6,B,7476.19,9,2,10
4897,466791,Masculino,Sim,88,Nao,Advogado,1.0,Baixo,1.0,Cat_6,A,6416.46,23,1,10
4898,460807,Masculino,Nao,29,Nao,Enfermeiro,1.0,Baixo,6.0,Cat_6,D,13295.6,3,1,10
4900,460041,Feminino,Sim,48,Nao,Ator/Atriz,8.0,Medio,3.0,Cat_6,A,2554.21,10,1,9
4901,466840,Masculino,Nao,20,Nao,Enfermeiro,4.0,Baixo,5.0,Cat_2,D,13573.71,14,2,4
4902,461585,Masculino,Nao,38,Sim,Entretenimento,1.0,Baixo,1.0,Cat_7,A,6755.43,4,2,8
4903,462570,Feminino,Nao,29,Nao,Do Lar,1.0,Baixo,6.0,Cat_6,D,4475.23,2,1,10
4904,461845,Feminino,Sim,48,Sim,Medico,1.0,Medio,4.0,Cat_6,C,8236.21,6,1,9
4905,465182,Feminino,Nao,65,Sim,Advogado,0.0,Baixo,1.0,Cat_6,A,4053.64,22,1,9
4907,464028,Feminino,Nao,21,Nao,Enfermeiro,0.0,Baixo,5.0,Cat_6,D,13001.31,37,1,9
4908,466438,Feminino,Nao,42,Sim,Ator/Atriz,0.0,Baixo,1.0,Cat_6,A,3943.68,7,1,5
4910,463043,Feminino,Sim,86,Sim,Advogado,9.0,Alto,2.0,Cat_6,C,4904.5,26,1,8
4911,464316,Masculino,Sim,59,Sim,Ator/Atriz,0.0,Medio,4.0,Cat_6,C,12049.09,28,4,10
4912,466595,Masculino,Sim,86,Sim,Executivo,1.0,Alto,2.0,Cat_6,C,6090.5,34,2,9
4913,465240,Masculino,Sim,59,Sim,Ator/Atriz,4.0,Alto,2.0,Cat_7,D,10490.7,31,1,10
4914,467303,Masculino,Sim,38,Sim,Medico,3.0,Medio,2.0,Cat_6,C,6753.85,31,2,9
4916,462014,Feminino,Nao,45,Sim,Ator/Atriz,1.0,Baixo,1.0,Cat_6,B,2652.7,35,1,4
4917,465401,Feminino,Sim,48,Sim,Ator/Atriz,10.0,Baixo,2.0,Cat_6,B,5100.35,26,1,10
4919,462801,Masculino,Sim,38,Sim,Entretenimento,9.0,Medio,3.0,Cat_6,B,7432.91,10,1,6
4920,463829,Feminino,Sim,49,Sim,Ator/Atriz,1.0,Medio,4.0,Cat_6,C,7270.79,9,2,10
4921,459770,Feminino,Sim,48,Sim,Ator/Atriz,8.0,Medio,2.0,Cat_6,A,4007.81,26,1,10
4922,463737,Masculino,Nao,28,Sim,Enfermeiro,7.0,Baixo,4.0,Cat_2,C,13252.39,7,1,8
4923,462433,Feminino,Sim,33,Sim,Medico,0.0,Medio,2.0,Cat_6,B,4063.51,7,1,10
4924,465311,Masculino,Nao,20,Nao,Enfermeiro,0.0,Baixo,4.0,Cat_6,D,12644.83,25,1,1
4925,464804,Masculino,Sim,27,Nao,Entretenimento,0.0,Baixo,1.0,Cat_4,A,7002.53,36,2,9
4926,464721,Masculino,Sim,39,Sim,Ator/Atriz,3.0,Medio,4.0,Cat_6,B,11502.03,12,1,3
4927,465131,Feminino,Sim,87,Nao,Advogado,0.0,Baixo,1.0,Cat_6,C,7736.88,14,1,6
4928,467371,Masculino,Nao,30,Sim,Enfermeiro,1.0,Baixo,4.0,Cat_6,B,15319.93,32,3,6
4929,459004,Feminino,Sim,51,Sim,Ator/Atriz,1.0,Alto,5.0,Cat_6,C,5088.85,28,1,10
4930,465290,Masculino,Sim,46,Sim,Executivo,1.0,Alto,5.0,Cat_6,B,14594.07,9,2,9
4931,464165,Feminino,Nao,55,Nao,Entretenimento,3.0,Baixo,1.0,Cat_6,A,6460.11,23,1,2
4932,462502,Masculino,Nao,39,Nao,Entretenimento,0.0,Baixo,4.0,Cat_6,A,7322.32,5,1,6
4933,467572,Masculino,Sim,63,Sim,Ator/Atriz,1.0,Medio,4.0,Cat_6,A,7313.56,25,1,10
4934,464117,Masculino,Sim,84,Sim,Advogado,0.0,Alto,2.0,Cat_6,C,2115.41,27,1,5
4935,461688,Masculino,Sim,41,Sim,Executivo,7.0,Alto,2.0,Cat_6,C,13843.56,21,1,10
4936,460130,Masculino,Nao,27,Sim,Enfermeiro,2.0,Baixo,4.0,Cat_1,A,11979.08,20,1,9
4937,462425,Masculino,Nao,35,Sim,Medico,3.0,Baixo,1.0,Cat_6,A,6167.02,34,1,3
4938,460326,Feminino,Sim,47,Sim,Ator/Atriz,6.0,Baixo,2.0,Cat_6,B,5185.84,27,1,5
4939,465903,Feminino,Nao,51,Sim,Ator/Atriz,0.0,Baixo,1.0,Cat_6,B,6773.23,32,1,10
4940,461961,Feminino,Sim,32,Sim,Ator/Atriz,8.0,Baixo,3.0,Cat_6,B,11160.47,29,1,4
4942,459213,Feminino,Nao,38,Sim,Enfermeiro,0.0,Baixo,4.0,Cat_6,A,14904.36,19,1,10
4943,461120,Masculino,Nao,20,Nao,Enfermeiro,1.0,Baixo,3.0,Cat_3,D,15920.55,37,3,5
4944,467927,Masculino,Nao,31,Sim,Medico,8.0,Baixo,6.0,Cat_2,A,6227.29,21,1,6
4945,466908,Masculino,Sim,55,Sim,Entretenimento,1.0,Baixo,2.0,Cat_6,A,4948.82,12,1,4
4946,466497,Masculino,Nao,83,Sim,Advogado,0.0,Baixo,1.0,Cat_6,D,4502.0,10,1,10
4947,465027,Masculino,Sim,41,Sim,Medico,0.0,Baixo,2.0,Cat_6,B,5022.05,0,2,2
4948,463550,Feminino,Sim,38,Sim,Ator/Atriz,1.0,Medio,2.0,Cat_4,C,3878.07,36,1,8
4949,462943,Masculino,Sim,61,Sim,Executivo,5.0,Alto,2.0,Cat_6,B,16290.93,27,1,9
4950,462954,Feminino,Sim,48,Sim,Do Lar,12.0,Baixo,1.0,Cat_6,A,4839.63,10,1,10
4951,463567,Masculino,Sim,40,Sim,Medico,1.0,Medio,2.0,Cat_6,B,5965.78,7,1,9
4952,466124,Feminino,Nao,47,Sim,Ator/Atriz,0.0,Baixo,1.0,Cat_6,B,9672.73,25,1,8
4953,463354,Masculino,Sim,53,Sim,Executivo,4.0,Alto,4.0,Cat_6,D,6144.51,18,1,3
4954,465586,Masculino,Sim,72,Nao,Ator/Atriz,1.0,Baixo,1.0,Cat_6,B,6190.12,17,1,8
4955,466178,Feminino,Sim,50,Sim,Ator/Atriz,1.0,Medio,4.0,Cat_6,C,9576.94,10,1,10
4956,461929,Masculino,Sim,63,Sim,Entretenimento,0.0,Baixo,1.0,Cat_6,A,5369.38,12,1,5
4957,465752,Masculino,Sim,42,Sim,Ator/Atriz,5.0,Medio,2.0,Cat_6,C,7708.99,16,1,6
4958,462931,Masculino,Sim,40,Nao,Entretenimento,14.0,Medio,3.0,Cat_6,D,6297.38,1,1,9
4959,467853,Feminino,Sim,63,Sim,Ator/Atriz,1.0,Medio,5.0,Cat_3,C,4069.7,17,1,6
4960,467277,Masculino,Nao,25,Sim,Ator/Atriz,13.0,Baixo,3.0,Cat_6,A,8334.43,33,2,10
4961,459049,Masculino,Sim,49,Sim,Executivo,2.0,Alto,4.0,Cat_2,B,14716.88,9,1,10
4962,464098,Feminino,Nao,28,Nao,Enfermeiro,0.0,Baixo,6.0,Cat_5,A,14708.72,29,2,10
4963,459438,Feminino,Sim,69,Sim,Ator/Atriz,0.0,Alto,2.0,Cat_6,C,5957.36,26,2,10
4964,466815,Masculino,Nao,31,Nao,Enfermeiro,0.0,Baixo,5.0,Cat_4,C,12195.34,11,2,8
4965,459747,Feminino,Sim,36,Sim,Ator/Atriz,1.0,Medio,5.0,Cat_6,C,6017.81,26,1,10
4966,461014,Masculino,Nao,21,Nao,Enfermeiro,9.0,Baixo,4.0,Cat_3,D,10131.08,0,1,10
4967,462007,Feminino,Sim,36,Sim,Ator/Atriz,1.0,Medio,2.0,Cat_6,C,4069.17,3,1,7
4968,465446,Feminino,Nao,41,Sim,Enfermeiro,12.0,Baixo,1.0,Cat_1,A,11782.56,9,4,10
4969,461416,Feminino,Nao,31,Sim,Ator/Atriz,13.0,Baixo,2.0,Cat_6,B,8148.66,8,2,6
4970,463089,Masculino,Sim,51,Sim,Executivo,7.0,Alto,4.0,Cat_6,C,5853.01,33,2,2
4971,463373,Masculino,Sim,55,Sim,Ator/Atriz,1.0,Baixo,3.0,Cat_3,A,7578.34,23,2,4
4973,465985,Masculino,Nao,31,Sim,Ator/Atriz,1.0,Baixo,3.0,Cat_6,D,9591.4,16,1,9
4974,462715,Feminino,Sim,55,Sim,Ator/Atriz,1.0,Alto,4.0,Cat_6,B,7720.7,36,1,5
4975,461925,Feminino,Nao,33,Sim,Ator/Atriz,0.0,Baixo,5.0,Cat_3,C,8986.02,37,1,6
4976,465743,Feminino,Sim,50,Sim,Ator/Atriz,1.0,Medio,5.0,Cat_2,C,9841.77,10,1,5
4977,463675,Masculino,Sim,71,Nao,Entretenimento,1.0,Baixo,2.0,Cat_6,A,5097.69,23,1,9
4978,464305,Feminino,Sim,73,Sim,Advogado,1.0,Alto,2.0,Cat_6,C,2604.47,28,1,8
4979,467178,Feminino,Sim,58,Nao,Advogado,0.0,Alto,4.0,Cat_6,C,6635.92,36,2,9
4980,464185,Masculino,Sim,65,Sim,Ator/Atriz,5.0,Alto,2.0,Cat_6,A,6045.5,26,1,10
4981,467082,Feminino,Sim,75,Sim,Ator/Atriz,1.0,Alto,2.0,Cat_6,C,6052.61,30,1,5
4983,465991,Feminino,Nao,38,Sim,Enfermeiro,0.0,Baixo,5.0,Cat_6,D,11233.22,31,2,9
4984,465407,Feminino,Nao,27,Sim,Do Lar,3.0,Baixo,7.0,Cat_6,D,4638.45,7,1,9
4985,466225,Masculino,Nao,19,Nao,Enfermeiro,0.0,Baixo,3.0,Cat_2,D,12270.32,1,2,10
4986,461843,Feminino,Sim,50,Sim,Ator/Atriz,0.0,Alto,2.0,Cat_3,C,2222.04,8,1,10
4987,465935,Masculino,Nao,27,Sim,Entretenimento,9.0,Baixo,1.0,Cat_6,A,6982.02,4,1,6
4988,463758,Masculino,Nao,33,Nao,Enfermeiro,9.0,Baixo,3.0,Cat_7,C,13228.28,35,1,10
4989,464651,Feminino,Sim,26,Nao,Medico,0.0,Medio,3.0,Cat_4,D,4944.26,17,1,1
4990,467085,Masculino,Nao,45,Sim,Entretenimento,1.0,Baixo,2.0,Cat_6,A,6332.41,16,1,10
4991,463965,Masculino,Nao,25,Sim,Medico,7.0,Baixo,1.0,Cat_6,A,5177.54,32,2,7
4992,467156,Masculino,Sim,37,Sim,Ator/Atriz,6.0,Baixo,1.0,Cat_6,B,2534.17,22,1,4
4993,461347,Feminino,Sim,37,Sim,Ator/Atriz,5.0,Medio,3.0,Cat_6,B,9852.67,31,1,9
4994,462113,Feminino,Sim,60,Sim,Ator/Atriz,8.0,Alto,6.0,Cat_6,C,4754.49,1,1,8
4995,461299,Feminino,Sim,76,Sim,Advogado,1.0,Alto,2.0,Cat_6,C,4716.13,33,1,6
4996,466760,Masculino,Sim,47,Sim,Medico,0.0,Medio,4.0,Cat_6,A,6591.91,10,2,9
4997,459760,Feminino,Sim,42,Sim,Ator/Atriz,8.0,Baixo,1.0,Cat_6,A,5423.95,20,2,5
4998,463972,Masculino,Sim,66,Sim,Ator/Atriz,0.0,Baixo,4.0,Cat_2,C,8779.07,30,1,10
4999,467431,Masculino,Sim,40,Sim,Ator/Atriz,9.0,Medio,3.0,Cat_6,C,4580.84,36,1,6
5000,463466,Masculino,Nao,21,Nao,Enfermeiro,13.0,Baixo,6.0,Cat_6,D,10220.82,1,1,8
5001,460479,Feminino,Nao,42,Nao,Medico,8.0,Baixo,1.0,Cat_3,A,6400.82,36,2,10
5002,461033,Masculino,Sim,57,Sim,Medico,5.0,Medio,2.0,Cat_6,C,6467.9,4,1,6
5003,460839,Masculino,Nao,23,Nao,Enfermeiro,4.0,Baixo,3.0,Cat_6,D,12105.21,37,2,9
5004,462426,Feminino,Sim,52,Sim,Ator/Atriz,2.0,Medio,4.0,Cat_6,C,2873.54,10,1,10
5005,461431,Masculino,Sim,42,Sim,Medico,1.0,Medio,2.0,Cat_1,C,7018.11,3,3,10
5006,461121,Masculino,Nao,28,Nao,Medico,0.0,Baixo,4.0,Cat_3,D,7184.65,31,2,9
5007,467149,Masculino,Sim,43,Sim,Ator/Atriz,9.0,Medio,3.0,Cat_6,A,11580.74,31,1,5
5008,461809,Masculino,Nao,30,Sim,Medico,3.0,Baixo,2.0,Cat_6,D,8927.41,27,1,9
5009,463793,Masculino,Nao,26,Nao,Enfermeiro,1.0,Baixo,6.0,Cat_4,A,11368.63,19,1,4
5010,460168,Masculino,Sim,86,Sim,Executivo,0.0,Alto,2.0,Cat_2,C,11360.79,20,1,8
5011,463931,Masculino,Sim,52,Sim,Entretenimento,0.0,Medio,2.0,Cat_6,C,6924.84,3,2,10
5013,460020,Masculino,Sim,53,Sim,Ator/Atriz,1.0,Medio,3.0,Cat_6,C,2285.2,34,1,10
5014,461878,Masculino,Nao,33,Sim,Enfermeiro,3.0,Baixo,1.0,Cat_6,D,11845.76,26,1,9
5015,465802,Masculino,Sim,25,Sim,Enfermeiro,9.0,Baixo,2.0,Cat_6,C,12573.06,20,1,10
5016,466956,Feminino,Sim,55,Sim,Ator/Atriz,1.0,Baixo,1.0,Cat_6,B,4118.52,36,1,9
5018,467260,Masculino,Nao,27,Nao,Medico,9.0,Baixo,4.0,Cat_6,D,6873.16,3,1,8
5019,458994,Masculino,Sim,38,Sim,Enfermeiro,8.0,Medio,4.0,Cat_6,C,9817.81,15,2,10
5020,459772,Feminino,Sim,69,Sim,Ator/Atriz,2.0,Medio,9.0,Cat_5,C,7463.19,23,1,8
5021,464895,Masculino,Nao,19,Nao,Medico,1.0,Baixo,5.0,Cat_4,C,6603.56,4,2,8
5023,465263,Masculino,Sim,65,Sim,Ator/Atriz,1.0,Alto,2.0,Cat_6,C,9464.45,36,2,4
5024,462441,Feminino,Nao,22,Nao,Enfermeiro,0.0,Baixo,4.0,Cat_6,D,13977.52,22,4,10
5025,459828,Feminino,Sim,25,Nao,Do Lar,11.0,Medio,3.0,Cat_6,D,4509.55,1,1,9
5026,460328,Feminino,Nao,52,Sim,Ator/Atriz,1.0,Baixo,2.0,Cat_6,A,2179.77,9,1,8
5027,466448,Feminino,Nao,37,Sim,Ator/Atriz,0.0,Baixo,2.0,Cat_6,B,2384.75,4,1,3
5028,463556,Masculino,Sim,29,Sim,Entretenimento,0.0,Baixo,2.0,Cat_2,D,6821.21,22,1,10
5029,461109,Masculino,Nao,31,Sim,Enfermeiro,0.0,Baixo,3.0,Cat_3,D,12031.45,21,2,9
5031,466066,Feminino,Nao,73,Sim,Ator/Atriz,0.0,Baixo,1.0,Cat_6,C,4619.79,9,1,7
5032,459457,Masculino,Sim,51,Sim,Ator/Atriz,2.0,Baixo,2.0,Cat_6,A,6268.94,0,1,7
5033,463538,Masculino,Sim,60,Nao,Executivo,0.0,Alto,2.0,Cat_6,B,12629.42,34,3,7
5034,466588,Feminino,Nao,22,Nao,Enfermeiro,9.0,Baixo,4.0,Cat_6,D,14702.03,25,1,10
5036,466744,Feminino,Sim,52,Sim,Ator/Atriz,1.0,Medio,3.0,Cat_6,C,2241.71,25,1,9
5037,461821,Feminino,Nao,28,Nao,Medico,0.0,Baixo,4.0,Cat_6,C,2733.32,24,1,10
5038,463993,Feminino,Sim,37,Sim,Ator/Atriz,5.0,Medio,2.0,Cat_6,B,3122.06,31,1,8
5039,467779,Masculino,Sim,53,Sim,Medico,2.0,Medio,3.0,Cat_6,C,6558.54,16,1,9
5040,461144,Feminino,Nao,23,Nao,Advogado,0.0,Baixo,6.0,Cat_3,B,2163.86,9,1,9
5041,464308,Feminino,Sim,75,Sim,Advogado,0.0,Alto,2.0,Cat_6,B,1069.45,21,1,9
5042,464509,Masculino,Sim,53,Sim,Ator/Atriz,0.0,Alto,4.0,Cat_6,C,13082.42,0,4,5
5043,464061,Masculino,Sim,30,Sim,Ator/Atriz,12.0,Medio,2.0,Cat_6,B,10999.19,37,2,9
5044,466064,Feminino,Sim,31,Nao,Entretenimento,0.0,Medio,2.0,Cat_3,A,8229.11,20,1,8
5045,461999,Masculino,Nao,27,Sim,Medico,0.0,Baixo,5.0,Cat_6,B,10149.36,7,1,10
5046,466913,Masculino,Sim,65,Sim,Advogado,0.0,Baixo,1.0,Cat_6,A,7851.9,27,2,8
5047,465765,Masculino,Sim,52,Nao,Entretenimento,0.0,Medio,2.0,Cat_4,B,7281.25,26,1,9
5050,465625,Masculino,Nao,42,Sim,Ator/Atriz,11.0,Baixo,2.0,Cat_6,C,6192.52,1,2,9
5051,466857,Feminino,Nao,19,Nao,Enfermeiro,9.0,Baixo,8.0,Cat_5,D,13037.43,6,2,7
5052,466828,Masculino,Sim,50,Sim,Executivo,0.0,Alto,4.0,Cat_6,B,11974.23,11,2,8
5053,464679,Masculino,Sim,41,Sim,Ator/Atriz,0.0,Medio,4.0,Cat_4,C,6821.63,27,2,6
5055,465543,Feminino,Sim,43,Sim,Enfermeiro,0.0,Medio,2.0,Cat_3,A,11778.89,35,4,5
5056,467630,Masculino,Sim,85,Nao,Advogado,0.0,Baixo,1.0,Cat_6,D,3933.96,8,1,2
5057,465521,Feminino,Sim,47,Sim,Ator/Atriz,1.0,Medio,2.0,Cat_7,C,4036.48,5,1,9
5058,460300,Feminino,Sim,60,Sim,Advogado,0.0,Baixo,2.0,Cat_6,D,3695.42,5,1,5
5059,466367,Feminino,Nao,37,Sim,Medico,5.0,Baixo,1.0,Cat_2,B,9211.4,30,2,7
5060,464898,Masculino,Nao,31,Sim,Enfermeiro,0.0,Baixo,2.0,Cat_4,C,11724.04,18,3,10
5061,465632,Masculino,Nao,37,Sim,Ator/Atriz,4.0,Baixo,7.0,Cat_7,A,7484.4,28,1,3
5063,467812,Masculino,Nao,50,Sim,Ator/Atriz,1.0,Baixo,1.0,Cat_2,B,6993.89,2,1,10
5064,464950,Masculino,Nao,21,Nao,Enfermeiro,1.0,Baixo,4.0,Cat_4,D,12666.49,30,2,10
5065,459562,Masculino,Sim,59,Nao,Entretenimento,1.0,Medio,2.0,Cat_7,C,6441.67,15,2,9
5066,464839,Feminino,Nao,20,Nao,Enfermeiro,1.0,Baixo,5.0,Cat_4,D,13488.13,4,1,9
5068,463624,Masculino,Sim,62,Sim,Executivo,0.0,Alto,4.0,Cat_6,C,18787.53,1,4,7
5069,466227,Masculino,Sim,61,Sim,Ator/Atriz,0.0,Medio,5.0,Cat_6,C,9679.59,15,1,10
5071,460595,Masculino,Sim,21,Nao,Medico,1.0,Baixo,3.0,Cat_3,D,6607.83,3,1,4
5073,463188,Feminino,Sim,48,Sim,Ator/Atriz,2.0,Baixo,2.0,Cat_6,C,8461.69,7,1,6
5074,459509,Masculino,Nao,30,Sim,Enfermeiro,1.0,Baixo,1.0,Cat_6,D,13000.22,4,2,9
5075,464838,Masculino,Nao,19,Nao,Enfermeiro,0.0,Baixo,4.0,Cat_2,D,12915.84,37,1,10
5076,464635,Masculino,Sim,43,Sim,Enfermeiro,1.0,Alto,4.0,Cat_4,B,12806.4,30,3,10
5077,465213,Masculino,Sim,38,Sim,Entretenimento,2.0,Medio,2.0,Cat_6,B,6833.64,24,1,9
5078,460317,Masculino,Nao,32,Nao,Medico,10.0,Baixo,2.0,Cat_6,D,7786.14,29,1,5
5079,460196,Feminino,Nao,38,Sim,Enfermeiro,8.0,Baixo,2.0,Cat_6,D,12213.81,25,1,9
5080,463643,Feminino,Nao,43,Sim,Ator/Atriz,0.0,Baixo,3.0,Cat_6,A,5217.69,18,1,7
5081,459285,Masculino,Nao,76,Sim,Advogado,0.0,Baixo,2.0,Cat_6,A,6541.23,14,1,10
5082,464558,Masculino,Nao,30,Sim,Enfermeiro,9.0,Baixo,5.0,Cat_6,D,13404.62,33,2,6
5083,463950,Masculino,Nao,31,Nao,Enfermeiro,1.0,Baixo,4.0,Cat_7,D,13785.88,22,2,8
5084,464657,Masculino,Nao,23,Nao,Enfermeiro,0.0,Baixo,3.0,Cat_3,D,10477.68,24,1,5
5085,461922,Masculino,Sim,70,Nao,Advogado,0.0,Alto,3.0,Cat_1,B,5459.85,37,2,8
5088,461574,Feminino,Sim,50,Sim,Ator/Atriz,1.0,Medio,3.0,Cat_6,C,3327.99,16,1,9
5089,467638,Masculino,Sim,71,Sim,Ator/Atriz,1.0,Medio,2.0,Cat_6,C,8118.33,3,1,7
5090,460762,Feminino,Nao,18,Nao,Enfermeiro,0.0,Baixo,5.0,Cat_4,D,13223.18,34,1,9
5091,460408,Feminino,Nao,41,Sim,Ator/Atriz,2.0,Baixo,1.0,Cat_6,A,5440.28,11,1,5
5093,466866,Masculino,Sim,27,Nao,Entretenimento,14.0,Medio,2.0,Cat_6,A,5612.89,21,1,9
5094,467781,Masculino,Sim,27,Sim,Enfermeiro,1.0,Alto,2.0,Cat_6,D,12728.88,18,1,10
5095,467867,Feminino,Nao,18,Nao,Enfermeiro,0.0,Baixo,4.0,Cat_4,D,12353.55,30,4,7
5096,459309,Feminino,Sim,41,Sim,Ator/Atriz,9.0,Alto,2.0,Cat_2,B,4946.06,8,1,9
5097,465040,Masculino,Sim,67,Nao,Advogado,1.0,Medio,2.0,Cat_6,A,4246.76,28,1,7
5098,462387,Feminino,Sim,28,Sim,Ator/Atriz,0.0,Baixo,2.0,Cat_7,A,2265.46,0,1,6
5099,463646,Masculino,Sim,45,Nao,Ator/Atriz,1.0,Medio,4.0,Cat_6,B,7062.84,17,1,3
5100,462810,Masculino,Sim,36,Nao,Executivo,8.0,Alto,4.0,Cat_6,C,21946.17,35,2,8
5102,461785,Feminino,Sim,87,Sim,Ator/Atriz,1.0,Medio,2.0,Cat_6,C,8960.27,7,1,10
5103,461238,Feminino,Sim,52,Sim,Ator/Atriz,3.0,Baixo,1.0,Cat_6,A,5647.55,36,1,8
5104,464200,Feminino,Nao,32,Nao,Enfermeiro,1.0,Baixo,3.0,Cat_6,D,14255.01,11,1,9
5106,462018,Masculino,Nao,22,Nao,Enfermeiro,8.0,Baixo,5.0,Cat_2,D,12355.51,19,1,9
5107,459275,Feminino,Nao,18,Nao,Medico,2.0,Baixo,4.0,Cat_6,D,5723.17,34,1,8
5108,461498,Feminino,Nao,26,Nao,Medico,1.0,Baixo,4.0,Cat_2,D,5984.08,16,1,3
5109,461894,Feminino,Sim,66,Sim,Ator/Atriz,0.0,Medio,2.0,Cat_6,C,5588.15,19,1,9
5111,460759,Masculino,Sim,69,Nao,Advogado,1.0,Baixo,2.0,Cat_1,B,3601.29,10,1,6
5112,463928,Masculino,Sim,55,Sim,Ator/Atriz,1.0,Baixo,2.0,Cat_6,A,9500.96,8,1,10
5113,465753,Feminino,Sim,49,Sim,Ator/Atriz,6.0,Baixo,2.0,Cat_6,C,2212.98,29,1,10
5114,467354,Masculino,Sim,61,Sim,Medico,3.0,Baixo,2.0,Cat_6,A,7697.58,1,1,10
5115,467326,Feminino,Nao,47,Sim,Ator/Atriz,0.0,Baixo,1.0,Cat_1,C,9931.26,20,1,10
5116,461331,Masculino,Sim,59,Sim,Executivo,0.0,Alto,5.0,Cat_6,C,3937.04,30,1,9
5117,462744,Masculino,Sim,38,Sim,Ator/Atriz,3.0,Medio,4.0,Cat_6,B,6037.71,15,1,9
5118,461436,Masculino,Sim,55,Sim,Ator/Atriz,8.0,Medio,2.0,Cat_2,C,11169.94,25,1,9
5119,463057,Feminino,Nao,25,Nao,Do Lar,1.0,Baixo,1.0,Cat_2,D,4404.37,26,1,7
5120,467609,Masculino,Nao,36,Nao,Ator/Atriz,2.0,Baixo,4.0,Cat_6,A,9210.83,19,1,7
5121,466451,Masculino,Sim,41,Sim,Entretenimento,0.0,Baixo,1.0,Cat_6,A,6455.16,24,1,6
5123,463589,Feminino,Nao,20,Nao,Enfermeiro,1.0,Baixo,3.0,Cat_6,D,12637.62,15,1,6
5125,459128,Feminino,Sim,78,Nao,Advogado,0.0,Alto,3.0,Cat_6,B,7506.25,9,2,10
5126,464957,Feminino,Sim,87,Nao,Advogado,0.0,Baixo,1.0,Cat_4,A,7507.46,3,1,9
5127,464835,Masculino,Nao,19,Nao,Enfermeiro,1.0,Baixo,6.0,Cat_4,D,12988.79,36,1,7
5128,466210,Feminino,Sim,60,Sim,Ator/Atriz,1.0,Alto,4.0,Cat_6,C,6721.26,17,2,8
5129,462351,Masculino,Sim,77,Nao,Advogado,1.0,Alto,2.0,Cat_6,C,5567.6,14,1,5
5130,460015,Feminino,Sim,43,Nao,Entretenimento,5.0,Baixo,1.0,Cat_3,D,7939.1,26,2,10
5131,463355,Feminino,Sim,51,Sim,Ator/Atriz,6.0,Medio,3.0,Cat_6,C,7435.52,11,1,7
5132,465354,Masculino,Nao,18,Nao,Medico,0.0,Baixo,5.0,Cat_2,C,9870.17,25,1,5
5133,464373,Feminino,Nao,46,Sim,Ator/Atriz,0.0,Baixo,2.0,Cat_6,B,6384.75,21,1,8
5134,459611,Feminino,Nao,20,Nao,Enfermeiro,1.0,Baixo,5.0,Cat_6,D,12672.98,16,1,9
5135,466487,Feminino,Nao,27,Sim,Enfermeiro,0.0,Baixo,5.0,Cat_4,A,8428.25,27,2,9
5136,462166,Masculino,Sim,26,Sim,Ator/Atriz,0.0,Baixo,2.0,Cat_1,C,6792.69,36,1,8
5137,461056,Feminino,Sim,57,Sim,Ator/Atriz,0.0,Alto,3.0,Cat_3,C,7159.72,3,1,3
5138,461488,Masculino,Sim,53,Sim,Ator/Atriz,6.0,Medio,2.0,Cat_6,C,8011.78,4,1,9
5139,465745,Masculino,Sim,38,Sim,Ator/Atriz,2.0,Baixo,2.0,Cat_6,C,5211.52,7,1,8
5140,464415,Masculino,Sim,41,Nao,Medico,1.0,Baixo,3.0,Cat_6,A,5526.21,34,1,9
5141,462727,Feminino,Sim,81,Nao,Advogado,0.0,Alto,2.0,Cat_6,A,3586.44,26,1,4
5143,462085,Feminino,Nao,30,Sim,Enfermeiro,0.0,Baixo,1.0,Cat_6,D,12374.57,20,1,8
5144,465226,Masculino,Sim,37,Nao,Entretenimento,2.0,Baixo,3.0,Cat_6,A,7200.15,21,2,6
5145,461465,Masculino,Sim,28,Sim,Ator/Atriz,9.0,Medio,2.0,Cat_6,A,7838.57,11,1,9
5146,461409,Masculino,Sim,43,Nao,Ator/Atriz,1.0,Alto,3.0,Cat_6,B,5486.4,26,1,8
5147,467791,Masculino,Nao,21,Nao,Medico,0.0,Baixo,5.0,Cat_7,D,6356.69,15,1,2
5148,463761,Masculino,Sim,33,Sim,Ator/Atriz,1.0,Medio,3.0,Cat_6,A,8883.62,18,2,10
5149,466098,Masculino,Sim,78,Sim,Advogado,1.0,Alto,2.0,Cat_6,A,2353.62,25,1,5
5150,465783,Masculino,Nao,23,Nao,Enfermeiro,1.0,Baixo,5.0,Cat_3,D,13339.36,29,4,10
5151,467796,Feminino,Nao,27,Nao,Enfermeiro,9.0,Baixo,2.0,Cat_6,A,13575.59,23,2,10
5152,464859,Feminino,Sim,45,Sim,Ator/Atriz,1.0,Medio,3.0,Cat_6,B,7131.6,3,4,4
5153,467386,Masculino,Nao,31,Nao,Medico,0.0,Baixo,1.0,Cat_6,D,5816.81,31,2,10
5154,461984,Masculino,Sim,42,Sim,Ator/Atriz,2.0,Medio,2.0,Cat_6,C,3781.43,6,1,6
5155,467205,Feminino,Nao,37,Sim,Enfermeiro,1.0,Baixo,3.0,Cat_6,C,15092.31,5,1,6
5156,464525,Masculino,Nao,33,Sim,Entretenimento,9.0,Baixo,2.0,Cat_6,D,6539.77,35,2,9
5157,467103,Masculino,Nao,32,Sim,Enfermeiro,1.0,Baixo,3.0,Cat_6,A,12038.42,27,2,3
5158,461067,Masculino,Nao,21,Nao,Enfermeiro,1.0,Baixo,3.0,Cat_3,D,13571.11,18,2,7
5159,462569,Feminino,Nao,32,Nao,Medico,7.0,Baixo,4.0,Cat_3,D,7232.14,17,1,10
5160,462069,Masculino,Sim,36,Sim,Ator/Atriz,0.0,Medio,2.0,Cat_6,B,3513.72,11,1,6
5161,465614,Masculino,Sim,43,Sim,Ator/Atriz,9.0,Baixo,2.0,Cat_6,C,5497.29,18,1,10
5162,460252,Masculino,Sim,41,Sim,Ator/Atriz,0.0,Baixo,2.0,Cat_6,A,10901.07,24,1,8
5164,462884,Feminino,Sim,55,Nao,Ator/Atriz,1.0,Baixo,2.0,Cat_3,B,2648.59,16,1,10
5166,465699,Feminino,Nao,38,Nao,Ator/Atriz,13.0,Baixo,2.0,Cat_4,D,6501.92,4,1,9
5167,466488,Masculino,Sim,62,Sim,Entretenimento,0.0,Medio,6.0,Cat_6,C,6065.54,17,1,3
5169,467063,Masculino,Sim,53,Sim,Entretenimento,1.0,Medio,2.0,Cat_6,B,6486.01,36,1,10
5170,461919,Masculino,Nao,38,Sim,Medico,0.0,Baixo,3.0,Cat_6,A,8084.75,3,1,10
5171,461844,Masculino,Sim,51,Nao,Ator/Atriz,2.0,Medio,4.0,Cat_7,C,4578.59,32,1,10
5172,464981,Masculino,Sim,45,Sim,Ator/Atriz,0.0,Medio,4.0,Cat_6,C,5173.56,4,2,8
5174,461078,Feminino,Nao,26,Nao,Do Lar,0.0,Baixo,6.0,Cat_3,A,4574.84,10,1,8
5175,465664,Feminino,Sim,84,Sim,Advogado,1.0,Baixo,1.0,Cat_6,A,8073.72,22,1,10
5176,467037,Masculino,Sim,56,Nao,Advogado,0.0,Alto,2.0,Cat_6,C,2481.67,23,1,10
5179,461545,Feminino,Sim,70,Sim,Ator/Atriz,1.0,Baixo,3.0,Cat_7,B,4764.11,15,1,5
5181,464003,Masculino,Nao,22,Nao,Enfermeiro,0.0,Baixo,4.0,Cat_2,D,13014.45,15,4,10
5182,466221,Masculino,Sim,48,Sim,Ator/Atriz,4.0,Baixo,1.0,Cat_6,B,5479.39,30,1,9
5183,465172,Feminino,Sim,41,Sim,Ator/Atriz,9.0,Medio,2.0,Cat_6,C,7224.43,30,1,8
5184,460621,Masculino,Sim,77,Sim,Advogado,0.0,Baixo,2.0,Cat_3,C,9206.67,13,1,7
5185,467702,Masculino,Sim,72,Sim,Ator/Atriz,6.0,Baixo,1.0,Cat_6,D,5369.72,17,1,9
5186,461036,Feminino,Nao,21,Nao,Enfermeiro,1.0,Baixo,3.0,Cat_3,D,14539.45,3,1,5
5187,460376,Feminino,Nao,29,Sim,Enfermeiro,3.0,Baixo,4.0,Cat_2,C,11455.02,28,2,3
5188,462595,Feminino,Nao,29,Sim,Ator/Atriz,7.0,Baixo,7.0,Cat_4,D,8863.77,1,1,6
5189,461195,Masculino,Nao,18,Nao,Enfermeiro,0.0,Baixo,2.0,Cat_4,D,13725.5,33,4,5
5191,466464,Feminino,Sim,48,Sim,Do Lar,3.0,Medio,2.0,Cat_3,B,4511.04,7,1,6
5192,466287,Feminino,Sim,48,Sim,Medico,1.0,Medio,2.0,Cat_2,A,4619.72,2,1,6
5193,462035,Feminino,Nao,37,Sim,Ator/Atriz,3.0,Baixo,1.0,Cat_6,C,11854.62,31,1,3
5194,463082,Masculino,Nao,32,Sim,Enfermeiro,9.0,Baixo,5.0,Cat_6,D,12709.06,7,4,10
5195,463600,Masculino,Nao,33,Nao,Enfermeiro,3.0,Baixo,5.0,Cat_2,B,11551.99,32,1,7
5196,465812,Masculino,Sim,47,Nao,Ator/Atriz,0.0,Medio,5.0,Cat_4,A,7783.56,2,1,6
5197,465048,Masculino,Sim,63,Sim,Ator/Atriz,1.0,Medio,3.0,Cat_4,C,3111.62,26,1,9
5198,460025,Feminino,Nao,26,Sim,Enfermeiro,5.0,Baixo,2.0,Cat_6,D,14428.46,23,4,8
5199,466764,Masculino,Sim,65,Sim,Advogado,11.0,Alto,2.0,Cat_6,C,5411.37,15,1,7
5200,462125,Masculino,Sim,22,Nao,Enfermeiro,1.0,Medio,4.0,Cat_7,D,13586.28,1,3,8
5202,467152,Masculino,Sim,43,Nao,Ator/Atriz,8.0,Baixo,1.0,Cat_6,A,8789.27,20,1,4
5203,466420,Masculino,Nao,27,Sim,Ator/Atriz,5.0,Baixo,4.0,Cat_3,B,11599.62,25,2,10
5204,460051,Masculino,Nao,42,Sim,Ator/Atriz,7.0,Baixo,1.0,Cat_6,A,3726.0,35,1,10
5205,463144,Masculino,Sim,45,Sim,Executivo,1.0,Alto,3.0,Cat_6,C,12437.29,8,1,10
5206,465438,Masculino,Nao,33,Sim,Medico,9.0,Baixo,6.0,Cat_4,D,9182.95,7,1,10
5207,460438,Masculino,Sim,58,Nao,Executivo,0.0,Alto,4.0,Cat_3,B,14013.31,9,3,10
5208,459032,Masculino,Nao,21,Nao,Medico,0.0,Baixo,3.0,Cat_6,A,8872.56,16,1,10
5209,461199,Feminino,Nao,85,Sim,Do Lar,4.0,Baixo,1.0,Cat_6,D,3934.18,30,1,9
5210,462061,Masculino,Nao,41,Nao,Medico,1.0,Baixo,3.0,Cat_6,B,3818.28,6,1,6
5212,460952,Masculino,Sim,38,Nao,Medico,0.0,Medio,5.0,Cat_6,A,5094.06,26,2,9
5213,459024,Masculino,Sim,50,Sim,Ator/Atriz,0.0,Medio,5.0,Cat_6,C,8646.67,32,1,5
5214,464010,Masculino,Nao,33,Nao,Enfermeiro,1.0,Baixo,4.0,Cat_6,C,9547.06,21,1,7
5215,459189,Masculino,Nao,26,Nao,Enfermeiro,1.0,Baixo,6.0,Cat_6,C,13430.29,6,1,8
5216,466972,Masculino,Sim,25,Sim,Ator/Atriz,12.0,Baixo,2.0,Cat_6,A,2907.97,3,1,10
5217,467072,Masculino,Sim,63,Nao,Executivo,1.0,Alto,3.0,Cat_6,C,9105.35,7,2,8
5218,460437,Feminino,Nao,26,Sim,Ator/Atriz,9.0,Baixo,1.0,Cat_6,A,7378.58,4,1,9
5220,463475,Feminino,Sim,36,Sim,Medico,0.0,Baixo,1.0,Cat_6,B,8144.08,10,1,8
5221,462237,Feminino,Nao,22,Nao,Enfermeiro,1.0,Baixo,9.0,Cat_4,D,11092.99,9,2,8
5222,460184,Masculino,Nao,27,Nao,Medico,9.0,Baixo,4.0,Cat_6,D,7507.61,12,2,2
5223,461287,Masculino,Sim,42,Sim,Executivo,1.0,Alto,5.0,Cat_6,B,3733.07,24,1,8
5224,462039,Masculino,Nao,21,Nao,Enfermeiro,1.0,Baixo,2.0,Cat_2,D,15450.74,10,4,9
5225,467482,Masculino,Sim,38,Sim,Executivo,0.0,Alto,3.0,Cat_6,C,2307.54,27,1,9
5226,459081,Masculino,Sim,63,Sim,Ator/Atriz,0.0,Medio,4.0,Cat_6,C,5405.51,13,1,10
5228,462984,Feminino,Sim,69,Sim,Ator/Atriz,1.0,Alto,2.0,Cat_6,B,7693.56,1,1,5
5229,459447,Masculino,Sim,53,Sim,Ator/Atriz,9.0,Baixo,1.0,Cat_6,B,2378.52,21,1,7
5230,466008,Masculino,Sim,36,Sim,Ator/Atriz,1.0,Baixo,2.0,Cat_6,C,4527.36,29,1,9
5231,467567,Masculino,Nao,27,Sim,Enfermeiro,1.0,Baixo,5.0,Cat_6,D,14880.62,3,1,6
5232,462836,Masculino,Nao,19,Nao,Enfermeiro,1.0,Baixo,3.0,Cat_6,D,13765.15,34,1,7
5233,459580,Feminino,Nao,51,Sim,Advogado,6.0,Baixo,1.0,Cat_6,B,3506.64,23,1,9
5234,460160,Masculino,Nao,43,Sim,Entretenimento,5.0,Baixo,1.0,Cat_3,D,4351.82,1,1,10
5235,460808,Masculino,Nao,42,Sim,Ator/Atriz,1.0,Baixo,1.0,Cat_6,B,5838.74,3,1,10
5236,467199,Masculino,Nao,37,Sim,Ator/Atriz,7.0,Baixo,2.0,Cat_6,A,3941.56,33,1,6
5237,466939,Masculino,Sim,66,Nao,Advogado,0.0,Alto,2.0,Cat_6,B,6777.44,30,2,9
5238,461796,Masculino,Sim,39,Sim,Ator/Atriz,1.0,Medio,2.0,Cat_1,A,7606.74,3,1,7
5239,464686,Feminino,Nao,21,Nao,Entretenimento,5.0,Baixo,5.0,Cat_4,D,6327.24,17,1,4
5240,460843,Masculino,Nao,21,Nao,Enfermeiro,1.0,Baixo,4.0,Cat_6,D,11116.85,1,1,9
5241,460370,Feminino,Sim,28,Sim,Executivo,8.0,Alto,2.0,Cat_6,C,11763.6,16,1,10
5242,465059,Masculino,Sim,56,Sim,Ator/Atriz,0.0,Medio,4.0,Cat_6,C,7087.13,35,2,10
5243,465925,Masculino,Nao,26,Sim,Enfermeiro,1.0,Baixo,1.0,Cat_6,D,12128.32,15,2,6
5244,464828,Masculino,Nao,18,Nao,Enfermeiro,8.0,Baixo,6.0,Cat_4,D,14495.74,3,1,10
5245,462230,Masculino,Nao,23,Nao,Enfermeiro,1.0,Baixo,8.0,Cat_4,D,13511.89,11,1,8
5246,466154,Feminino,Sim,45,Sim,Ator/Atriz,1.0,Medio,5.0,Cat_3,B,8956.16,11,2,9
5248,461692,Feminino,Sim,87,Nao,Ator/Atriz,0.0,Baixo,1.0,Cat_6,A,2560.18,34,1,7
5249,462019,Feminino,Sim,56,Sim,Ator/Atriz,5.0,Medio,4.0,Cat_6,C,8801.28,11,3,6
5250,460763,Masculino,Nao,47,Sim,Ator/Atriz,1.0,Baixo,2.0,Cat_6,B,8276.7,29,1,8
5251,465740,Feminino,Nao,68,Sim,Medico,1.0,Baixo,1.0,Cat_6,A,10850.45,33,1,10
5252,460865,Masculino,Nao,18,Nao,Enfermeiro,1.0,Baixo,3.0,Cat_4,D,11912.75,32,2,10
5253,459991,Masculino,Sim,40,Sim,Ator/Atriz,6.0,Baixo,1.0,Cat_6,A,6246.11,18,2,6
5254,463564,Feminino,Sim,41,Sim,Medico,0.0,Baixo,1.0,Cat_6,B,8534.05,25,2,10
5255,463749,Masculino,Nao,23,Nao,Enfermeiro,1.0,Baixo,4.0,Cat_6,D,12479.67,15,1,10
5256,464037,Masculino,Nao,35,Sim,Ator/Atriz,9.0,Baixo,1.0,Cat_6,B,6074.03,16,1,8
5257,459180,Masculino,Sim,66,Sim,Executivo,1.0,Alto,2.0,Cat_6,C,3614.19,24,1,9
5258,460901,Masculino,Nao,22,Nao,Medico,8.0,Baixo,3.0,Cat_6,D,5055.16,33,1,5
5259,465312,Masculino,Nao,23,Nao,Enfermeiro,0.0,Baixo,4.0,Cat_6,D,13476.04,36,2,2
5261,460444,Masculino,Sim,60,Nao,Ator/Atriz,0.0,Baixo,1.0,Cat_6,B,2522.83,10,1,8
5262,462209,Feminino,Sim,40,Nao,Ator/Atriz,0.0,Baixo,1.0,Cat_4,D,8249.36,16,1,6
5263,464132,Masculino,Nao,28,Nao,Entretenimento,1.0,Baixo,2.0,Cat_6,D,5997.59,7,1,7
5264,467601,Masculino,Sim,42,Nao,Ator/Atriz,6.0,Baixo,2.0,Cat_6,B,8432.72,23,1,8
5265,464458,Masculino,Nao,46,Sim,Ator/Atriz,1.0,Baixo,2.0,Cat_6,B,7037.07,10,1,4
5266,466346,Feminino,Nao,23,Nao,Enfermeiro,9.0,Baixo,4.0,Cat_4,D,13453.75,24,1,9
5267,465471,Masculino,Sim,43,Sim,Ator/Atriz,0.0,Baixo,1.0,Cat_6,B,4196.97,15,1,6
5268,460179,Feminino,Nao,20,Nao,Entretenimento,0.0,Baixo,6.0,Cat_2,B,8404.96,29,1,8
5270,461719,Masculino,Sim,82,Sim,Advogado,0.0,Baixo,1.0,Cat_6,D,3963.97,36,1,10
5271,460831,Masculino,Nao,21,Nao,Enfermeiro,0.0,Baixo,4.0,Cat_6,D,14238.07,19,1,9
5272,464974,Masculino,Sim,60,Nao,Ator/Atriz,0.0,Medio,2.0,Cat_4,B,7464.19,31,1,10
5273,465344,Feminino,Sim,71,Sim,Advogado,0.0,Alto,2.0,Cat_6,C,4909.97,15,1,8
5274,460398,Feminino,Nao,39,Sim,Entretenimento,7.0,Baixo,1.0,Cat_6,A,5455.9,12,1,10
5275,459725,Feminino,Sim,35,Sim,Ator/Atriz,1.0,Baixo,2.0,Cat_6,B,5628.35,10,1,8
5276,466580,Masculino,Nao,19,Nao,Enfermeiro,1.0,Baixo,4.0,Cat_7,D,13755.93,0,2,8
5277,464207,Masculino,Nao,53,Sim,Ator/Atriz,0.0,Baixo,1.0,Cat_6,A,11338.42,31,1,8
5278,461281,Masculino,Nao,23,Nao,Enfermeiro,4.0,Baixo,9.0,Cat_2,D,12680.81,1,1,8
5279,463360,Feminino,Sim,50,Sim,Ator/Atriz,4.0,Baixo,1.0,Cat_6,B,12786.49,28,1,5
5280,461622,Masculino,Sim,35,Sim,Executivo,4.0,Alto,4.0,Cat_6,C,10822.15,6,1,10
5281,462911,Masculino,Sim,32,Sim,Medico,11.0,Medio,2.0,Cat_6,A,6394.4,18,2,7
5283,467297,Feminino,Sim,53,Sim,Ator/Atriz,1.0,Medio,3.0,Cat_6,C,2011.3,30,1,9
5284,461744,Masculino,Sim,47,Sim,Ator/Atriz,0.0,Medio,4.0,Cat_6,B,5704.69,13,2,3
5286,460929,Masculino,Sim,50,Sim,Ator/Atriz,0.0,Medio,4.0,Cat_6,C,10269.3,5,3,7
5287,462840,Feminino,Nao,23,Nao,Enfermeiro,9.0,Baixo,3.0,Cat_6,D,11356.15,9,2,9
5288,460251,Feminino,Nao,30,Sim,Entretenimento,9.0,Baixo,1.0,Cat_6,D,6799.41,29,1,3
5289,465476,Feminino,Nao,28,Nao,Enfermeiro,3.0,Baixo,2.0,Cat_6,A,10005.56,30,1,9
5290,461534,Masculino,Sim,39,Sim,Ator/Atriz,1.0,Baixo,1.0,Cat_6,B,4793.31,28,1,2
5291,465097,Masculino,Sim,81,Nao,Advogado,1.0,Alto,2.0,Cat_6,A,5752.08,22,1,10
5293,460833,Masculino,Sim,30,Sim,Enfermeiro,0.0,Baixo,2.0,Cat_6,A,10439.8,37,1,7
5294,464425,Masculino,Nao,40,Sim,Ator/Atriz,8.0,Baixo,1.0,Cat_6,B,7940.67,23,2,3
5295,462231,Masculino,Nao,28,Sim,Ator/Atriz,4.0,Baixo,6.0,Cat_4,B,5858.36,21,1,7
5296,464688,Masculino,Sim,28,Sim,Medico,0.0,Baixo,9.0,Cat_4,D,7522.15,15,1,8
5297,466141,Feminino,Sim,60,Sim,Do Lar,1.0,Baixo,4.0,Cat_6,C,4689.45,8,1,7
5298,464435,Masculino,Sim,48,Sim,Entretenimento,1.0,Baixo,3.0,Cat_6,A,7534.48,14,1,10
5299,467824,Masculino,Sim,70,Sim,Advogado,3.0,Baixo,1.0,Cat_6,D,7102.92,20,1,10
5300,459670,Feminino,Sim,39,Sim,Entretenimento,7.0,Medio,2.0,Cat_6,B,7395.73,19,2,9
5301,462515,Masculino,Sim,42,Nao,Medico,5.0,Medio,5.0,Cat_6,B,9043.28,4,1,6
5302,461604,Masculino,Sim,38,Nao,Entretenimento,1.0,Medio,2.0,Cat_6,B,5838.51,36,1,10
5303,462472,Masculino,Nao,35,Sim,Ator/Atriz,0.0,Baixo,1.0,Cat_6,C,5965.13,0,1,10
5304,465149,Masculino,Sim,43,Sim,Entretenimento,1.0,Medio,3.0,Cat_6,B,5393.22,28,1,7
5305,459673,Feminino,Sim,83,Sim,Advogado,1.0,Baixo,1.0,Cat_6,B,3098.1,11,1,7
5306,465507,Masculino,Sim,43,Sim,Ator/Atriz,8.0,Baixo,1.0,Cat_6,B,9021.33,11,1,10
5307,467393,Feminino,Sim,46,Sim,Ator/Atriz,0.0,Medio,4.0,Cat_6,C,9981.88,30,1,7
5308,460713,Masculino,Sim,50,Sim,Medico,0.0,Medio,3.0,Cat_6,B,7997.89,32,2,9
5309,465366,Feminino,Nao,38,Sim,Ator/Atriz,8.0,Baixo,1.0,Cat_6,B,10784.03,7,3,9
5310,465073,Masculino,Sim,69,Nao,Executivo,1.0,Alto,2.0,Cat_6,C,14161.91,20,4,3
5311,464626,Feminino,Sim,38,Sim,Ator/Atriz,1.0,Medio,2.0,Cat_6,C,5776.79,20,2,10
5312,465450,Feminino,Nao,26,Sim,Enfermeiro,0.0,Baixo,3.0,Cat_6,D,15393.37,30,1,3
5313,461157,Masculino,Nao,37,Nao,Enfermeiro,0.0,Baixo,5.0,Cat_3,A,14088.13,28,1,10
5314,465032,Masculino,Sim,72,Sim,Executivo,0.0,Alto,2.0,Cat_6,C,16142.37,4,3,1
5315,460965,Masculino,Sim,52,Sim,Ator/Atriz,1.0,Medio,4.0,Cat_6,B,5482.76,30,1,7
5316,466166,Masculino,Sim,85,Sim,Advogado,1.0,Alto,2.0,Cat_4,A,7267.07,24,2,10
5317,460131,Feminino,Nao,29,Sim,Enfermeiro,6.0,Baixo,3.0,Cat_6,D,13615.73,4,2,9
5318,465577,Masculino,Nao,26,Nao,Enfermeiro,0.0,Baixo,4.0,Cat_3,C,13475.67,31,2,2
5319,463334,Feminino,Nao,33,Sim,Medico,0.0,Baixo,6.0,Cat_4,C,10467.97,8,1,7
5320,462100,Feminino,Nao,40,Sim,Enfermeiro,0.0,Baixo,1.0,Cat_2,D,11650.53,1,2,10
5321,467734,Masculino,Sim,79,Sim,Advogado,2.0,Alto,2.0,Cat_6,B,7290.52,12,1,7
5322,465932,Masculino,Nao,35,Nao,Ator/Atriz,1.0,Baixo,1.0,Cat_7,A,8755.49,12,2,7
5323,460377,Feminino,Sim,68,Sim,Advogado,0.0,Baixo,1.0,Cat_6,C,5040.88,4,1,7
5324,466288,Masculino,Sim,36,Sim,Ator/Atriz,7.0,Medio,5.0,Cat_2,B,8052.8,4,1,9
5325,459161,Masculino,Sim,51,Sim,Executivo,3.0,Alto,5.0,Cat_6,C,12478.59,9,1,10
5326,466959,Masculino,Sim,25,Sim,Ator/Atriz,8.0,Baixo,4.0,Cat_6,D,5264.4,3,1,8
5327,463747,Feminino,Sim,35,Sim,Ator/Atriz,0.0,Medio,2.0,Cat_6,C,7086.39,3,1,6
5328,460259,Masculino,Nao,21,Nao,Enfermeiro,1.0,Baixo,4.0,Cat_2,D,11125.59,35,1,9
5329,464494,Feminino,Sim,55,Sim,Ator/Atriz,1.0,Medio,4.0,Cat_3,C,2616.29,5,1,9
5330,466722,Masculino,Sim,35,Nao,Executivo,1.0,Alto,3.0,Cat_6,C,11307.04,14,1,9
5332,461522,Masculino,Sim,83,Nao,Executivo,1.0,Alto,2.0,Cat_6,D,10188.02,23,3,7
5333,459039,Masculino,Sim,45,Sim,Ator/Atriz,1.0,Medio,2.0,Cat_6,C,8764.26,18,1,10
5334,459452,Masculino,Sim,40,Sim,Ator/Atriz,9.0,Baixo,2.0,Cat_6,C,2365.44,28,1,9
5335,461713,Feminino,Nao,27,Sim,Ator/Atriz,1.0,Baixo,5.0,Cat_6,C,9942.22,3,1,10
5336,461567,Masculino,Sim,51,Nao,Entretenimento,7.0,Medio,3.0,Cat_6,C,6106.57,14,1,7
5337,461495,Masculino,Sim,35,Sim,Ator/Atriz,1.0,Medio,3.0,Cat_6,B,5125.61,33,1,9
5338,461781,Masculino,Sim,57,Sim,Ator/Atriz,0.0,Baixo,2.0,Cat_6,C,3062.3,23,1,10
5339,462126,Masculino,Sim,20,Nao,Enfermeiro,1.0,Medio,4.0,Cat_7,D,14532.1,5,1,9
5340,461247,Feminino,Nao,49,Sim,Ator/Atriz,4.0,Baixo,1.0,Cat_6,A,6849.74,28,1,10
5341,461620,Masculino,Nao,52,Sim,Entretenimento,1.0,Baixo,2.0,Cat_6,B,4661.67,27,1,8
5342,463286,Masculino,Sim,35,Sim,Ator/Atriz,1.0,Medio,3.0,Cat_6,C,4467.62,15,1,10
5343,466553,Masculino,Sim,39,Sim,Enfermeiro,1.0,Baixo,3.0,Cat_6,D,15410.0,9,1,8
5344,466239,Masculino,Sim,69,Sim,Executivo,0.0,Baixo,2.0,Cat_4,B,16367.9,6,2,6
5345,462393,Feminino,Nao,26,Sim,Entretenimento,6.0,Baixo,2.0,Cat_6,D,6099.82,14,1,7
5346,465502,Masculino,Sim,36,Sim,Ator/Atriz,8.0,Baixo,4.0,Cat_4,D,9658.56,29,4,7
5348,466934,Feminino,Sim,60,Sim,Ator/Atriz,0.0,Baixo,1.0,Cat_6,B,8198.73,35,1,8
5349,467965,Feminino,Nao,37,Sim,Enfermeiro,1.0,Baixo,2.0,Cat_6,A,12089.48,17,1,10
5350,465840,Feminino,Nao,42,Nao,Ator/Atriz,0.0,Baixo,1.0,Cat_5,D,2742.38,8,1,6
5351,465689,Masculino,Nao,22,Nao,Enfermeiro,9.0,Baixo,4.0,Cat_3,D,11699.91,5,1,7
5352,462982,Masculino,Sim,41,Nao,Medico,2.0,Medio,4.0,Cat_6,A,8705.72,9,1,10
5353,464262,Masculino,Sim,75,Nao,Executivo,0.0,Baixo,1.0,Cat_6,D,10728.04,18,2,7
5354,461687,Feminino,Sim,77,Sim,Ator/Atriz,0.0,Alto,2.0,Cat_6,B,6260.05,33,1,10
5355,464499,Masculino,Sim,43,Sim,Executivo,1.0,Alto,4.0,Cat_6,B,8929.5,28,1,7
5356,467778,Feminino,Nao,31,Sim,Enfermeiro,8.0,Baixo,4.0,Cat_6,C,15935.14,7,4,10
5357,466280,Masculino,Nao,33,Nao,Medico,1.0,Baixo,2.0,Cat_3,B,5842.63,12,1,10
5358,463523,Masculino,Sim,60,Sim,Executivo,1.0,Alto,4.0,Cat_6,B,9449.52,33,2,10
5359,462937,Feminino,Sim,61,Sim,Ator/Atriz,1.0,Baixo,2.0,Cat_6,C,8064.34,10,1,7
5360,460649,Feminino,Nao,29,Nao,Do Lar,8.0,Baixo,1.0,Cat_4,D,4557.47,10,1,5
5361,460911,Masculino,Nao,25,Sim,Enfermeiro,1.0,Baixo,4.0,Cat_6,D,14117.12,28,1,7
5362,462269,Masculino,Sim,83,Sim,Ator/Atriz,2.0,Alto,2.0,Cat_6,A,11454.14,24,2,5
5363,459279,Feminino,Nao,38,Sim,Ator/Atriz,7.0,Baixo,1.0,Cat_6,C,6363.0,18,1,7
5364,461566,Masculino,Nao,28,Sim,Ator/Atriz,0.0,Baixo,4.0,Cat_7,C,4310.01,34,1,10
5365,462324,Masculino,Sim,65,Sim,Entretenimento,0.0,Alto,2.0,Cat_6,A,6027.67,35,2,10
5366,463253,Feminino,Sim,61,Sim,Medico,0.0,Medio,4.0,Cat_7,B,7965.69,16,1,6
5368,462606,Masculino,Sim,36,Nao,Executivo,2.0,Alto,3.0,Cat_4,D,12231.65,27,2,4
5369,466961,Feminino,Sim,55,Sim,Ator/Atriz,2.0,Medio,2.0,Cat_6,C,7863.78,13,1,9
5370,459585,Feminino,Sim,46,Sim,Ator/Atriz,0.0,Medio,4.0,Cat_6,A,5310.21,3,1,6
5371,459304,Feminino,Sim,43,Sim,Ator/Atriz,8.0,Medio,2.0,Cat_6,B,8334.36,0,1,10
5372,462523,Masculino,Sim,57,Nao,Medico,4.0,Baixo,3.0,Cat_4,B,5709.25,1,1,5
5373,464805,Masculino,Sim,35,Nao,Medico,0.0,Baixo,1.0,Cat_4,A,6083.61,35,1,10
5374,465036,Masculino,Sim,65,Sim,Ator/Atriz,0.0,Medio,2.0,Cat_6,C,8813.81,17,1,8
5375,467953,Feminino,Sim,37,Sim,Ator/Atriz,0.0,Baixo,3.0,Cat_6,A,9731.67,1,1,10
5376,464381,Masculino,Sim,35,Sim,Ator/Atriz,4.0,Medio,2.0,Cat_6,A,6133.25,32,1,9
5377,466115,Masculino,Sim,37,Nao,Executivo,1.0,Baixo,2.0,Cat_6,A,11619.06,9,1,3
5378,467606,Masculino,Sim,38,Sim,Executivo,0.0,Medio,3.0,Cat_6,B,12345.02,22,1,7
5379,466340,Masculino,Nao,19,Nao,Enfermeiro,1.0,Baixo,3.0,Cat_4,D,13176.43,12,1,9
5380,459916,Masculino,Nao,36,Sim,Ator/Atriz,0.0,Baixo,1.0,Cat_3,B,8534.77,12,1,10
5381,462341,Masculino,Sim,61,Sim,Ator/Atriz,2.0,Medio,2.0,Cat_6,C,4473.22,6,1,3
5382,467613,Masculino,Sim,53,Nao,Ator/Atriz,1.0,Medio,6.0,Cat_6,A,2174.37,37,1,9
5383,462706,Masculino,Sim,45,Sim,Ator/Atriz,0.0,Baixo,1.0,Cat_6,C,6393.07,37,1,6
5384,466393,Feminino,Sim,42,Nao,Entretenimento,1.0,Baixo,6.0,Cat_3,B,6328.18,32,1,8
5385,461296,Feminino,Sim,83,Sim,Advogado,0.0,Alto,2.0,Cat_6,C,6256.75,18,1,10
5386,463987,Feminino,Nao,36,Sim,Ator/Atriz,0.0,Baixo,1.0,Cat_6,B,7645.6,4,1,5
5387,463073,Masculino,Sim,42,Sim,Ator/Atriz,1.0,Medio,3.0,Cat_6,C,5302.06,21,1,9
5388,466539,Feminino,Sim,80,Nao,Advogado,1.0,Alto,2.0,Cat_6,C,4314.53,7,1,9
5389,463311,Feminino,Nao,18,Nao,Enfermeiro,0.0,Baixo,5.0,Cat_3,D,11984.0,25,2,8
5390,461960,Masculino,Sim,57,Sim,Entretenimento,0.0,Baixo,2.0,Cat_6,A,6840.34,26,1,9
5392,461963,Feminino,Nao,43,Sim,Ator/Atriz,8.0,Baixo,1.0,Cat_6,A,5983.28,3,1,5
5393,465477,Masculino,Nao,31,Nao,Enfermeiro,1.0,Baixo,3.0,Cat_2,B,14274.95,24,1,7
5394,466472,Masculino,Nao,38,Sim,Medico,4.0,Baixo,1.0,Cat_2,B,4299.73,28,1,2
5395,467727,Masculino,Sim,45,Sim,Ator/Atriz,7.0,Alto,4.0,Cat_3,A,7290.23,23,1,10
5396,459341,Masculino,Sim,72,Sim,Advogado,0.0,Alto,2.0,Cat_6,C,6281.38,28,1,9
5397,466486,Feminino,Sim,43,Sim,Medico,9.0,Baixo,2.0,Cat_4,A,5496.24,28,1,10
5398,460284,Feminino,Nao,29,Sim,Entretenimento,8.0,Baixo,2.0,Cat_6,A,7079.83,2,1,9
5399,463704,Masculino,Nao,45,Sim,Ator/Atriz,1.0,Baixo,2.0,Cat_6,A,9347.94,18,1,10
5400,467061,Feminino,Nao,29,Sim,Do Lar,13.0,Baixo,1.0,Cat_6,A,4526.82,6,1,10
5401,464545,Masculino,Nao,43,Sim,Ator/Atriz,7.0,Baixo,3.0,Cat_6,A,9335.49,26,1,6
5402,464239,Feminino,Sim,42,Nao,Ator/Atriz,0.0,Medio,3.0,Cat_6,A,5759.74,27,1,9
5403,464996,Masculino,Sim,47,Nao,Entretenimento,9.0,Medio,6.0,Cat_6,C,4698.96,14,1,9
5404,461339,Masculino,Nao,26,Sim,Enfermeiro,1.0,Baixo,3.0,Cat_6,B,12071.51,12,1,7
5405,461581,Feminino,Sim,60,Sim,Advogado,1.0,Alto,3.0,Cat_6,C,7884.17,25,1,3
5406,460623,Masculino,Sim,41,Sim,Executivo,5.0,Baixo,2.0,Cat_1,A,11147.82,19,1,10
5407,467407,Masculino,Nao,27,Sim,Ator/Atriz,7.0,Baixo,3.0,Cat_6,D,10673.35,34,1,9
5408,460055,Feminino,Nao,46,Sim,Ator/Atriz,8.0,Baixo,1.0,Cat_6,C,7059.34,31,2,10
5409,467032,Feminino,Nao,25,Sim,Ator/Atriz,2.0,Baixo,2.0,Cat_6,A,1165.59,3,1,9
5410,467225,Feminino,Nao,22,Nao,Enfermeiro,1.0,Baixo,3.0,Cat_6,D,11008.35,36,1,10
5411,466509,Masculino,Sim,56,Nao,Executivo,1.0,Medio,3.0,Cat_6,B,5202.05,19,1,3
5412,463087,Feminino,Sim,35,Sim,Do Lar,9.0,Medio,2.0,Cat_4,B,4421.54,34,1,7
5413,459535,Masculino,Sim,50,Sim,Ator/Atriz,8.0,Medio,2.0,Cat_6,C,3653.2,8,1,6
5414,463636,Masculino,Nao,33,Nao,Medico,1.0,Baixo,6.0,Cat_4,A,7168.24,8,1,7
5415,466717,Feminino,Sim,69,Nao,Entretenimento,1.0,Baixo,2.0,Cat_3,B,6855.29,11,1,7
5417,466201,Masculino,Sim,42,Sim,Medico,1.0,Medio,5.0,Cat_4,C,7627.44,25,2,10
5418,467729,Masculino,Sim,61,Sim,Entretenimento,3.0,Medio,6.0,Cat_6,B,5501.84,34,1,10
5419,460234,Feminino,Nao,20,Nao,Enfermeiro,4.0,Baixo,6.0,Cat_2,D,11025.63,15,2,10
5421,460915,Masculino,Sim,40,Nao,Entretenimento,5.0,Baixo,4.0,Cat_3,D,6127.46,29,1,8
5422,466002,Masculino,Sim,51,Sim,Medico,1.0,Alto,2.0,Cat_3,C,5793.03,16,2,5
5423,459641,Feminino,Sim,58,Sim,Ator/Atriz,4.0,Medio,5.0,Cat_6,C,7706.51,27,2,9
5424,463995,Feminino,Nao,33,Sim,Enfermeiro,1.0,Baixo,5.0,Cat_6,C,14218.49,0,3,8
5425,463903,Masculino,Nao,26,Nao,Entretenimento,0.0,Baixo,2.0,Cat_6,A,8523.06,4,1,1
5426,466378,Masculino,Sim,58,Nao,Executivo,4.0,Alto,3.0,Cat_6,C,10374.27,12,1,10
5427,459270,Masculino,Sim,65,Sim,Do Lar,0.0,Alto,2.0,Cat_6,A,4518.52,28,1,6
5429,461667,Masculino,Sim,42,Sim,Medico,0.0,Medio,2.0,Cat_6,C,7580.14,3,2,9
5431,461212,Feminino,Nao,30,Nao,Do Lar,10.0,Baixo,6.0,Cat_6,D,4434.32,10,1,7
5432,461697,Masculino,Sim,79,Nao,Advogado,1.0,Baixo,1.0,Cat_6,D,6687.38,32,1,10
5433,459913,Feminino,Sim,51,Nao,Enfermeiro,0.0,Alto,3.0,Cat_4,D,12545.62,23,4,8
5434,461288,Masculino,Nao,26,Sim,Medico,1.0,Baixo,4.0,Cat_6,C,7043.02,25,1,6
5435,465669,Feminino,Sim,37,Nao,Entretenimento,2.0,Medio,4.0,Cat_4,A,7301.45,27,2,6
5436,460934,Feminino,Nao,25,Nao,Medico,0.0,Baixo,2.0,Cat_6,D,9396.78,31,1,10
5438,465034,Feminino,Sim,83,Sim,Executivo,1.0,Alto,3.0,Cat_6,A,10293.98,34,1,9
5439,463947,Masculino,Sim,35,Sim,Entretenimento,0.0,Medio,3.0,Cat_6,C,6347.06,25,1,6
5440,465785,Masculino,Nao,21,Nao,Enfermeiro,3.0,Baixo,7.0,Cat_4,D,10689.74,34,2,10
5442,459898,Masculino,Sim,45,Sim,Ator/Atriz,0.0,Medio,2.0,Cat_6,C,4186.34,23,1,9
5443,463790,Masculino,Sim,51,Nao,Executivo,0.0,Baixo,4.0,Cat_4,B,10592.03,26,1,6
5444,465487,Masculino,Nao,25,Sim,Entretenimento,1.0,Baixo,3.0,Cat_6,A,6602.24,31,1,7
5445,465147,Masculino,Nao,29,Sim,Enfermeiro,2.0,Baixo,3.0,Cat_6,C,13160.95,23,3,8
5448,459152,Feminino,Nao,40,Sim,Ator/Atriz,8.0,Baixo,2.0,Cat_6,B,5328.76,24,1,10
5449,464605,Feminino,Sim,65,Sim,Advogado,1.0,Baixo,1.0,Cat_6,A,5371.39,25,2,9
5450,466481,Masculino,Nao,40,Sim,Ator/Atriz,2.0,Baixo,1.0,Cat_3,B,8264.05,19,1,10
5451,462097,Masculino,Sim,42,Sim,Medico,8.0,Medio,2.0,Cat_2,B,7632.84,32,1,10
5452,460636,Masculino,Sim,45,Sim,Ator/Atriz,2.0,Medio,3.0,Cat_3,D,11497.08,0,3,10
5454,463239,Feminino,Nao,30,Nao,Medico,1.0,Baixo,3.0,Cat_2,D,7583.46,34,1,8
5455,460081,Masculino,Sim,35,Sim,Ator/Atriz,10.0,Alto,2.0,Cat_6,B,4738.03,36,1,7
5456,466891,Feminino,Sim,53,Nao,Do Lar,9.0,Baixo,1.0,Cat_6,A,4577.0,20,1,10
5457,463519,Feminino,Sim,58,Sim,Ator/Atriz,0.0,Medio,2.0,Cat_6,C,6754.98,3,1,8
5458,467632,Feminino,Sim,88,Sim,Ator/Atriz,1.0,Alto,2.0,Cat_6,C,5229.83,9,1,10
5460,467611,Masculino,Nao,39,Sim,Ator/Atriz,9.0,Baixo,1.0,Cat_6,A,6547.2,33,1,3
5461,465481,Feminino,Nao,28,Nao,Ator/Atriz,1.0,Baixo,4.0,Cat_4,B,4481.88,12,1,9
5462,459095,Masculino,Sim,35,Nao,Entretenimento,9.0,Baixo,3.0,Cat_1,A,4344.79,20,1,10
5463,464896,Masculino,Sim,76,Nao,Executivo,1.0,Alto,2.0,Cat_4,A,12633.24,33,1,7
5464,460414,Feminino,Nao,33,Sim,Enfermeiro,0.0,Baixo,1.0,Cat_6,D,11504.42,20,1,10
5465,461420,Feminino,Sim,59,Sim,Medico,5.0,Baixo,2.0,Cat_6,A,6804.69,17,2,8
5466,463375,Feminino,Sim,45,Sim,Medico,0.0,Baixo,1.0,Cat_4,B,6267.96,34,1,10
5468,459236,Feminino,Sim,86,Nao,Advogado,0.0,Alto,2.0,Cat_6,B,3605.9,32,1,9
5469,466576,Feminino,Nao,20,Nao,Enfermeiro,0.0,Baixo,4.0,Cat_6,D,13901.22,7,4,9
5470,462012,Feminino,Nao,25,Nao,Enfermeiro,0.0,Baixo,8.0,Cat_7,B,12931.27,28,1,7
5471,462533,Feminino,Nao,33,Sim,Entretenimento,0.0,Baixo,3.0,Cat_6,A,5839.83,32,2,4
5472,460171,Feminino,Sim,62,Sim,Ator/Atriz,0.0,Alto,2.0,Cat_6,C,4991.27,29,1,10
5473,466385,Feminino,Sim,55,Sim,Ator/Atriz,4.0,Medio,4.0,Cat_7,C,11203.54,14,3,8
5474,465418,Masculino,Nao,39,Sim,Ator/Atriz,0.0,Baixo,1.0,Cat_1,A,5245.02,36,1,10
5475,464411,Masculino,Nao,30,Sim,Enfermeiro,3.0,Baixo,6.0,Cat_7,D,14120.61,22,1,9
5476,463254,Feminino,Sim,37,Nao,Executivo,0.0,Alto,2.0,Cat_1,A,10237.55,36,2,6
5478,461557,Masculino,Nao,38,Sim,Ator/Atriz,6.0,Baixo,4.0,Cat_2,A,7345.27,22,1,10
5479,462946,Masculino,Sim,52,Nao,Ator/Atriz,1.0,Baixo,2.0,Cat_6,A,6336.35,4,2,9
5483,459618,Masculino,Sim,59,Sim,Medico,0.0,Medio,2.0,Cat_4,C,8798.9,7,1,3
5484,466494,Masculino,Sim,71,Nao,Entretenimento,0.0,Medio,3.0,Cat_6,A,7155.22,33,1,4
5485,462432,Masculino,Sim,37,Sim,Executivo,1.0,Medio,2.0,Cat_6,B,14984.63,27,4,8
5486,464268,Feminino,Nao,51,Sim,Ator/Atriz,0.0,Baixo,1.0,Cat_6,A,4536.5,12,1,6
5487,461305,Masculino,Nao,22,Nao,Enfermeiro,1.0,Baixo,3.0,Cat_6,D,12077.75,36,2,10
5488,462006,Masculino,Sim,28,Sim,Ator/Atriz,1.0,Medio,2.0,Cat_6,B,6444.2,36,1,6
5489,463917,Feminino,Nao,22,Nao,Enfermeiro,1.0,Baixo,8.0,Cat_4,D,12429.07,4,1,8
5490,463979,Feminino,Sim,48,Sim,Do Lar,1.0,Alto,2.0,Cat_2,C,4440.74,6,1,10
5491,465780,Feminino,Nao,23,Nao,Enfermeiro,1.0,Baixo,4.0,Cat_6,D,13964.65,11,3,2
5493,467596,Masculino,Sim,37,Nao,Ator/Atriz,1.0,Baixo,5.0,Cat_3,C,3735.06,29,1,8
5494,459250,Masculino,Sim,50,Sim,Medico,1.0,Medio,4.0,Cat_6,C,6361.53,19,1,9
5495,460468,Feminino,Nao,50,Sim,Executivo,1.0,Baixo,1.0,Cat_6,A,16174.69,25,2,8
5496,466131,Feminino,Nao,43,Sim,Ator/Atriz,1.0,Baixo,1.0,Cat_6,D,3364.83,19,1,7
5498,464067,Feminino,Nao,28,Sim,Entretenimento,0.0,Baixo,4.0,Cat_2,B,6295.96,19,2,10
5499,462299,Feminino,Nao,33,Nao,Enfermeiro,7.0,Baixo,6.0,Cat_6,C,12315.73,2,4,9
5500,466165,Feminino,Nao,49,Sim,Ator/Atriz,0.0,Baixo,1.0,Cat_2,B,4074.24,10,1,10
5501,460237,Feminino,Nao,40,Sim,Enfermeiro,9.0,Baixo,1.0,Cat_4,D,13404.66,35,2,2
5502,459087,Feminino,Nao,21,Nao,Medico,0.0,Baixo,3.0,Cat_6,C,7893.62,8,2,10
5504,460472,Masculino,Sim,49,Nao,Medico,1.0,Medio,3.0,Cat_4,A,3556.02,16,1,6
5505,461145,Feminino,Sim,36,Sim,Entretenimento,0.0,Baixo,2.0,Cat_3,A,5863.06,21,1,9
5507,462561,Feminino,Sim,48,Sim,Ator/Atriz,4.0,Medio,2.0,Cat_6,C,4487.91,29,1,9
5508,466015,Masculino,Sim,69,Nao,Entretenimento,3.0,Baixo,8.0,Cat_6,A,6868.04,8,2,10
5512,461635,Masculino,Sim,43,Sim,Executivo,6.0,Alto,3.0,Cat_6,C,17813.47,18,1,10
5513,464687,Masculino,Sim,36,Sim,Ator/Atriz,9.0,Medio,5.0,Cat_4,D,3390.56,22,1,9
5514,459685,Masculino,Sim,36,Sim,Ator/Atriz,0.0,Medio,2.0,Cat_7,C,3886.38,3,1,10
5515,466617,Feminino,Nao,23,Nao,Enfermeiro,4.0,Baixo,3.0,Cat_6,D,12825.57,27,1,6
5516,465973,Feminino,Sim,50,Sim,Ator/Atriz,8.0,Medio,2.0,Cat_6,B,4574.61,34,1,7
5517,459312,Masculino,Nao,22,Nao,Enfermeiro,1.0,Baixo,4.0,Cat_4,D,11707.95,33,1,10
5518,467863,Feminino,Sim,35,Sim,Medico,0.0,Medio,3.0,Cat_6,C,5658.37,11,1,2
5519,461659,Feminino,Sim,52,Sim,Ator/Atriz,0.0,Medio,2.0,Cat_6,C,7372.89,17,1,10
5520,466272,Feminino,Sim,68,Sim,Advogado,0.0,Medio,3.0,Cat_6,C,3077.86,25,1,6
5521,459292,Masculino,Nao,46,Sim,Ator/Atriz,1.0,Baixo,2.0,Cat_6,C,5575.05,22,2,9
5522,463710,Masculino,Nao,49,Sim,Entretenimento,0.0,Baixo,1.0,Cat_2,B,6701.86,27,1,10
5523,463856,Masculino,Sim,37,Sim,Ator/Atriz,0.0,Medio,2.0,Cat_4,C,8283.66,13,1,10
5524,467545,Masculino,Sim,53,Sim,Ator/Atriz,9.0,Medio,2.0,Cat_6,B,4025.78,11,1,9
5526,460409,Feminino,Nao,43,Sim,Ator/Atriz,8.0,Baixo,4.0,Cat_6,D,2918.99,6,1,10
5527,465342,Masculino,Sim,83,Sim,Executivo,0.0,Alto,2.0,Cat_6,A,12821.07,34,1,6
5528,460249,Feminino,Nao,25,Sim,Entretenimento,9.0,Baixo,2.0,Cat_6,A,6032.94,5,1,10
5529,464231,Masculino,Sim,45,Sim,Ator/Atriz,0.0,Medio,4.0,Cat_6,C,3145.2,1,1,5
5531,467597,Feminino,Sim,65,Sim,Advogado,0.0,Baixo,1.0,Cat_6,A,2703.68,2,1,10
5532,459256,Feminino,Sim,46,Sim,Ator/Atriz,0.0,Alto,4.0,Cat_6,B,5647.82,21,1,1
5533,459962,Masculino,Sim,59,Sim,Ator/Atriz,8.0,Baixo,1.0,Cat_6,B,2829.35,23,1,6
5534,463546,Feminino,Nao,30,Sim,Enfermeiro,0.0,Baixo,2.0,Cat_6,C,13502.3,4,1,5
5535,464197,Masculino,Sim,29,Nao,Enfermeiro,5.0,Baixo,2.0,Cat_6,D,14881.6,26,4,10
5536,465146,Masculino,Sim,58,Sim,Ator/Atriz,9.0,Baixo,1.0,Cat_6,B,6046.24,10,1,8
5537,462412,Masculino,Sim,71,Nao,Ator/Atriz,1.0,Baixo,5.0,Cat_6,C,12490.61,25,2,7
5538,464279,Masculino,Sim,53,Nao,Executivo,1.0,Baixo,5.0,Cat_6,A,15665.83,1,3,10
5539,463381,Masculino,Sim,36,Sim,Medico,8.0,Medio,4.0,Cat_3,C,8583.18,5,1,9
5542,461105,Feminino,Nao,49,Sim,Entretenimento,0.0,Baixo,1.0,Cat_3,D,6067.19,19,2,10
5543,464328,Masculino,Sim,84,Nao,Advogado,1.0,Alto,2.0,Cat_6,B,6273.61,7,1,9
5544,462797,Masculino,Sim,30,Sim,Enfermeiro,0.0,Baixo,4.0,Cat_6,A,12083.63,14,1,8
5545,461008,Masculino,Nao,26,Nao,Enfermeiro,1.0,Baixo,4.0,Cat_3,A,11619.77,16,1,10
5546,461412,Feminino,Sim,41,Sim,Ator/Atriz,5.0,Alto,3.0,Cat_5,B,3628.54,12,1,10
5547,462283,Masculino,Nao,25,Nao,Enfermeiro,4.0,Baixo,5.0,Cat_6,D,14677.55,9,3,10
5548,467683,Masculino,Sim,26,Sim,Enfermeiro,9.0,Alto,3.0,Cat_2,D,12213.26,35,2,7
5549,463727,Feminino,Nao,27,Nao,Medico,0.0,Baixo,5.0,Cat_3,A,7039.91,11,1,4
5550,459497,Feminino,Sim,80,Sim,Advogado,0.0,Baixo,1.0,Cat_6,C,5485.14,10,1,10
5551,464407,Feminino,Sim,50,Sim,Enfermeiro,1.0,Baixo,3.0,Cat_6,D,11926.92,25,1,3
5552,465116,Feminino,Sim,66,Sim,Ator/Atriz,0.0,Baixo,2.0,Cat_6,C,8982.43,31,2,10
5553,462957,Masculino,Sim,58,Nao,Executivo,1.0,Alto,5.0,Cat_6,B,7597.65,11,1,10
5554,465292,Feminino,Nao,42,Sim,Medico,0.0,Baixo,3.0,Cat_6,B,5810.63,22,2,9
5555,464359,Feminino,Nao,37,Sim,Ator/Atriz,0.0,Baixo,3.0,Cat_6,B,6916.87,10,1,10
5556,461838,Masculino,Sim,49,Sim,Ator/Atriz,0.0,Baixo,1.0,Cat_6,C,3456.38,21,1,8
5557,464624,Masculino,Nao,39,Sim,Entretenimento,3.0,Baixo,2.0,Cat_1,A,7357.69,13,1,5
5558,466705,Masculino,Sim,69,Nao,Advogado,0.0,Baixo,3.0,Cat_6,C,5928.38,0,1,6
5559,459849,Feminino,Sim,50,Sim,Ator/Atriz,1.0,Alto,5.0,Cat_6,C,9347.58,4,2,10
5560,463273,Masculino,Sim,37,Sim,Entretenimento,8.0,Medio,2.0,Cat_3,B,6492.08,9,1,8
5561,461551,Masculino,Sim,61,Nao,Entretenimento,1.0,Baixo,2.0,Cat_6,A,5801.76,10,1,5
5562,464129,Masculino,Sim,52,Sim,Executivo,1.0,Alto,4.0,Cat_1,C,20343.08,8,5,3
5563,464031,Feminino,Nao,23,Nao,Enfermeiro,1.0,Baixo,4.0,Cat_6,D,11237.67,25,1,9
5565,464348,Masculino,Nao,43,Sim,Ator/Atriz,1.0,Baixo,2.0,Cat_6,A,1859.89,3,1,8
5566,460904,Feminino,Nao,35,Nao,Entretenimento,1.0,Baixo,1.0,Cat_6,B,6359.89,16,1,9
5567,466484,Feminino,Sim,52,Nao,Executivo,1.0,Baixo,1.0,Cat_3,A,12516.34,25,1,6
5568,461674,Masculino,Sim,48,Sim,Executivo,0.0,Alto,4.0,Cat_6,C,7271.19,21,1,10
5569,464297,Masculino,Nao,26,Nao,Ator/Atriz,8.0,Baixo,5.0,Cat_5,A,4480.58,2,1,8
5570,462322,Feminino,Nao,49,Sim,Ator/Atriz,1.0,Baixo,2.0,Cat_2,C,5451.85,6,1,8
5571,459974,Masculino,Nao,37,Sim,Entretenimento,0.0,Baixo,1.0,Cat_6,A,6741.06,13,2,8
5572,461003,Masculino,Nao,30,Nao,Executivo,13.0,Baixo,4.0,Cat_3,D,17142.85,19,2,9
5573,464939,Masculino,Nao,43,Nao,Entretenimento,0.0,Baixo,1.0,Cat_4,D,7718.87,19,1,8
5574,461905,Feminino,Nao,42,Sim,Ator/Atriz,0.0,Baixo,3.0,Cat_6,C,10187.1,2,4,10
5575,466952,Masculino,Sim,60,Sim,Ator/Atriz,0.0,Medio,2.0,Cat_6,C,3372.25,10,1,2
5576,460484,Feminino,Nao,23,Nao,Enfermeiro,4.0,Baixo,7.0,Cat_3,D,10927.54,33,1,10
5577,462346,Masculino,Sim,81,Sim,Advogado,9.0,Baixo,1.0,Cat_6,B,3362.74,14,1,8
5579,461689,Masculino,Nao,33,Sim,Ator/Atriz,1.0,Baixo,2.0,Cat_6,C,8258.46,10,1,10
5580,464846,Masculino,Nao,25,Nao,Entretenimento,8.0,Baixo,2.0,Cat_4,D,7095.38,32,2,4
5581,462254,Masculino,Sim,38,Nao,Executivo,1.0,Medio,5.0,Cat_2,B,14202.29,27,1,9
5582,462708,Masculino,Sim,25,Sim,Executivo,8.0,Alto,2.0,Cat_6,A,4644.54,17,1,6
5583,467806,Masculino,Sim,62,Sim,Ator/Atriz,1.0,Alto,2.0,Cat_6,B,8338.12,37,2,10
5584,461173,Masculino,Sim,45,Sim,Ator/Atriz,1.0,Baixo,4.0,Cat_3,B,8026.36,17,2,10
5585,465912,Feminino,Nao,63,Sim,Ator/Atriz,1.0,Baixo,2.0,Cat_6,B,4737.51,9,1,7
5586,461341,Feminino,Sim,39,Sim,Ator/Atriz,0.0,Alto,2.0,Cat_6,A,7994.23,30,1,6
5588,461654,Feminino,Nao,67,Sim,Ator/Atriz,0.0,Baixo,1.0,Cat_7,B,5203.4,1,1,8
5589,459147,Masculino,Sim,81,Sim,Entretenimento,1.0,Baixo,1.0,Cat_6,D,6317.59,16,1,10
5590,464611,Masculino,Nao,31,Sim,Ator/Atriz,1.0,Baixo,4.0,Cat_7,C,5545.6,8,1,10
5591,460356,Masculino,Nao,22,Nao,Enfermeiro,1.0,Baixo,4.0,Cat_6,D,13756.76,21,1,9
5593,466505,Feminino,Sim,42,Nao,Ator/Atriz,8.0,Alto,5.0,Cat_6,B,11170.02,5,1,9
5594,464717,Masculino,Sim,25,Nao,Executivo,4.0,Alto,8.0,Cat_4,D,16770.64,5,1,10
5595,464620,Feminino,Sim,41,Sim,Ator/Atriz,1.0,Alto,2.0,Cat_6,B,7972.22,8,1,10
5596,462333,Feminino,Sim,40,Sim,Ator/Atriz,1.0,Baixo,1.0,Cat_6,D,6037.38,30,2,8
5597,463910,Feminino,Sim,50,Sim,Ator/Atriz,0.0,Medio,2.0,Cat_6,C,2614.19,1,1,10
5598,459262,Feminino,Nao,31,Nao,Entretenimento,9.0,Baixo,4.0,Cat_6,C,5989.32,15,1,7
5599,467808,Feminino,Sim,63,Sim,Ator/Atriz,0.0,Medio,2.0,Cat_6,C,6601.21,4,1,10
5600,460992,Masculino,Sim,57,Nao,Executivo,0.0,Alto,4.0,Cat_6,A,13629.76,15,1,8
5601,459950,Feminino,Nao,40,Sim,Ator/Atriz,0.0,Baixo,1.0,Cat_6,A,1805.22,19,1,5
5602,467461,Feminino,Sim,45,Sim,Ator/Atriz,8.0,Alto,3.0,Cat_6,B,8233.76,17,1,10
5603,464177,Masculino,Nao,25,Sim,Enfermeiro,1.0,Baixo,3.0,Cat_6,D,13176.0,19,1,9
5604,463918,Feminino,Nao,22,Nao,Enfermeiro,0.0,Baixo,4.0,Cat_4,D,14422.66,9,1,10
5605,464326,Feminino,Nao,38,Sim,Ator/Atriz,1.0,Baixo,3.0,Cat_6,A,6009.2,15,1,9
5606,465612,Masculino,Sim,37,Sim,Ator/Atriz,9.0,Medio,2.0,Cat_6,C,7635.06,11,2,10
5607,463872,Masculino,Sim,78,Nao,Advogado,1.0,Alto,2.0,Cat_2,A,6869.14,16,1,6
5608,466883,Feminino,Sim,37,Sim,Ator/Atriz,2.0,Medio,2.0,Cat_6,B,4487.63,11,1,9
5609,467477,Masculino,Sim,43,Sim,Enfermeiro,5.0,Medio,2.0,Cat_6,D,13367.09,35,2,7
5610,461307,Masculino,Nao,23,Nao,Enfermeiro,1.0,Baixo,4.0,Cat_6,D,13719.39,17,1,2
5611,463509,Masculino,Nao,43,Nao,Ator/Atriz,0.0,Baixo,1.0,Cat_3,D,7934.03,15,2,5
5612,461470,Masculino,Sim,43,Sim,Ator/Atriz,2.0,Medio,2.0,Cat_6,C,7671.93,13,1,10
5613,466138,Masculino,Sim,71,Nao,Advogado,3.0,Alto,2.0,Cat_6,D,5748.63,8,1,7
5614,460034,Feminino,Sim,38,Sim,Ator/Atriz,8.0,Baixo,1.0,Cat_6,D,6473.12,7,1,10
5615,465088,Masculino,Sim,48,Sim,Executivo,9.0,Alto,4.0,Cat_6,B,14077.98,16,3,9
5616,462375,Masculino,Sim,53,Sim,Ator/Atriz,1.0,Medio,3.0,Cat_6,C,8954.95,5,2,10
5619,465788,Masculino,Nao,22,Nao,Enfermeiro,1.0,Baixo,6.0,Cat_4,D,14900.06,12,3,10
5620,463934,Feminino,Sim,43,Sim,Ator/Atriz,3.0,Medio,2.0,Cat_6,C,10078.11,8,1,8
5621,466728,Masculino,Sim,28,Nao,Medico,0.0,Medio,2.0,Cat_6,A,5829.44,17,1,10
5622,461737,Feminino,Sim,48,Sim,Medico,1.0,Medio,6.0,Cat_4,B,7033.88,22,1,7
5623,460972,Masculino,Sim,42,Sim,Ator/Atriz,14.0,Baixo,2.0,Cat_6,A,7169.97,26,1,9
5624,461210,Feminino,Nao,38,Sim,Enfermeiro,0.0,Baixo,4.0,Cat_6,A,14135.09,36,4,3
5626,465513,Masculino,Nao,43,Sim,Entretenimento,1.0,Baixo,2.0,Cat_6,B,6781.72,10,1,9
5627,461732,Feminino,Sim,46,Sim,Ator/Atriz,1.0,Medio,2.0,Cat_2,C,4586.13,31,1,10
5629,460257,Feminino,Nao,28,Sim,Enfermeiro,1.0,Baixo,6.0,Cat_6,D,11170.39,13,2,8
5631,461544,Masculino,Sim,82,Nao,Advogado,1.0,Alto,2.0,Cat_6,A,5853.77,34,2,7
5632,462749,Masculino,Sim,49,Sim,Ator/Atriz,1.0,Baixo,2.0,Cat_6,C,8778.62,24,1,4
5633,461472,Feminino,Sim,41,Sim,Ator/Atriz,0.0,Medio,2.0,Cat_6,C,2926.82,0,1,10
5634,467659,Masculino,Sim,66,Sim,Entretenimento,0.0,Medio,2.0,Cat_6,B,6402.96,7,1,7
5635,466859,Masculino,Nao,22,Nao,Enfermeiro,0.0,Baixo,5.0,Cat_2,D,13241.71,15,2,10
5636,460101,Feminino,Nao,31,Sim,Enfermeiro,9.0,Baixo,3.0,Cat_3,D,13145.55,15,1,10
5637,461885,Feminino,Sim,49,Sim,Ator/Atriz,3.0,Alto,5.0,Cat_6,C,7888.85,8,2,9
5638,460982,Masculino,Sim,77,Nao,Advogado,1.0,Alto,2.0,Cat_6,A,9513.9,9,1,9
5639,460503,Masculino,Nao,41,Sim,Entretenimento,0.0,Baixo,2.0,Cat_3,B,5200.96,35,1,9
5640,460814,Masculino,Sim,78,Nao,Entretenimento,0.0,Baixo,1.0,Cat_6,D,6115.22,36,1,10
5641,459981,Masculino,Nao,41,Sim,Ator/Atriz,7.0,Baixo,1.0,Cat_6,A,6841.71,37,1,10
5642,463776,Feminino,Sim,39,Sim,Ator/Atriz,3.0,Medio,2.0,Cat_6,C,8578.52,25,2,10
5643,467746,Masculino,Sim,50,Sim,Executivo,0.0,Alto,3.0,Cat_6,B,8897.92,3,2,10
5644,460151,Masculino,Sim,35,Sim,Ator/Atriz,3.0,Medio,2.0,Cat_6,C,3616.66,29,1,4
5645,467145,Feminino,Sim,52,Sim,Medico,1.0,Medio,3.0,Cat_6,B,5902.9,10,1,7
5647,461424,Masculino,Sim,63,Nao,Enfermeiro,0.0,Medio,4.0,Cat_4,B,15391.87,4,1,10
5648,464237,Feminino,Sim,47,Sim,Ator/Atriz,0.0,Baixo,3.0,Cat_6,B,8294.17,4,1,5
5649,459995,Feminino,Nao,38,Nao,Ator/Atriz,4.0,Baixo,2.0,Cat_6,A,6586.31,0,1,8
5650,465896,Masculino,Nao,32,Nao,Medico,2.0,Baixo,2.0,Cat_6,D,8898.69,34,1,9
5651,463639,Masculino,Nao,31,Nao,Enfermeiro,0.0,Baixo,6.0,Cat_6,D,12001.56,28,1,6
5652,463292,Masculino,Sim,36,Nao,Executivo,1.0,Alto,3.0,Cat_6,B,5833.61,36,1,9
5653,462484,Masculino,Sim,67,Sim,Ator/Atriz,0.0,Baixo,1.0,Cat_6,D,3682.56,24,1,6
5654,465198,Masculino,Sim,53,Sim,Entretenimento,8.0,Medio,4.0,Cat_6,C,7247.26,27,1,10
5655,467820,Masculino,Sim,51,Sim,Ator/Atriz,0.0,Baixo,1.0,Cat_3,B,4999.93,32,1,9
5656,465817,Masculino,Sim,56,Nao,Executivo,0.0,Baixo,2.0,Cat_4,A,7589.15,2,1,4
5657,464244,Masculino,Sim,72,Sim,Executivo,1.0,Alto,4.0,Cat_6,B,14473.97,28,1,9
5658,465717,Feminino,Sim,42,Sim,Ator/Atriz,2.0,Medio,2.0,Cat_6,C,5202.65,4,1,9
5659,460461,Feminino,Sim,26,Nao,Do Lar,9.0,Medio,2.0,Cat_3,A,4246.99,14,1,4
5660,466931,Masculino,Nao,37,Sim,Entretenimento,1.0,Baixo,2.0,Cat_3,A,7950.25,25,2,4
5661,461106,Masculino,Nao,18,Nao,Enfermeiro,1.0,Baixo,4.0,Cat_3,D,12435.97,20,1,7
5663,459331,Feminino,Nao,70,Sim,Advogado,0.0,Baixo,1.0,Cat_6,D,5433.59,7,1,8
5664,466396,Feminino,Nao,19,Nao,Enfermeiro,1.0,Baixo,5.0,Cat_3,D,11815.93,31,1,10
5665,463135,Masculino,Sim,46,Sim,Ator/Atriz,5.0,Medio,2.0,Cat_3,C,3707.48,23,1,9
5666,463418,Masculino,Sim,53,Nao,Executivo,1.0,Alto,4.0,Cat_6,A,12014.39,6,2,10
5667,467300,Feminino,Sim,50,Sim,Ator/Atriz,0.0,Baixo,1.0,Cat_6,B,10198.6,33,2,7
5668,465518,Feminino,Sim,43,Sim,Ator/Atriz,1.0,Medio,3.0,Cat_4,B,1266.52,16,1,10
5669,461964,Feminino,Nao,23,Nao,Enfermeiro,0.0,Baixo,4.0,Cat_7,D,13609.49,0,1,9
5670,463190,Feminino,Sim,61,Sim,Ator/Atriz,0.0,Medio,2.0,Cat_4,B,4637.33,10,1,8
5671,461771,Masculino,Sim,27,Sim,Medico,9.0,Medio,2.0,Cat_6,A,4815.38,30,1,10
5672,466082,Feminino,Sim,83,Sim,Advogado,1.0,Baixo,1.0,Cat_6,C,4593.7,8,1,10
5673,461241,Masculino,Sim,32,Sim,Enfermeiro,5.0,Baixo,2.0,Cat_6,D,12939.28,5,1,10
5674,460741,Masculino,Sim,58,Sim,Ator/Atriz,1.0,Medio,5.0,Cat_6,B,5292.66,10,1,3
5675,461752,Masculino,Sim,67,Sim,Medico,1.0,Medio,3.0,Cat_6,C,6296.99,14,1,4
5676,461030,Feminino,Nao,19,Nao,Enfermeiro,8.0,Baixo,5.0,Cat_3,D,13210.29,16,1,8
5677,459097,Masculino,Sim,88,Sim,Advogado,0.0,Alto,2.0,Cat_6,A,3111.81,8,1,9
5678,464615,Masculino,Sim,35,Sim,Ator/Atriz,7.0,Baixo,2.0,Cat_6,A,9777.89,6,2,8
5679,460928,Masculino,Sim,45,Sim,Ator/Atriz,0.0,Medio,4.0,Cat_6,B,5362.13,7,3,9
5680,467682,Feminino,Sim,35,Sim,Ator/Atriz,9.0,Medio,4.0,Cat_6,B,8032.8,30,1,10
5681,463480,Feminino,Sim,27,Nao,Enfermeiro,0.0,Baixo,2.0,Cat_6,D,9495.38,5,2,10
5682,462370,Masculino,Sim,35,Sim,Executivo,4.0,Alto,3.0,Cat_6,B,5096.75,22,1,7
5683,459148,Feminino,Nao,20,Nao,Enfermeiro,2.0,Baixo,3.0,Cat_4,D,14497.12,18,2,8
5684,462588,Masculino,Sim,41,Nao,Entretenimento,12.0,Medio,3.0,Cat_4,A,7068.39,0,1,10
5685,466102,Feminino,Nao,33,Nao,Enfermeiro,1.0,Baixo,6.0,Cat_3,C,14019.71,22,1,10
5686,464482,Masculino,Sim,58,Sim,Ator/Atriz,0.0,Baixo,1.0,Cat_6,C,10814.77,13,1,6
5687,463078,Masculino,Sim,86,Nao,Executivo,0.0,Alto,2.0,Cat_6,A,6717.91,24,1,9
5689,461151,Masculino,Nao,32,Sim,Ator/Atriz,0.0,Baixo,3.0,Cat_3,D,6479.6,15,1,7
5690,466397,Masculino,Nao,20,Nao,Enfermeiro,0.0,Baixo,3.0,Cat_3,D,11872.56,10,4,9
5691,463743,Masculino,Nao,32,Nao,Ator/Atriz,0.0,Baixo,4.0,Cat_6,D,8730.99,1,1,8
5692,467753,Feminino,Sim,69,Nao,Ator/Atriz,0.0,Alto,2.0,Cat_6,C,7677.57,20,1,8
5693,465666,Feminino,Nao,35,Sim,Entretenimento,9.0,Baixo,4.0,Cat_6,C,5261.63,6,1,10
5694,463105,Feminino,Nao,72,Sim,Advogado,1.0,Baixo,2.0,Cat_6,D,7703.47,22,1,9
5695,465280,Feminino,Sim,37,Sim,Ator/Atriz,0.0,Baixo,1.0,Cat_6,C,11024.16,21,4,1
5696,465578,Masculino,Nao,33,Sim,Enfermeiro,4.0,Baixo,1.0,Cat_6,D,12058.6,35,1,9
5697,466560,Masculino,Sim,40,Nao,Executivo,0.0,Medio,4.0,Cat_4,D,10350.44,12,2,8
5698,459897,Feminino,Sim,55,Sim,Ator/Atriz,1.0,Baixo,2.0,Cat_6,C,8782.8,1,1,5
5699,466440,Masculino,Sim,23,Nao,Executivo,1.0,Alto,9.0,Cat_6,A,5760.83,30,1,10
5700,464647,Feminino,Sim,51,Nao,Medico,1.0,Alto,1.0,Cat_4,D,6600.0,5,1,10
5701,460851,Masculino,Sim,69,Nao,Medico,0.0,Medio,3.0,Cat_6,B,9717.98,8,1,3
5702,467122,Feminino,Sim,73,Nao,Advogado,0.0,Alto,2.0,Cat_6,C,6946.65,10,1,10
5704,459440,Feminino,Nao,53,Sim,Ator/Atriz,1.0,Baixo,1.0,Cat_6,B,2361.14,4,1,10
5705,459521,Feminino,Sim,46,Sim,Ator/Atriz,0.0,Medio,4.0,Cat_1,A,3746.13,30,1,10
5707,462218,Masculino,Sim,53,Nao,Executivo,0.0,Medio,5.0,Cat_4,B,21126.28,0,5,7
5708,467673,Masculino,Sim,50,Nao,Executivo,0.0,Alto,4.0,Cat_6,B,6590.01,8,1,5
5709,461295,Feminino,Sim,66,Sim,Ator/Atriz,1.0,Medio,3.0,Cat_6,C,12512.97,27,2,10
5710,466035,Feminino,Sim,86,Sim,Advogado,1.0,Baixo,2.0,Cat_6,B,6290.57,26,1,9
5711,459830,Feminino,Nao,27,Sim,Medico,8.0,Baixo,1.0,Cat_6,A,5793.03,19,1,5
5712,462080,Feminino,Nao,42,Sim,Ator/Atriz,8.0,Baixo,1.0,Cat_6,C,4211.35,32,1,9
5714,467058,Masculino,Sim,82,Nao,Executivo,1.0,Alto,2.0,Cat_6,B,13105.65,7,1,8
5715,461122,Masculino,Sim,26,Nao,Entretenimento,8.0,Baixo,2.0,Cat_4,D,6053.84,18,1,7
5717,463697,Feminino,Nao,32,Sim,Ator/Atriz,6.0,Baixo,7.0,Cat_4,A,2755.71,27,1,8
5718,460592,Masculino,Nao,20,Nao,Enfermeiro,1.0,Baixo,5.0,Cat_3,D,14096.31,24,2,9
5719,465995,Masculino,Nao,27,Nao,Entretenimento,0.0,Baixo,3.0,Cat_2,D,5393.29,2,1,6
5720,461293,Masculino,Nao,22,Nao,Enfermeiro,0.0,Baixo,4.0,Cat_6,D,11726.34,16,1,2
5721,467020,Masculino,Sim,80,Sim,Advogado,0.0,Alto,3.0,Cat_6,B,1720.71,33,1,9
5722,467175,Masculino,Sim,77,Sim,Advogado,0.0,Baixo,1.0,Cat_6,D,6711.05,37,1,7
5723,465154,Masculino,Nao,22,Nao,Enfermeiro,1.0,Baixo,2.0,Cat_4,D,10015.5,28,1,8
5724,466666,Feminino,Sim,32,Sim,Enfermeiro,0.0,Baixo,2.0,Cat_6,A,10580.88,28,1,10
5725,462859,Masculino,Sim,49,Sim,Entretenimento,1.0,Medio,2.0,Cat_6,A,7274.93,20,2,10
5726,467483,Masculino,Sim,55,Sim,Executivo,0.0,Alto,9.0,Cat_6,A,10116.12,10,2,10
5727,466950,Masculino,Nao,28,Sim,Entretenimento,1.0,Baixo,2.0,Cat_3,D,6858.1,31,2,9
5728,466884,Feminino,Sim,42,Nao,Medico,1.0,Baixo,1.0,Cat_6,A,7587.68,9,1,10
5729,463203,Feminino,Nao,20,Nao,Enfermeiro,1.0,Baixo,3.0,Cat_7,D,11247.06,11,1,10
5731,466162,Feminino,Sim,73,Sim,Medico,0.0,Baixo,1.0,Cat_4,B,7743.0,33,1,5
5733,462970,Masculino,Sim,28,Nao,Medico,0.0,Medio,2.0,Cat_6,D,6400.72,33,2,7
5734,463988,Feminino,Sim,35,Sim,Entretenimento,9.0,Medio,2.0,Cat_2,A,6646.39,14,2,3
5735,466500,Feminino,Sim,48,Sim,Ator/Atriz,3.0,Alto,3.0,Cat_4,B,5910.56,15,1,10
5736,460826,Feminino,Nao,32,Sim,Ator/Atriz,0.0,Baixo,3.0,Cat_4,D,2509.55,11,1,3
5737,466714,Masculino,Sim,66,Sim,Executivo,0.0,Medio,2.0,Cat_6,C,20426.75,8,2,9
5738,467876,Feminino,Sim,47,Sim,Ator/Atriz,8.0,Alto,2.0,Cat_6,C,2670.53,35,1,10
5739,465204,Masculino,Sim,28,Sim,Enfermeiro,1.0,Baixo,2.0,Cat_6,C,12425.14,24,1,2
5740,461851,Feminino,Sim,35,Sim,Ator/Atriz,3.0,Medio,2.0,Cat_6,C,5968.83,4,1,1
5741,460823,Feminino,Sim,75,Sim,Advogado,1.0,Alto,2.0,Cat_6,B,4145.93,23,1,9
5742,459328,Masculino,Sim,48,Sim,Executivo,1.0,Alto,3.0,Cat_6,B,12193.3,18,1,6
5743,466541,Masculino,Nao,41,Sim,Entretenimento,1.0,Baixo,4.0,Cat_6,A,6815.33,6,1,9
5744,461817,Feminino,Nao,25,Nao,Medico,1.0,Baixo,3.0,Cat_6,D,9562.12,8,2,8
5745,459187,Feminino,Sim,52,Nao,Medico,0.0,Medio,3.0,Cat_4,B,12752.18,8,3,10
5746,464352,Masculino,Sim,58,Sim,Medico,0.0,Medio,2.0,Cat_6,C,7038.13,14,1,6
5747,459814,Feminino,Nao,49,Sim,Ator/Atriz,0.0,Baixo,3.0,Cat_2,B,6354.42,6,1,10
5749,467169,Masculino,Nao,53,Sim,Ator/Atriz,0.0,Baixo,1.0,Cat_6,B,5210.95,11,1,9
5750,461362,Feminino,Nao,27,Sim,Medico,0.0,Baixo,4.0,Cat_6,D,8319.44,4,1,10
5751,462942,Feminino,Nao,33,Sim,Entretenimento,0.0,Baixo,4.0,Cat_4,A,5862.23,29,1,6
5752,463088,Feminino,Sim,89,Sim,Advogado,0.0,Alto,2.0,Cat_6,C,5468.35,7,2,9
5753,463924,Feminino,Nao,40,Sim,Ator/Atriz,1.0,Baixo,1.0,Cat_5,B,6305.9,2,1,8
5754,462794,Masculino,Nao,27,Nao,Enfermeiro,10.0,Baixo,5.0,Cat_6,D,14091.2,11,4,3
5755,462399,Masculino,Sim,37,Sim,Executivo,1.0,Baixo,6.0,Cat_6,D,10736.36,25,1,10
5756,465593,Masculino,Sim,56,Nao,Advogado,0.0,Alto,3.0,Cat_3,A,5048.31,13,1,8
5757,465437,Masculino,Sim,48,Sim,Executivo,2.0,Alto,5.0,Cat_6,C,15362.51,1,2,3
5759,463167,Masculino,Sim,39,Sim,Medico,1.0,Medio,3.0,Cat_6,A,6269.99,7,1,6
5760,462141,Feminino,Nao,39,Sim,Ator/Atriz,9.0,Baixo,1.0,Cat_6,C,2374.02,37,1,10
5761,460760,Masculino,Sim,60,Nao,Ator/Atriz,1.0,Alto,4.0,Cat_3,B,4612.61,19,1,9
5763,465041,Feminino,Sim,50,Nao,Ator/Atriz,0.0,Medio,4.0,Cat_4,C,7638.87,15,1,4
5764,467226,Feminino,Nao,20,Nao,Entretenimento,1.0,Baixo,4.0,Cat_6,C,5515.12,24,1,10
5766,466175,Masculino,Sim,25,Sim,Medico,1.0,Baixo,2.0,Cat_6,C,5060.21,13,1,9
5767,460212,Masculino,Sim,37,Sim,Entretenimento,11.0,Baixo,6.0,Cat_6,D,6543.02,16,1,4
5769,460373,Masculino,Nao,20,Nao,Enfermeiro,2.0,Baixo,3.0,Cat_6,D,11415.99,8,2,9
5770,463728,Feminino,Sim,30,Nao,Medico,1.0,Medio,6.0,Cat_6,B,10017.73,11,4,10
5771,466596,Feminino,Sim,83,Sim,Ator/Atriz,0.0,Alto,2.0,Cat_6,C,8703.64,20,1,9
5772,465945,Feminino,Nao,52,Sim,Ator/Atriz,0.0,Baixo,1.0,Cat_6,D,2378.81,36,1,2
5773,464825,Feminino,Nao,19,Nao,Enfermeiro,7.0,Baixo,1.0,Cat_4,D,11755.78,34,2,10
5775,463477,Masculino,Nao,31,Nao,Enfermeiro,1.0,Baixo,4.0,Cat_4,C,12213.9,22,2,6
5776,465744,Masculino,Sim,51,Sim,Ator/Atriz,0.0,Medio,2.0,Cat_2,C,3993.84,23,1,10
5777,467093,Feminino,Sim,53,Sim,Ator/Atriz,8.0,Medio,2.0,Cat_6,A,9464.12,9,2,10
5778,464351,Feminino,Nao,31,Sim,Enfermeiro,1.0,Baixo,1.0,Cat_6,D,12572.43,22,4,6
5779,466955,Masculino,Sim,57,Nao,Entretenimento,0.0,Baixo,4.0,Cat_3,A,7139.35,11,1,8
5780,462305,Masculino,Sim,36,Sim,Ator/Atriz,0.0,Medio,5.0,Cat_6,C,5012.65,0,2,5
5782,461022,Masculino,Sim,69,Sim,Ator/Atriz,0.0,Baixo,1.0,Cat_3,A,7648.37,30,2,6
5783,463146,Masculino,Sim,37,Nao,Entretenimento,11.0,Medio,2.0,Cat_6,B,6351.1,32,1,9
5784,459150,Feminino,Nao,49,Sim,Medico,0.0,Baixo,1.0,Cat_6,A,5568.89,36,1,5
5786,466395,Feminino,Sim,37,Sim,Medico,2.0,Alto,2.0,Cat_4,A,6521.17,34,2,10
5787,465028,Feminino,Sim,68,Sim,Advogado,3.0,Alto,4.0,Cat_6,C,7796.23,9,1,5
5788,464189,Feminino,Nao,42,Sim,Ator/Atriz,1.0,Baixo,2.0,Cat_6,A,8011.59,32,1,10
5789,466043,Feminino,Sim,46,Sim,Ator/Atriz,1.0,Medio,4.0,Cat_6,B,7240.9,21,1,2
5790,460585,Masculino,Nao,49,Nao,Entretenimento,1.0,Baixo,3.0,Cat_3,D,7156.59,10,2,10
5792,465759,Masculino,Sim,33,Nao,Ator/Atriz,1.0,Baixo,3.0,Cat_4,A,11681.79,13,3,5
5794,459425,Feminino,Sim,87,Sim,Advogado,0.0,Alto,2.0,Cat_6,A,3841.72,32,1,7
5795,460716,Masculino,Sim,52,Sim,Entretenimento,0.0,Medio,4.0,Cat_6,B,5395.07,27,1,9
5797,467250,Masculino,Sim,63,Sim,Entretenimento,6.0,Baixo,2.0,Cat_6,D,4425.78,11,1,7
5798,460169,Feminino,Sim,89,Sim,Advogado,1.0,Alto,2.0,Cat_2,C,5279.95,30,1,6
5799,462401,Masculino,Sim,31,Nao,Executivo,1.0,Medio,2.0,Cat_4,D,5473.96,3,1,7
5800,464290,Feminino,Nao,41,Sim,Ator/Atriz,0.0,Baixo,1.0,Cat_6,C,2097.02,11,1,4
5801,464599,Feminino,Sim,50,Sim,Ator/Atriz,1.0,Alto,7.0,Cat_2,B,2044.55,35,1,10
5804,463897,Feminino,Sim,36,Sim,Do Lar,8.0,Medio,5.0,Cat_6,B,4675.1,15,1,9
5805,464401,Feminino,Sim,66,Sim,Advogado,4.0,Baixo,1.0,Cat_6,B,2677.39,17,1,8
5807,466092,Masculino,Sim,65,Sim,Ator/Atriz,1.0,Medio,4.0,Cat_6,B,7080.48,15,1,10
5808,466469,Feminino,Nao,23,Nao,Enfermeiro,1.0,Baixo,4.0,Cat_3,D,18801.41,21,2,2
5809,459804,Masculino,Sim,45,Nao,Ator/Atriz,3.0,Alto,4.0,Cat_6,C,5580.16,22,2,9
5810,460548,Masculino,Nao,33,Nao,Entretenimento,1.0,Baixo,5.0,Cat_3,D,7099.23,20,2,7
5811,459733,Masculino,Sim,48,Sim,Executivo,1.0,Alto,3.0,Cat_6,A,13383.66,37,2,9
5812,466830,Masculino,Nao,28,Sim,Enfermeiro,5.0,Baixo,4.0,Cat_6,D,13625.6,6,2,10
5813,466849,Feminino,Nao,27,Sim,Ator/Atriz,0.0,Baixo,8.0,Cat_4,C,7333.76,18,1,4
5815,466531,Feminino,Sim,49,Sim,Entretenimento,2.0,Medio,3.0,Cat_6,A,5821.15,30,1,8
5816,467378,Feminino,Sim,56,Sim,Ator/Atriz,1.0,Medio,2.0,Cat_6,C,11024.18,35,1,5
5817,461087,Feminino,Sim,29,Nao,Ator/Atriz,0.0,Medio,2.0,Cat_3,A,3885.97,33,1,10
5818,465754,Feminino,Sim,57,Sim,Ator/Atriz,0.0,Medio,4.0,Cat_6,C,4728.84,5,1,7
5819,466708,Masculino,Sim,65,Nao,Entretenimento,1.0,Baixo,1.0,Cat_6,A,5853.35,2,1,9
5821,467266,Feminino,Nao,32,Nao,Enfermeiro,0.0,Baixo,4.0,Cat_3,C,14226.12,6,2,6
5822,464304,Masculino,Sim,35,Sim,Ator/Atriz,1.0,Baixo,1.0,Cat_3,A,3899.27,23,1,8
5823,464393,Feminino,Sim,82,Sim,Advogado,1.0,Alto,2.0,Cat_6,A,8644.57,19,2,9
5825,465203,Masculino,Nao,32,Sim,Enfermeiro,2.0,Baixo,3.0,Cat_6,C,14074.61,4,1,8
5826,461860,Feminino,Sim,81,Sim,Advogado,1.0,Alto,2.0,Cat_6,C,2747.67,2,1,5
5827,459934,Masculino,Nao,49,Sim,Ator/Atriz,0.0,Baixo,1.0,Cat_6,B,5252.63,37,1,10
5829,459967,Masculino,Nao,27,Sim,Entretenimento,9.0,Baixo,3.0,Cat_6,B,5212.85,36,1,7
5830,464493,Feminino,Sim,66,Sim,Advogado,6.0,Medio,4.0,Cat_5,B,4059.24,29,1,10
5831,463020,Masculino,Sim,31,Sim,Ator/Atriz,0.0,Medio,3.0,Cat_1,D,6696.29,13,4,10
5832,466704,Masculino,Sim,53,Sim,Medico,4.0,Medio,2.0,Cat_6,C,5905.33,10,2,10
5833,462950,Feminino,Nao,29,Sim,Medico,0.0,Baixo,5.0,Cat_3,D,10613.74,18,1,9
5834,465560,Masculino,Sim,60,Sim,Entretenimento,1.0,Medio,5.0,Cat_3,B,8093.46,4,1,7
5835,465114,Feminino,Nao,43,Nao,Medico,4.0,Baixo,6.0,Cat_7,B,6312.02,1,2,10
5836,464908,Masculino,Sim,73,Sim,Entretenimento,5.0,Baixo,1.0,Cat_4,A,8482.51,13,1,8
5837,464109,Masculino,Sim,47,Nao,Entretenimento,0.0,Medio,3.0,Cat_6,C,4442.1,17,1,7
5838,463748,Masculino,Nao,20,Nao,Enfermeiro,1.0,Baixo,3.0,Cat_6,D,13589.06,30,1,9
5839,461808,Masculino,Sim,38,Sim,Ator/Atriz,0.0,Baixo,2.0,Cat_7,B,3785.13,1,1,9
5840,461716,Feminino,Sim,56,Sim,Advogado,5.0,Alto,9.0,Cat_6,C,3382.87,12,1,8
5841,466409,Masculino,Sim,51,Sim,Ator/Atriz,0.0,Medio,5.0,Cat_6,C,10367.3,33,1,7
5842,464160,Masculino,Sim,27,Sim,Ator/Atriz,4.0,Medio,2.0,Cat_6,A,5339.14,36,1,7
5843,462459,Masculino,Nao,30,Sim,Ator/Atriz,2.0,Baixo,2.0,Cat_6,A,5904.4,22,1,3
5844,463347,Masculino,Sim,49,Sim,Ator/Atriz,1.0,Medio,4.0,Cat_2,A,3520.81,15,1,6
5845,461117,Feminino,Nao,30,Sim,Enfermeiro,0.0,Baixo,6.0,Cat_3,D,10674.3,10,3,2
5846,467023,Masculino,Sim,26,Nao,Medico,9.0,Medio,2.0,Cat_6,A,5874.66,7,1,7
5847,465068,Masculino,Sim,42,Sim,Ator/Atriz,3.0,Medio,4.0,Cat_6,B,5252.08,17,1,7
5848,462239,Masculino,Sim,49,Sim,Executivo,1.0,Alto,5.0,Cat_5,C,13308.4,4,1,9
5849,467472,Masculino,Sim,59,Sim,Executivo,3.0,Alto,4.0,Cat_6,B,8619.6,20,1,5
5850,466286,Feminino,Sim,49,Sim,Ator/Atriz,0.0,Medio,5.0,Cat_2,C,7541.36,2,1,8
5851,463767,Masculino,Sim,32,Sim,Ator/Atriz,9.0,Medio,2.0,Cat_6,C,7456.73,21,2,8
5852,466653,Masculino,Sim,41,Sim,Entretenimento,5.0,Baixo,1.0,Cat_6,A,5606.72,35,2,5
5853,464982,Masculino,Sim,71,Sim,Executivo,1.0,Alto,4.0,Cat_6,B,18215.68,27,2,8
5854,465021,Masculino,Sim,62,Sim,Entretenimento,0.0,Medio,3.0,Cat_6,C,6690.76,19,1,10
5855,460079,Feminino,Nao,41,Nao,Medico,0.0,Baixo,1.0,Cat_6,A,9594.99,21,1,10
5856,460092,Masculino,Nao,41,Sim,Medico,2.0,Baixo,2.0,Cat_6,C,6283.54,14,1,5
5857,466172,Masculino,Sim,53,Sim,Ator/Atriz,3.0,Medio,3.0,Cat_6,C,5997.77,34,1,9
5858,463370,Masculino,Sim,46,Sim,Medico,2.0,Baixo,4.0,Cat_3,A,3900.94,29,1,10
5859,463030,Masculino,Sim,50,Sim,Executivo,1.0,Alto,3.0,Cat_6,C,12377.5,37,2,8
5860,465359,Feminino,Sim,40,Nao,Ator/Atriz,1.0,Baixo,1.0,Cat_6,C,10096.0,17,2,10
5861,462504,Feminino,Nao,49,Nao,Ator/Atriz,9.0,Baixo,1.0,Cat_1,B,3946.22,33,1,9
5862,465937,Feminino,Nao,30,Sim,Enfermeiro,9.0,Baixo,3.0,Cat_6,D,15073.12,23,1,10
5863,460534,Masculino,Sim,36,Sim,Ator/Atriz,0.0,Medio,4.0,Cat_6,B,4888.39,28,1,10
5864,461032,Feminino,Sim,66,Sim,Advogado,0.0,Alto,3.0,Cat_6,C,5648.17,18,2,10
5865,463785,Feminino,Nao,27,Nao,Enfermeiro,0.0,Baixo,4.0,Cat_4,C,10805.89,34,3,7
5866,461358,Masculino,Nao,42,Nao,Entretenimento,1.0,Baixo,3.0,Cat_6,A,6773.63,0,1,10
5867,464803,Masculino,Nao,28,Nao,Medico,1.0,Baixo,1.0,Cat_4,A,5177.31,23,1,9
5868,460960,Masculino,Sim,48,Sim,Entretenimento,6.0,Baixo,2.0,Cat_7,B,6702.98,15,2,7
5869,461461,Masculino,Sim,36,Nao,Entretenimento,9.0,Medio,2.0,Cat_6,B,5995.26,4,1,9
5870,466960,Masculino,Sim,40,Sim,Ator/Atriz,1.0,Baixo,2.0,Cat_6,B,3286.06,28,1,9
5871,466674,Feminino,Sim,57,Sim,Ator/Atriz,0.0,Alto,2.0,Cat_6,C,4050.22,14,1,2
5872,460037,Feminino,Nao,42,Sim,Entretenimento,5.0,Baixo,7.0,Cat_6,A,7695.97,13,1,8
5873,460166,Feminino,Nao,21,Nao,Enfermeiro,1.0,Baixo,7.0,Cat_2,D,12386.04,7,2,6
5874,461403,Feminino,Nao,27,Sim,Enfermeiro,0.0,Baixo,4.0,Cat_6,D,11022.13,26,1,9
5875,464453,Feminino,Sim,46,Sim,Ator/Atriz,4.0,Alto,5.0,Cat_6,C,6390.78,4,1,3
5878,464440,Masculino,Sim,87,Sim,Advogado,0.0,Alto,2.0,Cat_6,A,2413.27,33,1,8
5879,467197,Masculino,Nao,27,Sim,Enfermeiro,1.0,Baixo,3.0,Cat_6,D,14104.76,11,1,6
5881,466127,Masculino,Sim,51,Sim,Medico,1.0,Medio,4.0,Cat_6,A,7852.68,23,1,10
5882,467918,Masculino,Sim,48,Sim,Ator/Atriz,7.0,Medio,2.0,Cat_6,C,11478.29,0,1,7
5883,462696,Masculino,Sim,52,Nao,Ator/Atriz,0.0,Alto,2.0,Cat_6,A,4578.99,6,1,5
5884,464135,Feminino,Sim,68,Sim,Advogado,0.0,Alto,2.0,Cat_6,B,6095.22,17,1,10
5885,467586,Masculino,Sim,35,Sim,Ator/Atriz,3.0,Medio,3.0,Cat_6,B,2581.06,9,1,6
5886,460794,Feminino,Sim,39,Sim,Do Lar,9.0,Baixo,1.0,Cat_6,D,4271.56,12,1,10
5887,460155,Feminino,Sim,53,Sim,Ator/Atriz,2.0,Alto,2.0,Cat_2,C,8367.18,37,1,10
5888,464606,Masculino,Sim,41,Sim,Ator/Atriz,1.0,Medio,2.0,Cat_6,C,4961.44,32,1,10
5889,465856,Masculino,Sim,41,Sim,Ator/Atriz,11.0,Alto,2.0,Cat_6,A,6205.07,3,2,7
5891,462848,Feminino,Sim,23,Nao,Enfermeiro,7.0,Alto,2.0,Cat_6,B,14380.51,29,1,9
5892,461666,Feminino,Sim,35,Sim,Ator/Atriz,0.0,Alto,2.0,Cat_7,C,8608.22,12,1,5
5893,459773,Masculino,Sim,51,Sim,Executivo,1.0,Baixo,3.0,Cat_6,C,11882.26,14,1,1
5895,464156,Masculino,Sim,62,Sim,Ator/Atriz,10.0,Baixo,1.0,Cat_6,B,6226.27,4,1,10
5896,463139,Masculino,Sim,60,Sim,Executivo,1.0,Alto,6.0,Cat_2,B,6653.99,17,2,10
5897,464355,Masculino,Sim,47,Sim,Executivo,1.0,Alto,4.0,Cat_6,C,10644.79,21,2,5
5901,466394,Feminino,Sim,42,Nao,Entretenimento,6.0,Medio,5.0,Cat_6,A,7287.28,25,2,10
5902,459009,Feminino,Sim,50,Sim,Ator/Atriz,1.0,Medio,3.0,Cat_6,C,5595.97,35,2,10
5903,460554,Masculino,Sim,38,Nao,Ator/Atriz,5.0,Medio,3.0,Cat_3,B,5913.39,14,1,6
5904,462498,Feminino,Sim,55,Sim,Medico,0.0,Medio,3.0,Cat_6,B,5676.31,13,2,10
5905,459926,Feminino,Sim,71,Sim,Ator/Atriz,1.0,Medio,2.0,Cat_6,C,7206.67,13,1,9
5906,465910,Masculino,Sim,38,Nao,Ator/Atriz,10.0,Medio,4.0,Cat_7,A,5090.89,20,1,8
5907,459166,Masculino,Sim,77,Sim,Ator/Atriz,1.0,Baixo,1.0,Cat_6,A,7793.82,18,1,7
5909,459406,Masculino,Sim,72,Nao,Executivo,0.0,Alto,2.0,Cat_6,B,12337.66,11,1,4
5911,465491,Feminino,Nao,35,Sim,Ator/Atriz,0.0,Baixo,3.0,Cat_6,B,11120.87,5,4,3
5912,463123,Feminino,Nao,33,Sim,Medico,1.0,Baixo,3.0,Cat_6,A,5653.18,10,1,8
5913,462015,Masculino,Sim,27,Sim,Entretenimento,0.0,Medio,2.0,Cat_6,A,6779.44,8,1,5
5914,461107,Masculino,Nao,21,Nao,Enfermeiro,0.0,Baixo,6.0,Cat_3,D,13240.34,19,2,8
5915,459265,Feminino,Sim,41,Sim,Ator/Atriz,0.0,Medio,2.0,Cat_6,C,6383.8,33,1,9
5916,460295,Masculino,Nao,29,Sim,Ator/Atriz,9.0,Baixo,3.0,Cat_6,A,2983.21,33,1,9
5917,463871,Feminino,Sim,46,Nao,Ator/Atriz,8.0,Baixo,1.0,Cat_6,B,7069.21,20,1,9
5918,464594,Masculino,Sim,46,Sim,Ator/Atriz,1.0,Baixo,1.0,Cat_2,D,9508.06,22,1,4
5920,464369,Masculino,Sim,36,Sim,Executivo,1.0,Alto,4.0,Cat_6,B,11376.41,5,1,9
5922,465721,Masculino,Sim,25,Sim,Entretenimento,1.0,Alto,2.0,Cat_3,D,7071.59,29,1,5
5923,461325,Masculino,Nao,61,Sim,Entretenimento,1.0,Baixo,3.0,Cat_2,C,7915.96,34,2,5
5924,465335,Masculino,Sim,61,Nao,Entretenimento,1.0,Medio,2.0,Cat_7,B,6320.13,11,2,10
5925,461871,Masculino,Sim,53,Sim,Ator/Atriz,0.0,Medio,2.0,Cat_6,C,8613.15,26,1,4
5926,466296,Masculino,Sim,69,Nao,Executivo,1.0,Alto,4.0,Cat_6,C,8195.76,27,1,6
5927,462252,Masculino,Nao,47,Sim,Entretenimento,4.0,Baixo,1.0,Cat_6,A,8285.01,8,1,7
5928,460209,Feminino,Sim,26,Sim,Entretenimento,5.0,Baixo,7.0,Cat_6,D,6061.69,2,1,7
5929,465890,Feminino,Nao,39,Sim,Ator/Atriz,9.0,Baixo,1.0,Cat_6,B,11399.0,21,1,8
5930,459745,Masculino,Sim,47,Nao,Ator/Atriz,0.0,Baixo,4.0,Cat_1,A,6555.92,16,1,10
5931,465715,Feminino,Sim,69,Sim,Ator/Atriz,7.0,Baixo,1.0,Cat_6,A,6764.65,1,1,6
5932,467168,Masculino,Sim,46,Sim,Ator/Atriz,8.0,Medio,2.0,Cat_1,B,8339.02,10,1,2
5933,461417,Feminino,Nao,37,Sim,Medico,1.0,Baixo,3.0,Cat_6,D,4919.8,9,1,9
5934,462938,Feminino,Nao,50,Sim,Ator/Atriz,6.0,Baixo,1.0,Cat_6,B,8245.67,15,2,10
5935,463869,Feminino,Sim,52,Sim,Medico,0.0,Medio,4.0,Cat_6,C,7701.12,35,1,8
5936,459071,Masculino,Nao,28,Sim,Enfermeiro,5.0,Baixo,4.0,Cat_6,C,13157.38,32,1,2
5937,460193,Masculino,Nao,42,Sim,Entretenimento,3.0,Baixo,2.0,Cat_2,A,7340.7,30,1,4
5938,467961,Masculino,Sim,45,Sim,Executivo,1.0,Alto,5.0,Cat_4,B,15952.74,1,3,3
5939,464442,Masculino,Sim,57,Sim,Advogado,1.0,Alto,2.0,Cat_6,B,5237.76,21,1,9
5940,465834,Masculino,Nao,48,Sim,Entretenimento,0.0,Baixo,3.0,Cat_2,A,6295.14,3,1,8
5941,462857,Masculino,Nao,18,Nao,Enfermeiro,1.0,Baixo,3.0,Cat_6,D,15143.89,15,2,8
5942,463474,Masculino,Sim,51,Nao,Ator/Atriz,3.0,Medio,2.0,Cat_6,C,5876.08,15,1,6
5944,464874,Feminino,Sim,47,Sim,Ator/Atriz,0.0,Medio,4.0,Cat_4,C,8845.05,32,2,7
5945,465186,Feminino,Sim,38,Nao,Ator/Atriz,4.0,Medio,4.0,Cat_1,C,8737.34,10,2,10
5946,463861,Masculino,Sim,37,Sim,Ator/Atriz,1.0,Baixo,1.0,Cat_3,A,6345.29,23,2,6
5947,464027,Masculino,Nao,22,Nao,Enfermeiro,9.0,Baixo,4.0,Cat_6,D,14490.79,36,2,9
5949,466870,Masculino,Sim,42,Sim,Ator/Atriz,0.0,Medio,2.0,Cat_6,C,6145.62,36,1,10
5950,466060,Masculino,Sim,60,Sim,Ator/Atriz,1.0,Medio,2.0,Cat_3,B,6737.24,25,1,5
5951,461273,Masculino,Sim,73,Sim,Entretenimento,1.0,Alto,4.0,Cat_6,B,5462.55,21,1,2
5952,461648,Feminino,Sim,49,Sim,Ator/Atriz,1.0,Baixo,1.0,Cat_6,C,2986.09,4,1,10
5953,467631,Masculino,Sim,72,Sim,Advogado,3.0,Alto,2.0,Cat_6,C,4202.8,31,1,10
5954,467804,Feminino,Sim,43,Sim,Ator/Atriz,1.0,Medio,2.0,Cat_6,C,2900.44,18,1,8
5955,466000,Masculino,Sim,38,Sim,Medico,5.0,Baixo,2.0,Cat_1,A,7565.98,26,2,3
5956,459445,Feminino,Sim,35,Sim,Ator/Atriz,0.0,Medio,3.0,Cat_6,C,5812.55,12,1,10
5957,466292,Feminino,Sim,82,Nao,Advogado,1.0,Alto,2.0,Cat_6,B,4712.27,8,1,2
5958,463804,Masculino,Sim,63,Sim,Ator/Atriz,9.0,Baixo,1.0,Cat_6,A,5150.71,23,1,8
5959,464081,Masculino,Sim,73,Sim,Executivo,11.0,Alto,2.0,Cat_6,C,5637.25,11,1,3
5960,462543,Feminino,Sim,38,Sim,Ator/Atriz,4.0,Baixo,1.0,Cat_3,B,4862.75,29,1,9
5961,463051,Feminino,Nao,42,Sim,Do Lar,10.0,Baixo,1.0,Cat_6,A,4491.22,16,1,9
5963,466812,Masculino,Nao,31,Nao,Do Lar,14.0,Baixo,1.0,Cat_6,D,4265.03,2,1,9
5964,467091,Feminino,Nao,42,Sim,Entretenimento,1.0,Baixo,3.0,Cat_6,D,5569.96,31,1,10
5965,460268,Masculino,Sim,32,Sim,Ator/Atriz,9.0,Medio,2.0,Cat_6,B,5427.4,32,2,9
5966,465757,Masculino,Sim,39,Sim,Ator/Atriz,3.0,Medio,4.0,Cat_4,A,2743.89,13,1,10
5967,460021,Feminino,Sim,48,Sim,Ator/Atriz,0.0,Medio,4.0,Cat_6,B,2105.78,12,1,5
5968,463859,Masculino,Sim,39,Sim,Ator/Atriz,6.0,Medio,2.0,Cat_6,C,10741.89,29,3,6
5969,460053,Masculino,Sim,55,Sim,Ator/Atriz,9.0,Medio,2.0,Cat_1,C,6069.26,37,1,9
5970,466659,Masculino,Sim,60,Sim,Medico,1.0,Alto,2.0,Cat_3,B,6827.41,5,1,8
5971,466533,Feminino,Nao,51,Sim,Entretenimento,1.0,Baixo,1.0,Cat_6,A,5904.04,29,1,8
5972,465307,Feminino,Sim,61,Sim,Ator/Atriz,0.0,Medio,3.0,Cat_4,B,7382.6,22,1,7
5973,464592,Feminino,Nao,43,Sim,Ator/Atriz,1.0,Baixo,1.0,Cat_6,A,12013.9,7,1,8
5974,461647,Feminino,Sim,55,Sim,Ator/Atriz,2.0,Medio,3.0,Cat_6,C,9968.0,7,1,9
5975,467462,Feminino,Sim,43,Sim,Ator/Atriz,1.0,Medio,5.0,Cat_6,C,4830.0,11,1,4
5976,467594,Masculino,Sim,45,Nao,Executivo,0.0,Medio,3.0,Cat_4,B,15159.05,21,3,7
5977,464255,Feminino,Sim,50,Sim,Ator/Atriz,1.0,Medio,5.0,Cat_4,C,6272.87,0,1,10
5978,461701,Masculino,Sim,40,Nao,Ator/Atriz,1.0,Medio,2.0,Cat_5,C,4297.98,23,1,10
5979,466516,Masculino,Nao,19,Nao,Enfermeiro,0.0,Baixo,3.0,Cat_6,D,11246.03,17,1,10
5980,464036,Feminino,Nao,25,Sim,Medico,3.0,Baixo,1.0,Cat_6,A,3222.73,2,1,8
5981,461887,Feminino,Nao,89,Sim,Advogado,2.0,Baixo,1.0,Cat_6,D,3876.84,29,1,9
5982,466177,Feminino,Sim,49,Sim,Ator/Atriz,0.0,Medio,3.0,Cat_6,C,7656.12,13,1,5
5984,466775,Feminino,Sim,83,Sim,Advogado,0.0,Baixo,2.0,Cat_6,C,2897.9,24,1,9
5985,467412,Masculino,Sim,35,Sim,Executivo,6.0,Medio,4.0,Cat_6,B,15335.68,21,3,7
5986,460546,Feminino,Sim,71,Sim,Advogado,1.0,Baixo,2.0,Cat_3,C,5934.38,15,1,7
5987,466204,Masculino,Sim,50,Sim,Ator/Atriz,0.0,Medio,3.0,Cat_6,C,7614.51,18,2,8
5988,459000,Masculino,Sim,58,Nao,Executivo,12.0,Alto,2.0,Cat_6,C,9680.16,22,1,7
5989,466781,Masculino,Sim,35,Sim,Ator/Atriz,1.0,Medio,4.0,Cat_3,A,8024.96,3,2,2
5990,464992,Masculino,Sim,67,Sim,Executivo,0.0,Alto,2.0,Cat_6,C,8000.49,20,1,10
5991,464921,Masculino,Sim,35,Nao,Medico,0.0,Medio,5.0,Cat_4,C,10212.57,16,1,6
5992,458982,Masculino,Sim,61,Sim,Executivo,1.0,Alto,3.0,Cat_6,C,14598.3,29,2,9
5993,461045,Feminino,Nao,29,Nao,Entretenimento,0.0,Baixo,2.0,Cat_3,B,6602.16,32,1,9
5994,459346,Masculino,Sim,47,Sim,Executivo,0.0,Medio,5.0,Cat_2,B,8865.12,34,1,8
5995,464183,Feminino,Nao,37,Nao,Ator/Atriz,4.0,Baixo,2.0,Cat_6,C,6908.76,32,1,5
5996,466642,Masculino,Nao,18,Nao,Enfermeiro,9.0,Baixo,3.0,Cat_6,D,14314.06,12,4,1
5997,460519,Feminino,Nao,23,Nao,Entretenimento,0.0,Baixo,2.0,Cat_3,C,5532.16,28,1,7
5998,462687,Masculino,Nao,29,Nao,Do Lar,11.0,Baixo,3.0,Cat_3,D,4417.43,18,1,9
5999,467921,Feminino,Nao,43,Sim,Ator/Atriz,1.0,Baixo,4.0,Cat_6,A,7210.12,34,2,7
6000,460863,Masculino,Sim,66,Sim,Ator/Atriz,0.0,Baixo,5.0,Cat_6,A,8269.83,16,2,10
6001,464168,Masculino,Sim,45,Sim,Executivo,1.0,Alto,3.0,Cat_6,C,7419.83,22,2,10
6002,464819,Feminino,Sim,67,Sim,Advogado,1.0,Baixo,1.0,Cat_4,A,7573.33,16,1,10
6004,461025,Masculino,Sim,38,Nao,Executivo,1.0,Alto,4.0,Cat_6,D,12779.41,31,1,10
6006,463059,Feminino,Nao,32,Sim,Do Lar,10.0,Baixo,1.0,Cat_6,D,4807.2,20,1,8
6007,466962,Masculino,Sim,48,Sim,Ator/Atriz,8.0,Medio,2.0,Cat_6,C,7199.05,19,1,10
6008,463067,Feminino,Nao,42,Sim,Do Lar,7.0,Baixo,1.0,Cat_6,A,4491.42,14,1,8
6009,465755,Feminino,Nao,50,Sim,Ator/Atriz,8.0,Baixo,3.0,Cat_6,C,5571.47,32,1,6
6010,466301,Masculino,Sim,50,Sim,Ator/Atriz,0.0,Medio,3.0,Cat_2,C,8456.08,6,1,10
6012,459315,Feminino,Sim,27,Sim,Medico,1.0,Baixo,2.0,Cat_4,D,3997.86,37,1,8
6016,466566,Masculino,Nao,43,Sim,Ator/Atriz,1.0,Baixo,1.0,Cat_6,B,10468.26,24,3,10
6017,459500,Masculino,Sim,37,Sim,Entretenimento,1.0,Medio,4.0,Cat_6,B,6585.86,33,1,10
6018,460267,Feminino,Nao,27,Sim,Enfermeiro,1.0,Baixo,9.0,Cat_6,C,15218.76,26,1,10
6019,467298,Masculino,Sim,61,Sim,Enfermeiro,1.0,Baixo,2.0,Cat_6,A,13164.8,5,1,7
6021,465919,Feminino,Nao,50,Sim,Ator/Atriz,0.0,Baixo,1.0,Cat_6,B,14849.12,9,1,9
6022,461835,Feminino,Sim,60,Sim,Ator/Atriz,1.0,Medio,2.0,Cat_6,C,6977.19,31,2,10
6023,461302,Masculino,Nao,20,Nao,Enfermeiro,0.0,Baixo,4.0,Cat_6,D,13892.36,18,1,9
6025,463115,Masculino,Sim,36,Sim,Do Lar,5.0,Baixo,1.0,Cat_6,D,4450.75,19,1,7
6026,466362,Masculino,Sim,65,Sim,Advogado,1.0,Alto,2.0,Cat_6,B,7079.82,3,1,4
6027,463490,Masculino,Nao,20,Nao,Enfermeiro,1.0,Baixo,4.0,Cat_6,D,14983.07,29,3,10
6028,463836,Feminino,Sim,38,Sim,Ator/Atriz,0.0,Baixo,1.0,Cat_6,B,8738.38,12,1,10
6030,464164,Feminino,Sim,81,Sim,Advogado,0.0,Alto,2.0,Cat_6,C,4097.63,15,1,4
6031,460298,Feminino,Nao,52,Sim,Advogado,4.0,Baixo,1.0,Cat_6,A,8069.93,6,2,7
6032,467819,Masculino,Sim,57,Sim,Ator/Atriz,0.0,Baixo,1.0,Cat_3,B,6861.16,16,1,9
6033,460722,Masculino,Sim,30,Nao,Entretenimento,1.0,Medio,3.0,Cat_3,A,8419.63,3,1,8
6034,466407,Masculino,Sim,55,Nao,Entretenimento,1.0,Baixo,3.0,Cat_4,A,6985.04,4,1,9
6035,462411,Masculino,Nao,38,Sim,Ator/Atriz,8.0,Baixo,1.0,Cat_6,A,8924.16,33,1,7
6036,466198,Masculino,Sim,70,Nao,Advogado,0.0,Alto,2.0,Cat_3,C,4257.38,26,1,7
6037,462153,Masculino,Sim,59,Nao,Ator/Atriz,0.0,Baixo,1.0,Cat_6,B,7266.4,25,1,10
6038,467180,Masculino,Sim,39,Sim,Enfermeiro,1.0,Baixo,3.0,Cat_3,D,14018.7,20,1,10
6039,461481,Feminino,Sim,58,Sim,Ator/Atriz,9.0,Medio,3.0,Cat_6,C,5802.0,13,2,7
6040,464589,Masculino,Sim,30,Nao,Entretenimento,11.0,Baixo,2.0,Cat_5,D,3825.82,37,1,9
6041,461471,Feminino,Sim,73,Sim,Ator/Atriz,1.0,Medio,2.0,Cat_6,C,2363.05,4,1,7
6042,464146,Masculino,Nao,38,Sim,Entretenimento,1.0,Baixo,2.0,Cat_6,A,4883.91,9,1,8
6043,459589,Masculino,Nao,25,Nao,Enfermeiro,1.0,Baixo,5.0,Cat_6,D,14413.72,3,2,10
6044,459829,Masculino,Sim,53,Sim,Ator/Atriz,3.0,Alto,3.0,Cat_7,D,5558.61,31,1,6
6045,463314,Feminino,Nao,27,Nao,Enfermeiro,0.0,Baixo,4.0,Cat_3,A,15709.96,27,1,10
6046,459723,Masculino,Sim,49,Sim,Ator/Atriz,6.0,Medio,2.0,Cat_6,C,13119.77,13,2,8
6047,459122,Feminino,Sim,51,Sim,Ator/Atriz,6.0,Medio,5.0,Cat_6,C,9506.1,36,1,8
6048,462221,Masculino,Nao,33,Nao,Enfermeiro,0.0,Baixo,7.0,Cat_4,D,12538.97,27,1,6
6049,462694,Masculino,Sim,61,Sim,Entretenimento,6.0,Medio,2.0,Cat_6,A,6527.32,26,1,10
6052,466425,Masculino,Sim,32,Sim,Entretenimento,1.0,Medio,2.0,Cat_3,A,7658.11,24,1,8
6053,460474,Feminino,Sim,40,Nao,Do Lar,9.0,Medio,5.0,Cat_4,A,4645.0,5,1,9
6054,467261,Feminino,Sim,77,Sim,Advogado,0.0,Alto,2.0,Cat_6,C,5732.19,2,2,6
6055,463322,Feminino,Sim,72,Sim,Advogado,1.0,Alto,4.0,Cat_2,B,4365.34,21,1,6
6056,466193,Masculino,Sim,84,Nao,Advogado,0.0,Baixo,1.0,Cat_6,A,5391.91,2,1,8
6057,459738,Masculino,Sim,32,Sim,Ator/Atriz,1.0,Baixo,2.0,Cat_6,D,7634.45,9,1,10
6058,459008,Feminino,Sim,52,Sim,Ator/Atriz,1.0,Medio,3.0,Cat_6,B,9885.75,17,4,10
6059,461250,Feminino,Sim,47,Sim,Advogado,2.0,Alto,4.0,Cat_6,D,5474.19,11,1,9
6060,461926,Feminino,Sim,63,Sim,Ator/Atriz,4.0,Medio,4.0,Cat_6,C,11513.01,11,1,9
6061,459578,Masculino,Sim,35,Sim,Executivo,2.0,Medio,5.0,Cat_6,B,14758.93,22,1,8
6063,465460,Masculino,Nao,49,Sim,Ator/Atriz,0.0,Baixo,1.0,Cat_6,B,4784.56,25,1,8
6064,462862,Feminino,Nao,31,Nao,Do Lar,8.0,Baixo,1.0,Cat_6,D,4488.47,22,1,10
6065,465084,Masculino,Sim,61,Sim,Executivo,5.0,Alto,2.0,Cat_6,C,10937.08,17,2,8
6066,465777,Feminino,Nao,30,Sim,Ator/Atriz,9.0,Baixo,5.0,Cat_6,A,8082.59,27,2,10
6067,466688,Masculino,Nao,23,Nao,Enfermeiro,1.0,Baixo,3.0,Cat_4,D,13042.79,20,2,7
6068,461029,Masculino,Sim,42,Nao,Entretenimento,8.0,Baixo,2.0,Cat_4,A,5986.03,17,1,9
6070,465099,Masculino,Sim,39,Nao,Entretenimento,0.0,Medio,2.0,Cat_6,C,6903.3,10,1,4
6071,465730,Masculino,Sim,43,Sim,Executivo,6.0,Alto,3.0,Cat_4,A,8805.86,1,1,4
6072,462138,Feminino,Sim,56,Sim,Ator/Atriz,1.0,Baixo,2.0,Cat_6,B,10491.88,32,3,10
6073,460332,Masculino,Nao,28,Sim,Enfermeiro,0.0,Baixo,5.0,Cat_6,D,15757.65,1,3,9
6074,462342,Feminino,Sim,71,Sim,Advogado,8.0,Alto,2.0,Cat_6,C,4593.71,23,1,9
6075,459007,Feminino,Sim,42,Sim,Ator/Atriz,1.0,Medio,3.0,Cat_6,C,6773.13,36,2,7
6076,465130,Feminino,Sim,50,Sim,Ator/Atriz,0.0,Medio,9.0,Cat_6,C,1225.32,36,1,4
6077,459702,Feminino,Sim,62,Sim,Advogado,1.0,Baixo,3.0,Cat_6,A,2612.93,10,1,10
6078,461401,Masculino,Sim,43,Sim,Ator/Atriz,1.0,Medio,3.0,Cat_6,A,7584.44,6,1,10
6080,459938,Masculino,Nao,61,Sim,Ator/Atriz,1.0,Baixo,1.0,Cat_6,B,8533.87,16,2,8
6081,460199,Feminino,Sim,39,Sim,Entretenimento,5.0,Baixo,2.0,Cat_6,B,6789.84,6,1,3
6082,466684,Feminino,Sim,46,Sim,Ator/Atriz,0.0,Medio,2.0,Cat_1,C,3526.58,26,1,6
6083,465978,Masculino,Sim,50,Sim,Ator/Atriz,1.0,Medio,3.0,Cat_6,B,5424.19,35,1,8
6084,465682,Masculino,Sim,39,Sim,Ator/Atriz,0.0,Baixo,4.0,Cat_4,A,5550.77,35,1,6
6085,462693,Feminino,Nao,35,Sim,Ator/Atriz,1.0,Baixo,1.0,Cat_6,A,3164.61,14,1,6
6086,459952,Feminino,Nao,35,Sim,Entretenimento,7.0,Baixo,2.0,Cat_6,A,8096.09,37,2,9
6087,466450,Feminino,Nao,33,Sim,Enfermeiro,1.0,Baixo,1.0,Cat_6,D,12481.6,8,1,7
6088,466556,Masculino,Nao,21,Nao,Enfermeiro,1.0,Baixo,3.0,Cat_6,D,16254.92,6,1,9
6089,459932,Feminino,Nao,46,Sim,Ator/Atriz,9.0,Baixo,1.0,Cat_6,B,4080.43,8,1,10
6090,460420,Feminino,Nao,37,Sim,Ator/Atriz,1.0,Baixo,1.0,Cat_6,A,4481.61,6,1,6
6092,462357,Masculino,Nao,25,Sim,Ator/Atriz,1.0,Baixo,3.0,Cat_6,A,6827.08,27,1,5
6093,464094,Masculino,Sim,53,Sim,Executivo,1.0,Alto,4.0,Cat_6,B,10771.08,0,1,7
6094,467852,Feminino,Nao,41,Sim,Ator/Atriz,10.0,Baixo,1.0,Cat_6,B,6410.64,31,1,8
6095,462526,Feminino,Sim,46,Sim,Ator/Atriz,3.0,Medio,5.0,Cat_6,C,3705.95,34,1,10
6096,463180,Masculino,Sim,36,Sim,Ator/Atriz,0.0,Baixo,3.0,Cat_3,C,9545.32,24,1,9
6097,461572,Feminino,Sim,57,Sim,Ator/Atriz,0.0,Medio,3.0,Cat_2,C,5726.86,37,1,9
6098,464607,Feminino,Sim,49,Sim,Ator/Atriz,0.0,Medio,4.0,Cat_2,C,6355.72,20,1,9
6099,467751,Masculino,Sim,48,Sim,Ator/Atriz,1.0,Medio,3.0,Cat_6,C,8187.41,30,1,9
6100,465563,Masculino,Sim,59,Sim,Entretenimento,1.0,Medio,5.0,Cat_3,B,6408.6,33,1,8
6101,465589,Masculino,Sim,40,Sim,Ator/Atriz,0.0,Medio,3.0,Cat_6,A,3528.69,32,1,6
6102,459215,Feminino,Sim,58,Sim,Ator/Atriz,0.0,Baixo,3.0,Cat_3,C,6800.64,35,1,9
6103,466826,Masculino,Sim,43,Sim,Entretenimento,0.0,Baixo,2.0,Cat_6,A,6906.46,29,1,8
6104,461164,Feminino,Nao,39,Sim,Medico,9.0,Baixo,1.0,Cat_3,B,5779.59,30,1,5
6105,459305,Masculino,Sim,29,Nao,Enfermeiro,13.0,Alto,2.0,Cat_6,B,14947.8,13,2,10
6107,466447,Feminino,Sim,49,Sim,Ator/Atriz,0.0,Medio,4.0,Cat_7,B,10589.52,27,1,10
6108,467735,Masculino,Nao,26,Sim,Medico,1.0,Baixo,2.0,Cat_6,A,7952.38,8,1,10
6109,463755,Feminino,Sim,63,Nao,Ator/Atriz,0.0,Alto,2.0,Cat_6,B,3588.79,0,1,6
6110,460930,Masculino,Nao,26,Sim,Ator/Atriz,10.0,Baixo,5.0,Cat_6,D,9287.16,36,1,9
6111,465246,Masculino,Nao,21,Nao,Enfermeiro,1.0,Baixo,5.0,Cat_4,D,10770.94,11,2,9
6113,463491,Masculino,Sim,27,Sim,Medico,9.0,Medio,3.0,Cat_6,D,10500.15,26,1,5
6114,459985,Feminino,Nao,39,Sim,Medico,8.0,Baixo,2.0,Cat_6,B,8008.37,11,1,6
6115,462815,Masculino,Sim,84,Nao,Advogado,1.0,Baixo,1.0,Cat_6,A,3726.18,7,1,1
6118,462477,Masculino,Nao,25,Sim,Entretenimento,7.0,Baixo,3.0,Cat_6,A,6339.32,27,1,8
6120,465855,Masculino,Nao,42,Sim,Ator/Atriz,1.0,Baixo,1.0,Cat_2,A,4662.81,34,1,10
6121,467334,Masculino,Sim,73,Nao,Executivo,0.0,Alto,2.0,Cat_6,C,12840.06,9,1,4
6123,465828,Feminino,Nao,29,Nao,Entretenimento,9.0,Baixo,4.0,Cat_4,D,3857.97,29,1,9
6124,460279,Feminino,Sim,27,Nao,Entretenimento,6.0,Alto,2.0,Cat_6,B,7458.22,1,1,4
6125,463136,Masculino,Sim,35,Sim,Ator/Atriz,1.0,Alto,3.0,Cat_6,B,7123.7,14,1,2
6126,459869,Feminino,Nao,23,Nao,Enfermeiro,1.0,Baixo,3.0,Cat_6,D,14453.69,32,1,8
6127,467916,Feminino,Sim,48,Sim,Ator/Atriz,6.0,Baixo,1.0,Cat_6,C,6188.36,30,2,6
6128,461890,Feminino,Sim,45,Sim,Ator/Atriz,0.0,Medio,2.0,Cat_6,C,2544.09,36,1,9
6129,466582,Feminino,Nao,23,Nao,Enfermeiro,1.0,Baixo,3.0,Cat_6,D,13637.95,0,1,5
6130,461076,Masculino,Nao,42,Sim,Entretenimento,1.0,Baixo,8.0,Cat_3,A,6935.51,29,2,10
6131,466713,Feminino,Sim,69,Sim,Ator/Atriz,1.0,Alto,4.0,Cat_6,C,2318.81,10,1,7
6132,460753,Feminino,Nao,33,Nao,Enfermeiro,1.0,Baixo,6.0,Cat_6,A,13160.66,31,3,10
6133,460262,Masculino,Nao,28,Nao,Executivo,9.0,Baixo,4.0,Cat_6,D,8887.29,12,2,8
6134,465249,Feminino,Nao,19,Nao,Enfermeiro,1.0,Baixo,4.0,Cat_6,D,15499.5,12,3,5
6136,459137,Masculino,Sim,42,Sim,Ator/Atriz,7.0,Medio,2.0,Cat_6,C,2044.73,5,1,5
6137,467416,Feminino,Nao,38,Sim,Medico,8.0,Baixo,1.0,Cat_4,B,7800.09,17,1,9
6138,463137,Feminino,Nao,31,Sim,Do Lar,8.0,Baixo,1.0,Cat_6,D,4161.43,36,1,8
6140,465665,Feminino,Sim,83,Sim,Advogado,1.0,Baixo,1.0,Cat_6,A,3147.88,13,1,8
6142,464920,Masculino,Nao,36,Sim,Ator/Atriz,2.0,Baixo,1.0,Cat_4,B,10628.15,30,1,10
6143,461638,Masculino,Sim,70,Sim,Entretenimento,0.0,Alto,2.0,Cat_6,A,9464.37,9,1,5
6144,467790,Masculino,Nao,21,Nao,Enfermeiro,1.0,Baixo,6.0,Cat_6,D,13355.96,22,1,8
6145,463402,Masculino,Nao,19,Nao,Enfermeiro,7.0,Baixo,4.0,Cat_4,D,14426.18,22,1,10
6146,462900,Masculino,Sim,39,Sim,Ator/Atriz,0.0,Medio,3.0,Cat_6,B,7715.38,15,1,9
6147,460688,Masculino,Sim,28,Nao,Medico,5.0,Baixo,2.0,Cat_3,D,9721.92,8,2,10
6148,466033,Feminino,Sim,40,Sim,Ator/Atriz,0.0,Medio,4.0,Cat_6,B,8002.08,29,1,10
6149,461440,Feminino,Sim,42,Sim,Ator/Atriz,1.0,Medio,2.0,Cat_6,C,2634.63,32,1,4
6151,463985,Feminino,Sim,29,Sim,Ator/Atriz,4.0,Baixo,2.0,Cat_1,D,7255.37,7,1,6
6152,466347,Masculino,Sim,71,Nao,Executivo,5.0,Baixo,3.0,Cat_4,B,6945.86,9,2,4
6153,459077,Feminino,Sim,82,Nao,Advogado,0.0,Alto,2.0,Cat_6,A,3593.05,3,1,5
6154,460339,Feminino,Sim,50,Sim,Entretenimento,4.0,Baixo,2.0,Cat_6,A,7220.19,28,1,10
6155,459970,Masculino,Nao,40,Sim,Ator/Atriz,1.0,Baixo,2.0,Cat_6,A,3463.8,13,1,10
6156,463464,Masculino,Nao,18,Nao,Enfermeiro,6.0,Baixo,4.0,Cat_6,D,14097.76,2,1,2
6157,459313,Masculino,Sim,42,Nao,Entretenimento,0.0,Medio,4.0,Cat_6,C,7182.63,15,1,9
6158,466990,Masculino,Sim,39,Sim,Entretenimento,9.0,Medio,2.0,Cat_6,B,6712.44,3,2,6
6162,462667,Feminino,Sim,40,Nao,Do Lar,2.0,Medio,2.0,Cat_6,A,4450.79,7,1,7
6163,462917,Masculino,Sim,65,Nao,Medico,1.0,Baixo,1.0,Cat_1,D,7470.2,10,1,10
6164,463898,Feminino,Nao,38,Sim,Enfermeiro,0.0,Baixo,2.0,Cat_6,C,12868.63,33,1,8
6166,460287,Masculino,Sim,53,Sim,Ator/Atriz,0.0,Baixo,1.0,Cat_6,B,1144.48,10,1,8
6167,460684,Masculino,Sim,62,Nao,Entretenimento,8.0,Baixo,2.0,Cat_3,B,5932.56,28,1,7
6168,462319,Masculino,Sim,47,Sim,Ator/Atriz,1.0,Medio,2.0,Cat_2,C,4669.05,0,1,6
6169,465128,Feminino,Sim,62,Nao,Ator/Atriz,1.0,Medio,3.0,Cat_6,B,5007.3,10,2,6
6170,465222,Masculino,Sim,69,Nao,Medico,8.0,Baixo,2.0,Cat_6,A,9826.01,17,1,6
6171,467850,Feminino,Nao,19,Nao,Enfermeiro,0.0,Baixo,2.0,Cat_4,D,14411.15,2,4,4
6172,465488,Masculino,Nao,18,Nao,Enfermeiro,0.0,Baixo,4.0,Cat_6,D,13433.16,23,2,10
6173,467672,Feminino,Sim,36,Sim,Ator/Atriz,7.0,Medio,2.0,Cat_6,C,3728.87,6,1,8
6175,461840,Masculino,Sim,47,Sim,Executivo,8.0,Alto,4.0,Cat_6,C,2675.93,13,1,9
6176,461284,Masculino,Nao,23,Nao,Ator/Atriz,1.0,Baixo,4.0,Cat_6,D,7575.56,14,1,10
6177,467878,Feminino,Sim,42,Sim,Medico,0.0,Medio,4.0,Cat_6,A,7776.12,23,1,9
6178,465553,Feminino,Sim,47,Sim,Ator/Atriz,8.0,Medio,4.0,Cat_3,C,8258.85,31,1,8
6179,463346,Masculino,Sim,40,Sim,Enfermeiro,1.0,Baixo,3.0,Cat_6,D,12961.44,30,2,6
6180,466232,Masculino,Sim,59,Nao,Executivo,0.0,Alto,3.0,Cat_6,C,18960.45,12,1,10
6181,465183,Feminino,Sim,38,Sim,Ator/Atriz,3.0,Baixo,2.0,Cat_7,C,7162.16,17,2,9
6182,462382,Masculino,Sim,73,Sim,Advogado,1.0,Alto,2.0,Cat_6,B,3950.96,4,1,10
6183,461363,Masculino,Nao,45,Sim,Ator/Atriz,0.0,Baixo,1.0,Cat_6,A,4631.36,2,1,2
6184,465658,Masculino,Sim,71,Sim,Ator/Atriz,0.0,Medio,4.0,Cat_6,C,7846.74,5,1,10
6186,466217,Masculino,Nao,27,Sim,Medico,0.0,Baixo,2.0,Cat_6,C,8144.72,24,2,10
6187,465484,Feminino,Sim,57,Sim,Ator/Atriz,0.0,Baixo,2.0,Cat_6,B,6938.42,31,1,4
6188,462326,Feminino,Sim,42,Sim,Ator/Atriz,4.0,Medio,2.0,Cat_6,C,3787.22,12,1,9
6189,459870,Masculino,Sim,49,Nao,Executivo,11.0,Alto,4.0,Cat_6,A,14246.76,3,1,5
6190,467676,Masculino,Sim,40,Sim,Entretenimento,8.0,Baixo,2.0,Cat_6,D,6438.52,16,1,9
6191,464488,Feminino,Nao,40,Sim,Ator/Atriz,5.0,Baixo,9.0,Cat_6,C,12127.76,34,1,9
6192,466076,Masculino,Nao,19,Nao,Enfermeiro,8.0,Baixo,3.0,Cat_6,D,14879.2,35,1,8
6193,462275,Masculino,Sim,42,Sim,Ator/Atriz,1.0,Medio,2.0,Cat_6,C,7447.08,24,1,8
6195,464417,Masculino,Sim,72,Nao,Entretenimento,2.0,Medio,2.0,Cat_6,C,6425.46,29,1,10
6196,467311,Masculino,Sim,67,Sim,Advogado,1.0,Alto,3.0,Cat_6,B,1218.94,4,1,9
6197,464034,Masculino,Sim,37,Sim,Entretenimento,3.0,Baixo,1.0,Cat_6,A,7627.52,33,1,3
6198,459886,Masculino,Sim,26,Nao,Ator/Atriz,1.0,Baixo,4.0,Cat_6,A,8278.38,24,2,10
6199,466435,Masculino,Sim,32,Nao,Executivo,1.0,Alto,5.0,Cat_6,D,7483.82,17,1,10
6200,463885,Masculino,Sim,51,Sim,Ator/Atriz,1.0,Baixo,1.0,Cat_4,A,6750.63,32,2,8
6203,460696,Masculino,Sim,73,Nao,Advogado,1.0,Baixo,1.0,Cat_6,D,5998.9,10,1,9
6204,461658,Feminino,Sim,62,Sim,Ator/Atriz,0.0,Medio,2.0,Cat_5,C,5670.13,6,1,10
6205,467142,Masculino,Sim,40,Sim,Executivo,0.0,Baixo,4.0,Cat_6,B,20029.52,35,4,10
6206,460127,Masculino,Nao,42,Sim,Enfermeiro,8.0,Baixo,3.0,Cat_6,D,13150.59,17,1,6
6207,467542,Masculino,Nao,30,Sim,Enfermeiro,9.0,Baixo,1.0,Cat_6,D,12060.85,27,2,7
6208,462901,Feminino,Sim,46,Nao,Do Lar,9.0,Baixo,1.0,Cat_3,A,4604.51,4,1,7
6210,460867,Masculino,Sim,40,Sim,Medico,0.0,Medio,5.0,Cat_6,B,4739.64,11,1,8
6211,464438,Masculino,Sim,50,Nao,Entretenimento,0.0,Medio,3.0,Cat_6,C,7306.6,18,1,8
6212,460779,Feminino,Nao,28,Nao,Entretenimento,1.0,Baixo,2.0,Cat_3,A,4017.31,21,1,10
6213,460276,Feminino,Sim,37,Sim,Ator/Atriz,3.0,Baixo,2.0,Cat_6,C,8809.2,14,4,7
6214,466478,Feminino,Sim,51,Sim,Ator/Atriz,0.0,Medio,4.0,Cat_3,C,1434.0,23,1,8
6216,465796,Feminino,Sim,65,Sim,Ator/Atriz,0.0,Medio,4.0,Cat_4,C,10055.54,18,1,6
6218,465641,Feminino,Sim,47,Sim,Ator/Atriz,0.0,Medio,2.0,Cat_6,C,9283.89,33,1,6
6219,467854,Masculino,Nao,28,Sim,Ator/Atriz,9.0,Baixo,2.0,Cat_6,A,6624.59,9,1,6
6220,459291,Feminino,Nao,38,Sim,Entretenimento,0.0,Baixo,1.0,Cat_6,A,6320.27,32,2,7
6221,460749,Masculino,Nao,36,Sim,Entretenimento,1.0,Baixo,2.0,Cat_6,A,6142.17,22,1,10
6222,459229,Feminino,Sim,65,Sim,Advogado,0.0,Medio,4.0,Cat_6,B,8467.95,22,2,10
6223,466038,Feminino,Nao,27,Nao,Do Lar,9.0,Baixo,1.0,Cat_4,A,4484.7,22,1,10
6224,467538,Masculino,Sim,50,Sim,Ator/Atriz,0.0,Baixo,3.0,Cat_6,B,3719.06,9,1,10
6225,459266,Masculino,Nao,26,Sim,Enfermeiro,5.0,Baixo,5.0,Cat_6,D,12097.09,11,2,8
6226,467642,Masculino,Sim,46,Sim,Ator/Atriz,2.0,Medio,4.0,Cat_2,C,2456.59,30,1,9
6227,459579,Feminino,Sim,40,Sim,Ator/Atriz,4.0,Medio,5.0,Cat_4,B,8856.66,0,1,7
6228,464143,Masculino,Nao,33,Sim,Enfermeiro,9.0,Baixo,5.0,Cat_6,D,14428.69,14,4,7
6230,466053,Feminino,Nao,25,Nao,Medico,2.0,Baixo,1.0,Cat_4,D,6992.13,27,1,10
6231,467038,Masculino,Sim,61,Sim,Advogado,1.0,Alto,2.0,Cat_6,C,2034.59,30,1,9
6232,466822,Feminino,Sim,42,Sim,Entretenimento,0.0,Medio,4.0,Cat_3,B,6114.07,26,1,9
6233,464371,Masculino,Sim,49,Sim,Ator/Atriz,1.0,Baixo,4.0,Cat_3,C,7142.96,1,1,6
6234,462788,Masculino,Sim,48,Nao,Entretenimento,1.0,Medio,3.0,Cat_3,C,7566.24,4,1,9
6235,459334,Masculino,Sim,36,Sim,Enfermeiro,3.0,Baixo,3.0,Cat_6,D,13768.09,14,2,10
6236,465236,Masculino,Sim,47,Sim,Ator/Atriz,0.0,Baixo,1.0,Cat_6,C,5186.81,24,1,9
6237,461433,Masculino,Sim,70,Sim,Medico,1.0,Alto,3.0,Cat_6,C,5017.54,10,1,10
6238,466345,Masculino,Nao,21,Nao,Enfermeiro,1.0,Baixo,4.0,Cat_2,D,10099.59,4,1,9
6239,459942,Masculino,Nao,51,Sim,Ator/Atriz,5.0,Baixo,1.0,Cat_6,B,5230.79,24,1,6
6240,462739,Masculino,Sim,46,Sim,Ator/Atriz,0.0,Baixo,2.0,Cat_6,A,6331.39,33,2,6
6241,467243,Masculino,Nao,26,Sim,Enfermeiro,1.0,Baixo,3.0,Cat_6,D,13409.14,23,2,7
6243,460887,Masculino,Sim,47,Sim,Entretenimento,2.0,Medio,3.0,Cat_3,B,7693.57,14,2,10
6244,467950,Feminino,Nao,38,Sim,Entretenimento,0.0,Baixo,2.0,Cat_6,D,7222.25,21,1,5
6245,460407,Feminino,Nao,36,Sim,Ator/Atriz,8.0,Baixo,1.0,Cat_6,B,7012.4,31,1,6
6246,466565,Masculino,Sim,29,Nao,Ator/Atriz,6.0,Medio,2.0,Cat_6,B,4063.61,11,1,6
6247,461590,Masculino,Sim,41,Nao,Executivo,1.0,Alto,4.0,Cat_6,B,14017.9,36,2,10
6248,461128,Masculino,Nao,20,Nao,Enfermeiro,7.0,Baixo,3.0,Cat_6,D,11221.96,20,1,9
6249,460145,Feminino,Nao,36,Sim,Ator/Atriz,0.0,Baixo,1.0,Cat_2,B,5038.33,16,1,10
6250,462192,Feminino,Nao,23,Nao,Enfermeiro,0.0,Baixo,6.0,Cat_4,D,10689.7,37,2,10
6252,467937,Masculino,Nao,28,Sim,Medico,0.0,Baixo,3.0,Cat_6,C,5405.17,12,2,10
6253,466648,Masculino,Sim,36,Sim,Executivo,6.0,Alto,2.0,Cat_6,C,15111.4,10,4,10
6254,460866,Masculino,Nao,28,Sim,Medico,1.0,Baixo,9.0,Cat_4,B,8365.37,37,1,9
6255,463097,Feminino,Sim,45,Sim,Ator/Atriz,1.0,Medio,3.0,Cat_7,C,9695.11,21,1,9
6256,466196,Feminino,Sim,78,Sim,Advogado,6.0,Baixo,1.0,Cat_4,A,4650.53,26,1,8
6257,466372,Feminino,Sim,60,Sim,Ator/Atriz,1.0,Medio,5.0,Cat_6,C,2374.79,0,1,8
6258,459367,Feminino,Nao,22,Nao,Medico,11.0,Baixo,4.0,Cat_1,D,10719.71,34,1,5
6259,463390,Feminino,Sim,50,Sim,Ator/Atriz,0.0,Medio,2.0,Cat_3,C,6716.39,3,2,10
6260,465478,Masculino,Sim,51,Nao,Entretenimento,1.0,Baixo,3.0,Cat_6,A,5058.5,0,1,8
6262,463376,Feminino,Sim,45,Sim,Executivo,7.0,Alto,2.0,Cat_6,C,12568.49,37,1,5
6263,459536,Masculino,Sim,32,Sim,Enfermeiro,6.0,Baixo,2.0,Cat_6,D,14063.83,25,2,6
6264,466351,Feminino,Nao,22,Nao,Enfermeiro,2.0,Baixo,3.0,Cat_4,D,15585.16,10,2,10
6265,465916,Masculino,Nao,42,Sim,Ator/Atriz,3.0,Baixo,1.0,Cat_6,B,8777.03,18,1,4
6266,461867,Masculino,Nao,30,Sim,Ator/Atriz,0.0,Baixo,4.0,Cat_6,A,2452.29,19,1,2
6267,461236,Feminino,Nao,30,Sim,Enfermeiro,9.0,Baixo,1.0,Cat_6,D,13524.87,21,2,8
6268,461330,Masculino,Sim,60,Nao,Executivo,0.0,Alto,2.0,Cat_6,C,7921.64,34,2,7
6269,466271,Masculino,Nao,33,Nao,Entretenimento,1.0,Baixo,3.0,Cat_2,B,5831.24,28,2,4
6270,463511,Feminino,Nao,27,Sim,Ator/Atriz,1.0,Baixo,1.0,Cat_3,B,8786.77,9,2,9
6272,460278,Masculino,Sim,29,Sim,Ator/Atriz,0.0,Baixo,5.0,Cat_4,A,3934.95,16,1,10
6273,467841,Feminino,Nao,18,Nao,Enfermeiro,2.0,Baixo,5.0,Cat_6,D,11038.15,5,2,5
6274,465167,Feminino,Sim,42,Sim,Ator/Atriz,9.0,Medio,3.0,Cat_3,C,5690.7,37,2,5
6275,464161,Masculino,Sim,83,Nao,Advogado,1.0,Baixo,1.0,Cat_6,A,5347.75,29,2,4
6278,459172,Masculino,Nao,21,Nao,Enfermeiro,3.0,Baixo,3.0,Cat_2,D,13526.58,1,1,6
6279,467475,Feminino,Sim,66,Sim,Ator/Atriz,0.0,Medio,3.0,Cat_6,C,8100.66,31,1,9
6280,464303,Masculino,Sim,43,Nao,Ator/Atriz,0.0,Medio,2.0,Cat_3,B,9126.81,1,1,9
6281,461308,Masculino,Nao,18,Nao,Enfermeiro,0.0,Baixo,2.0,Cat_6,D,11388.71,15,1,2
6282,460149,Masculino,Sim,50,Sim,Ator/Atriz,1.0,Baixo,2.0,Cat_6,C,3848.33,37,1,9
6285,463424,Feminino,Sim,62,Sim,Ator/Atriz,5.0,Medio,5.0,Cat_6,C,4705.96,3,1,9
6286,462767,Masculino,Nao,21,Nao,Enfermeiro,2.0,Baixo,4.0,Cat_6,D,11826.38,23,3,10
6287,465736,Feminino,Nao,36,Sim,Ator/Atriz,8.0,Baixo,2.0,Cat_3,B,11143.15,21,1,10
6288,461449,Feminino,Sim,38,Sim,Ator/Atriz,5.0,Alto,3.0,Cat_4,B,11101.5,2,2,9
6291,460190,Feminino,Nao,30,Sim,Entretenimento,9.0,Baixo,3.0,Cat_6,D,7387.03,13,1,10
6292,466149,Feminino,Nao,30,Nao,Medico,3.0,Baixo,4.0,Cat_6,A,5244.08,9,2,6
6293,464214,Masculino,Nao,28,Sim,Enfermeiro,1.0,Baixo,3.0,Cat_6,D,11799.36,10,1,5
6294,461211,Feminino,Nao,53,Sim,Entretenimento,0.0,Baixo,1.0,Cat_6,A,6671.37,22,1,7
6295,467430,Masculino,Sim,48,Sim,Ator/Atriz,4.0,Medio,2.0,Cat_6,C,6172.94,32,1,9
6296,462624,Masculino,Sim,31,Nao,Entretenimento,1.0,Baixo,6.0,Cat_4,D,7102.52,32,1,6
6297,461542,Masculino,Nao,26,Sim,Ator/Atriz,5.0,Baixo,1.0,Cat_1,B,2412.78,17,1,7
6298,465302,Feminino,Sim,57,Sim,Ator/Atriz,1.0,Alto,3.0,Cat_2,B,3455.25,17,1,6
6299,460291,Feminino,Sim,37,Sim,Ator/Atriz,6.0,Baixo,2.0,Cat_6,B,6739.33,12,2,8
6300,460742,Masculino,Nao,52,Sim,Ator/Atriz,0.0,Baixo,3.0,Cat_6,B,4183.35,33,1,6
6301,464350,Feminino,Sim,86,Sim,Advogado,0.0,Alto,2.0,Cat_6,C,4169.02,22,1,8
6303,464353,Feminino,Nao,51,Sim,Ator/Atriz,0.0,Baixo,1.0,Cat_6,A,6706.62,28,2,5
6304,463172,Masculino,Sim,32,Nao,Entretenimento,2.0,Baixo,2.0,Cat_3,A,5998.8,15,1,10
6305,467136,Masculino,Sim,41,Nao,Entretenimento,0.0,Medio,4.0,Cat_4,A,7486.26,2,2,3
6306,466693,Masculino,Nao,23,Nao,Enfermeiro,0.0,Baixo,2.0,Cat_6,D,14980.64,20,2,9
6307,461727,Feminino,Nao,52,Sim,Ator/Atriz,1.0,Baixo,3.0,Cat_6,C,6835.01,37,1,8
6308,461160,Masculino,Sim,49,Sim,Ator/Atriz,1.0,Baixo,2.0,Cat_3,A,6315.82,1,1,4
6309,461360,Feminino,Sim,30,Sim,Enfermeiro,0.0,Medio,4.0,Cat_6,D,14121.36,35,3,8
6310,466900,Feminino,Sim,46,Sim,Ator/Atriz,9.0,Medio,4.0,Cat_6,C,2309.59,10,1,8
6311,467166,Feminino,Sim,25,Nao,Do Lar,8.0,Medio,2.0,Cat_6,D,4317.68,0,1,4
6312,460541,Feminino,Sim,36,Sim,Do Lar,1.0,Medio,3.0,Cat_3,D,4482.15,20,1,9
6313,466622,Feminino,Nao,47,Sim,Entretenimento,1.0,Baixo,1.0,Cat_6,A,5723.55,22,1,8
6314,465971,Masculino,Sim,57,Sim,Ator/Atriz,0.0,Baixo,1.0,Cat_6,D,9984.07,15,2,9
6315,466909,Masculino,Sim,61,Sim,Ator/Atriz,0.0,Baixo,2.0,Cat_6,B,9648.94,32,2,2
6316,462288,Masculino,Sim,39,Sim,Ator/Atriz,0.0,Medio,2.0,Cat_4,C,5580.8,0,1,5
6317,464627,Masculino,Sim,37,Sim,Ator/Atriz,0.0,Baixo,4.0,Cat_3,A,4665.18,23,1,10
6318,460205,Masculino,Sim,55,Sim,Ator/Atriz,4.0,Baixo,2.0,Cat_6,B,7524.53,33,1,10
6320,463725,Masculino,Sim,46,Sim,Ator/Atriz,1.0,Baixo,2.0,Cat_6,C,10188.06,34,1,10
6321,461694,Masculino,Nao,32,Sim,Medico,0.0,Baixo,4.0,Cat_4,D,9486.63,10,1,6
6322,465917,Masculino,Nao,36,Sim,Ator/Atriz,13.0,Baixo,1.0,Cat_6,B,5769.61,12,2,10
6323,463604,Masculino,Nao,23,Nao,Enfermeiro,2.0,Baixo,3.0,Cat_2,D,14392.33,19,2,9
6324,467473,Masculino,Nao,18,Nao,Enfermeiro,2.0,Baixo,3.0,Cat_6,D,13489.48,37,1,10
6325,465089,Masculino,Sim,71,Nao,Executivo,0.0,Alto,4.0,Cat_6,C,13157.03,7,1,6
6326,467491,Masculino,Sim,47,Sim,Ator/Atriz,1.0,Medio,4.0,Cat_6,C,6424.55,30,2,10
6327,461418,Masculino,Nao,45,Sim,Ator/Atriz,0.0,Baixo,4.0,Cat_6,A,5744.76,35,1,9
6329,462985,Masculino,Sim,32,Sim,Medico,9.0,Medio,3.0,Cat_6,A,7837.53,19,1,10
6330,465921,Feminino,Nao,25,Sim,Ator/Atriz,8.0,Baixo,1.0,Cat_6,B,14315.73,19,2,5
6331,459672,Masculino,Sim,47,Nao,Ator/Atriz,3.0,Medio,3.0,Cat_6,C,2755.01,35,1,10
6332,465815,Masculino,Sim,41,Nao,Medico,0.0,Medio,2.0,Cat_4,A,9395.63,3,2,9
6333,459379,Feminino,Nao,19,Nao,Enfermeiro,3.0,Baixo,3.0,Cat_6,D,14979.9,10,2,7
6335,466583,Feminino,Sim,38,Sim,Medico,0.0,Medio,2.0,Cat_6,A,9991.7,14,2,9
6336,467951,Masculino,Nao,31,Sim,Entretenimento,1.0,Baixo,3.0,Cat_6,A,4415.71,18,1,10
6337,461742,Masculino,Sim,87,Sim,Executivo,1.0,Alto,2.0,Cat_6,C,9688.56,5,2,9
6338,466321,Masculino,Sim,41,Sim,Entretenimento,2.0,Baixo,2.0,Cat_4,C,6714.39,14,2,7
6339,464102,Feminino,Sim,63,Sim,Ator/Atriz,7.0,Medio,3.0,Cat_6,C,3404.82,30,1,7
6340,467657,Masculino,Nao,23,Nao,Enfermeiro,0.0,Baixo,4.0,Cat_3,D,13377.18,25,1,7
6341,467203,Feminino,Sim,36,Sim,Ator/Atriz,5.0,Medio,2.0,Cat_6,C,6544.73,9,1,10
6342,460329,Masculino,Nao,45,Sim,Entretenimento,6.0,Baixo,2.0,Cat_6,A,6609.96,10,2,4
6343,465926,Masculino,Sim,26,Sim,Enfermeiro,6.0,Baixo,2.0,Cat_6,D,13547.73,1,2,6
6344,467635,Feminino,Nao,41,Sim,Ator/Atriz,9.0,Baixo,1.0,Cat_6,B,2782.74,33,1,10
6345,461127,Masculino,Nao,23,Nao,Enfermeiro,1.0,Baixo,5.0,Cat_4,D,10496.17,17,2,8
6346,462486,Masculino,Sim,51,Sim,Executivo,1.0,Medio,5.0,Cat_6,C,4581.14,37,1,5
6347,463011,Feminino,Sim,81,Sim,Do Lar,0.0,Alto,2.0,Cat_6,B,4292.75,2,1,6
6349,462725,Masculino,Sim,77,Sim,Advogado,0.0,Alto,2.0,Cat_6,B,5565.14,25,1,4
6350,465325,Feminino,Sim,50,Sim,Ator/Atriz,4.0,Baixo,2.0,Cat_6,B,11348.77,5,1,9
6351,464699,Masculino,Nao,29,Nao,Medico,1.0,Baixo,5.0,Cat_4,D,10522.37,15,1,10
6352,465270,Feminino,Sim,43,Sim,Ator/Atriz,0.0,Medio,4.0,Cat_6,C,6133.55,11,1,2
6354,460162,Feminino,Nao,21,Nao,Enfermeiro,1.0,Baixo,4.0,Cat_2,D,12232.43,32,4,6
6355,466244,Feminino,Nao,30,Nao,Enfermeiro,3.0,Baixo,3.0,Cat_4,B,10846.29,31,1,7
6357,459156,Feminino,Sim,81,Sim,Advogado,1.0,Alto,2.0,Cat_6,A,3306.72,25,1,9
6358,463944,Masculino,Nao,29,Nao,Ator/Atriz,0.0,Baixo,5.0,Cat_4,A,7185.28,32,2,6
6359,466888,Masculino,Sim,50,Sim,Entretenimento,1.0,Baixo,1.0,Cat_6,A,7841.33,23,1,9
6360,461430,Masculino,Sim,57,Sim,Ator/Atriz,1.0,Medio,2.0,Cat_3,C,6627.76,21,2,10
6361,464489,Masculino,Sim,45,Sim,Ator/Atriz,0.0,Medio,3.0,Cat_6,C,9485.71,21,1,7
6363,459953,Masculino,Sim,53,Sim,Ator/Atriz,9.0,Baixo,2.0,Cat_6,B,4787.84,2,1,2
6364,465318,Masculino,Nao,21,Nao,Medico,6.0,Baixo,6.0,Cat_7,C,9464.6,6,1,9
6365,461959,Feminino,Sim,62,Sim,Ator/Atriz,0.0,Baixo,2.0,Cat_6,C,3988.8,21,1,10
6366,467237,Masculino,Sim,82,Sim,Advogado,0.0,Alto,2.0,Cat_6,D,3315.35,29,1,4
6368,463433,Feminino,Sim,50,Sim,Medico,0.0,Baixo,3.0,Cat_6,C,9610.9,20,1,9
6369,465724,Masculino,Nao,35,Sim,Ator/Atriz,9.0,Baixo,2.0,Cat_3,A,4506.05,21,1,5
6370,466904,Masculino,Sim,55,Sim,Ator/Atriz,0.0,Medio,2.0,Cat_6,C,12171.18,20,1,7
6371,462463,Masculino,Sim,61,Nao,Ator/Atriz,1.0,Medio,2.0,Cat_6,C,3066.12,17,1,8
6372,461515,Masculino,Sim,26,Nao,Ator/Atriz,0.0,Baixo,2.0,Cat_6,A,4420.51,29,1,9
6373,464192,Feminino,Sim,61,Nao,Advogado,0.0,Alto,3.0,Cat_6,D,7248.56,25,1,4
6374,467904,Feminino,Nao,25,Sim,Ator/Atriz,13.0,Baixo,1.0,Cat_6,A,6779.81,6,2,10
6375,460921,Masculino,Sim,45,Nao,Executivo,1.0,Alto,3.0,Cat_6,C,4651.6,4,1,3
6376,464842,Masculino,Nao,35,Sim,Ator/Atriz,0.0,Baixo,2.0,Cat_4,A,4970.47,35,1,10
6377,467733,Masculino,Sim,62,Nao,Executivo,9.0,Alto,3.0,Cat_6,B,13553.01,25,3,8
6378,460142,Feminino,Sim,53,Sim,Ator/Atriz,0.0,Medio,3.0,Cat_6,B,4956.22,14,1,6
6379,461504,Feminino,Sim,49,Sim,Ator/Atriz,9.0,Baixo,2.0,Cat_6,B,6939.14,29,2,5
6380,460174,Feminino,Nao,43,Sim,Ator/Atriz,8.0,Baixo,4.0,Cat_6,C,8973.56,28,1,9
6381,461965,Masculino,Nao,19,Nao,Enfermeiro,0.0,Baixo,6.0,Cat_6,D,11204.59,19,4,5
6383,462821,Masculino,Nao,18,Nao,Enfermeiro,0.0,Baixo,3.0,Cat_1,D,15016.13,0,1,9
6384,463787,Feminino,Sim,43,Sim,Ator/Atriz,1.0,Baixo,2.0,Cat_5,C,7265.18,28,1,8
6385,460203,Feminino,Sim,36,Sim,Entretenimento,8.0,Baixo,1.0,Cat_6,A,7629.31,18,2,7
6386,460104,Masculino,Nao,53,Sim,Entretenimento,1.0,Baixo,3.0,Cat_4,A,6133.19,6,1,4
6387,465434,Feminino,Nao,26,Sim,Enfermeiro,1.0,Baixo,7.0,Cat_2,B,14196.06,27,4,10
6388,461259,Masculino,Nao,59,Sim,Entretenimento,0.0,Baixo,1.0,Cat_4,A,6486.0,36,2,4
6389,465797,Masculino,Sim,36,Sim,Ator/Atriz,1.0,Medio,2.0,Cat_2,C,7680.8,1,1,5
6390,466373,Masculino,Sim,63,Sim,Executivo,1.0,Alto,1.0,Cat_6,B,15486.9,14,1,10
6392,462329,Masculino,Sim,42,Nao,Executivo,2.0,Alto,4.0,Cat_6,C,3904.97,5,1,10
6393,463508,Feminino,Sim,31,Nao,Ator/Atriz,0.0,Baixo,3.0,Cat_6,A,3725.04,21,1,10
6394,462062,Masculino,Nao,22,Nao,Enfermeiro,0.0,Baixo,3.0,Cat_7,D,10581.3,21,2,10
6395,466150,Masculino,Sim,51,Sim,Ator/Atriz,1.0,Baixo,2.0,Cat_6,B,8839.34,3,1,5
6396,466220,Masculino,Nao,42,Sim,Medico,8.0,Baixo,1.0,Cat_2,B,9250.35,7,1,9
6397,464648,Masculino,Sim,28,Nao,Executivo,0.0,Alto,4.0,Cat_4,A,6868.32,33,1,8
6398,464167,Masculino,Sim,53,Sim,Executivo,4.0,Alto,3.0,Cat_6,C,6012.8,33,1,10
6399,465012,Masculino,Sim,62,Nao,Executivo,0.0,Alto,4.0,Cat_6,B,13985.72,5,3,10
6400,464584,Feminino,Nao,27,Sim,Enfermeiro,9.0,Baixo,1.0,Cat_6,D,12560.97,24,1,7
6401,463258,Feminino,Sim,53,Sim,Ator/Atriz,1.0,Medio,3.0,Cat_6,A,5797.24,20,2,9
6402,467765,Masculino,Sim,28,Nao,Entretenimento,9.0,Alto,4.0,Cat_6,D,6247.05,0,2,6
6403,463687,Feminino,Nao,31,Nao,Enfermeiro,0.0,Baixo,5.0,Cat_2,D,12350.37,3,1,10
6404,461477,Feminino,Nao,31,Sim,Enfermeiro,0.0,Baixo,3.0,Cat_2,C,13129.34,24,1,5
6405,465017,Masculino,Sim,52,Sim,Executivo,1.0,Alto,4.0,Cat_6,C,3160.37,19,1,10
6406,462430,Masculino,Sim,42,Sim,Executivo,1.0,Alto,3.0,Cat_6,C,13914.99,15,3,4
6407,462897,Masculino,Nao,33,Sim,Enfermeiro,3.0,Baixo,2.0,Cat_2,D,15006.2,2,3,5
6408,466136,Feminino,Nao,19,Sim,Ator/Atriz,0.0,Baixo,2.0,Cat_6,A,9191.41,31,2,10
6409,466989,Feminino,Sim,40,Sim,Ator/Atriz,9.0,Medio,2.0,Cat_2,B,1894.6,19,1,9
6410,462428,Masculino,Sim,67,Sim,Entretenimento,2.0,Medio,3.0,Cat_6,C,5635.11,36,1,3
6411,462446,Masculino,Nao,22,Nao,Enfermeiro,0.0,Baixo,4.0,Cat_6,D,13293.67,11,2,7
6412,467254,Feminino,Sim,45,Sim,Ator/Atriz,9.0,Baixo,2.0,Cat_6,B,10517.43,10,4,9
6413,464077,Feminino,Sim,60,Sim,Ator/Atriz,4.0,Alto,2.0,Cat_6,C,3200.75,3,1,7
6414,465808,Masculino,Sim,41,Sim,Ator/Atriz,0.0,Medio,3.0,Cat_3,D,5489.19,1,1,10
6415,464660,Masculino,Nao,29,Sim,Entretenimento,0.0,Baixo,5.0,Cat_4,C,5511.8,13,1,8
6416,465430,Masculino,Nao,28,Nao,Enfermeiro,4.0,Baixo,5.0,Cat_7,C,14557.6,5,1,3
6417,460493,Masculino,Nao,42,Sim,Entretenimento,2.0,Baixo,1.0,Cat_3,B,5185.29,29,2,8
6418,459170,Feminino,Nao,36,Sim,Ator/Atriz,0.0,Baixo,1.0,Cat_6,B,8096.99,7,1,9
6419,461219,Feminino,Nao,28,Sim,Enfermeiro,8.0,Baixo,3.0,Cat_6,D,14903.01,12,3,5
6420,467054,Masculino,Nao,23,Nao,Enfermeiro,1.0,Baixo,3.0,Cat_6,D,12172.36,8,1,6
6421,465107,Masculino,Sim,81,Nao,Executivo,0.0,Baixo,1.0,Cat_6,D,10259.3,4,4,8
6422,459274,Feminino,Sim,82,Sim,Advogado,0.0,Alto,2.0,Cat_6,B,3729.43,20,1,10
6423,459540,Feminino,Sim,70,Sim,Advogado,0.0,Baixo,1.0,Cat_6,B,10228.89,30,1,3
6424,467536,Masculino,Sim,82,Nao,Executivo,1.0,Baixo,1.0,Cat_6,D,14297.06,14,1,9
6425,461611,Feminino,Sim,38,Sim,Ator/Atriz,5.0,Medio,2.0,Cat_6,C,7736.53,11,1,8
6427,466638,Feminino,Nao,42,Sim,Ator/Atriz,8.0,Baixo,2.0,Cat_6,B,6911.3,2,2,10
6431,466943,Masculino,Nao,53,Sim,Ator/Atriz,0.0,Baixo,1.0,Cat_6,B,9502.32,16,1,10
6432,465988,Feminino,Sim,58,Sim,Do Lar,0.0,Alto,2.0,Cat_5,B,4377.29,18,1,8
6433,462503,Masculino,Sim,52,Sim,Executivo,0.0,Alto,4.0,Cat_6,C,5578.41,7,1,10
6434,461215,Feminino,Nao,36,Sim,Ator/Atriz,13.0,Baixo,1.0,Cat_6,D,4836.98,31,1,7
6435,460608,Masculino,Nao,19,Nao,Enfermeiro,6.0,Baixo,8.0,Cat_7,D,15285.14,35,1,8
6436,461698,Feminino,Sim,67,Sim,Ator/Atriz,0.0,Alto,2.0,Cat_6,C,2686.93,16,1,4
6437,465911,Feminino,Nao,28,Sim,Ator/Atriz,9.0,Baixo,1.0,Cat_6,A,5929.95,19,1,8
6438,462315,Masculino,Sim,65,Sim,Ator/Atriz,1.0,Medio,3.0,Cat_6,B,8231.48,4,2,9
6439,461563,Feminino,Sim,60,Sim,Ator/Atriz,1.0,Alto,2.0,Cat_6,C,2589.36,14,1,6
6440,465007,Masculino,Sim,74,Sim,Advogado,1.0,Baixo,1.0,Cat_6,D,1208.56,5,1,7
6442,461480,Feminino,Sim,63,Sim,Ator/Atriz,1.0,Alto,3.0,Cat_6,C,10482.37,36,1,9
6443,460486,Feminino,Nao,18,Nao,Enfermeiro,12.0,Baixo,3.0,Cat_3,D,12919.83,19,1,8
6444,459994,Masculino,Nao,25,Nao,Entretenimento,0.0,Baixo,3.0,Cat_6,A,6786.18,22,1,10
6446,461280,Masculino,Nao,20,Nao,Enfermeiro,7.0,Baixo,4.0,Cat_2,D,12011.67,34,1,9
6447,463070,Masculino,Sim,68,Nao,Entretenimento,1.0,Baixo,1.0,Cat_6,D,6092.12,14,1,8
6448,464447,Masculino,Sim,69,Sim,Ator/Atriz,0.0,Baixo,1.0,Cat_6,D,6913.61,28,1,9
6449,459617,Masculino,Nao,31,Sim,Entretenimento,0.0,Baixo,5.0,Cat_6,D,5712.43,5,2,1
6450,464714,Feminino,Nao,43,Sim,Medico,1.0,Baixo,6.0,Cat_7,C,10580.46,34,1,10
6451,465160,Masculino,Sim,62,Sim,Executivo,1.0,Alto,3.0,Cat_6,C,10856.26,14,2,7
6452,460239,Masculino,Sim,42,Sim,Ator/Atriz,5.0,Medio,2.0,Cat_6,C,13336.31,1,2,2
6453,465952,Masculino,Nao,25,Sim,Enfermeiro,8.0,Baixo,3.0,Cat_6,D,9505.88,6,1,10
6454,461005,Masculino,Nao,23,Nao,Enfermeiro,0.0,Baixo,5.0,Cat_3,D,11747.79,17,1,6
6455,465782,Feminino,Nao,21,Nao,Enfermeiro,5.0,Baixo,5.0,Cat_3,D,10852.86,34,1,9
6457,464013,Masculino,Nao,27,Nao,Enfermeiro,0.0,Baixo,1.0,Cat_6,D,13360.39,18,1,6
6458,466535,Masculino,Nao,26,Sim,Ator/Atriz,8.0,Baixo,1.0,Cat_6,D,3404.15,9,1,10
6459,466786,Masculino,Nao,32,Nao,Executivo,0.0,Baixo,2.0,Cat_3,D,18064.05,4,1,10
6460,460314,Feminino,Nao,39,Nao,Enfermeiro,4.0,Baixo,3.0,Cat_6,D,11639.97,1,1,7
6461,461088,Masculino,Sim,49,Sim,Ator/Atriz,9.0,Baixo,1.0,Cat_3,B,7412.71,3,1,10
6462,464653,Feminino,Sim,59,Nao,Ator/Atriz,3.0,Medio,4.0,Cat_4,A,5008.01,10,2,8
6463,463358,Feminino,Sim,62,Sim,Medico,4.0,Medio,3.0,Cat_6,B,10746.84,32,2,8
6464,466970,Feminino,Sim,36,Sim,Do Lar,9.0,Baixo,2.0,Cat_4,A,4178.26,23,1,2
6465,461491,Feminino,Sim,70,Sim,Ator/Atriz,8.0,Medio,2.0,Cat_6,C,3443.36,10,1,8
6466,464344,Feminino,Sim,58,Sim,Ator/Atriz,1.0,Baixo,1.0,Cat_6,B,5747.82,6,1,5
6467,463655,Masculino,Sim,39,Sim,Ator/Atriz,13.0,Baixo,2.0,Cat_6,B,4314.6,2,1,4
6469,463016,Masculino,Sim,58,Sim,Ator/Atriz,1.0,Baixo,2.0,Cat_6,B,4218.83,13,1,10
6470,464099,Feminino,Sim,43,Sim,Ator/Atriz,5.0,Medio,2.0,Cat_4,A,2297.89,24,1,5
6471,461446,Feminino,Sim,66,Sim,Advogado,1.0,Alto,2.0,Cat_6,C,4415.02,15,1,3
6472,460241,Masculino,Sim,40,Sim,Ator/Atriz,8.0,Medio,2.0,Cat_6,C,11698.81,23,1,9
6473,465567,Masculino,Sim,35,Sim,Entretenimento,1.0,Baixo,2.0,Cat_3,A,6328.38,24,1,7
6475,464366,Masculino,Sim,55,Sim,Entretenimento,2.0,Medio,2.0,Cat_6,C,4883.17,29,1,6
6476,459339,Masculino,Sim,28,Sim,Enfermeiro,8.0,Alto,2.0,Cat_6,A,13782.88,35,1,9
6477,467466,Feminino,Nao,19,Nao,Medico,6.0,Baixo,2.0,Cat_3,A,9414.62,26,2,7
6478,465340,Feminino,Nao,28,Sim,Ator/Atriz,3.0,Baixo,4.0,Cat_2,D,6267.71,15,1,6
6479,460319,Feminino,Sim,40,Nao,Medico,2.0,Medio,2.0,Cat_7,D,6725.77,12,1,7
6480,466542,Feminino,Sim,73,Sim,Advogado,1.0,Alto,2.0,Cat_6,B,6501.09,8,2,6
6482,467838,Masculino,Sim,60,Sim,Ator/Atriz,1.0,Medio,2.0,Cat_6,C,2649.53,17,1,9
6483,465784,Feminino,Nao,19,Nao,Enfermeiro,0.0,Baixo,4.0,Cat_3,D,11391.37,14,2,10
6484,464301,Feminino,Sim,51,Sim,Medico,0.0,Medio,3.0,Cat_6,B,7836.65,6,1,10
6485,462885,Masculino,Sim,28,Nao,Executivo,1.0,Alto,3.0,Cat_6,D,5736.68,30,1,8
6486,466831,Masculino,Sim,85,Sim,Ator/Atriz,1.0,Baixo,1.0,Cat_6,A,10384.87,12,2,7
6487,466114,Masculino,Sim,52,Sim,Entretenimento,1.0,Medio,5.0,Cat_6,C,5424.8,35,1,8
6489,461237,Masculino,Nao,30,Sim,Medico,0.0,Baixo,5.0,Cat_2,A,6902.28,12,1,3
6490,463184,Feminino,Sim,60,Sim,Ator/Atriz,1.0,Medio,2.0,Cat_6,C,3161.05,7,1,10
6491,467591,Feminino,Sim,41,Sim,Ator/Atriz,1.0,Alto,5.0,Cat_7,B,2857.32,17,1,7
6492,462350,Masculino,Sim,35,Sim,Ator/Atriz,1.0,Medio,2.0,Cat_6,C,2544.48,22,1,10
6494,465221,Masculino,Sim,88,Sim,Ator/Atriz,0.0,Alto,2.0,Cat_6,C,9231.11,20,1,10
6496,460725,Masculino,Sim,41,Sim,Ator/Atriz,0.0,Alto,2.0,Cat_2,B,6445.93,13,1,8
6497,462294,Masculino,Sim,30,Nao,Enfermeiro,1.0,Medio,4.0,Cat_6,D,15297.98,31,1,5
6498,462336,Masculino,Sim,46,Nao,Ator/Atriz,1.0,Baixo,4.0,Cat_6,B,7834.5,0,1,10
6499,464137,Feminino,Sim,74,Nao,Ator/Atriz,5.0,Alto,2.0,Cat_7,C,11473.84,12,3,10
6500,467229,Feminino,Nao,29,Sim,Enfermeiro,0.0,Baixo,4.0,Cat_6,C,13541.01,23,4,10
6501,459524,Feminino,Nao,35,Sim,Ator/Atriz,1.0,Baixo,1.0,Cat_6,C,4371.38,14,1,7
6502,461655,Feminino,Sim,35,Sim,Do Lar,9.0,Medio,2.0,Cat_6,A,4706.12,17,1,5
6503,463145,Feminino,Nao,38,Sim,Do Lar,0.0,Baixo,4.0,Cat_6,B,4374.77,1,1,2
6504,467577,Feminino,Sim,48,Sim,Ator/Atriz,1.0,Medio,7.0,Cat_6,C,8939.67,30,1,10
6505,467836,Masculino,Sim,63,Nao,Executivo,1.0,Alto,3.0,Cat_6,C,13441.03,26,2,4
6506,463018,Feminino,Nao,40,Sim,Do Lar,9.0,Baixo,1.0,Cat_6,D,4463.52,34,1,5
6507,467272,Masculino,Sim,76,Sim,Advogado,8.0,Alto,2.0,Cat_6,A,6111.02,32,1,10
6508,467181,Feminino,Sim,50,Sim,Ator/Atriz,9.0,Baixo,2.0,Cat_6,B,4381.06,14,1,9
6509,460939,Feminino,Sim,87,Sim,Advogado,0.0,Baixo,2.0,Cat_6,B,9412.71,35,1,10
6511,466190,Masculino,Sim,53,Sim,Executivo,0.0,Baixo,2.0,Cat_2,C,7628.58,31,1,9
6512,465570,Masculino,Sim,46,Sim,Ator/Atriz,1.0,Medio,4.0,Cat_3,C,7038.45,29,2,10
6513,463075,Masculino,Sim,52,Sim,Ator/Atriz,0.0,Baixo,4.0,Cat_6,C,2250.33,35,1,10
6514,460932,Feminino,Nao,32,Sim,Medico,8.0,Baixo,1.0,Cat_6,D,5719.29,12,1,9
6515,459139,Feminino,Sim,53,Sim,Ator/Atriz,1.0,Medio,2.0,Cat_4,C,6216.99,23,1,10
6516,460277,Feminino,Nao,20,Nao,Entretenimento,1.0,Baixo,5.0,Cat_2,B,5857.04,21,1,10
6517,460244,Feminino,Nao,51,Sim,Medico,0.0,Baixo,3.0,Cat_6,B,5585.24,36,1,10
6518,465265,Feminino,Sim,56,Sim,Ator/Atriz,2.0,Medio,2.0,Cat_6,B,2704.09,28,1,8
6519,462207,Masculino,Nao,26,Nao,Medico,0.0,Baixo,6.0,Cat_4,D,4299.27,23,1,9
6520,466327,Masculino,Sim,31,Sim,Entretenimento,5.0,Medio,3.0,Cat_3,A,7916.72,22,2,4
6522,464675,Feminino,Sim,41,Nao,Medico,0.0,Medio,9.0,Cat_4,D,7732.54,21,1,9
6523,461386,Feminino,Sim,82,Nao,Advogado,0.0,Alto,2.0,Cat_6,B,4462.66,12,1,7
6524,462751,Masculino,Nao,31,Nao,Enfermeiro,3.0,Baixo,9.0,Cat_6,D,14292.44,10,2,9
6525,459016,Feminino,Nao,18,Nao,Enfermeiro,0.0,Baixo,6.0,Cat_6,D,13379.13,3,1,5
6526,461803,Feminino,Nao,33,Nao,Medico,0.0,Baixo,4.0,Cat_6,D,8019.52,22,1,9
6527,459277,Masculino,Sim,38,Nao,Entretenimento,0.0,Baixo,2.0,Cat_6,B,6619.69,28,1,9
6528,461748,Masculino,Nao,27,Sim,Enfermeiro,1.0,Baixo,5.0,Cat_6,D,13536.06,23,2,4
6530,460238,Feminino,Nao,36,Sim,Ator/Atriz,9.0,Baixo,3.0,Cat_4,A,2004.63,35,1,10
6531,459455,Feminino,Sim,79,Sim,Advogado,1.0,Baixo,1.0,Cat_6,D,2579.27,13,1,3
6532,464327,Feminino,Sim,50,Sim,Ator/Atriz,9.0,Baixo,2.0,Cat_6,C,6185.14,18,4,8
6534,460856,Masculino,Sim,42,Sim,Ator/Atriz,0.0,Medio,3.0,Cat_3,C,2542.38,10,1,10
6535,462601,Feminino,Sim,67,Nao,Advogado,1.0,Alto,4.0,Cat_4,D,6776.68,1,1,9
6536,464515,Masculino,Nao,27,Nao,Enfermeiro,0.0,Baixo,4.0,Cat_6,D,13306.43,2,3,9
6537,461901,Masculino,Nao,30,Sim,Ator/Atriz,5.0,Baixo,4.0,Cat_6,C,8833.74,23,1,5
6538,466677,Feminino,Sim,47,Sim,Entretenimento,3.0,Medio,3.0,Cat_6,A,7394.59,33,1,9
6539,467809,Masculino,Sim,46,Sim,Medico,1.0,Medio,2.0,Cat_6,C,5057.05,28,1,10
6540,462313,Masculino,Sim,55,Sim,Ator/Atriz,1.0,Medio,2.0,Cat_4,C,7089.16,19,1,7
6541,461402,Feminino,Nao,32,Sim,Entretenimento,1.0,Baixo,5.0,Cat_6,D,5517.05,2,3,9
6542,460810,Feminino,Sim,89,Nao,Advogado,1.0,Alto,2.0,Cat_6,D,3306.76,29,1,9
6543,459242,Masculino,Sim,65,Sim,Executivo,0.0,Baixo,4.0,Cat_6,B,9508.58,30,1,6
6544,460801,Feminino,Sim,30,Nao,Entretenimento,3.0,Alto,2.0,Cat_6,A,5976.47,14,2,2
6545,462306,Masculino,Sim,79,Nao,Advogado,8.0,Alto,2.0,Cat_6,A,5559.15,5,1,9
6546,463913,Masculino,Nao,36,Sim,Medico,1.0,Baixo,1.0,Cat_6,A,7209.58,17,1,8
6547,465403,Feminino,Nao,27,Nao,Enfermeiro,9.0,Baixo,5.0,Cat_7,A,13617.38,19,2,6
6548,463759,Masculino,Sim,53,Sim,Executivo,9.0,Alto,4.0,Cat_6,C,13441.72,28,1,10
6549,463685,Feminino,Nao,27,Sim,Enfermeiro,1.0,Baixo,5.0,Cat_4,B,9687.57,25,1,7
6550,461224,Feminino,Sim,33,Sim,Medico,8.0,Alto,2.0,Cat_6,D,11607.38,13,1,9
6551,459504,Masculino,Sim,77,Sim,Advogado,1.0,Alto,2.0,Cat_6,A,1847.85,5,1,10
6552,461805,Feminino,Nao,31,Sim,Enfermeiro,1.0,Baixo,3.0,Cat_6,D,14313.01,8,3,10
6555,465389,Masculino,Sim,46,Sim,Ator/Atriz,1.0,Baixo,2.0,Cat_6,B,9274.49,32,1,2
6556,463162,Masculino,Sim,38,Sim,Executivo,0.0,Alto,6.0,Cat_6,A,13668.24,5,4,7
6557,464718,Masculino,Nao,25,Nao,Enfermeiro,0.0,Baixo,2.0,Cat_3,B,12875.19,2,1,10
6558,462519,Masculino,Nao,22,Nao,Enfermeiro,1.0,Baixo,5.0,Cat_4,D,14324.47,24,1,10
6559,459530,Feminino,Sim,37,Sim,Advogado,1.0,Alto,2.0,Cat_6,C,3595.6,2,1,10
6560,459444,Masculino,Sim,68,Sim,Ator/Atriz,1.0,Alto,2.0,Cat_6,C,7934.64,31,1,10
6561,465843,Feminino,Nao,37,Sim,Ator/Atriz,0.0,Baixo,1.0,Cat_2,B,11800.13,33,1,5
6562,460869,Masculino,Sim,35,Sim,Ator/Atriz,1.0,Medio,2.0,Cat_6,B,7754.82,19,1,9
6563,462029,Masculino,Nao,60,Nao,Entretenimento,0.0,Baixo,1.0,Cat_6,A,4739.77,24,1,9
6564,459865,Masculino,Sim,47,Sim,Ator/Atriz,0.0,Medio,3.0,Cat_6,C,3455.75,17,1,10
6565,464968,Masculino,Nao,43,Nao,Executivo,0.0,Baixo,5.0,Cat_6,A,11495.1,20,3,7
6566,462272,Masculino,Sim,56,Nao,Ator/Atriz,0.0,Medio,2.0,Cat_6,A,8848.7,1,2,10
6567,464879,Feminino,Sim,28,Sim,Medico,1.0,Medio,2.0,Cat_4,A,9326.67,3,1,8
6568,462684,Feminino,Nao,32,Nao,Enfermeiro,7.0,Baixo,4.0,Cat_6,D,15001.59,20,4,7
6570,465415,Masculino,Nao,31,Nao,Ator/Atriz,0.0,Baixo,7.0,Cat_2,C,7721.21,37,2,7
6571,465251,Masculino,Nao,19,Nao,Enfermeiro,3.0,Baixo,5.0,Cat_6,D,12217.12,23,4,5
6573,459418,Masculino,Sim,66,Nao,Executivo,1.0,Alto,2.0,Cat_6,D,10713.08,18,1,7
6574,464265,Masculino,Sim,56,Sim,Entretenimento,1.0,Baixo,2.0,Cat_6,C,6820.65,2,2,8
6575,463421,Masculino,Sim,53,Sim,Entretenimento,0.0,Medio,2.0,Cat_4,B,4619.61,35,1,10
6576,459013,Masculino,Sim,47,Sim,Ator/Atriz,3.0,Medio,4.0,Cat_6,C,4389.69,26,1,7
6578,463817,Feminino,Nao,33,Sim,Enfermeiro,1.0,Baixo,5.0,Cat_6,D,14729.55,23,2,10
6579,466139,Feminino,Sim,51,Nao,Medico,0.0,Medio,3.0,Cat_6,C,8926.32,30,1,10
6580,460227,Masculino,Nao,33,Nao,Enfermeiro,1.0,Baixo,3.0,Cat_6,C,13547.66,16,2,10
6581,464250,Masculino,Sim,53,Sim,Executivo,6.0,Alto,3.0,Cat_6,C,3746.7,36,1,9
6582,462118,Masculino,Nao,30,Sim,Ator/Atriz,1.0,Baixo,3.0,Cat_6,C,10772.61,20,2,5
6583,467235,Feminino,Nao,31,Sim,Ator/Atriz,0.0,Baixo,2.0,Cat_5,D,5736.66,8,2,8
6584,467648,Masculino,Sim,41,Nao,Entretenimento,2.0,Medio,5.0,Cat_6,A,6562.92,17,1,10
6585,466306,Masculino,Nao,18,Nao,Enfermeiro,1.0,Baixo,4.0,Cat_6,D,14662.81,22,1,9
6586,464739,Masculino,Sim,67,Sim,Ator/Atriz,1.0,Baixo,1.0,Cat_4,B,2521.69,33,1,6
6587,466121,Feminino,Sim,57,Sim,Ator/Atriz,1.0,Medio,6.0,Cat_3,C,4612.11,20,1,6
6588,464441,Masculino,Sim,35,Sim,Ator/Atriz,0.0,Baixo,2.0,Cat_2,A,5928.03,23,1,7
6589,466660,Masculino,Nao,22,Nao,Enfermeiro,1.0,Baixo,4.0,Cat_6,D,10754.24,6,1,9
6591,464623,Masculino,Sim,35,Sim,Entretenimento,9.0,Alto,2.0,Cat_2,A,5478.85,1,1,8
6592,465530,Feminino,Sim,56,Sim,Ator/Atriz,1.0,Medio,4.0,Cat_6,C,13446.41,10,3,10
6593,462891,Masculino,Nao,27,Nao,Enfermeiro,1.0,Baixo,3.0,Cat_6,C,13563.73,26,2,9
6594,459088,Feminino,Nao,20,Nao,Enfermeiro,1.0,Baixo,5.0,Cat_6,D,13495.85,28,2,9
6595,459911,Masculino,Nao,19,Nao,Enfermeiro,4.0,Baixo,6.0,Cat_2,D,15292.73,19,1,2
6596,466199,Feminino,Sim,38,Sim,Ator/Atriz,1.0,Baixo,2.0,Cat_3,C,7115.5,9,2,8
6597,460018,Feminino,Sim,33,Sim,Ator/Atriz,1.0,Medio,2.0,Cat_6,C,10110.87,25,2,10
6598,465580,Masculino,Sim,39,Nao,Executivo,6.0,Medio,2.0,Cat_4,D,14906.96,9,2,8
6599,466070,Feminino,Sim,61,Sim,Ator/Atriz,1.0,Medio,5.0,Cat_6,C,7002.46,32,1,7
6600,462471,Masculino,Nao,30,Sim,Ator/Atriz,1.0,Baixo,1.0,Cat_6,A,4287.52,35,1,8
6601,461759,Masculino,Sim,49,Sim,Ator/Atriz,1.0,Baixo,2.0,Cat_6,C,10668.21,32,1,7
6602,462048,Feminino,Nao,19,Nao,Enfermeiro,0.0,Baixo,4.0,Cat_6,D,15228.68,4,2,10
6603,463050,Masculino,Sim,49,Sim,Ator/Atriz,0.0,Medio,4.0,Cat_6,B,12977.12,10,1,10
6604,465597,Feminino,Nao,43,Sim,Entretenimento,14.0,Baixo,1.0,Cat_6,A,8102.07,21,1,9
6605,463940,Feminino,Nao,26,Nao,Enfermeiro,1.0,Baixo,8.0,Cat_4,C,12058.5,25,1,8
6606,459718,Masculino,Sim,65,Sim,Executivo,1.0,Baixo,1.0,Cat_6,B,8740.14,23,2,7
6607,461899,Feminino,Nao,20,Nao,Medico,1.0,Baixo,6.0,Cat_6,D,10220.86,18,1,7
6608,466273,Feminino,Nao,82,Nao,Advogado,0.0,Baixo,3.0,Cat_6,D,1747.43,33,1,8
6609,461813,Masculino,Nao,29,Sim,Enfermeiro,1.0,Baixo,2.0,Cat_3,D,10030.22,18,3,10
6610,462851,Masculino,Nao,19,Nao,Enfermeiro,0.0,Baixo,3.0,Cat_6,D,14417.8,0,1,10
6612,464617,Feminino,Nao,39,Sim,Ator/Atriz,1.0,Baixo,1.0,Cat_6,A,8554.78,4,1,7
6613,462228,Feminino,Nao,29,Nao,Do Lar,0.0,Baixo,4.0,Cat_4,A,4727.64,35,1,9
6614,460903,Masculino,Nao,30,Nao,Medico,7.0,Baixo,3.0,Cat_6,D,9400.73,35,1,8
6615,464518,Masculino,Sim,30,Nao,Executivo,0.0,Alto,4.0,Cat_6,D,10357.86,14,1,4
6616,462800,Feminino,Sim,62,Sim,Advogado,9.0,Medio,2.0,Cat_4,B,6355.61,18,1,10
6617,467489,Masculino,Nao,30,Sim,Enfermeiro,0.0,Baixo,1.0,Cat_6,D,13483.15,0,2,9
6618,467278,Feminino,Sim,84,Sim,Ator/Atriz,0.0,Alto,2.0,Cat_6,B,10807.15,5,2,9
6619,464601,Feminino,Nao,25,Sim,Enfermeiro,9.0,Baixo,2.0,Cat_6,D,13414.0,15,1,7
6620,461980,Masculino,Sim,52,Sim,Ator/Atriz,2.0,Baixo,3.0,Cat_3,A,8099.88,16,1,10
6621,461489,Feminino,Sim,70,Sim,Advogado,1.0,Alto,2.0,Cat_6,C,5812.01,17,2,3
6622,466778,Masculino,Sim,37,Sim,Entretenimento,1.0,Baixo,2.0,Cat_3,A,5187.39,3,2,10
6623,465621,Masculino,Nao,42,Sim,Medico,8.0,Baixo,1.0,Cat_6,C,5079.54,22,1,9
6624,460935,Masculino,Sim,87,Sim,Advogado,0.0,Baixo,1.0,Cat_6,D,6280.33,24,1,10
6625,465895,Feminino,Sim,31,Nao,Ator/Atriz,7.0,Medio,2.0,Cat_6,B,2338.68,10,1,3
6626,462655,Masculino,Nao,38,Sim,Entretenimento,0.0,Baixo,2.0,Cat_4,D,5251.43,3,1,4
6627,465100,Masculino,Sim,56,Sim,Ator/Atriz,1.0,Alto,2.0,Cat_6,C,5631.3,23,1,10
6628,464274,Feminino,Sim,56,Sim,Ator/Atriz,1.0,Medio,5.0,Cat_6,C,8050.69,24,1,6
6629,459399,Feminino,Nao,20,Nao,Medico,1.0,Baixo,2.0,Cat_6,D,7429.63,27,1,2
6631,464101,Masculino,Sim,62,Sim,Entretenimento,9.0,Medio,2.0,Cat_6,C,6246.63,31,1,10
6632,465501,Masculino,Sim,40,Sim,Ator/Atriz,13.0,Alto,1.0,Cat_4,D,7719.34,25,1,10
6633,466405,Feminino,Sim,43,Sim,Entretenimento,0.0,Medio,2.0,Cat_3,A,6508.39,22,1,9
6634,465594,Masculino,Sim,29,Nao,Executivo,4.0,Baixo,6.0,Cat_3,D,10360.46,21,4,8
6635,465685,Masculino,Nao,38,Sim,Enfermeiro,6.0,Baixo,2.0,Cat_3,D,14541.21,25,1,5
6636,461774,Feminino,Sim,81,Sim,Advogado,1.0,Alto,3.0,Cat_6,B,5886.57,27,1,9
6637,467341,Masculino,Nao,35,Sim,Ator/Atriz,3.0,Baixo,1.0,Cat_6,B,3495.63,33,1,10
6638,461612,Feminino,Nao,31,Sim,Enfermeiro,8.0,Baixo,5.0,Cat_6,C,15232.63,21,1,6
6639,466629,Masculino,Nao,28,Nao,Enfermeiro,1.0,Baixo,5.0,Cat_6,C,15574.02,10,4,9
6640,467036,Masculino,Sim,66,Nao,Advogado,0.0,Baixo,1.0,Cat_6,B,6948.67,5,2,9
6641,465306,Masculino,Sim,69,Nao,Executivo,0.0,Medio,4.0,Cat_2,D,2193.03,26,1,5
6642,465789,Masculino,Nao,18,Nao,Enfermeiro,4.0,Baixo,4.0,Cat_4,D,13943.81,16,1,7
6643,465422,Feminino,Sim,40,Sim,Ator/Atriz,1.0,Medio,2.0,Cat_6,C,7566.96,12,1,6
6644,462049,Masculino,Sim,39,Sim,Ator/Atriz,14.0,Medio,2.0,Cat_6,B,7492.8,19,1,5
6645,465838,Feminino,Sim,52,Nao,Medico,3.0,Medio,2.0,Cat_6,A,6647.71,21,1,3
6646,467379,Masculino,Sim,59,Sim,Entretenimento,0.0,Medio,2.0,Cat_6,B,7135.67,6,1,8
6648,466004,Masculino,Sim,52,Sim,Ator/Atriz,0.0,Medio,6.0,Cat_4,C,8906.84,36,2,9
6649,464853,Masculino,Sim,39,Nao,Executivo,8.0,Medio,4.0,Cat_4,A,6714.36,25,1,5
6650,467455,Feminino,Nao,37,Sim,Ator/Atriz,8.0,Baixo,2.0,Cat_6,C,1926.78,2,1,6
6651,465667,Masculino,Nao,23,Nao,Enfermeiro,1.0,Baixo,3.0,Cat_2,D,12957.93,34,1,9
6652,463437,Masculino,Sim,49,Sim,Ator/Atriz,1.0,Medio,3.0,Cat_6,B,2272.01,8,1,1
6653,461291,Masculino,Nao,18,Nao,Enfermeiro,0.0,Baixo,2.0,Cat_6,D,14338.11,18,2,10
6654,459889,Masculino,Sim,63,Sim,Do Lar,8.0,Medio,3.0,Cat_6,B,4485.08,31,1,7
6655,466460,Masculino,Sim,85,Nao,Advogado,1.0,Baixo,1.0,Cat_6,D,6257.46,10,1,8
6656,460674,Feminino,Nao,31,Sim,Entretenimento,0.0,Baixo,3.0,Cat_3,A,5832.3,15,1,8
6657,460132,Masculino,Nao,39,Sim,Enfermeiro,3.0,Baixo,2.0,Cat_6,D,12935.56,13,2,9
6658,463613,Feminino,Sim,48,Sim,Ator/Atriz,0.0,Medio,6.0,Cat_6,A,4644.24,23,1,9
6659,465231,Masculino,Sim,65,Nao,Ator/Atriz,0.0,Medio,2.0,Cat_6,C,3557.3,16,1,7
6660,463002,Masculino,Sim,41,Sim,Ator/Atriz,0.0,Alto,5.0,Cat_6,B,10094.28,2,1,9
6661,464685,Masculino,Nao,35,Nao,Executivo,3.0,Baixo,4.0,Cat_4,D,13820.83,8,1,8
6662,465406,Feminino,Nao,33,Sim,Enfermeiro,1.0,Baixo,1.0,Cat_6,D,14205.56,0,2,10
6663,467299,Feminino,Nao,27,Sim,Enfermeiro,1.0,Baixo,4.0,Cat_6,B,13386.2,30,2,7
6664,461879,Masculino,Sim,37,Sim,Executivo,0.0,Medio,3.0,Cat_4,B,5267.12,14,1,10
