ID,Gender,Ever_Married,Age,Graduated,Profession,Work_Experience,Spending_Score,Family_Size,Var_1,Segmentation
462809,Masculino,Nao,22,Nao,Enfermeiro,1.0,Baixo,4.0,Cat_4,D
466315,Feminino,Sim,67,Sim,Engenheiro,1.0,Baixo,1.0,Cat_6,B
461735,Masculino,Sim,67,Sim,Advogado,0.0,Alto,2.0,Cat_6,B
461319,Masculino,Sim,56,Nao,Ator/Atriz,0.0,Medio,2.0,Cat_6,C
460156,Masculino,Nao,32,Sim,Enfermeiro,1.0,Baixo,3.0,Cat_6,C
464347,Feminino,Nao,33,Sim,Enfermeiro,1.0,Baixo,3.0,Cat_6,D
465015,Feminino,Sim,61,Sim,Engenheiro,0.0,Baixo,3.0,Cat_7,D
465176,Feminino,Sim,55,Sim,Ator/Atriz,1.0,Medio,4.0,Cat_6,C
464041,Feminino,Nao,26,Sim,Engenheiro,1.0,Baixo,3.0,Cat_6,A
464942,Masculino,Nao,19,Nao,Enfermeiro,4.0,Baixo,4.0,Cat_4,D
460849,Feminino,Sim,58,Nao,Medico,0.0,Baixo,1.0,Cat_3,B
460563,Feminino,Nao,41,Nao,Enfermeiro,1.0,Baixo,2.0,Cat_1,C
466865,Feminino,Nao,32,Nao,Do Lar,9.0,Baixo,5.0,Cat_3,D
461644,Masculino,Nao,31,Nao,Enfermeiro,1.0,Baixo,6.0,Cat_6,B
466772,Masculino,Sim,58,Sim,Entretenimento,1.0,Medio,4.0,Cat_6,B
464291,Feminino,Sim,79,Sim,Ator/Atriz,0.0,Alto,1.0,Cat_6,C
466084,Masculino,Sim,49,Sim,Do Lar,12.0,Baixo,1.0,Cat_3,A
459675,Feminino,Nao,18,Nao,Enfermeiro,3.0,Baixo,4.0,Cat_6,D
465602,Masculino,Sim,33,Sim,Ator/Atriz,13.0,Baixo,2.0,Cat_3,A
459168,Feminino,Nao,36,Sim,Ator/Atriz,5.0,Baixo,2.0,Cat_6,B
465083,Masculino,Sim,56,Nao,Ator/Atriz,1.0,Medio,3.0,Cat_6,C
467604,Masculino,Nao,31,Nao,Enfermeiro,9.0,Baixo,8.0,Cat_4,A
459717,Masculino,Sim,49,Sim,Ator/Atriz,1.0,Medio,3.0,Cat_6,C
465882,Masculino,Nao,35,Sim,Ator/Atriz,0.0,Baixo,1.0,Cat_6,B
461996,Feminino,Nao,35,Nao,Ator/Atriz,5.0,Baixo,4.0,Cat_6,C
463331,Feminino,Sim,45,Sim,Ator/Atriz,0.0,Baixo,3.0,Cat_6,C
462216,Feminino,Sim,42,Nao,Medico,1.0,Baixo,2.0,Cat_4,A
462454,Masculino,Nao,19,Nao,Enfermeiro,1.0,Baixo,3.0,Cat_2,D
459861,Feminino,Sim,83,Nao,Advogado,1.0,Alto,2.0,Cat_6,D
467917,Feminino,Nao,27,Sim,Enfermeiro,3.0,Baixo,4.0,Cat_1,D
465572,Masculino,Nao,32,Nao,Medico,5.0,Baixo,1.0,Cat_4,D
460593,Feminino,Sim,28,Nao,Enfermeiro,1.0,Medio,5.0,Cat_3,D
465891,Feminino,Sim,28,Sim,Ator/Atriz,8.0,Baixo,2.0,Cat_6,A
462044,Feminino,Nao,47,Sim,Ator/Atriz,4.0,Baixo,1.0,Cat_6,B
465686,Feminino,Nao,22,Nao,Enfermeiro,0.0,Baixo,2.0,Cat_6,D
464590,Feminino,Nao,27,Sim,Ator/Atriz,14.0,Baixo,3.0,Cat_6,A
466152,Masculino,Sim,40,Nao,Engenheiro,8.0,Baixo,1.0,Cat_6,A
465729,Masculino,Sim,41,Sim,Ator/Atriz,0.0,Medio,4.0,Cat_4,B
462442,Masculino,Nao,19,Nao,Enfermeiro,0.0,Baixo,4.0,Cat_6,D
464191,Feminino,Nao,45,Sim,Engenheiro,1.0,Baixo,1.0,Cat_6,A
462078,Feminino,Sim,61,Nao,Ator/Atriz,1.0,Medio,2.0,Cat_2,B
467873,Feminino,Sim,36,Sim,Ator/Atriz,1.0,Medio,2.0,Cat_6,C
461270,Masculino,Sim,40,Sim,Ator/Atriz,1.0,Baixo,1.0,Cat_3,A
462960,Feminino,Sim,57,Sim,Entretenimento,0.0,Medio,2.0,Cat_6,C
464961,Masculino,Sim,76,Nao,Marketing,1.0,Baixo,1.0,Cat_4,A
462110,Masculino,Sim,32,Sim,Ator/Atriz,14.0,Medio,2.0,Cat_6,B
465769,Masculino,Nao,25,Sim,Enfermeiro,9.0,Baixo,4.0,Cat_6,D
465269,Feminino,Sim,45,Sim,Ator/Atriz,1.0,Medio,3.0,Cat_3,C
461891,Masculino,Sim,48,Sim,Ator/Atriz,0.0,Medio,2.0,Cat_6,C
466935,Masculino,Sim,55,Sim,Ator/Atriz,9.0,Medio,2.0,Cat_1,C
464091,Masculino,Sim,74,Sim,Advogado,0.0,Alto,3.0,Cat_6,D
464535,Masculino,Sim,56,Sim,Advogado,1.0,Alto,2.0,Cat_6,A
463108,Masculino,Sim,59,Sim,Advogado,7.0,Alto,2.0,Cat_6,A
461356,Masculino,Nao,25,Sim,Entretenimento,0.0,Baixo,2.0,Cat_6,A
464570,Masculino,Sim,31,Sim,Medico,0.0,Medio,2.0,Cat_6,A
464580,Masculino,Nao,27,Nao,Ator/Atriz,8.0,Baixo,4.0,Cat_6,A
465233,Masculino,Sim,57,Sim,Ator/Atriz,0.0,Medio,4.0,Cat_6,B
459954,Masculino,Sim,27,Sim,Enfermeiro,8.0,Baixo,2.0,Cat_6,D
460219,Feminino,Sim,51,Sim,Entretenimento,8.0,Medio,2.0,Cat_6,A
460877,Feminino,Sim,47,Nao,Ator/Atriz,0.0,Medio,5.0,Cat_6,B
460191,Feminino,Nao,33,Nao,Enfermeiro,8.0,Baixo,4.0,Cat_6,D
463742,Masculino,Sim,56,Sim,Ator/Atriz,0.0,Medio,4.0,Cat_6,C
463691,Feminino,Nao,33,Nao,Do Lar,0.0,Baixo,3.0,Cat_6,B
463250,Feminino,Nao,36,Sim,Medico,0.0,Baixo,2.0,Cat_6,D
463952,Masculino,Sim,51,Nao,Ator/Atriz,4.0,Baixo,3.0,Cat_4,A
461558,Masculino,Sim,45,Sim,Engenheiro,2.0,Medio,2.0,Cat_6,C
465379,Masculino,Nao,30,Nao,Enfermeiro,0.0,Baixo,4.0,Cat_6,C
463814,Feminino,Nao,26,Nao,Enfermeiro,6.0,Baixo,3.0,Cat_5,D
466938,Masculino,Sim,63,Sim,Ator/Atriz,8.0,Baixo,1.0,Cat_6,A
460671,Masculino,Sim,35,Nao,Entretenimento,8.0,Medio,4.0,Cat_3,B
462204,Feminino,Nao,19,Nao,Marketing,1.0,Baixo,3.0,Cat_4,A
461671,Masculino,Nao,32,Nao,Enfermeiro,7.0,Baixo,5.0,Cat_6,D
459384,Masculino,Sim,52,Sim,Ator/Atriz,0.0,Medio,3.0,Cat_6,C
459905,Feminino,Sim,36,Sim,Ator/Atriz,5.0,Baixo,2.0,Cat_6,C
464734,Feminino,Nao,42,Nao,Entretenimento,7.0,Baixo,3.0,Cat_4,D
464125,Masculino,Sim,40,Nao,Medico,0.0,Medio,2.0,Cat_3,D
467434,Masculino,Nao,39,Sim,Entretenimento,0.0,Baixo,3.0,Cat_1,B
460956,Feminino,Sim,47,Sim,Ator/Atriz,1.0,Medio,4.0,Cat_3,C
465179,Feminino,Sim,61,Sim,Ator/Atriz,1.0,Alto,2.0,Cat_6,C
463338,Masculino,Sim,32,Nao,Entretenimento,1.0,Baixo,2.0,Cat_3,D
467066,Masculino,Sim,55,Nao,Ator/Atriz,0.0,Baixo,1.0,Cat_6,B
459976,Feminino,Nao,38,Sim,Ator/Atriz,0.0,Baixo,1.0,Cat_6,D
461334,Masculino,Sim,63,Sim,Ator/Atriz,0.0,Alto,2.0,Cat_6,C
465108,Masculino,Sim,58,Sim,Medico,1.0,Medio,2.0,Cat_6,C
462600,Masculino,Sim,30,Nao,Engenheiro,3.0,Medio,3.0,Cat_4,D
464144,Masculino,Sim,60,Sim,Ator/Atriz,0.0,Medio,4.0,Cat_6,C
466911,Masculino,Sim,68,Nao,Executivo,1.0,Alto,7.0,Cat_6,B
462806,Masculino,Sim,52,Nao,Ator/Atriz,0.0,Baixo,3.0,Cat_4,A
463426,Masculino,Sim,38,Nao,Executivo,0.0,Alto,5.0,Cat_6,A
464065,Feminino,Sim,35,Sim,Enfermeiro,10.0,Baixo,2.0,Cat_6,B
462979,Masculino,Nao,18,Nao,Medico,1.0,Baixo,2.0,Cat_6,D
462834,Masculino,Sim,30,Sim,Do Lar,3.0,Baixo,2.0,Cat_1,D
460764,Masculino,Nao,86,Nao,Advogado,1.0,Baixo,1.0,Cat_6,D
460185,Masculino,Nao,25,Nao,Enfermeiro,9.0,Baixo,3.0,Cat_6,D
464406,Feminino,Nao,39,Sim,Ator/Atriz,0.0,Baixo,1.0,Cat_6,A
462059,Masculino,Nao,47,Sim,Ator/Atriz,1.0,Baixo,1.0,Cat_6,C
467905,Masculino,Sim,43,Sim,Executivo,0.0,Alto,3.0,Cat_6,D
461177,Masculino,Sim,36,Nao,Executivo,8.0,Medio,4.0,Cat_1,B
460765,Masculino,Sim,80,Nao,Advogado,1.0,Baixo,1.0,Cat_6,D
465386,Masculino,Nao,36,Sim,Ator/Atriz,0.0,Baixo,2.0,Cat_2,C
462332,Feminino,Sim,37,Sim,Ator/Atriz,1.0,Alto,2.0,Cat_7,A
464481,Masculino,Sim,46,Sim,Executivo,0.0,Alto,3.0,Cat_6,C
461011,Masculino,Sim,55,Nao,Executivo,1.0,Alto,4.0,Cat_3,B
464749,Feminino,Sim,47,Nao,Engenheiro,9.0,Medio,4.0,Cat_4,B
461094,Feminino,Nao,28,Sim,Enfermeiro,1.0,Baixo,3.0,Cat_3,D
462104,Masculino,Sim,39,Nao,Entretenimento,9.0,Baixo,2.0,Cat_3,D
464524,Feminino,Sim,27,Nao,Marketing,1.0,Baixo,2.0,Cat_6,A
461787,Masculino,Sim,72,Sim,Ator/Atriz,0.0,Medio,2.0,Cat_6,C
467857,Feminino,Sim,28,Sim,Engenheiro,0.0,Baixo,2.0,Cat_6,A
460153,Masculino,Nao,35,Sim,Entretenimento,8.0,Baixo,5.0,Cat_6,C
465215,Masculino,Sim,39,Sim,Executivo,9.0,Alto,5.0,Cat_2,A
466746,Feminino,Sim,69,Sim,Advogado,0.0,Alto,2.0,Cat_6,C
464857,Masculino,Nao,18,Nao,Enfermeiro,6.0,Baixo,4.0,Cat_4,D
460723,Feminino,Sim,50,Sim,Engenheiro,1.0,Alto,2.0,Cat_4,B
459853,Masculino,Nao,30,Nao,Executivo,5.0,Baixo,5.0,Cat_6,A
460410,Feminino,Nao,39,Sim,Ator/Atriz,3.0,Baixo,4.0,Cat_6,D
463823,Feminino,Nao,29,Nao,Marketing,8.0,Baixo,4.0,Cat_6,D
462008,Feminino,Sim,37,Sim,Ator/Atriz,4.0,Baixo,4.0,Cat_5,B
459750,Feminino,Sim,39,Sim,Engenheiro,0.0,Medio,2.0,Cat_6,A
459880,Feminino,Sim,48,Sim,Ator/Atriz,0.0,Medio,5.0,Cat_7,C
459261,Feminino,Nao,32,Sim,Medico,0.0,Baixo,3.0,Cat_6,C
465395,Feminino,Sim,43,Nao,Engenheiro,0.0,Medio,5.0,Cat_4,B
461631,Masculino,Nao,29,Nao,Marketing,8.0,Baixo,5.0,Cat_6,C
464904,Feminino,Sim,28,Nao,Engenheiro,9.0,Medio,2.0,Cat_4,A
461740,Masculino,Sim,80,Sim,Advogado,1.0,Baixo,1.0,Cat_6,B
467092,Feminino,Nao,28,Sim,Enfermeiro,7.0,Baixo,4.0,Cat_6,D
464173,Masculino,Sim,71,Sim,Ator/Atriz,6.0,Medio,3.0,Cat_6,C
464972,Masculino,Sim,67,Nao,Advogado,0.0,Alto,9.0,Cat_4,A
467959,Feminino,Nao,26,Nao,Engenheiro,0.0,Baixo,1.0,Cat_2,A
467688,Feminino,Sim,47,Sim,Engenheiro,0.0,Medio,2.0,Cat_6,C
460043,Feminino,Sim,43,Sim,Ator/Atriz,2.0,Medio,2.0,Cat_6,B
466590,Feminino,Nao,27,Sim,Enfermeiro,0.0,Baixo,4.0,Cat_6,C
461191,Feminino,Sim,45,Sim,Marketing,8.0,Baixo,4.0,Cat_6,D
465662,Masculino,Sim,76,Nao,Executivo,1.0,Baixo,1.0,Cat_6,C
459231,Feminino,Sim,43,Sim,Ator/Atriz,3.0,Medio,4.0,Cat_6,C
466495,Feminino,Sim,78,Sim,Advogado,1.0,Alto,2.0,Cat_6,B
459192,Masculino,Sim,35,Sim,Ator/Atriz,3.0,Medio,3.0,Cat_6,C
465710,Feminino,Nao,49,Sim,Ator/Atriz,1.0,Baixo,1.0,Cat_6,C
460258,Feminino,Nao,25,Sim,Enfermeiro,1.0,Baixo,5.0,Cat_6,D
462813,Masculino,Sim,37,Nao,Executivo,0.0,Medio,5.0,Cat_6,A
467768,Masculino,Sim,60,Sim,Medico,0.0,Medio,2.0,Cat_6,C
465291,Feminino,Sim,45,Sim,Ator/Atriz,5.0,Medio,3.0,Cat_6,C
462996,Feminino,Sim,49,Sim,Do Lar,9.0,Medio,3.0,Cat_6,C
463497,Masculino,Nao,32,Sim,Ator/Atriz,0.0,Baixo,5.0,Cat_6,D
465301,Feminino,Sim,40,Sim,Ator/Atriz,0.0,Baixo,3.0,Cat_3,B
464702,Masculino,Sim,59,Nao,Ator/Atriz,2.0,Medio,2.0,Cat_4,C
459012,Masculino,Sim,48,Sim,Ator/Atriz,3.0,Baixo,5.0,Cat_6,B
465053,Masculino,Sim,82,Sim,Executivo,0.0,Alto,2.0,Cat_6,C
459420,Feminino,Sim,70,Sim,Advogado,0.0,Baixo,2.0,Cat_6,B
464166,Masculino,Nao,31,Sim,Ator/Atriz,5.0,Baixo,2.0,Cat_6,B
458987,Feminino,Sim,72,Sim,Advogado,0.0,Alto,2.0,Cat_6,C
467745,Masculino,Sim,50,Sim,Ator/Atriz,3.0,Medio,4.0,Cat_6,C
464866,Feminino,Nao,23,Nao,Engenheiro,11.0,Baixo,1.0,Cat_3,D
461081,Feminino,Nao,20,Nao,Enfermeiro,2.0,Baixo,6.0,Cat_6,D
467896,Feminino,Nao,22,Nao,Enfermeiro,4.0,Baixo,3.0,Cat_6,D
463991,Feminino,Nao,31,Sim,Engenheiro,8.0,Baixo,1.0,Cat_6,A
466620,Feminino,Sim,36,Sim,Ator/Atriz,7.0,Medio,2.0,Cat_6,C
460697,Masculino,Sim,40,Sim,Ator/Atriz,4.0,Medio,4.0,Cat_6,C
467934,Feminino,Nao,40,Sim,Ator/Atriz,1.0,Baixo,1.0,Cat_6,A
467910,Feminino,Nao,21,Nao,Medico,1.0,Baixo,3.0,Cat_7,A
467335,Feminino,Sim,41,Nao,Engenheiro,4.0,Medio,2.0,Cat_6,D
460263,Masculino,Sim,40,Sim,Ator/Atriz,0.0,Baixo,2.0,Cat_6,B
459340,Masculino,Sim,53,Sim,Ator/Atriz,1.0,Medio,3.0,Cat_6,B
465622,Feminino,Sim,42,Sim,Ator/Atriz,5.0,Baixo,2.0,Cat_6,C
459395,Masculino,Sim,42,Nao,Executivo,8.0,Baixo,2.0,Cat_6,D
466574,Masculino,Sim,59,Sim,Ator/Atriz,7.0,Baixo,2.0,Cat_6,C
466544,Masculino,Sim,41,Sim,Executivo,1.0,Medio,3.0,Cat_6,A
463610,Feminino,Sim,31,Sim,Ator/Atriz,0.0,Medio,2.0,Cat_6,A
465539,Feminino,Sim,49,Sim,Ator/Atriz,1.0,Alto,5.0,Cat_6,B
459823,Masculino,Sim,67,Sim,Executivo,1.0,Baixo,2.0,Cat_6,A
467614,Masculino,Sim,35,Nao,Ator/Atriz,4.0,Medio,2.0,Cat_6,B
459073,Feminino,Nao,26,Sim,Enfermeiro,0.0,Baixo,3.0,Cat_6,C
464863,Feminino,Sim,25,Nao,Engenheiro,6.0,Medio,8.0,Cat_4,D
460022,Feminino,Sim,39,Sim,Enfermeiro,4.0,Baixo,2.0,Cat_6,A
459929,Masculino,Sim,63,Sim,Entretenimento,0.0,Baixo,2.0,Cat_6,A
466613,Masculino,Nao,23,Nao,Enfermeiro,8.0,Baixo,3.0,Cat_6,D
461149,Feminino,Nao,23,Nao,Enfermeiro,0.0,Baixo,3.0,Cat_3,D
466068,Feminino,Sim,53,Sim,Ator/Atriz,2.0,Baixo,1.0,Cat_6,C
461513,Masculino,Nao,33,Sim,Medico,0.0,Baixo,2.0,Cat_6,B
466236,Feminino,Sim,69,Sim,Engenheiro,0.0,Baixo,2.0,Cat_4,B
459664,Masculino,Nao,37,Sim,Ator/Atriz,2.0,Baixo,1.0,Cat_6,B
461967,Feminino,Nao,20,Nao,Marketing,3.0,Baixo,4.0,Cat_7,C
461710,Feminino,Sim,49,Sim,Medico,1.0,Medio,4.0,Cat_6,C
462742,Masculino,Nao,18,Nao,Enfermeiro,0.0,Baixo,3.0,Cat_3,D
459528,Feminino,Sim,52,Sim,Medico,0.0,Medio,2.0,Cat_6,C
467515,Masculino,Sim,28,Sim,Engenheiro,0.0,Medio,2.0,Cat_6,A
463429,Feminino,Nao,28,Sim,Ator/Atriz,7.0,Baixo,3.0,Cat_6,A
464024,Masculino,Nao,20,Nao,Enfermeiro,0.0,Baixo,5.0,Cat_7,D
460691,Feminino,Nao,27,Nao,Do Lar,8.0,Baixo,1.0,Cat_3,D
467271,Masculino,Sim,45,Sim,Ator/Atriz,4.0,Medio,4.0,Cat_6,B
465634,Masculino,Nao,25,Sim,Enfermeiro,1.0,Baixo,4.0,Cat_4,B
464801,Masculino,Nao,40,Nao,Marketing,1.0,Baixo,1.0,Cat_4,D
462036,Feminino,Sim,67,Sim,Advogado,0.0,Alto,2.0,Cat_6,B
460448,Feminino,Nao,38,Sim,Ator/Atriz,9.0,Baixo,1.0,Cat_3,A
464464,Masculino,Nao,28,Nao,Enfermeiro,0.0,Baixo,4.0,Cat_2,C
462410,Feminino,Nao,32,Nao,Enfermeiro,1.0,Baixo,5.0,Cat_7,B
459756,Feminino,Sim,56,Nao,Advogado,1.0,Alto,4.0,Cat_4,B
463789,Feminino,Sim,53,Sim,Ator/Atriz,1.0,Baixo,2.0,Cat_6,C
466947,Masculino,Sim,57,Nao,Executivo,1.0,Alto,5.0,Cat_6,C
464150,Feminino,Sim,59,Sim,Ator/Atriz,0.0,Medio,3.0,Cat_6,C
465693,Feminino,Sim,25,Sim,Enfermeiro,1.0,Alto,4.0,Cat_4,A
461670,Masculino,Sim,59,Sim,Ator/Atriz,0.0,Medio,6.0,Cat_6,C
466768,Feminino,Sim,36,Sim,Ator/Atriz,0.0,Baixo,4.0,Cat_6,C
461550,Masculino,Sim,37,Sim,Entretenimento,7.0,Baixo,2.0,Cat_6,A
462438,Masculino,Nao,22,Nao,Medico,1.0,Baixo,3.0,Cat_2,D
460704,Masculino,Sim,43,Sim,Ator/Atriz,1.0,Baixo,2.0,Cat_6,B
464884,Masculino,Sim,41,Sim,Ator/Atriz,1.0,Baixo,2.0,Cat_4,A
467050,Feminino,Nao,21,Nao,Engenheiro,0.0,Baixo,5.0,Cat_2,B
466176,Masculino,Nao,38,Sim,Medico,8.0,Baixo,1.0,Cat_2,B
467773,Masculino,Sim,70,Sim,Advogado,1.0,Alto,3.0,Cat_6,C
465425,Feminino,Nao,31,Nao,Engenheiro,1.0,Baixo,4.0,Cat_6,B
462318,Feminino,Sim,82,Nao,Advogado,0.0,Medio,2.0,Cat_6,A
460197,Masculino,Nao,38,Sim,Ator/Atriz,8.0,Baixo,3.0,Cat_2,A
459375,Masculino,Sim,18,Nao,Executivo,0.0,Alto,4.0,Cat_6,A
463862,Masculino,Sim,50,Sim,Ator/Atriz,6.0,Medio,3.0,Cat_6,C
462721,Feminino,Sim,72,Nao,Advogado,1.0,Alto,3.0,Cat_6,D
465809,Feminino,Nao,25,Nao,Do Lar,1.0,Baixo,7.0,Cat_4,B
466915,Feminino,Sim,75,Nao,Entretenimento,2.0,Alto,2.0,Cat_2,D
467343,Masculino,Nao,72,Sim,Ator/Atriz,1.0,Baixo,1.0,Cat_6,B
466268,Feminino,Sim,72,Sim,Ator/Atriz,0.0,Medio,3.0,Cat_4,C
464868,Masculino,Sim,36,Sim,Entretenimento,6.0,Baixo,6.0,Cat_4,A
464038,Masculino,Sim,40,Sim,Ator/Atriz,1.0,Baixo,2.0,Cat_6,A
460176,Feminino,Nao,28,Sim,Entretenimento,0.0,Baixo,4.0,Cat_6,C
462161,Feminino,Nao,28,Sim,Medico,0.0,Baixo,3.0,Cat_6,D
464893,Masculino,Sim,43,Sim,Ator/Atriz,0.0,Baixo,2.0,Cat_4,B
464443,Feminino,Sim,35,Sim,Ator/Atriz,1.0,Medio,2.0,Cat_6,B
467619,Masculino,Sim,65,Sim,Advogado,1.0,Alto,2.0,Cat_6,B
465974,Masculino,Sim,52,Sim,Executivo,7.0,Alto,4.0,Cat_4,C
462075,Feminino,Nao,40,Sim,Ator/Atriz,1.0,Baixo,1.0,Cat_6,B
459494,Feminino,Sim,69,Nao,Engenheiro,9.0,Baixo,3.0,Cat_6,A
466921,Feminino,Nao,22,Nao,Enfermeiro,3.0,Baixo,3.0,Cat_6,D
463544,Masculino,Sim,47,Sim,Executivo,1.0,Medio,4.0,Cat_6,C
461167,Masculino,Sim,29,Sim,Marketing,1.0,Alto,2.0,Cat_3,A
467364,Masculino,Sim,46,Sim,Ator/Atriz,1.0,Medio,3.0,Cat_3,C
462408,Masculino,Nao,32,Sim,Ator/Atriz,1.0,Baixo,2.0,Cat_6,A
466224,Feminino,Nao,38,Sim,Enfermeiro,0.0,Baixo,1.0,Cat_2,C
465151,Masculino,Sim,59,Sim,Ator/Atriz,0.0,Baixo,1.0,Cat_6,B
467216,Feminino,Nao,26,Sim,Entretenimento,1.0,Baixo,1.0,Cat_6,D
460586,Masculino,Nao,26,Sim,Enfermeiro,1.0,Baixo,2.0,Cat_3,A
461197,Masculino,Nao,28,Nao,Marketing,0.0,Baixo,1.0,Cat_3,D
462776,Feminino,Sim,53,Sim,Engenheiro,1.0,Medio,3.0,Cat_6,C
464088,Masculino,Nao,27,Nao,Medico,1.0,Baixo,3.0,Cat_6,D
464695,Masculino,Nao,26,Nao,Engenheiro,0.0,Baixo,4.0,Cat_4,D
462331,Feminino,Nao,31,Nao,Entretenimento,0.0,Baixo,2.0,Cat_6,D
466523,Masculino,Sim,39,Sim,Executivo,1.0,Alto,3.0,Cat_3,B
465337,Feminino,Sim,43,Nao,Engenheiro,1.0,Baixo,3.0,Cat_7,A
460834,Masculino,Sim,25,Nao,Medico,1.0,Baixo,2.0,Cat_1,A
466824,Masculino,Sim,40,Sim,Ator/Atriz,3.0,Alto,3.0,Cat_6,A
461607,Feminino,Sim,40,Sim,Entretenimento,7.0,Medio,2.0,Cat_3,B
466999,Masculino,Nao,27,Sim,Enfermeiro,1.0,Baixo,3.0,Cat_6,D
466597,Feminino,Nao,19,Nao,Enfermeiro,1.0,Baixo,2.0,Cat_6,D
464075,Feminino,Sim,86,Sim,Advogado,0.0,Alto,2.0,Cat_6,B
462163,Feminino,Sim,27,Sim,Ator/Atriz,4.0,Medio,2.0,Cat_3,C
463895,Feminino,Sim,70,Nao,Medico,0.0,Medio,2.0,Cat_6,B
464767,Feminino,Sim,53,Nao,Engenheiro,8.0,Medio,4.0,Cat_4,B
463738,Masculino,Sim,43,Nao,Executivo,0.0,Alto,4.0,Cat_6,A
465967,Masculino,Sim,36,Nao,Medico,6.0,Baixo,3.0,Cat_6,A
462260,Masculino,Sim,74,Sim,Advogado,0.0,Baixo,2.0,Cat_6,C
467234,Feminino,Nao,30,Nao,Do Lar,0.0,Baixo,4.0,Cat_6,D
466573,Feminino,Nao,37,Sim,Ator/Atriz,5.0,Baixo,2.0,Cat_6,B
463229,Feminino,Nao,22,Nao,Marketing,0.0,Baixo,1.0,Cat_5,B
459768,Masculino,Nao,19,Nao,Enfermeiro,0.0,Baixo,4.0,Cat_6,D
462541,Masculino,Sim,70,Sim,Engenheiro,4.0,Alto,2.0,Cat_6,B
467714,Masculino,Sim,89,Sim,Advogado,13.0,Baixo,1.0,Cat_6,A
459474,Masculino,Nao,25,Sim,Medico,6.0,Baixo,1.0,Cat_2,D
460093,Feminino,Nao,45,Sim,Ator/Atriz,4.0,Baixo,1.0,Cat_3,A
467865,Feminino,Nao,35,Sim,Ator/Atriz,3.0,Baixo,1.0,Cat_4,A
465758,Feminino,Sim,37,Nao,Engenheiro,7.0,Baixo,1.0,Cat_4,D
464184,Feminino,Sim,39,Nao,Engenheiro,4.0,Medio,2.0,Cat_6,B
462618,Feminino,Nao,32,Sim,Enfermeiro,1.0,Baixo,5.0,Cat_4,D
464226,Feminino,Sim,62,Sim,Ator/Atriz,2.0,Medio,3.0,Cat_6,C
465432,Feminino,Sim,58,Sim,Engenheiro,0.0,Medio,4.0,Cat_4,B
466627,Masculino,Nao,25,Nao,Enfermeiro,0.0,Baixo,5.0,Cat_6,C
467380,Feminino,Sim,56,Sim,Ator/Atriz,0.0,Medio,4.0,Cat_6,C
465842,Feminino,Nao,36,Sim,Entretenimento,10.0,Baixo,2.0,Cat_6,A
464622,Feminino,Nao,30,Nao,Enfermeiro,8.0,Baixo,3.0,Cat_6,A
462083,Masculino,Nao,19,Nao,Enfermeiro,1.0,Baixo,5.0,Cat_6,D
460910,Masculino,Nao,27,Sim,Enfermeiro,0.0,Baixo,2.0,Cat_6,A
460255,Feminino,Nao,38,Sim,Medico,14.0,Baixo,1.0,Cat_6,A
460109,Masculino,Sim,46,Sim,Ator/Atriz,8.0,Medio,2.0,Cat_6,C
464306,Masculino,Nao,29,Sim,Ator/Atriz,3.0,Baixo,1.0,Cat_6,B
466835,Masculino,Sim,51,Nao,Entretenimento,1.0,Medio,4.0,Cat_7,B
465192,Masculino,Sim,55,Nao,Ator/Atriz,0.0,Baixo,1.0,Cat_6,A
463380,Feminino,Sim,69,Sim,Engenheiro,1.0,Baixo,1.0,Cat_3,A
462391,Feminino,Nao,26,Nao,Enfermeiro,1.0,Baixo,8.0,Cat_7,C
467086,Feminino,Sim,83,Sim,Advogado,0.0,Baixo,3.0,Cat_6,A
460306,Feminino,Nao,39,Sim,Enfermeiro,9.0,Baixo,1.0,Cat_6,D
460752,Masculino,Sim,35,Sim,Ator/Atriz,9.0,Baixo,1.0,Cat_6,A
467264,Masculino,Sim,19,Nao,Marketing,2.0,Alto,5.0,Cat_6,C
466258,Feminino,Nao,29,Nao,Enfermeiro,1.0,Baixo,3.0,Cat_6,B
463719,Feminino,Nao,26,Nao,Medico,0.0,Baixo,1.0,Cat_6,D
460032,Masculino,Nao,36,Sim,Engenheiro,8.0,Baixo,1.0,Cat_6,A
465175,Feminino,Nao,22,Nao,Do Lar,0.0,Baixo,4.0,Cat_6,D
466610,Masculino,Nao,19,Nao,Marketing,0.0,Baixo,5.0,Cat_6,A
459036,Feminino,Sim,20,Sim,Advogado,1.0,Medio,3.0,Cat_3,A
464047,Masculino,Nao,43,Sim,Enfermeiro,3.0,Baixo,3.0,Cat_6,D
459997,Masculino,Nao,43,Sim,Entretenimento,1.0,Baixo,2.0,Cat_4,A
463382,Feminino,Sim,50,Sim,Engenheiro,4.0,Alto,3.0,Cat_6,B
460967,Masculino,Nao,25,Sim,Entretenimento,1.0,Baixo,2.0,Cat_6,A
465094,Masculino,Sim,61,Nao,Ator/Atriz,1.0,Alto,2.0,Cat_6,B
461229,Feminino,Sim,28,Sim,Enfermeiro,0.0,Medio,2.0,Cat_6,A
466442,Masculino,Nao,38,Sim,Ator/Atriz,1.0,Baixo,1.0,Cat_6,D
464527,Masculino,Nao,25,Nao,Executivo,12.0,Baixo,3.0,Cat_6,A
463560,Feminino,Nao,18,Nao,Enfermeiro,9.0,Baixo,5.0,Cat_4,D
460011,Masculino,Sim,43,Sim,Entretenimento,1.0,Medio,5.0,Cat_5,C
467207,Feminino,Nao,27,Sim,Ator/Atriz,8.0,Baixo,1.0,Cat_6,B
465177,Feminino,Nao,60,Sim,Entretenimento,1.0,Baixo,2.0,Cat_6,D
467531,Masculino,Sim,75,Sim,Advogado,2.0,Baixo,1.0,Cat_6,D
462842,Masculino,Nao,23,Nao,Medico,6.0,Baixo,4.0,Cat_2,D
462124,Masculino,Nao,36,Sim,Ator/Atriz,8.0,Baixo,1.0,Cat_6,A
466265,Masculino,Nao,30,Nao,Medico,1.0,Baixo,1.0,Cat_3,C
459789,Masculino,Sim,56,Nao,Ator/Atriz,1.0,Medio,2.0,Cat_6,C
464223,Feminino,Sim,52,Sim,Ator/Atriz,2.0,Baixo,2.0,Cat_6,C
460280,Masculino,Sim,39,Sim,Entretenimento,0.0,Baixo,1.0,Cat_6,D
460331,Feminino,Nao,35,Nao,Ator/Atriz,5.0,Baixo,1.0,Cat_6,A
461494,Masculino,Sim,33,Nao,Engenheiro,0.0,Medio,2.0,Cat_6,B
460035,Feminino,Nao,25,Sim,Ator/Atriz,0.0,Baixo,6.0,Cat_6,A
463812,Feminino,Sim,27,Sim,Ator/Atriz,0.0,Medio,2.0,Cat_4,B
465569,Masculino,Sim,35,Sim,Ator/Atriz,1.0,Alto,3.0,Cat_6,A
466333,Feminino,Sim,41,Sim,Ator/Atriz,1.0,Medio,2.0,Cat_6,C
462723,Feminino,Sim,46,Nao,Ator/Atriz,8.0,Medio,2.0,Cat_6,B
462404,Feminino,Nao,26,Sim,Ator/Atriz,9.0,Baixo,1.0,Cat_6,A
461799,Masculino,Sim,43,Sim,Medico,13.0,Alto,2.0,Cat_6,B
459933,Feminino,Sim,30,Sim,Ator/Atriz,8.0,Baixo,4.0,Cat_6,A
463717,Feminino,Sim,70,Sim,Ator/Atriz,1.0,Medio,4.0,Cat_6,C
462149,Feminino,Sim,89,Nao,Advogado,3.0,Alto,1.0,Cat_6,D
462769,Feminino,Sim,42,Nao,Do Lar,6.0,Alto,4.0,Cat_6,B
465532,Feminino,Sim,37,Sim,Entretenimento,6.0,Medio,3.0,Cat_4,A
462829,Masculino,Sim,29,Nao,Executivo,1.0,Medio,3.0,Cat_6,D
459210,Feminino,Sim,68,Sim,Ator/Atriz,1.0,Alto,2.0,Cat_6,C
464659,Feminino,Nao,25,Nao,Engenheiro,1.0,Baixo,1.0,Cat_4,D
467759,Feminino,Sim,48,Sim,Medico,0.0,Baixo,2.0,Cat_6,C
461475,Feminino,Sim,51,Sim,Medico,1.0,Medio,3.0,Cat_1,C
462714,Feminino,Sim,40,Sim,Engenheiro,1.0,Alto,5.0,Cat_2,B
466890,Masculino,Sim,47,Sim,Ator/Atriz,0.0,Medio,6.0,Cat_7,B
467479,Masculino,Sim,35,Sim,Executivo,1.0,Medio,4.0,Cat_6,C
466799,Feminino,Nao,19,Nao,Enfermeiro,2.0,Baixo,3.0,Cat_6,D
460873,Masculino,Sim,46,Sim,Entretenimento,0.0,Medio,3.0,Cat_4,B
466776,Masculino,Sim,86,Sim,Advogado,0.0,Baixo,1.0,Cat_6,B
459462,Masculino,Sim,66,Sim,Ator/Atriz,0.0,Alto,2.0,Cat_6,B
465727,Masculino,Nao,42,Nao,Marketing,1.0,Baixo,5.0,Cat_4,D
462348,Feminino,Sim,73,Sim,Advogado,1.0,Alto,2.0,Cat_6,B
460941,Masculino,Sim,72,Nao,Engenheiro,1.0,Baixo,1.0,Cat_6,A
461629,Masculino,Sim,53,Sim,Ator/Atriz,0.0,Baixo,3.0,Cat_6,B
459907,Feminino,Sim,39,Sim,Ator/Atriz,8.0,Medio,2.0,Cat_6,C
467146,Feminino,Nao,27,Nao,Do Lar,9.0,Baixo,1.0,Cat_6,D
459196,Feminino,Nao,23,Nao,Enfermeiro,1.0,Baixo,3.0,Cat_4,D
465444,Feminino,Nao,30,Sim,Entretenimento,0.0,Baixo,4.0,Cat_6,B
464186,Feminino,Sim,39,Sim,Ator/Atriz,5.0,Medio,2.0,Cat_6,C
466412,Masculino,Sim,26,Sim,Ator/Atriz,1.0,Medio,3.0,Cat_6,B
459480,Feminino,Sim,50,Sim,Entretenimento,7.0,Baixo,3.0,Cat_6,A
467880,Feminino,Sim,45,Sim,Ator/Atriz,1.0,Medio,2.0,Cat_6,C
460216,Feminino,Nao,62,Nao,Entretenimento,2.0,Baixo,1.0,Cat_6,A
467941,Feminino,Nao,27,Sim,Medico,1.0,Baixo,3.0,Cat_6,A
462572,Feminino,Sim,30,Nao,Engenheiro,1.0,Medio,7.0,Cat_4,A
467443,Masculino,Nao,32,Nao,Enfermeiro,7.0,Baixo,4.0,Cat_3,A
459701,Masculino,Nao,47,Nao,Ator/Atriz,3.0,Baixo,3.0,Cat_5,B
461139,Feminino,Nao,32,Sim,Ator/Atriz,4.0,Baixo,4.0,Cat_2,A
461115,Feminino,Sim,32,Nao,Engenheiro,5.0,Baixo,3.0,Cat_1,A
459027,Masculino,Sim,67,Sim,Medico,1.0,Medio,4.0,Cat_6,B
467340,Feminino,Sim,77,Sim,Advogado,0.0,Alto,2.0,Cat_6,C
460857,Masculino,Nao,31,Nao,Entretenimento,1.0,Baixo,1.0,Cat_4,A
464300,Masculino,Sim,42,Sim,Ator/Atriz,0.0,Baixo,3.0,Cat_4,A
463287,Masculino,Sim,50,Sim,Ator/Atriz,1.0,Medio,4.0,Cat_2,C
461392,Masculino,Sim,71,Sim,Ator/Atriz,0.0,Medio,5.0,Cat_6,C
461546,Feminino,Sim,72,Nao,Advogado,1.0,Baixo,3.0,Cat_6,A
462130,Masculino,Sim,45,Sim,Ator/Atriz,9.0,Medio,2.0,Cat_6,C
464684,Feminino,Nao,40,Nao,Engenheiro,9.0,Baixo,5.0,Cat_4,A
462276,Feminino,Nao,36,Sim,Engenheiro,4.0,Baixo,1.0,Cat_6,A
462417,Masculino,Nao,30,Nao,Enfermeiro,4.0,Baixo,4.0,Cat_6,D
466463,Feminino,Nao,29,Sim,Enfermeiro,2.0,Baixo,4.0,Cat_4,B
464736,Masculino,Nao,28,Sim,Engenheiro,0.0,Baixo,5.0,Cat_4,D
463855,Feminino,Sim,40,Sim,Ator/Atriz,1.0,Medio,2.0,Cat_6,C
460344,Feminino,Sim,52,Sim,Ator/Atriz,14.0,Medio,2.0,Cat_6,C
460139,Masculino,Nao,26,Nao,Ator/Atriz,6.0,Baixo,6.0,Cat_5,D
464126,Feminino,Nao,55,Sim,Marketing,3.0,Baixo,1.0,Cat_6,B
461286,Feminino,Nao,20,Nao,Medico,4.0,Baixo,4.0,Cat_6,D
461621,Feminino,Sim,87,Sim,Advogado,0.0,Alto,2.0,Cat_6,C
460163,Masculino,Nao,28,Nao,Enfermeiro,0.0,Baixo,2.0,Cat_4,A
461958,Masculino,Nao,38,Nao,Ator/Atriz,2.0,Baixo,2.0,Cat_3,A
464875,Masculino,Sim,42,Nao,Entretenimento,1.0,Baixo,2.0,Cat_4,B
464791,Masculino,Sim,42,Nao,Marketing,0.0,Alto,6.0,Cat_4,A
464579,Feminino,Nao,29,Nao,Engenheiro,1.0,Baixo,4.0,Cat_6,D
463531,Masculino,Nao,32,Sim,Medico,0.0,Baixo,4.0,Cat_6,A
465486,Feminino,Sim,59,Nao,Ator/Atriz,1.0,Alto,2.0,Cat_6,C
460882,Masculino,Nao,22,Nao,Enfermeiro,0.0,Baixo,2.0,Cat_3,D
461298,Feminino,Sim,78,Sim,Ator/Atriz,1.0,Alto,2.0,Cat_6,C
461595,Feminino,Nao,32,Sim,Enfermeiro,0.0,Baixo,3.0,Cat_4,A
459260,Masculino,Sim,37,Sim,Ator/Atriz,0.0,Medio,4.0,Cat_7,C
462772,Masculino,Sim,37,Sim,Enfermeiro,1.0,Alto,4.0,Cat_6,B
459143,Masculino,Sim,47,Nao,Ator/Atriz,0.0,Alto,4.0,Cat_6,B
464532,Feminino,Sim,68,Sim,Advogado,0.0,Alto,2.0,Cat_6,A
460056,Masculino,Nao,30,Sim,Enfermeiro,3.0,Baixo,5.0,Cat_1,C
466761,Feminino,Sim,48,Sim,Entretenimento,2.0,Baixo,1.0,Cat_1,A
465469,Feminino,Nao,43,Sim,Ator/Atriz,6.0,Baixo,1.0,Cat_6,C
461886,Masculino,Sim,33,Sim,Enfermeiro,9.0,Baixo,2.0,Cat_6,D
465680,Masculino,Sim,31,Nao,Enfermeiro,0.0,Medio,5.0,Cat_4,D
459316,Masculino,Sim,32,Sim,Enfermeiro,1.0,Baixo,2.0,Cat_6,D
465609,Feminino,Nao,21,Nao,Enfermeiro,1.0,Baixo,4.0,Cat_2,D
467009,Feminino,Nao,29,Nao,Do Lar,2.0,Baixo,4.0,Cat_3,D
461766,Feminino,Sim,35,Sim,Ator/Atriz,1.0,Baixo,2.0,Cat_4,A
464938,Masculino,Sim,46,Nao,Ator/Atriz,0.0,Baixo,3.0,Cat_4,A
462034,Feminino,Sim,38,Sim,Ator/Atriz,9.0,Alto,2.0,Cat_2,B
464049,Feminino,Nao,32,Sim,Enfermeiro,1.0,Baixo,3.0,Cat_6,C
467925,Feminino,Nao,28,Sim,Ator/Atriz,3.0,Baixo,7.0,Cat_2,A
463711,Feminino,Sim,68,Sim,Advogado,3.0,Baixo,1.0,Cat_6,A
463846,Feminino,Sim,45,Sim,Ator/Atriz,4.0,Baixo,1.0,Cat_6,C
462064,Masculino,Sim,58,Sim,Ator/Atriz,0.0,Medio,3.0,Cat_7,C
463249,Masculino,Nao,28,Nao,Entretenimento,1.0,Baixo,2.0,Cat_7,A
464217,Feminino,Nao,32,Nao,Enfermeiro,12.0,Baixo,3.0,Cat_6,A
463378,Masculino,Nao,30,Sim,Medico,1.0,Baixo,1.0,Cat_3,B
463035,Feminino,Sim,42,Nao,Do Lar,3.0,Medio,4.0,Cat_6,D
465309,Feminino,Nao,18,Nao,Enfermeiro,6.0,Baixo,4.0,Cat_7,D
462688,Feminino,Sim,29,Sim,Enfermeiro,8.0,Baixo,3.0,Cat_3,D
459255,Feminino,Nao,33,Sim,Enfermeiro,0.0,Baixo,3.0,Cat_6,A
467492,Feminino,Sim,57,Sim,Medico,1.0,Baixo,2.0,Cat_7,A
460789,Masculino,Sim,36,Sim,Executivo,1.0,Baixo,3.0,Cat_6,D
467307,Masculino,Sim,57,Sim,Executivo,1.0,Alto,3.0,Cat_6,C
464026,Masculino,Nao,18,Nao,Enfermeiro,1.0,Baixo,2.0,Cat_6,D
462493,Masculino,Sim,52,Sim,Ator/Atriz,1.0,Medio,6.0,Cat_6,C
460452,Feminino,Sim,37,Sim,Entretenimento,0.0,Medio,2.0,Cat_1,B
459322,Masculino,Nao,36,Sim,Marketing,0.0,Baixo,1.0,Cat_6,A
464066,Feminino,Nao,29,Sim,Enfermeiro,9.0,Baixo,3.0,Cat_4,A
461114,Masculino,Sim,45,Sim,Ator/Atriz,1.0,Medio,4.0,Cat_3,C
465165,Masculino,Nao,61,Sim,Ator/Atriz,0.0,Baixo,1.0,Cat_6,B
464526,Masculino,Sim,52,Sim,Entretenimento,1.0,Medio,4.0,Cat_6,A
460666,Feminino,Sim,49,Sim,Do Lar,14.0,Baixo,1.0,Cat_6,A
464096,Feminino,Nao,31,Nao,Enfermeiro,1.0,Baixo,5.0,Cat_4,C
464891,Masculino,Sim,42,Nao,Entretenimento,1.0,Baixo,3.0,Cat_4,A
460107,Masculino,Sim,51,Sim,Engenheiro,1.0,Medio,5.0,Cat_6,C
467708,Feminino,Nao,42,Sim,Enfermeiro,8.0,Baixo,1.0,Cat_7,D
461873,Masculino,Nao,29,Sim,Medico,1.0,Baixo,4.0,Cat_6,C
465181,Feminino,Nao,33,Sim,Enfermeiro,8.0,Baixo,1.0,Cat_4,A
467320,Feminino,Nao,21,Nao,Enfermeiro,0.0,Baixo,4.0,Cat_2,D
459468,Masculino,Sim,35,Nao,Ator/Atriz,9.0,Medio,3.0,Cat_6,B
467316,Feminino,Nao,42,Sim,Medico,0.0,Baixo,1.0,Cat_6,A
466182,Feminino,Nao,41,Sim,Ator/Atriz,2.0,Baixo,1.0,Cat_6,C
463757,Masculino,Nao,39,Sim,Ator/Atriz,0.0,Baixo,3.0,Cat_6,B
462314,Feminino,Nao,28,Nao,Medico,14.0,Baixo,1.0,Cat_6,A
466652,Feminino,Sim,61,Sim,Medico,1.0,Medio,2.0,Cat_6,B
461664,Masculino,Sim,62,Sim,Ator/Atriz,0.0,Medio,4.0,Cat_6,C
464105,Masculino,Sim,65,Sim,Entretenimento,1.0,Medio,2.0,Cat_6,C
466790,Masculino,Sim,45,Sim,Medico,1.0,Medio,2.0,Cat_3,A
463844,Feminino,Sim,26,Sim,Engenheiro,9.0,Baixo,2.0,Cat_6,B
462913,Feminino,Nao,25,Sim,Ator/Atriz,4.0,Baixo,5.0,Cat_6,C
465541,Feminino,Sim,45,Sim,Ator/Atriz,1.0,Medio,4.0,Cat_7,C
459149,Masculino,Sim,43,Nao,Executivo,0.0,Alto,4.0,Cat_6,B
464508,Masculino,Sim,49,Sim,Executivo,1.0,Alto,3.0,Cat_6,C
458999,Masculino,Sim,55,Sim,Ator/Atriz,1.0,Medio,2.0,Cat_6,C
459947,Feminino,Nao,37,Sim,Ator/Atriz,3.0,Baixo,1.0,Cat_6,B
465500,Masculino,Sim,65,Sim,Entretenimento,1.0,Alto,2.0,Cat_6,C
466338,Feminino,Nao,39,Nao,Engenheiro,0.0,Baixo,3.0,Cat_4,A
465122,Feminino,Sim,40,Sim,Ator/Atriz,2.0,Medio,2.0,Cat_6,C
465230,Masculino,Sim,72,Sim,Entretenimento,1.0,Medio,3.0,Cat_6,C
466369,Feminino,Nao,38,Nao,Do Lar,5.0,Baixo,1.0,Cat_2,B
463939,Masculino,Nao,26,Nao,Marketing,0.0,Baixo,5.0,Cat_6,D
460825,Masculino,Nao,30,Sim,Medico,1.0,Baixo,3.0,Cat_4,D
463471,Masculino,Nao,57,Sim,Marketing,1.0,Baixo,4.0,Cat_7,A
467415,Feminino,Nao,31,Sim,Enfermeiro,1.0,Baixo,1.0,Cat_6,D
465879,Masculino,Nao,39,Sim,Ator/Atriz,0.0,Baixo,1.0,Cat_6,A
463961,Feminino,Nao,30,Nao,Engenheiro,0.0,Baixo,4.0,Cat_4,A
462634,Feminino,Sim,43,Nao,Ator/Atriz,0.0,Medio,3.0,Cat_4,A
463622,Masculino,Nao,27,Sim,Enfermeiro,8.0,Baixo,1.0,Cat_3,C
466624,Feminino,Sim,46,Nao,Ator/Atriz,0.0,Medio,4.0,Cat_3,C
467785,Masculino,Sim,43,Nao,Ator/Atriz,1.0,Baixo,2.0,Cat_6,B
460578,Masculino,Sim,28,Nao,Entretenimento,8.0,Medio,4.0,Cat_7,D
460198,Masculino,Nao,43,Sim,Entretenimento,9.0,Baixo,1.0,Cat_6,D
463581,Feminino,Nao,28,Sim,Enfermeiro,1.0,Baixo,3.0,Cat_6,D
464574,Masculino,Nao,58,Nao,Enfermeiro,4.0,Baixo,2.0,Cat_6,D
462312,Feminino,Nao,38,Sim,Engenheiro,8.0,Baixo,4.0,Cat_6,A
467971,Feminino,Nao,31,Sim,Ator/Atriz,1.0,Baixo,4.0,Cat_6,D
464746,Masculino,Sim,32,Nao,Executivo,4.0,Medio,5.0,Cat_4,D
459298,Masculino,Sim,45,Sim,Ator/Atriz,4.0,Medio,4.0,Cat_6,C
466414,Masculino,Sim,66,Sim,Ator/Atriz,1.0,Baixo,3.0,Cat_6,A
460773,Feminino,Sim,51,Sim,Ator/Atriz,1.0,Medio,3.0,Cat_6,C
465163,Masculino,Sim,46,Sim,Ator/Atriz,11.0,Medio,5.0,Cat_6,C
462222,Masculino,Nao,20,Nao,Enfermeiro,1.0,Baixo,6.0,Cat_4,D
459342,Feminino,Sim,84,Nao,Advogado,1.0,Alto,2.0,Cat_6,C
460767,Masculino,Sim,57,Sim,Entretenimento,8.0,Medio,5.0,Cat_2,A
464319,Feminino,Nao,33,Nao,Medico,0.0,Baixo,1.0,Cat_6,A
462828,Masculino,Nao,25,Nao,Marketing,3.0,Baixo,3.0,Cat_5,D
465155,Masculino,Sim,77,Sim,Advogado,1.0,Baixo,1.0,Cat_6,C
461704,Masculino,Sim,30,Sim,Enfermeiro,1.0,Baixo,2.0,Cat_6,A
464826,Masculino,Nao,23,Nao,Enfermeiro,6.0,Baixo,5.0,Cat_4,D
462677,Feminino,Nao,43,Sim,Ator/Atriz,2.0,Baixo,4.0,Cat_6,B
465006,Masculino,Nao,39,Sim,Entretenimento,5.0,Baixo,1.0,Cat_6,A
463483,Masculino,Sim,29,Nao,Executivo,1.0,Alto,2.0,Cat_6,D
459002,Feminino,Sim,45,Nao,Engenheiro,2.0,Baixo,2.0,Cat_6,D
465990,Masculino,Sim,48,Nao,Executivo,2.0,Alto,2.0,Cat_2,D
466044,Masculino,Sim,27,Nao,Entretenimento,0.0,Medio,4.0,Cat_6,A
461163,Feminino,Sim,60,Nao,Entretenimento,9.0,Baixo,4.0,Cat_3,B
467106,Masculino,Sim,45,Sim,Entretenimento,4.0,Medio,3.0,Cat_2,B
461256,Masculino,Nao,33,Nao,Medico,1.0,Baixo,4.0,Cat_4,C
462695,Masculino,Sim,51,Sim,Ator/Atriz,8.0,Baixo,5.0,Cat_6,A
466208,Masculino,Sim,67,Nao,Executivo,2.0,Alto,1.0,Cat_6,C
462128,Masculino,Sim,38,Sim,Ator/Atriz,9.0,Medio,2.0,Cat_6,C
467329,Feminino,Nao,40,Sim,Medico,0.0,Baixo,1.0,Cat_6,C
461609,Feminino,Sim,45,Sim,Ator/Atriz,5.0,Medio,2.0,Cat_6,B
464470,Masculino,Sim,48,Sim,Ator/Atriz,0.0,Medio,4.0,Cat_6,C
462705,Feminino,Sim,69,Nao,Advogado,0.0,Medio,2.0,Cat_6,C
465255,Masculino,Nao,21,Nao,Enfermeiro,9.0,Baixo,5.0,Cat_6,D
466018,Masculino,Sim,72,Sim,Ator/Atriz,0.0,Baixo,3.0,Cat_4,C
459115,Feminino,Nao,21,Nao,Marketing,1.0,Baixo,5.0,Cat_4,D
461263,Feminino,Sim,48,Sim,Ator/Atriz,1.0,Baixo,1.0,Cat_4,A
460366,Masculino,Nao,28,Nao,Enfermeiro,1.0,Baixo,5.0,Cat_4,D
464106,Masculino,Sim,55,Sim,Entretenimento,1.0,Baixo,2.0,Cat_6,A
465696,Feminino,Nao,56,Sim,Ator/Atriz,0.0,Baixo,2.0,Cat_6,C
461627,Masculino,Sim,50,Sim,Medico,1.0,Baixo,2.0,Cat_6,C
467963,Masculino,Nao,21,Nao,Enfermeiro,1.0,Baixo,4.0,Cat_6,D
462437,Masculino,Nao,18,Nao,Enfermeiro,0.0,Baixo,6.0,Cat_6,D
467543,Masculino,Sim,68,Sim,Advogado,0.0,Alto,2.0,Cat_6,B
465206,Masculino,Sim,47,Sim,Ator/Atriz,13.0,Baixo,1.0,Cat_6,C
463040,Masculino,Sim,75,Nao,Advogado,1.0,Alto,2.0,Cat_6,B
461668,Masculino,Sim,50,Sim,Ator/Atriz,3.0,Medio,4.0,Cat_2,C
461955,Masculino,Nao,31,Sim,Enfermeiro,0.0,Baixo,4.0,Cat_6,D
467139,Feminino,Nao,30,Sim,Ator/Atriz,0.0,Baixo,3.0,Cat_6,A
459366,Feminino,Sim,41,Sim,Ator/Atriz,0.0,Baixo,4.0,Cat_6,A
462167,Feminino,Sim,35,Nao,Enfermeiro,2.0,Baixo,1.0,Cat_6,A
466752,Masculino,Sim,37,Sim,Enfermeiro,0.0,Baixo,1.0,Cat_6,D
466902,Masculino,Sim,50,Sim,Medico,0.0,Medio,3.0,Cat_6,C
459534,Masculino,Sim,36,Sim,Ator/Atriz,0.0,Medio,2.0,Cat_6,C
463399,Feminino,Nao,26,Nao,Marketing,3.0,Baixo,3.0,Cat_3,A
464878,Masculino,Nao,22,Nao,Enfermeiro,0.0,Baixo,4.0,Cat_4,D
467599,Feminino,Nao,19,Nao,Enfermeiro,0.0,Baixo,3.0,Cat_6,D
466226,Feminino,Sim,45,Sim,Ator/Atriz,0.0,Medio,5.0,Cat_6,C
463576,Feminino,Nao,31,Nao,Medico,0.0,Baixo,4.0,Cat_6,D
464911,Masculino,Sim,56,Sim,Ator/Atriz,0.0,Medio,3.0,Cat_4,C
463909,Feminino,Nao,25,Sim,Enfermeiro,1.0,Baixo,3.0,Cat_6,B
466099,Feminino,Sim,73,Sim,Advogado,1.0,Baixo,1.0,Cat_6,B
464427,Masculino,Sim,62,Sim,Medico,1.0,Medio,4.0,Cat_3,C
463951,Masculino,Sim,46,Nao,Entretenimento,0.0,Medio,3.0,Cat_6,A
465289,Masculino,Sim,25,Sim,Executivo,1.0,Alto,2.0,Cat_6,A
464219,Masculino,Nao,27,Sim,Marketing,1.0,Baixo,2.0,Cat_3,A
467098,Masculino,Sim,87,Nao,Executivo,1.0,Baixo,2.0,Cat_6,A
467451,Feminino,Sim,47,Sim,Ator/Atriz,0.0,Baixo,1.0,Cat_1,A
465137,Masculino,Sim,57,Sim,Ator/Atriz,1.0,Medio,4.0,Cat_6,C
462289,Masculino,Sim,60,Sim,Ator/Atriz,0.0,Medio,4.0,Cat_3,A
467647,Masculino,Nao,28,Sim,Enfermeiro,2.0,Baixo,3.0,Cat_6,D
459803,Masculino,Nao,39,Sim,Medico,4.0,Baixo,3.0,Cat_6,C
465972,Feminino,Nao,47,Sim,Marketing,9.0,Baixo,1.0,Cat_6,D
464136,Masculino,Sim,69,Sim,Ator/Atriz,0.0,Medio,3.0,Cat_6,A
459286,Feminino,Nao,42,Sim,Ator/Atriz,0.0,Baixo,1.0,Cat_6,D
463580,Feminino,Sim,46,Sim,Engenheiro,1.0,Baixo,1.0,Cat_6,D
466636,Feminino,Nao,23,Nao,Marketing,3.0,Baixo,3.0,Cat_6,C
461064,Masculino,Nao,45,Sim,Ator/Atriz,1.0,Baixo,5.0,Cat_6,C
461597,Feminino,Sim,38,Sim,Medico,1.0,Medio,4.0,Cat_6,B
458990,Feminino,Sim,71,Nao,Advogado,1.0,Alto,3.0,Cat_6,D
461351,Feminino,Nao,26,Nao,Medico,0.0,Baixo,2.0,Cat_6,D
464420,Feminino,Sim,60,Sim,Ator/Atriz,8.0,Alto,2.0,Cat_6,C
462060,Feminino,Sim,46,Sim,Ator/Atriz,1.0,Medio,2.0,Cat_6,C
465707,Masculino,Sim,39,Sim,Entretenimento,1.0,Medio,4.0,Cat_3,C
463733,Feminino,Nao,18,Nao,Enfermeiro,1.0,Baixo,3.0,Cat_6,D
463960,Masculino,Sim,26,Sim,Medico,1.0,Medio,2.0,Cat_7,A
462395,Masculino,Sim,53,Sim,Ator/Atriz,1.0,Alto,2.0,Cat_6,D
461015,Masculino,Sim,40,Sim,Entretenimento,1.0,Medio,2.0,Cat_3,C
466267,Masculino,Sim,26,Sim,Entretenimento,0.0,Medio,3.0,Cat_3,A
464056,Feminino,Sim,65,Sim,Ator/Atriz,0.0,Medio,2.0,Cat_6,C
465898,Feminino,Nao,37,Sim,Ator/Atriz,12.0,Baixo,2.0,Cat_6,A
465361,Masculino,Nao,25,Nao,Enfermeiro,0.0,Baixo,4.0,Cat_3,C
461394,Feminino,Nao,21,Nao,Engenheiro,0.0,Baixo,5.0,Cat_2,D
466269,Feminino,Nao,25,Nao,Enfermeiro,0.0,Baixo,4.0,Cat_2,D
466213,Masculino,Nao,23,Nao,Enfermeiro,4.0,Baixo,5.0,Cat_6,D
465550,Feminino,Nao,30,Sim,Enfermeiro,1.0,Baixo,6.0,Cat_3,D
463451,Feminino,Nao,30,Nao,Medico,0.0,Baixo,4.0,Cat_6,D
463877,Masculino,Sim,42,Nao,Entretenimento,0.0,Medio,4.0,Cat_4,A
463876,Masculino,Sim,49,Sim,Entretenimento,1.0,Medio,5.0,Cat_6,C
465448,Masculino,Nao,32,Nao,Enfermeiro,0.0,Baixo,3.0,Cat_2,A
459325,Masculino,Sim,26,Nao,Executivo,9.0,Alto,4.0,Cat_6,D
467233,Feminino,Nao,67,Nao,Ator/Atriz,1.0,Baixo,2.0,Cat_6,B
465264,Masculino,Sim,88,Nao,Executivo,0.0,Baixo,1.0,Cat_6,A
461811,Feminino,Nao,40,Sim,Enfermeiro,8.0,Baixo,4.0,Cat_2,D
465368,Masculino,Nao,18,Nao,Enfermeiro,7.0,Baixo,3.0,Cat_1,D
467693,Masculino,Sim,61,Sim,Entretenimento,7.0,Alto,5.0,Cat_6,B
461499,Feminino,Sim,25,Nao,Engenheiro,0.0,Medio,2.0,Cat_4,A
465936,Masculino,Nao,35,Sim,Ator/Atriz,6.0,Baixo,3.0,Cat_6,B
459748,Masculino,Sim,46,Nao,Executivo,0.0,Alto,2.0,Cat_6,C
466376,Feminino,Sim,53,Nao,Do Lar,2.0,Alto,3.0,Cat_6,B
460215,Masculino,Sim,48,Sim,Entretenimento,9.0,Baixo,1.0,Cat_6,D
462076,Masculino,Sim,75,Sim,Advogado,1.0,Baixo,2.0,Cat_6,D
465756,Masculino,Nao,23,Nao,Enfermeiro,1.0,Baixo,3.0,Cat_4,D
463573,Masculino,Nao,29,Nao,Medico,1.0,Baixo,2.0,Cat_6,D
463455,Masculino,Sim,46,Nao,Ator/Atriz,0.0,Baixo,2.0,Cat_6,B
460841,Feminino,Nao,61,Sim,Marketing,1.0,Baixo,1.0,Cat_6,D
463959,Feminino,Nao,37,Nao,Ator/Atriz,1.0,Baixo,1.0,Cat_6,B
461792,Feminino,Nao,23,Nao,Enfermeiro,6.0,Baixo,5.0,Cat_2,D
462791,Feminino,Nao,33,Nao,Enfermeiro,7.0,Baixo,4.0,Cat_5,D
463102,Masculino,Nao,41,Nao,Entretenimento,0.0,Baixo,2.0,Cat_6,D
462659,Masculino,Sim,25,Sim,Entretenimento,8.0,Medio,2.0,Cat_6,A
463408,Masculino,Nao,33,Nao,Marketing,2.0,Baixo,3.0,Cat_6,D
462071,Masculino,Sim,43,Nao,Medico,0.0,Baixo,2.0,Cat_6,A
464806,Masculino,Sim,25,Nao,Executivo,1.0,Baixo,2.0,Cat_4,D
463664,Feminino,Nao,26,Nao,Engenheiro,0.0,Baixo,1.0,Cat_6,A
467795,Masculino,Nao,22,Nao,Enfermeiro,1.0,Baixo,5.0,Cat_6,D
459141,Masculino,Sim,28,Nao,Ator/Atriz,0.0,Medio,2.0,Cat_6,D
465900,Feminino,Nao,36,Sim,Entretenimento,7.0,Baixo,1.0,Cat_6,A
467265,Feminino,Nao,28,Nao,Enfermeiro,1.0,Baixo,3.0,Cat_4,C
464490,Masculino,Sim,85,Sim,Ator/Atriz,1.0,Alto,4.0,Cat_6,A
460411,Masculino,Sim,43,Sim,Enfermeiro,7.0,Alto,2.0,Cat_6,A
466491,Masculino,Sim,82,Nao,Executivo,1.0,Alto,2.0,Cat_6,B
465248,Feminino,Nao,18,Nao,Enfermeiro,3.0,Baixo,3.0,Cat_2,D
463308,Masculino,Sim,53,Sim,Engenheiro,1.0,Baixo,2.0,Cat_3,A
463478,Masculino,Sim,50,Sim,Ator/Atriz,0.0,Medio,4.0,Cat_6,B
465396,Feminino,Sim,39,Nao,Engenheiro,9.0,Medio,6.0,Cat_4,D
461954,Feminino,Sim,35,Nao,Engenheiro,2.0,Medio,6.0,Cat_2,B
463800,Feminino,Nao,33,Sim,Engenheiro,1.0,Baixo,3.0,Cat_6,A
459894,Feminino,Sim,35,Sim,Enfermeiro,1.0,Baixo,3.0,Cat_6,C
459778,Masculino,Sim,48,Sim,Entretenimento,0.0,Medio,4.0,Cat_6,B
464662,Feminino,Sim,50,Sim,Ator/Atriz,1.0,Alto,3.0,Cat_4,C
460878,Masculino,Sim,47,Nao,Entretenimento,0.0,Medio,4.0,Cat_6,C
462187,Feminino,Nao,50,Sim,Ator/Atriz,4.0,Baixo,1.0,Cat_6,C
461908,Feminino,Nao,26,Nao,Enfermeiro,10.0,Baixo,1.0,Cat_6,D
461951,Masculino,Nao,21,Nao,Enfermeiro,0.0,Baixo,4.0,Cat_6,D
465352,Masculino,Sim,61,Sim,Entretenimento,1.0,Medio,4.0,Cat_6,C
464258,Feminino,Sim,88,Nao,Advogado,0.0,Alto,2.0,Cat_6,B
464215,Masculino,Nao,72,Nao,Marketing,1.0,Baixo,2.0,Cat_6,D
467561,Masculino,Sim,61,Sim,Ator/Atriz,1.0,Baixo,2.0,Cat_6,B
464665,Feminino,Sim,51,Nao,Engenheiro,1.0,Medio,5.0,Cat_4,B
460670,Masculino,Nao,42,Sim,Ator/Atriz,6.0,Baixo,2.0,Cat_3,B
461486,Masculino,Sim,59,Nao,Entretenimento,8.0,Medio,3.0,Cat_6,C
459526,Feminino,Nao,45,Sim,Enfermeiro,4.0,Baixo,1.0,Cat_6,A
466492,Feminino,Sim,85,Sim,Advogado,0.0,Alto,2.0,Cat_6,A
459489,Masculino,Sim,46,Sim,Medico,1.0,Medio,4.0,Cat_6,B
459681,Feminino,Sim,32,Sim,Ator/Atriz,0.0,Medio,2.0,Cat_6,B
462971,Feminino,Sim,70,Sim,Engenheiro,0.0,Baixo,1.0,Cat_6,C
461221,Feminino,Nao,30,Nao,Marketing,1.0,Baixo,4.0,Cat_6,B
464090,Feminino,Nao,33,Sim,Engenheiro,1.0,Baixo,2.0,Cat_6,A
459822,Feminino,Nao,37,Sim,Engenheiro,0.0,Baixo,1.0,Cat_4,D
462540,Masculino,Sim,32,Sim,Entretenimento,6.0,Baixo,2.0,Cat_2,B
467411,Masculino,Sim,52,Sim,Ator/Atriz,0.0,Alto,2.0,Cat_6,B
463997,Feminino,Sim,42,Nao,Entretenimento,0.0,Medio,3.0,Cat_6,B
464103,Masculino,Sim,47,Sim,Ator/Atriz,3.0,Medio,2.0,Cat_6,B
465751,Feminino,Sim,52,Sim,Ator/Atriz,9.0,Baixo,2.0,Cat_6,C
459797,Masculino,Sim,66,Sim,Entretenimento,0.0,Medio,3.0,Cat_6,C
464572,Feminino,Sim,47,Sim,Marketing,1.0,Baixo,1.0,Cat_6,D
462352,Masculino,Sim,52,Sim,Entretenimento,1.0,Medio,3.0,Cat_6,B
460513,Masculino,Nao,27,Nao,Enfermeiro,2.0,Baixo,4.0,Cat_3,D
463228,Feminino,Sim,56,Sim,Ator/Atriz,0.0,Medio,5.0,Cat_6,B
464765,Feminino,Sim,53,Nao,Engenheiro,7.0,Medio,6.0,Cat_4,A
463720,Feminino,Sim,45,Sim,Ator/Atriz,1.0,Medio,4.0,Cat_4,B
460799,Feminino,Nao,37,Nao,Do Lar,1.0,Baixo,1.0,Cat_1,D
460891,Feminino,Sim,36,Nao,Ator/Atriz,2.0,Medio,4.0,Cat_3,C
460311,Masculino,Nao,25,Sim,Entretenimento,2.0,Baixo,3.0,Cat_1,D
466727,Feminino,Sim,45,Sim,Ator/Atriz,1.0,Medio,2.0,Cat_6,B
465138,Masculino,Nao,35,Sim,Entretenimento,1.0,Baixo,3.0,Cat_3,A
466361,Feminino,Sim,72,Sim,Advogado,1.0,Alto,2.0,Cat_6,B
463154,Feminino,Sim,31,Nao,Ator/Atriz,1.0,Baixo,4.0,Cat_6,D
462967,Masculino,Sim,47,Nao,Entretenimento,4.0,Medio,3.0,Cat_6,B
460908,Masculino,Nao,20,Nao,Enfermeiro,7.0,Baixo,3.0,Cat_6,D
467560,Feminino,Sim,73,Sim,Advogado,1.0,Baixo,2.0,Cat_6,B
463281,Masculino,Sim,25,Nao,Entretenimento,3.0,Medio,2.0,Cat_3,D
462466,Masculino,Sim,52,Sim,Executivo,0.0,Alto,4.0,Cat_6,C
463744,Feminino,Nao,27,Sim,Ator/Atriz,1.0,Baixo,6.0,Cat_6,C
464209,Masculino,Sim,52,Sim,Executivo,1.0,Medio,4.0,Cat_2,C
462528,Feminino,Sim,49,Sim,Ator/Atriz,0.0,Baixo,1.0,Cat_6,C
460061,Masculino,Nao,45,Sim,Marketing,0.0,Baixo,1.0,Cat_3,D
466188,Masculino,Sim,59,Sim,Ator/Atriz,4.0,Baixo,1.0,Cat_4,B
467914,Feminino,Nao,18,Nao,Enfermeiro,8.0,Baixo,5.0,Cat_6,D
462758,Masculino,Nao,18,Nao,Enfermeiro,0.0,Baixo,3.0,Cat_6,D
465704,Masculino,Sim,55,Nao,Ator/Atriz,1.0,Baixo,1.0,Cat_6,C
460397,Feminino,Nao,59,Sim,Entretenimento,1.0,Baixo,1.0,Cat_6,A
466676,Masculino,Nao,22,Nao,Enfermeiro,0.0,Baixo,2.0,Cat_6,D
465024,Masculino,Sim,52,Sim,Executivo,0.0,Alto,4.0,Cat_6,C
461630,Masculino,Sim,51,Sim,Ator/Atriz,1.0,Medio,3.0,Cat_6,C
465328,Masculino,Sim,35,Nao,Executivo,0.0,Alto,5.0,Cat_6,A
461220,Feminino,Nao,26,Nao,Executivo,8.0,Baixo,3.0,Cat_6,D
463935,Masculino,Sim,38,Sim,Entretenimento,1.0,Medio,2.0,Cat_6,C
460514,Masculino,Sim,43,Sim,Medico,1.0,Baixo,4.0,Cat_3,A
466262,Masculino,Nao,41,Sim,Entretenimento,1.0,Baixo,2.0,Cat_3,A
460890,Masculino,Sim,47,Sim,Ator/Atriz,0.0,Medio,4.0,Cat_3,C
466415,Masculino,Sim,71,Nao,Marketing,1.0,Baixo,1.0,Cat_6,D
462392,Feminino,Nao,32,Sim,Entretenimento,1.0,Baixo,3.0,Cat_6,A
459706,Masculino,Sim,60,Sim,Entretenimento,1.0,Medio,3.0,Cat_6,C
467446,Feminino,Nao,37,Sim,Ator/Atriz,9.0,Baixo,1.0,Cat_2,A
460528,Masculino,Sim,48,Sim,Do Lar,9.0,Baixo,1.0,Cat_3,C
459212,Feminino,Sim,68,Sim,Ator/Atriz,1.0,Medio,2.0,Cat_6,C
462364,Masculino,Sim,51,Nao,Ator/Atriz,0.0,Baixo,3.0,Cat_6,A
464549,Masculino,Sim,52,Sim,Executivo,1.0,Baixo,4.0,Cat_6,C
464555,Masculino,Sim,31,Sim,Marketing,13.0,Alto,4.0,Cat_4,D
462027,Masculino,Nao,39,Nao,Engenheiro,1.0,Baixo,1.0,Cat_6,A
467123,Feminino,Sim,50,Sim,Executivo,4.0,Alto,3.0,Cat_6,B
467826,Masculino,Nao,18,Nao,Enfermeiro,0.0,Baixo,6.0,Cat_6,D
461837,Masculino,Sim,37,Sim,Ator/Atriz,0.0,Baixo,2.0,Cat_6,C
467328,Feminino,Sim,50,Sim,Medico,1.0,Medio,3.0,Cat_6,B
464025,Masculino,Nao,19,Nao,Enfermeiro,1.0,Baixo,6.0,Cat_6,D
460385,Masculino,Nao,31,Sim,Enfermeiro,0.0,Baixo,4.0,Cat_6,D
462551,Masculino,Sim,53,Sim,Medico,14.0,Medio,2.0,Cat_6,B
462047,Feminino,Sim,26,Sim,Ator/Atriz,12.0,Medio,2.0,Cat_6,B
459958,Masculino,Nao,37,Sim,Enfermeiro,8.0,Baixo,3.0,Cat_6,D
461059,Feminino,Sim,48,Nao,Advogado,1.0,Alto,2.0,Cat_6,D
461227,Masculino,Nao,21,Nao,Enfermeiro,0.0,Baixo,4.0,Cat_6,D
466246,Masculino,Nao,19,Nao,Enfermeiro,0.0,Baixo,4.0,Cat_2,D
467048,Feminino,Sim,65,Sim,Advogado,0.0,Alto,3.0,Cat_6,B
467362,Masculino,Sim,73,Nao,Executivo,1.0,Baixo,1.0,Cat_6,B
459846,Feminino,Sim,50,Sim,Ator/Atriz,1.0,Medio,3.0,Cat_6,B
460351,Masculino,Sim,70,Sim,Advogado,0.0,Baixo,1.0,Cat_6,A
459515,Masculino,Sim,58,Sim,Engenheiro,0.0,Baixo,1.0,Cat_6,D
460829,Masculino,Nao,18,Sim,Enfermeiro,1.0,Baixo,2.0,Cat_6,D
466559,Masculino,Nao,32,Nao,Enfermeiro,0.0,Baixo,4.0,Cat_6,D
467236,Feminino,Nao,40,Sim,Advogado,4.0,Baixo,1.0,Cat_6,B
461816,Feminino,Nao,49,Sim,Marketing,0.0,Baixo,5.0,Cat_6,A
467409,Masculino,Nao,35,Sim,Ator/Atriz,8.0,Baixo,1.0,Cat_6,A
466299,Feminino,Sim,40,Sim,Engenheiro,0.0,Baixo,2.0,Cat_2,B
464565,Masculino,Nao,30,Sim,Marketing,12.0,Baixo,4.0,Cat_6,D
465906,Feminino,Nao,35,Sim,Ator/Atriz,5.0,Baixo,1.0,Cat_6,A
460950,Masculino,Sim,28,Nao,Medico,0.0,Baixo,5.0,Cat_1,D
459649,Masculino,Sim,39,Sim,Enfermeiro,1.0,Medio,2.0,Cat_6,D
461077,Masculino,Nao,39,Sim,Entretenimento,1.0,Baixo,8.0,Cat_3,A
464642,Feminino,Sim,26,Sim,Engenheiro,6.0,Alto,7.0,Cat_4,D
463741,Masculino,Sim,36,Sim,Ator/Atriz,0.0,Alto,3.0,Cat_6,C
465253,Masculino,Nao,21,Nao,Enfermeiro,1.0,Baixo,3.0,Cat_7,D
459936,Feminino,Nao,45,Sim,Ator/Atriz,2.0,Baixo,1.0,Cat_6,B
462998,Masculino,Sim,45,Nao,Entretenimento,10.0,Medio,4.0,Cat_6,B
464179,Feminino,Sim,63,Sim,Ator/Atriz,0.0,Medio,3.0,Cat_6,C
465655,Feminino,Nao,45,Sim,Ator/Atriz,1.0,Baixo,1.0,Cat_6,A
462988,Feminino,Sim,27,Sim,Enfermeiro,9.0,Alto,2.0,Cat_6,D
463933,Masculino,Sim,47,Nao,Executivo,0.0,Baixo,7.0,Cat_4,A
462111,Masculino,Sim,36,Sim,Ator/Atriz,6.0,Medio,4.0,Cat_6,C
462747,Masculino,Nao,25,Nao,Medico,7.0,Baixo,4.0,Cat_6,C
462279,Masculino,Nao,32,Nao,Enfermeiro,0.0,Baixo,7.0,Cat_6,D
463383,Masculino,Sim,41,Nao,Executivo,6.0,Alto,3.0,Cat_4,A
459743,Feminino,Sim,50,Sim,Ator/Atriz,9.0,Medio,4.0,Cat_6,A
461762,Feminino,Sim,63,Sim,Ator/Atriz,0.0,Alto,2.0,Cat_6,C
464121,Feminino,Sim,62,Sim,Engenheiro,1.0,Baixo,1.0,Cat_6,B
465051,Masculino,Sim,63,Sim,Marketing,1.0,Alto,3.0,Cat_6,C
460140,Feminino,Sim,36,Sim,Ator/Atriz,5.0,Baixo,2.0,Cat_6,B
466197,Feminino,Sim,31,Nao,Engenheiro,8.0,Baixo,2.0,Cat_4,C
460433,Feminino,Nao,45,Nao,Entretenimento,8.0,Baixo,2.0,Cat_6,A
462953,Feminino,Sim,45,Sim,Ator/Atriz,1.0,Medio,4.0,Cat_6,B
462535,Masculino,Nao,26,Nao,Medico,1.0,Baixo,3.0,Cat_6,D
464735,Feminino,Nao,38,Sim,Marketing,8.0,Baixo,3.0,Cat_4,D
464455,Feminino,Sim,74,Sim,Advogado,1.0,Alto,2.0,Cat_6,B
461675,Masculino,Nao,61,Sim,Advogado,1.0,Baixo,1.0,Cat_6,C
466304,Feminino,Sim,70,Sim,Advogado,1.0,Alto,2.0,Cat_2,B
467041,Feminino,Sim,57,Sim,Ator/Atriz,1.0,Medio,4.0,Cat_6,C
464858,Masculino,Nao,20,Nao,Enfermeiro,1.0,Baixo,3.0,Cat_4,D
462040,Masculino,Nao,19,Nao,Enfermeiro,5.0,Baixo,4.0,Cat_2,D
460800,Masculino,Nao,52,Sim,Ator/Atriz,1.0,Baixo,3.0,Cat_3,B
462081,Masculino,Nao,22,Nao,Marketing,0.0,Baixo,3.0,Cat_4,D
463874,Masculino,Nao,25,Sim,Enfermeiro,1.0,Baixo,4.0,Cat_3,D
463525,Feminino,Sim,40,Nao,Engenheiro,0.0,Baixo,3.0,Cat_6,A
465653,Feminino,Sim,53,Sim,Ator/Atriz,1.0,Baixo,2.0,Cat_6,A
465905,Feminino,Nao,32,Sim,Ator/Atriz,9.0,Baixo,1.0,Cat_6,A
465663,Feminino,Nao,70,Sim,Ator/Atriz,0.0,Baixo,2.0,Cat_6,B
465225,Masculino,Nao,48,Sim,Engenheiro,0.0,Baixo,1.0,Cat_2,A
465001,Masculino,Sim,75,Sim,Advogado,1.0,Alto,2.0,Cat_6,C
466905,Masculino,Sim,62,Sim,Ator/Atriz,0.0,Baixo,1.0,Cat_6,B
465573,Masculino,Sim,41,Nao,Ator/Atriz,1.0,Medio,6.0,Cat_6,B
467008,Masculino,Sim,55,Sim,Ator/Atriz,0.0,Medio,3.0,Cat_6,C
463397,Feminino,Nao,20,Nao,Enfermeiro,4.0,Baixo,3.0,Cat_4,D
466238,Masculino,Nao,20,Nao,Enfermeiro,0.0,Baixo,3.0,Cat_4,D
462250,Feminino,Sim,56,Sim,Entretenimento,1.0,Medio,3.0,Cat_4,B
462611,Masculino,Sim,39,Nao,Executivo,1.0,Alto,7.0,Cat_4,D
465701,Masculino,Sim,35,Sim,Ator/Atriz,1.0,Medio,2.0,Cat_4,B
466242,Feminino,Nao,35,Nao,Engenheiro,1.0,Baixo,1.0,Cat_4,A
466308,Masculino,Nao,33,Sim,Enfermeiro,0.0,Baixo,2.0,Cat_6,C
464039,Masculino,Nao,42,Sim,Ator/Atriz,1.0,Baixo,2.0,Cat_6,A
459972,Masculino,Nao,35,Sim,Ator/Atriz,5.0,Baixo,2.0,Cat_6,A
461801,Feminino,Nao,27,Nao,Enfermeiro,0.0,Baixo,3.0,Cat_6,A
462716,Masculino,Nao,33,Nao,Entretenimento,6.0,Baixo,2.0,Cat_4,D
467218,Feminino,Nao,32,Sim,Ator/Atriz,9.0,Baixo,1.0,Cat_6,D
460387,Feminino,Nao,35,Nao,Entretenimento,4.0,Baixo,2.0,Cat_6,D
466441,Masculino,Nao,22,Nao,Enfermeiro,0.0,Baixo,9.0,Cat_6,D
462057,Masculino,Sim,40,Sim,Ator/Atriz,3.0,Medio,4.0,Cat_3,C
466991,Masculino,Sim,51,Sim,Ator/Atriz,3.0,Medio,2.0,Cat_6,C
461714,Masculino,Sim,82,Sim,Advogado,1.0,Alto,2.0,Cat_6,A
463465,Masculino,Sim,43,Sim,Ator/Atriz,6.0,Medio,3.0,Cat_6,B
467940,Feminino,Nao,29,Nao,Marketing,9.0,Baixo,4.0,Cat_2,A
461970,Feminino,Nao,38,Sim,Ator/Atriz,9.0,Baixo,1.0,Cat_6,B
459877,Masculino,Sim,37,Sim,Ator/Atriz,0.0,Medio,3.0,Cat_6,C
460784,Masculino,Nao,32,Sim,Enfermeiro,0.0,Baixo,6.0,Cat_7,D
460137,Masculino,Nao,26,Sim,Entretenimento,5.0,Baixo,4.0,Cat_6,D
465201,Masculino,Sim,39,Sim,Entretenimento,0.0,Medio,4.0,Cat_3,A
465371,Feminino,Nao,43,Sim,Ator/Atriz,0.0,Baixo,1.0,Cat_6,A
463929,Masculino,Sim,51,Sim,Medico,11.0,Medio,2.0,Cat_6,C
461998,Masculino,Sim,52,Sim,Ator/Atriz,0.0,Medio,2.0,Cat_6,C
460828,Masculino,Nao,51,Nao,Entretenimento,1.0,Baixo,1.0,Cat_6,A
461673,Masculino,Nao,33,Nao,Enfermeiro,0.0,Baixo,5.0,Cat_5,C
462666,Masculino,Sim,48,Sim,Ator/Atriz,0.0,Baixo,2.0,Cat_6,C
462587,Feminino,Sim,78,Nao,Advogado,1.0,Alto,2.0,Cat_4,B
459583,Masculino,Sim,46,Sim,Ator/Atriz,1.0,Baixo,1.0,Cat_6,A
459493,Masculino,Nao,26,Nao,Enfermeiro,0.0,Baixo,7.0,Cat_6,A
467949,Masculino,Nao,22,Nao,Enfermeiro,1.0,Baixo,4.0,Cat_4,D
462406,Masculino,Sim,27,Nao,Engenheiro,6.0,Baixo,3.0,Cat_6,D
466827,Masculino,Sim,37,Nao,Entretenimento,0.0,Medio,4.0,Cat_3,D
463641,Feminino,Nao,33,Sim,Marketing,1.0,Baixo,3.0,Cat_5,B
467294,Feminino,Sim,57,Nao,Engenheiro,0.0,Baixo,1.0,Cat_6,B
460875,Masculino,Nao,35,Sim,Entretenimento,0.0,Baixo,3.0,Cat_3,A
459183,Feminino,Nao,26,Sim,Ator/Atriz,1.0,Baixo,3.0,Cat_2,A
464541,Masculino,Nao,31,Sim,Medico,1.0,Baixo,2.0,Cat_6,A
462959,Feminino,Sim,56,Sim,Engenheiro,2.0,Alto,2.0,Cat_6,B
459922,Masculino,Sim,65,Sim,Advogado,0.0,Baixo,1.0,Cat_4,D
467935,Masculino,Nao,23,Nao,Enfermeiro,7.0,Baixo,3.0,Cat_6,D
461382,Masculino,Sim,68,Nao,Executivo,1.0,Alto,2.0,Cat_6,B
462521,Feminino,Nao,32,Nao,Do Lar,9.0,Baixo,1.0,Cat_6,D
463296,Feminino,Nao,21,Nao,Enfermeiro,0.0,Baixo,5.0,Cat_6,D
459705,Masculino,Sim,25,Sim,Entretenimento,1.0,Medio,2.0,Cat_6,A
459984,Feminino,Sim,36,Sim,Entretenimento,0.0,Medio,3.0,Cat_6,B
466051,Masculino,Nao,25,Nao,Executivo,3.0,Baixo,1.0,Cat_4,A
463583,Masculino,Sim,58,Sim,Ator/Atriz,9.0,Medio,4.0,Cat_6,C
466100,Masculino,Sim,66,Sim,Executivo,1.0,Baixo,2.0,Cat_6,A
461427,Feminino,Nao,42,Sim,Ator/Atriz,1.0,Baixo,2.0,Cat_6,A
464193,Feminino,Sim,36,Sim,Medico,13.0,Baixo,2.0,Cat_6,B
467835,Masculino,Sim,58,Nao,Ator/Atriz,9.0,Baixo,2.0,Cat_6,B
463000,Feminino,Nao,36,Nao,Engenheiro,0.0,Baixo,1.0,Cat_6,A
462457,Masculino,Nao,28,Nao,Enfermeiro,2.0,Baixo,4.0,Cat_6,C
460426,Masculino,Sim,45,Nao,Ator/Atriz,4.0,Medio,2.0,Cat_6,C
466024,Feminino,Sim,35,Nao,Entretenimento,10.0,Baixo,2.0,Cat_3,A
467031,Masculino,Sim,59,Sim,Ator/Atriz,11.0,Medio,3.0,Cat_6,C
467440,Masculino,Sim,49,Sim,Entretenimento,0.0,Baixo,1.0,Cat_6,A
464377,Feminino,Nao,51,Sim,Entretenimento,0.0,Baixo,1.0,Cat_6,A
465870,Masculino,Nao,40,Sim,Ator/Atriz,5.0,Baixo,2.0,Cat_6,A
460095,Feminino,Sim,74,Sim,Advogado,1.0,Baixo,1.0,Cat_6,C
463297,Masculino,Nao,27,Sim,Enfermeiro,4.0,Baixo,2.0,Cat_6,D
461790,Masculino,Sim,70,Sim,Ator/Atriz,0.0,Alto,2.0,Cat_6,C
467410,Feminino,Sim,62,Sim,Advogado,0.0,Baixo,2.0,Cat_6,C
465904,Masculino,Nao,37,Sim,Ator/Atriz,9.0,Baixo,1.0,Cat_6,A
459393,Feminino,Nao,40,Nao,Enfermeiro,8.0,Baixo,3.0,Cat_3,D
465771,Masculino,Sim,52,Sim,Entretenimento,1.0,Medio,4.0,Cat_6,B
462013,Feminino,Sim,57,Sim,Executivo,0.0,Medio,2.0,Cat_6,C
465620,Masculino,Nao,37,Sim,Ator/Atriz,8.0,Baixo,3.0,Cat_6,C
459840,Masculino,Sim,60,Sim,Ator/Atriz,1.0,Baixo,1.0,Cat_6,B
461460,Masculino,Sim,43,Sim,Executivo,7.0,Alto,3.0,Cat_6,B
466317,Masculino,Sim,37,Sim,Entretenimento,4.0,Baixo,1.0,Cat_6,B
461962,Masculino,Sim,59,Sim,Entretenimento,1.0,Medio,3.0,Cat_6,B
466071,Feminino,Sim,60,Sim,Ator/Atriz,2.0,Baixo,3.0,Cat_4,B
460796,Masculino,Sim,69,Nao,Advogado,1.0,Baixo,3.0,Cat_6,C
467012,Masculino,Sim,49,Sim,Executivo,1.0,Alto,4.0,Cat_6,C
460357,Masculino,Nao,23,Nao,Enfermeiro,1.0,Baixo,5.0,Cat_6,D
460182,Feminino,Sim,43,Sim,Ator/Atriz,2.0,Medio,3.0,Cat_6,B
460491,Feminino,Nao,22,Nao,Enfermeiro,1.0,Baixo,7.0,Cat_3,D
466630,Masculino,Nao,29,Nao,Enfermeiro,0.0,Baixo,4.0,Cat_6,C
466331,Masculino,Sim,26,Sim,Marketing,0.0,Baixo,2.0,Cat_3,D
463912,Feminino,Sim,36,Nao,Ator/Atriz,1.0,Medio,4.0,Cat_4,B
461728,Feminino,Nao,55,Sim,Entretenimento,1.0,Baixo,1.0,Cat_6,A
463278,Feminino,Sim,59,Sim,Engenheiro,0.0,Baixo,1.0,Cat_3,B
461746,Masculino,Sim,53,Sim,Ator/Atriz,2.0,Medio,3.0,Cat_6,C
465574,Masculino,Sim,62,Sim,Ator/Atriz,1.0,Medio,3.0,Cat_3,B
462170,Masculino,Sim,73,Nao,Executivo,0.0,Alto,3.0,Cat_6,A
460626,Masculino,Sim,45,Nao,Medico,9.0,Alto,4.0,Cat_6,D
466678,Masculino,Nao,28,Sim,Enfermeiro,1.0,Baixo,4.0,Cat_6,D
464930,Masculino,Nao,25,Nao,Marketing,0.0,Baixo,2.0,Cat_4,A
465447,Masculino,Sim,52,Sim,Engenheiro,1.0,Medio,3.0,Cat_4,C
467549,Masculino,Sim,61,Sim,Entretenimento,11.0,Medio,3.0,Cat_6,A
463718,Feminino,Nao,27,Sim,Ator/Atriz,1.0,Baixo,4.0,Cat_6,D
467626,Masculino,Sim,31,Sim,Entretenimento,8.0,Medio,2.0,Cat_6,B
459058,Masculino,Nao,40,Sim,Ator/Atriz,1.0,Baixo,4.0,Cat_3,A
461983,Masculino,Nao,27,Sim,Ator/Atriz,1.0,Baixo,3.0,Cat_6,B
461207,Feminino,Nao,60,Sim,Ator/Atriz,6.0,Baixo,1.0,Cat_6,B
467585,Masculino,Sim,40,Sim,Enfermeiro,6.0,Alto,2.0,Cat_6,A
464604,Masculino,Sim,32,Nao,Entretenimento,5.0,Baixo,2.0,Cat_4,A
462529,Feminino,Sim,42,Sim,Engenheiro,1.0,Baixo,2.0,Cat_6,B
460475,Masculino,Sim,32,Sim,Medico,0.0,Medio,2.0,Cat_3,D
463553,Masculino,Nao,27,Sim,Ator/Atriz,9.0,Baixo,2.0,Cat_6,B
460912,Masculino,Nao,29,Nao,Entretenimento,1.0,Baixo,5.0,Cat_6,D
461715,Masculino,Nao,43,Sim,Entretenimento,0.0,Baixo,5.0,Cat_2,A
459567,Masculino,Sim,48,Sim,Medico,1.0,Medio,2.0,Cat_6,C
462340,Masculino,Sim,62,Nao,Entretenimento,1.0,Medio,6.0,Cat_6,B
461834,Feminino,Nao,42,Sim,Ator/Atriz,7.0,Baixo,2.0,Cat_6,C
459677,Masculino,Sim,25,Sim,Ator/Atriz,8.0,Medio,2.0,Cat_6,B
467911,Masculino,Sim,61,Sim,Enfermeiro,1.0,Baixo,4.0,Cat_6,D
462981,Feminino,Nao,26,Nao,Do Lar,8.0,Baixo,1.0,Cat_6,D
463055,Feminino,Nao,27,Sim,Medico,1.0,Baixo,4.0,Cat_4,B
461884,Feminino,Sim,40,Sim,Ator/Atriz,0.0,Baixo,2.0,Cat_6,B
467834,Feminino,Nao,23,Nao,Enfermeiro,0.0,Baixo,4.0,Cat_2,D
463019,Masculino,Sim,45,Sim,Executivo,0.0,Alto,4.0,Cat_6,B
466996,Feminino,Nao,37,Sim,Ator/Atriz,9.0,Baixo,1.0,Cat_6,A
459479,Masculino,Sim,70,Nao,Marketing,1.0,Baixo,2.0,Cat_6,A
465565,Masculino,Sim,37,Sim,Ator/Atriz,1.0,Medio,2.0,Cat_6,C
459523,Feminino,Nao,19,Nao,Medico,1.0,Baixo,4.0,Cat_6,D
462369,Masculino,Sim,63,Nao,Entretenimento,1.0,Medio,5.0,Cat_6,C
463053,Feminino,Sim,68,Sim,Ator/Atriz,1.0,Medio,2.0,Cat_6,C
462139,Feminino,Nao,27,Sim,Enfermeiro,1.0,Baixo,4.0,Cat_2,C
460922,Masculino,Nao,30,Sim,Entretenimento,1.0,Baixo,3.0,Cat_6,D
463706,Feminino,Nao,33,Sim,Medico,0.0,Baixo,3.0,Cat_6,D
465703,Masculino,Sim,25,Nao,Entretenimento,2.0,Baixo,2.0,Cat_4,A
462796,Feminino,Nao,37,Sim,Entretenimento,1.0,Baixo,2.0,Cat_7,C
459558,Masculino,Nao,30,Sim,Entretenimento,0.0,Baixo,3.0,Cat_6,D
459716,Feminino,Sim,66,Sim,Engenheiro,8.0,Medio,2.0,Cat_6,C
460599,Feminino,Nao,31,Nao,Engenheiro,0.0,Baixo,1.0,Cat_3,D
465775,Feminino,Nao,31,Sim,Engenheiro,9.0,Baixo,3.0,Cat_6,D
465392,Feminino,Sim,45,Sim,Ator/Atriz,8.0,Alto,5.0,Cat_6,C
464783,Masculino,Sim,42,Nao,Entretenimento,0.0,Baixo,3.0,Cat_4,A
459439,Feminino,Sim,46,Sim,Ator/Atriz,1.0,Medio,2.0,Cat_6,A
464356,Feminino,Sim,76,Sim,Advogado,1.0,Alto,2.0,Cat_6,B
459881,Masculino,Nao,25,Sim,Enfermeiro,8.0,Baixo,4.0,Cat_6,D
461772,Feminino,Sim,41,Sim,Engenheiro,1.0,Medio,3.0,Cat_4,B
460551,Masculino,Sim,49,Sim,Engenheiro,0.0,Medio,2.0,Cat_3,C
462248,Masculino,Sim,55,Nao,Ator/Atriz,0.0,Baixo,2.0,Cat_6,B
465011,Masculino,Sim,66,Sim,Executivo,3.0,Alto,2.0,Cat_6,C
467898,Feminino,Sim,68,Sim,Ator/Atriz,0.0,Baixo,1.0,Cat_6,C
464460,Feminino,Nao,26,Sim,Enfermeiro,1.0,Baixo,2.0,Cat_6,D
461397,Masculino,Nao,20,Nao,Enfermeiro,0.0,Baixo,4.0,Cat_6,D
464302,Feminino,Sim,50,Sim,Medico,1.0,Baixo,3.0,Cat_6,B
465458,Feminino,Sim,84,Sim,Ator/Atriz,1.0,Alto,2.0,Cat_6,A
467276,Masculino,Nao,43,Sim,Ator/Atriz,12.0,Baixo,5.0,Cat_6,C
461129,Feminino,Sim,63,Sim,Entretenimento,0.0,Medio,4.0,Cat_6,B
467406,Masculino,Nao,37,Sim,Entretenimento,9.0,Baixo,1.0,Cat_6,D
463140,Masculino,Sim,31,Nao,Engenheiro,5.0,Medio,3.0,Cat_3,A
460980,Masculino,Nao,26,Nao,Entretenimento,1.0,Baixo,3.0,Cat_3,D
464666,Masculino,Sim,41,Sim,Entretenimento,2.0,Medio,3.0,Cat_4,D
464236,Feminino,Sim,62,Sim,Ator/Atriz,1.0,Alto,2.0,Cat_6,B
466898,Masculino,Sim,45,Sim,Executivo,0.0,Alto,4.0,Cat_6,B
462736,Feminino,Sim,28,Nao,Engenheiro,6.0,Baixo,3.0,Cat_6,A
467952,Feminino,Sim,89,Sim,Advogado,0.0,Alto,2.0,Cat_6,C
461399,Masculino,Nao,20,Nao,Enfermeiro,0.0,Baixo,4.0,Cat_6,D
466320,Feminino,Nao,40,Sim,Engenheiro,9.0,Baixo,2.0,Cat_4,B
465142,Masculino,Nao,23,Nao,Enfermeiro,0.0,Baixo,4.0,Cat_6,D
460334,Masculino,Nao,41,Sim,Ator/Atriz,4.0,Baixo,1.0,Cat_6,A
460745,Masculino,Sim,78,Nao,Advogado,1.0,Alto,2.0,Cat_6,A
459812,Feminino,Nao,43,Sim,Engenheiro,0.0,Baixo,1.0,Cat_3,A
465197,Feminino,Sim,57,Sim,Ator/Atriz,0.0,Alto,4.0,Cat_6,C
462068,Masculino,Sim,55,Sim,Executivo,1.0,Alto,3.0,Cat_6,C
463592,Feminino,Nao,27,Sim,Engenheiro,11.0,Baixo,1.0,Cat_6,B
467352,Masculino,Sim,51,Sim,Executivo,1.0,Alto,4.0,Cat_6,C
465030,Masculino,Sim,35,Sim,Executivo,9.0,Alto,4.0,Cat_6,C
462095,Masculino,Sim,49,Sim,Entretenimento,1.0,Medio,3.0,Cat_1,A
460248,Feminino,Nao,33,Sim,Enfermeiro,7.0,Baixo,2.0,Cat_6,D
464286,Feminino,Sim,60,Sim,Ator/Atriz,1.0,Medio,2.0,Cat_6,C
464248,Masculino,Sim,52,Sim,Ator/Atriz,8.0,Baixo,3.0,Cat_6,C
459167,Feminino,Nao,42,Sim,Ator/Atriz,1.0,Baixo,2.0,Cat_5,C
462710,Feminino,Nao,28,Sim,Marketing,2.0,Baixo,3.0,Cat_6,D
462731,Feminino,Sim,43,Sim,Ator/Atriz,5.0,Alto,3.0,Cat_6,B
464475,Masculino,Nao,25,Sim,Enfermeiro,0.0,Baixo,4.0,Cat_6,C
460108,Masculino,Sim,42,Sim,Ator/Atriz,1.0,Medio,3.0,Cat_2,C
467942,Feminino,Sim,41,Sim,Ator/Atriz,1.0,Alto,4.0,Cat_2,C
463264,Feminino,Sim,71,Sim,Advogado,0.0,Baixo,2.0,Cat_6,C
462089,Feminino,Sim,42,Sim,Ator/Atriz,0.0,Medio,2.0,Cat_6,C
467756,Masculino,Sim,56,Sim,Ator/Atriz,1.0,Medio,2.0,Cat_6,C
461323,Feminino,Sim,41,Sim,Enfermeiro,6.0,Medio,2.0,Cat_6,C
459563,Masculino,Sim,72,Sim,Entretenimento,7.0,Baixo,2.0,Cat_6,A
467602,Feminino,Nao,30,Nao,Entretenimento,1.0,Baixo,4.0,Cat_6,D
462562,Feminino,Nao,25,Sim,Entretenimento,0.0,Baixo,6.0,Cat_2,C
461588,Masculino,Nao,33,Sim,Marketing,0.0,Baixo,4.0,Cat_2,D
460894,Masculino,Sim,38,Nao,Executivo,5.0,Alto,3.0,Cat_6,A
459151,Masculino,Sim,60,Sim,Advogado,9.0,Baixo,2.0,Cat_6,B
466417,Feminino,Sim,79,Nao,Advogado,1.0,Alto,3.0,Cat_6,A
466837,Feminino,Nao,38,Sim,Marketing,9.0,Baixo,4.0,Cat_5,D
466918,Masculino,Sim,56,Sim,Ator/Atriz,1.0,Medio,1.0,Cat_6,C
464133,Masculino,Sim,73,Nao,Do Lar,2.0,Baixo,1.0,Cat_6,A
466101,Feminino,Nao,22,Nao,Enfermeiro,0.0,Baixo,7.0,Cat_6,D
464289,Masculino,Sim,42,Nao,Marketing,1.0,Baixo,3.0,Cat_6,A
461936,Masculino,Sim,72,Nao,Advogado,0.0,Alto,2.0,Cat_6,B
459301,Feminino,Nao,33,Sim,Enfermeiro,0.0,Baixo,3.0,Cat_6,C
462284,Masculino,Sim,53,Sim,Executivo,1.0,Medio,4.0,Cat_6,B
463290,Feminino,Nao,25,Nao,Enfermeiro,1.0,Baixo,5.0,Cat_6,B
462413,Masculino,Sim,46,Sim,Ator/Atriz,0.0,Medio,3.0,Cat_6,C
466814,Masculino,Nao,18,Nao,Enfermeiro,0.0,Baixo,3.0,Cat_6,D
460996,Feminino,Nao,60,Sim,Engenheiro,1.0,Baixo,1.0,Cat_6,A
459714,Masculino,Nao,22,Nao,Medico,2.0,Baixo,4.0,Cat_6,C
464829,Masculino,Nao,22,Nao,Enfermeiro,9.0,Baixo,5.0,Cat_4,D
467474,Masculino,Nao,18,Nao,Enfermeiro,3.0,Baixo,5.0,Cat_6,D
466134,Masculino,Sim,39,Sim,Medico,0.0,Alto,3.0,Cat_6,C
460496,Masculino,Nao,19,Nao,Enfermeiro,7.0,Baixo,5.0,Cat_3,D
461995,Feminino,Nao,30,Nao,Ator/Atriz,7.0,Baixo,1.0,Cat_6,A
466798,Masculino,Nao,23,Nao,Enfermeiro,4.0,Baixo,5.0,Cat_6,D
461086,Masculino,Nao,23,Nao,Enfermeiro,1.0,Baixo,7.0,Cat_3,D
459306,Feminino,Nao,48,Sim,Ator/Atriz,4.0,Baixo,1.0,Cat_6,C
464919,Masculino,Sim,39,Sim,Ator/Atriz,9.0,Baixo,1.0,Cat_4,A
461798,Feminino,Nao,56,Sim,Ator/Atriz,0.0,Baixo,1.0,Cat_6,A
466987,Masculino,Sim,63,Nao,Ator/Atriz,5.0,Medio,2.0,Cat_6,C
459329,Feminino,Sim,71,Nao,Engenheiro,1.0,Alto,4.0,Cat_3,A
465174,Feminino,Sim,70,Sim,Entretenimento,1.0,Alto,2.0,Cat_6,B
460979,Masculino,Sim,84,Nao,Advogado,1.0,Baixo,1.0,Cat_6,A
465272,Masculino,Sim,39,Sim,Executivo,0.0,Alto,6.0,Cat_6,C
460463,Masculino,Sim,42,Sim,Ator/Atriz,6.0,Baixo,4.0,Cat_3,A
460246,Masculino,Sim,46,Sim,Ator/Atriz,4.0,Baixo,2.0,Cat_6,B
463423,Masculino,Sim,63,Nao,Executivo,0.0,Medio,3.0,Cat_6,B
466992,Feminino,Sim,55,Nao,Ator/Atriz,0.0,Baixo,3.0,Cat_6,C
461530,Masculino,Sim,42,Sim,Engenheiro,1.0,Baixo,2.0,Cat_6,A
465101,Feminino,Sim,88,Sim,Advogado,1.0,Baixo,1.0,Cat_6,D
464997,Masculino,Sim,43,Sim,Ator/Atriz,5.0,Medio,2.0,Cat_6,B
462255,Masculino,Sim,73,Sim,Executivo,1.0,Alto,3.0,Cat_6,C
462616,Masculino,Nao,30,Nao,Enfermeiro,0.0,Baixo,5.0,Cat_4,D
460968,Masculino,Sim,30,Nao,Medico,11.0,Medio,2.0,Cat_3,A
465235,Masculino,Sim,46,Sim,Enfermeiro,1.0,Alto,3.0,Cat_6,C
461818,Feminino,Sim,43,Sim,Ator/Atriz,2.0,Medio,2.0,Cat_6,C
463171,Feminino,Sim,36,Nao,Entretenimento,1.0,Alto,3.0,Cat_3,A
461634,Masculino,Sim,63,Sim,Entretenimento,1.0,Baixo,1.0,Cat_6,A
462150,Masculino,Sim,35,Sim,Ator/Atriz,7.0,Baixo,2.0,Cat_6,C
461503,Feminino,Nao,31,Sim,Ator/Atriz,9.0,Baixo,2.0,Cat_6,B
463163,Masculino,Nao,26,Nao,Executivo,2.0,Baixo,2.0,Cat_3,D
462358,Masculino,Sim,37,Nao,Medico,4.0,Medio,2.0,Cat_6,A
460647,Feminino,Sim,26,Nao,Medico,1.0,Medio,2.0,Cat_4,D
464888,Masculino,Sim,37,Nao,Entretenimento,0.0,Baixo,5.0,Cat_4,A
461652,Feminino,Sim,53,Sim,Ator/Atriz,1.0,Medio,3.0,Cat_6,C
467062,Feminino,Nao,55,Sim,Ator/Atriz,1.0,Baixo,1.0,Cat_3,A
467157,Masculino,Sim,42,Sim,Executivo,9.0,Alto,6.0,Cat_7,B
462509,Feminino,Sim,46,Sim,Ator/Atriz,0.0,Medio,2.0,Cat_6,C
465499,Masculino,Nao,63,Sim,Ator/Atriz,0.0,Baixo,1.0,Cat_6,A
464913,Masculino,Sim,52,Sim,Entretenimento,0.0,Baixo,4.0,Cat_4,B
465969,Feminino,Nao,28,Sim,Medico,12.0,Baixo,2.0,Cat_7,D
464922,Feminino,Nao,20,Nao,Enfermeiro,0.0,Baixo,5.0,Cat_4,D
463022,Masculino,Sim,60,Sim,Executivo,4.0,Alto,3.0,Cat_6,C
464704,Masculino,Sim,42,Sim,Enfermeiro,0.0,Medio,4.0,Cat_4,B
462345,Masculino,Sim,46,Sim,Medico,1.0,Medio,6.0,Cat_4,B
461439,Masculino,Sim,37,Sim,Ator/Atriz,1.0,Medio,2.0,Cat_6,C
461599,Feminino,Nao,42,Sim,Ator/Atriz,8.0,Baixo,1.0,Cat_6,B
465705,Feminino,Sim,46,Sim,Ator/Atriz,1.0,Medio,4.0,Cat_6,C
461043,Masculino,Sim,49,Nao,Enfermeiro,0.0,Baixo,7.0,Cat_4,D
467551,Feminino,Sim,89,Nao,Advogado,0.0,Alto,2.0,Cat_6,B
464053,Feminino,Sim,38,Nao,Entretenimento,4.0,Baixo,1.0,Cat_6,B
459282,Masculino,Sim,48,Sim,Ator/Atriz,0.0,Medio,2.0,Cat_6,C
461649,Feminino,Sim,51,Sim,Ator/Atriz,3.0,Baixo,4.0,Cat_6,B
464389,Masculino,Sim,73,Sim,Ator/Atriz,1.0,Alto,2.0,Cat_2,C
464293,Masculino,Nao,30,Sim,Enfermeiro,1.0,Baixo,4.0,Cat_6,C
465320,Feminino,Sim,65,Sim,Advogado,1.0,Medio,2.0,Cat_6,B
463707,Feminino,Nao,36,Nao,Ator/Atriz,0.0,Baixo,1.0,Cat_5,B
465436,Feminino,Nao,25,Sim,Enfermeiro,0.0,Baixo,3.0,Cat_5,B
465078,Masculino,Sim,43,Sim,Executivo,0.0,Alto,4.0,Cat_6,B
460568,Feminino,Sim,33,Sim,Do Lar,0.0,Alto,2.0,Cat_3,C
459636,Masculino,Nao,30,Sim,Entretenimento,14.0,Baixo,1.0,Cat_6,D
460129,Feminino,Nao,25,Sim,Engenheiro,8.0,Baixo,2.0,Cat_6,A
465373,Masculino,Sim,49,Sim,Ator/Atriz,4.0,Medio,4.0,Cat_6,C
463966,Feminino,Nao,31,Sim,Ator/Atriz,9.0,Baixo,1.0,Cat_6,B
460918,Feminino,Nao,27,Sim,Medico,14.0,Baixo,8.0,Cat_6,C
465954,Feminino,Nao,33,Sim,Entretenimento,11.0,Baixo,3.0,Cat_6,A
465153,Masculino,Sim,35,Sim,Ator/Atriz,1.0,Medio,2.0,Cat_6,A
466502,Masculino,Nao,19,Nao,Enfermeiro,1.0,Baixo,5.0,Cat_3,D
460819,Feminino,Sim,25,Nao,Marketing,0.0,Alto,5.0,Cat_4,D
464993,Masculino,Sim,57,Nao,Executivo,4.0,Alto,4.0,Cat_6,C
463103,Masculino,Sim,45,Nao,Executivo,1.0,Medio,4.0,Cat_6,B
466302,Feminino,Sim,47,Nao,Do Lar,3.0,Alto,3.0,Cat_6,B
464288,Feminino,Nao,33,Sim,Medico,9.0,Baixo,2.0,Cat_6,A
460240,Masculino,Sim,45,Sim,Ator/Atriz,3.0,Baixo,1.0,Cat_6,C
459188,Masculino,Nao,27,Nao,Enfermeiro,1.0,Baixo,3.0,Cat_6,C
465411,Feminino,Sim,38,Sim,Engenheiro,0.0,Baixo,1.0,Cat_5,D
465595,Feminino,Nao,38,Nao,Engenheiro,0.0,Baixo,3.0,Cat_4,C
466021,Masculino,Nao,87,Nao,Advogado,1.0,Baixo,1.0,Cat_6,A
461831,Masculino,Nao,30,Sim,Medico,0.0,Baixo,3.0,Cat_6,C
462556,Masculino,Sim,57,Sim,Entretenimento,0.0,Medio,7.0,Cat_5,C
467321,Feminino,Sim,63,Sim,Ator/Atriz,9.0,Baixo,2.0,Cat_6,C
459327,Masculino,Nao,50,Nao,Medico,9.0,Baixo,3.0,Cat_6,D
461626,Masculino,Sim,68,Sim,Executivo,0.0,Alto,2.0,Cat_6,C
463337,Feminino,Sim,33,Nao,Entretenimento,1.0,Baixo,2.0,Cat_3,A
467615,Feminino,Sim,37,Sim,Medico,0.0,Baixo,2.0,Cat_6,A
463597,Feminino,Nao,25,Nao,Engenheiro,0.0,Baixo,6.0,Cat_6,C
463784,Feminino,Nao,29,Nao,Engenheiro,0.0,Baixo,5.0,Cat_4,A
459513,Feminino,Nao,32,Sim,Enfermeiro,3.0,Baixo,2.0,Cat_6,C
465804,Feminino,Sim,68,Nao,Engenheiro,0.0,Baixo,1.0,Cat_4,A
465103,Masculino,Sim,86,Sim,Advogado,1.0,Alto,2.0,Cat_6,A
464007,Masculino,Sim,49,Sim,Ator/Atriz,0.0,Baixo,3.0,Cat_6,B
463060,Feminino,Sim,32,Sim,Do Lar,12.0,Alto,2.0,Cat_6,D
461359,Masculino,Sim,28,Sim,Enfermeiro,1.0,Baixo,4.0,Cat_7,D
465014,Masculino,Sim,83,Nao,Advogado,1.0,Baixo,1.0,Cat_6,A
459100,Feminino,Nao,63,Sim,Ator/Atriz,14.0,Baixo,1.0,Cat_6,B
464083,Masculino,Sim,65,Nao,Advogado,0.0,Alto,2.0,Cat_6,C
464552,Feminino,Sim,38,Sim,Ator/Atriz,1.0,Medio,3.0,Cat_4,C
460218,Masculino,Sim,61,Sim,Entretenimento,1.0,Baixo,1.0,Cat_6,D
460297,Feminino,Sim,46,Sim,Ator/Atriz,8.0,Baixo,2.0,Cat_6,B
467171,Feminino,Nao,30,Sim,Medico,1.0,Baixo,2.0,Cat_6,C
464023,Masculino,Nao,22,Nao,Enfermeiro,0.0,Baixo,5.0,Cat_7,D
467929,Feminino,Sim,42,Sim,Ator/Atriz,1.0,Medio,2.0,Cat_6,C
461049,Feminino,Sim,57,Sim,Medico,0.0,Baixo,7.0,Cat_7,B
465049,Feminino,Sim,49,Nao,Engenheiro,6.0,Baixo,2.0,Cat_6,A
460751,Feminino,Nao,25,Nao,Ator/Atriz,1.0,Baixo,3.0,Cat_6,D
461690,Feminino,Nao,31,Sim,Engenheiro,0.0,Baixo,1.0,Cat_4,A
464084,Masculino,Nao,25,Nao,Enfermeiro,1.0,Baixo,5.0,Cat_4,D
465644,Masculino,Nao,33,Sim,Enfermeiro,0.0,Baixo,5.0,Cat_6,C
459470,Masculino,Nao,29,Sim,Enfermeiro,9.0,Baixo,6.0,Cat_6,D
462700,Masculino,Sim,38,Sim,Ator/Atriz,0.0,Medio,4.0,Cat_6,B
465067,Masculino,Sim,62,Sim,Executivo,8.0,Alto,2.0,Cat_6,C
464247,Masculino,Sim,59,Nao,Engenheiro,0.0,Baixo,1.0,Cat_6,A
459465,Feminino,Sim,27,Sim,Entretenimento,3.0,Baixo,5.0,Cat_6,B
463894,Feminino,Sim,51,Sim,Ator/Atriz,0.0,Medio,3.0,Cat_2,C
466089,Masculino,Nao,59,Nao,Entretenimento,0.0,Baixo,3.0,Cat_6,B
467227,Feminino,Nao,37,Sim,Ator/Atriz,12.0,Baixo,1.0,Cat_4,A
459054,Masculino,Sim,37,Sim,Executivo,9.0,Alto,4.0,Cat_6,C
463609,Masculino,Sim,30,Nao,Ator/Atriz,0.0,Medio,2.0,Cat_5,A
466260,Masculino,Sim,43,Sim,Entretenimento,0.0,Medio,2.0,Cat_6,B
464283,Masculino,Nao,40,Sim,Ator/Atriz,5.0,Baixo,2.0,Cat_6,A
465646,Feminino,Nao,40,Sim,Ator/Atriz,6.0,Baixo,2.0,Cat_6,B
461103,Feminino,Nao,30,Nao,Engenheiro,1.0,Baixo,5.0,Cat_3,D
464378,Feminino,Sim,40,Sim,Ator/Atriz,9.0,Medio,2.0,Cat_6,B
462661,Feminino,Sim,62,Sim,Ator/Atriz,2.0,Alto,3.0,Cat_6,C
460266,Masculino,Nao,22,Nao,Enfermeiro,0.0,Baixo,8.0,Cat_6,D
462983,Feminino,Sim,66,Sim,Advogado,1.0,Alto,2.0,Cat_6,A
459022,Masculino,Sim,67,Sim,Ator/Atriz,10.0,Baixo,1.0,Cat_6,D
463231,Masculino,Sim,50,Sim,Ator/Atriz,1.0,Medio,3.0,Cat_6,A
465863,Masculino,Nao,27,Nao,Enfermeiro,5.0,Baixo,3.0,Cat_6,D
463557,Masculino,Nao,28,Sim,Medico,1.0,Baixo,3.0,Cat_6,A
467636,Masculino,Sim,45,Sim,Medico,1.0,Medio,2.0,Cat_6,C
463539,Masculino,Sim,59,Sim,Ator/Atriz,1.0,Medio,2.0,Cat_4,B
459633,Masculino,Nao,19,Nao,Enfermeiro,1.0,Baixo,2.0,Cat_6,D
462304,Masculino,Sim,62,Sim,Ator/Atriz,1.0,Baixo,4.0,Cat_4,B
467467,Masculino,Nao,19,Nao,Enfermeiro,0.0,Baixo,4.0,Cat_6,D
464871,Feminino,Nao,28,Sim,Entretenimento,6.0,Baixo,3.0,Cat_4,B
462258,Masculino,Nao,25,Nao,Medico,1.0,Baixo,4.0,Cat_6,D
467813,Masculino,Sim,36,Sim,Entretenimento,0.0,Baixo,2.0,Cat_4,A
459068,Feminino,Nao,33,Sim,Enfermeiro,2.0,Baixo,2.0,Cat_6,A
462701,Masculino,Sim,59,Nao,Entretenimento,0.0,Medio,4.0,Cat_6,B
466536,Masculino,Nao,20,Nao,Enfermeiro,4.0,Baixo,4.0,Cat_4,D
465668,Masculino,Nao,23,Nao,Enfermeiro,0.0,Baixo,5.0,Cat_4,D
460340,Feminino,Nao,46,Sim,Ator/Atriz,10.0,Baixo,2.0,Cat_6,A
466820,Feminino,Sim,74,Nao,Advogado,1.0,Alto,2.0,Cat_6,A
462922,Masculino,Nao,26,Nao,Medico,8.0,Baixo,1.0,Cat_3,D
464130,Masculino,Nao,41,Sim,Ator/Atriz,1.0,Baixo,3.0,Cat_6,A
462735,Feminino,Sim,30,Nao,Ator/Atriz,0.0,Medio,2.0,Cat_1,B
464412,Masculino,Sim,70,Nao,Advogado,1.0,Baixo,2.0,Cat_6,D
464468,Masculino,Sim,50,Sim,Ator/Atriz,1.0,Baixo,3.0,Cat_6,C
460173,Feminino,Sim,40,Sim,Ator/Atriz,1.0,Baixo,3.0,Cat_6,C
463091,Feminino,Sim,39,Sim,Do Lar,8.0,Baixo,1.0,Cat_6,D
467213,Feminino,Sim,88,Sim,Advogado,1.0,Alto,2.0,Cat_6,B
461804,Feminino,Nao,43,Sim,Ator/Atriz,0.0,Baixo,1.0,Cat_6,A
466649,Masculino,Nao,19,Nao,Enfermeiro,1.0,Baixo,3.0,Cat_3,D
460533,Feminino,Sim,45,Nao,Ator/Atriz,6.0,Baixo,1.0,Cat_6,A
461892,Feminino,Nao,35,Sim,Enfermeiro,0.0,Baixo,1.0,Cat_2,D
463656,Masculino,Sim,53,Sim,Medico,0.0,Baixo,3.0,Cat_6,A
462850,Masculino,Nao,21,Nao,Enfermeiro,1.0,Baixo,4.0,Cat_6,D
460707,Masculino,Sim,38,Nao,Ator/Atriz,1.0,Medio,3.0,Cat_6,C
463122,Masculino,Sim,36,Sim,Executivo,9.0,Medio,3.0,Cat_6,B
467588,Masculino,Sim,63,Sim,Ator/Atriz,0.0,Medio,4.0,Cat_6,C
462552,Masculino,Nao,31,Sim,Ator/Atriz,1.0,Baixo,2.0,Cat_6,A
466048,Masculino,Nao,25,Nao,Entretenimento,3.0,Baixo,1.0,Cat_4,A
467845,Masculino,Sim,52,Sim,Entretenimento,1.0,Baixo,2.0,Cat_6,C
459810,Masculino,Nao,19,Nao,Enfermeiro,1.0,Baixo,4.0,Cat_6,D
466572,Feminino,Nao,30,Nao,Enfermeiro,0.0,Baixo,4.0,Cat_6,D
464092,Feminino,Sim,59,Sim,Ator/Atriz,0.0,Medio,5.0,Cat_6,C
467025,Feminino,Nao,25,Nao,Engenheiro,1.0,Baixo,3.0,Cat_6,D
466110,Masculino,Sim,77,Sim,Advogado,0.0,Baixo,1.0,Cat_6,A
462353,Feminino,Sim,58,Sim,Medico,1.0,Medio,2.0,Cat_6,C
459904,Feminino,Sim,38,Sim,Ator/Atriz,6.0,Baixo,4.0,Cat_6,C
462011,Masculino,Sim,29,Nao,Marketing,1.0,Baixo,4.0,Cat_4,D
462367,Masculino,Sim,56,Sim,Ator/Atriz,1.0,Medio,3.0,Cat_6,B
460220,Feminino,Nao,37,Sim,Entretenimento,1.0,Baixo,2.0,Cat_2,D
461429,Masculino,Sim,49,Sim,Medico,1.0,Medio,4.0,Cat_6,C
462668,Feminino,Nao,41,Sim,Ator/Atriz,2.0,Baixo,1.0,Cat_6,B
461699,Masculino,Nao,28,Sim,Medico,0.0,Baixo,1.0,Cat_6,D
464885,Feminino,Nao,35,Nao,Engenheiro,1.0,Baixo,2.0,Cat_4,A
460989,Masculino,Nao,23,Nao,Enfermeiro,1.0,Baixo,3.0,Cat_1,D
462156,Feminino,Sim,43,Sim,Ator/Atriz,4.0,Medio,2.0,Cat_3,C
460507,Masculino,Nao,30,Nao,Medico,1.0,Baixo,4.0,Cat_3,D
462875,Masculino,Nao,20,Nao,Enfermeiro,1.0,Baixo,3.0,Cat_6,D
461708,Masculino,Sim,84,Nao,Advogado,0.0,Alto,2.0,Cat_6,B
462137,Masculino,Nao,28,Sim,Medico,1.0,Baixo,1.0,Cat_6,A
459630,Masculino,Sim,73,Sim,Advogado,1.0,Medio,2.0,Cat_6,A
465897,Feminino,Sim,42,Sim,Ator/Atriz,9.0,Baixo,1.0,Cat_6,A
465628,Masculino,Sim,49,Sim,Ator/Atriz,2.0,Baixo,2.0,Cat_2,A
462321,Feminino,Nao,42,Sim,Engenheiro,6.0,Baixo,1.0,Cat_6,A
460511,Feminino,Nao,31,Nao,Medico,0.0,Baixo,4.0,Cat_3,D
459225,Feminino,Sim,49,Sim,Ator/Atriz,0.0,Medio,4.0,Cat_6,C
467894,Masculino,Sim,58,Sim,Ator/Atriz,0.0,Medio,2.0,Cat_6,C
465076,Masculino,Sim,72,Sim,Ator/Atriz,0.0,Alto,5.0,Cat_6,C
467573,Masculino,Sim,45,Sim,Ator/Atriz,6.0,Medio,4.0,Cat_6,B
465266,Masculino,Sim,49,Sim,Entretenimento,0.0,Medio,5.0,Cat_4,B
462215,Feminino,Nao,20,Nao,Marketing,1.0,Baixo,3.0,Cat_4,D
467131,Masculino,Sim,50,Sim,Ator/Atriz,0.0,Baixo,2.0,Cat_6,B
460225,Feminino,Sim,78,Sim,Advogado,3.0,Alto,2.0,Cat_6,C
466360,Masculino,Nao,25,Nao,Enfermeiro,0.0,Baixo,3.0,Cat_4,B
465848,Feminino,Nao,28,Sim,Enfermeiro,0.0,Baixo,1.0,Cat_7,D
459043,Feminino,Sim,49,Nao,Engenheiro,1.0,Baixo,1.0,Cat_7,A
463069,Masculino,Nao,29,Sim,Ator/Atriz,7.0,Baixo,1.0,Cat_6,B
459795,Masculino,Nao,52,Sim,Ator/Atriz,0.0,Baixo,1.0,Cat_6,A
464954,Masculino,Nao,23,Nao,Enfermeiro,1.0,Baixo,4.0,Cat_4,D
463068,Masculino,Sim,26,Sim,Ator/Atriz,9.0,Medio,2.0,Cat_6,B
464834,Masculino,Sim,51,Nao,Executivo,1.0,Baixo,4.0,Cat_4,D
462908,Masculino,Sim,27,Nao,Executivo,10.0,Alto,3.0,Cat_6,A
464032,Masculino,Nao,20,Nao,Enfermeiro,1.0,Baixo,3.0,Cat_6,D
459307,Masculino,Sim,62,Sim,Entretenimento,0.0,Baixo,1.0,Cat_6,B
462224,Feminino,Sim,63,Nao,Engenheiro,4.0,Medio,8.0,Cat_4,D
465611,Masculino,Nao,53,Sim,Medico,0.0,Baixo,1.0,Cat_6,C
466322,Masculino,Nao,28,Nao,Medico,0.0,Baixo,3.0,Cat_3,B
461548,Feminino,Nao,33,Sim,Engenheiro,1.0,Baixo,3.0,Cat_6,A
461870,Feminino,Sim,45,Sim,Ator/Atriz,0.0,Medio,2.0,Cat_6,C
466966,Masculino,Sim,61,Sim,Entretenimento,1.0,Medio,2.0,Cat_6,C
465672,Masculino,Nao,42,Nao,Executivo,9.0,Baixo,3.0,Cat_4,D
459317,Masculino,Sim,52,Sim,Executivo,1.0,Alto,4.0,Cat_6,C
464362,Feminino,Sim,51,Sim,Ator/Atriz,1.0,Baixo,1.0,Cat_6,C
465683,Feminino,Nao,49,Nao,Entretenimento,1.0,Baixo,2.0,Cat_4,A
462253,Masculino,Sim,51,Sim,Engenheiro,0.0,Baixo,2.0,Cat_4,A
459421,Masculino,Sim,29,Nao,Enfermeiro,0.0,Medio,4.0,Cat_6,A
461613,Feminino,Nao,25,Sim,Enfermeiro,8.0,Baixo,4.0,Cat_5,C
461168,Feminino,Sim,29,Nao,Engenheiro,5.0,Medio,2.0,Cat_3,A
459247,Masculino,Sim,60,Sim,Executivo,0.0,Medio,5.0,Cat_6,C
460770,Feminino,Nao,25,Sim,Enfermeiro,5.0,Baixo,3.0,Cat_3,A
465047,Masculino,Sim,55,Sim,Executivo,8.0,Alto,2.0,Cat_6,C
467013,Masculino,Sim,66,Sim,Executivo,0.0,Alto,2.0,Cat_6,C
465894,Masculino,Nao,27,Sim,Ator/Atriz,8.0,Baixo,6.0,Cat_6,D
462702,Masculino,Sim,51,Nao,Entretenimento,1.0,Medio,4.0,Cat_4,A
465431,Masculino,Sim,35,Nao,Ator/Atriz,0.0,Baixo,2.0,Cat_6,B
466386,Masculino,Sim,65,Sim,Executivo,1.0,Baixo,2.0,Cat_4,B
464057,Masculino,Nao,32,Sim,Marketing,0.0,Baixo,5.0,Cat_6,B
462186,Feminino,Nao,21,Nao,Medico,0.0,Baixo,3.0,Cat_1,D
463432,Masculino,Nao,36,Sim,Ator/Atriz,0.0,Baixo,1.0,Cat_6,B
466753,Feminino,Sim,70,Sim,Ator/Atriz,1.0,Medio,2.0,Cat_3,C
465123,Feminino,Nao,28,Sim,Enfermeiro,1.0,Baixo,3.0,Cat_6,A
459965,Masculino,Nao,25,Sim,Ator/Atriz,7.0,Baixo,1.0,Cat_2,A
466030,Feminino,Sim,36,Nao,Entretenimento,8.0,Baixo,2.0,Cat_6,B
462582,Masculino,Nao,20,Nao,Enfermeiro,0.0,Baixo,4.0,Cat_4,D
461466,Masculino,Sim,49,Nao,Ator/Atriz,0.0,Baixo,2.0,Cat_7,A
464380,Feminino,Sim,49,Sim,Ator/Atriz,6.0,Medio,6.0,Cat_6,C
466846,Masculino,Nao,18,Nao,Enfermeiro,2.0,Baixo,4.0,Cat_2,D
465184,Feminino,Sim,46,Nao,Engenheiro,1.0,Medio,5.0,Cat_6,C
459481,Masculino,Sim,47,Nao,Advogado,0.0,Baixo,2.0,Cat_6,A
465136,Masculino,Sim,47,Sim,Ator/Atriz,0.0,Medio,2.0,Cat_6,C
466534,Masculino,Nao,28,Nao,Enfermeiro,0.0,Baixo,9.0,Cat_6,D
466411,Masculino,Sim,58,Sim,Ator/Atriz,1.0,Medio,3.0,Cat_3,B
462576,Feminino,Nao,21,Nao,Enfermeiro,9.0,Baixo,4.0,Cat_3,D
467704,Masculino,Sim,53,Sim,Ator/Atriz,1.0,Medio,2.0,Cat_6,C
465303,Feminino,Sim,67,Sim,Ator/Atriz,1.0,Medio,3.0,Cat_2,C
467703,Masculino,Nao,26,Sim,Enfermeiro,1.0,Baixo,5.0,Cat_6,D
465493,Feminino,Nao,26,Nao,Ator/Atriz,0.0,Baixo,3.0,Cat_4,A
461322,Masculino,Sim,40,Sim,Ator/Atriz,0.0,Medio,2.0,Cat_6,C
461706,Masculino,Nao,25,Sim,Enfermeiro,0.0,Baixo,3.0,Cat_6,D
463629,Masculino,Nao,41,Sim,Ator/Atriz,1.0,Baixo,1.0,Cat_6,B
465140,Masculino,Sim,45,Sim,Executivo,5.0,Alto,3.0,Cat_7,B
459308,Feminino,Sim,47,Sim,Ator/Atriz,0.0,Medio,2.0,Cat_6,C
459708,Feminino,Nao,39,Sim,Engenheiro,1.0,Baixo,1.0,Cat_6,A
459179,Masculino,Sim,60,Nao,Entretenimento,0.0,Medio,3.0,Cat_6,B
462654,Masculino,Sim,39,Nao,Ator/Atriz,1.0,Medio,6.0,Cat_4,A
466256,Feminino,Sim,65,Sim,Engenheiro,1.0,Baixo,1.0,Cat_6,B
465649,Feminino,Sim,43,Sim,Marketing,6.0,Baixo,1.0,Cat_6,A
465652,Feminino,Sim,31,Nao,Marketing,0.0,Baixo,2.0,Cat_2,D
460360,Feminino,Sim,38,Sim,Ator/Atriz,2.0,Baixo,1.0,Cat_4,A
464472,Feminino,Nao,27,Sim,Ator/Atriz,0.0,Baixo,3.0,Cat_6,C
467422,Feminino,Sim,58,Sim,Ator/Atriz,0.0,Medio,2.0,Cat_6,C
463116,Masculino,Sim,62,Sim,Ator/Atriz,1.0,Alto,2.0,Cat_6,B
460177,Masculino,Nao,48,Sim,Ator/Atriz,1.0,Baixo,1.0,Cat_6,B
465081,Masculino,Sim,57,Sim,Executivo,7.0,Alto,2.0,Cat_6,C
467810,Masculino,Sim,42,Sim,Ator/Atriz,0.0,Medio,5.0,Cat_6,C
465063,Feminino,Sim,68,Sim,Advogado,1.0,Alto,2.0,Cat_6,C
466430,Feminino,Sim,51,Nao,Engenheiro,0.0,Baixo,4.0,Cat_6,A
465713,Masculino,Sim,59,Sim,Ator/Atriz,0.0,Medio,4.0,Cat_6,C
462555,Masculino,Sim,36,Sim,Ator/Atriz,1.0,Medio,2.0,Cat_4,C
461615,Masculino,Nao,25,Sim,Medico,1.0,Baixo,2.0,Cat_6,D
461532,Masculino,Sim,48,Sim,Entretenimento,1.0,Baixo,1.0,Cat_6,A
459175,Feminino,Sim,70,Sim,Ator/Atriz,1.0,Medio,2.0,Cat_6,C
463739,Feminino,Sim,42,Nao,Marketing,0.0,Baixo,3.0,Cat_6,B
464339,Masculino,Nao,26,Nao,Ator/Atriz,0.0,Baixo,2.0,Cat_6,D
465074,Masculino,Nao,25,Sim,Ator/Atriz,1.0,Baixo,4.0,Cat_6,A
465282,Feminino,Nao,36,Sim,Ator/Atriz,0.0,Baixo,3.0,Cat_6,A
460488,Masculino,Nao,42,Nao,Medico,0.0,Baixo,1.0,Cat_3,D
464554,Feminino,Nao,35,Sim,Ator/Atriz,0.0,Baixo,7.0,Cat_2,C
462814,Feminino,Sim,22,Nao,Engenheiro,8.0,Medio,2.0,Cat_5,C
462073,Feminino,Nao,36,Sim,Ator/Atriz,6.0,Baixo,1.0,Cat_6,C
459901,Masculino,Sim,47,Sim,Ator/Atriz,0.0,Medio,3.0,Cat_6,C
460858,Masculino,Nao,19,Nao,Enfermeiro,1.0,Baixo,4.0,Cat_3,D
461895,Masculino,Sim,36,Sim,Entretenimento,1.0,Baixo,2.0,Cat_6,B
467308,Feminino,Nao,28,Sim,Medico,0.0,Baixo,3.0,Cat_3,C
467584,Masculino,Sim,52,Nao,Medico,1.0,Medio,4.0,Cat_6,B
462622,Masculino,Sim,47,Nao,Executivo,0.0,Baixo,4.0,Cat_4,D
460100,Feminino,Nao,29,Sim,Medico,1.0,Baixo,1.0,Cat_3,A
466591,Feminino,Nao,23,Nao,Enfermeiro,0.0,Baixo,4.0,Cat_6,D
462849,Masculino,Sim,50,Sim,Ator/Atriz,0.0,Medio,4.0,Cat_6,C
466410,Feminino,Sim,56,Sim,Ator/Atriz,0.0,Baixo,1.0,Cat_6,B
464141,Masculino,Sim,32,Sim,Entretenimento,9.0,Alto,2.0,Cat_4,A
461564,Masculino,Sim,63,Sim,Executivo,1.0,Alto,2.0,Cat_6,C
463219,Masculino,Sim,50,Nao,Entretenimento,0.0,Baixo,2.0,Cat_6,D
464009,Feminino,Sim,49,Sim,Ator/Atriz,7.0,Medio,4.0,Cat_6,B
460573,Masculino,Nao,62,Nao,Enfermeiro,8.0,Baixo,1.0,Cat_3,C
460951,Feminino,Sim,55,Nao,Engenheiro,1.0,Medio,7.0,Cat_6,A
467126,Feminino,Sim,45,Sim,Ator/Atriz,0.0,Baixo,1.0,Cat_3,B
462924,Feminino,Sim,31,Nao,Do Lar,8.0,Medio,2.0,Cat_6,D
462488,Masculino,Nao,33,Sim,Enfermeiro,0.0,Baixo,5.0,Cat_6,D
461640,Masculino,Sim,52,Sim,Ator/Atriz,1.0,Medio,2.0,Cat_6,C
465504,Masculino,Nao,42,Sim,Entretenimento,0.0,Baixo,2.0,Cat_6,B
460902,Masculino,Nao,38,Sim,Executivo,1.0,Baixo,3.0,Cat_6,A
459657,Masculino,Sim,84,Sim,Advogado,1.0,Alto,2.0,Cat_6,B
465054,Masculino,Sim,67,Sim,Executivo,1.0,Alto,3.0,Cat_6,C
464000,Feminino,Nao,32,Nao,Enfermeiro,0.0,Baixo,5.0,Cat_7,C
460324,Feminino,Nao,33,Sim,Entretenimento,12.0,Baixo,2.0,Cat_6,A
462468,Feminino,Nao,30,Sim,Enfermeiro,2.0,Baixo,5.0,Cat_6,D
465245,Masculino,Nao,18,Nao,Enfermeiro,1.0,Baixo,4.0,Cat_4,D
467919,Feminino,Sim,47,Sim,Ator/Atriz,7.0,Medio,2.0,Cat_6,C
463716,Masculino,Nao,29,Nao,Medico,1.0,Baixo,4.0,Cat_6,D
463769,Masculino,Sim,63,Nao,Executivo,0.0,Alto,4.0,Cat_6,B
462327,Masculino,Sim,27,Sim,Entretenimento,0.0,Baixo,4.0,Cat_7,D
463882,Feminino,Sim,43,Sim,Ator/Atriz,1.0,Baixo,1.0,Cat_1,A
462282,Masculino,Nao,29,Nao,Enfermeiro,1.0,Baixo,3.0,Cat_6,D
459625,Feminino,Sim,57,Nao,Engenheiro,8.0,Baixo,1.0,Cat_6,B
466740,Feminino,Sim,47,Nao,Engenheiro,8.0,Baixo,1.0,Cat_3,A
461434,Feminino,Sim,32,Sim,Executivo,4.0,Alto,3.0,Cat_7,C
465404,Feminino,Sim,25,Sim,Entretenimento,0.0,Medio,2.0,Cat_1,A
462337,Feminino,Sim,79,Sim,Advogado,1.0,Alto,2.0,Cat_4,B
461921,Feminino,Nao,41,Sim,Ator/Atriz,0.0,Baixo,1.0,Cat_6,A
463763,Masculino,Sim,36,Sim,Ator/Atriz,4.0,Medio,2.0,Cat_6,C
467749,Masculino,Nao,19,Nao,Enfermeiro,1.0,Baixo,9.0,Cat_7,D
463850,Masculino,Sim,26,Nao,Entretenimento,0.0,Alto,2.0,Cat_6,D
460381,Masculino,Nao,28,Sim,Ator/Atriz,13.0,Baixo,2.0,Cat_6,A
460946,Masculino,Nao,84,Nao,Ator/Atriz,0.0,Baixo,1.0,Cat_6,D
464329,Masculino,Sim,81,Nao,Advogado,1.0,Baixo,2.0,Cat_6,D
467209,Feminino,Nao,35,Sim,Enfermeiro,1.0,Baixo,1.0,Cat_6,D
461897,Masculino,Sim,55,Sim,Medico,0.0,Medio,2.0,Cat_6,C
462920,Masculino,Sim,50,Nao,Executivo,0.0,Alto,5.0,Cat_6,B
460994,Masculino,Sim,78,Sim,Advogado,0.0,Baixo,5.0,Cat_6,A
462868,Masculino,Sim,36,Nao,Entretenimento,0.0,Medio,4.0,Cat_4,A
459964,Masculino,Nao,47,Sim,Marketing,1.0,Baixo,1.0,Cat_6,A
462663,Masculino,Sim,48,Nao,Entretenimento,6.0,Medio,5.0,Cat_4,B
464116,Feminino,Sim,69,Sim,Marketing,1.0,Baixo,2.0,Cat_6,C
467119,Masculino,Sim,38,Nao,Marketing,0.0,Alto,4.0,Cat_7,B
465042,Masculino,Sim,36,Sim,Ator/Atriz,1.0,Medio,4.0,Cat_6,C
464762,Feminino,Sim,52,Nao,Engenheiro,9.0,Medio,4.0,Cat_4,B
460009,Masculino,Nao,46,Sim,Ator/Atriz,0.0,Baixo,1.0,Cat_6,B
460583,Masculino,Nao,18,Nao,Marketing,1.0,Baixo,6.0,Cat_3,D
467827,Feminino,Nao,22,Nao,Enfermeiro,0.0,Baixo,4.0,Cat_6,D
463795,Masculino,Nao,18,Nao,Medico,1.0,Baixo,6.0,Cat_6,B
464313,Masculino,Sim,30,Nao,Do Lar,1.0,Medio,3.0,Cat_6,D
459230,Masculino,Sim,43,Nao,Ator/Atriz,7.0,Alto,4.0,Cat_6,B
462245,Feminino,Sim,49,Sim,Ator/Atriz,1.0,Medio,3.0,Cat_6,C
462926,Feminino,Nao,40,Sim,Do Lar,9.0,Baixo,2.0,Cat_6,A
460743,Masculino,Sim,55,Sim,Ator/Atriz,0.0,Medio,3.0,Cat_6,C
464656,Feminino,Nao,33,Nao,Enfermeiro,1.0,Baixo,7.0,Cat_4,B
467656,Masculino,Nao,31,Sim,Enfermeiro,1.0,Baixo,5.0,Cat_6,D
460978,Feminino,Nao,35,Sim,Enfermeiro,3.0,Baixo,6.0,Cat_2,D
467684,Masculino,Nao,40,Sim,Enfermeiro,8.0,Baixo,3.0,Cat_2,D
467089,Masculino,Sim,69,Nao,Ator/Atriz,0.0,Medio,3.0,Cat_6,B
466091,Feminino,Sim,46,Sim,Ator/Atriz,1.0,Baixo,4.0,Cat_4,B
464582,Feminino,Sim,63,Sim,Marketing,0.0,Baixo,2.0,Cat_6,D
458997,Masculino,Sim,61,Sim,Ator/Atriz,1.0,Medio,2.0,Cat_6,B
466025,Feminino,Nao,50,Nao,Engenheiro,1.0,Baixo,1.0,Cat_3,A
464507,Masculino,Sim,53,Sim,Ator/Atriz,0.0,Alto,3.0,Cat_6,C
459204,Feminino,Sim,35,Sim,Engenheiro,0.0,Medio,2.0,Cat_6,B
467521,Masculino,Nao,19,Nao,Enfermeiro,7.0,Baixo,3.0,Cat_6,D
462743,Masculino,Nao,26,Nao,Enfermeiro,3.0,Baixo,4.0,Cat_3,D
459245,Feminino,Sim,38,Nao,Engenheiro,0.0,Medio,4.0,Cat_6,B
463884,Feminino,Nao,26,Nao,Ator/Atriz,1.0,Baixo,1.0,Cat_6,D
463860,Masculino,Sim,39,Sim,Enfermeiro,0.0,Alto,3.0,Cat_6,C
459184,Masculino,Sim,39,Sim,Entretenimento,1.0,Baixo,4.0,Cat_4,A
460201,Feminino,Nao,45,Sim,Ator/Atriz,2.0,Baixo,1.0,Cat_6,A
464989,Masculino,Sim,47,Nao,Entretenimento,0.0,Medio,4.0,Cat_6,C
467782,Feminino,Nao,30,Sim,Entretenimento,0.0,Baixo,5.0,Cat_2,A
464923,Masculino,Sim,48,Nao,Executivo,5.0,Alto,2.0,Cat_4,A
459364,Feminino,Sim,76,Sim,Marketing,0.0,Baixo,2.0,Cat_6,B
462119,Masculino,Sim,71,Sim,Entretenimento,0.0,Baixo,2.0,Cat_6,A
465132,Feminino,Nao,41,Sim,Ator/Atriz,0.0,Baixo,1.0,Cat_6,A
463873,Masculino,Sim,57,Sim,Ator/Atriz,1.0,Medio,5.0,Cat_6,C
467633,Masculino,Sim,49,Nao,Entretenimento,0.0,Baixo,1.0,Cat_6,A
462780,Masculino,Sim,21,Nao,Enfermeiro,1.0,Alto,8.0,Cat_4,B
462445,Masculino,Nao,18,Nao,Enfermeiro,0.0,Baixo,3.0,Cat_6,D
460664,Feminino,Nao,33,Nao,Do Lar,8.0,Baixo,1.0,Cat_6,D
465992,Masculino,Sim,53,Sim,Entretenimento,1.0,Baixo,3.0,Cat_6,A
463990,Masculino,Sim,55,Sim,Ator/Atriz,1.0,Medio,2.0,Cat_4,B
463128,Masculino,Sim,73,Sim,Advogado,0.0,Alto,4.0,Cat_6,A
460775,Masculino,Sim,59,Sim,Ator/Atriz,0.0,Baixo,2.0,Cat_6,A
464118,Masculino,Nao,38,Sim,Entretenimento,0.0,Baixo,2.0,Cat_6,D
459264,Feminino,Nao,42,Sim,Ator/Atriz,0.0,Baixo,2.0,Cat_6,C
464069,Feminino,Sim,83,Sim,Advogado,1.0,Alto,2.0,Cat_6,A
465564,Masculino,Sim,46,Nao,Ator/Atriz,0.0,Medio,4.0,Cat_3,B
466387,Masculino,Sim,37,Sim,Entretenimento,8.0,Medio,2.0,Cat_6,B
462887,Feminino,Sim,42,Nao,Engenheiro,1.0,Baixo,3.0,Cat_6,A
465977,Masculino,Sim,71,Sim,Ator/Atriz,0.0,Medio,2.0,Cat_6,C
462775,Feminino,Nao,18,Nao,Enfermeiro,7.0,Baixo,3.0,Cat_6,D
460286,Feminino,Nao,41,Sim,Ator/Atriz,4.0,Baixo,1.0,Cat_6,D
466294,Masculino,Sim,27,Sim,Enfermeiro,0.0,Baixo,5.0,Cat_4,D
466037,Feminino,Nao,53,Nao,Entretenimento,1.0,Baixo,1.0,Cat_4,A
466335,Feminino,Nao,28,Nao,Enfermeiro,0.0,Baixo,3.0,Cat_4,B
461933,Masculino,Nao,18,Nao,Medico,0.0,Baixo,2.0,Cat_5,D
466681,Masculino,Nao,19,Nao,Enfermeiro,2.0,Baixo,4.0,Cat_6,D
466605,Feminino,Nao,32,Nao,Enfermeiro,0.0,Baixo,4.0,Cat_3,B
461332,Masculino,Nao,30,Nao,Enfermeiro,1.0,Baixo,4.0,Cat_2,C
461610,Masculino,Nao,36,Sim,Medico,0.0,Baixo,1.0,Cat_6,B
467707,Masculino,Sim,82,Sim,Advogado,5.0,Alto,2.0,Cat_6,A
465158,Masculino,Nao,45,Sim,Ator/Atriz,1.0,Baixo,1.0,Cat_6,A
459903,Masculino,Sim,27,Sim,Entretenimento,9.0,Baixo,4.0,Cat_6,C
464021,Feminino,Nao,18,Nao,Enfermeiro,1.0,Baixo,5.0,Cat_6,D
463325,Masculino,Sim,22,Nao,Medico,1.0,Baixo,4.0,Cat_6,A
459660,Feminino,Nao,22,Nao,Enfermeiro,2.0,Baixo,6.0,Cat_6,D
466423,Feminino,Nao,42,Nao,Do Lar,8.0,Baixo,1.0,Cat_3,D
465585,Masculino,Sim,69,Nao,Medico,1.0,Baixo,1.0,Cat_6,A
462671,Feminino,Sim,43,Sim,Do Lar,8.0,Alto,2.0,Cat_6,A
459603,Feminino,Sim,89,Nao,Advogado,3.0,Alto,2.0,Cat_6,A
463614,Feminino,Nao,26,Nao,Enfermeiro,1.0,Baixo,4.0,Cat_3,C
465152,Masculino,Nao,43,Sim,Ator/Atriz,1.0,Baixo,3.0,Cat_6,B
460525,Masculino,Sim,30,Sim,Entretenimento,1.0,Medio,2.0,Cat_3,C
466108,Feminino,Sim,60,Sim,Executivo,0.0,Baixo,2.0,Cat_6,B
465400,Feminino,Sim,38,Sim,Medico,7.0,Alto,4.0,Cat_3,C
465681,Masculino,Sim,45,Sim,Entretenimento,0.0,Medio,2.0,Cat_4,A
466251,Masculino,Nao,20,Nao,Enfermeiro,3.0,Baixo,4.0,Cat_4,D
460417,Feminino,Sim,51,Sim,Marketing,9.0,Baixo,1.0,Cat_6,A
460569,Masculino,Sim,36,Sim,Entretenimento,1.0,Medio,4.0,Cat_3,C
461162,Feminino,Nao,41,Nao,Marketing,9.0,Baixo,3.0,Cat_3,B
463628,Feminino,Nao,30,Sim,Ator/Atriz,9.0,Baixo,1.0,Cat_6,A
467817,Feminino,Nao,23,Nao,Do Lar,0.0,Baixo,5.0,Cat_5,B
460406,Masculino,Sim,39,Sim,Enfermeiro,4.0,Baixo,2.0,Cat_6,B
464122,Masculino,Sim,63,Sim,Ator/Atriz,0.0,Medio,4.0,Cat_6,B
459658,Masculino,Sim,60,Sim,Ator/Atriz,1.0,Medio,3.0,Cat_6,C
462757,Masculino,Nao,20,Nao,Enfermeiro,1.0,Baixo,3.0,Cat_6,D
459529,Feminino,Sim,89,Nao,Advogado,1.0,Alto,2.0,Cat_6,A
465920,Masculino,Nao,43,Sim,Executivo,1.0,Baixo,4.0,Cat_6,A
463262,Feminino,Sim,70,Nao,Advogado,3.0,Alto,2.0,Cat_6,A
465631,Masculino,Nao,35,Sim,Ator/Atriz,9.0,Baixo,1.0,Cat_6,A
467164,Masculino,Sim,42,Sim,Ator/Atriz,0.0,Alto,2.0,Cat_6,B
467859,Masculino,Sim,39,Sim,Medico,6.0,Medio,2.0,Cat_3,C
461703,Feminino,Sim,29,Sim,Enfermeiro,0.0,Baixo,2.0,Cat_6,A
466097,Feminino,Sim,74,Nao,Advogado,1.0,Baixo,1.0,Cat_6,A
464390,Masculino,Sim,41,Sim,Ator/Atriz,1.0,Baixo,2.0,Cat_6,C
465423,Masculino,Sim,51,Sim,Entretenimento,0.0,Medio,4.0,Cat_7,C
461337,Masculino,Sim,50,Sim,Executivo,1.0,Alto,3.0,Cat_6,C
463888,Masculino,Nao,23,Nao,Marketing,0.0,Baixo,3.0,Cat_6,D
460390,Masculino,Nao,36,Sim,Ator/Atriz,9.0,Baixo,3.0,Cat_6,A
465286,Masculino,Nao,36,Sim,Ator/Atriz,8.0,Baixo,1.0,Cat_6,B
460294,Feminino,Sim,50,Sim,Medico,1.0,Baixo,2.0,Cat_6,D
461248,Feminino,Nao,37,Nao,Enfermeiro,1.0,Baixo,1.0,Cat_6,D
464336,Masculino,Sim,65,Sim,Executivo,0.0,Alto,4.0,Cat_6,C
467595,Feminino,Nao,26,Sim,Enfermeiro,0.0,Baixo,1.0,Cat_6,D
466406,Masculino,Sim,55,Sim,Entretenimento,1.0,Baixo,3.0,Cat_6,A
465092,Masculino,Sim,65,Sim,Executivo,0.0,Alto,2.0,Cat_6,C
459492,Feminino,Sim,72,Sim,Advogado,1.0,Alto,2.0,Cat_6,A
461426,Masculino,Sim,51,Sim,Ator/Atriz,7.0,Medio,2.0,Cat_6,C
467022,Masculino,Nao,25,Sim,Ator/Atriz,1.0,Baixo,5.0,Cat_6,D
467330,Masculino,Sim,38,Nao,Executivo,0.0,Alto,3.0,Cat_6,C
461320,Feminino,Nao,39,Sim,Ator/Atriz,0.0,Baixo,3.0,Cat_6,B
466283,Feminino,Sim,62,Sim,Ator/Atriz,0.0,Alto,2.0,Cat_6,B
463705,Feminino,Sim,37,Sim,Ator/Atriz,4.0,Medio,2.0,Cat_2,C
465821,Feminino,Nao,28,Nao,Engenheiro,3.0,Baixo,7.0,Cat_4,A
467457,Feminino,Nao,32,Sim,Marketing,1.0,Baixo,6.0,Cat_6,B
466543,Masculino,Nao,31,Sim,Medico,14.0,Baixo,2.0,Cat_7,A
463772,Feminino,Nao,31,Nao,Enfermeiro,1.0,Baixo,3.0,Cat_6,D
459757,Masculino,Sim,67,Sim,Ator/Atriz,1.0,Medio,2.0,Cat_6,B
464452,Feminino,Nao,72,Sim,Advogado,0.0,Baixo,1.0,Cat_6,C
463839,Feminino,Sim,57,Nao,Engenheiro,0.0,Baixo,3.0,Cat_6,B
464368,Masculino,Sim,36,Sim,Entretenimento,4.0,Medio,2.0,Cat_6,B
466923,Feminino,Nao,21,Nao,Do Lar,9.0,Baixo,1.0,Cat_6,D
459878,Masculino,Sim,47,Nao,Entretenimento,1.0,Medio,5.0,Cat_6,C
467279,Feminino,Nao,25,Sim,Entretenimento,8.0,Baixo,3.0,Cat_6,D
465604,Feminino,Sim,41,Nao,Engenheiro,9.0,Medio,2.0,Cat_3,B
460787,Masculino,Nao,29,Sim,Enfermeiro,0.0,Baixo,4.0,Cat_6,A
466240,Masculino,Nao,21,Nao,Enfermeiro,0.0,Baixo,3.0,Cat_4,D
466621,Masculino,Sim,66,Sim,Advogado,0.0,Baixo,1.0,Cat_6,C
464619,Masculino,Sim,27,Sim,Entretenimento,10.0,Baixo,2.0,Cat_6,B
467404,Masculino,Sim,52,Sim,Ator/Atriz,4.0,Baixo,1.0,Cat_6,C
461314,Masculino,Sim,46,Sim,Ator/Atriz,1.0,Medio,3.0,Cat_6,C
463340,Feminino,Nao,23,Nao,Enfermeiro,0.0,Baixo,4.0,Cat_3,D
467870,Masculino,Nao,27,Sim,Entretenimento,0.0,Baixo,5.0,Cat_6,B
462200,Feminino,Sim,52,Sim,Medico,1.0,Baixo,3.0,Cat_4,B
465591,Masculino,Sim,65,Nao,Ator/Atriz,0.0,Medio,2.0,Cat_4,A
460812,Masculino,Sim,59,Nao,Entretenimento,1.0,Baixo,2.0,Cat_6,A
467105,Feminino,Sim,45,Sim,Advogado,0.0,Baixo,1.0,Cat_6,B
462037,Feminino,Sim,61,Nao,Engenheiro,1.0,Alto,3.0,Cat_4,B
461726,Feminino,Sim,53,Sim,Ator/Atriz,1.0,Medio,4.0,Cat_3,C
463577,Feminino,Sim,37,Sim,Medico,1.0,Medio,2.0,Cat_6,C
463038,Masculino,Sim,63,Sim,Executivo,0.0,Alto,5.0,Cat_6,D
464928,Feminino,Sim,50,Sim,Ator/Atriz,1.0,Baixo,3.0,Cat_4,C
467312,Feminino,Sim,62,Sim,Ator/Atriz,1.0,Baixo,2.0,Cat_6,C
464887,Masculino,Sim,49,Sim,Ator/Atriz,1.0,Medio,8.0,Cat_4,C
460555,Masculino,Sim,46,Sim,Do Lar,6.0,Medio,3.0,Cat_3,C
461329,Masculino,Sim,53,Sim,Executivo,1.0,Alto,4.0,Cat_6,C
459648,Feminino,Sim,42,Sim,Ator/Atriz,2.0,Alto,2.0,Cat_6,C
460835,Feminino,Sim,28,Sim,Ator/Atriz,0.0,Baixo,1.0,Cat_5,A
463827,Feminino,Sim,49,Sim,Engenheiro,1.0,Medio,4.0,Cat_6,B
460868,Masculino,Sim,35,Sim,Ator/Atriz,1.0,Medio,2.0,Cat_6,B
467485,Masculino,Sim,58,Sim,Advogado,0.0,Alto,2.0,Cat_6,B
467351,Masculino,Sim,41,Nao,Ator/Atriz,8.0,Medio,2.0,Cat_6,C
465864,Masculino,Sim,32,Sim,Entretenimento,9.0,Medio,2.0,Cat_6,D
467232,Masculino,Nao,33,Nao,Entretenimento,0.0,Baixo,2.0,Cat_6,A
466855,Masculino,Sim,69,Nao,Entretenimento,0.0,Baixo,5.0,Cat_3,A
467238,Feminino,Nao,31,Nao,Medico,6.0,Baixo,4.0,Cat_6,D
463654,Feminino,Nao,39,Nao,Engenheiro,4.0,Baixo,3.0,Cat_3,D
459047,Feminino,Nao,21,Nao,Enfermeiro,1.0,Baixo,5.0,Cat_4,D
464363,Feminino,Sim,41,Sim,Ator/Atriz,9.0,Baixo,1.0,Cat_6,C
462565,Masculino,Sim,49,Sim,Ator/Atriz,1.0,Medio,4.0,Cat_6,C
463226,Feminino,Sim,38,Sim,Executivo,0.0,Medio,2.0,Cat_6,A
467671,Feminino,Sim,52,Sim,Ator/Atriz,9.0,Baixo,4.0,Cat_6,C
460374,Feminino,Nao,46,Sim,Ator/Atriz,6.0,Baixo,2.0,Cat_6,C
463077,Masculino,Nao,28,Nao,Medico,4.0,Baixo,3.0,Cat_6,C
462719,Feminino,Sim,55,Sim,Ator/Atriz,0.0,Alto,5.0,Cat_6,B
459729,Feminino,Nao,41,Sim,Enfermeiro,1.0,Baixo,1.0,Cat_6,D
459084,Masculino,Sim,47,Nao,Executivo,0.0,Alto,2.0,Cat_7,B
467924,Masculino,Sim,52,Sim,Ator/Atriz,0.0,Baixo,3.0,Cat_4,A
465439,Feminino,Sim,45,Sim,Ator/Atriz,4.0,Alto,4.0,Cat_6,C
466712,Masculino,Sim,78,Sim,Advogado,1.0,Baixo,1.0,Cat_6,B
460983,Masculino,Sim,38,Nao,Medico,0.0,Alto,4.0,Cat_6,D
464008,Feminino,Sim,50,Sim,Ator/Atriz,1.0,Medio,4.0,Cat_6,C
461702,Feminino,Sim,53,Sim,Engenheiro,8.0,Alto,4.0,Cat_6,A
464312,Masculino,Nao,43,Sim,Ator/Atriz,1.0,Baixo,1.0,Cat_3,A
462818,Masculino,Sim,59,Sim,Ator/Atriz,1.0,Medio,3.0,Cat_6,C
466045,Feminino,Nao,38,Nao,Entretenimento,8.0,Baixo,2.0,Cat_6,B
461889,Masculino,Sim,42,Sim,Ator/Atriz,2.0,Medio,2.0,Cat_6,C
467945,Masculino,Sim,65,Sim,Ator/Atriz,0.0,Medio,2.0,Cat_6,C
464322,Masculino,Sim,79,Sim,Advogado,0.0,Baixo,2.0,Cat_6,A
465637,Feminino,Nao,41,Sim,Ator/Atriz,1.0,Baixo,1.0,Cat_4,D
462058,Masculino,Sim,42,Sim,Entretenimento,9.0,Baixo,2.0,Cat_6,A
462500,Masculino,Sim,49,Sim,Medico,1.0,Medio,2.0,Cat_6,C
466948,Masculino,Sim,58,Sim,Ator/Atriz,1.0,Baixo,2.0,Cat_7,B
461606,Masculino,Sim,69,Sim,Advogado,0.0,Alto,3.0,Cat_6,A
466184,Feminino,Nao,35,Sim,Ator/Atriz,3.0,Baixo,1.0,Cat_6,C
466014,Feminino,Sim,47,Nao,Engenheiro,0.0,Alto,2.0,Cat_4,A
462890,Feminino,Nao,25,Sim,Marketing,12.0,Baixo,1.0,Cat_6,D
464909,Feminino,Sim,38,Sim,Do Lar,0.0,Baixo,2.0,Cat_4,A
459554,Feminino,Nao,25,Nao,Engenheiro,8.0,Baixo,3.0,Cat_6,D
462429,Masculino,Sim,76,Nao,Advogado,0.0,Baixo,1.0,Cat_6,A
463605,Feminino,Nao,23,Nao,Enfermeiro,0.0,Baixo,5.0,Cat_5,D
464608,Feminino,Sim,49,Sim,Ator/Atriz,0.0,Medio,3.0,Cat_6,C
459597,Feminino,Sim,71,Sim,Ator/Atriz,1.0,Alto,2.0,Cat_6,C
464497,Feminino,Nao,39,Nao,Engenheiro,0.0,Baixo,3.0,Cat_3,A
467150,Feminino,Nao,41,Sim,Ator/Atriz,8.0,Baixo,3.0,Cat_6,A
466829,Feminino,Sim,27,Nao,Do Lar,10.0,Baixo,1.0,Cat_6,D
463506,Feminino,Sim,35,Sim,Ator/Atriz,2.0,Medio,2.0,Cat_6,C
467448,Feminino,Sim,49,Nao,Engenheiro,0.0,Baixo,1.0,Cat_6,A
462852,Masculino,Sim,42,Nao,Engenheiro,9.0,Baixo,3.0,Cat_6,D
462072,Masculino,Nao,39,Sim,Ator/Atriz,0.0,Baixo,1.0,Cat_6,A
463211,Masculino,Sim,68,Sim,Advogado,8.0,Baixo,1.0,Cat_5,A
464059,Masculino,Sim,57,Sim,Ator/Atriz,1.0,Baixo,1.0,Cat_6,A
463746,Masculino,Nao,38,Sim,Ator/Atriz,0.0,Baixo,1.0,Cat_6,A
465671,Feminino,Sim,35,Nao,Engenheiro,2.0,Medio,5.0,Cat_4,D
461729,Feminino,Sim,41,Sim,Marketing,0.0,Baixo,3.0,Cat_6,D
464849,Masculino,Sim,40,Sim,Ator/Atriz,0.0,Medio,4.0,Cat_4,C
466434,Masculino,Sim,53,Sim,Ator/Atriz,0.0,Medio,4.0,Cat_6,B
467305,Feminino,Sim,38,Sim,Do Lar,8.0,Medio,3.0,Cat_6,B
466270,Feminino,Sim,68,Nao,Marketing,0.0,Baixo,2.0,Cat_6,D
463479,Masculino,Nao,30,Nao,Executivo,1.0,Baixo,2.0,Cat_6,D
467471,Masculino,Sim,52,Nao,Entretenimento,4.0,Medio,5.0,Cat_6,C
459159,Masculino,Sim,80,Sim,Advogado,1.0,Baixo,1.0,Cat_6,A
465980,Feminino,Nao,31,Sim,Enfermeiro,1.0,Baixo,7.0,Cat_6,A
467528,Masculino,Sim,87,Nao,Executivo,0.0,Alto,2.0,Cat_6,C
461278,Masculino,Nao,23,Nao,Enfermeiro,1.0,Baixo,4.0,Cat_6,D
466964,Masculino,Nao,45,Sim,Ator/Atriz,5.0,Baixo,1.0,Cat_4,C
460607,Masculino,Sim,36,Sim,Ator/Atriz,9.0,Medio,4.0,Cat_7,A
462825,Masculino,Sim,41,Nao,Executivo,1.0,Alto,2.0,Cat_4,B
459899,Feminino,Sim,48,Sim,Ator/Atriz,0.0,Baixo,4.0,Cat_6,C
460936,Masculino,Sim,70,Sim,Executivo,1.0,Alto,5.0,Cat_3,B
458991,Feminino,Sim,84,Sim,Advogado,3.0,Alto,2.0,Cat_6,A
460028,Masculino,Sim,39,Sim,Enfermeiro,11.0,Medio,2.0,Cat_2,D
464281,Feminino,Nao,39,Sim,Ator/Atriz,0.0,Baixo,1.0,Cat_6,A
463443,Masculino,Sim,50,Sim,Ator/Atriz,1.0,Medio,4.0,Cat_6,C
460949,Masculino,Sim,40,Sim,Medico,1.0,Baixo,5.0,Cat_6,A
459044,Masculino,Sim,38,Sim,Ator/Atriz,4.0,Medio,3.0,Cat_6,C
460786,Masculino,Sim,71,Nao,Advogado,1.0,Alto,2.0,Cat_6,B
465968,Feminino,Nao,35,Sim,Ator/Atriz,10.0,Baixo,1.0,Cat_6,A
460039,Masculino,Sim,27,Sim,Enfermeiro,5.0,Baixo,5.0,Cat_6,D
462892,Masculino,Sim,33,Nao,Enfermeiro,8.0,Medio,3.0,Cat_6,C
465050,Masculino,Sim,74,Sim,Advogado,1.0,Alto,2.0,Cat_6,B
461793,Masculino,Nao,20,Nao,Marketing,0.0,Baixo,2.0,Cat_6,D
460781,Feminino,Sim,30,Nao,Entretenimento,1.0,Alto,4.0,Cat_5,D
463649,Masculino,Nao,22,Nao,Medico,0.0,Baixo,4.0,Cat_6,B
466969,Feminino,Nao,43,Sim,Do Lar,9.0,Baixo,1.0,Cat_6,A
462030,Masculino,Nao,36,Sim,Ator/Atriz,11.0,Baixo,2.0,Cat_6,C
463735,Masculino,Nao,29,Sim,Enfermeiro,4.0,Baixo,2.0,Cat_6,C
464134,Feminino,Nao,43,Sim,Entretenimento,0.0,Baixo,6.0,Cat_6,A
460195,Masculino,Nao,38,Sim,Entretenimento,7.0,Baixo,1.0,Cat_6,D
466643,Feminino,Sim,68,Sim,Advogado,9.0,Alto,4.0,Cat_6,C
460418,Feminino,Nao,35,Sim,Entretenimento,9.0,Baixo,2.0,Cat_6,A
461303,Feminino,Nao,23,Nao,Medico,7.0,Baixo,4.0,Cat_2,C
467049,Masculino,Nao,50,Sim,Ator/Atriz,1.0,Baixo,1.0,Cat_6,B
459674,Feminino,Nao,32,Sim,Medico,0.0,Baixo,5.0,Cat_6,D
466910,Masculino,Sim,59,Sim,Entretenimento,9.0,Baixo,1.0,Cat_6,A
466459,Feminino,Nao,30,Sim,Enfermeiro,3.0,Baixo,5.0,Cat_6,B
463085,Feminino,Nao,35,Sim,Ator/Atriz,0.0,Baixo,1.0,Cat_6,A
461533,Masculino,Nao,48,Sim,Enfermeiro,1.0,Baixo,2.0,Cat_6,D
461187,Masculino,Nao,29,Nao,Enfermeiro,9.0,Baixo,4.0,Cat_3,D
461432,Feminino,Sim,40,Sim,Ator/Atriz,1.0,Medio,2.0,Cat_6,C
463978,Masculino,Sim,38,Sim,Ator/Atriz,1.0,Medio,3.0,Cat_2,C
459383,Masculino,Sim,36,Nao,Engenheiro,0.0,Baixo,1.0,Cat_6,D
464020,Masculino,Nao,20,Nao,Enfermeiro,0.0,Baixo,4.0,Cat_6,D
467394,Masculino,Nao,29,Nao,Enfermeiro,6.0,Baixo,3.0,Cat_6,C
464539,Masculino,Sim,42,Nao,Executivo,3.0,Alto,3.0,Cat_4,A
461529,Feminino,Sim,35,Sim,Entretenimento,1.0,Baixo,1.0,Cat_6,D
464943,Feminino,Sim,37,Nao,Engenheiro,1.0,Medio,6.0,Cat_4,B
466147,Feminino,Sim,52,Nao,Ator/Atriz,0.0,Medio,4.0,Cat_6,C
466263,Masculino,Nao,53,Sim,Ator/Atriz,0.0,Baixo,2.0,Cat_4,C
461812,Masculino,Sim,30,Nao,Ator/Atriz,9.0,Alto,6.0,Cat_2,A
466848,Feminino,Sim,65,Sim,Ator/Atriz,1.0,Baixo,2.0,Cat_6,B
467933,Feminino,Nao,23,Nao,Enfermeiro,1.0,Baixo,3.0,Cat_6,D
463957,Feminino,Nao,32,Nao,Entretenimento,0.0,Baixo,3.0,Cat_4,C
462175,Feminino,Nao,36,Sim,Do Lar,9.0,Baixo,1.0,Cat_2,A
465818,Masculino,Nao,27,Nao,Entretenimento,1.0,Baixo,3.0,Cat_4,B
467190,Masculino,Sim,36,Sim,Executivo,0.0,Baixo,2.0,Cat_3,B
467848,Masculino,Nao,37,Sim,Ator/Atriz,12.0,Baixo,1.0,Cat_6,B
462249,Masculino,Nao,29,Nao,Entretenimento,0.0,Baixo,3.0,Cat_6,D
459311,Masculino,Nao,29,Sim,Executivo,0.0,Baixo,5.0,Cat_6,C
462610,Masculino,Nao,27,Sim,Medico,1.0,Baixo,6.0,Cat_4,D
467309,Feminino,Nao,35,Sim,Engenheiro,2.0,Baixo,1.0,Cat_7,B
467365,Masculino,Nao,40,Sim,Ator/Atriz,1.0,Baixo,1.0,Cat_6,A
461913,Masculino,Nao,37,Sim,Entretenimento,6.0,Baixo,4.0,Cat_2,A
462617,Masculino,Nao,19,Nao,Enfermeiro,0.0,Baixo,5.0,Cat_4,D
465485,Masculino,Nao,29,Sim,Enfermeiro,0.0,Baixo,4.0,Cat_6,D
461316,Feminino,Sim,53,Sim,Ator/Atriz,0.0,Medio,2.0,Cat_3,C
461079,Feminino,Nao,26,Nao,Engenheiro,4.0,Baixo,1.0,Cat_7,A
465120,Feminino,Nao,30,Sim,Enfermeiro,0.0,Baixo,4.0,Cat_6,D
464671,Masculino,Nao,30,Nao,Entretenimento,1.0,Baixo,2.0,Cat_4,D
465367,Masculino,Sim,69,Nao,Executivo,1.0,Alto,3.0,Cat_6,B
467088,Masculino,Sim,57,Sim,Ator/Atriz,0.0,Baixo,1.0,Cat_3,A
463887,Feminino,Sim,56,Sim,Ator/Atriz,4.0,Medio,2.0,Cat_6,C
460250,Masculino,Nao,27,Sim,Enfermeiro,8.0,Baixo,4.0,Cat_6,D
465316,Masculino,Nao,21,Nao,Enfermeiro,0.0,Baixo,6.0,Cat_4,D
464713,Feminino,Sim,71,Sim,Ator/Atriz,0.0,Alto,4.0,Cat_1,B
465764,Feminino,Nao,39,Sim,Entretenimento,8.0,Baixo,4.0,Cat_4,D
467080,Feminino,Sim,87,Sim,Advogado,1.0,Alto,2.0,Cat_6,A
460683,Masculino,Sim,59,Nao,Entretenimento,6.0,Medio,3.0,Cat_3,B
460042,Masculino,Nao,32,Sim,Marketing,8.0,Baixo,1.0,Cat_6,D
463025,Masculino,Sim,40,Nao,Executivo,7.0,Baixo,4.0,Cat_6,A
462179,Feminino,Nao,31,Sim,Marketing,0.0,Baixo,9.0,Cat_7,D
464799,Masculino,Nao,35,Nao,Marketing,0.0,Baixo,4.0,Cat_4,D
461934,Feminino,Sim,46,Sim,Ator/Atriz,8.0,Medio,2.0,Cat_6,C
459146,Masculino,Sim,69,Sim,Ator/Atriz,1.0,Baixo,2.0,Cat_6,A
461448,Masculino,Sim,69,Sim,Medico,0.0,Alto,3.0,Cat_6,C
466419,Feminino,Sim,45,Sim,Entretenimento,3.0,Medio,5.0,Cat_3,B
465443,Masculino,Sim,38,Sim,Ator/Atriz,0.0,Baixo,4.0,Cat_6,A
459105,Masculino,Sim,39,Sim,Executivo,5.0,Alto,3.0,Cat_6,C
463232,Feminino,Nao,23,Nao,Enfermeiro,2.0,Baixo,5.0,Cat_6,D
464737,Feminino,Sim,58,Nao,Engenheiro,0.0,Medio,6.0,Cat_4,A
467922,Masculino,Sim,84,Sim,Entretenimento,0.0,Alto,2.0,Cat_6,D
465329,Masculino,Sim,35,Sim,Ator/Atriz,5.0,Medio,2.0,Cat_6,C
466512,Feminino,Nao,22,Nao,Enfermeiro,1.0,Baixo,2.0,Cat_6,D
466339,Masculino,Nao,23,Nao,Enfermeiro,0.0,Baixo,2.0,Cat_4,D
462870,Feminino,Nao,41,Sim,Ator/Atriz,3.0,Baixo,3.0,Cat_6,D
464335,Masculino,Sim,50,Sim,Executivo,4.0,Alto,3.0,Cat_6,C
461353,Masculino,Sim,50,Sim,Executivo,0.0,Alto,4.0,Cat_6,A
463920,Feminino,Nao,28,Sim,Do Lar,8.0,Baixo,1.0,Cat_6,D
463712,Feminino,Sim,37,Sim,Medico,1.0,Medio,2.0,Cat_6,C
464663,Masculino,Sim,73,Nao,Executivo,1.0,Alto,2.0,Cat_4,D
465000,Masculino,Sim,50,Sim,Executivo,1.0,Alto,3.0,Cat_6,C
467500,Feminino,Sim,32,Sim,Ator/Atriz,4.0,Alto,2.0,Cat_6,C
461536,Feminino,Nao,39,Sim,Medico,2.0,Baixo,1.0,Cat_6,B
464296,Masculino,Nao,43,Sim,Medico,1.0,Baixo,4.0,Cat_6,A
463142,Feminino,Nao,33,Sim,Ator/Atriz,5.0,Baixo,2.0,Cat_4,B
461004,Masculino,Sim,61,Sim,Ator/Atriz,1.0,Medio,3.0,Cat_3,C
462323,Feminino,Sim,70,Sim,Medico,0.0,Medio,2.0,Cat_6,C
467899,Masculino,Sim,66,Sim,Ator/Atriz,1.0,Medio,2.0,Cat_6,B
461941,Feminino,Sim,72,Sim,Ator/Atriz,0.0,Baixo,1.0,Cat_6,C
461383,Masculino,Sim,71,Sim,Ator/Atriz,0.0,Alto,2.0,Cat_6,B
466616,Masculino,Nao,18,Nao,Enfermeiro,8.0,Baixo,9.0,Cat_6,D
464658,Masculino,Sim,33,Nao,Ator/Atriz,1.0,Medio,2.0,Cat_4,B
460699,Masculino,Nao,28,Sim,Ator/Atriz,9.0,Baixo,1.0,Cat_6,A
460180,Feminino,Sim,27,Sim,Marketing,11.0,Medio,2.0,Cat_6,A
462683,Feminino,Sim,38,Nao,Engenheiro,1.0,Baixo,5.0,Cat_1,B
464988,Masculino,Sim,63,Sim,Ator/Atriz,0.0,Medio,7.0,Cat_6,C
466593,Masculino,Sim,70,Sim,Advogado,0.0,Alto,3.0,Cat_6,A
464542,Feminino,Nao,26,Sim,Enfermeiro,10.0,Baixo,1.0,Cat_6,D
465678,Masculino,Sim,36,Nao,Entretenimento,1.0,Baixo,2.0,Cat_4,A
467862,Feminino,Sim,47,Sim,Ator/Atriz,0.0,Baixo,3.0,Cat_6,C
459394,Masculino,Nao,28,Nao,Entretenimento,9.0,Baixo,2.0,Cat_6,A
460091,Feminino,Nao,26,Sim,Entretenimento,1.0,Baixo,5.0,Cat_6,C
461260,Masculino,Nao,20,Nao,Marketing,1.0,Baixo,3.0,Cat_4,D
463632,Masculino,Sim,30,Sim,Ator/Atriz,0.0,Medio,2.0,Cat_6,C
460047,Masculino,Nao,41,Sim,Entretenimento,8.0,Baixo,2.0,Cat_6,A
460378,Feminino,Nao,40,Sim,Medico,1.0,Baixo,1.0,Cat_6,A
464758,Feminino,Sim,47,Nao,Engenheiro,1.0,Medio,4.0,Cat_4,B
460931,Masculino,Sim,40,Sim,Entretenimento,2.0,Medio,5.0,Cat_6,A
463240,Feminino,Sim,53,Nao,Engenheiro,0.0,Medio,3.0,Cat_6,A
459698,Masculino,Sim,60,Sim,Ator/Atriz,1.0,Baixo,2.0,Cat_6,A
461598,Feminino,Nao,27,Sim,Ator/Atriz,8.0,Baixo,1.0,Cat_6,A
465979,Masculino,Sim,43,Sim,Ator/Atriz,2.0,Baixo,2.0,Cat_6,B
463974,Feminino,Nao,33,Sim,Do Lar,7.0,Baixo,3.0,Cat_2,C
466231,Masculino,Sim,56,Sim,Entretenimento,0.0,Medio,2.0,Cat_6,C
459833,Masculino,Sim,70,Sim,Executivo,1.0,Alto,2.0,Cat_6,C
462886,Masculino,Sim,70,Nao,Medico,1.0,Alto,2.0,Cat_6,D
465998,Feminino,Nao,40,Sim,Engenheiro,6.0,Baixo,3.0,Cat_6,D
466942,Feminino,Nao,29,Sim,Enfermeiro,1.0,Baixo,4.0,Cat_6,D
466310,Feminino,Sim,40,Sim,Engenheiro,0.0,Medio,2.0,Cat_6,B
467617,Masculino,Sim,82,Sim,Advogado,1.0,Baixo,1.0,Cat_6,A
459975,Feminino,Nao,38,Sim,Ator/Atriz,7.0,Baixo,1.0,Cat_6,B
464386,Masculino,Sim,39,Sim,Medico,0.0,Medio,3.0,Cat_6,B
462005,Masculino,Sim,39,Sim,Ator/Atriz,0.0,Medio,2.0,Cat_2,C
465859,Masculino,Nao,47,Sim,Ator/Atriz,0.0,Baixo,1.0,Cat_6,A
464394,Masculino,Sim,75,Sim,Advogado,0.0,Alto,2.0,Cat_6,A
466120,Feminino,Sim,37,Nao,Marketing,0.0,Baixo,4.0,Cat_6,D
460964,Masculino,Sim,84,Nao,Advogado,1.0,Alto,2.0,Cat_6,A
461975,Feminino,Nao,42,Sim,Entretenimento,6.0,Baixo,2.0,Cat_6,A
462172,Masculino,Sim,39,Sim,Medico,0.0,Medio,2.0,Cat_1,D
464563,Masculino,Sim,42,Sim,Ator/Atriz,0.0,Medio,2.0,Cat_6,B
464945,Feminino,Sim,40,Sim,Ator/Atriz,1.0,Medio,2.0,Cat_4,A
463688,Feminino,Nao,52,Sim,Medico,1.0,Baixo,1.0,Cat_4,B
461750,Masculino,Nao,52,Nao,Ator/Atriz,5.0,Baixo,1.0,Cat_6,B
464400,Masculino,Nao,31,Sim,Entretenimento,0.0,Baixo,4.0,Cat_6,D
463052,Masculino,Sim,37,Sim,Marketing,1.0,Baixo,2.0,Cat_6,D
461372,Masculino,Nao,27,Sim,Ator/Atriz,3.0,Baixo,1.0,Cat_2,A
463367,Feminino,Nao,35,Sim,Engenheiro,4.0,Baixo,4.0,Cat_2,C
467926,Masculino,Sim,79,Sim,Ator/Atriz,0.0,Alto,2.0,Cat_6,C
461483,Feminino,Nao,28,Sim,Medico,1.0,Baixo,4.0,Cat_6,C
467355,Masculino,Nao,31,Nao,Enfermeiro,0.0,Baixo,4.0,Cat_6,D
466416,Masculino,Sim,88,Nao,Executivo,0.0,Alto,3.0,Cat_6,D
460330,Feminino,Nao,51,Sim,Entretenimento,4.0,Baixo,1.0,Cat_6,A
466789,Feminino,Sim,53,Sim,Ator/Atriz,0.0,Medio,2.0,Cat_3,B
466679,Feminino,Nao,43,Sim,Ator/Atriz,8.0,Baixo,2.0,Cat_6,B
459362,Masculino,Sim,55,Nao,Executivo,0.0,Baixo,2.0,Cat_6,A
466128,Masculino,Nao,35,Sim,Ator/Atriz,4.0,Baixo,2.0,Cat_6,A
462474,Feminino,Sim,25,Nao,Engenheiro,1.0,Medio,2.0,Cat_4,A
459782,Masculino,Sim,58,Sim,Ator/Atriz,6.0,Medio,4.0,Cat_6,C
463113,Feminino,Nao,32,Sim,Medico,1.0,Baixo,6.0,Cat_6,D
466683,Feminino,Sim,49,Nao,Ator/Atriz,1.0,Medio,4.0,Cat_3,C
462103,Feminino,Sim,53,Nao,Entretenimento,9.0,Alto,2.0,Cat_6,A
459227,Feminino,Sim,31,Nao,Engenheiro,9.0,Baixo,4.0,Cat_6,A
467761,Masculino,Nao,39,Sim,Ator/Atriz,1.0,Baixo,2.0,Cat_6,B
459163,Masculino,Nao,42,Sim,Entretenimento,1.0,Baixo,1.0,Cat_6,A
462455,Masculino,Nao,20,Nao,Enfermeiro,1.0,Baixo,5.0,Cat_2,D
460178,Masculino,Sim,50,Sim,Entretenimento,1.0,Baixo,2.0,Cat_6,A
462803,Masculino,Nao,26,Nao,Medico,0.0,Baixo,6.0,Cat_2,B
460427,Masculino,Sim,46,Sim,Ator/Atriz,1.0,Medio,3.0,Cat_6,C
466343,Masculino,Nao,30,Sim,Medico,0.0,Baixo,2.0,Cat_3,A
461583,Feminino,Sim,60,Sim,Medico,6.0,Medio,2.0,Cat_6,C
466461,Masculino,Sim,84,Nao,Advogado,0.0,Baixo,1.0,Cat_6,D
462740,Masculino,Sim,63,Sim,Ator/Atriz,6.0,Baixo,1.0,Cat_6,B
461355,Feminino,Nao,38,Sim,Enfermeiro,0.0,Baixo,2.0,Cat_6,D
465009,Masculino,Sim,51,Sim,Entretenimento,0.0,Medio,4.0,Cat_6,C
467658,Masculino,Nao,20,Nao,Enfermeiro,0.0,Baixo,4.0,Cat_3,D
462837,Feminino,Nao,25,Nao,Enfermeiro,14.0,Baixo,3.0,Cat_6,D
463907,Feminino,Nao,33,Sim,Medico,0.0,Baixo,5.0,Cat_6,D
462728,Feminino,Nao,31,Nao,Engenheiro,0.0,Baixo,1.0,Cat_6,D
461175,Masculino,Sim,57,Sim,Enfermeiro,1.0,Baixo,3.0,Cat_6,B
464872,Masculino,Sim,42,Sim,Ator/Atriz,1.0,Baixo,4.0,Cat_4,B
460830,Masculino,Sim,40,Nao,Entretenimento,2.0,Medio,5.0,Cat_2,B
459741,Masculino,Sim,66,Nao,Advogado,0.0,Alto,3.0,Cat_6,B
461154,Masculino,Nao,21,Nao,Do Lar,0.0,Baixo,4.0,Cat_3,A
464990,Masculino,Sim,73,Nao,Executivo,1.0,Alto,2.0,Cat_6,B
467886,Feminino,Sim,46,Sim,Ator/Atriz,0.0,Baixo,2.0,Cat_6,C
459201,Feminino,Sim,66,Sim,Ator/Atriz,0.0,Medio,2.0,Cat_6,C
463357,Masculino,Sim,27,Sim,Medico,0.0,Medio,2.0,Cat_5,D
462380,Feminino,Sim,53,Nao,Ator/Atriz,1.0,Alto,4.0,Cat_6,A
459884,Masculino,Sim,80,Nao,Advogado,8.0,Baixo,1.0,Cat_6,D
461651,Feminino,Sim,63,Sim,Ator/Atriz,1.0,Medio,3.0,Cat_6,C
465336,Feminino,Nao,41,Sim,Medico,9.0,Baixo,1.0,Cat_4,A
461338,Masculino,Sim,43,Sim,Ator/Atriz,1.0,Medio,4.0,Cat_6,C
460485,Feminino,Nao,18,Nao,Marketing,9.0,Baixo,5.0,Cat_3,B
467901,Feminino,Nao,33,Sim,Entretenimento,1.0,Baixo,4.0,Cat_6,B
463713,Masculino,Nao,30,Nao,Engenheiro,9.0,Baixo,3.0,Cat_4,D
464278,Masculino,Sim,85,Sim,Executivo,1.0,Alto,2.0,Cat_6,D
459595,Feminino,Sim,36,Sim,Ator/Atriz,4.0,Alto,7.0,Cat_6,C
461419,Masculino,Sim,27,Nao,Entretenimento,3.0,Medio,2.0,Cat_6,B
465767,Masculino,Nao,28,Nao,Enfermeiro,0.0,Baixo,5.0,Cat_4,B
460598,Feminino,Sim,35,Sim,Medico,0.0,Medio,3.0,Cat_3,A
460714,Masculino,Nao,26,Sim,Entretenimento,1.0,Baixo,3.0,Cat_6,D
461584,Feminino,Sim,56,Sim,Ator/Atriz,1.0,Alto,4.0,Cat_2,B
462066,Feminino,Nao,26,Sim,Ator/Atriz,13.0,Baixo,2.0,Cat_6,B
463369,Masculino,Sim,31,Sim,Entretenimento,4.0,Baixo,2.0,Cat_6,B
466586,Masculino,Nao,21,Nao,Enfermeiro,0.0,Baixo,2.0,Cat_6,D
464649,Masculino,Sim,39,Nao,Entretenimento,1.0,Medio,4.0,Cat_4,A
463209,Feminino,Nao,51,Sim,Ator/Atriz,0.0,Baixo,1.0,Cat_6,C
466298,Masculino,Sim,45,Nao,Medico,0.0,Baixo,4.0,Cat_4,A
463904,Masculino,Sim,77,Sim,Executivo,1.0,Baixo,1.0,Cat_6,D
462208,Feminino,Sim,33,Nao,Engenheiro,7.0,Medio,5.0,Cat_4,B
461755,Masculino,Nao,29,Nao,Ator/Atriz,1.0,Baixo,3.0,Cat_2,A
466872,Masculino,Sim,43,Sim,Ator/Atriz,1.0,Baixo,2.0,Cat_3,B
467104,Feminino,Nao,18,Nao,Enfermeiro,1.0,Baixo,3.0,Cat_6,D
463476,Masculino,Sim,53,Sim,Ator/Atriz,3.0,Medio,3.0,Cat_6,B
463953,Masculino,Sim,28,Sim,Entretenimento,3.0,Medio,3.0,Cat_7,B
462202,Feminino,Nao,43,Sim,Entretenimento,1.0,Baixo,4.0,Cat_4,A
467830,Masculino,Nao,31,Sim,Entretenimento,1.0,Baixo,3.0,Cat_6,D
461770,Masculino,Sim,65,Sim,Ator/Atriz,1.0,Baixo,2.0,Cat_6,A
466525,Masculino,Sim,33,Sim,Ator/Atriz,0.0,Medio,2.0,Cat_6,B
462349,Masculino,Sim,49,Sim,Ator/Atriz,0.0,Medio,6.0,Cat_6,C
463964,Masculino,Nao,33,Nao,Enfermeiro,1.0,Baixo,4.0,Cat_6,C
459353,Masculino,Sim,53,Sim,Ator/Atriz,6.0,Medio,2.0,Cat_6,C
459709,Feminino,Sim,47,Sim,Ator/Atriz,7.0,Medio,4.0,Cat_6,C
461858,Masculino,Nao,31,Nao,Entretenimento,1.0,Baixo,7.0,Cat_4,D
460450,Masculino,Sim,52,Sim,Executivo,1.0,Alto,4.0,Cat_4,B
460780,Feminino,Nao,30,Sim,Enfermeiro,1.0,Baixo,2.0,Cat_3,A
465105,Masculino,Sim,69,Nao,Executivo,9.0,Medio,2.0,Cat_6,B
460445,Masculino,Nao,29,Sim,Engenheiro,0.0,Baixo,4.0,Cat_3,D
462961,Feminino,Sim,56,Nao,Engenheiro,1.0,Medio,5.0,Cat_6,B
463932,Feminino,Sim,72,Sim,Ator/Atriz,1.0,Medio,3.0,Cat_6,B
465651,Masculino,Nao,30,Nao,Engenheiro,1.0,Baixo,4.0,Cat_6,D
463721,Feminino,Nao,31,Sim,Enfermeiro,1.0,Baixo,4.0,Cat_2,B
467369,Masculino,Nao,41,Sim,Ator/Atriz,2.0,Baixo,3.0,Cat_6,A
461361,Feminino,Nao,31,Sim,Enfermeiro,9.0,Baixo,7.0,Cat_5,D
464793,Feminino,Sim,26,Nao,Marketing,7.0,Alto,3.0,Cat_4,A
459006,Masculino,Nao,20,Nao,Enfermeiro,1.0,Baixo,4.0,Cat_6,D
460204,Masculino,Sim,41,Sim,Ator/Atriz,4.0,Baixo,4.0,Cat_6,A
466762,Masculino,Sim,63,Sim,Do Lar,1.0,Baixo,3.0,Cat_6,B
464318,Masculino,Sim,88,Sim,Executivo,1.0,Baixo,1.0,Cat_6,D
465416,Masculino,Sim,55,Nao,Engenheiro,1.0,Alto,4.0,Cat_6,A
462117,Masculino,Nao,32,Sim,Entretenimento,1.0,Baixo,2.0,Cat_6,D
460710,Feminino,Sim,38,Sim,Ator/Atriz,0.0,Medio,3.0,Cat_6,A
460098,Feminino,Sim,62,Sim,Engenheiro,1.0,Baixo,1.0,Cat_3,B
465787,Masculino,Nao,18,Nao,Enfermeiro,1.0,Baixo,5.0,Cat_4,D
463365,Masculino,Sim,67,Nao,Executivo,1.0,Alto,2.0,Cat_6,D
464042,Feminino,Sim,42,Sim,Ator/Atriz,9.0,Baixo,2.0,Cat_6,B
467627,Feminino,Nao,45,Sim,Engenheiro,0.0,Baixo,1.0,Cat_6,A
464720,Masculino,Sim,46,Nao,Medico,0.0,Medio,3.0,Cat_4,D
461123,Masculino,Nao,20,Nao,Enfermeiro,2.0,Baixo,4.0,Cat_4,D
465413,Feminino,Sim,41,Sim,Engenheiro,0.0,Alto,3.0,Cat_6,A
465126,Feminino,Sim,35,Nao,Engenheiro,7.0,Medio,4.0,Cat_4,A
465950,Feminino,Sim,52,Sim,Ator/Atriz,6.0,Baixo,2.0,Cat_6,A
466734,Feminino,Sim,63,Sim,Ator/Atriz,1.0,Medio,4.0,Cat_6,B
466222,Masculino,Sim,51,Nao,Executivo,5.0,Baixo,3.0,Cat_2,C
466142,Feminino,Sim,29,Sim,Entretenimento,0.0,Medio,2.0,Cat_6,A
467888,Masculino,Nao,27,Nao,Medico,0.0,Baixo,4.0,Cat_6,B
461992,Feminino,Nao,37,Sim,Medico,1.0,Baixo,1.0,Cat_4,A
459973,Feminino,Nao,50,Sim,Ator/Atriz,0.0,Baixo,2.0,Cat_6,A
460695,Masculino,Sim,74,Sim,Advogado,1.0,Baixo,1.0,Cat_6,A
464260,Feminino,Sim,72,Sim,Ator/Atriz,3.0,Medio,3.0,Cat_6,C
464140,Feminino,Sim,83,Sim,Advogado,1.0,Alto,2.0,Cat_6,B
465606,Masculino,Sim,37,Sim,Engenheiro,1.0,Medio,3.0,Cat_3,A
459050,Feminino,Nao,19,Nao,Enfermeiro,0.0,Baixo,3.0,Cat_6,D
462330,Feminino,Nao,30,Nao,Ator/Atriz,1.0,Baixo,1.0,Cat_6,B
459940,Feminino,Nao,46,Sim,Engenheiro,1.0,Baixo,2.0,Cat_1,B
466352,Feminino,Sim,65,Sim,Medico,1.0,Baixo,2.0,Cat_6,B
463558,Feminino,Sim,88,Sim,Advogado,1.0,Medio,2.0,Cat_6,C
460049,Masculino,Sim,43,Sim,Entretenimento,0.0,Medio,2.0,Cat_5,A
464148,Masculino,Sim,50,Sim,Executivo,9.0,Alto,3.0,Cat_2,C
465503,Masculino,Nao,35,Sim,Ator/Atriz,8.0,Baixo,2.0,Cat_6,D
465082,Masculino,Sim,67,Sim,Advogado,0.0,Baixo,1.0,Cat_3,A
459832,Masculino,Sim,66,Sim,Executivo,0.0,Baixo,1.0,Cat_6,B
464609,Feminino,Nao,39,Sim,Ator/Atriz,3.0,Baixo,2.0,Cat_6,C
466864,Feminino,Nao,32,Nao,Do Lar,8.0,Baixo,1.0,Cat_6,D
461458,Feminino,Nao,40,Sim,Ator/Atriz,6.0,Baixo,1.0,Cat_6,B
459218,Masculino,Sim,88,Sim,Advogado,0.0,Alto,3.0,Cat_6,C
462860,Masculino,Nao,30,Sim,Enfermeiro,8.0,Baixo,5.0,Cat_6,D
462033,Masculino,Nao,32,Sim,Entretenimento,1.0,Baixo,1.0,Cat_6,A
467695,Masculino,Sim,43,Nao,Marketing,1.0,Baixo,2.0,Cat_7,D
463090,Feminino,Sim,55,Nao,Engenheiro,3.0,Medio,2.0,Cat_6,B
459219,Feminino,Sim,47,Sim,Ator/Atriz,0.0,Medio,3.0,Cat_6,C
466359,Masculino,Nao,22,Nao,Enfermeiro,0.0,Baixo,4.0,Cat_6,D
466088,Feminino,Nao,31,Nao,Enfermeiro,0.0,Baixo,7.0,Cat_6,B
462822,Masculino,Nao,19,Nao,Enfermeiro,0.0,Baixo,4.0,Cat_6,D
459076,Masculino,Sim,69,Nao,Medico,0.0,Medio,2.0,Cat_6,C
463879,Masculino,Sim,45,Sim,Executivo,0.0,Alto,2.0,Cat_6,C
462827,Feminino,Nao,22,Nao,Medico,1.0,Baixo,3.0,Cat_3,A
461500,Feminino,Nao,26,Sim,Medico,0.0,Baixo,3.0,Cat_6,B
461553,Masculino,Nao,39,Sim,Ator/Atriz,1.0,Baixo,3.0,Cat_7,A
467912,Masculino,Sim,61,Sim,Entretenimento,1.0,Baixo,2.0,Cat_5,A
465029,Feminino,Sim,74,Nao,Advogado,1.0,Alto,2.0,Cat_6,C
460062,Masculino,Nao,29,Sim,Ator/Atriz,4.0,Baixo,1.0,Cat_3,D
462863,Masculino,Nao,29,Sim,Do Lar,5.0,Baixo,1.0,Cat_6,D
460465,Masculino,Nao,36,Nao,Executivo,0.0,Baixo,3.0,Cat_6,D
460335,Feminino,Nao,63,Sim,Medico,0.0,Baixo,2.0,Cat_6,B
466067,Masculino,Sim,69,Sim,Ator/Atriz,0.0,Medio,5.0,Cat_3,C
459807,Masculino,Sim,81,Sim,Advogado,1.0,Baixo,1.0,Cat_6,A
463364,Feminino,Sim,71,Nao,Advogado,1.0,Alto,2.0,Cat_6,B
463599,Feminino,Nao,31,Nao,Enfermeiro,10.0,Baixo,2.0,Cat_3,C
462949,Masculino,Sim,35,Nao,Do Lar,1.0,Medio,3.0,Cat_6,B
460275,Feminino,Nao,52,Sim,Ator/Atriz,6.0,Baixo,1.0,Cat_6,A
462416,Masculino,Sim,45,Nao,Ator/Atriz,0.0,Baixo,2.0,Cat_4,B
460846,Feminino,Nao,19,Nao,Marketing,1.0,Baixo,4.0,Cat_6,D
459542,Masculino,Nao,23,Nao,Enfermeiro,2.0,Baixo,5.0,Cat_6,D
459080,Masculino,Sim,77,Nao,Advogado,0.0,Baixo,2.0,Cat_6,D
463106,Feminino,Sim,84,Sim,Advogado,0.0,Baixo,1.0,Cat_6,B
464728,Masculino,Sim,47,Nao,Entretenimento,1.0,Alto,4.0,Cat_4,D
466474,Masculino,Nao,29,Sim,Entretenimento,6.0,Baixo,3.0,Cat_6,A
461711,Feminino,Nao,35,Sim,Ator/Atriz,8.0,Baixo,3.0,Cat_2,A
460347,Masculino,Sim,40,Sim,Ator/Atriz,14.0,Baixo,2.0,Cat_6,C
467689,Masculino,Nao,35,Nao,Enfermeiro,1.0,Baixo,1.0,Cat_6,D
460260,Masculino,Nao,20,Nao,Enfermeiro,0.0,Baixo,3.0,Cat_2,D
466344,Masculino,Nao,43,Sim,Entretenimento,0.0,Baixo,2.0,Cat_2,A
466437,Masculino,Sim,56,Nao,Executivo,0.0,Baixo,1.0,Cat_6,D
460423,Feminino,Sim,53,Sim,Ator/Atriz,3.0,Baixo,1.0,Cat_7,A
459590,Masculino,Sim,22,Nao,Executivo,1.0,Alto,3.0,Cat_6,D
464668,Masculino,Sim,32,Nao,Enfermeiro,1.0,Alto,4.0,Cat_4,D
463049,Masculino,Sim,51,Nao,Executivo,2.0,Alto,5.0,Cat_6,A
462407,Masculino,Sim,37,Nao,Medico,2.0,Medio,4.0,Cat_6,A
459450,Masculino,Sim,55,Sim,Ator/Atriz,4.0,Medio,4.0,Cat_6,A
463255,Masculino,Nao,42,Sim,Entretenimento,3.0,Baixo,2.0,Cat_6,A
462574,Masculino,Nao,20,Nao,Enfermeiro,1.0,Baixo,5.0,Cat_4,D
465761,Feminino,Nao,42,Sim,Ator/Atriz,12.0,Baixo,2.0,Cat_4,A
467728,Feminino,Sim,38,Nao,Engenheiro,1.0,Alto,5.0,Cat_6,B
465841,Feminino,Nao,52,Sim,Engenheiro,3.0,Baixo,1.0,Cat_6,A
460117,Feminino,Sim,48,Sim,Marketing,9.0,Baixo,1.0,Cat_6,D
466619,Masculino,Sim,37,Sim,Entretenimento,5.0,Medio,2.0,Cat_6,C
461722,Masculino,Nao,27,Nao,Medico,1.0,Baixo,3.0,Cat_6,B
460898,Masculino,Sim,48,Nao,Ator/Atriz,3.0,Medio,4.0,Cat_6,B
463627,Feminino,Nao,25,Sim,Marketing,5.0,Baixo,2.0,Cat_4,D
460403,Feminino,Nao,56,Sim,Medico,3.0,Baixo,1.0,Cat_6,A
459818,Feminino,Sim,68,Nao,Advogado,1.0,Baixo,1.0,Cat_6,D
463732,Masculino,Nao,21,Nao,Enfermeiro,0.0,Baixo,4.0,Cat_6,D
467112,Masculino,Nao,43,Sim,Ator/Atriz,1.0,Baixo,2.0,Cat_2,B
459902,Masculino,Sim,52,Sim,Advogado,8.0,Alto,2.0,Cat_6,C
463233,Masculino,Sim,50,Nao,Executivo,0.0,Medio,5.0,Cat_6,B
467721,Masculino,Nao,41,Sim,Entretenimento,0.0,Baixo,1.0,Cat_4,D
465915,Masculino,Sim,40,Sim,Entretenimento,8.0,Medio,2.0,Cat_6,B
464506,Masculino,Nao,32,Sim,Enfermeiro,8.0,Baixo,2.0,Cat_4,D
460624,Masculino,Sim,57,Sim,Do Lar,5.0,Alto,2.0,Cat_6,A
462020,Feminino,Nao,25,Sim,Ator/Atriz,13.0,Baixo,2.0,Cat_6,C
464320,Masculino,Sim,74,Nao,Advogado,0.0,Alto,2.0,Cat_6,A
461561,Feminino,Sim,46,Sim,Ator/Atriz,0.0,Medio,2.0,Cat_6,C
465953,Feminino,Nao,50,Sim,Ator/Atriz,1.0,Baixo,1.0,Cat_6,D
463309,Masculino,Sim,50,Sim,Ator/Atriz,0.0,Medio,2.0,Cat_3,B
459134,Feminino,Sim,69,Sim,Advogado,0.0,Alto,2.0,Cat_6,C
464195,Masculino,Nao,29,Sim,Ator/Atriz,0.0,Baixo,1.0,Cat_6,A
466504,Masculino,Sim,38,Nao,Executivo,9.0,Alto,5.0,Cat_6,B
466792,Feminino,Sim,82,Nao,Advogado,0.0,Baixo,1.0,Cat_6,A
463837,Feminino,Sim,50,Nao,Engenheiro,0.0,Baixo,3.0,Cat_7,B
465384,Masculino,Sim,56,Sim,Ator/Atriz,0.0,Alto,2.0,Cat_6,B
462050,Masculino,Nao,19,Nao,Enfermeiro,4.0,Baixo,3.0,Cat_2,D
465268,Masculino,Sim,29,Nao,Executivo,12.0,Baixo,3.0,Cat_6,B
461370,Masculino,Nao,26,Sim,Medico,1.0,Baixo,3.0,Cat_6,D
464225,Feminino,Nao,31,Nao,Medico,1.0,Baixo,5.0,Cat_3,C
466665,Masculino,Sim,42,Sim,Ator/Atriz,0.0,Medio,2.0,Cat_6,A
462290,Feminino,Nao,33,Sim,Medico,1.0,Baixo,1.0,Cat_6,B
459326,Masculino,Sim,35,Nao,Enfermeiro,1.0,Baixo,5.0,Cat_6,D
464926,Feminino,Sim,46,Nao,Engenheiro,0.0,Alto,3.0,Cat_4,A
460343,Feminino,Nao,67,Sim,Ator/Atriz,0.0,Baixo,2.0,Cat_6,B
463626,Feminino,Nao,35,Nao,Ator/Atriz,7.0,Baixo,2.0,Cat_6,D
464266,Masculino,Nao,28,Nao,Medico,8.0,Baixo,3.0,Cat_6,A
464491,Feminino,Nao,43,Nao,Medico,8.0,Baixo,1.0,Cat_4,D
463440,Feminino,Sim,73,Sim,Ator/Atriz,0.0,Medio,3.0,Cat_1,C
463602,Feminino,Nao,21,Nao,Enfermeiro,8.0,Baixo,4.0,Cat_6,D
464706,Feminino,Nao,32,Nao,Medico,1.0,Baixo,3.0,Cat_4,D
460313,Masculino,Nao,32,Sim,Ator/Atriz,13.0,Baixo,3.0,Cat_6,A
465497,Masculino,Nao,25,Nao,Do Lar,14.0,Baixo,3.0,Cat_5,A
465846,Feminino,Nao,40,Sim,Ator/Atriz,5.0,Baixo,1.0,Cat_6,A
463374,Feminino,Nao,19,Nao,Enfermeiro,0.0,Baixo,3.0,Cat_6,D
462704,Masculino,Sim,48,Sim,Executivo,5.0,Alto,5.0,Cat_6,B
462160,Feminino,Nao,36,Sim,Ator/Atriz,3.0,Baixo,3.0,Cat_6,C
461365,Masculino,Nao,27,Nao,Enfermeiro,1.0,Baixo,3.0,Cat_6,D
464205,Feminino,Sim,82,Nao,Entretenimento,0.0,Alto,2.0,Cat_6,B
459294,Masculino,Nao,23,Nao,Enfermeiro,9.0,Baixo,4.0,Cat_6,D
460318,Masculino,Nao,30,Sim,Entretenimento,14.0,Baixo,3.0,Cat_6,D
467967,Masculino,Nao,30,Sim,Entretenimento,8.0,Baixo,4.0,Cat_6,A
461797,Masculino,Nao,30,Sim,Enfermeiro,1.0,Baixo,3.0,Cat_6,D
462980,Masculino,Nao,28,Sim,Entretenimento,1.0,Baixo,5.0,Cat_6,C
462361,Masculino,Sim,60,Sim,Ator/Atriz,0.0,Baixo,2.0,Cat_4,A
461855,Feminino,Sim,52,Sim,Ator/Atriz,1.0,Medio,2.0,Cat_6,C
467522,Feminino,Nao,19,Nao,Enfermeiro,0.0,Baixo,2.0,Cat_6,D
463327,Masculino,Sim,40,Nao,Executivo,1.0,Baixo,5.0,Cat_5,D
459824,Masculino,Nao,38,Sim,Entretenimento,8.0,Baixo,1.0,Cat_6,D
461051,Feminino,Sim,71,Sim,Entretenimento,1.0,Medio,2.0,Cat_6,B
461142,Feminino,Nao,40,Sim,Engenheiro,1.0,Baixo,3.0,Cat_3,B
461521,Masculino,Sim,68,Sim,Ator/Atriz,0.0,Alto,2.0,Cat_6,B
467792,Masculino,Nao,21,Nao,Enfermeiro,0.0,Baixo,4.0,Cat_6,D
464654,Feminino,Sim,39,Nao,Engenheiro,1.0,Medio,4.0,Cat_4,B
459111,Masculino,Sim,41,Sim,Executivo,0.0,Baixo,4.0,Cat_6,B
466473,Feminino,Nao,22,Nao,Enfermeiro,0.0,Baixo,3.0,Cat_2,D
460046,Feminino,Sim,49,Sim,Ator/Atriz,3.0,Baixo,2.0,Cat_6,B
466698,Feminino,Sim,26,Sim,Enfermeiro,8.0,Baixo,2.0,Cat_3,D
459927,Feminino,Nao,27,Nao,Engenheiro,0.0,Baixo,2.0,Cat_3,D
467057,Feminino,Nao,50,Nao,Entretenimento,8.0,Baixo,2.0,Cat_6,A
466052,Feminino,Sim,37,Sim,Do Lar,5.0,Baixo,2.0,Cat_4,D
464210,Masculino,Nao,43,Sim,Marketing,0.0,Baixo,2.0,Cat_6,A
465873,Masculino,Nao,35,Sim,Entretenimento,13.0,Baixo,1.0,Cat_6,D
459802,Feminino,Sim,50,Sim,Ator/Atriz,1.0,Baixo,1.0,Cat_6,C
464817,Masculino,Nao,31,Sim,Ator/Atriz,7.0,Baixo,1.0,Cat_4,A
460845,Feminino,Nao,20,Nao,Enfermeiro,0.0,Baixo,2.0,Cat_6,D
459072,Masculino,Sim,66,Sim,Entretenimento,1.0,Medio,2.0,Cat_6,C
465694,Masculino,Sim,37,Sim,Enfermeiro,1.0,Medio,2.0,Cat_4,A
466381,Masculino,Sim,52,Sim,Ator/Atriz,2.0,Medio,2.0,Cat_6,C
460947,Masculino,Sim,45,Sim,Executivo,7.0,Alto,5.0,Cat_6,C
467338,Feminino,Nao,27,Sim,Enfermeiro,2.0,Baixo,6.0,Cat_6,D
467189,Feminino,Sim,46,Sim,Ator/Atriz,1.0,Alto,4.0,Cat_6,C
466456,Feminino,Sim,43,Nao,Medico,9.0,Baixo,1.0,Cat_2,A
463805,Feminino,Nao,32,Nao,Medico,8.0,Baixo,6.0,Cat_6,C
462427,Masculino,Sim,87,Sim,Advogado,9.0,Baixo,4.0,Cat_6,C
466906,Masculino,Nao,59,Sim,Ator/Atriz,1.0,Baixo,2.0,Cat_6,B
461842,Masculino,Sim,63,Sim,Ator/Atriz,1.0,Medio,3.0,Cat_6,C
462400,Masculino,Nao,47,Sim,Ator/Atriz,0.0,Baixo,1.0,Cat_6,B
466598,Feminino,Sim,45,Sim,Ator/Atriz,9.0,Baixo,2.0,Cat_6,C
466940,Masculino,Sim,79,Nao,Advogado,0.0,Baixo,1.0,Cat_6,D
461754,Masculino,Sim,65,Nao,Entretenimento,1.0,Alto,2.0,Cat_6,B
461376,Feminino,Nao,38,Sim,Enfermeiro,0.0,Baixo,2.0,Cat_6,B
462025,Masculino,Nao,20,Nao,Enfermeiro,2.0,Baixo,3.0,Cat_4,D
465720,Feminino,Sim,36,Sim,Ator/Atriz,1.0,Baixo,2.0,Cat_6,C
466354,Masculino,Nao,22,Nao,Enfermeiro,0.0,Baixo,4.0,Cat_6,D
463857,Masculino,Sim,56,Nao,Enfermeiro,0.0,Alto,4.0,Cat_7,B
465849,Feminino,Nao,32,Sim,Medico,5.0,Baixo,3.0,Cat_4,A
464100,Feminino,Nao,33,Sim,Enfermeiro,1.0,Baixo,1.0,Cat_6,D
461444,Feminino,Sim,68,Sim,Ator/Atriz,1.0,Alto,2.0,Cat_6,C
464711,Feminino,Sim,38,Sim,Ator/Atriz,7.0,Medio,3.0,Cat_1,B
465349,Feminino,Sim,49,Sim,Ator/Atriz,0.0,Alto,4.0,Cat_6,C
463407,Feminino,Nao,33,Nao,Medico,0.0,Baixo,1.0,Cat_3,D
466632,Feminino,Sim,57,Sim,Ator/Atriz,1.0,Alto,2.0,Cat_6,C
464641,Feminino,Sim,65,Sim,Advogado,2.0,Baixo,6.0,Cat_1,D
462154,Masculino,Sim,36,Sim,Entretenimento,0.0,Medio,2.0,Cat_6,C
464754,Feminino,Sim,43,Nao,Engenheiro,4.0,Medio,7.0,Cat_4,A
460167,Feminino,Nao,18,Nao,Entretenimento,1.0,Baixo,5.0,Cat_2,C
461987,Feminino,Sim,43,Nao,Engenheiro,1.0,Medio,2.0,Cat_6,B
463259,Masculino,Sim,75,Sim,Advogado,0.0,Baixo,1.0,Cat_6,A
461628,Masculino,Sim,39,Sim,Enfermeiro,11.0,Medio,2.0,Cat_6,B
459126,Masculino,Sim,61,Sim,Ator/Atriz,2.0,Baixo,2.0,Cat_6,B
465143,Masculino,Nao,26,Sim,Engenheiro,0.0,Baixo,5.0,Cat_4,C
460860,Masculino,Sim,52,Sim,Ator/Atriz,7.0,Medio,4.0,Cat_6,B
467629,Masculino,Sim,50,Sim,Ator/Atriz,1.0,Baixo,1.0,Cat_6,B
461720,Feminino,Nao,51,Sim,Ator/Atriz,1.0,Baixo,1.0,Cat_4,B
460086,Masculino,Sim,50,Nao,Ator/Atriz,1.0,Medio,3.0,Cat_6,C
465832,Masculino,Sim,53,Sim,Executivo,9.0,Alto,5.0,Cat_4,B
467070,Masculino,Sim,40,Nao,Executivo,5.0,Baixo,4.0,Cat_6,D
463541,Feminino,Nao,26,Nao,Enfermeiro,0.0,Baixo,3.0,Cat_5,B
462431,Masculino,Nao,32,Nao,Entretenimento,9.0,Baixo,4.0,Cat_6,A
461387,Feminino,Nao,22,Nao,Enfermeiro,5.0,Baixo,3.0,Cat_2,D
461693,Feminino,Sim,36,Sim,Ator/Atriz,1.0,Medio,4.0,Cat_6,B
466010,Feminino,Sim,69,Nao,Medico,0.0,Baixo,1.0,Cat_3,A
465674,Feminino,Nao,39,Sim,Entretenimento,1.0,Baixo,2.0,Cat_4,A
459405,Feminino,Sim,81,Nao,Medico,0.0,Alto,2.0,Cat_6,A
465989,Feminino,Nao,28,Nao,Enfermeiro,9.0,Baixo,2.0,Cat_6,D
465598,Masculino,Nao,28,Sim,Enfermeiro,6.0,Baixo,5.0,Cat_2,D
466093,Masculino,Nao,52,Sim,Entretenimento,1.0,Baixo,5.0,Cat_4,B
462773,Feminino,Sim,40,Sim,Ator/Atriz,4.0,Medio,5.0,Cat_6,B
465763,Feminino,Sim,37,Nao,Ator/Atriz,0.0,Medio,2.0,Cat_4,D
462958,Masculino,Nao,26,Nao,Marketing,1.0,Baixo,5.0,Cat_6,D
467056,Feminino,Nao,31,Nao,Do Lar,8.0,Baixo,1.0,Cat_6,A
461990,Feminino,Sim,68,Sim,Advogado,0.0,Baixo,2.0,Cat_6,C
464480,Masculino,Sim,42,Sim,Ator/Atriz,1.0,Medio,3.0,Cat_6,C
461318,Feminino,Sim,56,Sim,Ator/Atriz,1.0,Medio,6.0,Cat_5,C
467398,Masculino,Sim,37,Nao,Entretenimento,1.0,Baixo,2.0,Cat_6,A
464222,Masculino,Sim,58,Sim,Ator/Atriz,1.0,Baixo,1.0,Cat_6,D
465427,Masculino,Nao,33,Sim,Ator/Atriz,7.0,Baixo,1.0,Cat_6,A
460652,Feminino,Nao,31,Nao,Do Lar,8.0,Baixo,1.0,Cat_4,D
463642,Feminino,Nao,27,Sim,Enfermeiro,0.0,Baixo,3.0,Cat_2,B
462672,Masculino,Nao,25,Nao,Enfermeiro,7.0,Baixo,4.0,Cat_4,D
466112,Masculino,Sim,51,Sim,Entretenimento,1.0,Medio,2.0,Cat_6,B
459831,Masculino,Sim,37,Nao,Engenheiro,8.0,Medio,3.0,Cat_4,D
463027,Masculino,Sim,69,Sim,Executivo,1.0,Medio,4.0,Cat_6,B
462467,Feminino,Sim,45,Nao,Medico,1.0,Baixo,1.0,Cat_6,A
461469,Masculino,Sim,38,Sim,Ator/Atriz,0.0,Baixo,2.0,Cat_6,C
467051,Feminino,Nao,19,Nao,Enfermeiro,0.0,Baixo,4.0,Cat_6,D
465928,Feminino,Nao,32,Sim,Enfermeiro,6.0,Baixo,3.0,Cat_6,D
462491,Masculino,Nao,31,Sim,Ator/Atriz,1.0,Baixo,5.0,Cat_6,C
460642,Masculino,Nao,19,Nao,Enfermeiro,13.0,Baixo,3.0,Cat_3,D
460988,Masculino,Sim,41,Sim,Entretenimento,0.0,Medio,3.0,Cat_4,C
461108,Masculino,Nao,21,Nao,Enfermeiro,1.0,Baixo,4.0,Cat_3,D
463329,Masculino,Nao,23,Nao,Enfermeiro,0.0,Baixo,6.0,Cat_3,D
466153,Masculino,Sim,65,Nao,Entretenimento,0.0,Medio,2.0,Cat_6,C
467027,Masculino,Nao,31,Nao,Executivo,4.0,Baixo,5.0,Cat_1,D
466710,Feminino,Sim,73,Nao,Ator/Atriz,1.0,Alto,2.0,Cat_6,C
465616,Masculino,Sim,42,Sim,Medico,9.0,Baixo,2.0,Cat_6,C
463173,Masculino,Nao,47,Sim,Ator/Atriz,0.0,Baixo,1.0,Cat_3,B
465779,Feminino,Nao,19,Nao,Enfermeiro,0.0,Baixo,5.0,Cat_2,D
465826,Masculino,Sim,45,Nao,Executivo,3.0,Baixo,9.0,Cat_4,D
463575,Feminino,Nao,28,Sim,Entretenimento,0.0,Baixo,3.0,Cat_6,D
466075,Feminino,Sim,50,Sim,Engenheiro,1.0,Medio,4.0,Cat_4,B
461723,Masculino,Nao,26,Sim,Enfermeiro,8.0,Baixo,2.0,Cat_6,C
460783,Masculino,Sim,82,Sim,Advogado,0.0,Baixo,1.0,Cat_6,B
465962,Masculino,Sim,33,Sim,Enfermeiro,0.0,Baixo,2.0,Cat_7,A
462781,Masculino,Nao,50,Nao,Marketing,1.0,Baixo,2.0,Cat_7,C
466020,Masculino,Sim,83,Nao,Advogado,0.0,Baixo,1.0,Cat_6,D
461502,Feminino,Nao,37,Sim,Ator/Atriz,9.0,Baixo,1.0,Cat_6,B
463280,Masculino,Sim,37,Sim,Ator/Atriz,6.0,Medio,2.0,Cat_3,A
466936,Masculino,Sim,55,Nao,Advogado,1.0,Alto,3.0,Cat_6,C
460552,Masculino,Sim,61,Sim,Ator/Atriz,0.0,Baixo,2.0,Cat_3,C
459345,Feminino,Sim,39,Sim,Ator/Atriz,3.0,Baixo,1.0,Cat_6,B
464256,Masculino,Sim,40,Sim,Ator/Atriz,0.0,Baixo,2.0,Cat_6,C
467097,Masculino,Sim,55,Sim,Ator/Atriz,2.0,Baixo,1.0,Cat_6,B
462571,Masculino,Sim,50,Sim,Enfermeiro,1.0,Medio,1.0,Cat_6,D
463765,Masculino,Nao,26,Sim,Medico,13.0,Baixo,3.0,Cat_6,D
460152,Feminino,Nao,53,Sim,Ator/Atriz,1.0,Baixo,1.0,Cat_6,C
459587,Feminino,Nao,32,Sim,Ator/Atriz,7.0,Baixo,3.0,Cat_6,A
460995,Feminino,Nao,31,Sim,Marketing,0.0,Baixo,1.0,Cat_6,D
465426,Masculino,Nao,30,Nao,Enfermeiro,0.0,Baixo,4.0,Cat_6,B
461452,Feminino,Nao,31,Sim,Medico,0.0,Baixo,4.0,Cat_3,A
460797,Masculino,Sim,47,Sim,Ator/Atriz,4.0,Baixo,1.0,Cat_3,A
466618,Masculino,Sim,49,Sim,Ator/Atriz,3.0,Medio,2.0,Cat_6,C
462168,Masculino,Sim,37,Sim,Executivo,1.0,Alto,3.0,Cat_6,B
465338,Masculino,Sim,47,Sim,Ator/Atriz,13.0,Medio,4.0,Cat_6,C
463501,Masculino,Sim,52,Sim,Executivo,0.0,Alto,2.0,Cat_6,C
459726,Masculino,Sim,79,Nao,Advogado,0.0,Alto,2.0,Cat_6,B
463516,Masculino,Sim,47,Nao,Executivo,1.0,Alto,6.0,Cat_6,C
463359,Masculino,Nao,23,Nao,Enfermeiro,1.0,Baixo,4.0,Cat_6,D
463488,Feminino,Nao,29,Nao,Engenheiro,9.0,Baixo,4.0,Cat_4,A
465872,Feminino,Nao,33,Sim,Engenheiro,10.0,Baixo,1.0,Cat_6,A
460588,Masculino,Nao,21,Nao,Enfermeiro,0.0,Baixo,4.0,Cat_3,D
460236,Masculino,Nao,18,Nao,Enfermeiro,8.0,Baixo,4.0,Cat_6,D
460802,Masculino,Sim,70,Sim,Advogado,0.0,Alto,2.0,Cat_6,C
459467,Feminino,Sim,56,Sim,Ator/Atriz,0.0,Medio,2.0,Cat_6,C
466953,Masculino,Sim,42,Sim,Ator/Atriz,2.0,Medio,2.0,Cat_6,B
459086,Feminino,Nao,28,Nao,Enfermeiro,1.0,Baixo,2.0,Cat_6,B
460827,Masculino,Sim,81,Sim,Advogado,9.0,Baixo,1.0,Cat_6,D
464272,Masculino,Nao,30,Sim,Ator/Atriz,9.0,Baixo,2.0,Cat_6,A
461063,Masculino,Sim,53,Nao,Advogado,0.0,Baixo,2.0,Cat_6,D
467302,Masculino,Nao,26,Sim,Executivo,9.0,Baixo,4.0,Cat_6,D
461935,Masculino,Sim,51,Sim,Ator/Atriz,1.0,Baixo,3.0,Cat_6,C
459089,Masculino,Nao,19,Nao,Ator/Atriz,9.0,Baixo,7.0,Cat_7,B
462365,Masculino,Sim,75,Sim,Advogado,0.0,Alto,2.0,Cat_6,B
459628,Feminino,Sim,51,Sim,Engenheiro,0.0,Baixo,1.0,Cat_6,A
467332,Feminino,Sim,70,Sim,Do Lar,3.0,Baixo,2.0,Cat_6,B
460443,Feminino,Nao,38,Sim,Medico,0.0,Baixo,1.0,Cat_6,A
462195,Feminino,Nao,21,Nao,Enfermeiro,0.0,Baixo,4.0,Cat_4,D
466228,Masculino,Sim,80,Nao,Advogado,0.0,Baixo,1.0,Cat_4,B
467589,Masculino,Nao,33,Nao,Entretenimento,1.0,Baixo,1.0,Cat_6,D
466107,Masculino,Sim,48,Sim,Entretenimento,1.0,Medio,6.0,Cat_6,C
466452,Feminino,Nao,33,Sim,Engenheiro,0.0,Baixo,3.0,Cat_1,D
467074,Feminino,Nao,31,Nao,Enfermeiro,1.0,Baixo,4.0,Cat_6,C
464233,Feminino,Sim,48,Sim,Ator/Atriz,1.0,Medio,2.0,Cat_6,C
462225,Masculino,Sim,49,Nao,Engenheiro,1.0,Medio,8.0,Cat_4,D
465970,Feminino,Sim,38,Nao,Ator/Atriz,1.0,Baixo,1.0,Cat_6,B
460094,Feminino,Nao,39,Sim,Ator/Atriz,0.0,Baixo,1.0,Cat_3,A
467428,Feminino,Sim,46,Sim,Entretenimento,2.0,Medio,2.0,Cat_6,B
465623,Masculino,Sim,41,Sim,Ator/Atriz,8.0,Medio,2.0,Cat_6,C
467516,Feminino,Sim,31,Nao,Ator/Atriz,0.0,Alto,3.0,Cat_4,A
462975,Masculino,Sim,37,Sim,Entretenimento,8.0,Medio,2.0,Cat_6,C
462389,Feminino,Sim,58,Nao,Engenheiro,1.0,Baixo,1.0,Cat_6,B
461556,Feminino,Sim,49,Sim,Engenheiro,1.0,Medio,2.0,Cat_6,A
465964,Feminino,Sim,47,Nao,Marketing,2.0,Baixo,1.0,Cat_6,D
460724,Masculino,Nao,30,Sim,Enfermeiro,1.0,Baixo,4.0,Cat_6,D
466787,Feminino,Sim,33,Sim,Medico,0.0,Baixo,2.0,Cat_6,A
467256,Masculino,Nao,33,Nao,Enfermeiro,0.0,Baixo,4.0,Cat_2,B
466742,Masculino,Sim,45,Nao,Medico,8.0,Baixo,2.0,Cat_3,A
466017,Feminino,Sim,45,Sim,Do Lar,1.0,Baixo,1.0,Cat_3,B
459679,Feminino,Nao,21,Nao,Entretenimento,1.0,Baixo,4.0,Cat_6,D
465930,Feminino,Nao,36,Sim,Ator/Atriz,9.0,Baixo,2.0,Cat_6,A
460175,Feminino,Nao,28,Nao,Ator/Atriz,0.0,Baixo,5.0,Cat_2,C
466725,Feminino,Sim,89,Nao,Advogado,0.0,Alto,2.0,Cat_6,A
465095,Masculino,Sim,48,Sim,Executivo,1.0,Alto,4.0,Cat_6,C
465452,Masculino,Sim,47,Nao,Entretenimento,0.0,Alto,5.0,Cat_6,C
463213,Feminino,Nao,18,Nao,Enfermeiro,3.0,Baixo,4.0,Cat_6,D
467653,Masculino,Sim,58,Sim,Advogado,2.0,Alto,2.0,Cat_6,C
463218,Masculino,Sim,42,Nao,Entretenimento,9.0,Medio,3.0,Cat_6,A
461289,Masculino,Nao,22,Nao,Enfermeiro,0.0,Baixo,3.0,Cat_6,D
459983,Feminino,Sim,50,Sim,Ator/Atriz,2.0,Baixo,1.0,Cat_6,B
462363,Masculino,Sim,73,Nao,Executivo,0.0,Alto,2.0,Cat_6,D
461509,Masculino,Sim,40,Sim,Ator/Atriz,1.0,Medio,3.0,Cat_6,B
464064,Feminino,Sim,39,Nao,Medico,0.0,Baixo,2.0,Cat_6,B
460545,Masculino,Sim,83,Nao,Advogado,0.0,Alto,3.0,Cat_3,D
459303,Masculino,Sim,55,Sim,Ator/Atriz,0.0,Baixo,1.0,Cat_6,B
462635,Masculino,Sim,42,Nao,Engenheiro,5.0,Medio,4.0,Cat_4,A
464456,Masculino,Sim,27,Sim,Ator/Atriz,1.0,Baixo,4.0,Cat_6,C
465106,Masculino,Sim,53,Sim,Executivo,1.0,Alto,2.0,Cat_6,C
467605,Feminino,Sim,40,Sim,Engenheiro,1.0,Medio,7.0,Cat_6,A
466116,Masculino,Sim,62,Sim,Ator/Atriz,0.0,Medio,9.0,Cat_3,C
467176,Masculino,Nao,27,Nao,Enfermeiro,1.0,Baixo,3.0,Cat_3,A
459400,Feminino,Sim,84,Nao,Advogado,0.0,Alto,2.0,Cat_6,B
460320,Masculino,Nao,26,Nao,Ator/Atriz,11.0,Baixo,4.0,Cat_6,C
466454,Masculino,Nao,33,Sim,Entretenimento,1.0,Baixo,1.0,Cat_6,A
467028,Masculino,Nao,27,Sim,Ator/Atriz,0.0,Baixo,1.0,Cat_6,D
464827,Feminino,Sim,46,Nao,Entretenimento,9.0,Medio,5.0,Cat_4,D
464501,Feminino,Nao,25,Nao,Enfermeiro,1.0,Baixo,3.0,Cat_6,A
463715,Feminino,Nao,32,Nao,Ator/Atriz,3.0,Baixo,4.0,Cat_6,C
461028,Feminino,Nao,21,Nao,Enfermeiro,6.0,Baixo,4.0,Cat_4,D
466766,Masculino,Sim,73,Sim,Advogado,1.0,Alto,4.0,Cat_6,C
462475,Masculino,Sim,35,Sim,Ator/Atriz,0.0,Medio,2.0,Cat_6,B
465770,Masculino,Nao,52,Sim,Ator/Atriz,1.0,Baixo,1.0,Cat_6,B
466823,Masculino,Sim,40,Sim,Ator/Atriz,1.0,Baixo,2.0,Cat_6,B
467083,Feminino,Sim,88,Sim,Advogado,1.0,Alto,2.0,Cat_6,A
464080,Feminino,Nao,41,Sim,Ator/Atriz,1.0,Baixo,2.0,Cat_6,C
466503,Masculino,Sim,45,Sim,Ator/Atriz,7.0,Medio,5.0,Cat_6,B
461847,Masculino,Sim,41,Nao,Entretenimento,0.0,Baixo,4.0,Cat_6,A
461447,Masculino,Sim,75,Sim,Advogado,0.0,Alto,2.0,Cat_6,C
459982,Masculino,Nao,39,Sim,Entretenimento,9.0,Baixo,2.0,Cat_6,A
463316,Feminino,Sim,89,Nao,Advogado,0.0,Alto,2.0,Cat_6,A
466758,Masculino,Sim,45,Sim,Medico,0.0,Baixo,1.0,Cat_6,A
464307,Feminino,Sim,50,Sim,Ator/Atriz,1.0,Medio,2.0,Cat_6,C
461344,Masculino,Sim,43,Nao,Enfermeiro,6.0,Alto,2.0,Cat_7,B
463353,Masculino,Sim,50,Sim,Executivo,4.0,Medio,4.0,Cat_2,B
464324,Masculino,Sim,76,Sim,Advogado,1.0,Baixo,1.0,Cat_3,D
459288,Masculino,Sim,41,Sim,Ator/Atriz,1.0,Baixo,2.0,Cat_6,A
460050,Masculino,Sim,50,Sim,Entretenimento,3.0,Baixo,2.0,Cat_6,A
464994,Masculino,Sim,56,Sim,Executivo,8.0,Alto,5.0,Cat_6,C
464903,Masculino,Sim,28,Nao,Entretenimento,0.0,Medio,2.0,Cat_4,A
463165,Feminino,Sim,72,Sim,Medico,1.0,Medio,2.0,Cat_6,A
465981,Masculino,Nao,28,Nao,Ator/Atriz,0.0,Baixo,2.0,Cat_6,A
465281,Feminino,Sim,27,Sim,Ator/Atriz,8.0,Medio,2.0,Cat_6,C
463781,Feminino,Nao,32,Nao,Enfermeiro,2.0,Baixo,4.0,Cat_4,D
466569,Feminino,Nao,20,Nao,Medico,9.0,Baixo,4.0,Cat_6,A
466547,Masculino,Sim,45,Sim,Executivo,1.0,Baixo,5.0,Cat_6,B
464631,Masculino,Nao,59,Sim,Ator/Atriz,1.0,Baixo,2.0,Cat_6,C
465957,Feminino,Nao,46,Sim,Marketing,1.0,Baixo,1.0,Cat_6,D
459848,Masculino,Sim,46,Sim,Ator/Atriz,1.0,Medio,3.0,Cat_6,C
461642,Masculino,Nao,41,Sim,Ator/Atriz,9.0,Baixo,2.0,Cat_6,A
467259,Masculino,Sim,70,Sim,Advogado,1.0,Alto,2.0,Cat_6,B
463439,Masculino,Sim,42,Sim,Ator/Atriz,9.0,Medio,3.0,Cat_6,B
464764,Feminino,Sim,60,Nao,Engenheiro,1.0,Alto,9.0,Cat_4,A
467073,Masculino,Nao,37,Sim,Engenheiro,9.0,Baixo,1.0,Cat_6,D
460480,Masculino,Nao,18,Nao,Enfermeiro,0.0,Baixo,7.0,Cat_3,D
464419,Masculino,Sim,52,Sim,Ator/Atriz,1.0,Medio,3.0,Cat_6,C
463686,Feminino,Nao,32,Nao,Ator/Atriz,2.0,Baixo,4.0,Cat_2,A
459411,Masculino,Sim,74,Nao,Advogado,8.0,Baixo,1.0,Cat_6,A
463774,Masculino,Sim,29,Sim,Enfermeiro,1.0,Medio,2.0,Cat_6,A
463671,Masculino,Sim,37,Sim,Entretenimento,0.0,Medio,3.0,Cat_6,C
466986,Masculino,Sim,45,Nao,Entretenimento,1.0,Medio,3.0,Cat_6,B
465508,Masculino,Nao,22,Nao,Enfermeiro,1.0,Baixo,4.0,Cat_6,D
465351,Feminino,Sim,51,Sim,Ator/Atriz,8.0,Medio,2.0,Cat_6,B
464001,Masculino,Sim,59,Sim,Ator/Atriz,0.0,Medio,2.0,Cat_6,C
459483,Masculino,Sim,55,Sim,Ator/Atriz,1.0,Medio,2.0,Cat_7,A
466013,Masculino,Nao,22,Nao,Enfermeiro,2.0,Baixo,3.0,Cat_4,D
466490,Feminino,Sim,84,Nao,Advogado,0.0,Alto,2.0,Cat_6,B
463665,Masculino,Sim,50,Sim,Entretenimento,0.0,Medio,3.0,Cat_6,C
463459,Masculino,Sim,73,Sim,Ator/Atriz,5.0,Alto,3.0,Cat_6,C
462756,Feminino,Nao,23,Nao,Engenheiro,1.0,Baixo,4.0,Cat_6,B
463915,Feminino,Nao,21,Sim,Enfermeiro,0.0,Baixo,5.0,Cat_2,D
463543,Masculino,Nao,18,Nao,Enfermeiro,1.0,Baixo,4.0,Cat_6,D
462768,Masculino,Sim,46,Sim,Ator/Atriz,0.0,Medio,3.0,Cat_6,B
461876,Masculino,Nao,32,Sim,Entretenimento,9.0,Baixo,2.0,Cat_6,D
462135,Feminino,Nao,36,Sim,Enfermeiro,6.0,Baixo,3.0,Cat_2,D
458998,Masculino,Sim,37,Nao,Medico,9.0,Baixo,2.0,Cat_6,D
466432,Masculino,Nao,42,Sim,Entretenimento,1.0,Baixo,1.0,Cat_7,A
460389,Feminino,Sim,42,Sim,Enfermeiro,9.0,Medio,2.0,Cat_6,D
460663,Feminino,Nao,33,Nao,Do Lar,9.0,Baixo,1.0,Cat_6,D
467771,Feminino,Sim,59,Sim,Ator/Atriz,0.0,Medio,5.0,Cat_6,C
462084,Masculino,Sim,70,Sim,Ator/Atriz,1.0,Baixo,1.0,Cat_6,B
463621,Masculino,Sim,53,Nao,Entretenimento,1.0,Baixo,1.0,Cat_6,A
467021,Feminino,Sim,80,Nao,Advogado,1.0,Alto,2.0,Cat_6,D
467563,Masculino,Sim,39,Sim,Ator/Atriz,0.0,Medio,2.0,Cat_2,C
467306,Feminino,Sim,58,Sim,Ator/Atriz,0.0,Medio,5.0,Cat_6,C
464865,Feminino,Nao,30,Nao,Do Lar,8.0,Baixo,9.0,Cat_4,A
463585,Feminino,Nao,23,Nao,Enfermeiro,0.0,Baixo,3.0,Cat_6,D
466186,Masculino,Sim,59,Sim,Ator/Atriz,9.0,Medio,4.0,Cat_6,C
459619,Feminino,Sim,56,Sim,Medico,0.0,Baixo,2.0,Cat_6,D
466699,Feminino,Sim,40,Sim,Ator/Atriz,8.0,Baixo,1.0,Cat_6,B
465517,Feminino,Sim,68,Sim,Ator/Atriz,1.0,Baixo,2.0,Cat_6,A
459237,Masculino,Nao,29,Sim,Ator/Atriz,1.0,Baixo,6.0,Cat_6,A
461757,Feminino,Sim,55,Sim,Ator/Atriz,1.0,Medio,3.0,Cat_6,C
466309,Masculino,Nao,21,Nao,Enfermeiro,1.0,Baixo,4.0,Cat_6,D
466532,Feminino,Nao,19,Nao,Engenheiro,1.0,Baixo,4.0,Cat_6,D
460832,Feminino,Sim,41,Nao,Enfermeiro,1.0,Medio,4.0,Cat_6,D
461531,Masculino,Nao,41,Sim,Ator/Atriz,4.0,Baixo,1.0,Cat_3,A
467304,Masculino,Nao,33,Nao,Medico,1.0,Baixo,2.0,Cat_3,C
461463,Masculino,Nao,41,Sim,Ator/Atriz,6.0,Baixo,1.0,Cat_3,B
464566,Masculino,Sim,35,Sim,Executivo,0.0,Alto,4.0,Cat_6,A
462070,Masculino,Sim,41,Sim,Entretenimento,9.0,Medio,2.0,Cat_6,B
466554,Masculino,Nao,26,Nao,Enfermeiro,0.0,Baixo,3.0,Cat_6,D
462793,Masculino,Sim,42,Nao,Executivo,3.0,Alto,5.0,Cat_6,B
465657,Feminino,Sim,53,Sim,Ator/Atriz,0.0,Medio,2.0,Cat_6,C
460530,Feminino,Sim,33,Sim,Entretenimento,3.0,Medio,3.0,Cat_4,D
464045,Masculino,Sim,39,Sim,Ator/Atriz,0.0,Baixo,2.0,Cat_6,C
462905,Feminino,Nao,25,Nao,Ator/Atriz,6.0,Baixo,3.0,Cat_6,C
466254,Masculino,Nao,40,Sim,Entretenimento,0.0,Baixo,2.0,Cat_2,A
460617,Feminino,Nao,22,Nao,Enfermeiro,0.0,Baixo,4.0,Cat_3,D
465468,Feminino,Sim,37,Sim,Ator/Atriz,1.0,Medio,2.0,Cat_6,C
466125,Feminino,Sim,65,Sim,Ator/Atriz,0.0,Baixo,2.0,Cat_6,B
465207,Masculino,Sim,49,Sim,Ator/Atriz,0.0,Medio,2.0,Cat_6,C
463332,Feminino,Sim,38,Sim,Engenheiro,1.0,Baixo,2.0,Cat_6,C
459924,Feminino,Sim,65,Sim,Ator/Atriz,0.0,Medio,2.0,Cat_6,C
466375,Masculino,Sim,52,Sim,Entretenimento,1.0,Baixo,4.0,Cat_2,C
462951,Masculino,Sim,73,Sim,Advogado,2.0,Baixo,1.0,Cat_6,D
465654,Feminino,Nao,48,Sim,Engenheiro,1.0,Baixo,1.0,Cat_6,B
460987,Masculino,Nao,25,Sim,Medico,8.0,Baixo,2.0,Cat_6,D
461681,Masculino,Nao,31,Sim,Enfermeiro,9.0,Baixo,3.0,Cat_7,D
462820,Masculino,Nao,25,Nao,Entretenimento,8.0,Baixo,9.0,Cat_6,C
467525,Masculino,Nao,20,Nao,Enfermeiro,0.0,Baixo,4.0,Cat_6,D
465876,Masculino,Nao,25,Nao,Executivo,0.0,Baixo,3.0,Cat_6,A
464199,Masculino,Sim,25,Sim,Ator/Atriz,8.0,Baixo,2.0,Cat_7,A
462746,Masculino,Nao,29,Nao,Entretenimento,1.0,Baixo,3.0,Cat_6,B
463261,Feminino,Sim,72,Nao,Entretenimento,7.0,Medio,3.0,Cat_6,B
467548,Masculino,Sim,48,Sim,Ator/Atriz,0.0,Alto,2.0,Cat_6,B
460924,Masculino,Nao,28,Nao,Medico,1.0,Baixo,5.0,Cat_2,D
463368,Feminino,Sim,42,Sim,Ator/Atriz,3.0,Alto,3.0,Cat_2,C
459957,Feminino,Sim,32,Sim,Ator/Atriz,8.0,Baixo,3.0,Cat_6,A
459191,Masculino,Sim,49,Sim,Ator/Atriz,0.0,Baixo,1.0,Cat_6,B
462479,Feminino,Sim,55,Sim,Ator/Atriz,1.0,Medio,2.0,Cat_6,C
466570,Feminino,Sim,40,Sim,Ator/Atriz,0.0,Medio,3.0,Cat_6,A
459407,Feminino,Nao,37,Sim,Medico,0.0,Baixo,3.0,Cat_6,A
467331,Masculino,Nao,27,Nao,Enfermeiro,3.0,Baixo,4.0,Cat_6,D
463377,Feminino,Sim,32,Sim,Do Lar,4.0,Alto,2.0,Cat_3,B
467456,Masculino,Sim,36,Nao,Executivo,7.0,Alto,4.0,Cat_6,A
464029,Masculino,Nao,18,Nao,Entretenimento,1.0,Baixo,4.0,Cat_6,D
466056,Feminino,Nao,36,Sim,Ator/Atriz,1.0,Baixo,1.0,Cat_4,B
465002,Feminino,Sim,88,Sim,Advogado,1.0,Alto,2.0,Cat_6,C
459961,Masculino,Sim,51,Sim,Ator/Atriz,8.0,Baixo,3.0,Cat_2,A
466109,Masculino,Sim,51,Sim,Entretenimento,1.0,Medio,4.0,Cat_6,B
461543,Masculino,Nao,31,Nao,Ator/Atriz,3.0,Baixo,2.0,Cat_6,A
459502,Feminino,Sim,47,Sim,Ator/Atriz,1.0,Medio,3.0,Cat_6,C
461942,Masculino,Nao,29,Sim,Enfermeiro,0.0,Baixo,6.0,Cat_6,D
459872,Masculino,Sim,68,Nao,Entretenimento,4.0,Medio,2.0,Cat_6,A
467040,Masculino,Nao,32,Sim,Medico,0.0,Baixo,4.0,Cat_3,D
465079,Masculino,Sim,75,Sim,Advogado,1.0,Baixo,1.0,Cat_6,A
467697,Feminino,Nao,39,Sim,Enfermeiro,0.0,Baixo,1.0,Cat_6,A
466555,Masculino,Nao,18,Nao,Enfermeiro,1.0,Baixo,3.0,Cat_6,D
463457,Feminino,Sim,42,Sim,Ator/Atriz,2.0,Medio,2.0,Cat_6,B
462653,Masculino,Sim,48,Sim,Executivo,0.0,Medio,4.0,Cat_4,A
461390,Feminino,Sim,70,Sim,Ator/Atriz,0.0,Alto,2.0,Cat_6,C
460217,Masculino,Sim,45,Sim,Ator/Atriz,1.0,Medio,2.0,Cat_6,B
463684,Feminino,Nao,29,Sim,Enfermeiro,0.0,Baixo,4.0,Cat_6,A
463764,Masculino,Sim,50,Sim,Entretenimento,1.0,Medio,3.0,Cat_6,C
465310,Feminino,Nao,22,Nao,Enfermeiro,0.0,Baixo,6.0,Cat_4,D
462489,Masculino,Sim,46,Sim,Ator/Atriz,0.0,Baixo,2.0,Cat_6,C
459737,Feminino,Sim,81,Sim,Advogado,8.0,Alto,2.0,Cat_6,C
465357,Feminino,Sim,49,Sim,Ator/Atriz,1.0,Medio,3.0,Cat_6,C
461747,Masculino,Sim,66,Sim,Ator/Atriz,1.0,Alto,2.0,Cat_6,B
464323,Feminino,Nao,29,Sim,Ator/Atriz,12.0,Baixo,1.0,Cat_6,A
467248,Feminino,Sim,86,Sim,Advogado,0.0,Alto,2.0,Cat_6,C
463265,Masculino,Sim,70,Sim,Ator/Atriz,1.0,Medio,3.0,Cat_6,C
459946,Feminino,Sim,36,Sim,Ator/Atriz,1.0,Medio,2.0,Cat_6,B
463161,Masculino,Nao,35,Sim,Ator/Atriz,1.0,Baixo,2.0,Cat_3,A
460790,Feminino,Sim,42,Sim,Ator/Atriz,0.0,Alto,2.0,Cat_2,C
460864,Feminino,Nao,20,Nao,Ator/Atriz,0.0,Baixo,3.0,Cat_6,D
461039,Feminino,Sim,27,Nao,Engenheiro,1.0,Medio,9.0,Cat_3,D
460299,Masculino,Sim,56,Sim,Ator/Atriz,4.0,Baixo,1.0,Cat_6,B
462378,Masculino,Sim,67,Nao,Ator/Atriz,1.0,Baixo,1.0,Cat_6,B
463081,Feminino,Sim,51,Sim,Ator/Atriz,0.0,Baixo,1.0,Cat_6,B
460923,Masculino,Sim,49,Sim,Ator/Atriz,1.0,Medio,3.0,Cat_6,C
462120,Masculino,Sim,51,Nao,Ator/Atriz,1.0,Baixo,3.0,Cat_3,A
463980,Feminino,Nao,26,Sim,Ator/Atriz,1.0,Baixo,9.0,Cat_6,C
466695,Feminino,Sim,31,Sim,Entretenimento,1.0,Baixo,1.0,Cat_6,A
465833,Masculino,Sim,43,Nao,Executivo,1.0,Alto,3.0,Cat_4,A
467490,Masculino,Sim,59,Nao,Executivo,7.0,Medio,5.0,Cat_6,B
459765,Feminino,Nao,35,Sim,Engenheiro,4.0,Baixo,1.0,Cat_6,A
464561,Feminino,Nao,48,Sim,Entretenimento,9.0,Baixo,2.0,Cat_6,A
459409,Feminino,Sim,88,Sim,Advogado,1.0,Alto,2.0,Cat_6,B
462864,Feminino,Nao,30,Sim,Enfermeiro,12.0,Baixo,6.0,Cat_6,D
461009,Feminino,Nao,22,Nao,Enfermeiro,6.0,Baixo,3.0,Cat_3,D
459117,Masculino,Sim,66,Sim,Ator/Atriz,1.0,Alto,2.0,Cat_6,C
464131,Feminino,Sim,81,Nao,Engenheiro,0.0,Alto,2.0,Cat_6,B
464079,Feminino,Sim,36,Nao,Medico,14.0,Medio,2.0,Cat_6,A
465375,Feminino,Nao,50,Sim,Engenheiro,1.0,Baixo,1.0,Cat_6,B
461637,Masculino,Sim,51,Sim,Ator/Atriz,1.0,Baixo,2.0,Cat_7,B
459252,Masculino,Sim,66,Sim,Advogado,0.0,Alto,3.0,Cat_6,A
461438,Feminino,Sim,39,Sim,Engenheiro,8.0,Medio,2.0,Cat_6,C
463956,Feminino,Nao,28,Nao,Entretenimento,0.0,Baixo,5.0,Cat_2,D
459892,Feminino,Sim,50,Sim,Ator/Atriz,1.0,Baixo,1.0,Cat_6,A
463148,Masculino,Sim,60,Sim,Marketing,1.0,Alto,5.0,Cat_6,C
460862,Masculino,Sim,52,Nao,Entretenimento,1.0,Medio,4.0,Cat_3,B
460382,Masculino,Sim,32,Nao,Marketing,4.0,Baixo,3.0,Cat_6,D
461650,Feminino,Sim,42,Sim,Medico,0.0,Baixo,1.0,Cat_4,B
467501,Masculino,Nao,48,Sim,Entretenimento,1.0,Baixo,2.0,Cat_6,D
467319,Masculino,Nao,26,Sim,Do Lar,8.0,Baixo,2.0,Cat_6,A
459604,Feminino,Nao,21,Nao,Enfermeiro,0.0,Baixo,7.0,Cat_3,D
463554,Feminino,Nao,53,Nao,Ator/Atriz,7.0,Baixo,1.0,Cat_6,C
467652,Masculino,Nao,32,Sim,Medico,0.0,Baixo,3.0,Cat_6,D
465298,Feminino,Sim,56,Sim,Medico,1.0,Medio,2.0,Cat_3,C
462494,Feminino,Nao,36,Sim,Ator/Atriz,8.0,Baixo,4.0,Cat_3,D
467344,Masculino,Sim,83,Sim,Advogado,0.0,Baixo,2.0,Cat_6,B
463442,Masculino,Sim,42,Sim,Executivo,1.0,Baixo,2.0,Cat_6,D
464360,Masculino,Sim,62,Sim,Executivo,0.0,Alto,2.0,Cat_6,B
462505,Masculino,Sim,40,Nao,Executivo,0.0,Baixo,4.0,Cat_4,D
459914,Masculino,Nao,38,Sim,Ator/Atriz,2.0,Baixo,1.0,Cat_4,D
461255,Masculino,Nao,18,Nao,Enfermeiro,1.0,Baixo,5.0,Cat_4,D
462360,Feminino,Sim,62,Sim,Ator/Atriz,3.0,Baixo,2.0,Cat_6,C
466571,Masculino,Nao,23,Nao,Enfermeiro,1.0,Baixo,4.0,Cat_6,D
464575,Masculino,Nao,42,Sim,Ator/Atriz,8.0,Baixo,1.0,Cat_6,A
465650,Feminino,Nao,32,Nao,Marketing,0.0,Baixo,4.0,Cat_6,A
464640,Feminino,Nao,28,Nao,Marketing,0.0,Baixo,5.0,Cat_4,A
465216,Masculino,Sim,35,Sim,Executivo,8.0,Alto,4.0,Cat_6,C
463927,Feminino,Nao,53,Sim,Engenheiro,1.0,Baixo,2.0,Cat_6,A
460265,Masculino,Sim,52,Sim,Executivo,1.0,Alto,4.0,Cat_6,B
464178,Masculino,Nao,29,Sim,Medico,3.0,Baixo,3.0,Cat_4,A
461586,Masculino,Nao,36,Sim,Ator/Atriz,6.0,Baixo,3.0,Cat_2,B
461764,Feminino,Nao,41,Sim,Ator/Atriz,0.0,Baixo,1.0,Cat_6,A
459297,Masculino,Sim,72,Sim,Executivo,0.0,Alto,4.0,Cat_6,C
459548,Feminino,Sim,50,Sim,Engenheiro,1.0,Baixo,2.0,Cat_6,A
463452,Feminino,Sim,79,Sim,Advogado,0.0,Alto,2.0,Cat_6,C
467767,Feminino,Nao,23,Nao,Marketing,4.0,Baixo,4.0,Cat_6,D
465927,Feminino,Nao,25,Sim,Enfermeiro,0.0,Baixo,1.0,Cat_6,D
465857,Feminino,Nao,40,Sim,Medico,1.0,Baixo,1.0,Cat_6,B
460581,Masculino,Sim,27,Sim,Enfermeiro,2.0,Medio,2.0,Cat_3,A
459501,Feminino,Sim,62,Sim,Ator/Atriz,4.0,Medio,7.0,Cat_7,A
466670,Masculino,Sim,29,Sim,Enfermeiro,2.0,Medio,2.0,Cat_2,B
460678,Feminino,Nao,31,Nao,Medico,6.0,Baixo,2.0,Cat_3,A
460230,Masculino,Nao,28,Sim,Enfermeiro,1.0,Baixo,4.0,Cat_6,C
463653,Feminino,Nao,26,Sim,Ator/Atriz,1.0,Baixo,5.0,Cat_6,A
463726,Feminino,Nao,33,Nao,Enfermeiro,1.0,Baixo,3.0,Cat_6,B
467249,Feminino,Nao,43,Sim,Marketing,1.0,Baixo,1.0,Cat_6,D
465533,Feminino,Sim,50,Sim,Entretenimento,0.0,Medio,4.0,Cat_2,B
462297,Feminino,Nao,29,Sim,Ator/Atriz,14.0,Baixo,2.0,Cat_6,B
460596,Masculino,Nao,29,Nao,Engenheiro,0.0,Baixo,5.0,Cat_3,A
467709,Feminino,Sim,37,Sim,Ator/Atriz,5.0,Baixo,2.0,Cat_6,D
467413,Feminino,Sim,75,Sim,Advogado,2.0,Alto,4.0,Cat_6,B
464672,Masculino,Nao,19,Nao,Entretenimento,0.0,Baixo,6.0,Cat_4,A
465807,Feminino,Nao,42,Sim,Ator/Atriz,1.0,Baixo,1.0,Cat_3,B
466529,Feminino,Sim,28,Sim,Medico,0.0,Medio,2.0,Cat_2,A
464434,Masculino,Sim,45,Sim,Ator/Atriz,0.0,Medio,4.0,Cat_6,B
464802,Masculino,Nao,40,Nao,Entretenimento,1.0,Baixo,1.0,Cat_4,A
467643,Masculino,Nao,42,Sim,Ator/Atriz,12.0,Baixo,1.0,Cat_3,A
461977,Feminino,Nao,49,Sim,Ator/Atriz,3.0,Baixo,1.0,Cat_6,C
464520,Masculino,Sim,46,Nao,Entretenimento,8.0,Baixo,2.0,Cat_6,D
464484,Masculino,Sim,29,Sim,Ator/Atriz,1.0,Medio,3.0,Cat_3,B
465391,Feminino,Sim,72,Sim,Advogado,0.0,Alto,2.0,Cat_6,A
460611,Masculino,Nao,26,Sim,Enfermeiro,0.0,Baixo,3.0,Cat_3,C
466159,Feminino,Sim,50,Sim,Engenheiro,2.0,Medio,3.0,Cat_6,C
463623,Masculino,Nao,33,Sim,Medico,0.0,Baixo,3.0,Cat_6,C
463594,Feminino,Sim,35,Sim,Ator/Atriz,7.0,Medio,2.0,Cat_6,C
465118,Feminino,Sim,51,Sim,Ator/Atriz,1.0,Medio,6.0,Cat_6,C
460761,Masculino,Sim,52,Sim,Entretenimento,0.0,Medio,6.0,Cat_4,C
459132,Masculino,Nao,20,Nao,Entretenimento,5.0,Baixo,2.0,Cat_6,D
461265,Masculino,Nao,33,Nao,Marketing,1.0,Baixo,6.0,Cat_4,D
463446,Masculino,Sim,58,Sim,Ator/Atriz,0.0,Medio,3.0,Cat_3,C
460591,Feminino,Sim,38,Sim,Medico,1.0,Baixo,4.0,Cat_3,A
464139,Feminino,Nao,27,Nao,Enfermeiro,14.0,Baixo,1.0,Cat_6,D
466433,Masculino,Sim,43,Sim,Entretenimento,8.0,Baixo,2.0,Cat_6,B
459023,Feminino,Nao,18,Nao,Enfermeiro,0.0,Baixo,5.0,Cat_6,D
466476,Feminino,Nao,29,Nao,Enfermeiro,0.0,Baixo,3.0,Cat_6,D
460090,Masculino,Sim,86,Nao,Advogado,2.0,Medio,2.0,Cat_6,A
461016,Masculino,Nao,32,Nao,Enfermeiro,7.0,Baixo,5.0,Cat_3,D
464630,Feminino,Sim,52,Nao,Engenheiro,0.0,Baixo,6.0,Cat_4,A
462464,Masculino,Sim,53,Sim,Ator/Atriz,1.0,Medio,4.0,Cat_6,C
459026,Masculino,Nao,29,Nao,Enfermeiro,9.0,Baixo,3.0,Cat_3,D
464376,Masculino,Sim,58,Sim,Ator/Atriz,2.0,Baixo,1.0,Cat_6,A
467478,Feminino,Sim,39,Sim,Ator/Atriz,0.0,Medio,4.0,Cat_6,C
463094,Masculino,Sim,40,Sim,Engenheiro,12.0,Medio,3.0,Cat_6,A
463257,Feminino,Nao,23,Nao,Enfermeiro,3.0,Baixo,5.0,Cat_6,D
465060,Feminino,Sim,79,Sim,Advogado,14.0,Alto,3.0,Cat_6,C
461696,Feminino,Sim,70,Sim,Advogado,0.0,Alto,2.0,Cat_6,B
466130,Feminino,Nao,27,Nao,Ator/Atriz,0.0,Baixo,6.0,Cat_6,D
460498,Masculino,Sim,47,Nao,Executivo,1.0,Alto,2.0,Cat_3,B
459248,Masculino,Sim,58,Sim,Executivo,3.0,Medio,4.0,Cat_3,B
462620,Masculino,Sim,40,Nao,Engenheiro,6.0,Medio,5.0,Cat_4,D
462657,Masculino,Sim,35,Sim,Executivo,1.0,Medio,2.0,Cat_6,A
467822,Masculino,Sim,31,Sim,Enfermeiro,0.0,Baixo,2.0,Cat_6,C
460876,Feminino,Sim,43,Sim,Ator/Atriz,1.0,Alto,4.0,Cat_3,C
461395,Masculino,Nao,21,Nao,Medico,4.0,Baixo,3.0,Cat_2,D
460731,Feminino,Nao,29,Sim,Ator/Atriz,1.0,Baixo,3.0,Cat_6,C
463582,Feminino,Nao,18,Nao,Enfermeiro,1.0,Baixo,3.0,Cat_6,D
461423,Masculino,Nao,28,Sim,Ator/Atriz,0.0,Baixo,3.0,Cat_4,B
460879,Feminino,Nao,27,Sim,Enfermeiro,0.0,Baixo,4.0,Cat_6,C
467376,Feminino,Sim,47,Sim,Medico,8.0,Medio,2.0,Cat_6,C
463701,Masculino,Sim,52,Sim,Marketing,1.0,Alto,4.0,Cat_6,C
466667,Feminino,Nao,42,Nao,Marketing,5.0,Baixo,2.0,Cat_6,D
464345,Feminino,Sim,57,Sim,Ator/Atriz,2.0,Alto,3.0,Cat_6,C
467889,Masculino,Sim,61,Sim,Executivo,0.0,Alto,2.0,Cat_6,C
461709,Masculino,Nao,33,Sim,Ator/Atriz,0.0,Baixo,3.0,Cat_4,C
463515,Feminino,Sim,41,Sim,Ator/Atriz,11.0,Medio,4.0,Cat_6,C
460080,Feminino,Nao,39,Sim,Medico,9.0,Baixo,3.0,Cat_6,A
460375,Masculino,Nao,40,Sim,Medico,4.0,Baixo,2.0,Cat_6,C
466364,Feminino,Sim,52,Sim,Ator/Atriz,1.0,Baixo,3.0,Cat_2,C
460896,Masculino,Nao,43,Sim,Ator/Atriz,0.0,Baixo,1.0,Cat_3,A
460702,Feminino,Nao,51,Sim,Ator/Atriz,0.0,Baixo,1.0,Cat_6,B
466001,Feminino,Sim,36,Sim,Entretenimento,6.0,Baixo,2.0,Cat_6,B
465738,Masculino,Sim,38,Sim,Entretenimento,8.0,Baixo,2.0,Cat_3,B
460804,Feminino,Nao,30,Sim,Ator/Atriz,0.0,Baixo,5.0,Cat_2,A
464426,Masculino,Nao,39,Sim,Marketing,1.0,Baixo,4.0,Cat_3,D
465880,Feminino,Nao,46,Sim,Entretenimento,1.0,Baixo,2.0,Cat_6,A
461342,Masculino,Sim,43,Nao,Executivo,3.0,Alto,4.0,Cat_6,B
459078,Masculino,Sim,70,Sim,Advogado,0.0,Alto,2.0,Cat_6,B
460396,Feminino,Sim,41,Sim,Entretenimento,9.0,Baixo,1.0,Cat_7,D
461098,Feminino,Sim,39,Sim,Engenheiro,1.0,Baixo,1.0,Cat_3,A
463076,Feminino,Nao,51,Sim,Ator/Atriz,0.0,Baixo,2.0,Cat_6,C
460976,Masculino,Nao,20,Nao,Enfermeiro,1.0,Baixo,4.0,Cat_6,D
460399,Masculino,Nao,26,Sim,Marketing,10.0,Baixo,1.0,Cat_6,D
460449,Masculino,Nao,31,Nao,Marketing,4.0,Baixo,1.0,Cat_3,D
463807,Feminino,Nao,33,Sim,Enfermeiro,0.0,Baixo,3.0,Cat_4,B
463263,Feminino,Sim,70,Sim,Engenheiro,0.0,Alto,2.0,Cat_6,B
462608,Feminino,Nao,71,Nao,Engenheiro,1.0,Baixo,1.0,Cat_4,A
465495,Masculino,Sim,29,Sim,Engenheiro,5.0,Baixo,2.0,Cat_4,A
461244,Feminino,Nao,41,Nao,Marketing,1.0,Baixo,1.0,Cat_6,D
459173,Masculino,Sim,55,Sim,Ator/Atriz,1.0,Medio,2.0,Cat_6,C
465795,Masculino,Nao,29,Nao,Entretenimento,1.0,Baixo,4.0,Cat_4,C
467345,Masculino,Sim,76,Sim,Advogado,1.0,Baixo,1.0,Cat_6,A
462220,Feminino,Nao,18,Nao,Enfermeiro,7.0,Baixo,3.0,Cat_4,D
465737,Feminino,Sim,49,Sim,Engenheiro,6.0,Baixo,3.0,Cat_3,D
459423,Masculino,Nao,19,Nao,Enfermeiro,9.0,Baixo,5.0,Cat_6,D
464445,Masculino,Sim,81,Sim,Executivo,1.0,Alto,3.0,Cat_6,C
461378,Feminino,Nao,35,Sim,Ator/Atriz,9.0,Baixo,1.0,Cat_6,B
462286,Masculino,Sim,59,Nao,Medico,0.0,Medio,2.0,Cat_6,B
463678,Feminino,Nao,32,Nao,Enfermeiro,1.0,Baixo,5.0,Cat_4,B
465714,Feminino,Sim,63,Sim,Ator/Atriz,1.0,Baixo,1.0,Cat_2,C
466312,Feminino,Nao,21,Nao,Enfermeiro,0.0,Baixo,3.0,Cat_4,D
459697,Feminino,Sim,77,Nao,Advogado,0.0,Alto,3.0,Cat_6,A
460057,Masculino,Nao,36,Sim,Ator/Atriz,2.0,Baixo,1.0,Cat_6,C
464960,Feminino,Nao,22,Nao,Enfermeiro,0.0,Baixo,5.0,Cat_4,D
459064,Masculino,Sim,26,Nao,Executivo,5.0,Alto,4.0,Cat_6,D
461277,Masculino,Sim,82,Sim,Advogado,7.0,Baixo,1.0,Cat_6,A
463403,Masculino,Nao,18,Nao,Enfermeiro,2.0,Baixo,4.0,Cat_6,D
463863,Masculino,Sim,35,Sim,Ator/Atriz,0.0,Medio,2.0,Cat_6,C
467064,Masculino,Sim,36,Nao,Medico,0.0,Medio,2.0,Cat_7,A
467856,Masculino,Sim,59,Sim,Ator/Atriz,1.0,Baixo,2.0,Cat_6,A
462251,Masculino,Sim,61,Nao,Ator/Atriz,0.0,Medio,2.0,Cat_6,C
465372,Feminino,Nao,37,Sim,Entretenimento,0.0,Baixo,1.0,Cat_6,A
463970,Feminino,Nao,25,Nao,Enfermeiro,1.0,Baixo,5.0,Cat_4,B
463547,Feminino,Nao,28,Nao,Enfermeiro,0.0,Baixo,4.0,Cat_2,B
460785,Masculino,Nao,29,Sim,Enfermeiro,0.0,Baixo,4.0,Cat_7,B
461788,Feminino,Sim,86,Sim,Advogado,1.0,Alto,2.0,Cat_6,C
461617,Masculino,Nao,45,Sim,Ator/Atriz,0.0,Baixo,2.0,Cat_6,A
460661,Feminino,Nao,33,Nao,Do Lar,9.0,Baixo,1.0,Cat_6,D
461568,Masculino,Sim,59,Sim,Ator/Atriz,1.0,Medio,3.0,Cat_6,C
466615,Feminino,Nao,20,Nao,Enfermeiro,3.0,Baixo,3.0,Cat_1,D
462109,Masculino,Sim,75,Nao,Advogado,0.0,Baixo,1.0,Cat_6,D
462766,Feminino,Nao,32,Nao,Do Lar,8.0,Baixo,1.0,Cat_6,D
459690,Feminino,Nao,43,Sim,Ator/Atriz,1.0,Baixo,1.0,Cat_6,A
459347,Masculino,Sim,69,Sim,Advogado,1.0,Baixo,1.0,Cat_6,B
465766,Masculino,Sim,38,Nao,Entretenimento,1.0,Baixo,3.0,Cat_4,A
467575,Feminino,Nao,29,Nao,Engenheiro,1.0,Baixo,4.0,Cat_6,C
459774,Masculino,Sim,56,Sim,Ator/Atriz,0.0,Baixo,1.0,Cat_6,D
464932,Masculino,Sim,53,Sim,Executivo,9.0,Baixo,1.0,Cat_4,D
461814,Feminino,Nao,37,Sim,Ator/Atriz,1.0,Baixo,1.0,Cat_3,A
463428,Masculino,Sim,28,Nao,Executivo,1.0,Alto,5.0,Cat_6,A
464451,Feminino,Sim,74,Sim,Ator/Atriz,0.0,Medio,2.0,Cat_6,B
464043,Masculino,Sim,51,Sim,Entretenimento,1.0,Medio,4.0,Cat_6,C
461784,Feminino,Sim,88,Sim,Advogado,0.0,Baixo,1.0,Cat_6,D
463389,Feminino,Sim,50,Sim,Ator/Atriz,0.0,Medio,2.0,Cat_3,C
462233,Masculino,Nao,19,Nao,Enfermeiro,1.0,Baixo,7.0,Cat_4,D
465121,Feminino,Nao,32,Sim,Ator/Atriz,6.0,Baixo,1.0,Cat_3,B
466168,Feminino,Sim,45,Sim,Executivo,1.0,Alto,3.0,Cat_3,B
467342,Feminino,Nao,33,Sim,Ator/Atriz,1.0,Baixo,2.0,Cat_6,C
464962,Masculino,Sim,53,Sim,Executivo,1.0,Alto,4.0,Cat_4,B
460874,Feminino,Nao,18,Nao,Enfermeiro,1.0,Baixo,3.0,Cat_6,D
463247,Masculino,Nao,45,Sim,Entretenimento,1.0,Baixo,1.0,Cat_7,A
465774,Feminino,Nao,26,Sim,Medico,9.0,Baixo,4.0,Cat_6,D
463551,Masculino,Sim,46,Sim,Medico,7.0,Medio,2.0,Cat_6,C
464502,Masculino,Sim,35,Sim,Enfermeiro,6.0,Medio,2.0,Cat_6,A
461407,Feminino,Nao,32,Sim,Marketing,8.0,Baixo,6.0,Cat_1,A
466081,Feminino,Sim,25,Sim,Ator/Atriz,8.0,Medio,2.0,Cat_4,C
467336,Feminino,Sim,63,Sim,Ator/Atriz,0.0,Medio,4.0,Cat_6,C
462440,Feminino,Nao,23,Nao,Enfermeiro,9.0,Baixo,4.0,Cat_6,D
459389,Feminino,Nao,26,Sim,Engenheiro,9.0,Baixo,8.0,Cat_6,A
466446,Feminino,Sim,46,Sim,Ator/Atriz,1.0,Alto,3.0,Cat_6,C
464385,Masculino,Sim,70,Nao,Engenheiro,0.0,Medio,2.0,Cat_6,B
467872,Feminino,Sim,40,Sim,Engenheiro,1.0,Medio,4.0,Cat_5,B
459857,Masculino,Nao,33,Sim,Entretenimento,6.0,Baixo,1.0,Cat_6,A
466701,Masculino,Sim,48,Sim,Do Lar,10.0,Baixo,3.0,Cat_6,C
461169,Masculino,Nao,39,Sim,Entretenimento,9.0,Baixo,2.0,Cat_3,D
460795,Masculino,Sim,61,Sim,Ator/Atriz,1.0,Medio,3.0,Cat_6,C
464511,Masculino,Sim,52,Sim,Marketing,1.0,Baixo,3.0,Cat_3,D
466399,Feminino,Sim,26,Nao,Entretenimento,1.0,Medio,2.0,Cat_4,A
466079,Feminino,Sim,40,Nao,Engenheiro,1.0,Baixo,2.0,Cat_6,A
461490,Feminino,Sim,73,Sim,Ator/Atriz,2.0,Alto,2.0,Cat_6,C
460895,Feminino,Nao,29,Sim,Medico,9.0,Baixo,5.0,Cat_3,B
465104,Masculino,Sim,35,Sim,Do Lar,9.0,Medio,4.0,Cat_6,A
467503,Feminino,Nao,26,Sim,Ator/Atriz,1.0,Baixo,4.0,Cat_6,C
460316,Feminino,Nao,39,Nao,Enfermeiro,4.0,Baixo,3.0,Cat_6,D
467198,Masculino,Nao,28,Sim,Enfermeiro,1.0,Baixo,5.0,Cat_6,D
460348,Feminino,Nao,37,Sim,Ator/Atriz,1.0,Baixo,2.0,Cat_6,C
467460,Feminino,Sim,36,Sim,Do Lar,8.0,Medio,2.0,Cat_7,B
466838,Masculino,Sim,41,Nao,Executivo,0.0,Baixo,3.0,Cat_1,D
463561,Feminino,Nao,39,Sim,Engenheiro,1.0,Baixo,1.0,Cat_6,A
466170,Masculino,Sim,74,Sim,Advogado,1.0,Baixo,1.0,Cat_2,C
463578,Feminino,Nao,23,Nao,Enfermeiro,0.0,Baixo,3.0,Cat_4,D
461352,Masculino,Nao,25,Nao,Enfermeiro,3.0,Baixo,5.0,Cat_2,D
465814,Feminino,Sim,50,Nao,Ator/Atriz,0.0,Medio,5.0,Cat_4,B
463809,Feminino,Nao,30,Sim,Enfermeiro,2.0,Baixo,3.0,Cat_6,B
460701,Masculino,Sim,66,Nao,Entretenimento,0.0,Medio,2.0,Cat_6,B
461592,Masculino,Sim,29,Sim,Entretenimento,0.0,Baixo,2.0,Cat_6,B
467692,Feminino,Sim,43,Nao,Ator/Atriz,4.0,Baixo,1.0,Cat_6,B
459033,Feminino,Sim,56,Sim,Ator/Atriz,0.0,Baixo,1.0,Cat_6,B
466424,Feminino,Sim,42,Sim,Engenheiro,1.0,Alto,3.0,Cat_3,A
459937,Feminino,Nao,39,Sim,Ator/Atriz,7.0,Baixo,1.0,Cat_6,A
466404,Feminino,Nao,40,Sim,Engenheiro,0.0,Baixo,1.0,Cat_6,A
459944,Feminino,Sim,39,Sim,Ator/Atriz,0.0,Baixo,1.0,Cat_6,A
464073,Feminino,Nao,46,Sim,Engenheiro,1.0,Baixo,2.0,Cat_7,D
462169,Feminino,Sim,40,Sim,Ator/Atriz,1.0,Alto,3.0,Cat_6,B
463032,Feminino,Sim,78,Nao,Advogado,0.0,Alto,2.0,Cat_6,A
467374,Feminino,Sim,45,Sim,Do Lar,8.0,Alto,4.0,Cat_6,B
459269,Masculino,Sim,58,Sim,Ator/Atriz,0.0,Medio,2.0,Cat_6,C
466769,Feminino,Nao,31,Sim,Entretenimento,0.0,Baixo,4.0,Cat_6,A
465792,Feminino,Sim,57,Sim,Engenheiro,1.0,Baixo,4.0,Cat_3,C
462280,Masculino,Nao,32,Sim,Enfermeiro,0.0,Baixo,4.0,Cat_6,B
464616,Masculino,Sim,27,Nao,Entretenimento,6.0,Baixo,4.0,Cat_6,A
465202,Masculino,Nao,27,Nao,Entretenimento,6.0,Baixo,4.0,Cat_6,D
464384,Masculino,Nao,25,Sim,Enfermeiro,9.0,Baixo,4.0,Cat_4,C
466655,Masculino,Sim,57,Nao,Executivo,1.0,Baixo,2.0,Cat_6,C
466600,Masculino,Nao,18,Nao,Enfermeiro,11.0,Baixo,1.0,Cat_4,D
467815,Feminino,Sim,69,Sim,Ator/Atriz,0.0,Baixo,2.0,Cat_6,C
464966,Masculino,Sim,59,Nao,Engenheiro,1.0,Baixo,2.0,Cat_4,A
467803,Feminino,Sim,36,Sim,Entretenimento,7.0,Medio,2.0,Cat_6,B
466810,Masculino,Nao,19,Nao,Enfermeiro,1.0,Baixo,3.0,Cat_6,D
459896,Feminino,Sim,40,Sim,Ator/Atriz,9.0,Baixo,2.0,Cat_6,C
464862,Feminino,Nao,20,Nao,Engenheiro,8.0,Baixo,5.0,Cat_4,D
461751,Feminino,Sim,63,Sim,Ator/Atriz,1.0,Medio,3.0,Cat_6,C
465157,Masculino,Sim,42,Sim,Entretenimento,3.0,Medio,4.0,Cat_6,B
464652,Feminino,Sim,25,Nao,Engenheiro,7.0,Medio,2.0,Cat_4,D
466401,Masculino,Sim,48,Nao,Executivo,1.0,Medio,4.0,Cat_6,A
461902,Feminino,Sim,52,Sim,Ator/Atriz,0.0,Baixo,3.0,Cat_6,B
463164,Masculino,Sim,35,Sim,Ator/Atriz,8.0,Medio,2.0,Cat_6,C
461660,Feminino,Sim,74,Nao,Advogado,0.0,Baixo,1.0,Cat_6,D
466054,Feminino,Sim,33,Nao,Do Lar,8.0,Medio,4.0,Cat_4,D
464725,Masculino,Sim,45,Nao,Executivo,11.0,Alto,9.0,Cat_4,A
463507,Masculino,Sim,49,Nao,Ator/Atriz,1.0,Baixo,1.0,Cat_6,C
465888,Masculino,Sim,37,Sim,Medico,8.0,Medio,2.0,Cat_6,A
466103,Feminino,Sim,40,Nao,Engenheiro,0.0,Baixo,5.0,Cat_6,C
461261,Feminino,Nao,29,Nao,Ator/Atriz,0.0,Baixo,3.0,Cat_4,A
462203,Masculino,Sim,72,Nao,Executivo,2.0,Alto,7.0,Cat_4,A
463303,Feminino,Sim,49,Sim,Do Lar,2.0,Medio,4.0,Cat_6,B
462997,Masculino,Sim,55,Sim,Entretenimento,0.0,Medio,4.0,Cat_6,C
460338,Masculino,Nao,28,Sim,Entretenimento,14.0,Baixo,2.0,Cat_6,D
460000,Masculino,Nao,52,Sim,Entretenimento,1.0,Baixo,1.0,Cat_3,A
460122,Feminino,Nao,41,Nao,Ator/Atriz,0.0,Baixo,1.0,Cat_6,A
459350,Feminino,Sim,56,Sim,Engenheiro,0.0,Alto,2.0,Cat_6,B
460676,Feminino,Sim,51,Sim,Marketing,9.0,Medio,1.0,Cat_3,A
463179,Masculino,Sim,57,Sim,Entretenimento,0.0,Baixo,2.0,Cat_6,A
461137,Masculino,Sim,60,Sim,Entretenimento,0.0,Baixo,4.0,Cat_6,A
467555,Masculino,Nao,27,Nao,Entretenimento,14.0,Baixo,3.0,Cat_6,D
464211,Masculino,Sim,50,Sim,Medico,0.0,Medio,3.0,Cat_2,B
461413,Feminino,Nao,40,Sim,Ator/Atriz,2.0,Baixo,1.0,Cat_6,B
467660,Feminino,Sim,69,Sim,Ator/Atriz,9.0,Alto,2.0,Cat_6,C
461193,Feminino,Nao,41,Sim,Marketing,1.0,Baixo,1.0,Cat_6,D
460772,Masculino,Sim,70,Nao,Entretenimento,1.0,Baixo,1.0,Cat_6,A
465702,Masculino,Nao,32,Sim,Entretenimento,1.0,Baixo,1.0,Cat_4,A
467006,Feminino,Nao,73,Sim,Advogado,0.0,Baixo,1.0,Cat_6,B
466927,Masculino,Nao,19,Nao,Engenheiro,7.0,Baixo,5.0,Cat_2,D
464107,Masculino,Sim,70,Nao,Ator/Atriz,1.0,Medio,2.0,Cat_6,C
460605,Masculino,Sim,33,Sim,Medico,9.0,Medio,2.0,Cat_4,D
459847,Feminino,Sim,49,Sim,Ator/Atriz,1.0,Medio,5.0,Cat_6,C
460906,Feminino,Sim,89,Sim,Advogado,1.0,Alto,3.0,Cat_6,A
459720,Masculino,Nao,25,Nao,Medico,6.0,Baixo,1.0,Cat_6,D
463294,Feminino,Sim,35,Sim,Engenheiro,5.0,Baixo,2.0,Cat_6,B
465209,Masculino,Sim,47,Sim,Ator/Atriz,0.0,Medio,2.0,Cat_3,C
461222,Feminino,Nao,48,Sim,Ator/Atriz,1.0,Baixo,1.0,Cat_7,D
464813,Masculino,Sim,45,Sim,Engenheiro,5.0,Medio,5.0,Cat_6,B
463777,Feminino,Sim,46,Sim,Ator/Atriz,2.0,Baixo,2.0,Cat_6,C
461672,Feminino,Nao,26,Nao,Engenheiro,1.0,Baixo,2.0,Cat_6,A
459662,Masculino,Sim,51,Sim,Entretenimento,0.0,Alto,5.0,Cat_3,A
466515,Masculino,Sim,52,Nao,Executivo,9.0,Medio,4.0,Cat_6,A
464946,Masculino,Sim,53,Sim,Executivo,9.0,Baixo,1.0,Cat_4,D
460880,Masculino,Nao,42,Sim,Ator/Atriz,4.0,Baixo,2.0,Cat_2,A
459537,Feminino,Nao,47,Sim,Do Lar,9.0,Baixo,3.0,Cat_4,A
463635,Feminino,Sim,41,Sim,Ator/Atriz,0.0,Baixo,3.0,Cat_6,A
467650,Masculino,Sim,52,Sim,Ator/Atriz,2.0,Medio,4.0,Cat_6,A
467891,Feminino,Nao,30,Sim,Medico,0.0,Baixo,5.0,Cat_6,D
459052,Masculino,Sim,47,Nao,Ator/Atriz,0.0,Baixo,2.0,Cat_6,A
466439,Masculino,Sim,61,Nao,Engenheiro,0.0,Baixo,4.0,Cat_6,D
460758,Masculino,Sim,31,Nao,Executivo,9.0,Medio,2.0,Cat_6,A
460172,Masculino,Sim,47,Sim,Ator/Atriz,1.0,Medio,3.0,Cat_6,C
466657,Feminino,Sim,86,Sim,Advogado,0.0,Alto,2.0,Cat_6,C
461381,Masculino,Sim,31,Sim,Entretenimento,0.0,Medio,2.0,Cat_6,A
464275,Masculino,Nao,30,Nao,Medico,0.0,Baixo,5.0,Cat_6,D
463571,Feminino,Nao,32,Sim,Marketing,0.0,Baixo,3.0,Cat_2,B
460017,Masculino,Sim,41,Sim,Ator/Atriz,7.0,Alto,2.0,Cat_3,C
462171,Feminino,Sim,37,Nao,Engenheiro,3.0,Alto,2.0,Cat_6,D
460436,Feminino,Nao,51,Nao,Entretenimento,1.0,Baixo,1.0,Cat_6,A
459527,Masculino,Sim,46,Sim,Ator/Atriz,1.0,Medio,4.0,Cat_6,B
466851,Masculino,Nao,38,Sim,Enfermeiro,8.0,Baixo,1.0,Cat_6,A
466133,Feminino,Nao,21,Nao,Enfermeiro,7.0,Baixo,5.0,Cat_2,D
459678,Masculino,Nao,21,Nao,Enfermeiro,0.0,Baixo,5.0,Cat_6,D
464012,Feminino,Sim,75,Sim,Advogado,3.0,Alto,2.0,Cat_6,A
464897,Masculino,Sim,68,Nao,Executivo,0.0,Alto,2.0,Cat_4,D
463593,Feminino,Nao,22,Nao,Medico,1.0,Baixo,5.0,Cat_6,C
464559,Feminino,Nao,35,Sim,Enfermeiro,9.0,Baixo,1.0,Cat_6,D
463572,Masculino,Sim,35,Sim,Ator/Atriz,1.0,Medio,4.0,Cat_6,C
466496,Masculino,Sim,72,Sim,Ator/Atriz,0.0,Medio,2.0,Cat_6,B
461132,Masculino,Sim,68,Sim,Ator/Atriz,2.0,Baixo,1.0,Cat_6,B
459165,Masculino,Nao,27,Nao,Medico,7.0,Baixo,3.0,Cat_6,C
461073,Feminino,Nao,33,Nao,Entretenimento,1.0,Baixo,1.0,Cat_3,A
467868,Feminino,Sim,69,Sim,Entretenimento,1.0,Alto,2.0,Cat_6,B
459825,Masculino,Nao,22,Nao,Enfermeiro,0.0,Baixo,5.0,Cat_2,D
463300,Masculino,Sim,47,Nao,Entretenimento,1.0,Baixo,2.0,Cat_6,A
467532,Masculino,Sim,53,Sim,Ator/Atriz,8.0,Baixo,1.0,Cat_6,A
460143,Masculino,Sim,38,Sim,Entretenimento,0.0,Baixo,2.0,Cat_4,A
463436,Feminino,Nao,25,Nao,Medico,0.0,Baixo,3.0,Cat_6,B
465090,Masculino,Sim,57,Sim,Ator/Atriz,0.0,Medio,2.0,Cat_6,B
466809,Feminino,Sim,33,Sim,Entretenimento,0.0,Baixo,5.0,Cat_6,B
466924,Feminino,Nao,22,Nao,Enfermeiro,0.0,Baixo,6.0,Cat_6,D
466719,Masculino,Sim,68,Nao,Executivo,1.0,Alto,2.0,Cat_6,A
460141,Masculino,Nao,35,Sim,Ator/Atriz,13.0,Baixo,1.0,Cat_6,B
467936,Masculino,Nao,27,Nao,Enfermeiro,1.0,Baixo,4.0,Cat_6,D
465799,Masculino,Sim,52,Sim,Ator/Atriz,1.0,Baixo,4.0,Cat_6,C
461745,Masculino,Sim,46,Nao,Entretenimento,8.0,Baixo,1.0,Cat_3,A
465548,Feminino,Nao,40,Sim,Ator/Atriz,0.0,Baixo,4.0,Cat_3,A
461810,Feminino,Sim,62,Sim,Do Lar,1.0,Baixo,1.0,Cat_2,B
460024,Feminino,Sim,43,Sim,Entretenimento,8.0,Baixo,1.0,Cat_6,B
461862,Feminino,Nao,42,Sim,Ator/Atriz,9.0,Baixo,1.0,Cat_6,C
464676,Masculino,Nao,19,Nao,Entretenimento,1.0,Baixo,6.0,Cat_4,C
466465,Masculino,Sim,43,Sim,Engenheiro,5.0,Alto,2.0,Cat_3,A
462067,Masculino,Nao,32,Nao,Medico,9.0,Baixo,4.0,Cat_3,D
460549,Masculino,Nao,40,Sim,Ator/Atriz,8.0,Baixo,2.0,Cat_3,B
466732,Feminino,Sim,48,Sim,Engenheiro,0.0,Alto,2.0,Cat_4,B
467579,Masculino,Nao,38,Sim,Medico,7.0,Baixo,1.0,Cat_6,C
465824,Masculino,Sim,68,Nao,Advogado,2.0,Baixo,3.0,Cat_4,A
463343,Masculino,Sim,35,Sim,Ator/Atriz,2.0,Baixo,3.0,Cat_2,B
466756,Masculino,Sim,60,Sim,Ator/Atriz,0.0,Medio,2.0,Cat_6,C
462386,Feminino,Nao,26,Sim,Enfermeiro,1.0,Baixo,5.0,Cat_6,B
467402,Feminino,Nao,28,Sim,Ator/Atriz,5.0,Baixo,4.0,Cat_6,D
464976,Masculino,Sim,75,Nao,Advogado,1.0,Baixo,1.0,Cat_4,D
464983,Feminino,Sim,25,Nao,Entretenimento,2.0,Baixo,2.0,Cat_6,D
466974,Feminino,Sim,35,Sim,Ator/Atriz,8.0,Medio,2.0,Cat_6,C
462866,Masculino,Sim,56,Sim,Medico,0.0,Baixo,1.0,Cat_6,A
466453,Masculino,Sim,41,Sim,Entretenimento,2.0,Medio,2.0,Cat_6,A
463651,Feminino,Nao,36,Sim,Enfermeiro,1.0,Baixo,2.0,Cat_6,A
463555,Feminino,Nao,31,Sim,Ator/Atriz,0.0,Baixo,2.0,Cat_6,A
464314,Masculino,Sim,68,Nao,Advogado,0.0,Baixo,2.0,Cat_6,D
461350,Masculino,Nao,30,Nao,Enfermeiro,1.0,Baixo,4.0,Cat_2,D
462354,Masculino,Sim,62,Nao,Ator/Atriz,1.0,Medio,2.0,Cat_6,C
462145,Feminino,Nao,39,Sim,Do Lar,10.0,Baixo,1.0,Cat_2,D
461041,Feminino,Sim,72,Nao,Advogado,0.0,Alto,7.0,Cat_3,D
461946,Masculino,Nao,31,Sim,Enfermeiro,1.0,Baixo,3.0,Cat_6,C
466105,Feminino,Sim,65,Sim,Ator/Atriz,1.0,Medio,4.0,Cat_6,C
467598,Masculino,Sim,68,Sim,Ator/Atriz,1.0,Baixo,1.0,Cat_6,A
464639,Masculino,Sim,39,Nao,Entretenimento,1.0,Medio,4.0,Cat_4,B
465791,Feminino,Nao,28,Nao,Enfermeiro,8.0,Baixo,4.0,Cat_3,C
464418,Masculino,Sim,43,Sim,Ator/Atriz,8.0,Medio,2.0,Cat_6,B
460782,Masculino,Sim,77,Sim,Ator/Atriz,1.0,Alto,2.0,Cat_6,A
467425,Feminino,Nao,42,Sim,Ator/Atriz,13.0,Baixo,1.0,Cat_6,C
461986,Masculino,Nao,31,Sim,Enfermeiro,14.0,Baixo,4.0,Cat_6,B
465554,Feminino,Nao,85,Sim,Advogado,0.0,Baixo,3.0,Cat_6,A
467030,Masculino,Nao,26,Sim,Ator/Atriz,1.0,Baixo,2.0,Cat_6,A
461753,Feminino,Nao,35,Sim,Ator/Atriz,0.0,Baixo,1.0,Cat_6,B
464142,Feminino,Sim,76,Sim,Ator/Atriz,1.0,Alto,2.0,Cat_6,C
467047,Feminino,Nao,37,Nao,Do Lar,9.0,Baixo,1.0,Cat_6,D
461863,Masculino,Nao,33,Nao,Medico,2.0,Baixo,4.0,Cat_6,A
464176,Feminino,Sim,40,Sim,Ator/Atriz,0.0,Baixo,1.0,Cat_6,B
463989,Masculino,Nao,79,Nao,Advogado,0.0,Baixo,1.0,Cat_4,D
462356,Masculino,Nao,47,Sim,Engenheiro,0.0,Baixo,3.0,Cat_6,A
459871,Feminino,Sim,78,Nao,Entretenimento,3.0,Medio,2.0,Cat_6,A
466889,Masculino,Sim,50,Sim,Executivo,0.0,Alto,4.0,Cat_6,C
465948,Feminino,Sim,46,Sim,Ator/Atriz,1.0,Medio,2.0,Cat_6,B
462002,Feminino,Nao,37,Nao,Ator/Atriz,0.0,Baixo,2.0,Cat_6,D
462592,Feminino,Sim,35,Nao,Ator/Atriz,11.0,Baixo,2.0,Cat_4,A
465816,Masculino,Sim,51,Nao,Executivo,9.0,Medio,3.0,Cat_4,A
464343,Feminino,Nao,51,Sim,Ator/Atriz,1.0,Baixo,1.0,Cat_6,B
459692,Feminino,Sim,71,Sim,Advogado,8.0,Alto,2.0,Cat_6,C
463206,Masculino,Sim,77,Nao,Advogado,0.0,Baixo,1.0,Cat_6,A
467565,Masculino,Sim,60,Sim,Ator/Atriz,0.0,Baixo,3.0,Cat_6,C
459520,Feminino,Sim,43,Sim,Medico,0.0,Baixo,1.0,Cat_6,B
464120,Masculino,Nao,30,Nao,Enfermeiro,8.0,Baixo,3.0,Cat_6,A
462398,Feminino,Sim,62,Sim,Ator/Atriz,1.0,Baixo,4.0,Cat_4,C
463194,Feminino,Sim,48,Sim,Ator/Atriz,0.0,Medio,2.0,Cat_3,B
462974,Masculino,Sim,66,Sim,Advogado,0.0,Baixo,1.0,Cat_6,D
463414,Masculino,Sim,25,Nao,Executivo,0.0,Alto,3.0,Cat_1,A
460958,Masculino,Nao,26,Sim,Enfermeiro,1.0,Baixo,5.0,Cat_6,D
467540,Masculino,Sim,52,Sim,Enfermeiro,0.0,Medio,4.0,Cat_6,C
466562,Feminino,Nao,18,Nao,Enfermeiro,5.0,Baixo,4.0,Cat_6,D
459195,Feminino,Sim,58,Sim,Ator/Atriz,1.0,Medio,2.0,Cat_6,C
463948,Masculino,Sim,39,Nao,Executivo,2.0,Alto,5.0,Cat_6,B
464949,Masculino,Sim,19,Nao,Executivo,0.0,Alto,3.0,Cat_4,A
461969,Feminino,Sim,46,Nao,Engenheiro,9.0,Medio,1.0,Cat_4,A
462127,Masculino,Sim,68,Sim,Advogado,0.0,Alto,2.0,Cat_6,C
467512,Masculino,Sim,41,Nao,Ator/Atriz,0.0,Medio,2.0,Cat_6,B
461366,Masculino,Nao,25,Sim,Enfermeiro,0.0,Baixo,1.0,Cat_6,D
464674,Masculino,Sim,50,Nao,Ator/Atriz,1.0,Medio,5.0,Cat_4,B
460540,Feminino,Sim,30,Nao,Ator/Atriz,1.0,Medio,2.0,Cat_3,D
459228,Feminino,Sim,52,Sim,Ator/Atriz,0.0,Medio,4.0,Cat_6,C
462615,Masculino,Nao,31,Nao,Medico,4.0,Baixo,7.0,Cat_4,D
460712,Masculino,Sim,80,Sim,Advogado,0.0,Baixo,1.0,Cat_6,D
462945,Masculino,Sim,51,Sim,Ator/Atriz,1.0,Medio,4.0,Cat_6,B
459200,Feminino,Sim,39,Sim,Ator/Atriz,2.0,Medio,4.0,Cat_6,C
465087,Masculino,Nao,29,Sim,Medico,1.0,Baixo,4.0,Cat_6,B
467760,Feminino,Sim,53,Sim,Ator/Atriz,4.0,Medio,5.0,Cat_6,C
464726,Masculino,Sim,33,Sim,Executivo,11.0,Alto,9.0,Cat_4,A
462146,Masculino,Sim,69,Sim,Advogado,0.0,Alto,4.0,Cat_6,C
464188,Feminino,Nao,33,Nao,Medico,1.0,Baixo,3.0,Cat_6,D
461718,Feminino,Sim,48,Nao,Executivo,9.0,Medio,3.0,Cat_2,B
467667,Masculino,Sim,28,Nao,Medico,8.0,Baixo,2.0,Cat_6,A
461997,Feminino,Nao,29,Sim,Ator/Atriz,8.0,Baixo,1.0,Cat_6,B
460361,Feminino,Sim,47,Sim,Ator/Atriz,0.0,Baixo,1.0,Cat_4,B
460315,Feminino,Nao,40,Nao,Medico,14.0,Baixo,6.0,Cat_7,D
467739,Feminino,Sim,63,Nao,Ator/Atriz,1.0,Medio,4.0,Cat_6,C
463937,Masculino,Nao,27,Sim,Entretenimento,0.0,Baixo,4.0,Cat_2,C
462598,Feminino,Sim,38,Nao,Medico,9.0,Medio,5.0,Cat_4,D
467742,Masculino,Sim,59,Sim,Ator/Atriz,4.0,Alto,4.0,Cat_6,B
462918,Masculino,Sim,38,Sim,Medico,11.0,Medio,3.0,Cat_6,A
465308,Feminino,Nao,22,Nao,Medico,1.0,Baixo,4.0,Cat_7,B
463396,Feminino,Nao,25,Nao,Medico,3.0,Baixo,4.0,Cat_3,C
466967,Masculino,Sim,49,Sim,Ator/Atriz,1.0,Baixo,1.0,Cat_6,A
465145,Masculino,Sim,45,Sim,Ator/Atriz,0.0,Medio,2.0,Cat_6,C
466611,Masculino,Nao,21,Nao,Marketing,7.0,Baixo,3.0,Cat_6,B
463117,Feminino,Nao,26,Nao,Engenheiro,0.0,Baixo,3.0,Cat_6,D
462056,Feminino,Sim,52,Sim,Ator/Atriz,8.0,Medio,4.0,Cat_6,A
465514,Masculino,Nao,27,Sim,Entretenimento,1.0,Baixo,5.0,Cat_4,D
460310,Masculino,Nao,32,Nao,Enfermeiro,12.0,Baixo,4.0,Cat_6,D
461662,Feminino,Sim,89,Sim,Advogado,1.0,Alto,2.0,Cat_6,A
464448,Masculino,Sim,39,Sim,Ator/Atriz,1.0,Medio,2.0,Cat_6,C
461473,Feminino,Sim,41,Sim,Ator/Atriz,3.0,Medio,3.0,Cat_6,C
461587,Masculino,Nao,26,Sim,Enfermeiro,0.0,Baixo,3.0,Cat_6,B
459021,Masculino,Sim,45,Sim,Ator/Atriz,7.0,Baixo,2.0,Cat_2,A
465861,Feminino,Nao,40,Sim,Entretenimento,14.0,Baixo,1.0,Cat_6,A
465874,Feminino,Nao,26,Sim,Ator/Atriz,1.0,Baixo,2.0,Cat_6,D
460325,Feminino,Nao,63,Sim,Enfermeiro,3.0,Baixo,1.0,Cat_6,B
460333,Feminino,Nao,40,Nao,Entretenimento,12.0,Baixo,4.0,Cat_6,A
467043,Masculino,Nao,53,Sim,Entretenimento,4.0,Baixo,1.0,Cat_6,A
467262,Feminino,Sim,77,Nao,Advogado,1.0,Alto,2.0,Cat_6,D
462180,Feminino,Sim,60,Sim,Engenheiro,4.0,Medio,4.0,Cat_2,B
462681,Feminino,Sim,59,Sim,Entretenimento,7.0,Medio,2.0,Cat_6,B
465461,Masculino,Sim,72,Nao,Entretenimento,1.0,Medio,3.0,Cat_6,C
459356,Masculino,Nao,63,Sim,Ator/Atriz,4.0,Baixo,1.0,Cat_6,A
459216,Feminino,Nao,42,Sim,Ator/Atriz,1.0,Baixo,2.0,Cat_6,A
465283,Masculino,Sim,53,Nao,Executivo,0.0,Alto,2.0,Cat_6,B
467450,Masculino,Sim,81,Nao,Executivo,9.0,Alto,2.0,Cat_6,C
465296,Feminino,Sim,76,Sim,Advogado,5.0,Alto,3.0,Cat_6,A
463870,Feminino,Nao,28,Nao,Enfermeiro,1.0,Baixo,2.0,Cat_4,A
467550,Masculino,Nao,27,Sim,Medico,0.0,Baixo,2.0,Cat_3,A
459917,Masculino,Nao,43,Sim,Ator/Atriz,11.0,Baixo,1.0,Cat_3,B
463037,Masculino,Sim,57,Sim,Entretenimento,1.0,Medio,4.0,Cat_6,B
461209,Feminino,Nao,31,Nao,Enfermeiro,9.0,Baixo,1.0,Cat_6,D
461524,Masculino,Nao,68,Sim,Advogado,1.0,Baixo,1.0,Cat_6,D
465038,Masculino,Sim,46,Nao,Executivo,0.0,Alto,4.0,Cat_6,A
461849,Masculino,Nao,32,Nao,Enfermeiro,0.0,Baixo,4.0,Cat_6,A
459654,Masculino,Sim,51,Sim,Ator/Atriz,5.0,Medio,3.0,Cat_6,B
463620,Masculino,Nao,19,Nao,Enfermeiro,1.0,Baixo,4.0,Cat_2,D
461743,Masculino,Sim,62,Sim,Medico,1.0,Alto,2.0,Cat_6,C
466994,Masculino,Sim,47,Sim,Ator/Atriz,1.0,Medio,2.0,Cat_6,C
467210,Masculino,Sim,28,Sim,Do Lar,13.0,Medio,2.0,Cat_6,B
466946,Masculino,Sim,61,Sim,Entretenimento,0.0,Medio,2.0,Cat_6,C
462189,Feminino,Nao,25,Nao,Marketing,1.0,Baixo,4.0,Cat_4,B
466011,Masculino,Sim,74,Sim,Advogado,1.0,Alto,2.0,Cat_4,B
462162,Masculino,Sim,38,Nao,Ator/Atriz,1.0,Baixo,2.0,Cat_6,B
463977,Masculino,Sim,28,Sim,Enfermeiro,9.0,Alto,2.0,Cat_6,B
465232,Masculino,Sim,56,Sim,Executivo,0.0,Alto,4.0,Cat_6,B
461018,Masculino,Nao,25,Nao,Marketing,0.0,Baixo,3.0,Cat_3,A
465607,Feminino,Nao,37,Sim,Ator/Atriz,7.0,Baixo,2.0,Cat_3,B
467801,Feminino,Sim,50,Sim,Medico,0.0,Medio,2.0,Cat_7,C
465858,Feminino,Sim,48,Sim,Ator/Atriz,3.0,Baixo,1.0,Cat_6,A
467117,Masculino,Nao,48,Sim,Ator/Atriz,0.0,Baixo,1.0,Cat_6,A
462762,Masculino,Sim,48,Sim,Ator/Atriz,0.0,Alto,4.0,Cat_6,B
462973,Masculino,Sim,39,Sim,Ator/Atriz,9.0,Medio,2.0,Cat_3,B
466551,Masculino,Sim,36,Sim,Ator/Atriz,9.0,Medio,2.0,Cat_6,B
461569,Masculino,Sim,63,Sim,Ator/Atriz,1.0,Baixo,1.0,Cat_6,C
459253,Masculino,Sim,36,Sim,Ator/Atriz,1.0,Medio,4.0,Cat_6,C
467755,Masculino,Sim,37,Sim,Ator/Atriz,6.0,Baixo,2.0,Cat_6,C
459943,Masculino,Nao,42,Sim,Entretenimento,2.0,Baixo,3.0,Cat_6,B
465480,Masculino,Sim,39,Nao,Medico,1.0,Alto,2.0,Cat_6,A
466029,Feminino,Nao,28,Nao,Executivo,0.0,Baixo,1.0,Cat_2,A
466806,Masculino,Sim,40,Sim,Enfermeiro,0.0,Baixo,1.0,Cat_6,D
466214,Feminino,Sim,88,Sim,Advogado,0.0,Baixo,2.0,Cat_6,C
462782,Masculino,Sim,57,Sim,Executivo,7.0,Alto,2.0,Cat_4,C
461479,Feminino,Sim,51,Sim,Ator/Atriz,1.0,Medio,3.0,Cat_6,C
460494,Feminino,Nao,28,Nao,Marketing,1.0,Baixo,4.0,Cat_3,D
460565,Feminino,Sim,42,Nao,Do Lar,8.0,Medio,4.0,Cat_3,C
465247,Masculino,Nao,18,Nao,Enfermeiro,6.0,Baixo,7.0,Cat_6,D
465993,Feminino,Nao,27,Nao,Engenheiro,0.0,Baixo,2.0,Cat_6,D
460170,Masculino,Sim,68,Nao,Ator/Atriz,0.0,Baixo,1.0,Cat_6,C
463200,Masculino,Sim,42,Sim,Entretenimento,0.0,Medio,2.0,Cat_4,A
458986,Masculino,Nao,18,Nao,Enfermeiro,7.0,Baixo,4.0,Cat_6,D
467390,Masculino,Sim,46,Sim,Ator/Atriz,0.0,Baixo,2.0,Cat_6,C
459349,Feminino,Sim,48,Sim,Ator/Atriz,0.0,Alto,4.0,Cat_6,C
467144,Masculino,Sim,35,Sim,Entretenimento,1.0,Baixo,2.0,Cat_6,A
460750,Masculino,Sim,56,Sim,Entretenimento,0.0,Medio,2.0,Cat_6,C
463386,Feminino,Sim,43,Sim,Medico,6.0,Baixo,1.0,Cat_3,B
463770,Masculino,Nao,25,Nao,Enfermeiro,1.0,Baixo,4.0,Cat_6,D
459434,Feminino,Sim,78,Nao,Advogado,1.0,Baixo,1.0,Cat_6,C
467417,Feminino,Sim,53,Sim,Ator/Atriz,4.0,Medio,6.0,Cat_6,C
461048,Masculino,Sim,33,Sim,Medico,10.0,Medio,2.0,Cat_2,D
461428,Masculino,Nao,49,Sim,Ator/Atriz,1.0,Baixo,1.0,Cat_6,C
461213,Feminino,Nao,31,Sim,Enfermeiro,1.0,Baixo,4.0,Cat_6,A
461565,Masculino,Sim,51,Sim,Entretenimento,4.0,Medio,2.0,Cat_2,C
462213,Masculino,Nao,19,Nao,Medico,1.0,Baixo,2.0,Cat_4,D
467716,Masculino,Sim,41,Sim,Ator/Atriz,4.0,Medio,3.0,Cat_6,B
460285,Feminino,Nao,57,Sim,Medico,0.0,Baixo,2.0,Cat_6,B
461455,Feminino,Sim,35,Sim,Ator/Atriz,0.0,Medio,2.0,Cat_6,B
467920,Feminino,Nao,40,Nao,Engenheiro,8.0,Baixo,1.0,Cat_6,A
467244,Masculino,Nao,26,Sim,Enfermeiro,0.0,Baixo,5.0,Cat_6,D
462976,Feminino,Sim,50,Sim,Engenheiro,0.0,Medio,2.0,Cat_6,C
467669,Masculino,Sim,82,Nao,Advogado,0.0,Alto,2.0,Cat_6,A
461589,Masculino,Sim,41,Sim,Ator/Atriz,1.0,Medio,2.0,Cat_6,B
463269,Masculino,Sim,36,Sim,Entretenimento,2.0,Medio,2.0,Cat_3,A
464815,Masculino,Sim,22,Nao,Medico,2.0,Alto,9.0,Cat_4,B
463587,Feminino,Nao,27,Nao,Engenheiro,1.0,Baixo,4.0,Cat_6,D
467200,Feminino,Nao,75,Sim,Advogado,0.0,Baixo,2.0,Cat_6,C
462436,Masculino,Nao,32,Sim,Enfermeiro,0.0,Baixo,3.0,Cat_6,D
463207,Feminino,Sim,51,Sim,Ator/Atriz,1.0,Medio,2.0,Cat_6,C
463853,Feminino,Sim,58,Sim,Ator/Atriz,0.0,Medio,4.0,Cat_3,B
459443,Feminino,Sim,50,Sim,Ator/Atriz,8.0,Medio,2.0,Cat_6,B
466489,Masculino,Sim,55,Sim,Do Lar,1.0,Medio,4.0,Cat_6,C
464388,Feminino,Nao,30,Nao,Engenheiro,11.0,Baixo,1.0,Cat_4,D
466832,Feminino,Sim,69,Sim,Ator/Atriz,0.0,Medio,2.0,Cat_4,C
464496,Feminino,Sim,41,Nao,Marketing,1.0,Alto,5.0,Cat_3,A
465271,Masculino,Sim,47,Nao,Executivo,0.0,Alto,5.0,Cat_6,B
467621,Masculino,Sim,76,Sim,Advogado,1.0,Baixo,1.0,Cat_6,A
464050,Feminino,Nao,30,Sim,Ator/Atriz,0.0,Baixo,1.0,Cat_6,A
462339,Masculino,Nao,33,Sim,Ator/Atriz,3.0,Baixo,5.0,Cat_6,A
464844,Feminino,Nao,31,Sim,Enfermeiro,1.0,Baixo,4.0,Cat_4,D
464681,Feminino,Sim,25,Nao,Engenheiro,4.0,Medio,5.0,Cat_4,D
464963,Feminino,Sim,47,Sim,Entretenimento,1.0,Baixo,2.0,Cat_4,B
461422,Masculino,Sim,52,Sim,Executivo,1.0,Medio,6.0,Cat_6,B
460853,Feminino,Sim,63,Sim,Ator/Atriz,1.0,Alto,3.0,Cat_6,C
461505,Feminino,Sim,39,Nao,Ator/Atriz,0.0,Alto,3.0,Cat_6,B
466398,Masculino,Nao,21,Nao,Enfermeiro,1.0,Baixo,4.0,Cat_3,D
467109,Masculino,Nao,38,Nao,Medico,0.0,Baixo,5.0,Cat_3,D
460350,Feminino,Nao,43,Sim,Enfermeiro,2.0,Baixo,1.0,Cat_4,D
466863,Feminino,Nao,28,Nao,Do Lar,10.0,Baixo,1.0,Cat_6,D
459767,Masculino,Nao,21,Nao,Enfermeiro,4.0,Baixo,4.0,Cat_6,D
465640,Masculino,Sim,50,Sim,Ator/Atriz,7.0,Medio,2.0,Cat_6,C
463631,Masculino,Nao,25,Nao,Enfermeiro,0.0,Baixo,5.0,Cat_3,D
467797,Masculino,Sim,58,Sim,Ator/Atriz,1.0,Alto,2.0,Cat_6,C
467818,Feminino,Sim,37,Sim,Ator/Atriz,5.0,Alto,3.0,Cat_6,C
459120,Masculino,Nao,23,Nao,Enfermeiro,5.0,Baixo,5.0,Cat_2,D
463326,Feminino,Nao,23,Nao,Enfermeiro,0.0,Baixo,3.0,Cat_2,D
466493,Masculino,Sim,77,Nao,Advogado,0.0,Alto,2.0,Cat_6,A
464396,Masculino,Sim,35,Sim,Entretenimento,1.0,Medio,3.0,Cat_6,B
463946,Masculino,Nao,25,Nao,Enfermeiro,4.0,Baixo,3.0,Cat_4,D
466687,Masculino,Nao,22,Nao,Enfermeiro,0.0,Baixo,3.0,Cat_6,D
467908,Feminino,Sim,42,Sim,Engenheiro,0.0,Alto,4.0,Cat_6,B
461062,Feminino,Nao,25,Nao,Executivo,1.0,Baixo,3.0,Cat_6,D
466526,Masculino,Nao,33,Nao,Enfermeiro,1.0,Baixo,5.0,Cat_2,B
464423,Masculino,Sim,51,Sim,Entretenimento,0.0,Medio,5.0,Cat_6,C
465284,Feminino,Nao,31,Nao,Marketing,8.0,Baixo,4.0,Cat_6,D
463530,Feminino,Nao,32,Nao,Entretenimento,12.0,Baixo,5.0,Cat_6,D
462415,Masculino,Nao,32,Nao,Medico,0.0,Baixo,1.0,Cat_6,A
460066,Feminino,Nao,45,Nao,Marketing,0.0,Baixo,1.0,Cat_6,D
464242,Masculino,Nao,37,Sim,Engenheiro,1.0,Baixo,3.0,Cat_6,D
460083,Feminino,Nao,52,Sim,Ator/Atriz,9.0,Baixo,1.0,Cat_6,B
461669,Feminino,Sim,42,Nao,Engenheiro,0.0,Medio,2.0,Cat_6,A
461060,Masculino,Sim,59,Sim,Executivo,1.0,Alto,5.0,Cat_6,C
459198,Feminino,Sim,66,Sim,Ator/Atriz,0.0,Medio,3.0,Cat_6,C
465362,Feminino,Sim,52,Sim,Engenheiro,0.0,Medio,4.0,Cat_6,B
464678,Masculino,Sim,47,Sim,Executivo,1.0,Alto,5.0,Cat_4,C
464514,Masculino,Sim,42,Sim,Ator/Atriz,0.0,Medio,3.0,Cat_7,A
463848,Masculino,Sim,48,Sim,Ator/Atriz,1.0,Medio,4.0,Cat_1,C
462495,Masculino,Sim,84,Nao,Advogado,0.0,Alto,2.0,Cat_6,A
462144,Feminino,Nao,39,Sim,Ator/Atriz,3.0,Baixo,1.0,Cat_6,A
461000,Masculino,Sim,61,Nao,Marketing,1.0,Alto,2.0,Cat_3,A
459319,Feminino,Sim,46,Nao,Ator/Atriz,1.0,Alto,2.0,Cat_6,C
467581,Feminino,Sim,33,Sim,Engenheiro,2.0,Medio,2.0,Cat_6,D
463669,Feminino,Sim,31,Sim,Marketing,7.0,Alto,4.0,Cat_2,A
460604,Feminino,Sim,41,Nao,Entretenimento,9.0,Alto,2.0,Cat_4,A
466645,Masculino,Sim,66,Sim,Advogado,5.0,Baixo,2.0,Cat_6,C
459715,Masculino,Nao,20,Nao,Enfermeiro,2.0,Baixo,4.0,Cat_6,D
463828,Masculino,Sim,43,Nao,Engenheiro,0.0,Medio,2.0,Cat_1,C
467438,Masculino,Nao,28,Nao,Entretenimento,6.0,Baixo,3.0,Cat_6,A
463031,Feminino,Sim,38,Sim,Ator/Atriz,1.0,Medio,4.0,Cat_6,B
465219,Masculino,Sim,42,Sim,Enfermeiro,5.0,Baixo,2.0,Cat_4,C
467497,Masculino,Sim,51,Sim,Ator/Atriz,1.0,Baixo,3.0,Cat_6,D
462112,Masculino,Sim,78,Sim,Advogado,1.0,Baixo,1.0,Cat_6,D
461773,Masculino,Sim,69,Sim,Entretenimento,1.0,Alto,3.0,Cat_6,B
465178,Feminino,Sim,89,Sim,Advogado,0.0,Alto,2.0,Cat_6,B
465599,Feminino,Sim,47,Sim,Enfermeiro,0.0,Medio,6.0,Cat_1,C
460261,Feminino,Sim,58,Sim,Advogado,1.0,Alto,4.0,Cat_1,C
465139,Masculino,Sim,40,Nao,Executivo,9.0,Medio,2.0,Cat_6,D
465786,Feminino,Nao,19,Nao,Medico,0.0,Baixo,3.0,Cat_4,D
465847,Feminino,Nao,40,Sim,Advogado,1.0,Baixo,1.0,Cat_6,A
459977,Feminino,Nao,41,Sim,Ator/Atriz,4.0,Baixo,1.0,Cat_6,D
461242,Masculino,Sim,52,Sim,Enfermeiro,1.0,Baixo,2.0,Cat_6,D
464995,Masculino,Sim,45,Nao,Executivo,3.0,Alto,4.0,Cat_4,D
461508,Masculino,Nao,33,Sim,Ator/Atriz,8.0,Baixo,1.0,Cat_6,A
459174,Masculino,Nao,43,Sim,Ator/Atriz,1.0,Baixo,2.0,Cat_4,B
465852,Masculino,Sim,39,Sim,Medico,1.0,Baixo,2.0,Cat_4,B
466892,Masculino,Sim,51,Sim,Ator/Atriz,1.0,Medio,3.0,Cat_6,C
463693,Masculino,Sim,35,Sim,Ator/Atriz,9.0,Alto,3.0,Cat_6,C
464190,Masculino,Nao,37,Sim,Executivo,3.0,Baixo,1.0,Cat_6,D
459391,Feminino,Nao,40,Sim,Engenheiro,1.0,Baixo,4.0,Cat_6,D
462390,Feminino,Nao,28,Nao,Enfermeiro,0.0,Baixo,4.0,Cat_3,B
461343,Masculino,Sim,27,Sim,Ator/Atriz,6.0,Medio,2.0,Cat_6,B
459661,Masculino,Sim,62,Sim,Executivo,0.0,Alto,3.0,Cat_6,C
459854,Feminino,Sim,57,Sim,Ator/Atriz,0.0,Alto,2.0,Cat_6,C
458995,Masculino,Sim,62,Nao,Executivo,0.0,Alto,4.0,Cat_6,B
459751,Masculino,Nao,28,Nao,Marketing,0.0,Baixo,6.0,Cat_6,B
466951,Feminino,Sim,52,Sim,Ator/Atriz,0.0,Alto,3.0,Cat_6,C
459971,Feminino,Nao,40,Sim,Enfermeiro,8.0,Baixo,1.0,Cat_6,A
465370,Feminino,Nao,53,Sim,Ator/Atriz,0.0,Baixo,1.0,Cat_6,B
462178,Feminino,Sim,73,Sim,Advogado,7.0,Baixo,2.0,Cat_6,A
463277,Feminino,Sim,26,Nao,Engenheiro,6.0,Baixo,2.0,Cat_3,D
461836,Masculino,Sim,53,Sim,Ator/Atriz,6.0,Medio,3.0,Cat_6,C
466836,Feminino,Nao,42,Sim,Medico,0.0,Baixo,1.0,Cat_4,D
461443,Feminino,Sim,70,Sim,Ator/Atriz,1.0,Medio,2.0,Cat_6,C
459222,Feminino,Sim,68,Sim,Ator/Atriz,1.0,Medio,3.0,Cat_6,C
459549,Masculino,Nao,22,Nao,Enfermeiro,9.0,Baixo,5.0,Cat_4,D
462292,Masculino,Sim,65,Sim,Ator/Atriz,1.0,Baixo,1.0,Cat_6,A
467505,Masculino,Sim,43,Sim,Ator/Atriz,0.0,Baixo,4.0,Cat_6,D
463992,Masculino,Sim,39,Sim,Ator/Atriz,0.0,Medio,2.0,Cat_6,B
459560,Masculino,Sim,89,Nao,Advogado,1.0,Alto,2.0,Cat_6,B
464944,Feminino,Sim,37,Sim,Entretenimento,0.0,Baixo,2.0,Cat_4,B
459333,Masculino,Nao,29,Sim,Enfermeiro,1.0,Baixo,2.0,Cat_6,D
467286,Masculino,Nao,27,Sim,Enfermeiro,1.0,Baixo,3.0,Cat_4,D
459011,Masculino,Sim,88,Nao,Advogado,1.0,Baixo,1.0,Cat_6,A
467076,Feminino,Sim,48,Sim,Medico,0.0,Medio,2.0,Cat_6,B
462577,Feminino,Sim,70,Nao,Marketing,0.0,Alto,2.0,Cat_4,D
459900,Masculino,Nao,52,Sim,Ator/Atriz,6.0,Baixo,1.0,Cat_6,C
462990,Feminino,Nao,25,Sim,Enfermeiro,3.0,Baixo,5.0,Cat_4,D
464625,Feminino,Nao,48,Sim,Ator/Atriz,0.0,Baixo,2.0,Cat_6,B
460012,Feminino,Sim,50,Sim,Ator/Atriz,1.0,Alto,3.0,Cat_2,C
459968,Masculino,Nao,39,Sim,Ator/Atriz,11.0,Baixo,1.0,Cat_7,A
465522,Feminino,Nao,29,Sim,Enfermeiro,2.0,Baixo,8.0,Cat_5,B
461575,Masculino,Nao,31,Nao,Medico,1.0,Baixo,4.0,Cat_6,C
460001,Masculino,Sim,41,Sim,Ator/Atriz,4.0,Medio,2.0,Cat_2,A
460778,Masculino,Nao,27,Sim,Ator/Atriz,0.0,Baixo,8.0,Cat_4,D
460700,Masculino,Sim,56,Sim,Entretenimento,1.0,Medio,3.0,Cat_6,B
460616,Masculino,Sim,32,Sim,Do Lar,2.0,Medio,2.0,Cat_3,C
462665,Feminino,Sim,59,Sim,Ator/Atriz,4.0,Medio,4.0,Cat_7,C
461945,Feminino,Sim,87,Sim,Ator/Atriz,0.0,Baixo,1.0,Cat_6,C
465798,Feminino,Nao,41,Sim,Enfermeiro,0.0,Baixo,3.0,Cat_6,C
465134,Feminino,Sim,55,Sim,Entretenimento,1.0,Medio,5.0,Cat_6,B
462893,Feminino,Sim,52,Nao,Ator/Atriz,1.0,Medio,3.0,Cat_4,C
459208,Feminino,Sim,61,Sim,Ator/Atriz,1.0,Alto,2.0,Cat_3,C
461896,Masculino,Sim,46,Sim,Ator/Atriz,1.0,Baixo,1.0,Cat_6,B
459868,Feminino,Sim,46,Sim,Engenheiro,1.0,Medio,2.0,Cat_6,C
464568,Masculino,Sim,36,Sim,Ator/Atriz,8.0,Medio,2.0,Cat_6,B
462492,Masculino,Sim,36,Nao,Ator/Atriz,1.0,Medio,4.0,Cat_2,B
467559,Masculino,Sim,58,Sim,Executivo,0.0,Medio,4.0,Cat_6,C
464277,Masculino,Nao,25,Sim,Ator/Atriz,2.0,Baixo,1.0,Cat_6,A
462798,Masculino,Sim,65,Sim,Ator/Atriz,7.0,Alto,2.0,Cat_6,C
461924,Feminino,Sim,89,Nao,Advogado,1.0,Alto,3.0,Cat_6,B
463630,Masculino,Nao,39,Sim,Entretenimento,1.0,Baixo,2.0,Cat_6,A
462173,Masculino,Sim,89,Sim,Executivo,3.0,Baixo,3.0,Cat_6,A
463569,Feminino,Sim,59,Nao,Marketing,1.0,Medio,4.0,Cat_1,D
460044,Feminino,Sim,47,Sim,Ator/Atriz,0.0,Baixo,2.0,Cat_1,B
461026,Feminino,Sim,41,Sim,Ator/Atriz,7.0,Medio,2.0,Cat_6,B
467224,Feminino,Nao,19,Nao,Entretenimento,0.0,Baixo,4.0,Cat_6,D
462879,Masculino,Sim,74,Sim,Advogado,1.0,Alto,2.0,Cat_6,A
459591,Masculino,Sim,50,Sim,Ator/Atriz,1.0,Medio,3.0,Cat_6,C
459133,Masculino,Nao,23,Nao,Entretenimento,1.0,Baixo,3.0,Cat_4,D
465465,Feminino,Sim,28,Sim,Ator/Atriz,8.0,Baixo,2.0,Cat_6,B
460231,Masculino,Sim,59,Sim,Executivo,11.0,Alto,3.0,Cat_6,C
461111,Feminino,Sim,42,Sim,Medico,8.0,Baixo,1.0,Cat_6,A
459203,Masculino,Sim,35,Sim,Engenheiro,0.0,Baixo,2.0,Cat_6,B
463540,Masculino,Sim,56,Sim,Ator/Atriz,8.0,Medio,3.0,Cat_6,C
461971,Masculino,Sim,50,Sim,Entretenimento,1.0,Medio,4.0,Cat_3,B
467183,Masculino,Sim,39,Sim,Entretenimento,4.0,Medio,4.0,Cat_6,B
466548,Feminino,Sim,45,Sim,Ator/Atriz,1.0,Medio,2.0,Cat_6,B
460747,Masculino,Sim,52,Sim,Ator/Atriz,1.0,Medio,4.0,Cat_3,C
459721,Masculino,Sim,76,Sim,Advogado,0.0,Baixo,2.0,Cat_6,A
463204,Masculino,Nao,36,Nao,Entretenimento,1.0,Baixo,1.0,Cat_6,A
467618,Masculino,Nao,26,Nao,Medico,6.0,Baixo,2.0,Cat_6,D
467903,Masculino,Sim,39,Sim,Entretenimento,9.0,Baixo,2.0,Cat_6,A
466249,Feminino,Nao,18,Nao,Enfermeiro,8.0,Baixo,4.0,Cat_4,D
464467,Feminino,Nao,43,Sim,Enfermeiro,1.0,Baixo,2.0,Cat_4,A
461138,Masculino,Sim,63,Sim,Entretenimento,1.0,Alto,2.0,Cat_7,B
463392,Feminino,Sim,36,Sim,Ator/Atriz,5.0,Baixo,2.0,Cat_4,B
463017,Feminino,Sim,81,Nao,Advogado,0.0,Alto,2.0,Cat_6,A
463908,Feminino,Sim,37,Sim,Ator/Atriz,9.0,Baixo,2.0,Cat_6,C
464154,Feminino,Sim,47,Sim,Ator/Atriz,1.0,Medio,4.0,Cat_6,C
461272,Masculino,Sim,67,Sim,Ator/Atriz,0.0,Baixo,1.0,Cat_3,B
461765,Feminino,Nao,36,Sim,Ator/Atriz,1.0,Baixo,1.0,Cat_6,A
467099,Feminino,Nao,30,Nao,Entretenimento,0.0,Baixo,3.0,Cat_6,A
464151,Masculino,Nao,40,Sim,Medico,12.0,Baixo,1.0,Cat_2,D
461304,Masculino,Nao,19,Nao,Marketing,2.0,Baixo,4.0,Cat_6,C
461457,Feminino,Sim,32,Nao,Medico,1.0,Baixo,5.0,Cat_6,A
463510,Feminino,Nao,27,Sim,Enfermeiro,1.0,Baixo,7.0,Cat_2,A
465519,Feminino,Sim,73,Nao,Advogado,1.0,Alto,2.0,Cat_6,A
461092,Feminino,Sim,29,Sim,Do Lar,0.0,Alto,2.0,Cat_3,A
461180,Masculino,Nao,28,Nao,Entretenimento,0.0,Baixo,3.0,Cat_3,D
463028,Masculino,Nao,33,Nao,Medico,1.0,Baixo,4.0,Cat_6,D
461276,Masculino,Sim,67,Sim,Marketing,1.0,Baixo,2.0,Cat_7,D
460940,Masculino,Sim,73,Sim,Ator/Atriz,0.0,Baixo,1.0,Cat_6,A
462955,Masculino,Sim,42,Sim,Ator/Atriz,1.0,Baixo,2.0,Cat_3,B
467725,Masculino,Nao,32,Sim,Enfermeiro,9.0,Baixo,2.0,Cat_6,D
465217,Masculino,Sim,53,Sim,Executivo,1.0,Alto,5.0,Cat_3,A
463657,Masculino,Sim,42,Sim,Executivo,0.0,Alto,2.0,Cat_6,B
465851,Feminino,Sim,50,Nao,Ator/Atriz,9.0,Alto,2.0,Cat_4,A
466561,Feminino,Nao,19,Nao,Enfermeiro,3.0,Baixo,3.0,Cat_6,D
459577,Masculino,Sim,82,Sim,Advogado,0.0,Baixo,1.0,Cat_6,D
466818,Masculino,Sim,82,Nao,Executivo,0.0,Alto,2.0,Cat_6,B
464543,Feminino,Nao,38,Sim,Ator/Atriz,7.0,Baixo,1.0,Cat_6,A
467649,Masculino,Sim,38,Sim,Medico,0.0,Medio,5.0,Cat_6,B
466016,Feminino,Nao,48,Sim,Do Lar,1.0,Baixo,1.0,Cat_3,B
462547,Masculino,Nao,22,Nao,Enfermeiro,9.0,Baixo,4.0,Cat_6,D
462963,Masculino,Sim,30,Sim,Ator/Atriz,0.0,Medio,2.0,Cat_3,C
466305,Masculino,Nao,31,Nao,Enfermeiro,1.0,Baixo,3.0,Cat_2,B
462631,Feminino,Sim,35,Nao,Engenheiro,2.0,Alto,4.0,Cat_4,D
460706,Feminino,Nao,27,Nao,Engenheiro,6.0,Baixo,6.0,Cat_4,D
460282,Masculino,Sim,40,Nao,Executivo,0.0,Baixo,3.0,Cat_6,D
459041,Masculino,Sim,62,Sim,Ator/Atriz,8.0,Baixo,1.0,Cat_6,D
460114,Masculino,Sim,30,Sim,Enfermeiro,8.0,Baixo,2.0,Cat_6,C
460147,Masculino,Sim,67,Sim,Entretenimento,1.0,Medio,3.0,Cat_6,C
462123,Masculino,Nao,38,Sim,Ator/Atriz,0.0,Baixo,2.0,Cat_6,C
465768,Feminino,Nao,37,Sim,Ator/Atriz,7.0,Baixo,4.0,Cat_4,A
463236,Feminino,Nao,26,Sim,Enfermeiro,5.0,Baixo,2.0,Cat_6,D
462487,Masculino,Sim,61,Sim,Entretenimento,2.0,Medio,4.0,Cat_6,C
463954,Masculino,Sim,22,Nao,Entretenimento,1.0,Medio,3.0,Cat_4,D
466609,Feminino,Sim,47,Sim,Ator/Atriz,0.0,Medio,5.0,Cat_6,C
461741,Masculino,Sim,67,Sim,Advogado,1.0,Alto,2.0,Cat_6,B
464416,Masculino,Sim,38,Sim,Ator/Atriz,1.0,Baixo,6.0,Cat_6,A
465428,Feminino,Nao,36,Sim,Engenheiro,0.0,Baixo,1.0,Cat_4,A
464632,Masculino,Nao,29,Nao,Entretenimento,0.0,Baixo,8.0,Cat_4,D
462554,Masculino,Nao,28,Nao,Enfermeiro,1.0,Baixo,8.0,Cat_4,C
464889,Masculino,Sim,41,Nao,Executivo,1.0,Baixo,7.0,Cat_4,D
465490,Feminino,Sim,35,Sim,Ator/Atriz,0.0,Medio,5.0,Cat_4,C
465909,Masculino,Sim,39,Sim,Entretenimento,9.0,Baixo,1.0,Cat_6,A
465117,Feminino,Sim,73,Sim,Ator/Atriz,1.0,Alto,2.0,Cat_6,C
459085,Masculino,Nao,22,Nao,Marketing,4.0,Baixo,3.0,Cat_6,A
464709,Masculino,Sim,40,Nao,Executivo,8.0,Alto,5.0,Cat_4,D
460572,Feminino,Nao,30,Sim,Engenheiro,0.0,Baixo,4.0,Cat_3,C
464612,Masculino,Nao,32,Sim,Medico,1.0,Baixo,2.0,Cat_6,A
465424,Masculino,Nao,38,Sim,Entretenimento,1.0,Baixo,3.0,Cat_6,A
463248,Feminino,Sim,26,Nao,Do Lar,8.0,Medio,4.0,Cat_2,D
464155,Masculino,Nao,41,Nao,Medico,0.0,Baixo,3.0,Cat_4,B
467424,Masculino,Sim,56,Sim,Entretenimento,2.0,Medio,2.0,Cat_6,D
465220,Masculino,Sim,61,Nao,Executivo,0.0,Alto,2.0,Cat_1,B
463004,Masculino,Sim,48,Sim,Ator/Atriz,0.0,Medio,2.0,Cat_6,C
463315,Masculino,Sim,40,Sim,Executivo,0.0,Alto,4.0,Cat_3,B
466498,Masculino,Sim,83,Sim,Advogado,6.0,Alto,3.0,Cat_6,D
463234,Feminino,Nao,22,Nao,Engenheiro,1.0,Baixo,4.0,Cat_6,D
462453,Masculino,Nao,22,Nao,Enfermeiro,9.0,Baixo,5.0,Cat_6,D
467111,Masculino,Sim,72,Sim,Ator/Atriz,0.0,Baixo,1.0,Cat_6,B
466355,Masculino,Nao,27,Sim,Enfermeiro,0.0,Baixo,2.0,Cat_6,C
463230,Feminino,Sim,35,Sim,Engenheiro,5.0,Alto,3.0,Cat_6,A
465018,Masculino,Nao,42,Sim,Entretenimento,0.0,Baixo,3.0,Cat_6,A
464940,Feminino,Sim,30,Nao,Engenheiro,1.0,Baixo,2.0,Cat_4,A
465294,Masculino,Sim,73,Nao,Advogado,0.0,Baixo,2.0,Cat_6,D
461525,Masculino,Sim,68,Sim,Entretenimento,1.0,Baixo,2.0,Cat_6,D
460058,Masculino,Sim,46,Sim,Ator/Atriz,0.0,Baixo,1.0,Cat_4,B
464692,Feminino,Nao,48,Nao,Marketing,1.0,Baixo,1.0,Cat_3,D
466342,Feminino,Sim,49,Sim,Ator/Atriz,0.0,Medio,5.0,Cat_6,C
459214,Feminino,Nao,26,Sim,Engenheiro,0.0,Baixo,3.0,Cat_6,C
464243,Feminino,Nao,49,Sim,Ator/Atriz,1.0,Baixo,2.0,Cat_6,C
467273,Feminino,Sim,81,Sim,Advogado,7.0,Alto,2.0,Cat_6,B
466187,Feminino,Sim,56,Sim,Ator/Atriz,4.0,Medio,2.0,Cat_3,C
466421,Masculino,Sim,26,Nao,Medico,4.0,Medio,3.0,Cat_3,D
461541,Masculino,Nao,36,Sim,Executivo,9.0,Baixo,3.0,Cat_6,D
462709,Feminino,Nao,32,Nao,Medico,0.0,Baixo,3.0,Cat_6,C
466233,Feminino,Sim,56,Sim,Do Lar,5.0,Baixo,1.0,Cat_6,C
461881,Masculino,Nao,40,Sim,Ator/Atriz,1.0,Baixo,1.0,Cat_6,A
466371,Masculino,Nao,19,Nao,Enfermeiro,1.0,Baixo,4.0,Cat_2,D
467717,Feminino,Sim,66,Nao,Engenheiro,0.0,Alto,5.0,Cat_4,B
466031,Feminino,Nao,30,Nao,Entretenimento,6.0,Baixo,1.0,Cat_6,A
467039,Masculino,Sim,26,Nao,Do Lar,9.0,Medio,2.0,Cat_6,A
464334,Feminino,Nao,33,Sim,Enfermeiro,1.0,Baixo,3.0,Cat_6,D
459185,Feminino,Nao,25,Sim,Entretenimento,5.0,Baixo,1.0,Cat_6,D
460580,Feminino,Sim,27,Nao,Engenheiro,9.0,Baixo,2.0,Cat_3,D
464808,Masculino,Sim,42,Nao,Entretenimento,1.0,Baixo,4.0,Cat_4,A
465583,Masculino,Nao,35,Sim,Ator/Atriz,2.0,Baixo,2.0,Cat_6,A
462042,Feminino,Nao,29,Nao,Enfermeiro,0.0,Baixo,3.0,Cat_6,D
461776,Masculino,Sim,72,Nao,Engenheiro,0.0,Alto,4.0,Cat_4,B
467251,Feminino,Nao,21,Nao,Engenheiro,1.0,Baixo,6.0,Cat_6,C
464937,Masculino,Sim,50,Sim,Ator/Atriz,0.0,Baixo,2.0,Cat_4,D
464072,Masculino,Sim,49,Sim,Executivo,1.0,Baixo,2.0,Cat_6,A
460836,Feminino,Sim,33,Nao,Ator/Atriz,6.0,Medio,2.0,Cat_6,C
467323,Feminino,Sim,52,Sim,Ator/Atriz,7.0,Medio,4.0,Cat_6,C
464245,Feminino,Sim,89,Sim,Advogado,2.0,Baixo,1.0,Cat_6,A
459030,Masculino,Sim,46,Nao,Executivo,6.0,Alto,6.0,Cat_6,C
460926,Masculino,Sim,50,Sim,Ator/Atriz,1.0,Medio,4.0,Cat_4,B
463803,Feminino,Nao,30,Sim,Entretenimento,0.0,Baixo,2.0,Cat_6,D
466540,Masculino,Nao,22,Nao,Enfermeiro,2.0,Baixo,2.0,Cat_4,D
467699,Feminino,Sim,32,Sim,Medico,0.0,Medio,2.0,Cat_4,C
465773,Masculino,Nao,29,Nao,Entretenimento,8.0,Baixo,4.0,Cat_6,D
464984,Masculino,Nao,32,Sim,Ator/Atriz,1.0,Baixo,1.0,Cat_6,D
466215,Masculino,Sim,53,Sim,Ator/Atriz,3.0,Medio,4.0,Cat_6,C
460508,Masculino,Sim,27,Sim,Enfermeiro,2.0,Alto,3.0,Cat_3,D
460229,Feminino,Sim,68,Sim,Advogado,2.0,Alto,2.0,Cat_6,C
459289,Masculino,Nao,39,Sim,Medico,1.0,Baixo,1.0,Cat_6,A
461853,Masculino,Nao,20,Nao,Enfermeiro,6.0,Baixo,3.0,Cat_6,D
464513,Masculino,Sim,38,Sim,Executivo,6.0,Alto,3.0,Cat_6,B
465806,Feminino,Nao,26,Sim,Marketing,0.0,Baixo,2.0,Cat_3,A
463534,Feminino,Nao,31,Sim,Engenheiro,1.0,Baixo,4.0,Cat_4,A
467053,Masculino,Nao,22,Nao,Enfermeiro,6.0,Baixo,4.0,Cat_6,D
466839,Feminino,Nao,26,Nao,Do Lar,8.0,Baixo,2.0,Cat_6,D
466510,Masculino,Nao,51,Sim,Ator/Atriz,6.0,Baixo,1.0,Cat_6,A
464299,Feminino,Nao,35,Sim,Ator/Atriz,12.0,Baixo,3.0,Cat_6,A
463773,Masculino,Sim,36,Sim,Ator/Atriz,9.0,Medio,2.0,Cat_6,C
462133,Feminino,Sim,46,Sim,Medico,9.0,Alto,3.0,Cat_2,A
460848,Masculino,Sim,53,Nao,Entretenimento,10.0,Medio,3.0,Cat_6,A
459324,Feminino,Nao,18,Nao,Enfermeiro,1.0,Baixo,3.0,Cat_6,D
467214,Masculino,Nao,26,Nao,Engenheiro,0.0,Baixo,4.0,Cat_3,D
462009,Feminino,Sim,32,Sim,Enfermeiro,8.0,Alto,2.0,Cat_2,A
464929,Masculino,Sim,69,Nao,Medico,0.0,Medio,3.0,Cat_4,B
463149,Masculino,Sim,60,Sim,Ator/Atriz,3.0,Medio,2.0,Cat_6,C
463447,Masculino,Sim,60,Nao,Engenheiro,0.0,Medio,2.0,Cat_6,B
462088,Masculino,Sim,26,Sim,Ator/Atriz,0.0,Medio,2.0,Cat_6,C
459992,Masculino,Nao,48,Sim,Ator/Atriz,1.0,Baixo,1.0,Cat_6,B
462270,Masculino,Sim,51,Sim,Medico,1.0,Medio,4.0,Cat_6,B
466711,Masculino,Sim,72,Nao,Executivo,1.0,Alto,4.0,Cat_6,B
459614,Feminino,Nao,43,Sim,Ator/Atriz,1.0,Baixo,2.0,Cat_6,B
459850,Masculino,Nao,35,Sim,Ator/Atriz,0.0,Baixo,1.0,Cat_6,B
460665,Masculino,Nao,29,Nao,Entretenimento,5.0,Baixo,1.0,Cat_6,D
462841,Masculino,Nao,19,Nao,Enfermeiro,8.0,Baixo,6.0,Cat_6,D
461761,Feminino,Nao,27,Sim,Enfermeiro,0.0,Baixo,8.0,Cat_6,C
461573,Feminino,Nao,40,Sim,Engenheiro,1.0,Baixo,5.0,Cat_6,C
463199,Feminino,Sim,52,Sim,Ator/Atriz,1.0,Baixo,3.0,Cat_4,A
465317,Masculino,Nao,23,Nao,Enfermeiro,0.0,Baixo,4.0,Cat_4,D
464596,Feminino,Sim,35,Sim,Executivo,0.0,Baixo,2.0,Cat_6,B
466059,Masculino,Sim,25,Nao,Entretenimento,1.0,Medio,2.0,Cat_4,A
463104,Feminino,Sim,47,Nao,Advogado,0.0,Baixo,1.0,Cat_6,A
459990,Masculino,Sim,37,Sim,Enfermeiro,1.0,Medio,2.0,Cat_6,A
463330,Masculino,Nao,20,Nao,Enfermeiro,1.0,Baixo,4.0,Cat_6,D
467212,Feminino,Nao,28,Sim,Medico,1.0,Baixo,3.0,Cat_6,B
462266,Masculino,Nao,25,Sim,Medico,8.0,Baixo,5.0,Cat_6,D
462838,Feminino,Sim,32,Sim,Do Lar,0.0,Baixo,3.0,Cat_5,B
460159,Feminino,Nao,18,Nao,Entretenimento,1.0,Baixo,7.0,Cat_2,B
460974,Masculino,Sim,79,Nao,Advogado,1.0,Baixo,1.0,Cat_6,D
459919,Feminino,Nao,49,Sim,Ator/Atriz,0.0,Baixo,1.0,Cat_4,B
467381,Masculino,Sim,49,Sim,Entretenimento,0.0,Baixo,4.0,Cat_6,B
461707,Feminino,Sim,45,Sim,Ator/Atriz,1.0,Medio,4.0,Cat_6,C
462461,Masculino,Nao,28,Sim,Medico,1.0,Baixo,3.0,Cat_6,D
459533,Feminino,Nao,41,Sim,Ator/Atriz,1.0,Baixo,1.0,Cat_6,A
461091,Feminino,Sim,37,Sim,Ator/Atriz,3.0,Medio,3.0,Cat_3,B
466467,Feminino,Sim,36,Sim,Ator/Atriz,1.0,Medio,3.0,Cat_3,B
462476,Masculino,Sim,45,Sim,Ator/Atriz,4.0,Medio,2.0,Cat_6,C
464357,Masculino,Nao,40,Sim,Ator/Atriz,7.0,Baixo,1.0,Cat_6,A
459915,Feminino,Nao,29,Sim,Enfermeiro,1.0,Baixo,3.0,Cat_4,D
463319,Feminino,Sim,73,Nao,Advogado,1.0,Alto,3.0,Cat_6,B
466323,Masculino,Nao,28,Nao,Medico,4.0,Baixo,1.0,Cat_3,B
459363,Masculino,Nao,53,Sim,Ator/Atriz,2.0,Baixo,1.0,Cat_6,A
461794,Feminino,Nao,19,Nao,Enfermeiro,5.0,Baixo,5.0,Cat_2,D
462563,Feminino,Sim,52,Sim,Ator/Atriz,0.0,Medio,2.0,Cat_6,C
465922,Feminino,Nao,31,Sim,Enfermeiro,9.0,Baixo,3.0,Cat_6,D
464341,Masculino,Nao,35,Sim,Ator/Atriz,2.0,Baixo,2.0,Cat_6,A
464294,Masculino,Sim,68,Nao,Executivo,1.0,Alto,2.0,Cat_6,C
461923,Feminino,Sim,42,Sim,Ator/Atriz,2.0,Medio,2.0,Cat_6,C
462880,Masculino,Sim,25,Nao,Executivo,1.0,Alto,3.0,Cat_6,B
464402,Masculino,Nao,37,Sim,Entretenimento,7.0,Baixo,1.0,Cat_6,A
466841,Masculino,Nao,21,Nao,Enfermeiro,1.0,Baixo,6.0,Cat_4,D
464536,Masculino,Sim,28,Sim,Ator/Atriz,0.0,Medio,3.0,Cat_6,A
462765,Feminino,Sim,50,Sim,Ator/Atriz,1.0,Alto,8.0,Cat_6,B
461364,Feminino,Nao,46,Nao,Medico,0.0,Baixo,2.0,Cat_6,B
465836,Masculino,Nao,19,Nao,Executivo,13.0,Baixo,3.0,Cat_7,D
465208,Masculino,Sim,37,Sim,Ator/Atriz,1.0,Medio,2.0,Cat_6,C
460416,Masculino,Nao,28,Sim,Enfermeiro,14.0,Baixo,1.0,Cat_6,D
459787,Masculino,Sim,71,Nao,Advogado,0.0,Baixo,1.0,Cat_6,A
464276,Feminino,Sim,66,Nao,Marketing,0.0,Alto,2.0,Cat_1,C
460560,Feminino,Sim,57,Sim,Do Lar,9.0,Medio,2.0,Cat_3,C
467449,Feminino,Sim,86,Sim,Advogado,1.0,Baixo,2.0,Cat_6,C
467625,Feminino,Sim,40,Sim,Ator/Atriz,0.0,Medio,2.0,Cat_6,A
460559,Feminino,Nao,49,Sim,Enfermeiro,8.0,Baixo,1.0,Cat_3,D
463847,Masculino,Sim,41,Nao,Ator/Atriz,2.0,Medio,3.0,Cat_6,C
464669,Feminino,Sim,42,Nao,Engenheiro,0.0,Baixo,4.0,Cat_4,D
461393,Feminino,Sim,80,Sim,Ator/Atriz,6.0,Medio,2.0,Cat_6,C
464149,Masculino,Sim,38,Sim,Ator/Atriz,1.0,Medio,4.0,Cat_6,C
461777,Feminino,Sim,74,Sim,Advogado,1.0,Alto,2.0,Cat_6,A
464505,Feminino,Nao,30,Nao,Medico,9.0,Baixo,5.0,Cat_6,D
463345,Feminino,Nao,20,Nao,Enfermeiro,4.0,Baixo,4.0,Cat_6,D
459609,Feminino,Nao,43,Sim,Ator/Atriz,1.0,Baixo,1.0,Cat_4,A
465412,Masculino,Nao,32,Sim,Medico,7.0,Baixo,4.0,Cat_6,D
465195,Masculino,Sim,53,Sim,Executivo,1.0,Alto,3.0,Cat_6,B
462550,Feminino,Nao,23,Nao,Enfermeiro,2.0,Baixo,6.0,Cat_1,D
466896,Masculino,Sim,52,Nao,Ator/Atriz,7.0,Baixo,1.0,Cat_6,C
463851,Feminino,Sim,45,Sim,Ator/Atriz,4.0,Medio,4.0,Cat_2,C
464399,Masculino,Sim,63,Nao,Entretenimento,0.0,Medio,5.0,Cat_6,C
464782,Masculino,Sim,35,Nao,Marketing,0.0,Baixo,3.0,Cat_4,D
465624,Masculino,Nao,39,Sim,Ator/Atriz,8.0,Baixo,3.0,Cat_6,C
462508,Masculino,Sim,37,Sim,Enfermeiro,0.0,Baixo,7.0,Cat_4,D
462872,Feminino,Sim,47,Nao,Engenheiro,10.0,Baixo,2.0,Cat_3,D
467535,Masculino,Sim,65,Sim,Advogado,1.0,Alto,2.0,Cat_6,A
465793,Masculino,Nao,25,Nao,Enfermeiro,1.0,Baixo,5.0,Cat_4,C
465892,Masculino,Nao,40,Sim,Ator/Atriz,9.0,Baixo,3.0,Cat_6,A
463666,Masculino,Nao,27,Sim,Executivo,0.0,Baixo,6.0,Cat_6,D
459015,Masculino,Nao,19,Nao,Enfermeiro,0.0,Baixo,3.0,Cat_6,D
466189,Feminino,Sim,56,Sim,Ator/Atriz,0.0,Medio,2.0,Cat_3,C
466348,Masculino,Nao,53,Sim,Ator/Atriz,1.0,Baixo,2.0,Cat_4,C
459461,Feminino,Sim,39,Sim,Ator/Atriz,0.0,Baixo,1.0,Cat_1,C
460620,Masculino,Sim,55,Sim,Entretenimento,0.0,Medio,4.0,Cat_3,C
463318,Masculino,Sim,65,Sim,Advogado,0.0,Baixo,2.0,Cat_1,A
462626,Feminino,Nao,26,Sim,Engenheiro,0.0,Baixo,6.0,Cat_4,B
467554,Feminino,Nao,28,Sim,Enfermeiro,1.0,Baixo,3.0,Cat_6,D
466651,Masculino,Nao,40,Nao,Entretenimento,5.0,Baixo,1.0,Cat_3,A
466885,Masculino,Sim,42,Nao,Executivo,1.0,Medio,4.0,Cat_6,B
467439,Masculino,Sim,37,Sim,Entretenimento,1.0,Baixo,4.0,Cat_6,A
461749,Feminino,Nao,22,Nao,Enfermeiro,0.0,Baixo,5.0,Cat_6,D
467134,Feminino,Sim,33,Nao,Enfermeiro,0.0,Baixo,5.0,Cat_5,D
462753,Masculino,Sim,28,Nao,Executivo,0.0,Medio,3.0,Cat_6,D
463537,Feminino,Nao,32,Sim,Enfermeiro,1.0,Baixo,3.0,Cat_6,D
463217,Feminino,Sim,33,Sim,Enfermeiro,2.0,Alto,1.0,Cat_5,A
466380,Masculino,Sim,36,Sim,Entretenimento,5.0,Baixo,2.0,Cat_6,A
463101,Feminino,Nao,27,Nao,Do Lar,8.0,Baixo,1.0,Cat_6,D
466366,Masculino,Nao,18,Nao,Enfermeiro,0.0,Baixo,3.0,Cat_2,D
465716,Feminino,Nao,59,Sim,Ator/Atriz,0.0,Baixo,2.0,Cat_6,C
463014,Masculino,Sim,53,Sim,Executivo,0.0,Alto,3.0,Cat_6,B
462443,Masculino,Nao,20,Nao,Enfermeiro,1.0,Baixo,2.0,Cat_4,D
460453,Feminino,Nao,40,Sim,Medico,7.0,Baixo,1.0,Cat_6,A
466485,Masculino,Sim,37,Sim,Executivo,9.0,Alto,2.0,Cat_3,A
467445,Masculino,Sim,31,Nao,Medico,8.0,Baixo,2.0,Cat_2,A
463500,Masculino,Sim,35,Sim,Executivo,0.0,Alto,4.0,Cat_6,A
461507,Masculino,Sim,35,Sim,Entretenimento,0.0,Baixo,2.0,Cat_6,D
465918,Feminino,Nao,39,Sim,Ator/Atriz,5.0,Baixo,3.0,Cat_6,B
467533,Masculino,Sim,79,Sim,Advogado,2.0,Baixo,1.0,Cat_6,D
467029,Masculino,Sim,42,Sim,Ator/Atriz,8.0,Medio,2.0,Cat_6,C
465749,Masculino,Sim,42,Nao,Engenheiro,1.0,Medio,3.0,Cat_6,C
460768,Feminino,Nao,32,Nao,Engenheiro,9.0,Baixo,4.0,Cat_5,A
460146,Feminino,Sim,52,Sim,Engenheiro,1.0,Medio,3.0,Cat_3,A
464998,Masculino,Sim,59,Sim,Ator/Atriz,1.0,Alto,2.0,Cat_6,C
467715,Masculino,Sim,51,Sim,Executivo,4.0,Alto,3.0,Cat_6,C
462201,Feminino,Nao,32,Sim,Enfermeiro,0.0,Baixo,1.0,Cat_4,D
467454,Masculino,Sim,49,Sim,Ator/Atriz,1.0,Baixo,1.0,Cat_6,A
460645,Feminino,Nao,40,Nao,Medico,1.0,Baixo,2.0,Cat_3,C
465129,Feminino,Nao,61,Sim,Entretenimento,3.0,Baixo,1.0,Cat_6,A
464264,Feminino,Sim,86,Nao,Advogado,8.0,Alto,2.0,Cat_6,B
465913,Feminino,Sim,29,Sim,Ator/Atriz,10.0,Baixo,2.0,Cat_6,B
461068,Masculino,Nao,46,Nao,Marketing,1.0,Baixo,4.0,Cat_3,D
466689,Masculino,Nao,28,Sim,Ator/Atriz,8.0,Baixo,3.0,Cat_6,C
460071,Feminino,Nao,53,Sim,Engenheiro,1.0,Baixo,1.0,Cat_6,A
460477,Masculino,Nao,32,Nao,Entretenimento,0.0,Baixo,6.0,Cat_3,D
467766,Feminino,Nao,31,Nao,Enfermeiro,6.0,Baixo,3.0,Cat_6,C
460008,Masculino,Nao,25,Nao,Medico,9.0,Baixo,4.0,Cat_6,A
461820,Feminino,Sim,38,Sim,Medico,0.0,Medio,2.0,Cat_6,C
459226,Feminino,Sim,43,Sim,Ator/Atriz,0.0,Medio,2.0,Cat_1,C
460961,Masculino,Nao,20,Nao,Enfermeiro,1.0,Baixo,2.0,Cat_3,D
463503,Masculino,Sim,33,Sim,Entretenimento,1.0,Baixo,2.0,Cat_7,A
460404,Masculino,Sim,38,Sim,Ator/Atriz,5.0,Baixo,7.0,Cat_6,A
461571,Masculino,Nao,27,Nao,Enfermeiro,1.0,Baixo,4.0,Cat_6,C
467624,Masculino,Sim,35,Nao,Entretenimento,0.0,Medio,5.0,Cat_6,D
463880,Feminino,Sim,36,Nao,Engenheiro,0.0,Baixo,3.0,Cat_2,B
462846,Feminino,Nao,20,Nao,Marketing,7.0,Baixo,2.0,Cat_6,D
459233,Feminino,Sim,53,Sim,Marketing,6.0,Baixo,1.0,Cat_6,D
465939,Feminino,Nao,32,Sim,Engenheiro,0.0,Baixo,2.0,Cat_6,D
467118,Masculino,Sim,55,Sim,Entretenimento,1.0,Medio,3.0,Cat_7,B
463815,Masculino,Sim,37,Sim,Entretenimento,0.0,Medio,2.0,Cat_6,C
459127,Masculino,Nao,43,Sim,Enfermeiro,1.0,Baixo,7.0,Cat_6,D
460165,Feminino,Nao,40,Sim,Entretenimento,0.0,Baixo,1.0,Cat_3,A
461678,Feminino,Sim,87,Nao,Advogado,1.0,Baixo,1.0,Cat_6,A
465096,Masculino,Sim,86,Nao,Advogado,13.0,Baixo,1.0,Cat_6,A
464522,Feminino,Nao,42,Sim,Engenheiro,11.0,Baixo,1.0,Cat_6,D
460886,Masculino,Nao,37,Sim,Ator/Atriz,0.0,Baixo,1.0,Cat_6,B
462184,Masculino,Nao,19,Nao,Medico,0.0,Baixo,4.0,Cat_6,D
462956,Masculino,Sim,42,Nao,Ator/Atriz,7.0,Medio,5.0,Cat_6,B
466422,Masculino,Sim,33,Nao,Medico,0.0,Baixo,4.0,Cat_4,D
465324,Masculino,Sim,41,Sim,Ator/Atriz,8.0,Baixo,2.0,Cat_6,B
467257,Masculino,Nao,22,Nao,Enfermeiro,10.0,Baixo,4.0,Cat_6,D
460254,Feminino,Nao,32,Sim,Ator/Atriz,1.0,Baixo,2.0,Cat_6,B
463158,Masculino,Sim,83,Sim,Executivo,0.0,Alto,3.0,Cat_6,B
467866,Masculino,Sim,50,Sim,Ator/Atriz,1.0,Medio,3.0,Cat_6,C
461685,Feminino,Nao,30,Sim,Enfermeiro,4.0,Baixo,4.0,Cat_6,D
460208,Masculino,Nao,27,Nao,Ator/Atriz,9.0,Baixo,8.0,Cat_6,D
462151,Feminino,Nao,35,Sim,Ator/Atriz,8.0,Baixo,1.0,Cat_6,B
462853,Masculino,Nao,23,Nao,Enfermeiro,1.0,Baixo,2.0,Cat_6,D
465239,Masculino,Sim,56,Sim,Ator/Atriz,0.0,Medio,3.0,Cat_6,B
467508,Feminino,Nao,25,Nao,Medico,1.0,Baixo,3.0,Cat_6,B
466867,Feminino,Nao,27,Nao,Do Lar,14.0,Baixo,1.0,Cat_6,D
467738,Masculino,Sim,43,Sim,Medico,3.0,Medio,2.0,Cat_6,B
465590,Masculino,Sim,40,Sim,Ator/Atriz,1.0,Medio,5.0,Cat_6,A
459805,Feminino,Sim,45,Nao,Ator/Atriz,4.0,Medio,4.0,Cat_6,B
465013,Feminino,Sim,82,Nao,Advogado,0.0,Alto,2.0,Cat_6,C
459240,Feminino,Nao,28,Sim,Ator/Atriz,1.0,Baixo,1.0,Cat_6,A
462344,Feminino,Sim,63,Sim,Ator/Atriz,0.0,Alto,4.0,Cat_6,C
460388,Feminino,Nao,35,Sim,Ator/Atriz,13.0,Baixo,2.0,Cat_6,B
464218,Feminino,Sim,89,Nao,Advogado,1.0,Alto,2.0,Cat_6,A
465955,Masculino,Nao,25,Sim,Marketing,8.0,Baixo,3.0,Cat_6,A
462928,Masculino,Sim,49,Sim,Ator/Atriz,2.0,Medio,4.0,Cat_2,C
460889,Feminino,Sim,47,Sim,Ator/Atriz,1.0,Baixo,2.0,Cat_6,B
459669,Masculino,Sim,30,Sim,Ator/Atriz,0.0,Medio,2.0,Cat_6,B
467849,Feminino,Sim,40,Sim,Medico,0.0,Baixo,1.0,Cat_2,A
466873,Masculino,Sim,39,Sim,Enfermeiro,7.0,Medio,5.0,Cat_3,A
464837,Masculino,Sim,61,Sim,Ator/Atriz,1.0,Medio,5.0,Cat_4,B
462581,Feminino,Nao,28,Nao,Engenheiro,1.0,Baixo,4.0,Cat_4,A
466237,Masculino,Nao,18,Nao,Enfermeiro,0.0,Baixo,3.0,Cat_4,D
462707,Feminino,Sim,55,Sim,Ator/Atriz,0.0,Medio,4.0,Cat_6,C
467060,Masculino,Nao,39,Nao,Engenheiro,5.0,Baixo,2.0,Cat_6,D
460281,Feminino,Nao,29,Sim,Medico,10.0,Baixo,5.0,Cat_6,D
460164,Masculino,Sim,66,Nao,Engenheiro,1.0,Baixo,2.0,Cat_6,A
460431,Feminino,Nao,46,Sim,Engenheiro,1.0,Baixo,1.0,Cat_6,D
466901,Feminino,Sim,52,Sim,Ator/Atriz,0.0,Medio,3.0,Cat_7,C
463328,Feminino,Nao,23,Nao,Enfermeiro,0.0,Baixo,4.0,Cat_6,D
462246,Feminino,Sim,84,Nao,Advogado,1.0,Alto,2.0,Cat_6,B
462371,Feminino,Nao,27,Nao,Enfermeiro,5.0,Baixo,3.0,Cat_2,D
462022,Feminino,Sim,37,Sim,Ator/Atriz,1.0,Medio,3.0,Cat_3,B
460662,Feminino,Nao,46,Nao,Do Lar,9.0,Baixo,1.0,Cat_6,D
464022,Feminino,Nao,22,Nao,Enfermeiro,0.0,Baixo,3.0,Cat_6,D
461819,Masculino,Sim,42,Sim,Ator/Atriz,0.0,Medio,2.0,Cat_6,C
465735,Feminino,Sim,35,Sim,Ator/Atriz,1.0,Baixo,2.0,Cat_3,B
462804,Masculino,Sim,39,Nao,Executivo,5.0,Alto,3.0,Cat_4,D
464138,Feminino,Nao,27,Sim,Enfermeiro,0.0,Baixo,4.0,Cat_6,B
464224,Masculino,Sim,65,Nao,Engenheiro,1.0,Alto,2.0,Cat_6,B
463289,Feminino,Sim,39,Sim,Ator/Atriz,0.0,Medio,3.0,Cat_3,C
462038,Masculino,Nao,31,Sim,Ator/Atriz,4.0,Baixo,4.0,Cat_6,A
463341,Feminino,Sim,48,Nao,Engenheiro,1.0,Medio,6.0,Cat_3,A
463185,Feminino,Sim,58,Sim,Ator/Atriz,1.0,Medio,2.0,Cat_6,C
464379,Feminino,Sim,40,Sim,Engenheiro,12.0,Medio,3.0,Cat_6,B
464521,Masculino,Nao,26,Nao,Medico,2.0,Baixo,4.0,Cat_6,B
459575,Masculino,Nao,35,Sim,Ator/Atriz,0.0,Baixo,1.0,Cat_6,A
460003,Masculino,Nao,49,Sim,Medico,5.0,Baixo,1.0,Cat_6,D
462226,Masculino,Sim,26,Nao,Ator/Atriz,7.0,Baixo,4.0,Cat_4,A
466675,Feminino,Sim,49,Sim,Ator/Atriz,2.0,Medio,2.0,Cat_6,C
461124,Masculino,Nao,19,Nao,Enfermeiro,1.0,Baixo,8.0,Cat_4,D
464638,Masculino,Nao,39,Sim,Ator/Atriz,2.0,Baixo,3.0,Cat_4,B
462374,Masculino,Sim,37,Sim,Executivo,0.0,Alto,4.0,Cat_6,B
463526,Masculino,Nao,41,Sim,Medico,0.0,Baixo,1.0,Cat_6,A
462912,Feminino,Nao,26,Sim,Do Lar,8.0,Baixo,2.0,Cat_6,D
462604,Feminino,Sim,38,Nao,Medico,1.0,Medio,3.0,Cat_4,A
460708,Masculino,Sim,35,Sim,Ator/Atriz,0.0,Baixo,3.0,Cat_6,C
467015,Masculino,Sim,49,Sim,Ator/Atriz,0.0,Medio,2.0,Cat_6,C
467245,Feminino,Nao,38,Nao,Medico,0.0,Baixo,1.0,Cat_6,C
463619,Masculino,Sim,70,Nao,Executivo,1.0,Alto,2.0,Cat_6,A
467246,Masculino,Nao,21,Nao,Medico,9.0,Baixo,3.0,Cat_7,D
462969,Masculino,Sim,58,Sim,Ator/Atriz,8.0,Baixo,1.0,Cat_3,B
460959,Feminino,Nao,28,Nao,Ator/Atriz,5.0,Baixo,5.0,Cat_3,C
461911,Masculino,Sim,57,Nao,Executivo,0.0,Baixo,1.0,Cat_6,A
459882,Masculino,Sim,37,Sim,Ator/Atriz,1.0,Medio,2.0,Cat_6,B
459632,Feminino,Sim,52,Nao,Marketing,1.0,Alto,3.0,Cat_4,D
462613,Feminino,Sim,35,Nao,Engenheiro,0.0,Medio,5.0,Cat_4,D
466455,Feminino,Sim,30,Sim,Medico,4.0,Baixo,2.0,Cat_6,D
462394,Masculino,Sim,35,Sim,Ator/Atriz,0.0,Medio,2.0,Cat_6,C
462010,Feminino,Nao,31,Sim,Ator/Atriz,14.0,Baixo,3.0,Cat_2,A
461371,Masculino,Sim,37,Sim,Medico,0.0,Medio,2.0,Cat_6,A
462376,Masculino,Sim,71,Sim,Executivo,0.0,Alto,2.0,Cat_6,B
459845,Masculino,Sim,66,Sim,Enfermeiro,0.0,Baixo,1.0,Cat_4,D
462583,Masculino,Nao,26,Sim,Ator/Atriz,0.0,Baixo,4.0,Cat_4,D
459858,Feminino,Nao,31,Nao,Enfermeiro,8.0,Baixo,4.0,Cat_6,D
459091,Masculino,Sim,67,Sim,Ator/Atriz,0.0,Medio,6.0,Cat_1,B
467135,Feminino,Sim,51,Sim,Ator/Atriz,1.0,Medio,5.0,Cat_6,C
460413,Feminino,Nao,39,Sim,Ator/Atriz,7.0,Baixo,1.0,Cat_6,B
466206,Feminino,Sim,60,Sim,Ator/Atriz,2.0,Medio,2.0,Cat_3,C
467382,Masculino,Sim,36,Sim,Medico,9.0,Medio,2.0,Cat_6,C
463801,Feminino,Nao,30,Nao,Engenheiro,0.0,Baixo,1.0,Cat_6,A
460296,Feminino,Sim,60,Sim,Ator/Atriz,1.0,Baixo,2.0,Cat_6,A
463524,Feminino,Sim,40,Sim,Ator/Atriz,6.0,Medio,2.0,Cat_6,C
461775,Feminino,Sim,83,Nao,Advogado,0.0,Alto,2.0,Cat_6,B
462833,Masculino,Sim,33,Nao,Medico,0.0,Medio,5.0,Cat_6,D
465506,Masculino,Sim,43,Sim,Entretenimento,1.0,Medio,4.0,Cat_4,B
463366,Masculino,Sim,71,Nao,Advogado,0.0,Baixo,5.0,Cat_3,D
464987,Masculino,Sim,50,Sim,Executivo,1.0,Alto,5.0,Cat_6,B
459114,Masculino,Sim,57,Sim,Ator/Atriz,1.0,Medio,2.0,Cat_6,C
467928,Masculino,Sim,35,Sim,Ator/Atriz,2.0,Medio,2.0,Cat_6,C
462881,Feminino,Sim,66,Sim,Ator/Atriz,0.0,Alto,3.0,Cat_6,B
466524,Feminino,Sim,46,Sim,Ator/Atriz,0.0,Baixo,1.0,Cat_3,B
463191,Masculino,Nao,26,Nao,Enfermeiro,1.0,Baixo,1.0,Cat_4,D
460861,Masculino,Nao,21,Nao,Enfermeiro,1.0,Baixo,3.0,Cat_3,D
465610,Feminino,Nao,42,Sim,Ator/Atriz,8.0,Baixo,2.0,Cat_6,C
460206,Feminino,Sim,40,Sim,Entretenimento,1.0,Baixo,2.0,Cat_6,B
462876,Masculino,Nao,27,Nao,Medico,0.0,Baixo,4.0,Cat_1,D
465333,Feminino,Sim,37,Sim,Ator/Atriz,2.0,Baixo,2.0,Cat_7,C
460379,Masculino,Nao,35,Sim,Ator/Atriz,9.0,Baixo,3.0,Cat_6,A
462991,Masculino,Nao,28,Sim,Enfermeiro,0.0,Baixo,1.0,Cat_6,D
460307,Masculino,Nao,27,Nao,Entretenimento,6.0,Baixo,2.0,Cat_6,D
464383,Feminino,Sim,81,Sim,Advogado,1.0,Baixo,1.0,Cat_6,C
467931,Masculino,Nao,25,Sim,Medico,0.0,Baixo,2.0,Cat_6,D
466594,Masculino,Sim,72,Sim,Executivo,1.0,Alto,2.0,Cat_6,C
461200,Feminino,Nao,33,Sim,Medico,0.0,Baixo,5.0,Cat_6,C
465600,Masculino,Sim,40,Sim,Engenheiro,7.0,Baixo,2.0,Cat_3,B
459688,Masculino,Nao,52,Sim,Ator/Atriz,3.0,Baixo,1.0,Cat_6,B
463549,Masculino,Nao,23,Nao,Enfermeiro,0.0,Baixo,4.0,Cat_6,D
466696,Feminino,Sim,48,Sim,Ator/Atriz,2.0,Medio,4.0,Cat_6,C
462906,Feminino,Nao,31,Nao,Enfermeiro,0.0,Baixo,4.0,Cat_6,D
461527,Feminino,Nao,35,Sim,Ator/Atriz,1.0,Baixo,1.0,Cat_6,B
461354,Feminino,Nao,63,Nao,Entretenimento,0.0,Baixo,1.0,Cat_2,B
461661,Feminino,Sim,37,Sim,Ator/Atriz,7.0,Medio,2.0,Cat_2,C
463532,Feminino,Sim,67,Sim,Ator/Atriz,9.0,Baixo,3.0,Cat_6,B
465627,Feminino,Nao,37,Sim,Enfermeiro,1.0,Baixo,1.0,Cat_6,B
465242,Masculino,Nao,22,Nao,Enfermeiro,7.0,Baixo,4.0,Cat_3,D
465170,Feminino,Sim,46,Sim,Entretenimento,4.0,Baixo,3.0,Cat_6,C
467359,Masculino,Sim,41,Sim,Ator/Atriz,6.0,Medio,2.0,Cat_6,C
460415,Feminino,Nao,59,Sim,Entretenimento,1.0,Baixo,2.0,Cat_6,A
459432,Masculino,Sim,84,Sim,Advogado,0.0,Baixo,3.0,Cat_6,A
467141,Masculino,Sim,50,Sim,Ator/Atriz,1.0,Baixo,3.0,Cat_6,A
465035,Feminino,Sim,74,Sim,Advogado,12.0,Alto,2.0,Cat_6,C
461415,Masculino,Nao,48,Sim,Entretenimento,0.0,Baixo,3.0,Cat_6,A
461957,Masculino,Sim,47,Sim,Entretenimento,1.0,Medio,4.0,Cat_6,C
465523,Feminino,Sim,45,Sim,Engenheiro,0.0,Alto,5.0,Cat_6,C
465279,Masculino,Sim,53,Sim,Enfermeiro,0.0,Alto,4.0,Cat_6,A
463782,Feminino,Nao,29,Sim,Ator/Atriz,8.0,Baixo,1.0,Cat_6,A
463243,Masculino,Nao,19,Nao,Enfermeiro,0.0,Baixo,3.0,Cat_6,D
465489,Feminino,Nao,50,Sim,Engenheiro,1.0,Baixo,5.0,Cat_6,A
467100,Feminino,Nao,42,Sim,Ator/Atriz,0.0,Baixo,1.0,Cat_2,B
460154,Masculino,Nao,29,Sim,Entretenimento,8.0,Baixo,4.0,Cat_6,C
464030,Masculino,Nao,18,Nao,Entretenimento,1.0,Baixo,4.0,Cat_6,D
463220,Masculino,Sim,46,Nao,Engenheiro,0.0,Medio,3.0,Cat_6,B
467564,Masculino,Sim,72,Sim,Ator/Atriz,0.0,Medio,2.0,Cat_6,B
465113,Masculino,Sim,66,Sim,Advogado,1.0,Alto,2.0,Cat_4,C
465965,Feminino,Sim,41,Nao,Marketing,8.0,Baixo,2.0,Cat_6,A
460907,Masculino,Sim,82,Nao,Advogado,1.0,Alto,3.0,Cat_6,A
467314,Masculino,Sim,43,Nao,Ator/Atriz,0.0,Medio,2.0,Cat_6,C
459951,Masculino,Sim,53,Sim,Ator/Atriz,0.0,Baixo,1.0,Cat_6,A
467295,Masculino,Nao,29,Nao,Enfermeiro,0.0,Baixo,3.0,Cat_6,C
466212,Feminino,Sim,53,Sim,Ator/Atriz,0.0,Medio,3.0,Cat_6,C
463533,Feminino,Sim,87,Sim,Ator/Atriz,1.0,Alto,2.0,Cat_2,C
467890,Masculino,Sim,62,Sim,Entretenimento,0.0,Medio,4.0,Cat_6,B
467541,Masculino,Sim,43,Sim,Ator/Atriz,1.0,Alto,3.0,Cat_6,A
460183,Masculino,Nao,36,Nao,Entretenimento,8.0,Baixo,2.0,Cat_6,D
463634,Feminino,Nao,30,Sim,Medico,0.0,Baixo,3.0,Cat_6,A
463100,Feminino,Nao,37,Nao,Do Lar,8.0,Baixo,1.0,Cat_6,D
460550,Feminino,Sim,59,Sim,Ator/Atriz,0.0,Medio,4.0,Cat_3,C
465867,Feminino,Sim,35,Sim,Ator/Atriz,8.0,Alto,5.0,Cat_6,B
462964,Masculino,Sim,39,Nao,Ator/Atriz,7.0,Medio,3.0,Cat_6,C
466685,Feminino,Nao,19,Nao,Enfermeiro,0.0,Baixo,5.0,Cat_6,D
463005,Feminino,Sim,40,Sim,Do Lar,10.0,Medio,2.0,Cat_4,B
464796,Masculino,Sim,43,Nao,Marketing,3.0,Alto,4.0,Cat_4,A
460682,Masculino,Sim,43,Nao,Ator/Atriz,6.0,Baixo,2.0,Cat_3,B
459744,Masculino,Sim,29,Sim,Ator/Atriz,9.0,Medio,2.0,Cat_6,B
460084,Feminino,Nao,27,Sim,Enfermeiro,1.0,Baixo,2.0,Cat_6,D
461119,Feminino,Nao,23,Nao,Enfermeiro,6.0,Baixo,3.0,Cat_3,D
463441,Masculino,Sim,42,Sim,Ator/Atriz,8.0,Alto,4.0,Cat_6,C
466971,Masculino,Nao,65,Sim,Executivo,9.0,Baixo,3.0,Cat_6,D
463208,Masculino,Sim,57,Sim,Executivo,1.0,Medio,5.0,Cat_6,C
467877,Feminino,Sim,46,Sim,Ator/Atriz,0.0,Medio,2.0,Cat_6,C
464471,Masculino,Sim,30,Sim,Medico,0.0,Baixo,3.0,Cat_6,D
467360,Masculino,Sim,51,Sim,Ator/Atriz,0.0,Medio,4.0,Cat_6,B
461576,Masculino,Sim,39,Sim,Ator/Atriz,10.0,Baixo,2.0,Cat_4,C
461966,Feminino,Nao,41,Sim,Ator/Atriz,1.0,Baixo,1.0,Cat_6,C
463398,Masculino,Nao,29,Nao,Marketing,9.0,Baixo,4.0,Cat_3,C
466096,Masculino,Sim,76,Sim,Advogado,0.0,Baixo,2.0,Cat_4,B
461082,Masculino,Nao,23,Nao,Enfermeiro,8.0,Baixo,4.0,Cat_1,D
465942,Feminino,Sim,33,Sim,Marketing,8.0,Alto,2.0,Cat_6,D
464354,Feminino,Nao,43,Sim,Engenheiro,3.0,Baixo,2.0,Cat_4,A
464252,Masculino,Sim,35,Sim,Ator/Atriz,1.0,Medio,4.0,Cat_6,C
463463,Masculino,Sim,32,Nao,Medico,0.0,Baixo,2.0,Cat_6,A
465592,Masculino,Sim,65,Sim,Entretenimento,1.0,Baixo,1.0,Cat_6,B
462214,Masculino,Sim,49,Nao,Medico,1.0,Baixo,2.0,Cat_4,D
466707,Feminino,Sim,48,Sim,Do Lar,1.0,Baixo,4.0,Cat_6,B
459956,Feminino,Sim,39,Sim,Enfermeiro,8.0,Medio,2.0,Cat_6,D
460847,Masculino,Nao,27,Sim,Ator/Atriz,1.0,Baixo,3.0,Cat_6,A
462816,Masculino,Sim,76,Nao,Entretenimento,0.0,Baixo,1.0,Cat_6,D
461979,Masculino,Sim,35,Sim,Ator/Atriz,9.0,Medio,2.0,Cat_6,C
467170,Masculino,Sim,35,Sim,Ator/Atriz,8.0,Baixo,4.0,Cat_7,A
462609,Feminino,Sim,48,Nao,Medico,4.0,Baixo,1.0,Cat_4,D
466332,Masculino,Nao,23,Nao,Enfermeiro,0.0,Baixo,3.0,Cat_2,D
459594,Feminino,Sim,42,Sim,Ator/Atriz,5.0,Baixo,1.0,Cat_6,A
464147,Masculino,Sim,41,Sim,Ator/Atriz,0.0,Alto,3.0,Cat_6,C
464119,Masculino,Sim,36,Sim,Ator/Atriz,0.0,Medio,2.0,Cat_6,C
463310,Masculino,Sim,60,Sim,Entretenimento,0.0,Baixo,2.0,Cat_3,A
465706,Feminino,Sim,46,Sim,Ator/Atriz,1.0,Medio,3.0,Cat_6,C
466174,Feminino,Nao,20,Nao,Enfermeiro,8.0,Baixo,4.0,Cat_2,D
463596,Feminino,Nao,31,Nao,Enfermeiro,0.0,Baixo,4.0,Cat_6,C
465455,Masculino,Nao,26,Nao,Medico,0.0,Baixo,2.0,Cat_6,D
462867,Masculino,Sim,28,Nao,Ator/Atriz,1.0,Baixo,2.0,Cat_6,A
459140,Feminino,Nao,18,Nao,Enfermeiro,7.0,Baixo,6.0,Cat_6,D
464295,Feminino,Nao,30,Nao,Enfermeiro,7.0,Baixo,6.0,Cat_4,C
460067,Feminino,Nao,39,Sim,Entretenimento,11.0,Baixo,1.0,Cat_6,A
467222,Masculino,Sim,74,Sim,Entretenimento,1.0,Medio,2.0,Cat_6,A
461482,Feminino,Nao,52,Sim,Ator/Atriz,9.0,Baixo,1.0,Cat_6,C
463722,Masculino,Sim,55,Sim,Executivo,9.0,Alto,2.0,Cat_6,C
462278,Masculino,Nao,31,Sim,Enfermeiro,0.0,Baixo,4.0,Cat_6,C
463799,Feminino,Nao,41,Sim,Ator/Atriz,0.0,Baixo,4.0,Cat_2,B
464259,Masculino,Sim,59,Sim,Ator/Atriz,1.0,Medio,4.0,Cat_6,B
467159,Feminino,Sim,39,Sim,Do Lar,8.0,Alto,2.0,Cat_6,D
462003,Masculino,Sim,79,Nao,Advogado,9.0,Baixo,3.0,Cat_6,D
464298,Masculino,Nao,26,Nao,Medico,1.0,Baixo,1.0,Cat_6,A
465039,Feminino,Sim,88,Nao,Advogado,0.0,Alto,2.0,Cat_6,B
467973,Feminino,Sim,66,Sim,Engenheiro,0.0,Medio,3.0,Cat_6,A
461721,Masculino,Nao,26,Sim,Entretenimento,7.0,Baixo,5.0,Cat_5,D
463166,Feminino,Nao,41,Sim,Ator/Atriz,1.0,Baixo,1.0,Cat_4,A
465944,Feminino,Sim,36,Nao,Engenheiro,4.0,Alto,3.0,Cat_7,A
461061,Feminino,Nao,38,Sim,Engenheiro,3.0,Baixo,1.0,Cat_2,B
463010,Masculino,Sim,81,Nao,Executivo,0.0,Baixo,1.0,Cat_6,D
464756,Feminino,Nao,25,Nao,Engenheiro,5.0,Baixo,3.0,Cat_4,B
464006,Masculino,Nao,32,Nao,Enfermeiro,0.0,Baixo,5.0,Cat_6,B
461206,Masculino,Nao,28,Sim,Enfermeiro,9.0,Baixo,1.0,Cat_6,D
466216,Masculino,Nao,29,Nao,Entretenimento,1.0,Baixo,4.0,Cat_4,A
463690,Feminino,Nao,28,Nao,Enfermeiro,7.0,Baixo,4.0,Cat_6,D
465929,Masculino,Nao,26,Sim,Enfermeiro,8.0,Baixo,5.0,Cat_6,D
461736,Masculino,Sim,47,Sim,Entretenimento,1.0,Medio,4.0,Cat_6,C
460402,Feminino,Sim,50,Sim,Medico,1.0,Baixo,2.0,Cat_7,A
467367,Masculino,Sim,70,Sim,Advogado,1.0,Baixo,2.0,Cat_6,B
464918,Masculino,Nao,39,Nao,Ator/Atriz,1.0,Baixo,1.0,Cat_4,D
461639,Masculino,Sim,60,Sim,Ator/Atriz,0.0,Medio,2.0,Cat_6,A
464254,Masculino,Sim,63,Sim,Entretenimento,0.0,Medio,3.0,Cat_6,C
462579,Feminino,Sim,68,Nao,Advogado,1.0,Baixo,2.0,Cat_4,B
466976,Masculino,Sim,47,Sim,Ator/Atriz,0.0,Baixo,1.0,Cat_6,B
467079,Masculino,Sim,40,Sim,Ator/Atriz,1.0,Baixo,2.0,Cat_6,B
467724,Masculino,Sim,46,Nao,Ator/Atriz,1.0,Alto,3.0,Cat_6,B
459792,Masculino,Sim,42,Sim,Ator/Atriz,6.0,Baixo,3.0,Cat_6,A
464789,Feminino,Sim,48,Sim,Ator/Atriz,0.0,Medio,5.0,Cat_4,B
467143,Feminino,Nao,53,Nao,Advogado,1.0,Baixo,3.0,Cat_6,D
464370,Masculino,Sim,65,Sim,Entretenimento,0.0,Medio,2.0,Cat_6,B
459415,Masculino,Nao,26,Nao,Medico,0.0,Baixo,4.0,Cat_6,A
459387,Masculino,Nao,35,Sim,Medico,0.0,Baixo,1.0,Cat_6,D
467895,Feminino,Nao,27,Sim,Enfermeiro,0.0,Baixo,4.0,Cat_6,C
459838,Feminino,Sim,86,Nao,Advogado,0.0,Alto,2.0,Cat_6,C
463695,Feminino,Nao,30,Sim,Medico,1.0,Baixo,4.0,Cat_2,A
464512,Masculino,Sim,43,Nao,Executivo,8.0,Baixo,3.0,Cat_6,A
467419,Feminino,Sim,38,Sim,Ator/Atriz,4.0,Baixo,1.0,Cat_6,B
462511,Feminino,Sim,66,Sim,Advogado,1.0,Alto,2.0,Cat_6,C
464124,Feminino,Sim,74,Sim,Medico,1.0,Baixo,2.0,Cat_6,B
466194,Masculino,Sim,89,Nao,Advogado,0.0,Baixo,1.0,Cat_6,A
461807,Masculino,Nao,30,Sim,Medico,10.0,Baixo,4.0,Cat_6,D
460456,Masculino,Sim,33,Nao,Executivo,0.0,Alto,5.0,Cat_3,D
462932,Feminino,Sim,37,Sim,Do Lar,3.0,Alto,3.0,Cat_6,A
461297,Masculino,Sim,69,Nao,Advogado,0.0,Alto,2.0,Cat_6,C
464430,Feminino,Sim,51,Sim,Engenheiro,6.0,Medio,2.0,Cat_6,C
459416,Masculino,Nao,19,Nao,Ator/Atriz,10.0,Baixo,3.0,Cat_6,A
464743,Masculino,Sim,45,Sim,Entretenimento,0.0,Medio,2.0,Cat_4,B
466276,Feminino,Nao,32,Nao,Medico,0.0,Baixo,5.0,Cat_4,D
467829,Feminino,Nao,22,Nao,Medico,3.0,Baixo,4.0,Cat_2,D
463813,Feminino,Nao,26,Nao,Engenheiro,1.0,Baixo,6.0,Cat_6,A
461733,Feminino,Sim,43,Sim,Ator/Atriz,0.0,Alto,3.0,Cat_6,B
466925,Masculino,Nao,19,Nao,Enfermeiro,7.0,Baixo,2.0,Cat_6,D
467846,Masculino,Sim,48,Sim,Ator/Atriz,1.0,Medio,3.0,Cat_6,C
459596,Feminino,Sim,61,Sim,Medico,1.0,Medio,2.0,Cat_6,B
460597,Feminino,Nao,20,Nao,Marketing,1.0,Baixo,2.0,Cat_3,D
467788,Masculino,Nao,22,Nao,Enfermeiro,0.0,Baixo,4.0,Cat_6,D
467966,Feminino,Nao,31,Sim,Entretenimento,9.0,Baixo,3.0,Cat_7,D
464503,Masculino,Nao,25,Sim,Ator/Atriz,9.0,Baixo,3.0,Cat_6,A
460242,Masculino,Sim,41,Sim,Enfermeiro,8.0,Baixo,3.0,Cat_6,C
467014,Masculino,Sim,36,Sim,Executivo,9.0,Alto,3.0,Cat_6,C
466637,Masculino,Sim,48,Sim,Ator/Atriz,1.0,Alto,5.0,Cat_2,C
462553,Masculino,Nao,27,Nao,Ator/Atriz,1.0,Baixo,1.0,Cat_6,B
459287,Masculino,Nao,35,Sim,Advogado,1.0,Baixo,1.0,Cat_4,D
464074,Feminino,Sim,39,Sim,Medico,0.0,Medio,3.0,Cat_6,C
463734,Masculino,Sim,38,Nao,Executivo,0.0,Medio,3.0,Cat_6,A
466575,Feminino,Sim,57,Sim,Ator/Atriz,7.0,Medio,3.0,Cat_6,C
459193,Masculino,Nao,38,Sim,Ator/Atriz,1.0,Baixo,1.0,Cat_6,A
462143,Masculino,Sim,80,Nao,Ator/Atriz,1.0,Baixo,2.0,Cat_6,A
467140,Masculino,Sim,61,Sim,Entretenimento,9.0,Medio,2.0,Cat_6,C
463356,Masculino,Nao,29,Sim,Enfermeiro,5.0,Baixo,4.0,Cat_2,D
466797,Feminino,Nao,23,Nao,Enfermeiro,1.0,Baixo,4.0,Cat_6,D
459234,Feminino,Sim,83,Nao,Advogado,1.0,Baixo,1.0,Cat_6,D
460442,Masculino,Sim,37,Sim,Entretenimento,0.0,Medio,3.0,Cat_6,B
463901,Masculino,Sim,35,Nao,Ator/Atriz,0.0,Baixo,6.0,Cat_4,C
465494,Masculino,Sim,41,Sim,Medico,9.0,Medio,2.0,Cat_6,B
459239,Masculino,Sim,81,Nao,Entretenimento,1.0,Baixo,1.0,Cat_6,A
466379,Feminino,Sim,58,Sim,Do Lar,2.0,Baixo,1.0,Cat_6,C
464759,Feminino,Nao,38,Nao,Engenheiro,8.0,Baixo,1.0,Cat_4,A
461994,Masculino,Sim,18,Nao,Medico,10.0,Baixo,2.0,Cat_6,D
461802,Masculino,Nao,37,Sim,Ator/Atriz,1.0,Baixo,4.0,Cat_6,B
462527,Masculino,Sim,43,Nao,Ator/Atriz,4.0,Medio,2.0,Cat_6,C
461800,Feminino,Nao,36,Sim,Medico,4.0,Baixo,1.0,Cat_2,B
460933,Feminino,Sim,76,Sim,Advogado,0.0,Alto,2.0,Cat_6,A
460189,Masculino,Nao,33,Nao,Entretenimento,14.0,Baixo,1.0,Cat_6,D
459031,Masculino,Sim,43,Nao,Executivo,1.0,Alto,5.0,Cat_4,B
464673,Masculino,Sim,47,Nao,Executivo,1.0,Alto,7.0,Cat_2,D
459101,Masculino,Sim,81,Nao,Advogado,8.0,Baixo,2.0,Cat_6,B
460136,Masculino,Nao,27,Sim,Ator/Atriz,10.0,Baixo,3.0,Cat_6,D
460973,Masculino,Nao,29,Nao,Entretenimento,1.0,Baixo,5.0,Cat_6,D
460187,Feminino,Nao,38,Sim,Medico,4.0,Baixo,3.0,Cat_6,A
459700,Masculino,Sim,37,Sim,Executivo,0.0,Medio,5.0,Cat_6,B
464787,Masculino,Nao,47,Nao,Entretenimento,1.0,Baixo,1.0,Cat_4,A
462614,Masculino,Sim,51,Nao,Entretenimento,1.0,Medio,5.0,Cat_4,D
460813,Feminino,Sim,86,Nao,Advogado,1.0,Alto,2.0,Cat_6,A
462698,Feminino,Sim,56,Sim,Entretenimento,1.0,Medio,2.0,Cat_6,A
463344,Masculino,Sim,59,Sim,Ator/Atriz,3.0,Medio,2.0,Cat_6,B
463633,Masculino,Sim,33,Sim,Medico,0.0,Medio,2.0,Cat_6,B
462317,Feminino,Nao,32,Nao,Entretenimento,3.0,Baixo,6.0,Cat_4,D
467353,Masculino,Sim,26,Nao,Ator/Atriz,3.0,Baixo,2.0,Cat_6,A
464553,Masculino,Sim,70,Sim,Ator/Atriz,1.0,Baixo,2.0,Cat_6,B
463518,Masculino,Sim,30,Nao,Executivo,5.0,Alto,4.0,Cat_6,A
459711,Masculino,Sim,37,Nao,Executivo,9.0,Alto,6.0,Cat_6,D
460788,Feminino,Nao,30,Sim,Medico,0.0,Baixo,9.0,Cat_4,A
459392,Feminino,Nao,23,Nao,Medico,0.0,Baixo,3.0,Cat_6,C
467887,Feminino,Nao,42,Sim,Ator/Atriz,0.0,Baixo,2.0,Cat_1,B
467743,Masculino,Sim,48,Nao,Executivo,1.0,Alto,4.0,Cat_1,B
460368,Masculino,Nao,28,Sim,Enfermeiro,0.0,Baixo,7.0,Cat_6,C
463126,Feminino,Sim,65,Sim,Ator/Atriz,3.0,Medio,2.0,Cat_6,C
467046,Feminino,Nao,28,Nao,Medico,0.0,Baixo,5.0,Cat_3,A
462439,Masculino,Nao,18,Nao,Enfermeiro,1.0,Baixo,4.0,Cat_6,D
464182,Masculino,Sim,35,Sim,Ator/Atriz,4.0,Medio,2.0,Cat_2,C
464810,Feminino,Nao,27,Nao,Engenheiro,1.0,Baixo,1.0,Cat_4,A
464234,Masculino,Sim,68,Sim,Entretenimento,0.0,Baixo,3.0,Cat_2,A
464683,Masculino,Sim,52,Nao,Engenheiro,0.0,Medio,6.0,Cat_4,B
463349,Masculino,Nao,20,Nao,Enfermeiro,5.0,Baixo,5.0,Cat_2,D
465866,Masculino,Sim,35,Sim,Ator/Atriz,7.0,Baixo,3.0,Cat_6,D
465261,Feminino,Nao,21,Sim,Enfermeiro,0.0,Baixo,4.0,Cat_1,D
459780,Feminino,Nao,42,Nao,Entretenimento,1.0,Baixo,3.0,Cat_6,A
462031,Feminino,Sim,50,Sim,Ator/Atriz,0.0,Medio,2.0,Cat_6,C
463941,Feminino,Nao,32,Nao,Ator/Atriz,1.0,Baixo,6.0,Cat_4,D
466842,Masculino,Nao,19,Nao,Enfermeiro,8.0,Baixo,5.0,Cat_2,D
459014,Masculino,Nao,22,Nao,Enfermeiro,0.0,Baixo,4.0,Cat_6,D
462420,Masculino,Nao,27,Sim,Enfermeiro,1.0,Baixo,3.0,Cat_6,C
465250,Masculino,Nao,22,Nao,Enfermeiro,0.0,Baixo,4.0,Cat_4,D
466513,Feminino,Sim,55,Sim,Ator/Atriz,1.0,Medio,3.0,Cat_6,B
461791,Feminino,Nao,22,Nao,Advogado,8.0,Baixo,1.0,Cat_6,D
464586,Feminino,Nao,46,Sim,Ator/Atriz,1.0,Baixo,1.0,Cat_3,B
461391,Masculino,Sim,65,Sim,Entretenimento,3.0,Baixo,3.0,Cat_6,C
466658,Feminino,Nao,18,Nao,Enfermeiro,0.0,Baixo,4.0,Cat_6,D
459728,Feminino,Sim,53,Sim,Ator/Atriz,2.0,Medio,4.0,Cat_6,C
462219,Masculino,Sim,59,Nao,Executivo,0.0,Baixo,5.0,Cat_4,B
467553,Feminino,Nao,32,Sim,Enfermeiro,8.0,Baixo,3.0,Cat_6,D
459655,Masculino,Sim,39,Sim,Ator/Atriz,1.0,Medio,3.0,Cat_6,B
462182,Masculino,Sim,88,Nao,Ator/Atriz,7.0,Baixo,1.0,Cat_6,D
459119,Masculino,Sim,61,Sim,Executivo,9.0,Alto,3.0,Cat_6,C
460721,Masculino,Nao,21,Nao,Enfermeiro,1.0,Baixo,4.0,Cat_6,D
459517,Masculino,Nao,31,Sim,Enfermeiro,1.0,Baixo,4.0,Cat_6,D
461441,Masculino,Sim,58,Sim,Ator/Atriz,1.0,Medio,4.0,Cat_6,C
465390,Feminino,Nao,27,Sim,Marketing,3.0,Baixo,3.0,Cat_6,D
466160,Feminino,Sim,51,Sim,Engenheiro,1.0,Medio,2.0,Cat_6,C
463842,Feminino,Sim,48,Sim,Engenheiro,0.0,Alto,4.0,Cat_6,B
465902,Masculino,Nao,25,Sim,Executivo,3.0,Baixo,3.0,Cat_6,D
467034,Masculino,Sim,89,Nao,Executivo,0.0,Alto,2.0,Cat_6,A
465747,Feminino,Nao,40,Sim,Ator/Atriz,6.0,Baixo,1.0,Cat_6,C
464203,Masculino,Nao,56,Sim,Ator/Atriz,2.0,Baixo,1.0,Cat_6,B
462373,Masculino,Sim,36,Sim,Entretenimento,9.0,Alto,3.0,Cat_6,B
465364,Feminino,Nao,38,Sim,Medico,5.0,Baixo,5.0,Cat_2,A
464280,Masculino,Sim,47,Sim,Entretenimento,1.0,Baixo,4.0,Cat_6,C
460993,Masculino,Sim,61,Sim,Ator/Atriz,1.0,Medio,4.0,Cat_6,C
464227,Masculino,Sim,89,Sim,Advogado,0.0,Alto,2.0,Cat_6,C
461141,Masculino,Sim,55,Nao,Do Lar,2.0,Baixo,1.0,Cat_3,A
467282,Feminino,Sim,43,Sim,Ator/Atriz,4.0,Medio,2.0,Cat_6,A
459790,Masculino,Nao,28,Nao,Medico,10.0,Baixo,3.0,Cat_6,C
464670,Masculino,Sim,42,Nao,Entretenimento,0.0,Medio,4.0,Cat_4,B
461136,Masculino,Nao,59,Sim,Ator/Atriz,1.0,Baixo,1.0,Cat_6,B
460283,Masculino,Sim,43,Sim,Medico,14.0,Baixo,2.0,Cat_6,A
460337,Feminino,Nao,42,Sim,Marketing,10.0,Baixo,3.0,Cat_6,D
463275,Masculino,Sim,29,Nao,Entretenimento,7.0,Medio,2.0,Cat_3,D
466861,Feminino,Nao,21,Nao,Enfermeiro,8.0,Baixo,7.0,Cat_2,D
463177,Masculino,Nao,41,Sim,Entretenimento,7.0,Baixo,2.0,Cat_1,D
461874,Masculino,Sim,48,Sim,Medico,0.0,Medio,3.0,Cat_3,A
462506,Masculino,Nao,31,Nao,Enfermeiro,1.0,Baixo,4.0,Cat_6,C
466868,Masculino,Nao,26,Sim,Medico,4.0,Baixo,3.0,Cat_2,A
461253,Feminino,Nao,18,Nao,Enfermeiro,0.0,Baixo,5.0,Cat_4,D
461830,Masculino,Sim,42,Sim,Executivo,1.0,Alto,3.0,Cat_6,C
464748,Feminino,Sim,52,Nao,Engenheiro,9.0,Medio,5.0,Cat_4,B
461904,Feminino,Sim,50,Sim,Ator/Atriz,4.0,Medio,2.0,Cat_5,C
467562,Masculino,Sim,71,Sim,Executivo,0.0,Alto,3.0,Cat_6,A
465168,Feminino,Sim,59,Nao,Entretenimento,8.0,Medio,2.0,Cat_6,B
459162,Feminino,Sim,85,Sim,Advogado,0.0,Alto,2.0,Cat_6,A
462831,Masculino,Sim,29,Nao,Executivo,1.0,Alto,3.0,Cat_6,D
465576,Masculino,Sim,43,Nao,Executivo,4.0,Medio,5.0,Cat_4,A
464474,Feminino,Nao,52,Sim,Ator/Atriz,1.0,Baixo,1.0,Cat_6,A
465169,Feminino,Nao,59,Sim,Medico,0.0,Baixo,4.0,Cat_6,B
460235,Feminino,Nao,23,Nao,Enfermeiro,1.0,Baixo,3.0,Cat_6,D
462580,Feminino,Nao,39,Sim,Ator/Atriz,0.0,Baixo,1.0,Cat_4,B
467313,Masculino,Sim,39,Sim,Entretenimento,1.0,Medio,2.0,Cat_6,B
460400,Feminino,Sim,46,Sim,Entretenimento,5.0,Baixo,2.0,Cat_6,A
463406,Masculino,Nao,33,Nao,Marketing,0.0,Baixo,4.0,Cat_3,C
459135,Masculino,Sim,53,Sim,Executivo,0.0,Alto,4.0,Cat_6,C
462972,Feminino,Sim,62,Sim,Ator/Atriz,1.0,Baixo,1.0,Cat_6,B
466284,Masculino,Sim,46,Sim,Ator/Atriz,1.0,Medio,5.0,Cat_2,C
464410,Masculino,Sim,40,Sim,Ator/Atriz,0.0,Medio,2.0,Cat_6,C
466005,Masculino,Nao,62,Sim,Entretenimento,1.0,Baixo,4.0,Cat_2,C
459206,Feminino,Nao,25,Nao,Ator/Atriz,1.0,Baixo,3.0,Cat_6,C
461156,Masculino,Nao,22,Nao,Marketing,3.0,Baixo,6.0,Cat_3,D
465515,Feminino,Sim,47,Sim,Ator/Atriz,1.0,Alto,6.0,Cat_6,B
460883,Masculino,Sim,68,Sim,Ator/Atriz,0.0,Alto,2.0,Cat_6,B
465380,Masculino,Nao,25,Nao,Entretenimento,5.0,Baixo,2.0,Cat_6,D
461218,Masculino,Sim,27,Nao,Executivo,0.0,Baixo,6.0,Cat_6,D
467186,Masculino,Sim,38,Sim,Entretenimento,2.0,Medio,3.0,Cat_3,B
461859,Feminino,Sim,46,Nao,Ator/Atriz,5.0,Baixo,5.0,Cat_6,C
467821,Feminino,Sim,37,Sim,Ator/Atriz,1.0,Baixo,2.0,Cat_6,C
462525,Feminino,Sim,41,Sim,Ator/Atriz,0.0,Medio,2.0,Cat_6,C
462787,Feminino,Nao,29,Nao,Ator/Atriz,1.0,Baixo,1.0,Cat_3,A
459055,Feminino,Nao,19,Nao,Entretenimento,1.0,Baixo,5.0,Cat_6,D
462605,Masculino,Sim,82,Nao,Executivo,1.0,Alto,2.0,Cat_4,D
461252,Feminino,Sim,48,Sim,Medico,1.0,Baixo,1.0,Cat_3,D
464340,Masculino,Sim,67,Sim,Ator/Atriz,1.0,Alto,2.0,Cat_6,B
461872,Feminino,Sim,77,Sim,Advogado,0.0,Alto,2.0,Cat_6,B
467423,Masculino,Sim,61,Sim,Ator/Atriz,0.0,Baixo,1.0,Cat_6,B
463865,Masculino,Sim,46,Sim,Ator/Atriz,0.0,Medio,5.0,Cat_6,B
458984,Masculino,Sim,39,Sim,Ator/Atriz,0.0,Medio,3.0,Cat_6,C
459142,Feminino,Sim,89,Sim,Ator/Atriz,0.0,Alto,3.0,Cat_6,C
466389,Feminino,Sim,47,Sim,Engenheiro,0.0,Medio,2.0,Cat_6,A
460632,Feminino,Nao,22,Nao,Enfermeiro,0.0,Baixo,3.0,Cat_3,D
465626,Feminino,Nao,42,Sim,Ator/Atriz,7.0,Baixo,3.0,Cat_6,C
461768,Masculino,Sim,69,Sim,Ator/Atriz,0.0,Alto,2.0,Cat_6,C
462242,Feminino,Nao,30,Sim,Entretenimento,0.0,Baixo,5.0,Cat_1,D
466949,Masculino,Sim,39,Nao,Executivo,12.0,Alto,7.0,Cat_6,B
465479,Masculino,Nao,27,Nao,Ator/Atriz,1.0,Baixo,1.0,Cat_4,D
464845,Masculino,Sim,30,Nao,Engenheiro,1.0,Medio,3.0,Cat_4,A
465066,Masculino,Sim,47,Sim,Executivo,7.0,Alto,4.0,Cat_6,C
466817,Feminino,Sim,81,Nao,Advogado,0.0,Alto,2.0,Cat_6,B
466436,Masculino,Sim,42,Nao,Medico,0.0,Medio,3.0,Cat_6,B
467974,Feminino,Nao,43,Sim,Ator/Atriz,1.0,Baixo,1.0,Cat_4,B
460341,Feminino,Nao,31,Nao,Entretenimento,11.0,Baixo,5.0,Cat_7,D
467463,Feminino,Sim,39,Sim,Ator/Atriz,8.0,Medio,3.0,Cat_6,B
466235,Feminino,Sim,57,Sim,Ator/Atriz,0.0,Medio,4.0,Cat_4,C
466094,Feminino,Nao,31,Nao,Enfermeiro,0.0,Baixo,3.0,Cat_6,B
461451,Feminino,Nao,28,Sim,Engenheiro,1.0,Baixo,6.0,Cat_2,A
460473,Masculino,Sim,58,Sim,Ator/Atriz,0.0,Medio,2.0,Cat_4,B
461786,Masculino,Sim,71,Sim,Advogado,0.0,Alto,2.0,Cat_6,C
466745,Feminino,Sim,36,Sim,Do Lar,0.0,Medio,2.0,Cat_6,B
460124,Feminino,Nao,43,Sim,Ator/Atriz,1.0,Baixo,3.0,Cat_6,A
459910,Masculino,Sim,69,Sim,Ator/Atriz,1.0,Baixo,2.0,Cat_6,B
464082,Masculino,Sim,77,Sim,Advogado,0.0,Baixo,1.0,Cat_6,A
461487,Masculino,Sim,50,Sim,Ator/Atriz,1.0,Medio,4.0,Cat_6,C
465188,Feminino,Sim,50,Sim,Ator/Atriz,1.0,Medio,4.0,Cat_6,B
467255,Feminino,Nao,40,Sim,Enfermeiro,6.0,Baixo,2.0,Cat_6,D
466993,Feminino,Sim,43,Sim,Engenheiro,9.0,Medio,2.0,Cat_6,C
464403,Feminino,Sim,65,Sim,Advogado,0.0,Alto,3.0,Cat_6,C
461518,Feminino,Sim,46,Sim,Ator/Atriz,0.0,Medio,4.0,Cat_3,B
464848,Masculino,Sim,35,Nao,Entretenimento,1.0,Medio,4.0,Cat_4,B
460715,Feminino,Sim,86,Nao,Advogado,0.0,Alto,2.0,Cat_6,A
466963,Masculino,Nao,63,Nao,Entretenimento,7.0,Baixo,1.0,Cat_6,A
466508,Feminino,Sim,40,Sim,Ator/Atriz,9.0,Medio,5.0,Cat_6,B
460125,Feminino,Sim,55,Sim,Ator/Atriz,10.0,Baixo,1.0,Cat_6,B
462325,Masculino,Nao,37,Sim,Enfermeiro,1.0,Baixo,4.0,Cat_4,B
461537,Masculino,Nao,31,Sim,Ator/Atriz,0.0,Baixo,1.0,Cat_6,B
461679,Masculino,Nao,28,Sim,Enfermeiro,4.0,Baixo,4.0,Cat_6,D
463559,Feminino,Sim,48,Sim,Engenheiro,1.0,Alto,3.0,Cat_6,B
467018,Masculino,Sim,57,Sim,Ator/Atriz,1.0,Medio,5.0,Cat_6,C
466104,Masculino,Sim,81,Sim,Advogado,1.0,Baixo,1.0,Cat_6,B
467825,Feminino,Nao,21,Nao,Marketing,1.0,Baixo,8.0,Cat_6,C
466599,Feminino,Nao,33,Sim,Enfermeiro,1.0,Baixo,2.0,Cat_6,C
466724,Masculino,Nao,38,Sim,Ator/Atriz,0.0,Baixo,2.0,Cat_6,B
467881,Feminino,Nao,33,Sim,Ator/Atriz,10.0,Baixo,1.0,Cat_7,A
462578,Masculino,Sim,38,Sim,Ator/Atriz,8.0,Medio,2.0,Cat_4,B
459177,Feminino,Sim,39,Sim,Ator/Atriz,1.0,Medio,4.0,Cat_6,A
459232,Feminino,Sim,59,Sim,Ator/Atriz,0.0,Alto,2.0,Cat_6,C
467019,Masculino,Sim,80,Sim,Advogado,1.0,Baixo,1.0,Cat_6,C
462122,Masculino,Sim,42,Nao,Entretenimento,6.0,Baixo,3.0,Cat_6,B
459776,Masculino,Sim,75,Sim,Advogado,2.0,Baixo,1.0,Cat_6,D
466074,Feminino,Nao,29,Nao,Engenheiro,9.0,Baixo,2.0,Cat_4,A
461528,Feminino,Nao,33,Sim,Engenheiro,1.0,Baixo,2.0,Cat_6,A
464375,Feminino,Sim,63,Sim,Ator/Atriz,1.0,Baixo,2.0,Cat_6,B
460138,Masculino,Nao,33,Sim,Entretenimento,9.0,Baixo,6.0,Cat_6,D
460232,Masculino,Nao,22,Nao,Enfermeiro,8.0,Baixo,4.0,Cat_6,D
464444,Masculino,Sim,36,Sim,Ator/Atriz,8.0,Medio,2.0,Cat_6,C
467783,Feminino,Sim,53,Sim,Ator/Atriz,0.0,Medio,3.0,Cat_6,C
460497,Masculino,Sim,35,Sim,Entretenimento,6.0,Baixo,5.0,Cat_3,D
465124,Feminino,Sim,29,Sim,Enfermeiro,6.0,Medio,2.0,Cat_6,A
464602,Feminino,Sim,31,Sim,Enfermeiro,0.0,Baixo,1.0,Cat_1,D
465581,Masculino,Sim,38,Sim,Ator/Atriz,0.0,Baixo,4.0,Cat_3,A
462750,Masculino,Nao,22,Nao,Enfermeiro,9.0,Baixo,8.0,Cat_6,D
461258,Feminino,Sim,57,Sim,Ator/Atriz,1.0,Medio,3.0,Cat_4,C
464958,Feminino,Sim,42,Nao,Engenheiro,1.0,Medio,6.0,Cat_4,B
462268,Feminino,Sim,77,Sim,Advogado,6.0,Alto,2.0,Cat_6,B
460920,Masculino,Sim,79,Sim,Advogado,1.0,Alto,2.0,Cat_6,C
463816,Masculino,Sim,53,Sim,Enfermeiro,3.0,Alto,4.0,Cat_7,B
461712,Feminino,Sim,42,Sim,Ator/Atriz,1.0,Baixo,2.0,Cat_6,A
461846,Feminino,Nao,72,Sim,Ator/Atriz,1.0,Baixo,2.0,Cat_2,B
464315,Masculino,Sim,71,Nao,Executivo,1.0,Medio,2.0,Cat_6,C
467607,Feminino,Nao,25,Nao,Engenheiro,9.0,Baixo,1.0,Cat_6,D
465224,Masculino,Sim,61,Sim,Executivo,0.0,Baixo,3.0,Cat_6,D
463181,Masculino,Sim,48,Sim,Medico,5.0,Medio,3.0,Cat_5,B
467932,Feminino,Nao,28,Nao,Enfermeiro,0.0,Baixo,4.0,Cat_6,D
466876,Feminino,Sim,43,Sim,Entretenimento,0.0,Medio,2.0,Cat_2,C
464071,Masculino,Sim,82,Sim,Advogado,0.0,Alto,2.0,Cat_6,B
464202,Masculino,Sim,40,Sim,Ator/Atriz,14.0,Baixo,1.0,Cat_6,A
467163,Masculino,Nao,32,Nao,Enfermeiro,9.0,Baixo,3.0,Cat_6,D
461932,Feminino,Nao,21,Nao,Enfermeiro,3.0,Baixo,2.0,Cat_4,D
467280,Feminino,Nao,28,Nao,Entretenimento,10.0,Baixo,2.0,Cat_6,D
463658,Masculino,Sim,43,Sim,Ator/Atriz,3.0,Medio,3.0,Cat_6,C
460579,Feminino,Sim,38,Nao,Engenheiro,0.0,Medio,5.0,Cat_3,A
462310,Masculino,Sim,63,Sim,Ator/Atriz,5.0,Medio,4.0,Cat_6,C
460321,Masculino,Sim,25,Sim,Ator/Atriz,3.0,Medio,2.0,Cat_6,B
464537,Masculino,Sim,41,Sim,Ator/Atriz,8.0,Medio,3.0,Cat_6,A
467346,Masculino,Sim,37,Sim,Ator/Atriz,1.0,Medio,3.0,Cat_6,C
466126,Feminino,Sim,57,Nao,Engenheiro,0.0,Baixo,1.0,Cat_6,B
464058,Masculino,Sim,86,Sim,Enfermeiro,0.0,Baixo,1.0,Cat_6,D
462232,Masculino,Sim,56,Nao,Executivo,1.0,Alto,8.0,Cat_4,A
463034,Feminino,Nao,27,Sim,Do Lar,9.0,Baixo,1.0,Cat_6,D
459543,Masculino,Sim,70,Nao,Executivo,1.0,Alto,2.0,Cat_6,A
459635,Feminino,Nao,22,Nao,Enfermeiro,8.0,Baixo,4.0,Cat_6,D
464097,Masculino,Sim,35,Sim,Medico,5.0,Alto,2.0,Cat_6,D
466930,Masculino,Nao,31,Nao,Enfermeiro,2.0,Baixo,2.0,Cat_5,A
463866,Masculino,Sim,40,Sim,Ator/Atriz,1.0,Medio,4.0,Cat_6,C
465387,Feminino,Sim,43,Sim,Ator/Atriz,0.0,Baixo,2.0,Cat_6,C
463246,Feminino,Sim,38,Nao,Engenheiro,9.0,Baixo,2.0,Cat_6,A
462241,Feminino,Nao,28,Nao,Entretenimento,1.0,Baixo,4.0,Cat_6,D
463283,Feminino,Nao,48,Sim,Ator/Atriz,1.0,Baixo,1.0,Cat_3,B
466983,Feminino,Sim,41,Sim,Ator/Atriz,8.0,Medio,2.0,Cat_6,C
462812,Feminino,Nao,29,Nao,Enfermeiro,0.0,Baixo,3.0,Cat_6,C
462496,Masculino,Sim,45,Nao,Ator/Atriz,1.0,Medio,3.0,Cat_6,A
460405,Feminino,Nao,41,Sim,Entretenimento,5.0,Baixo,2.0,Cat_6,D
460757,Feminino,Sim,28,Nao,Do Lar,9.0,Alto,3.0,Cat_6,A
466546,Feminino,Sim,69,Sim,Advogado,1.0,Alto,2.0,Cat_6,B
459138,Masculino,Sim,53,Sim,Ator/Atriz,1.0,Medio,3.0,Cat_6,C
459194,Feminino,Sim,81,Sim,Advogado,1.0,Alto,2.0,Cat_6,C
465043,Masculino,Sim,48,Sim,Medico,9.0,Medio,5.0,Cat_6,C
461435,Feminino,Sim,45,Sim,Ator/Atriz,8.0,Medio,2.0,Cat_6,C
467677,Masculino,Sim,57,Nao,Entretenimento,0.0,Alto,3.0,Cat_4,D
463279,Masculino,Nao,27,Nao,Entretenimento,0.0,Baixo,3.0,Cat_3,A
460395,Feminino,Nao,27,Sim,Entretenimento,8.0,Baixo,3.0,Cat_6,D
462308,Masculino,Sim,30,Sim,Enfermeiro,1.0,Alto,2.0,Cat_4,B
461309,Feminino,Nao,21,Nao,Enfermeiro,1.0,Baixo,4.0,Cat_6,D
459310,Masculino,Nao,38,Sim,Entretenimento,1.0,Baixo,2.0,Cat_2,D
459786,Masculino,Sim,57,Nao,Marketing,1.0,Alto,3.0,Cat_6,A
467215,Feminino,Sim,78,Sim,Advogado,1.0,Alto,2.0,Cat_6,C
460613,Feminino,Sim,46,Sim,Do Lar,8.0,Medio,3.0,Cat_3,C
461682,Masculino,Sim,75,Nao,Executivo,1.0,Alto,2.0,Cat_6,C
465605,Feminino,Sim,52,Sim,Engenheiro,4.0,Baixo,1.0,Cat_3,B
463896,Feminino,Nao,25,Nao,Do Lar,0.0,Baixo,3.0,Cat_2,C
463323,Masculino,Sim,31,Sim,Enfermeiro,2.0,Baixo,2.0,Cat_6,D
464033,Feminino,Nao,18,Nao,Enfermeiro,1.0,Baixo,4.0,Cat_6,D
465456,Feminino,Sim,59,Sim,Ator/Atriz,3.0,Alto,5.0,Cat_1,B
467831,Masculino,Sim,39,Sim,Ator/Atriz,0.0,Medio,2.0,Cat_6,C
464285,Feminino,Nao,25,Sim,Ator/Atriz,9.0,Baixo,1.0,Cat_6,B
465697,Feminino,Sim,47,Nao,Ator/Atriz,7.0,Baixo,1.0,Cat_6,C
465199,Masculino,Sim,32,Sim,Entretenimento,1.0,Baixo,2.0,Cat_6,A
466057,Feminino,Sim,38,Nao,Medico,1.0,Medio,2.0,Cat_4,D
467327,Masculino,Sim,52,Sim,Ator/Atriz,3.0,Medio,4.0,Cat_6,C
460495,Masculino,Nao,21,Nao,Enfermeiro,0.0,Baixo,6.0,Cat_3,D
466180,Masculino,Sim,70,Nao,Advogado,0.0,Baixo,1.0,Cat_6,B
467954,Masculino,Nao,31,Nao,Enfermeiro,8.0,Baixo,4.0,Cat_6,D
467915,Feminino,Nao,23,Nao,Medico,0.0,Baixo,4.0,Cat_6,C
464786,Masculino,Nao,33,Nao,Marketing,1.0,Baixo,3.0,Cat_4,D
459220,Feminino,Sim,77,Sim,Advogado,1.0,Alto,2.0,Cat_6,A
461196,Feminino,Sim,42,Sim,Engenheiro,8.0,Baixo,2.0,Cat_3,D
465069,Masculino,Sim,73,Sim,Enfermeiro,1.0,Medio,3.0,Cat_6,C
464959,Feminino,Sim,40,Sim,Engenheiro,1.0,Medio,6.0,Cat_4,B
460537,Feminino,Nao,33,Sim,Ator/Atriz,0.0,Baixo,3.0,Cat_3,A
461019,Masculino,Nao,18,Nao,Enfermeiro,0.0,Baixo,3.0,Cat_3,D
461686,Masculino,Sim,59,Sim,Ator/Atriz,1.0,Baixo,2.0,Cat_6,B
459263,Feminino,Nao,32,Nao,Enfermeiro,8.0,Baixo,4.0,Cat_6,D
462947,Feminino,Sim,46,Sim,Ator/Atriz,1.0,Baixo,1.0,Cat_6,B
463875,Masculino,Sim,53,Sim,Entretenimento,1.0,Baixo,3.0,Cat_2,A
459704,Masculino,Sim,41,Sim,Ator/Atriz,1.0,Medio,3.0,Cat_6,B
467741,Masculino,Nao,21,Nao,Enfermeiro,1.0,Baixo,3.0,Cat_4,D
464978,Masculino,Sim,62,Nao,Executivo,0.0,Alto,2.0,Cat_4,B
465191,Feminino,Nao,58,Sim,Engenheiro,1.0,Baixo,1.0,Cat_6,A
459459,Masculino,Sim,36,Sim,Ator/Atriz,4.0,Baixo,1.0,Cat_6,A
467458,Feminino,Nao,28,Sim,Entretenimento,0.0,Baixo,2.0,Cat_6,D
459223,Feminino,Sim,47,Sim,Medico,1.0,Medio,4.0,Cat_6,C
462296,Feminino,Sim,46,Sim,Ator/Atriz,0.0,Alto,4.0,Cat_6,C
466625,Masculino,Sim,49,Sim,Ator/Atriz,0.0,Medio,2.0,Cat_7,C
462043,Masculino,Nao,33,Nao,Enfermeiro,0.0,Baixo,5.0,Cat_6,C
466777,Feminino,Sim,49,Sim,Do Lar,8.0,Medio,2.0,Cat_6,C
459959,Masculino,Sim,25,Sim,Ator/Atriz,9.0,Baixo,4.0,Cat_6,D
462470,Masculino,Sim,80,Sim,Executivo,3.0,Baixo,1.0,Cat_6,B
460805,Masculino,Nao,36,Sim,Enfermeiro,8.0,Baixo,4.0,Cat_2,A
460026,Masculino,Nao,26,Nao,Engenheiro,7.0,Baixo,1.0,Cat_6,D
463244,Feminino,Sim,45,Nao,Medico,1.0,Baixo,1.0,Cat_6,B
462032,Feminino,Sim,69,Sim,Ator/Atriz,0.0,Baixo,2.0,Cat_6,C
467291,Masculino,Sim,53,Sim,Entretenimento,1.0,Medio,4.0,Cat_6,D
467847,Masculino,Sim,41,Sim,Ator/Atriz,8.0,Alto,2.0,Cat_2,A
462243,Masculino,Sim,43,Nao,Executivo,1.0,Baixo,4.0,Cat_6,A
466626,Feminino,Sim,51,Sim,Ator/Atriz,1.0,Medio,2.0,Cat_7,C
464372,Masculino,Sim,45,Sim,Ator/Atriz,1.0,Medio,6.0,Cat_5,C
465005,Masculino,Sim,50,Sim,Executivo,4.0,Alto,3.0,Cat_6,C
466185,Masculino,Sim,57,Sim,Medico,0.0,Medio,4.0,Cat_6,C
462165,Masculino,Sim,70,Sim,Advogado,3.0,Alto,2.0,Cat_6,D
464740,Feminino,Sim,59,Nao,Ator/Atriz,1.0,Baixo,3.0,Cat_4,C
463753,Feminino,Nao,30,Sim,Enfermeiro,0.0,Baixo,5.0,Cat_2,D
459852,Masculino,Nao,40,Sim,Ator/Atriz,7.0,Baixo,1.0,Cat_6,A
460777,Masculino,Sim,74,Nao,Advogado,0.0,Baixo,1.0,Cat_6,D
463202,Masculino,Nao,33,Nao,Marketing,0.0,Baixo,3.0,Cat_3,D
466973,Feminino,Sim,63,Sim,Marketing,2.0,Baixo,1.0,Cat_6,D
459217,Feminino,Sim,60,Nao,Advogado,1.0,Medio,3.0,Cat_6,B
462265,Masculino,Nao,31,Sim,Medico,3.0,Baixo,4.0,Cat_6,C
460455,Feminino,Sim,28,Sim,Do Lar,9.0,Medio,2.0,Cat_3,B
462402,Feminino,Sim,37,Nao,Entretenimento,1.0,Medio,2.0,Cat_4,D
459386,Masculino,Sim,70,Nao,Advogado,0.0,Alto,2.0,Cat_6,B
461526,Masculino,Sim,78,Nao,Entretenimento,0.0,Baixo,2.0,Cat_6,D
461538,Feminino,Nao,38,Sim,Ator/Atriz,8.0,Baixo,8.0,Cat_2,B
460736,Masculino,Nao,19,Nao,Entretenimento,0.0,Baixo,3.0,Cat_6,C
459859,Feminino,Sim,28,Nao,Medico,9.0,Baixo,1.0,Cat_7,A
466252,Feminino,Sim,73,Nao,Executivo,0.0,Baixo,3.0,Cat_4,B
462240,Masculino,Sim,84,Nao,Advogado,1.0,Alto,2.0,Cat_6,A
466920,Masculino,Nao,21,Nao,Enfermeiro,7.0,Baixo,4.0,Cat_3,D
466293,Masculino,Sim,79,Nao,Advogado,0.0,Alto,2.0,Cat_6,B
461517,Masculino,Sim,42,Sim,Ator/Atriz,0.0,Medio,3.0,Cat_6,B
466763,Masculino,Sim,55,Sim,Do Lar,0.0,Baixo,4.0,Cat_6,B
460822,Masculino,Sim,41,Sim,Ator/Atriz,0.0,Baixo,2.0,Cat_6,A
466715,Masculino,Sim,72,Sim,Executivo,1.0,Alto,4.0,Cat_6,C
460045,Masculino,Sim,56,Sim,Ator/Atriz,0.0,Baixo,2.0,Cat_6,B
467723,Masculino,Sim,83,Nao,Executivo,0.0,Baixo,7.0,Cat_6,D
466664,Feminino,Sim,47,Sim,Medico,1.0,Medio,2.0,Cat_4,A
464867,Feminino,Sim,47,Sim,Medico,1.0,Medio,2.0,Cat_4,B
459742,Feminino,Sim,83,Nao,Advogado,1.0,Alto,2.0,Cat_6,C
463768,Feminino,Sim,38,Nao,Engenheiro,1.0,Baixo,1.0,Cat_4,A
465636,Masculino,Nao,29,Sim,Enfermeiro,3.0,Baixo,3.0,Cat_4,D
467639,Masculino,Sim,50,Sim,Entretenimento,0.0,Medio,4.0,Cat_6,B
464760,Feminino,Sim,52,Nao,Engenheiro,6.0,Medio,4.0,Cat_4,B
462024,Masculino,Nao,33,Sim,Entretenimento,1.0,Baixo,8.0,Cat_4,C
464730,Masculino,Sim,36,Nao,Executivo,1.0,Alto,6.0,Cat_4,D
465823,Masculino,Sim,65,Nao,Entretenimento,7.0,Medio,4.0,Cat_4,D
465546,Feminino,Nao,25,Nao,Marketing,1.0,Baixo,9.0,Cat_5,D
460460,Masculino,Sim,27,Nao,Entretenimento,4.0,Baixo,4.0,Cat_3,B
467202,Masculino,Sim,22,Nao,Medico,1.0,Baixo,4.0,Cat_6,A
467184,Masculino,Sim,51,Nao,Engenheiro,0.0,Medio,3.0,Cat_6,D
465327,Feminino,Nao,42,Sim,Entretenimento,1.0,Baixo,1.0,Cat_6,D
466072,Feminino,Nao,23,Nao,Enfermeiro,1.0,Baixo,3.0,Cat_3,D
466086,Masculino,Sim,80,Sim,Advogado,0.0,Alto,2.0,Cat_6,C
459343,Feminino,Sim,40,Sim,Entretenimento,12.0,Baixo,6.0,Cat_6,A
459224,Feminino,Sim,48,Sim,Ator/Atriz,0.0,Medio,2.0,Cat_6,C
465473,Feminino,Nao,55,Sim,Ator/Atriz,3.0,Baixo,1.0,Cat_6,A
466887,Masculino,Sim,36,Sim,Entretenimento,1.0,Baixo,3.0,Cat_3,A
463682,Masculino,Sim,41,Sim,Ator/Atriz,12.0,Medio,2.0,Cat_6,B
460963,Feminino,Nao,32,Sim,Ator/Atriz,0.0,Baixo,3.0,Cat_6,B
467033,Masculino,Sim,37,Sim,Entretenimento,8.0,Medio,2.0,Cat_2,D
463883,Masculino,Nao,30,Nao,Enfermeiro,0.0,Baixo,2.0,Cat_4,B
466716,Feminino,Sim,79,Sim,Advogado,1.0,Baixo,1.0,Cat_6,C
464251,Masculino,Sim,65,Sim,Ator/Atriz,0.0,Medio,4.0,Cat_2,B
463843,Masculino,Sim,49,Sim,Executivo,0.0,Alto,4.0,Cat_6,A
461476,Masculino,Sim,53,Sim,Ator/Atriz,1.0,Medio,4.0,Cat_2,C
467787,Masculino,Nao,20,Nao,Enfermeiro,8.0,Baixo,5.0,Cat_6,D
463130,Feminino,Sim,78,Nao,Advogado,1.0,Alto,2.0,Cat_6,B
467722,Masculino,Nao,32,Sim,Medico,6.0,Baixo,5.0,Cat_6,D
465241,Masculino,Nao,23,Nao,Enfermeiro,3.0,Baixo,2.0,Cat_4,D
460345,Feminino,Sim,40,Sim,Ator/Atriz,1.0,Medio,2.0,Cat_6,C
463512,Feminino,Nao,30,Nao,Engenheiro,0.0,Baixo,3.0,Cat_6,B
466255,Masculino,Sim,45,Sim,Entretenimento,0.0,Baixo,4.0,Cat_2,C
463449,Masculino,Sim,25,Nao,Enfermeiro,1.0,Medio,2.0,Cat_6,D
459276,Feminino,Nao,20,Nao,Enfermeiro,0.0,Baixo,4.0,Cat_6,D
463644,Feminino,Nao,27,Sim,Enfermeiro,1.0,Baixo,3.0,Cat_7,D
466253,Masculino,Nao,19,Nao,Enfermeiro,0.0,Baixo,3.0,Cat_2,D
461717,Feminino,Nao,26,Sim,Enfermeiro,0.0,Baixo,4.0,Cat_2,A
462733,Masculino,Sim,55,Nao,Ator/Atriz,0.0,Medio,2.0,Cat_6,C
466146,Feminino,Sim,41,Nao,Engenheiro,8.0,Medio,3.0,Cat_6,C
461866,Masculino,Nao,25,Nao,Enfermeiro,0.0,Baixo,4.0,Cat_6,D
459876,Feminino,Sim,67,Sim,Ator/Atriz,1.0,Medio,2.0,Cat_6,B
461869,Masculino,Sim,87,Sim,Advogado,0.0,Baixo,1.0,Cat_6,B
461228,Masculino,Sim,26,Nao,Medico,9.0,Baixo,6.0,Cat_6,D
462962,Feminino,Sim,37,Sim,Ator/Atriz,4.0,Baixo,1.0,Cat_3,A
465869,Masculino,Nao,42,Sim,Medico,1.0,Baixo,1.0,Cat_6,A
464181,Feminino,Nao,31,Sim,Enfermeiro,6.0,Baixo,4.0,Cat_2,D
459740,Feminino,Nao,20,Nao,Enfermeiro,0.0,Baixo,3.0,Cat_6,D
462774,Feminino,Sim,88,Sim,Advogado,0.0,Baixo,1.0,Cat_6,D
464567,Masculino,Nao,33,Sim,Enfermeiro,8.0,Baixo,4.0,Cat_2,D
459271,Feminino,Nao,55,Sim,Ator/Atriz,1.0,Baixo,1.0,Cat_6,A
460990,Masculino,Nao,22,Nao,Enfermeiro,1.0,Baixo,3.0,Cat_6,D
463802,Feminino,Nao,39,Sim,Engenheiro,1.0,Baixo,3.0,Cat_6,B
466672,Masculino,Sim,62,Sim,Ator/Atriz,0.0,Baixo,3.0,Cat_6,C
462919,Feminino,Sim,37,Nao,Do Lar,13.0,Medio,3.0,Cat_6,A
463153,Feminino,Nao,26,Sim,Do Lar,9.0,Baixo,1.0,Cat_2,D
460464,Masculino,Nao,27,Sim,Ator/Atriz,9.0,Baixo,2.0,Cat_3,D
461375,Masculino,Nao,29,Sim,Enfermeiro,1.0,Baixo,4.0,Cat_2,D
467956,Feminino,Nao,31,Sim,Entretenimento,1.0,Baixo,1.0,Cat_6,B
467024,Masculino,Sim,40,Sim,Entretenimento,9.0,Medio,5.0,Cat_6,B
461146,Masculino,Sim,56,Sim,Entretenimento,0.0,Baixo,2.0,Cat_3,C
462388,Feminino,Sim,45,Sim,Ator/Atriz,1.0,Alto,5.0,Cat_6,C
460355,Feminino,Nao,40,Sim,Entretenimento,5.0,Baixo,1.0,Cat_3,A
461854,Masculino,Nao,30,Sim,Enfermeiro,9.0,Baixo,3.0,Cat_6,D
458985,Masculino,Nao,23,Nao,Enfermeiro,1.0,Baixo,4.0,Cat_6,D
466356,Masculino,Sim,46,Sim,Ator/Atriz,0.0,Baixo,2.0,Cat_6,C
460078,Feminino,Sim,39,Sim,Enfermeiro,8.0,Alto,2.0,Cat_1,D
464969,Feminino,Sim,65,Nao,Advogado,0.0,Alto,9.0,Cat_4,A
461769,Masculino,Nao,40,Sim,Ator/Atriz,0.0,Baixo,1.0,Cat_6,B
463548,Feminino,Nao,18,Nao,Enfermeiro,3.0,Baixo,4.0,Cat_4,D
467116,Masculino,Sim,73,Sim,Executivo,1.0,Alto,2.0,Cat_6,B
461577,Feminino,Sim,50,Sim,Ator/Atriz,1.0,Medio,3.0,Cat_6,C
460740,Masculino,Sim,38,Sim,Ator/Atriz,4.0,Medio,3.0,Cat_6,B
466844,Masculino,Nao,18,Nao,Enfermeiro,0.0,Baixo,5.0,Cat_6,D
460150,Masculino,Nao,19,Nao,Enfermeiro,0.0,Baixo,4.0,Cat_4,D
463242,Feminino,Nao,26,Nao,Engenheiro,5.0,Baixo,2.0,Cat_6,A
466833,Masculino,Sim,58,Sim,Ator/Atriz,7.0,Baixo,2.0,Cat_6,B
460371,Feminino,Nao,28,Sim,Ator/Atriz,1.0,Baixo,2.0,Cat_6,C
465180,Feminino,Sim,53,Sim,Ator/Atriz,1.0,Medio,2.0,Cat_7,C
461279,Masculino,Nao,18,Nao,Medico,4.0,Baixo,2.0,Cat_6,A
459109,Masculino,Sim,49,Sim,Entretenimento,7.0,Medio,4.0,Cat_6,C
467519,Masculino,Nao,19,Nao,Enfermeiro,0.0,Baixo,3.0,Cat_6,D
461398,Masculino,Nao,20,Nao,Medico,0.0,Baixo,4.0,Cat_6,D
467188,Masculino,Sim,55,Sim,Ator/Atriz,2.0,Baixo,2.0,Cat_6,B
459318,Feminino,Nao,32,Sim,Engenheiro,0.0,Baixo,3.0,Cat_6,D
461823,Masculino,Nao,27,Nao,Enfermeiro,10.0,Baixo,4.0,Cat_6,C
459732,Masculino,Sim,72,Sim,Executivo,1.0,Alto,5.0,Cat_6,A
461317,Feminino,Nao,59,Sim,Ator/Atriz,1.0,Baixo,1.0,Cat_6,C
461459,Feminino,Sim,35,Sim,Ator/Atriz,0.0,Baixo,3.0,Cat_6,A
460429,Feminino,Nao,32,Sim,Engenheiro,9.0,Baixo,1.0,Cat_6,A
464577,Feminino,Sim,28,Sim,Enfermeiro,10.0,Alto,2.0,Cat_6,D
466552,Masculino,Sim,19,Nao,Entretenimento,1.0,Baixo,2.0,Cat_6,A
461231,Masculino,Sim,52,Sim,Ator/Atriz,2.0,Alto,1.0,Cat_4,D
463650,Masculino,Nao,29,Nao,Medico,1.0,Baixo,3.0,Cat_6,D
462674,Feminino,Sim,51,Sim,Do Lar,12.0,Medio,4.0,Cat_3,B
465275,Masculino,Nao,27,Sim,Enfermeiro,1.0,Baixo,5.0,Cat_6,D
465684,Feminino,Nao,47,Sim,Entretenimento,0.0,Baixo,1.0,Cat_3,A
465492,Masculino,Sim,61,Nao,Entretenimento,1.0,Baixo,1.0,Cat_2,A
464510,Feminino,Sim,75,Nao,Advogado,0.0,Alto,2.0,Cat_6,D
463588,Masculino,Nao,19,Nao,Enfermeiro,1.0,Baixo,1.0,Cat_6,D
466341,Masculino,Sim,48,Sim,Ator/Atriz,0.0,Medio,2.0,Cat_5,C
459397,Masculino,Sim,59,Sim,Ator/Atriz,3.0,Medio,2.0,Cat_6,B
460888,Masculino,Sim,42,Nao,Do Lar,8.0,Baixo,1.0,Cat_6,A
460272,Feminino,Nao,86,Sim,Advogado,1.0,Baixo,1.0,Cat_6,A
460612,Masculino,Nao,33,Sim,Entretenimento,9.0,Baixo,4.0,Cat_3,C
462227,Masculino,Sim,49,Nao,Executivo,3.0,Alto,5.0,Cat_7,B
467892,Masculino,Nao,23,Nao,Medico,1.0,Baixo,5.0,Cat_6,D
461012,Masculino,Nao,35,Nao,Medico,1.0,Baixo,3.0,Cat_3,D
463003,Masculino,Sim,37,Sim,Ator/Atriz,2.0,Medio,2.0,Cat_6,C
467592,Masculino,Sim,43,Sim,Entretenimento,7.0,Baixo,2.0,Cat_6,A
462366,Masculino,Sim,50,Nao,Engenheiro,1.0,Baixo,2.0,Cat_6,D
465908,Feminino,Nao,50,Nao,Engenheiro,1.0,Baixo,1.0,Cat_6,A
463400,Feminino,Nao,20,Nao,Enfermeiro,8.0,Baixo,3.0,Cat_1,D
467075,Feminino,Sim,31,Nao,Do Lar,9.0,Medio,2.0,Cat_6,A
462087,Feminino,Nao,31,Sim,Enfermeiro,9.0,Baixo,3.0,Cat_2,A
462522,Masculino,Sim,41,Nao,Executivo,1.0,Medio,5.0,Cat_4,B
459615,Masculino,Sim,84,Nao,Advogado,1.0,Baixo,1.0,Cat_6,A
467794,Feminino,Nao,23,Nao,Enfermeiro,0.0,Baixo,4.0,Cat_3,D
461040,Feminino,Sim,69,Nao,Advogado,0.0,Baixo,1.0,Cat_3,D
466443,Feminino,Sim,68,Sim,Ator/Atriz,4.0,Baixo,2.0,Cat_6,B
463975,Feminino,Nao,30,Nao,Enfermeiro,8.0,Baixo,4.0,Cat_4,B
464063,Feminino,Nao,26,Sim,Medico,1.0,Baixo,1.0,Cat_6,D
461326,Feminino,Nao,36,Sim,Ator/Atriz,1.0,Baixo,1.0,Cat_6,C
467196,Masculino,Nao,18,Nao,Entretenimento,0.0,Baixo,5.0,Cat_6,C
461633,Masculino,Nao,30,Sim,Enfermeiro,8.0,Baixo,4.0,Cat_7,D
462045,Feminino,Nao,46,Sim,Ator/Atriz,9.0,Baixo,1.0,Cat_6,B
466289,Masculino,Nao,19,Nao,Enfermeiro,2.0,Baixo,5.0,Cat_2,D
463562,Masculino,Nao,33,Sim,Entretenimento,0.0,Baixo,4.0,Cat_6,C
460089,Feminino,Sim,65,Sim,Ator/Atriz,13.0,Baixo,1.0,Cat_6,B
459336,Masculino,Sim,26,Sim,Ator/Atriz,6.0,Medio,2.0,Cat_6,A
467350,Feminino,Nao,30,Sim,Do Lar,6.0,Baixo,1.0,Cat_6,D
463565,Feminino,Nao,33,Sim,Entretenimento,1.0,Baixo,4.0,Cat_6,D
463905,Feminino,Sim,27,Sim,Engenheiro,0.0,Medio,4.0,Cat_7,A
467269,Masculino,Sim,65,Sim,Ator/Atriz,0.0,Medio,2.0,Cat_6,C
464934,Masculino,Sim,77,Nao,Advogado,1.0,Baixo,2.0,Cat_4,D
463923,Feminino,Nao,20,Nao,Engenheiro,0.0,Baixo,4.0,Cat_6,D
465445,Feminino,Nao,27,Sim,Do Lar,6.0,Baixo,7.0,Cat_6,B
463661,Feminino,Sim,51,Sim,Medico,1.0,Medio,4.0,Cat_6,B
459370,Masculino,Nao,18,Nao,Enfermeiro,13.0,Baixo,4.0,Cat_6,D
466019,Feminino,Sim,63,Sim,Ator/Atriz,5.0,Baixo,1.0,Cat_3,C
467107,Masculino,Sim,36,Sim,Engenheiro,1.0,Medio,3.0,Cat_4,B
461683,Masculino,Sim,43,Sim,Executivo,1.0,Alto,4.0,Cat_6,B
459053,Masculino,Sim,46,Sim,Executivo,0.0,Alto,4.0,Cat_6,C
466894,Masculino,Nao,51,Sim,Ator/Atriz,0.0,Baixo,3.0,Cat_6,B
460005,Masculino,Nao,43,Sim,Engenheiro,0.0,Baixo,1.0,Cat_6,A
467969,Feminino,Sim,43,Sim,Ator/Atriz,0.0,Medio,2.0,Cat_6,C
463120,Feminino,Nao,37,Sim,Entretenimento,1.0,Baixo,1.0,Cat_6,A
466106,Feminino,Sim,63,Nao,Ator/Atriz,0.0,Medio,5.0,Cat_6,C
461976,Feminino,Sim,37,Sim,Entretenimento,5.0,Medio,2.0,Cat_3,B
460885,Masculino,Sim,53,Nao,Ator/Atriz,8.0,Medio,3.0,Cat_6,B
463692,Feminino,Sim,26,Sim,Enfermeiro,6.0,Alto,7.0,Cat_2,D
467674,Masculino,Sim,40,Sim,Ator/Atriz,0.0,Medio,2.0,Cat_6,C
465982,Masculino,Sim,41,Sim,Entretenimento,0.0,Medio,4.0,Cat_6,B
464349,Masculino,Sim,66,Sim,Ator/Atriz,2.0,Baixo,1.0,Cat_6,C
463881,Feminino,Sim,37,Nao,Engenheiro,0.0,Medio,5.0,Cat_2,B
462247,Feminino,Sim,42,Nao,Ator/Atriz,1.0,Alto,4.0,Cat_6,B
463886,Feminino,Nao,38,Sim,Ator/Atriz,1.0,Baixo,2.0,Cat_6,C
460304,Feminino,Nao,53,Nao,Advogado,1.0,Baixo,1.0,Cat_6,D
466458,Masculino,Nao,33,Nao,Executivo,5.0,Baixo,2.0,Cat_6,A
462449,Masculino,Nao,19,Nao,Enfermeiro,1.0,Baixo,3.0,Cat_6,D
467558,Masculino,Sim,50,Sim,Medico,0.0,Medio,8.0,Cat_6,C
467247,Feminino,Nao,26,Nao,Engenheiro,0.0,Baixo,2.0,Cat_6,D
461663,Masculino,Nao,20,Nao,Enfermeiro,1.0,Baixo,3.0,Cat_6,D
459571,Feminino,Sim,53,Sim,Executivo,0.0,Alto,4.0,Cat_6,C
459385,Feminino,Sim,41,Sim,Ator/Atriz,0.0,Medio,2.0,Cat_7,C
466191,Masculino,Sim,48,Sim,Executivo,0.0,Alto,3.0,Cat_2,C
465062,Masculino,Sim,56,Nao,Executivo,0.0,Alto,4.0,Cat_6,B
467108,Feminino,Nao,66,Sim,Ator/Atriz,0.0,Baixo,1.0,Cat_6,D
466957,Masculino,Sim,35,Nao,Entretenimento,8.0,Medio,4.0,Cat_6,A
463298,Masculino,Sim,50,Nao,Entretenimento,0.0,Baixo,2.0,Cat_6,A
461155,Feminino,Sim,51,Sim,Ator/Atriz,3.0,Baixo,2.0,Cat_3,B
466650,Feminino,Nao,30,Nao,Enfermeiro,8.0,Baixo,3.0,Cat_4,D
464633,Masculino,Nao,30,Nao,Executivo,1.0,Baixo,4.0,Cat_4,D
464469,Feminino,Nao,50,Sim,Ator/Atriz,9.0,Baixo,1.0,Cat_6,B
465319,Masculino,Nao,19,Nao,Enfermeiro,0.0,Baixo,5.0,Cat_6,D
462041,Feminino,Nao,22,Nao,Medico,0.0,Baixo,2.0,Cat_4,D
459539,Feminino,Nao,35,Sim,Enfermeiro,9.0,Baixo,1.0,Cat_6,D
466158,Feminino,Sim,47,Sim,Engenheiro,0.0,Baixo,4.0,Cat_6,B
460430,Masculino,Nao,32,Nao,Medico,12.0,Baixo,4.0,Cat_6,D
461953,Masculino,Sim,33,Nao,Enfermeiro,11.0,Alto,2.0,Cat_6,D
467546,Feminino,Nao,28,Nao,Enfermeiro,1.0,Baixo,4.0,Cat_6,B
459667,Feminino,Sim,50,Sim,Enfermeiro,1.0,Alto,6.0,Cat_5,C
461373,Masculino,Nao,53,Sim,Ator/Atriz,1.0,Baixo,1.0,Cat_6,B
464587,Feminino,Sim,49,Sim,Ator/Atriz,1.0,Baixo,2.0,Cat_3,A
467811,Masculino,Sim,72,Sim,Advogado,1.0,Baixo,1.0,Cat_6,D
464333,Masculino,Sim,60,Sim,Executivo,0.0,Alto,3.0,Cat_6,B
466978,Masculino,Nao,48,Sim,Ator/Atriz,4.0,Baixo,1.0,Cat_6,C
461705,Feminino,Nao,32,Nao,Enfermeiro,1.0,Baixo,4.0,Cat_6,D
461161,Masculino,Nao,48,Sim,Entretenimento,1.0,Baixo,2.0,Cat_3,A
467860,Feminino,Nao,33,Sim,Entretenimento,0.0,Baixo,1.0,Cat_7,B
462409,Feminino,Sim,26,Nao,Engenheiro,7.0,Baixo,2.0,Cat_6,A
461093,Feminino,Sim,38,Sim,Ator/Atriz,1.0,Medio,4.0,Cat_3,C
466350,Feminino,Sim,56,Sim,Ator/Atriz,0.0,Baixo,1.0,Cat_4,C
460512,Feminino,Sim,43,Sim,Engenheiro,0.0,Alto,4.0,Cat_3,A
462320,Feminino,Sim,51,Sim,Ator/Atriz,0.0,Medio,2.0,Cat_2,C
465355,Feminino,Sim,47,Sim,Ator/Atriz,7.0,Medio,2.0,Cat_6,C
462877,Masculino,Nao,28,Sim,Ator/Atriz,1.0,Baixo,3.0,Cat_4,D
466259,Masculino,Nao,20,Nao,Enfermeiro,1.0,Baixo,2.0,Cat_6,D
462424,Feminino,Sim,38,Nao,Ator/Atriz,0.0,Baixo,3.0,Cat_6,C
459028,Masculino,Sim,57,Sim,Executivo,1.0,Alto,3.0,Cat_6,C
463708,Feminino,Sim,28,Nao,Engenheiro,1.0,Medio,2.0,Cat_4,A
461405,Masculino,Nao,39,Sim,Ator/Atriz,1.0,Baixo,1.0,Cat_6,B
466656,Masculino,Sim,89,Sim,Marketing,1.0,Alto,2.0,Cat_6,C
464409,Feminino,Sim,81,Sim,Advogado,0.0,Medio,2.0,Cat_6,A
463754,Masculino,Nao,33,Sim,Entretenimento,1.0,Baixo,4.0,Cat_2,D
464628,Masculino,Sim,32,Sim,Ator/Atriz,5.0,Medio,2.0,Cat_3,A
466754,Feminino,Sim,41,Sim,Ator/Atriz,1.0,Medio,3.0,Cat_6,B
465023,Masculino,Sim,43,Sim,Ator/Atriz,9.0,Medio,2.0,Cat_2,C
466954,Feminino,Sim,68,Nao,Medico,8.0,Medio,2.0,Cat_6,C
460274,Feminino,Sim,58,Sim,Ator/Atriz,7.0,Baixo,2.0,Cat_6,C
466507,Masculino,Sim,51,Sim,Entretenimento,1.0,Medio,5.0,Cat_6,B
462281,Masculino,Sim,47,Sim,Ator/Atriz,0.0,Baixo,2.0,Cat_6,C
462930,Feminino,Sim,55,Sim,Do Lar,13.0,Medio,3.0,Cat_5,B
465125,Feminino,Nao,39,Sim,Ator/Atriz,9.0,Baixo,1.0,Cat_6,A
464127,Feminino,Nao,33,Sim,Enfermeiro,1.0,Baixo,5.0,Cat_2,B
462164,Feminino,Sim,62,Sim,Ator/Atriz,9.0,Baixo,1.0,Cat_6,B
463949,Masculino,Sim,51,Nao,Executivo,0.0,Alto,4.0,Cat_7,B
460380,Masculino,Nao,29,Sim,Entretenimento,8.0,Baixo,3.0,Cat_6,D
461324,Feminino,Nao,48,Sim,Ator/Atriz,4.0,Baixo,1.0,Cat_6,C
463482,Masculino,Nao,41,Nao,Engenheiro,9.0,Baixo,7.0,Cat_4,C
465723,Masculino,Nao,42,Sim,Enfermeiro,9.0,Baixo,1.0,Cat_3,D
467948,Feminino,Nao,20,Nao,Enfermeiro,0.0,Baixo,3.0,Cat_6,D
464473,Feminino,Sim,60,Sim,Ator/Atriz,0.0,Medio,4.0,Cat_6,C
467325,Feminino,Sim,72,Sim,Advogado,1.0,Alto,2.0,Cat_6,B
462017,Masculino,Nao,25,Sim,Entretenimento,9.0,Baixo,1.0,Cat_2,A
463152,Feminino,Sim,57,Sim,Medico,1.0,Medio,4.0,Cat_6,C
462174,Feminino,Sim,40,Sim,Engenheiro,8.0,Medio,4.0,Cat_4,D
461511,Masculino,Sim,35,Nao,Medico,9.0,Baixo,2.0,Cat_6,B
464095,Feminino,Sim,31,Sim,Engenheiro,1.0,Baixo,2.0,Cat_6,A
460096,Feminino,Sim,78,Nao,Advogado,1.0,Baixo,1.0,Cat_5,A
462129,Feminino,Nao,41,Sim,Ator/Atriz,9.0,Baixo,1.0,Cat_6,B
464111,Masculino,Sim,57,Sim,Ator/Atriz,0.0,Medio,3.0,Cat_2,D
463699,Feminino,Sim,41,Sim,Marketing,9.0,Baixo,3.0,Cat_6,B
466307,Masculino,Sim,49,Sim,Ator/Atriz,1.0,Baixo,2.0,Cat_6,C
459980,Masculino,Nao,40,Nao,Engenheiro,1.0,Baixo,2.0,Cat_6,A
467115,Masculino,Sim,89,Sim,Advogado,0.0,Baixo,2.0,Cat_6,B
464261,Masculino,Sim,61,Sim,Executivo,0.0,Alto,2.0,Cat_6,C
462098,Feminino,Sim,38,Nao,Entretenimento,3.0,Medio,3.0,Cat_6,B
460002,Feminino,Sim,58,Sim,Medico,5.0,Medio,3.0,Cat_2,D
467322,Feminino,Sim,46,Sim,Ator/Atriz,0.0,Medio,2.0,Cat_1,C
466633,Masculino,Sim,39,Sim,Entretenimento,6.0,Medio,2.0,Cat_6,C
460966,Feminino,Sim,58,Sim,Engenheiro,1.0,Medio,4.0,Cat_6,B
461084,Feminino,Sim,38,Sim,Ator/Atriz,8.0,Medio,2.0,Cat_6,B
461165,Masculino,Sim,28,Nao,Ator/Atriz,1.0,Medio,2.0,Cat_3,A
461454,Feminino,Sim,35,Sim,Ator/Atriz,7.0,Alto,4.0,Cat_7,B
459284,Feminino,Sim,70,Sim,Advogado,1.0,Alto,2.0,Cat_6,C
461116,Masculino,Sim,30,Nao,Executivo,4.0,Alto,4.0,Cat_3,D
462362,Masculino,Sim,63,Sim,Entretenimento,0.0,Medio,4.0,Cat_6,B
464325,Masculino,Sim,27,Sim,Enfermeiro,4.0,Alto,3.0,Cat_6,B
460063,Feminino,Nao,43,Sim,Ator/Atriz,1.0,Baixo,1.0,Cat_3,A
460727,Masculino,Sim,69,Nao,Executivo,0.0,Alto,4.0,Cat_3,B
463317,Masculino,Sim,72,Sim,Marketing,0.0,Baixo,1.0,Cat_6,A
459320,Masculino,Sim,26,Sim,Executivo,0.0,Baixo,3.0,Cat_6,D
464457,Feminino,Nao,53,Sim,Ator/Atriz,9.0,Baixo,1.0,Cat_6,B
463702,Masculino,Sim,49,Sim,Ator/Atriz,1.0,Medio,4.0,Cat_6,B
463890,Feminino,Nao,28,Nao,Ator/Atriz,1.0,Baixo,5.0,Cat_1,A
467420,Masculino,Sim,52,Sim,Executivo,1.0,Alto,4.0,Cat_6,C
466878,Masculino,Sim,38,Nao,Ator/Atriz,8.0,Alto,5.0,Cat_6,A
462660,Feminino,Sim,27,Nao,Do Lar,9.0,Medio,2.0,Cat_6,A
466691,Masculino,Nao,18,Nao,Enfermeiro,5.0,Baixo,4.0,Cat_2,D
463182,Masculino,Sim,59,Sim,Entretenimento,1.0,Baixo,3.0,Cat_6,B
463321,Masculino,Nao,22,Nao,Enfermeiro,1.0,Baixo,3.0,Cat_1,D
462532,Masculino,Nao,32,Sim,Medico,0.0,Baixo,4.0,Cat_2,D
464588,Feminino,Sim,35,Sim,Ator/Atriz,0.0,Baixo,2.0,Cat_6,B
467436,Masculino,Sim,51,Sim,Ator/Atriz,5.0,Medio,4.0,Cat_6,C
465260,Feminino,Nao,22,Nao,Enfermeiro,8.0,Baixo,6.0,Cat_6,D
462895,Masculino,Nao,32,Nao,Entretenimento,1.0,Baixo,3.0,Cat_7,D
463168,Feminino,Sim,36,Sim,Medico,7.0,Medio,2.0,Cat_6,C
466853,Masculino,Nao,32,Sim,Enfermeiro,1.0,Baixo,3.0,Cat_6,B
464840,Masculino,Nao,18,Nao,Enfermeiro,0.0,Baixo,4.0,Cat_4,D
460135,Feminino,Nao,31,Sim,Enfermeiro,4.0,Baixo,3.0,Cat_6,B
464814,Masculino,Sim,53,Sim,Ator/Atriz,0.0,Alto,7.0,Cat_4,D
464856,Feminino,Nao,42,Sim,Engenheiro,8.0,Baixo,3.0,Cat_4,A
463083,Masculino,Nao,30,Sim,Ator/Atriz,7.0,Baixo,3.0,Cat_6,D
461283,Masculino,Nao,19,Nao,Enfermeiro,1.0,Baixo,4.0,Cat_6,D
466181,Masculino,Sim,46,Sim,Entretenimento,1.0,Baixo,2.0,Cat_3,C
462465,Masculino,Sim,51,Sim,Engenheiro,1.0,Baixo,2.0,Cat_6,B
464780,Feminino,Nao,32,Nao,Engenheiro,1.0,Baixo,9.0,Cat_4,D
465385,Feminino,Nao,46,Sim,Ator/Atriz,5.0,Baixo,1.0,Cat_2,B
464270,Feminino,Nao,45,Sim,Ator/Atriz,3.0,Baixo,1.0,Cat_6,A
467807,Masculino,Sim,50,Sim,Executivo,1.0,Medio,3.0,Cat_6,B
466118,Feminino,Sim,36,Nao,Engenheiro,1.0,Baixo,3.0,Cat_4,A
460068,Feminino,Nao,40,Sim,Ator/Atriz,8.0,Baixo,1.0,Cat_6,B
460937,Masculino,Sim,43,Nao,Ator/Atriz,1.0,Alto,9.0,Cat_4,B
459550,Masculino,Nao,19,Nao,Enfermeiro,8.0,Baixo,5.0,Cat_4,D
461539,Masculino,Sim,42,Nao,Entretenimento,6.0,Medio,2.0,Cat_2,A
464228,Masculino,Nao,29,Sim,Enfermeiro,1.0,Baixo,1.0,Cat_2,D
461593,Feminino,Sim,37,Sim,Medico,9.0,Medio,2.0,Cat_6,C
461949,Feminino,Nao,38,Nao,Ator/Atriz,14.0,Baixo,1.0,Cat_6,A
466171,Feminino,Sim,79,Sim,Advogado,0.0,Baixo,1.0,Cat_3,A
462682,Masculino,Nao,25,Nao,Entretenimento,2.0,Baixo,7.0,Cat_6,D
463384,Feminino,Nao,29,Nao,Marketing,1.0,Baixo,5.0,Cat_3,D
460584,Feminino,Nao,33,Sim,Do Lar,1.0,Baixo,1.0,Cat_3,A
459433,Masculino,Nao,26,Nao,Medico,1.0,Baixo,4.0,Cat_6,D
467452,Feminino,Sim,38,Sim,Ator/Atriz,9.0,Medio,2.0,Cat_6,C
462121,Feminino,Nao,60,Sim,Ator/Atriz,1.0,Baixo,3.0,Cat_6,C
464890,Feminino,Nao,33,Nao,Engenheiro,0.0,Baixo,7.0,Cat_4,A
461172,Feminino,Sim,71,Sim,Advogado,1.0,Baixo,1.0,Cat_3,A
461268,Feminino,Sim,60,Sim,Ator/Atriz,0.0,Medio,2.0,Cat_4,B
465731,Feminino,Sim,31,Sim,Ator/Atriz,0.0,Medio,2.0,Cat_4,A
462861,Feminino,Nao,26,Sim,Enfermeiro,8.0,Baixo,1.0,Cat_6,D
458989,Feminino,Sim,42,Sim,Engenheiro,1.0,Baixo,1.0,Cat_6,B
463527,Feminino,Nao,35,Nao,Ator/Atriz,13.0,Baixo,1.0,Cat_6,A
463293,Feminino,Nao,20,Nao,Enfermeiro,1.0,Baixo,3.0,Cat_6,D
465166,Masculino,Nao,25,Sim,Enfermeiro,4.0,Baixo,5.0,Cat_4,D
460194,Feminino,Nao,23,Nao,Entretenimento,0.0,Baixo,2.0,Cat_2,D
462711,Masculino,Sim,53,Sim,Ator/Atriz,0.0,Medio,5.0,Cat_6,C
467769,Feminino,Nao,35,Sim,Medico,1.0,Baixo,1.0,Cat_3,B
461898,Masculino,Sim,60,Sim,Executivo,5.0,Alto,3.0,Cat_6,C
460840,Masculino,Sim,86,Sim,Advogado,0.0,Baixo,1.0,Cat_6,A
466607,Masculino,Nao,18,Nao,Marketing,2.0,Baixo,2.0,Cat_3,D
462939,Masculino,Sim,38,Sim,Medico,0.0,Alto,4.0,Cat_7,A
465698,Masculino,Nao,39,Sim,Ator/Atriz,8.0,Baixo,2.0,Cat_3,A
461240,Feminino,Nao,45,Nao,Marketing,1.0,Baixo,1.0,Cat_6,D
461357,Masculino,Nao,28,Sim,Enfermeiro,0.0,Baixo,4.0,Cat_6,D
459512,Masculino,Sim,65,Sim,Advogado,0.0,Alto,2.0,Cat_6,B
467775,Feminino,Nao,41,Sim,Ator/Atriz,0.0,Baixo,1.0,Cat_7,C
462871,Masculino,Sim,48,Nao,Entretenimento,1.0,Medio,3.0,Cat_6,B
464454,Feminino,Sim,52,Sim,Engenheiro,7.0,Alto,4.0,Cat_6,C
459074,Feminino,Nao,30,Sim,Enfermeiro,0.0,Baixo,4.0,Cat_4,C
462539,Feminino,Sim,77,Nao,Advogado,1.0,Baixo,1.0,Cat_6,A
460133,Feminino,Nao,37,Nao,Ator/Atriz,4.0,Baixo,1.0,Cat_6,A
461780,Feminino,Nao,65,Sim,Advogado,0.0,Baixo,5.0,Cat_6,A
466945,Masculino,Sim,61,Sim,Ator/Atriz,0.0,Medio,2.0,Cat_6,C
463922,Feminino,Nao,32,Nao,Enfermeiro,2.0,Baixo,5.0,Cat_1,C
466328,Masculino,Sim,49,Sim,Ator/Atriz,0.0,Baixo,3.0,Cat_3,C
466195,Masculino,Nao,19,Nao,Enfermeiro,1.0,Baixo,4.0,Cat_6,D
462300,Masculino,Sim,50,Sim,Ator/Atriz,1.0,Medio,3.0,Cat_6,C
460412,Feminino,Nao,31,Nao,Enfermeiro,0.0,Baixo,5.0,Cat_2,D
467823,Masculino,Sim,45,Sim,Medico,6.0,Medio,2.0,Cat_6,C
467726,Masculino,Sim,82,Sim,Advogado,0.0,Alto,2.0,Cat_6,C
460134,Masculino,Sim,39,Sim,Entretenimento,9.0,Alto,3.0,Cat_6,D
463237,Masculino,Nao,20,Nao,Enfermeiro,1.0,Baixo,5.0,Cat_6,D
466770,Feminino,Sim,85,Sim,Advogado,0.0,Baixo,5.0,Cat_6,C
464198,Masculino,Sim,49,Sim,Entretenimento,1.0,Baixo,2.0,Cat_6,A
459344,Feminino,Sim,76,Sim,Ator/Atriz,1.0,Alto,2.0,Cat_6,C
464152,Masculino,Sim,37,Sim,Ator/Atriz,0.0,Alto,4.0,Cat_6,B
464104,Masculino,Sim,62,Nao,Ator/Atriz,0.0,Medio,3.0,Cat_6,C
461034,Feminino,Nao,23,Nao,Marketing,2.0,Baixo,6.0,Cat_3,D
460755,Masculino,Nao,33,Sim,Ator/Atriz,0.0,Baixo,1.0,Cat_6,D
465019,Masculino,Sim,53,Sim,Ator/Atriz,0.0,Baixo,3.0,Cat_6,A
460060,Masculino,Sim,28,Nao,Engenheiro,6.0,Medio,2.0,Cat_4,A
465739,Feminino,Nao,87,Nao,Advogado,1.0,Baixo,2.0,Cat_6,A
461695,Feminino,Sim,45,Sim,Ator/Atriz,3.0,Medio,2.0,Cat_6,A
466297,Feminino,Nao,21,Nao,Enfermeiro,1.0,Baixo,4.0,Cat_4,D
465544,Feminino,Nao,51,Sim,Ator/Atriz,0.0,Baixo,1.0,Cat_3,A
466207,Feminino,Sim,37,Sim,Medico,9.0,Medio,4.0,Cat_2,C
462397,Masculino,Sim,49,Sim,Ator/Atriz,1.0,Medio,4.0,Cat_6,C
460014,Feminino,Nao,66,Nao,Entretenimento,2.0,Baixo,3.0,Cat_6,D
460202,Masculino,Sim,42,Sim,Entretenimento,1.0,Baixo,2.0,Cat_6,D
459834,Masculino,Sim,45,Nao,Medico,1.0,Medio,3.0,Cat_6,B
460048,Masculino,Nao,47,Sim,Medico,1.0,Baixo,1.0,Cat_6,B
464546,Feminino,Sim,38,Sim,Engenheiro,8.0,Baixo,3.0,Cat_6,A
467737,Feminino,Sim,51,Sim,Entretenimento,7.0,Medio,2.0,Cat_6,A
463936,Masculino,Sim,32,Nao,Entretenimento,1.0,Medio,2.0,Cat_6,B
467784,Feminino,Sim,45,Sim,Ator/Atriz,9.0,Baixo,1.0,Cat_7,C
467067,Feminino,Nao,32,Nao,Enfermeiro,0.0,Baixo,4.0,Cat_6,C
465661,Masculino,Nao,59,Sim,Entretenimento,1.0,Baixo,1.0,Cat_6,C
463745,Masculino,Sim,62,Sim,Ator/Atriz,1.0,Medio,3.0,Cat_3,A
466706,Masculino,Sim,67,Sim,Advogado,0.0,Baixo,2.0,Cat_6,C
467816,Feminino,Nao,73,Sim,Ator/Atriz,0.0,Baixo,1.0,Cat_6,C
466418,Masculino,Sim,85,Nao,Advogado,0.0,Baixo,1.0,Cat_4,D
467882,Feminino,Nao,40,Sim,Ator/Atriz,0.0,Baixo,1.0,Cat_6,B
465498,Masculino,Sim,41,Sim,Engenheiro,9.0,Medio,2.0,Cat_2,A
461070,Masculino,Sim,46,Sim,Medico,0.0,Baixo,3.0,Cat_3,D
467403,Feminino,Sim,38,Sim,Ator/Atriz,7.0,Medio,3.0,Cat_4,B
464382,Feminino,Sim,55,Sim,Ator/Atriz,1.0,Medio,4.0,Cat_6,C
465449,Feminino,Nao,43,Sim,Ator/Atriz,9.0,Baixo,2.0,Cat_6,B
465190,Feminino,Sim,48,Sim,Ator/Atriz,1.0,Alto,4.0,Cat_6,C
467310,Feminino,Sim,88,Sim,Advogado,0.0,Alto,3.0,Cat_6,B
463131,Masculino,Sim,66,Nao,Entretenimento,1.0,Alto,2.0,Cat_6,A
467301,Feminino,Sim,73,Nao,Advogado,1.0,Baixo,2.0,Cat_6,B
466202,Masculino,Sim,49,Sim,Ator/Atriz,9.0,Medio,2.0,Cat_6,C
459945,Masculino,Sim,48,Sim,Ator/Atriz,0.0,Baixo,2.0,Cat_6,C
465187,Feminino,Sim,39,Nao,Medico,0.0,Medio,4.0,Cat_4,C
460253,Masculino,Sim,52,Sim,Ator/Atriz,4.0,Medio,2.0,Cat_6,B
463216,Masculino,Nao,30,Sim,Ator/Atriz,8.0,Baixo,1.0,Cat_6,A
465615,Masculino,Sim,61,Sim,Ator/Atriz,3.0,Medio,2.0,Cat_6,C
462055,Masculino,Nao,33,Sim,Enfermeiro,0.0,Baixo,7.0,Cat_4,A
465234,Masculino,Sim,68,Sim,Ator/Atriz,0.0,Baixo,1.0,Cat_6,C
460720,Feminino,Sim,48,Sim,Ator/Atriz,1.0,Medio,2.0,Cat_6,B
467582,Masculino,Sim,39,Sim,Executivo,0.0,Alto,3.0,Cat_2,B
466046,Feminino,Sim,36,Nao,Entretenimento,1.0,Medio,2.0,Cat_4,A
467622,Masculino,Sim,76,Sim,Advogado,1.0,Alto,2.0,Cat_6,C
462664,Masculino,Sim,69,Nao,Ator/Atriz,2.0,Baixo,2.0,Cat_6,A
461731,Masculino,Sim,79,Nao,Entretenimento,0.0,Baixo,1.0,Cat_6,B
459061,Feminino,Sim,39,Sim,Enfermeiro,9.0,Alto,3.0,Cat_6,A
461396,Masculino,Nao,23,Nao,Medico,0.0,Baixo,5.0,Cat_6,B
464900,Masculino,Sim,71,Nao,Advogado,1.0,Baixo,2.0,Cat_4,D
463445,Masculino,Sim,48,Sim,Ator/Atriz,0.0,Medio,3.0,Cat_6,A
463824,Feminino,Sim,37,Nao,Ator/Atriz,1.0,Baixo,3.0,Cat_6,B
459451,Feminino,Sim,46,Sim,Ator/Atriz,0.0,Baixo,2.0,Cat_6,C
463674,Feminino,Nao,25,Sim,Engenheiro,0.0,Baixo,7.0,Cat_4,C
460119,Masculino,Nao,26,Sim,Enfermeiro,0.0,Baixo,4.0,Cat_6,D
465227,Masculino,Nao,23,Nao,Enfermeiro,6.0,Baixo,3.0,Cat_6,D
467610,Feminino,Sim,84,Sim,Advogado,2.0,Baixo,1.0,Cat_6,B
465159,Masculino,Sim,57,Nao,Entretenimento,0.0,Baixo,1.0,Cat_6,A
465956,Masculino,Sim,39,Sim,Entretenimento,4.0,Medio,4.0,Cat_6,A
462422,Masculino,Sim,71,Sim,Advogado,1.0,Baixo,2.0,Cat_6,A
466266,Masculino,Sim,48,Sim,Ator/Atriz,1.0,Baixo,3.0,Cat_3,C
464573,Feminino,Sim,39,Sim,Ator/Atriz,7.0,Medio,3.0,Cat_6,B
463306,Feminino,Sim,60,Sim,Engenheiro,1.0,Alto,4.0,Cat_3,B
462065,Feminino,Nao,43,Sim,Do Lar,14.0,Baixo,1.0,Cat_6,D
463456,Masculino,Sim,46,Nao,Entretenimento,1.0,Alto,3.0,Cat_6,B
459779,Feminino,Sim,62,Sim,Entretenimento,1.0,Baixo,1.0,Cat_6,A
466663,Masculino,Nao,57,Sim,Medico,0.0,Baixo,1.0,Cat_3,A
464504,Masculino,Nao,29,Sim,Enfermeiro,0.0,Baixo,4.0,Cat_6,D
465262,Masculino,Sim,60,Sim,Entretenimento,7.0,Medio,4.0,Cat_2,B
466205,Feminino,Sim,58,Sim,Ator/Atriz,6.0,Baixo,1.0,Cat_6,C
464128,Masculino,Sim,52,Nao,Entretenimento,0.0,Medio,4.0,Cat_5,B
460482,Feminino,Sim,30,Nao,Do Lar,9.0,Baixo,3.0,Cat_3,B
466055,Masculino,Sim,52,Sim,Entretenimento,1.0,Medio,3.0,Cat_4,B
465511,Masculino,Sim,31,Sim,Ator/Atriz,0.0,Medio,2.0,Cat_6,A
467527,Masculino,Sim,62,Sim,Ator/Atriz,2.0,Medio,4.0,Cat_6,B
460927,Masculino,Sim,38,Sim,Enfermeiro,1.0,Alto,4.0,Cat_3,D
464172,Masculino,Sim,60,Sim,Ator/Atriz,3.0,Alto,3.0,Cat_6,B
461442,Masculino,Sim,47,Sim,Ator/Atriz,1.0,Medio,6.0,Cat_2,C
459851,Masculino,Nao,53,Sim,Ator/Atriz,3.0,Baixo,1.0,Cat_6,B
466179,Masculino,Sim,71,Nao,Advogado,0.0,Baixo,1.0,Cat_6,B
459019,Masculino,Sim,45,Nao,Executivo,10.0,Alto,3.0,Cat_6,C
463274,Masculino,Sim,58,Sim,Ator/Atriz,7.0,Baixo,1.0,Cat_3,B
459606,Masculino,Sim,38,Sim,Ator/Atriz,1.0,Medio,3.0,Cat_6,C
467418,Masculino,Sim,49,Sim,Ator/Atriz,1.0,Medio,4.0,Cat_6,C
461547,Masculino,Nao,70,Nao,Entretenimento,0.0,Baixo,1.0,Cat_6,B
460811,Feminino,Sim,52,Nao,Engenheiro,1.0,Alto,2.0,Cat_6,A
463891,Masculino,Sim,75,Sim,Advogado,1.0,Baixo,1.0,Cat_6,A
467534,Masculino,Sim,48,Nao,Entretenimento,5.0,Medio,2.0,Cat_2,C
462748,Masculino,Sim,51,Sim,Ator/Atriz,1.0,Baixo,3.0,Cat_6,C
459380,Masculino,Sim,62,Sim,Ator/Atriz,1.0,Baixo,1.0,Cat_6,A
466783,Feminino,Nao,43,Sim,Enfermeiro,0.0,Baixo,6.0,Cat_3,A
461134,Masculino,Sim,32,Sim,Medico,0.0,Baixo,3.0,Cat_6,D
465741,Feminino,Sim,43,Sim,Enfermeiro,9.0,Baixo,2.0,Cat_6,C
464785,Masculino,Sim,35,Nao,Medico,5.0,Baixo,4.0,Cat_4,A
464902,Feminino,Sim,68,Nao,Advogado,0.0,Baixo,1.0,Cat_4,D
464271,Feminino,Sim,36,Sim,Ator/Atriz,0.0,Medio,3.0,Cat_2,C
467408,Masculino,Sim,47,Sim,Ator/Atriz,0.0,Medio,4.0,Cat_6,A
461822,Masculino,Sim,37,Sim,Ator/Atriz,9.0,Alto,2.0,Cat_6,C
459378,Masculino,Nao,20,Nao,Enfermeiro,1.0,Baixo,4.0,Cat_6,D
463818,Feminino,Sim,40,Sim,Ator/Atriz,2.0,Baixo,1.0,Cat_6,B
460644,Feminino,Sim,40,Sim,Do Lar,2.0,Medio,2.0,Cat_3,C
466743,Masculino,Nao,26,Nao,Entretenimento,1.0,Baixo,2.0,Cat_6,A
464212,Feminino,Sim,56,Sim,Marketing,0.0,Medio,2.0,Cat_6,C
463709,Masculino,Sim,35,Sim,Ator/Atriz,1.0,Alto,2.0,Cat_6,A
466145,Masculino,Sim,56,Nao,Entretenimento,1.0,Medio,3.0,Cat_6,C
465679,Masculino,Sim,47,Sim,Enfermeiro,1.0,Baixo,2.0,Cat_4,D
464436,Masculino,Sim,88,Sim,Advogado,0.0,Alto,2.0,Cat_4,A
459094,Feminino,Nao,31,Nao,Enfermeiro,1.0,Baixo,5.0,Cat_6,C
466183,Masculino,Sim,50,Sim,Entretenimento,0.0,Medio,2.0,Cat_3,C
461102,Masculino,Sim,43,Nao,Entretenimento,0.0,Medio,3.0,Cat_3,A
462211,Masculino,Nao,18,Nao,Enfermeiro,1.0,Baixo,3.0,Cat_4,D
465687,Masculino,Sim,88,Sim,Advogado,1.0,Baixo,1.0,Cat_6,A
465742,Feminino,Sim,45,Sim,Ator/Atriz,3.0,Baixo,3.0,Cat_6,C
466324,Feminino,Nao,28,Nao,Engenheiro,0.0,Baixo,1.0,Cat_4,A
461827,Masculino,Sim,57,Sim,Ator/Atriz,0.0,Baixo,1.0,Cat_6,C
459442,Masculino,Sim,85,Sim,Executivo,0.0,Alto,2.0,Cat_6,C
460424,Feminino,Nao,35,Nao,Entretenimento,0.0,Baixo,1.0,Cat_6,A
461170,Feminino,Nao,40,Nao,Engenheiro,0.0,Baixo,3.0,Cat_3,A
465931,Masculino,Sim,38,Sim,Ator/Atriz,6.0,Baixo,1.0,Cat_7,D
466800,Feminino,Nao,18,Nao,Enfermeiro,6.0,Baixo,3.0,Cat_6,D
462869,Masculino,Nao,31,Sim,Medico,8.0,Baixo,1.0,Cat_6,D
462678,Feminino,Sim,48,Sim,Ator/Atriz,4.0,Medio,3.0,Cat_6,C
464701,Masculino,Nao,31,Nao,Medico,0.0,Baixo,2.0,Cat_4,A
467125,Masculino,Sim,46,Nao,Entretenimento,1.0,Medio,4.0,Cat_3,C
461190,Feminino,Nao,31,Nao,Engenheiro,0.0,Baixo,2.0,Cat_6,D
461691,Masculino,Nao,31,Sim,Enfermeiro,3.0,Baixo,4.0,Cat_1,D
461208,Feminino,Nao,32,Sim,Do Lar,5.0,Baixo,1.0,Cat_6,D
460052,Feminino,Nao,81,Sim,Advogado,1.0,Baixo,1.0,Cat_3,B
464999,Masculino,Sim,66,Sim,Advogado,1.0,Alto,2.0,Cat_6,C
462191,Feminino,Nao,22,Nao,Medico,3.0,Baixo,2.0,Cat_4,B
467045,Masculino,Sim,51,Sim,Entretenimento,0.0,Baixo,2.0,Cat_6,A
462558,Feminino,Nao,33,Sim,Engenheiro,0.0,Baixo,6.0,Cat_6,D
460342,Feminino,Nao,29,Sim,Engenheiro,10.0,Baixo,1.0,Cat_6,D
466647,Feminino,Sim,41,Sim,Ator/Atriz,7.0,Alto,2.0,Cat_6,C
459038,Feminino,Nao,18,Nao,Enfermeiro,1.0,Baixo,4.0,Cat_6,D
460074,Feminino,Nao,48,Sim,Advogado,4.0,Baixo,1.0,Cat_6,A
465016,Masculino,Sim,78,Nao,Executivo,0.0,Alto,2.0,Cat_6,B
466230,Masculino,Sim,46,Sim,Ator/Atriz,0.0,Medio,2.0,Cat_6,B
467096,Masculino,Sim,53,Sim,Entretenimento,4.0,Baixo,2.0,Cat_2,A
467059,Masculino,Sim,47,Sim,Ator/Atriz,2.0,Baixo,1.0,Cat_6,D
463023,Feminino,Sim,40,Nao,Do Lar,6.0,Baixo,1.0,Cat_6,D
464557,Masculino,Nao,27,Nao,Ator/Atriz,8.0,Baixo,4.0,Cat_6,D
464733,Feminino,Sim,31,Nao,Engenheiro,1.0,Alto,4.0,Cat_4,A
459799,Masculino,Sim,47,Sim,Ator/Atriz,1.0,Baixo,2.0,Cat_6,B
466808,Feminino,Nao,43,Nao,Engenheiro,0.0,Baixo,1.0,Cat_6,A
459321,Masculino,Sim,81,Sim,Entretenimento,1.0,Baixo,1.0,Cat_6,B
464035,Masculino,Sim,62,Sim,Executivo,1.0,Alto,4.0,Cat_6,C
466975,Masculino,Sim,51,Sim,Ator/Atriz,0.0,Medio,2.0,Cat_6,C
460270,Masculino,Nao,42,Sim,Medico,9.0,Baixo,1.0,Cat_6,B
465529,Feminino,Nao,33,Nao,Medico,0.0,Baixo,4.0,Cat_6,A
464246,Feminino,Sim,59,Sim,Ator/Atriz,0.0,Medio,2.0,Cat_6,C
465639,Masculino,Sim,36,Sim,Enfermeiro,8.0,Alto,2.0,Cat_6,D
464346,Masculino,Sim,55,Sim,Executivo,2.0,Alto,3.0,Cat_6,C
460953,Masculino,Sim,59,Nao,Entretenimento,1.0,Baixo,2.0,Cat_6,D
464556,Feminino,Nao,39,Sim,Ator/Atriz,1.0,Baixo,3.0,Cat_6,A
467762,Feminino,Nao,39,Sim,Engenheiro,0.0,Baixo,4.0,Cat_6,C
467128,Feminino,Nao,32,Nao,Do Lar,1.0,Baixo,1.0,Cat_6,A
459503,Masculino,Sim,35,Sim,Enfermeiro,5.0,Alto,4.0,Cat_6,C
466402,Masculino,Sim,40,Sim,Ator/Atriz,0.0,Medio,4.0,Cat_6,B
466834,Masculino,Sim,60,Sim,Entretenimento,1.0,Baixo,3.0,Cat_6,A
467710,Feminino,Nao,37,Sim,Ator/Atriz,9.0,Baixo,4.0,Cat_6,A
463227,Feminino,Sim,35,Sim,Engenheiro,1.0,Medio,2.0,Cat_6,A
464779,Feminino,Nao,27,Nao,Engenheiro,1.0,Baixo,1.0,Cat_4,A
462883,Feminino,Sim,28,Sim,Ator/Atriz,8.0,Baixo,4.0,Cat_6,A
459018,Masculino,Sim,85,Nao,Executivo,1.0,Alto,2.0,Cat_6,D
466774,Masculino,Sim,78,Sim,Advogado,0.0,Baixo,2.0,Cat_6,C
459920,Feminino,Sim,51,Sim,Ator/Atriz,6.0,Alto,2.0,Cat_4,B
467906,Feminino,Nao,33,Nao,Enfermeiro,0.0,Baixo,5.0,Cat_1,D
460386,Masculino,Sim,29,Sim,Enfermeiro,0.0,Baixo,2.0,Cat_6,D
467069,Feminino,Nao,29,Nao,Enfermeiro,0.0,Baixo,3.0,Cat_6,D
465025,Masculino,Sim,73,Sim,Executivo,0.0,Alto,2.0,Cat_6,C
462650,Feminino,Nao,33,Nao,Entretenimento,8.0,Baixo,5.0,Cat_4,D
459510,Feminino,Nao,23,Nao,Enfermeiro,0.0,Baixo,3.0,Cat_6,D
466229,Masculino,Sim,56,Sim,Executivo,0.0,Alto,1.0,Cat_6,B
466856,Feminino,Sim,65,Nao,Engenheiro,1.0,Medio,3.0,Cat_6,A
461623,Feminino,Sim,41,Sim,Ator/Atriz,11.0,Medio,2.0,Cat_6,B
461839,Masculino,Sim,58,Sim,Ator/Atriz,1.0,Medio,2.0,Cat_6,C
467883,Feminino,Sim,48,Sim,Ator/Atriz,0.0,Medio,2.0,Cat_6,C
460038,Feminino,Nao,36,Sim,Engenheiro,9.0,Baixo,5.0,Cat_6,D
467744,Masculino,Nao,36,Sim,Ator/Atriz,9.0,Baixo,1.0,Cat_6,D
462385,Masculino,Nao,23,Nao,Medico,4.0,Baixo,3.0,Cat_6,C
462916,Feminino,Sim,68,Nao,Ator/Atriz,6.0,Medio,3.0,Cat_6,C
463339,Feminino,Sim,27,Sim,Engenheiro,4.0,Baixo,2.0,Cat_3,B
460981,Feminino,Sim,42,Nao,Marketing,0.0,Medio,2.0,Cat_6,A
458993,Masculino,Sim,29,Nao,Medico,0.0,Baixo,2.0,Cat_4,A
459966,Feminino,Nao,31,Sim,Medico,1.0,Baixo,3.0,Cat_6,B
459538,Feminino,Nao,45,Sim,Do Lar,11.0,Baixo,1.0,Cat_6,B
465975,Masculino,Nao,42,Sim,Ator/Atriz,8.0,Baixo,1.0,Cat_6,A
464600,Feminino,Nao,55,Sim,Ator/Atriz,0.0,Baixo,1.0,Cat_6,B
465760,Feminino,Nao,43,Sim,Engenheiro,8.0,Baixo,2.0,Cat_4,A
466577,Masculino,Nao,30,Sim,Enfermeiro,1.0,Baixo,1.0,Cat_6,D
467324,Masculino,Nao,32,Nao,Medico,5.0,Baixo,1.0,Cat_7,D
464387,Feminino,Nao,27,Sim,Ator/Atriz,9.0,Baixo,5.0,Cat_6,B
462481,Masculino,Nao,33,Sim,Entretenimento,1.0,Baixo,1.0,Cat_6,A
465365,Masculino,Nao,31,Nao,Entretenimento,1.0,Baixo,4.0,Cat_2,D
463762,Masculino,Sim,31,Nao,Executivo,1.0,Alto,3.0,Cat_6,A
460914,Feminino,Nao,36,Sim,Ator/Atriz,9.0,Baixo,2.0,Cat_6,C
466123,Masculino,Sim,70,Sim,Entretenimento,0.0,Baixo,1.0,Cat_6,A
460506,Feminino,Sim,52,Sim,Engenheiro,0.0,Baixo,3.0,Cat_3,B
463066,Feminino,Nao,28,Sim,Enfermeiro,9.0,Baixo,3.0,Cat_6,D
465110,Masculino,Sim,42,Sim,Entretenimento,9.0,Baixo,5.0,Cat_6,D
461445,Masculino,Sim,52,Sim,Ator/Atriz,3.0,Medio,4.0,Cat_6,C
466330,Masculino,Nao,29,Nao,Medico,0.0,Baixo,3.0,Cat_3,C
461578,Feminino,Sim,61,Sim,Ator/Atriz,0.0,Medio,4.0,Cat_6,C
465568,Masculino,Sim,39,Sim,Executivo,3.0,Alto,3.0,Cat_6,B
459130,Feminino,Sim,74,Nao,Advogado,0.0,Alto,2.0,Cat_6,A
459629,Feminino,Sim,47,Sim,Entretenimento,3.0,Medio,2.0,Cat_6,B
463892,Masculino,Nao,38,Sim,Ator/Atriz,9.0,Baixo,1.0,Cat_6,A
461950,Feminino,Nao,40,Sim,Enfermeiro,1.0,Baixo,1.0,Cat_2,D
463499,Masculino,Sim,48,Sim,Executivo,0.0,Baixo,2.0,Cat_6,A
467946,Feminino,Sim,40,Sim,Ator/Atriz,0.0,Baixo,2.0,Cat_6,B
462679,Masculino,Nao,63,Sim,Medico,1.0,Baixo,1.0,Cat_6,D
459181,Masculino,Sim,58,Nao,Ator/Atriz,0.0,Alto,3.0,Cat_6,D
463612,Feminino,Sim,51,Sim,Engenheiro,1.0,Alto,3.0,Cat_6,C
463393,Feminino,Sim,38,Sim,Ator/Atriz,6.0,Baixo,2.0,Cat_3,B
465527,Feminino,Nao,26,Nao,Entretenimento,6.0,Baixo,8.0,Cat_4,D
462316,Masculino,Sim,60,Sim,Ator/Atriz,1.0,Medio,3.0,Cat_6,C
467510,Masculino,Sim,51,Sim,Entretenimento,3.0,Baixo,3.0,Cat_6,B
466049,Feminino,Nao,25,Sim,Medico,0.0,Baixo,1.0,Cat_4,A
465211,Masculino,Nao,43,Nao,Ator/Atriz,6.0,Baixo,2.0,Cat_6,B
460367,Masculino,Sim,73,Sim,Ator/Atriz,1.0,Baixo,2.0,Cat_6,B
464585,Masculino,Sim,66,Sim,Advogado,1.0,Alto,2.0,Cat_4,C
463698,Feminino,Sim,53,Nao,Engenheiro,0.0,Medio,2.0,Cat_6,B
462114,Masculino,Nao,21,Nao,Enfermeiro,1.0,Baixo,4.0,Cat_6,D
461856,Feminino,Sim,45,Sim,Ator/Atriz,3.0,Alto,4.0,Cat_2,C
464593,Feminino,Nao,35,Sim,Medico,1.0,Baixo,4.0,Cat_2,B
459643,Masculino,Sim,40,Sim,Executivo,0.0,Alto,4.0,Cat_6,B
460213,Masculino,Sim,40,Sim,Entretenimento,5.0,Baixo,1.0,Cat_6,D
461046,Masculino,Sim,50,Sim,Ator/Atriz,0.0,Baixo,1.0,Cat_6,B
463409,Feminino,Sim,43,Nao,Entretenimento,7.0,Medio,5.0,Cat_2,B
463299,Feminino,Sim,49,Sim,Ator/Atriz,0.0,Baixo,4.0,Cat_6,B
465719,Feminino,Sim,37,Sim,Ator/Atriz,0.0,Baixo,2.0,Cat_6,C
463448,Masculino,Sim,40,Sim,Ator/Atriz,8.0,Medio,2.0,Cat_6,B
466248,Masculino,Nao,41,Sim,Medico,1.0,Baixo,1.0,Cat_2,B
463205,Feminino,Nao,25,Nao,Medico,0.0,Baixo,4.0,Cat_6,D
465648,Feminino,Nao,32,Nao,Entretenimento,0.0,Baixo,2.0,Cat_2,A
467774,Feminino,Nao,39,Sim,Do Lar,1.0,Baixo,6.0,Cat_6,A
465525,Feminino,Sim,38,Sim,Enfermeiro,3.0,Medio,3.0,Cat_2,D
467776,Feminino,Nao,25,Sim,Medico,0.0,Baixo,4.0,Cat_6,D
460850,Feminino,Sim,61,Nao,Engenheiro,0.0,Baixo,1.0,Cat_6,B
463919,Feminino,Nao,31,Sim,Do Lar,9.0,Baixo,1.0,Cat_6,D
460809,Masculino,Sim,72,Sim,Ator/Atriz,2.0,Baixo,1.0,Cat_6,B
465708,Feminino,Sim,60,Sim,Ator/Atriz,0.0,Alto,2.0,Cat_3,C
467138,Feminino,Nao,26,Nao,Do Lar,13.0,Baixo,1.0,Cat_6,D
459003,Masculino,Sim,51,Sim,Medico,0.0,Alto,5.0,Cat_4,C
464479,Masculino,Sim,55,Sim,Entretenimento,1.0,Baixo,1.0,Cat_6,B
464204,Feminino,Sim,39,Sim,Ator/Atriz,2.0,Alto,2.0,Cat_5,C
460073,Feminino,Sim,42,Sim,Engenheiro,2.0,Baixo,1.0,Cat_6,B
460289,Feminino,Sim,60,Sim,Ator/Atriz,2.0,Medio,6.0,Cat_4,C
464052,Masculino,Nao,36,Sim,Ator/Atriz,0.0,Baixo,1.0,Cat_6,A
459069,Masculino,Sim,25,Sim,Medico,0.0,Medio,2.0,Cat_6,A
465800,Masculino,Nao,25,Nao,Enfermeiro,1.0,Baixo,3.0,Cat_6,C
461497,Masculino,Nao,29,Nao,Medico,5.0,Baixo,5.0,Cat_2,B
464005,Feminino,Nao,27,Nao,Enfermeiro,0.0,Baixo,5.0,Cat_6,C
459588,Masculino,Sim,52,Sim,Ator/Atriz,1.0,Baixo,1.0,Cat_6,A
459476,Masculino,Sim,41,Sim,Ator/Atriz,0.0,Alto,4.0,Cat_6,A
464432,Masculino,Nao,31,Nao,Engenheiro,8.0,Baixo,2.0,Cat_3,D
462264,Masculino,Sim,45,Sim,Entretenimento,0.0,Medio,4.0,Cat_6,C
466257,Feminino,Nao,32,Nao,Enfermeiro,0.0,Baixo,4.0,Cat_6,C
460121,Masculino,Sim,55,Sim,Engenheiro,1.0,Medio,3.0,Cat_6,A
463640,Masculino,Nao,28,Sim,Enfermeiro,1.0,Baixo,3.0,Cat_6,D
464462,Feminino,Sim,70,Sim,Ator/Atriz,5.0,Alto,2.0,Cat_6,C
461024,Masculino,Sim,82,Sim,Advogado,1.0,Baixo,1.0,Cat_6,A
464229,Feminino,Nao,26,Nao,Engenheiro,2.0,Baixo,7.0,Cat_6,D
466680,Masculino,Nao,22,Nao,Engenheiro,0.0,Baixo,4.0,Cat_6,D
466063,Feminino,Sim,48,Sim,Entretenimento,0.0,Baixo,1.0,Cat_3,B
465205,Masculino,Sim,48,Sim,Entretenimento,0.0,Baixo,2.0,Cat_6,D
467476,Masculino,Nao,32,Sim,Enfermeiro,1.0,Baixo,4.0,Cat_6,D
463724,Masculino,Nao,29,Nao,Enfermeiro,0.0,Baixo,5.0,Cat_4,B
465868,Masculino,Nao,35,Sim,Ator/Atriz,6.0,Baixo,3.0,Cat_6,D
466148,Masculino,Sim,39,Nao,Entretenimento,0.0,Medio,4.0,Cat_6,C
464273,Feminino,Nao,26,Nao,Ator/Atriz,2.0,Baixo,2.0,Cat_6,D
466641,Masculino,Nao,20,Nao,Enfermeiro,1.0,Baixo,4.0,Cat_6,D
467044,Feminino,Nao,35,Sim,Marketing,0.0,Baixo,1.0,Cat_7,D
461312,Masculino,Nao,18,Nao,Enfermeiro,3.0,Baixo,3.0,Cat_2,D
464450,Feminino,Sim,56,Sim,Ator/Atriz,0.0,Alto,2.0,Cat_6,B
467900,Feminino,Nao,37,Nao,Engenheiro,3.0,Baixo,1.0,Cat_6,A
467651,Masculino,Nao,23,Nao,Enfermeiro,0.0,Baixo,4.0,Cat_6,D
459686,Masculino,Sim,52,Sim,Ator/Atriz,1.0,Baixo,1.0,Cat_6,C
466985,Feminino,Sim,45,Nao,Engenheiro,0.0,Medio,7.0,Cat_7,A
465258,Masculino,Nao,20,Nao,Enfermeiro,5.0,Baixo,4.0,Cat_3,D
467718,Feminino,Nao,20,Nao,Enfermeiro,2.0,Baixo,6.0,Cat_2,D
460288,Masculino,Sim,61,Sim,Enfermeiro,1.0,Medio,7.0,Cat_3,B
461991,Masculino,Nao,23,Nao,Medico,0.0,Baixo,4.0,Cat_6,B
460128,Masculino,Sim,25,Sim,Enfermeiro,8.0,Baixo,2.0,Cat_6,D
466614,Masculino,Nao,21,Nao,Enfermeiro,1.0,Baixo,6.0,Cat_5,D
462573,Masculino,Sim,59,Sim,Ator/Atriz,0.0,Medio,6.0,Cat_4,B
465346,Feminino,Nao,37,Sim,Marketing,1.0,Baixo,3.0,Cat_6,D
465022,Feminino,Sim,72,Sim,Advogado,0.0,Alto,2.0,Cat_6,C
459931,Masculino,Sim,50,Sim,Ator/Atriz,0.0,Baixo,1.0,Cat_6,A
464708,Masculino,Nao,20,Nao,Enfermeiro,0.0,Baixo,8.0,Cat_4,D
462303,Feminino,Sim,32,Nao,Ator/Atriz,0.0,Medio,4.0,Cat_6,A
464114,Feminino,Nao,36,Nao,Medico,0.0,Baixo,2.0,Cat_6,A
463638,Feminino,Sim,29,Nao,Medico,0.0,Medio,2.0,Cat_7,B
466223,Masculino,Sim,66,Sim,Ator/Atriz,1.0,Baixo,1.0,Cat_4,B
464560,Masculino,Nao,39,Sim,Entretenimento,9.0,Baixo,2.0,Cat_6,A
459106,Masculino,Sim,60,Sim,Ator/Atriz,1.0,Baixo,2.0,Cat_6,C
461492,Masculino,Sim,70,Sim,Entretenimento,8.0,Medio,2.0,Cat_6,C
462185,Masculino,Nao,18,Nao,Medico,0.0,Baixo,3.0,Cat_6,D
463967,Feminino,Nao,33,Sim,Engenheiro,0.0,Baixo,2.0,Cat_6,A
462421,Masculino,Nao,53,Sim,Ator/Atriz,0.0,Baixo,2.0,Cat_6,A
467587,Masculino,Sim,27,Sim,Ator/Atriz,9.0,Medio,3.0,Cat_6,C
460401,Feminino,Nao,27,Sim,Ator/Atriz,0.0,Baixo,3.0,Cat_7,A
460372,Masculino,Sim,37,Sim,Ator/Atriz,4.0,Medio,2.0,Cat_6,C
464086,Masculino,Sim,42,Sim,Ator/Atriz,1.0,Medio,4.0,Cat_6,B
464705,Masculino,Nao,32,Nao,Ator/Atriz,3.0,Baixo,7.0,Cat_4,A
463791,Feminino,Nao,28,Sim,Engenheiro,7.0,Baixo,1.0,Cat_6,B
461514,Masculino,Nao,31,Nao,Enfermeiro,1.0,Baixo,4.0,Cat_6,B
459251,Masculino,Nao,35,Sim,Ator/Atriz,0.0,Baixo,1.0,Cat_6,B
462923,Masculino,Sim,33,Nao,Do Lar,9.0,Medio,2.0,Cat_6,A
461017,Feminino,Nao,40,Sim,Do Lar,13.0,Baixo,1.0,Cat_3,A
465700,Masculino,Sim,25,Sim,Entretenimento,1.0,Alto,2.0,Cat_3,D
460113,Masculino,Sim,67,Sim,Ator/Atriz,1.0,Medio,2.0,Cat_6,C
466073,Feminino,Sim,62,Nao,Engenheiro,8.0,Alto,2.0,Cat_4,A
463201,Feminino,Nao,21,Nao,Enfermeiro,0.0,Baixo,2.0,Cat_4,D
461345,Masculino,Nao,27,Nao,Medico,0.0,Baixo,3.0,Cat_6,D
461939,Feminino,Sim,36,Sim,Entretenimento,1.0,Medio,4.0,Cat_4,A
467552,Masculino,Sim,53,Nao,Executivo,0.0,Medio,4.0,Cat_6,C
461882,Feminino,Nao,30,Sim,Medico,0.0,Baixo,5.0,Cat_7,C
467800,Feminino,Sim,53,Sim,Ator/Atriz,8.0,Medio,3.0,Cat_6,C
465997,Feminino,Nao,33,Nao,Medico,1.0,Baixo,3.0,Cat_6,D
466981,Feminino,Sim,53,Nao,Engenheiro,0.0,Baixo,3.0,Cat_5,A
467397,Masculino,Nao,29,Nao,Medico,8.0,Baixo,4.0,Cat_6,B
462589,Feminino,Nao,28,Nao,Engenheiro,8.0,Baixo,8.0,Cat_4,D
467957,Masculino,Sim,47,Sim,Ator/Atriz,1.0,Baixo,1.0,Cat_6,B
460264,Feminino,Sim,35,Sim,Entretenimento,0.0,Baixo,4.0,Cat_1,A
466916,Masculino,Sim,87,Sim,Advogado,3.0,Baixo,1.0,Cat_6,C
463822,Masculino,Sim,56,Sim,Ator/Atriz,0.0,Medio,4.0,Cat_6,C
461203,Feminino,Sim,26,Nao,Advogado,0.0,Baixo,9.0,Cat_7,C
459124,Feminino,Sim,75,Sim,Ator/Atriz,1.0,Alto,3.0,Cat_6,B
467495,Masculino,Sim,66,Nao,Ator/Atriz,2.0,Alto,3.0,Cat_6,C
464292,Masculino,Sim,55,Sim,Ator/Atriz,0.0,Medio,2.0,Cat_6,C
461010,Masculino,Sim,39,Sim,Entretenimento,1.0,Medio,3.0,Cat_3,A
463109,Masculino,Sim,61,Sim,Executivo,9.0,Alto,2.0,Cat_6,C
462480,Masculino,Nao,40,Nao,Engenheiro,2.0,Baixo,4.0,Cat_6,D
465229,Masculino,Sim,43,Sim,Executivo,0.0,Alto,3.0,Cat_6,B
462074,Feminino,Nao,57,Sim,Ator/Atriz,1.0,Baixo,1.0,Cat_6,B
461645,Feminino,Nao,37,Sim,Ator/Atriz,0.0,Baixo,2.0,Cat_6,C
463662,Masculino,Sim,41,Sim,Entretenimento,2.0,Medio,2.0,Cat_6,C
463756,Masculino,Sim,68,Nao,Executivo,1.0,Medio,2.0,Cat_6,B
466581,Feminino,Sim,43,Sim,Ator/Atriz,9.0,Alto,4.0,Cat_6,C
464680,Masculino,Nao,21,Nao,Enfermeiro,1.0,Baixo,5.0,Cat_4,D
464727,Masculino,Sim,38,Sim,Engenheiro,1.0,Medio,4.0,Cat_3,B
466413,Masculino,Sim,62,Sim,Ator/Atriz,1.0,Medio,5.0,Cat_6,A
462625,Masculino,Nao,32,Sim,Ator/Atriz,0.0,Baixo,3.0,Cat_4,A
459048,Feminino,Nao,18,Nao,Enfermeiro,0.0,Baixo,5.0,Cat_6,D
461348,Masculino,Sim,35,Sim,Enfermeiro,1.0,Baixo,1.0,Cat_6,D
464719,Feminino,Nao,28,Nao,Medico,3.0,Baixo,4.0,Cat_6,A
465561,Masculino,Sim,25,Nao,Ator/Atriz,1.0,Medio,4.0,Cat_4,B
463976,Feminino,Nao,29,Nao,Enfermeiro,5.0,Baixo,4.0,Cat_4,A
464044,Feminino,Nao,40,Sim,Entretenimento,1.0,Baixo,3.0,Cat_6,B
463333,Feminino,Nao,18,Nao,Enfermeiro,0.0,Baixo,3.0,Cat_6,D
462507,Masculino,Nao,39,Nao,Entretenimento,0.0,Baixo,3.0,Cat_6,A
460589,Masculino,Sim,49,Nao,Entretenimento,1.0,Medio,6.0,Cat_3,B
460754,Feminino,Nao,33,Sim,Do Lar,8.0,Baixo,1.0,Cat_6,A
464170,Masculino,Sim,38,Nao,Ator/Atriz,8.0,Baixo,1.0,Cat_6,B
463660,Masculino,Sim,85,Sim,Advogado,1.0,Baixo,1.0,Cat_6,A
466200,Masculino,Sim,51,Sim,Medico,8.0,Medio,3.0,Cat_4,B
460999,Masculino,Nao,26,Sim,Engenheiro,1.0,Baixo,3.0,Cat_3,D
461327,Feminino,Sim,35,Sim,Ator/Atriz,1.0,Medio,3.0,Cat_6,C
461178,Masculino,Sim,33,Nao,Entretenimento,1.0,Baixo,3.0,Cat_3,D
465150,Masculino,Nao,41,Sim,Entretenimento,0.0,Baixo,1.0,Cat_6,A
462882,Masculino,Sim,41,Sim,Do Lar,2.0,Medio,3.0,Cat_3,B
460544,Masculino,Nao,77,Sim,Advogado,0.0,Baixo,1.0,Cat_3,C
459979,Feminino,Nao,41,Nao,Marketing,0.0,Baixo,2.0,Cat_6,B
463157,Masculino,Sim,46,Sim,Entretenimento,5.0,Baixo,3.0,Cat_6,A
466169,Masculino,Sim,63,Sim,Ator/Atriz,1.0,Baixo,1.0,Cat_1,C
467427,Feminino,Sim,37,Sim,Ator/Atriz,8.0,Alto,2.0,Cat_6,C
465810,Feminino,Nao,28,Nao,Engenheiro,1.0,Baixo,2.0,Cat_4,D
464112,Masculino,Nao,28,Sim,Medico,1.0,Baixo,2.0,Cat_6,D
465877,Feminino,Nao,48,Sim,Ator/Atriz,6.0,Baixo,1.0,Cat_6,D
464337,Masculino,Nao,36,Sim,Ator/Atriz,5.0,Baixo,1.0,Cat_6,D
465566,Masculino,Nao,50,Sim,Ator/Atriz,1.0,Baixo,3.0,Cat_3,B
460394,Feminino,Nao,32,Sim,Enfermeiro,9.0,Baixo,3.0,Cat_6,D
460962,Masculino,Sim,55,Sim,Executivo,9.0,Alto,4.0,Cat_6,C
465323,Feminino,Sim,43,Sim,Ator/Atriz,0.0,Baixo,1.0,Cat_6,A
460384,Feminino,Sim,32,Sim,Marketing,8.0,Baixo,2.0,Cat_6,D
461760,Masculino,Sim,82,Sim,Ator/Atriz,0.0,Alto,2.0,Cat_6,C
465276,Masculino,Sim,55,Sim,Ator/Atriz,1.0,Medio,5.0,Cat_6,C
467270,Feminino,Nao,33,Sim,Medico,0.0,Baixo,4.0,Cat_6,C
464358,Masculino,Sim,58,Sim,Ator/Atriz,0.0,Medio,2.0,Cat_6,B
462181,Feminino,Nao,32,Sim,Enfermeiro,8.0,Baixo,3.0,Cat_6,C
459178,Masculino,Sim,48,Sim,Executivo,0.0,Alto,5.0,Cat_6,C
466117,Masculino,Sim,62,Sim,Ator/Atriz,1.0,Medio,2.0,Cat_3,C
463683,Feminino,Sim,39,Sim,Ator/Atriz,14.0,Medio,2.0,Cat_6,B
460223,Masculino,Nao,47,Nao,Entretenimento,1.0,Baixo,1.0,Cat_6,A
465829,Feminino,Sim,35,Sim,Medico,7.0,Medio,3.0,Cat_4,A
461523,Masculino,Sim,78,Sim,Advogado,0.0,Alto,5.0,Cat_6,B
461099,Feminino,Nao,42,Nao,Ator/Atriz,0.0,Baixo,4.0,Cat_3,A
467405,Feminino,Nao,37,Sim,Ator/Atriz,1.0,Baixo,1.0,Cat_4,C
467958,Feminino,Nao,43,Sim,Medico,0.0,Baixo,1.0,Cat_6,A
467283,Masculino,Sim,48,Sim,Ator/Atriz,1.0,Medio,3.0,Cat_2,C
463238,Masculino,Nao,22,Nao,Enfermeiro,0.0,Baixo,5.0,Cat_6,D
460228,Masculino,Nao,31,Nao,Enfermeiro,2.0,Baixo,5.0,Cat_2,A
464123,Feminino,Nao,51,Sim,Ator/Atriz,0.0,Baixo,1.0,Cat_6,B
464110,Masculino,Sim,58,Sim,Medico,1.0,Alto,2.0,Cat_6,B
460943,Masculino,Sim,50,Sim,Entretenimento,1.0,Medio,4.0,Cat_6,B
467603,Masculino,Sim,71,Sim,Advogado,1.0,Alto,2.0,Cat_6,C
460576,Masculino,Sim,49,Nao,Executivo,9.0,Alto,5.0,Cat_3,B
466635,Masculino,Sim,53,Sim,Ator/Atriz,4.0,Medio,2.0,Cat_6,C
461085,Feminino,Nao,31,Nao,Engenheiro,1.0,Baixo,1.0,Cat_3,A
465850,Feminino,Nao,21,Nao,Enfermeiro,9.0,Baixo,7.0,Cat_4,D
467694,Masculino,Sim,61,Sim,Executivo,0.0,Alto,2.0,Cat_6,C
462497,Masculino,Nao,35,Sim,Ator/Atriz,1.0,Baixo,2.0,Cat_6,B
465732,Masculino,Sim,47,Sim,Marketing,0.0,Baixo,2.0,Cat_4,D
459759,Feminino,Sim,38,Sim,Ator/Atriz,0.0,Medio,3.0,Cat_6,C
465399,Masculino,Nao,39,Sim,Entretenimento,1.0,Baixo,1.0,Cat_4,B
459107,Masculino,Sim,55,Sim,Ator/Atriz,1.0,Baixo,2.0,Cat_6,C
461135,Feminino,Nao,19,Nao,Enfermeiro,0.0,Baixo,3.0,Cat_6,D
460769,Feminino,Sim,76,Nao,Advogado,1.0,Alto,2.0,Cat_6,B
463187,Feminino,Sim,51,Sim,Ator/Atriz,8.0,Baixo,2.0,Cat_6,C
464070,Masculino,Nao,39,Sim,Ator/Atriz,5.0,Baixo,2.0,Cat_6,B
462826,Masculino,Nao,22,Nao,Enfermeiro,0.0,Baixo,3.0,Cat_3,D
462844,Feminino,Sim,30,Nao,Engenheiro,0.0,Medio,2.0,Cat_6,D
463045,Feminino,Sim,35,Sim,Do Lar,13.0,Alto,7.0,Cat_6,C
462236,Masculino,Nao,35,Sim,Entretenimento,13.0,Baixo,2.0,Cat_4,C
460029,Feminino,Sim,35,Sim,Enfermeiro,12.0,Medio,2.0,Cat_2,D
465393,Masculino,Sim,36,Sim,Ator/Atriz,7.0,Medio,2.0,Cat_6,C
462091,Masculino,Nao,18,Nao,Enfermeiro,0.0,Baixo,5.0,Cat_4,D
459860,Masculino,Sim,75,Nao,Executivo,1.0,Alto,2.0,Cat_6,D
461636,Masculino,Nao,46,Sim,Ator/Atriz,3.0,Baixo,1.0,Cat_6,C
459431,Masculino,Sim,68,Nao,Ator/Atriz,0.0,Baixo,2.0,Cat_6,A
459419,Masculino,Sim,67,Sim,Medico,1.0,Medio,2.0,Cat_6,B
459806,Feminino,Sim,50,Nao,Engenheiro,1.0,Medio,4.0,Cat_6,B
463080,Masculino,Nao,32,Nao,Ator/Atriz,0.0,Baixo,4.0,Cat_5,D
461044,Masculino,Nao,21,Nao,Enfermeiro,1.0,Baixo,5.0,Cat_4,D
467770,Feminino,Sim,48,Sim,Ator/Atriz,9.0,Alto,4.0,Cat_3,C
463245,Masculino,Sim,37,Sim,Entretenimento,9.0,Medio,2.0,Cat_6,A
459281,Masculino,Sim,41,Sim,Ator/Atriz,0.0,Baixo,2.0,Cat_6,B
458983,Feminino,Sim,63,Sim,Executivo,0.0,Alto,5.0,Cat_6,C
459815,Masculino,Nao,42,Sim,Ator/Atriz,9.0,Baixo,1.0,Cat_6,A
461038,Feminino,Sim,49,Sim,Engenheiro,1.0,Alto,5.0,Cat_3,B
465287,Masculino,Nao,23,Nao,Enfermeiro,0.0,Baixo,4.0,Cat_3,D
465313,Masculino,Nao,31,Nao,Entretenimento,0.0,Baixo,3.0,Cat_6,B
464529,Masculino,Nao,45,Sim,Ator/Atriz,9.0,Baixo,1.0,Cat_6,D
460391,Masculino,Sim,21,Nao,Entretenimento,0.0,Baixo,3.0,Cat_6,D
464744,Masculino,Sim,55,Sim,Entretenimento,0.0,Baixo,4.0,Cat_4,A
462741,Feminino,Nao,26,Sim,Ator/Atriz,2.0,Baixo,2.0,Cat_6,A
461506,Masculino,Nao,27,Nao,Medico,1.0,Baixo,3.0,Cat_6,D
460207,Masculino,Nao,41,Sim,Entretenimento,11.0,Baixo,4.0,Cat_6,B
459736,Feminino,Sim,28,Sim,Ator/Atriz,0.0,Baixo,2.0,Cat_6,A
467187,Masculino,Sim,47,Nao,Engenheiro,1.0,Medio,3.0,Cat_6,C
466384,Feminino,Sim,72,Sim,Engenheiro,0.0,Alto,2.0,Cat_4,B
462763,Masculino,Nao,23,Nao,Enfermeiro,0.0,Baixo,4.0,Cat_6,D
465660,Masculino,Sim,48,Sim,Ator/Atriz,1.0,Baixo,3.0,Cat_6,C
461493,Feminino,Sim,33,Sim,Ator/Atriz,8.0,Medio,3.0,Cat_6,A
460111,Masculino,Sim,72,Sim,Executivo,8.0,Alto,2.0,Cat_6,C
465305,Masculino,Sim,66,Nao,Executivo,1.0,Baixo,2.0,Cat_6,D
461947,Feminino,Nao,33,Sim,Enfermeiro,0.0,Baixo,4.0,Cat_2,B
465008,Feminino,Sim,70,Sim,Ator/Atriz,0.0,Alto,2.0,Cat_6,C
459928,Feminino,Nao,35,Sim,Ator/Atriz,7.0,Baixo,1.0,Cat_6,B
466639,Masculino,Nao,38,Sim,Ator/Atriz,1.0,Baixo,1.0,Cat_6,B
459402,Feminino,Sim,51,Sim,Ator/Atriz,1.0,Medio,4.0,Cat_6,C
466470,Masculino,Sim,67,Sim,Do Lar,1.0,Medio,2.0,Cat_2,B
465914,Feminino,Nao,46,Sim,Ator/Atriz,3.0,Baixo,2.0,Cat_6,B
465675,Feminino,Nao,47,Nao,Entretenimento,0.0,Baixo,1.0,Cat_4,A
461815,Masculino,Sim,55,Sim,Ator/Atriz,1.0,Baixo,1.0,Cat_3,B
461335,Masculino,Sim,51,Nao,Executivo,9.0,Alto,2.0,Cat_6,C
461974,Feminino,Sim,47,Sim,Ator/Atriz,0.0,Baixo,1.0,Cat_6,A
463267,Masculino,Sim,31,Nao,Do Lar,9.0,Baixo,1.0,Cat_4,A
464201,Feminino,Nao,30,Nao,Enfermeiro,0.0,Baixo,9.0,Cat_6,C
463942,Masculino,Nao,26,Nao,Enfermeiro,0.0,Baixo,4.0,Cat_4,D
459092,Masculino,Sim,60,Sim,Executivo,0.0,Alto,4.0,Cat_6,B
461264,Masculino,Nao,19,Nao,Medico,0.0,Baixo,3.0,Cat_4,D
462379,Feminino,Sim,60,Sim,Ator/Atriz,1.0,Medio,3.0,Cat_6,C
461554,Masculino,Nao,25,Sim,Enfermeiro,0.0,Baixo,3.0,Cat_6,B
466721,Masculino,Sim,36,Sim,Medico,7.0,Medio,2.0,Cat_6,A
465822,Feminino,Sim,52,Sim,Engenheiro,1.0,Medio,5.0,Cat_4,B
461779,Feminino,Sim,83,Sim,Advogado,1.0,Alto,2.0,Cat_6,B
465537,Feminino,Sim,56,Sim,Ator/Atriz,0.0,Alto,5.0,Cat_3,A
465044,Feminino,Sim,47,Sim,Engenheiro,0.0,Medio,4.0,Cat_6,B
459171,Masculino,Sim,40,Sim,Ator/Atriz,1.0,Medio,2.0,Cat_6,C
466303,Masculino,Sim,67,Sim,Advogado,0.0,Alto,2.0,Cat_2,B
464547,Masculino,Nao,41,Sim,Ator/Atriz,0.0,Baixo,2.0,Cat_3,B
462584,Feminino,Sim,40,Nao,Entretenimento,0.0,Baixo,4.0,Cat_4,D
467399,Masculino,Sim,29,Sim,Medico,1.0,Baixo,3.0,Cat_6,D
462082,Feminino,Nao,41,Sim,Ator/Atriz,10.0,Baixo,1.0,Cat_6,C
462575,Masculino,Sim,50,Nao,Executivo,1.0,Alto,4.0,Cat_6,B
459644,Feminino,Nao,33,Nao,Marketing,9.0,Baixo,4.0,Cat_2,D
466587,Feminino,Nao,48,Nao,Enfermeiro,0.0,Baixo,4.0,Cat_6,C
460082,Masculino,Nao,37,Sim,Ator/Atriz,8.0,Baixo,1.0,Cat_6,A
461380,Masculino,Sim,37,Sim,Ator/Atriz,1.0,Medio,2.0,Cat_6,B
465475,Feminino,Sim,36,Sim,Entretenimento,0.0,Medio,3.0,Cat_6,B
459883,Masculino,Nao,63,Sim,Ator/Atriz,0.0,Baixo,1.0,Cat_2,B
466686,Feminino,Nao,22,Nao,Enfermeiro,1.0,Baixo,4.0,Cat_6,D
463750,Masculino,Sim,41,Sim,Ator/Atriz,3.0,Medio,3.0,Cat_6,C
460327,Feminino,Nao,42,Sim,Ator/Atriz,12.0,Baixo,1.0,Cat_6,B
461349,Masculino,Nao,26,Sim,Medico,0.0,Baixo,5.0,Cat_6,D
465350,Feminino,Nao,35,Sim,Ator/Atriz,0.0,Baixo,3.0,Cat_6,A
461665,Masculino,Sim,61,Sim,Entretenimento,4.0,Medio,2.0,Cat_5,B
461981,Masculino,Nao,18,Nao,Enfermeiro,4.0,Baixo,3.0,Cat_3,D
467685,Masculino,Sim,50,Nao,Marketing,1.0,Alto,6.0,Cat_4,A
465524,Feminino,Nao,51,Sim,Ator/Atriz,8.0,Baixo,1.0,Cat_6,C
464220,Masculino,Sim,65,Sim,Executivo,1.0,Alto,2.0,Cat_6,A
463450,Masculino,Nao,26,Sim,Enfermeiro,1.0,Baixo,3.0,Cat_6,B
467481,Masculino,Sim,50,Sim,Ator/Atriz,0.0,Medio,2.0,Cat_6,A
464478,Feminino,Sim,75,Nao,Advogado,0.0,Alto,2.0,Cat_6,B
465549,Feminino,Nao,52,Sim,Enfermeiro,0.0,Baixo,1.0,Cat_3,D
459267,Feminino,Nao,31,Nao,Enfermeiro,4.0,Baixo,3.0,Cat_6,A
461875,Masculino,Nao,33,Nao,Medico,0.0,Baixo,3.0,Cat_6,B
463971,Feminino,Sim,57,Sim,Ator/Atriz,0.0,Medio,4.0,Cat_6,C
461789,Masculino,Sim,67,Sim,Executivo,1.0,Alto,2.0,Cat_6,C
461909,Feminino,Nao,30,Nao,Marketing,0.0,Baixo,4.0,Cat_6,D
465244,Masculino,Nao,23,Nao,Enfermeiro,1.0,Baixo,4.0,Cat_4,D
466937,Masculino,Sim,62,Nao,Entretenimento,1.0,Medio,2.0,Cat_6,B
459296,Masculino,Sim,70,Sim,Ator/Atriz,1.0,Medio,2.0,Cat_6,C
459352,Masculino,Sim,38,Sim,Medico,4.0,Medio,4.0,Cat_3,B
461225,Feminino,Nao,32,Nao,Marketing,11.0,Baixo,6.0,Cat_6,D
463212,Masculino,Nao,28,Sim,Enfermeiro,0.0,Baixo,5.0,Cat_6,D
460925,Masculino,Sim,42,Sim,Ator/Atriz,1.0,Medio,3.0,Cat_6,C
460803,Feminino,Nao,26,Nao,Marketing,0.0,Baixo,4.0,Cat_4,D
464694,Feminino,Nao,30,Nao,Engenheiro,1.0,Baixo,3.0,Cat_4,A
467161,Feminino,Sim,30,Sim,Do Lar,9.0,Baixo,2.0,Cat_6,B
466640,Feminino,Nao,19,Nao,Marketing,1.0,Baixo,4.0,Cat_6,D
464054,Masculino,Sim,31,Sim,Ator/Atriz,8.0,Medio,2.0,Cat_6,C
459154,Masculino,Sim,88,Sim,Advogado,0.0,Alto,2.0,Cat_6,A
465734,Masculino,Sim,40,Sim,Ator/Atriz,0.0,Baixo,3.0,Cat_1,A
466612,Feminino,Nao,21,Nao,Enfermeiro,8.0,Baixo,2.0,Cat_6,D
463282,Masculino,Nao,38,Sim,Ator/Atriz,1.0,Baixo,1.0,Cat_3,B
460681,Feminino,Nao,36,Sim,Do Lar,6.0,Baixo,1.0,Cat_3,B
466944,Masculino,Sim,47,Nao,Entretenimento,1.0,Baixo,1.0,Cat_6,A
465376,Feminino,Nao,30,Sim,Entretenimento,1.0,Baixo,4.0,Cat_4,A
465273,Feminino,Nao,35,Sim,Enfermeiro,9.0,Baixo,2.0,Cat_2,D
465162,Masculino,Sim,58,Sim,Ator/Atriz,1.0,Medio,3.0,Cat_6,B
459784,Feminino,Sim,52,Sim,Engenheiro,0.0,Alto,5.0,Cat_6,B
461057,Masculino,Sim,46,Sim,Ator/Atriz,0.0,Alto,4.0,Cat_3,B
464910,Feminino,Sim,45,Sim,Ator/Atriz,0.0,Medio,5.0,Cat_4,C
461826,Masculino,Sim,35,Sim,Ator/Atriz,12.0,Medio,2.0,Cat_6,A
461301,Masculino,Sim,71,Sim,Advogado,0.0,Medio,2.0,Cat_6,C
462995,Masculino,Sim,36,Sim,Ator/Atriz,0.0,Medio,5.0,Cat_6,C
464331,Feminino,Nao,53,Sim,Engenheiro,0.0,Baixo,1.0,Cat_6,D
464487,Masculino,Nao,53,Nao,Engenheiro,1.0,Baixo,3.0,Cat_4,A
465647,Masculino,Nao,31,Sim,Ator/Atriz,9.0,Baixo,1.0,Cat_6,A
467132,Feminino,Sim,66,Sim,Engenheiro,0.0,Baixo,2.0,Cat_6,B
467120,Masculino,Sim,37,Sim,Ator/Atriz,8.0,Baixo,2.0,Cat_6,B
467802,Feminino,Sim,47,Sim,Ator/Atriz,0.0,Alto,5.0,Cat_6,C
464985,Feminino,Sim,66,Sim,Advogado,1.0,Alto,3.0,Cat_6,C
460224,Feminino,Nao,25,Nao,Enfermeiro,1.0,Baixo,3.0,Cat_6,B
465923,Feminino,Nao,30,Sim,Engenheiro,9.0,Baixo,5.0,Cat_6,D
461948,Feminino,Sim,45,Sim,Ator/Atriz,1.0,Medio,4.0,Cat_6,C
461194,Feminino,Nao,33,Nao,Medico,1.0,Baixo,8.0,Cat_4,C
460590,Masculino,Sim,37,Sim,Ator/Atriz,0.0,Medio,3.0,Cat_3,B
463291,Masculino,Sim,35,Sim,Engenheiro,5.0,Medio,4.0,Cat_6,B
461321,Masculino,Sim,50,Sim,Ator/Atriz,13.0,Baixo,1.0,Cat_6,C
466062,Masculino,Sim,56,Sim,Ator/Atriz,4.0,Baixo,3.0,Cat_3,B
465252,Feminino,Nao,20,Nao,Enfermeiro,8.0,Baixo,3.0,Cat_3,D
461031,Masculino,Sim,59,Nao,Executivo,1.0,Alto,2.0,Cat_6,C
467230,Masculino,Nao,21,Nao,Enfermeiro,0.0,Baixo,4.0,Cat_6,D
465374,Masculino,Sim,37,Sim,Entretenimento,1.0,Medio,3.0,Cat_4,C
464159,Feminino,Sim,68,Sim,Ator/Atriz,1.0,Baixo,1.0,Cat_4,B
463064,Masculino,Sim,33,Nao,Executivo,9.0,Alto,2.0,Cat_6,D
462927,Feminino,Nao,26,Nao,Do Lar,9.0,Baixo,2.0,Cat_6,A
459428,Feminino,Nao,43,Nao,Marketing,0.0,Baixo,2.0,Cat_4,D
459921,Masculino,Nao,37,Sim,Ator/Atriz,8.0,Baixo,1.0,Cat_3,A
462434,Masculino,Sim,57,Sim,Ator/Atriz,0.0,Medio,4.0,Cat_6,C
463625,Masculino,Sim,35,Nao,Ator/Atriz,1.0,Medio,3.0,Cat_4,A
465871,Masculino,Nao,33,Nao,Entretenimento,8.0,Baixo,1.0,Cat_6,A
463151,Masculino,Sim,60,Sim,Ator/Atriz,1.0,Baixo,1.0,Cat_3,A
459794,Masculino,Sim,52,Sim,Ator/Atriz,0.0,Baixo,2.0,Cat_6,B
465004,Masculino,Nao,35,Sim,Entretenimento,0.0,Baixo,3.0,Cat_7,D
464851,Masculino,Nao,18,Nao,Medico,0.0,Baixo,6.0,Cat_4,D
467383,Feminino,Sim,77,Sim,Advogado,0.0,Alto,2.0,Cat_6,B
466277,Masculino,Nao,18,Nao,Enfermeiro,0.0,Baixo,5.0,Cat_3,D
462115,Masculino,Nao,18,Nao,Enfermeiro,0.0,Baixo,3.0,Cat_6,D
463958,Feminino,Nao,25,Nao,Enfermeiro,0.0,Baixo,5.0,Cat_2,C
460023,Masculino,Sim,49,Sim,Entretenimento,0.0,Baixo,1.0,Cat_6,A
460085,Feminino,Nao,37,Sim,Marketing,0.0,Baixo,1.0,Cat_4,D
463930,Masculino,Sim,49,Sim,Ator/Atriz,1.0,Medio,2.0,Cat_6,C
463458,Masculino,Sim,26,Sim,Entretenimento,1.0,Medio,2.0,Cat_6,B
467147,Masculino,Nao,45,Sim,Entretenimento,0.0,Baixo,1.0,Cat_6,A
461930,Feminino,Nao,42,Sim,Ator/Atriz,0.0,Baixo,1.0,Cat_4,A
464398,Masculino,Sim,48,Nao,Marketing,0.0,Baixo,5.0,Cat_6,D
461133,Masculino,Nao,23,Nao,Enfermeiro,1.0,Baixo,4.0,Cat_6,D
466382,Feminino,Sim,52,Sim,Engenheiro,4.0,Alto,2.0,Cat_4,B
466914,Masculino,Sim,81,Sim,Entretenimento,1.0,Baixo,1.0,Cat_6,D
459986,Masculino,Sim,60,Sim,Ator/Atriz,0.0,Baixo,1.0,Cat_6,B
465102,Masculino,Sim,57,Sim,Advogado,1.0,Alto,2.0,Cat_6,B
459209,Feminino,Nao,21,Nao,Entretenimento,1.0,Baixo,4.0,Cat_6,C
464174,Feminino,Nao,43,Sim,Engenheiro,0.0,Baixo,4.0,Cat_6,D
461516,Masculino,Sim,32,Sim,Entretenimento,0.0,Medio,3.0,Cat_6,A
463252,Masculino,Sim,50,Sim,Ator/Atriz,0.0,Medio,2.0,Cat_6,B
462795,Masculino,Nao,25,Nao,Entretenimento,13.0,Baixo,3.0,Cat_6,A
461927,Masculino,Nao,25,Nao,Enfermeiro,1.0,Baixo,4.0,Cat_2,C
467337,Masculino,Sim,56,Sim,Ator/Atriz,1.0,Medio,4.0,Cat_6,C
465645,Feminino,Nao,36,Sim,Ator/Atriz,9.0,Baixo,2.0,Cat_6,C
465844,Feminino,Nao,46,Sim,Engenheiro,0.0,Baixo,1.0,Cat_6,D
460256,Masculino,Nao,53,Sim,Ator/Atriz,2.0,Baixo,2.0,Cat_2,B
466825,Feminino,Sim,41,Sim,Ator/Atriz,1.0,Baixo,2.0,Cat_6,A
464051,Masculino,Sim,53,Sim,Medico,0.0,Medio,2.0,Cat_6,C
464643,Feminino,Sim,79,Nao,Engenheiro,0.0,Alto,2.0,Cat_4,A
467239,Feminino,Nao,33,Nao,Engenheiro,1.0,Baixo,3.0,Cat_6,D
461113,Feminino,Nao,23,Nao,Enfermeiro,1.0,Baixo,4.0,Cat_3,D
466980,Masculino,Sim,72,Sim,Advogado,1.0,Alto,2.0,Cat_6,A
466077,Masculino,Sim,35,Sim,Medico,9.0,Alto,3.0,Cat_6,A
460520,Feminino,Nao,28,Sim,Medico,1.0,Baixo,3.0,Cat_3,C
466429,Masculino,Sim,36,Nao,Enfermeiro,1.0,Baixo,2.0,Cat_3,A
460161,Masculino,Nao,38,Sim,Ator/Atriz,0.0,Baixo,1.0,Cat_3,B
461579,Feminino,Sim,43,Sim,Ator/Atriz,4.0,Alto,3.0,Cat_6,C
467155,Masculino,Sim,47,Nao,Executivo,0.0,Alto,4.0,Cat_6,B
460746,Masculino,Nao,22,Nao,Marketing,1.0,Baixo,3.0,Cat_6,A
464901,Masculino,Sim,82,Nao,Executivo,1.0,Alto,4.0,Cat_4,A
464238,Masculino,Sim,87,Sim,Advogado,0.0,Alto,2.0,Cat_6,A
466135,Masculino,Sim,47,Sim,Ator/Atriz,1.0,Baixo,2.0,Cat_3,B
465196,Feminino,Nao,33,Sim,Ator/Atriz,3.0,Baixo,2.0,Cat_4,D
463110,Masculino,Sim,68,Nao,Executivo,1.0,Alto,2.0,Cat_6,A
463820,Masculino,Sim,45,Sim,Executivo,8.0,Alto,4.0,Cat_6,C
462819,Masculino,Sim,49,Sim,Ator/Atriz,0.0,Medio,3.0,Cat_6,C
462456,Masculino,Nao,18,Nao,Enfermeiro,0.0,Baixo,8.0,Cat_6,D
467909,Feminino,Nao,45,Sim,Medico,0.0,Baixo,1.0,Cat_6,A
463391,Masculino,Sim,62,Sim,Medico,5.0,Baixo,1.0,Cat_3,B
467211,Feminino,Sim,75,Sim,Advogado,0.0,Baixo,1.0,Cat_6,B
462256,Feminino,Sim,59,Sim,Do Lar,0.0,Medio,4.0,Cat_6,B
459491,Feminino,Sim,39,Sim,Ator/Atriz,1.0,Medio,4.0,Cat_6,C
464664,Masculino,Sim,39,Nao,Entretenimento,1.0,Medio,5.0,Cat_4,B
459925,Masculino,Sim,68,Nao,Executivo,1.0,Alto,2.0,Cat_4,D
463224,Masculino,Sim,50,Sim,Executivo,0.0,Alto,4.0,Cat_6,B
459066,Masculino,Sim,47,Sim,Executivo,8.0,Alto,4.0,Cat_6,C
462052,Masculino,Sim,51,Sim,Ator/Atriz,1.0,Baixo,2.0,Cat_6,C
463304,Feminino,Nao,41,Sim,Medico,0.0,Baixo,1.0,Cat_4,A
463521,Masculino,Sim,45,Sim,Executivo,1.0,Alto,4.0,Cat_6,A
464703,Masculino,Sim,40,Nao,Medico,1.0,Medio,5.0,Cat_4,A
463542,Feminino,Sim,27,Nao,Ator/Atriz,6.0,Alto,5.0,Cat_2,A
465353,Masculino,Sim,73,Sim,Ator/Atriz,1.0,Medio,2.0,Cat_6,C
459696,Masculino,Sim,43,Sim,Engenheiro,0.0,Medio,2.0,Cat_6,B
460815,Masculino,Sim,55,Sim,Ator/Atriz,0.0,Alto,2.0,Cat_3,A
463413,Masculino,Sim,41,Nao,Medico,1.0,Medio,2.0,Cat_4,A
460481,Masculino,Nao,25,Sim,Entretenimento,1.0,Baixo,2.0,Cat_3,B
463336,Feminino,Sim,62,Nao,Engenheiro,4.0,Baixo,1.0,Cat_4,B
462485,Feminino,Sim,37,Nao,Engenheiro,0.0,Baixo,2.0,Cat_6,A
459357,Masculino,Sim,69,Nao,Advogado,0.0,Baixo,1.0,Cat_6,D
464428,Feminino,Sim,89,Sim,Entretenimento,6.0,Medio,4.0,Cat_2,A
463295,Masculino,Nao,28,Nao,Entretenimento,0.0,Baixo,3.0,Cat_6,A
461877,Feminino,Nao,38,Sim,Ator/Atriz,7.0,Baixo,2.0,Cat_6,B
467793,Masculino,Nao,18,Nao,Enfermeiro,3.0,Baixo,4.0,Cat_6,D
466816,Masculino,Sim,81,Sim,Advogado,1.0,Alto,2.0,Cat_6,B
462271,Masculino,Sim,45,Sim,Executivo,2.0,Medio,4.0,Cat_2,B
463677,Masculino,Sim,42,Nao,Executivo,1.0,Alto,5.0,Cat_6,C
461400,Masculino,Nao,36,Nao,Marketing,0.0,Baixo,1.0,Cat_6,D
466140,Masculino,Sim,30,Sim,Entretenimento,0.0,Baixo,2.0,Cat_6,A
463435,Feminino,Nao,33,Sim,Enfermeiro,0.0,Baixo,3.0,Cat_6,D
463858,Masculino,Sim,37,Nao,Ator/Atriz,0.0,Medio,2.0,Cat_6,C
459777,Masculino,Sim,35,Nao,Ator/Atriz,9.0,Baixo,3.0,Cat_7,A
463545,Feminino,Nao,31,Sim,Medico,0.0,Baixo,2.0,Cat_4,D
462188,Feminino,Sim,53,Nao,Engenheiro,0.0,Medio,4.0,Cat_4,B
465966,Masculino,Nao,36,Sim,Medico,9.0,Baixo,1.0,Cat_6,B
464869,Masculino,Sim,37,Sim,Entretenimento,0.0,Baixo,2.0,Cat_4,A
459564,Masculino,Sim,80,Sim,Advogado,2.0,Baixo,1.0,Cat_6,A
459099,Masculino,Sim,30,Sim,Medico,8.0,Medio,2.0,Cat_6,A
465994,Masculino,Nao,32,Nao,Medico,3.0,Baixo,3.0,Cat_7,D
461243,Masculino,Sim,49,Sim,Marketing,0.0,Baixo,5.0,Cat_6,D
464163,Masculino,Sim,67,Sim,Executivo,0.0,Alto,4.0,Cat_6,C
459781,Masculino,Nao,47,Nao,Entretenimento,1.0,Baixo,1.0,Cat_6,A
462021,Masculino,Sim,35,Nao,Engenheiro,1.0,Baixo,6.0,Cat_6,A
464004,Feminino,Sim,26,Nao,Marketing,0.0,Baixo,5.0,Cat_4,D
459918,Feminino,Nao,43,Sim,Ator/Atriz,1.0,Baixo,1.0,Cat_3,B
465725,Masculino,Nao,29,Sim,Medico,0.0,Baixo,2.0,Cat_3,A
462086,Masculino,Nao,41,Sim,Medico,4.0,Baixo,2.0,Cat_6,B
459627,Masculino,Nao,40,Sim,Ator/Atriz,14.0,Baixo,2.0,Cat_2,A
462907,Masculino,Nao,29,Nao,Enfermeiro,2.0,Baixo,5.0,Cat_6,D
464766,Feminino,Sim,51,Nao,Engenheiro,7.0,Medio,5.0,Cat_4,B
467608,Masculino,Nao,32,Sim,Engenheiro,6.0,Baixo,1.0,Cat_6,D
467763,Feminino,Nao,48,Sim,Ator/Atriz,1.0,Baixo,1.0,Cat_2,B
467972,Masculino,Nao,22,Nao,Ator/Atriz,1.0,Baixo,3.0,Cat_6,D
459484,Feminino,Sim,35,Sim,Entretenimento,1.0,Medio,2.0,Cat_6,A
459622,Feminino,Nao,51,Sim,Ator/Atriz,2.0,Baixo,1.0,Cat_6,B
462023,Feminino,Sim,46,Nao,Engenheiro,8.0,Baixo,1.0,Cat_6,A
461484,Feminino,Nao,27,Sim,Enfermeiro,1.0,Baixo,5.0,Cat_6,C
459020,Feminino,Sim,56,Sim,Ator/Atriz,0.0,Medio,4.0,Cat_6,C
466028,Masculino,Sim,50,Sim,Ator/Atriz,4.0,Medio,4.0,Cat_3,B
460362,Masculino,Sim,59,Sim,Enfermeiro,0.0,Baixo,3.0,Cat_4,D
464171,Feminino,Sim,61,Sim,Ator/Atriz,0.0,Baixo,1.0,Cat_6,C
465144,Masculino,Nao,32,Sim,Medico,9.0,Baixo,1.0,Cat_6,A
461861,Feminino,Nao,26,Sim,Enfermeiro,1.0,Baixo,5.0,Cat_4,C
463606,Masculino,Nao,22,Nao,Marketing,0.0,Baixo,4.0,Cat_2,C
467871,Feminino,Nao,29,Nao,Marketing,4.0,Baixo,3.0,Cat_6,B
461730,Masculino,Sim,46,Sim,Ator/Atriz,1.0,Baixo,3.0,Cat_6,B
463169,Feminino,Sim,85,Sim,Advogado,0.0,Baixo,1.0,Cat_3,D
460102,Masculino,Sim,43,Sim,Ator/Atriz,9.0,Alto,2.0,Cat_4,B
460490,Feminino,Nao,18,Nao,Enfermeiro,0.0,Baixo,4.0,Cat_3,D
459511,Masculino,Sim,87,Nao,Ator/Atriz,1.0,Baixo,1.0,Cat_6,A
466601,Masculino,Sim,40,Sim,Ator/Atriz,1.0,Medio,2.0,Cat_4,C
467616,Masculino,Sim,25,Sim,Entretenimento,1.0,Baixo,2.0,Cat_6,A
459811,Feminino,Sim,48,Sim,Ator/Atriz,1.0,Alto,3.0,Cat_6,C
460087,Feminino,Sim,56,Sim,Entretenimento,0.0,Medio,2.0,Cat_6,B
466723,Feminino,Nao,32,Nao,Entretenimento,1.0,Baixo,3.0,Cat_6,A
461580,Feminino,Nao,38,Sim,Ator/Atriz,7.0,Baixo,7.0,Cat_2,C
465026,Feminino,Nao,31,Nao,Medico,1.0,Baixo,2.0,Cat_6,A
465825,Feminino,Sim,36,Nao,Executivo,9.0,Medio,5.0,Cat_4,A
467844,Masculino,Nao,37,Sim,Enfermeiro,0.0,Baixo,2.0,Cat_6,D
463348,Feminino,Sim,40,Sim,Medico,1.0,Baixo,2.0,Cat_6,A
466314,Masculino,Nao,18,Nao,Enfermeiro,5.0,Baixo,4.0,Cat_4,D
462518,Feminino,Nao,26,Nao,Enfermeiro,0.0,Baixo,6.0,Cat_5,A
461806,Masculino,Nao,27,Sim,Enfermeiro,9.0,Baixo,2.0,Cat_6,D
459584,Feminino,Nao,20,Nao,Enfermeiro,1.0,Baixo,3.0,Cat_6,D
463133,Masculino,Sim,47,Nao,Ator/Atriz,1.0,Medio,4.0,Cat_6,C
459856,Masculino,Sim,50,Nao,Entretenimento,1.0,Medio,3.0,Cat_6,B
465360,Feminino,Sim,49,Sim,Ator/Atriz,1.0,Medio,2.0,Cat_6,C
466869,Masculino,Sim,29,Sim,Enfermeiro,1.0,Baixo,3.0,Cat_3,D
465884,Masculino,Sim,37,Sim,Executivo,6.0,Alto,3.0,Cat_6,D
461485,Masculino,Sim,59,Nao,Engenheiro,1.0,Medio,3.0,Cat_6,C
466579,Masculino,Nao,21,Nao,Marketing,0.0,Baixo,5.0,Cat_1,D
463125,Masculino,Nao,29,Nao,Enfermeiro,0.0,Baixo,6.0,Cat_6,B
465899,Feminino,Nao,38,Sim,Medico,9.0,Baixo,2.0,Cat_6,B
459703,Masculino,Sim,37,Sim,Ator/Atriz,0.0,Baixo,3.0,Cat_6,A
464317,Masculino,Sim,60,Sim,Entretenimento,1.0,Medio,3.0,Cat_6,C
465093,Masculino,Sim,55,Sim,Medico,0.0,Baixo,1.0,Cat_6,C
464361,Masculino,Sim,50,Sim,Ator/Atriz,1.0,Medio,2.0,Cat_6,C
462334,Masculino,Nao,47,Sim,Ator/Atriz,9.0,Baixo,2.0,Cat_6,B
459989,Masculino,Sim,52,Sim,Ator/Atriz,6.0,Medio,2.0,Cat_6,B
464757,Feminino,Sim,42,Nao,Executivo,0.0,Medio,5.0,Cat_4,A
462293,Masculino,Nao,32,Nao,Enfermeiro,0.0,Baixo,3.0,Cat_6,D
464820,Feminino,Nao,25,Nao,Ator/Atriz,1.0,Baixo,1.0,Cat_4,B
465709,Masculino,Sim,68,Sim,Entretenimento,1.0,Medio,2.0,Cat_6,C
462277,Masculino,Sim,36,Sim,Entretenimento,4.0,Medio,2.0,Cat_2,B
465228,Masculino,Sim,62,Sim,Ator/Atriz,0.0,Alto,2.0,Cat_6,C
461368,Masculino,Nao,32,Sim,Medico,4.0,Baixo,5.0,Cat_6,D
460435,Feminino,Sim,48,Sim,Ator/Atriz,0.0,Baixo,1.0,Cat_6,B
465080,Masculino,Sim,70,Sim,Advogado,8.0,Medio,2.0,Cat_6,C
459272,Feminino,Sim,60,Sim,Ator/Atriz,0.0,Alto,2.0,Cat_6,C
466578,Masculino,Nao,45,Nao,Ator/Atriz,2.0,Baixo,1.0,Cat_6,B
466646,Feminino,Sim,48,Sim,Do Lar,1.0,Baixo,2.0,Cat_3,B
466408,Masculino,Sim,76,Sim,Advogado,1.0,Baixo,2.0,Cat_3,A
460948,Masculino,Sim,53,Sim,Engenheiro,4.0,Baixo,3.0,Cat_3,B
462244,Masculino,Sim,83,Nao,Executivo,1.0,Alto,3.0,Cat_6,B
459410,Feminino,Sim,79,Sim,Advogado,1.0,Alto,2.0,Cat_6,B
466668,Feminino,Sim,49,Sim,Engenheiro,0.0,Baixo,1.0,Cat_2,B
467437,Feminino,Sim,76,Sim,Advogado,0.0,Alto,2.0,Cat_6,B
465267,Masculino,Sim,37,Nao,Engenheiro,12.0,Medio,5.0,Cat_4,B
463849,Feminino,Sim,35,Nao,Ator/Atriz,0.0,Baixo,2.0,Cat_6,B
467191,Feminino,Sim,31,Nao,Do Lar,12.0,Medio,2.0,Cat_6,B
460970,Masculino,Nao,21,Nao,Marketing,1.0,Baixo,5.0,Cat_6,B
463943,Masculino,Nao,71,Sim,Entretenimento,1.0,Baixo,2.0,Cat_6,C
463778,Feminino,Nao,27,Nao,Engenheiro,1.0,Baixo,4.0,Cat_5,A
462894,Masculino,Sim,43,Sim,Ator/Atriz,2.0,Medio,4.0,Cat_3,C
465963,Masculino,Sim,46,Sim,Ator/Atriz,0.0,Baixo,2.0,Cat_6,B
466791,Masculino,Sim,88,Nao,Advogado,1.0,Baixo,1.0,Cat_6,A
460807,Masculino,Nao,29,Nao,Enfermeiro,1.0,Baixo,6.0,Cat_6,D
462328,Masculino,Nao,27,Nao,Engenheiro,0.0,Baixo,5.0,Cat_6,D
460041,Feminino,Sim,48,Nao,Ator/Atriz,8.0,Medio,3.0,Cat_6,A
466840,Masculino,Nao,20,Nao,Enfermeiro,4.0,Baixo,5.0,Cat_2,D
461585,Masculino,Nao,38,Sim,Entretenimento,1.0,Baixo,1.0,Cat_7,A
462570,Feminino,Nao,29,Nao,Do Lar,1.0,Baixo,6.0,Cat_6,D
461845,Feminino,Sim,48,Sim,Medico,1.0,Medio,4.0,Cat_6,C
465182,Feminino,Nao,65,Sim,Advogado,0.0,Baixo,1.0,Cat_6,A
463868,Masculino,Sim,51,Nao,Engenheiro,1.0,Medio,7.0,Cat_4,B
464028,Feminino,Nao,21,Nao,Enfermeiro,0.0,Baixo,5.0,Cat_6,D
466438,Feminino,Nao,42,Sim,Ator/Atriz,0.0,Baixo,1.0,Cat_6,A
462196,Masculino,Sim,56,Nao,Marketing,1.0,Medio,3.0,Cat_4,B
463043,Feminino,Sim,86,Sim,Advogado,9.0,Alto,2.0,Cat_6,C
464316,Masculino,Sim,59,Sim,Ator/Atriz,0.0,Medio,4.0,Cat_6,C
466595,Masculino,Sim,86,Sim,Executivo,1.0,Alto,2.0,Cat_6,C
465240,Masculino,Sim,59,Sim,Ator/Atriz,4.0,Alto,2.0,Cat_7,D
467303,Masculino,Sim,38,Sim,Medico,3.0,Medio,2.0,Cat_6,C
465388,Feminino,Nao,31,Sim,Marketing,0.0,Baixo,1.0,Cat_6,D
462014,Feminino,Nao,45,Sim,Ator/Atriz,1.0,Baixo,1.0,Cat_6,B
465401,Feminino,Sim,48,Sim,Ator/Atriz,10.0,Baixo,2.0,Cat_6,B
461096,Feminino,Nao,33,Nao,Engenheiro,9.0,Baixo,4.0,Cat_3,B
462801,Masculino,Sim,38,Sim,Entretenimento,9.0,Medio,3.0,Cat_6,B
463829,Feminino,Sim,49,Sim,Ator/Atriz,1.0,Medio,4.0,Cat_6,C
459770,Feminino,Sim,48,Sim,Ator/Atriz,8.0,Medio,2.0,Cat_6,A
463737,Masculino,Nao,28,Sim,Enfermeiro,7.0,Baixo,4.0,Cat_2,C
462433,Feminino,Sim,33,Sim,Medico,0.0,Medio,2.0,Cat_6,B
465311,Masculino,Nao,20,Nao,Enfermeiro,0.0,Baixo,4.0,Cat_6,D
464804,Masculino,Sim,27,Nao,Entretenimento,0.0,Baixo,1.0,Cat_4,A
464721,Masculino,Sim,39,Sim,Ator/Atriz,3.0,Medio,4.0,Cat_6,B
465131,Feminino,Sim,87,Nao,Advogado,0.0,Baixo,1.0,Cat_6,C
467371,Masculino,Nao,30,Sim,Enfermeiro,1.0,Baixo,4.0,Cat_6,B
459004,Feminino,Sim,51,Sim,Ator/Atriz,1.0,Alto,5.0,Cat_6,C
465290,Masculino,Sim,46,Sim,Executivo,1.0,Alto,5.0,Cat_6,B
464165,Feminino,Nao,55,Nao,Entretenimento,3.0,Baixo,1.0,Cat_6,A
462502,Masculino,Nao,39,Nao,Entretenimento,0.0,Baixo,4.0,Cat_6,A
467572,Masculino,Sim,63,Sim,Ator/Atriz,1.0,Medio,4.0,Cat_6,A
464117,Masculino,Sim,84,Sim,Advogado,0.0,Alto,2.0,Cat_6,C
461688,Masculino,Sim,41,Sim,Executivo,7.0,Alto,2.0,Cat_6,C
460130,Masculino,Nao,27,Sim,Enfermeiro,2.0,Baixo,4.0,Cat_1,A
462425,Masculino,Nao,35,Sim,Medico,3.0,Baixo,1.0,Cat_6,A
460326,Feminino,Sim,47,Sim,Ator/Atriz,6.0,Baixo,2.0,Cat_6,B
465903,Feminino,Nao,51,Sim,Ator/Atriz,0.0,Baixo,1.0,Cat_6,B
461961,Feminino,Sim,32,Sim,Ator/Atriz,8.0,Baixo,3.0,Cat_6,B
467855,Masculino,Sim,31,Sim,Engenheiro,1.0,Baixo,2.0,Cat_6,D
459213,Feminino,Nao,38,Sim,Enfermeiro,0.0,Baixo,4.0,Cat_6,A
461120,Masculino,Nao,20,Nao,Enfermeiro,1.0,Baixo,3.0,Cat_3,D
467927,Masculino,Nao,31,Sim,Medico,8.0,Baixo,6.0,Cat_2,A
466908,Masculino,Sim,55,Sim,Entretenimento,1.0,Baixo,2.0,Cat_6,A
466497,Masculino,Nao,83,Sim,Advogado,0.0,Baixo,1.0,Cat_6,D
465027,Masculino,Sim,41,Sim,Medico,0.0,Baixo,2.0,Cat_6,B
463550,Feminino,Sim,38,Sim,Ator/Atriz,1.0,Medio,2.0,Cat_4,C
462943,Masculino,Sim,61,Sim,Executivo,5.0,Alto,2.0,Cat_6,B
462954,Feminino,Sim,48,Sim,Do Lar,12.0,Baixo,1.0,Cat_6,A
463567,Masculino,Sim,40,Sim,Medico,1.0,Medio,2.0,Cat_6,B
466124,Feminino,Nao,47,Sim,Ator/Atriz,0.0,Baixo,1.0,Cat_6,B
463354,Masculino,Sim,53,Sim,Executivo,4.0,Alto,4.0,Cat_6,D
465586,Masculino,Sim,72,Nao,Ator/Atriz,1.0,Baixo,1.0,Cat_6,B
466178,Feminino,Sim,50,Sim,Ator/Atriz,1.0,Medio,4.0,Cat_6,C
461929,Masculino,Sim,63,Sim,Entretenimento,0.0,Baixo,1.0,Cat_6,A
465752,Masculino,Sim,42,Sim,Ator/Atriz,5.0,Medio,2.0,Cat_6,C
462931,Masculino,Sim,40,Nao,Entretenimento,14.0,Medio,3.0,Cat_6,D
467853,Feminino,Sim,63,Sim,Ator/Atriz,1.0,Medio,5.0,Cat_3,C
467277,Masculino,Nao,25,Sim,Ator/Atriz,13.0,Baixo,3.0,Cat_6,A
459049,Masculino,Sim,49,Sim,Executivo,2.0,Alto,4.0,Cat_2,B
464098,Feminino,Nao,28,Nao,Enfermeiro,0.0,Baixo,6.0,Cat_5,A
459438,Feminino,Sim,69,Sim,Ator/Atriz,0.0,Alto,2.0,Cat_6,C
466815,Masculino,Nao,31,Nao,Enfermeiro,0.0,Baixo,5.0,Cat_4,C
459747,Feminino,Sim,36,Sim,Ator/Atriz,1.0,Medio,5.0,Cat_6,C
461014,Masculino,Nao,21,Nao,Enfermeiro,9.0,Baixo,4.0,Cat_3,D
462007,Feminino,Sim,36,Sim,Ator/Atriz,1.0,Medio,2.0,Cat_6,C
465446,Feminino,Nao,41,Sim,Enfermeiro,12.0,Baixo,1.0,Cat_1,A
461416,Feminino,Nao,31,Sim,Ator/Atriz,13.0,Baixo,2.0,Cat_6,B
463089,Masculino,Sim,51,Sim,Executivo,7.0,Alto,4.0,Cat_6,C
463373,Masculino,Sim,55,Sim,Ator/Atriz,1.0,Baixo,3.0,Cat_3,A
465470,Feminino,Sim,61,Nao,Engenheiro,1.0,Medio,2.0,Cat_6,C
465985,Masculino,Nao,31,Sim,Ator/Atriz,1.0,Baixo,3.0,Cat_6,D
462715,Feminino,Sim,55,Sim,Ator/Atriz,1.0,Alto,4.0,Cat_6,B
461925,Feminino,Nao,33,Sim,Ator/Atriz,0.0,Baixo,5.0,Cat_3,C
465743,Feminino,Sim,50,Sim,Ator/Atriz,1.0,Medio,5.0,Cat_2,C
463675,Masculino,Sim,71,Nao,Entretenimento,1.0,Baixo,2.0,Cat_6,A
464305,Feminino,Sim,73,Sim,Advogado,1.0,Alto,2.0,Cat_6,C
467178,Feminino,Sim,58,Nao,Advogado,0.0,Alto,4.0,Cat_6,C
464185,Masculino,Sim,65,Sim,Ator/Atriz,5.0,Alto,2.0,Cat_6,A
467082,Feminino,Sim,75,Sim,Ator/Atriz,1.0,Alto,2.0,Cat_6,C
459948,Feminino,Nao,62,Sim,Engenheiro,0.0,Baixo,1.0,Cat_6,B
465991,Feminino,Nao,38,Sim,Enfermeiro,0.0,Baixo,5.0,Cat_6,D
465407,Feminino,Nao,27,Sim,Do Lar,3.0,Baixo,7.0,Cat_6,D
466225,Masculino,Nao,19,Nao,Enfermeiro,0.0,Baixo,3.0,Cat_2,D
461843,Feminino,Sim,50,Sim,Ator/Atriz,0.0,Alto,2.0,Cat_3,C
465935,Masculino,Nao,27,Sim,Entretenimento,9.0,Baixo,1.0,Cat_6,A
463758,Masculino,Nao,33,Nao,Enfermeiro,9.0,Baixo,3.0,Cat_7,C
464651,Feminino,Sim,26,Nao,Medico,0.0,Medio,3.0,Cat_4,D
467085,Masculino,Nao,45,Sim,Entretenimento,1.0,Baixo,2.0,Cat_6,A
463965,Masculino,Nao,25,Sim,Medico,7.0,Baixo,1.0,Cat_6,A
467156,Masculino,Sim,37,Sim,Ator/Atriz,6.0,Baixo,1.0,Cat_6,B
461347,Feminino,Sim,37,Sim,Ator/Atriz,5.0,Medio,3.0,Cat_6,B
462113,Feminino,Sim,60,Sim,Ator/Atriz,8.0,Alto,6.0,Cat_6,C
461299,Feminino,Sim,76,Sim,Advogado,1.0,Alto,2.0,Cat_6,C
466760,Masculino,Sim,47,Sim,Medico,0.0,Medio,4.0,Cat_6,A
459760,Feminino,Sim,42,Sim,Ator/Atriz,8.0,Baixo,1.0,Cat_6,A
463972,Masculino,Sim,66,Sim,Ator/Atriz,0.0,Baixo,4.0,Cat_2,C
467431,Masculino,Sim,40,Sim,Ator/Atriz,9.0,Medio,3.0,Cat_6,C
463466,Masculino,Nao,21,Nao,Enfermeiro,13.0,Baixo,6.0,Cat_6,D
460479,Feminino,Nao,42,Nao,Medico,8.0,Baixo,1.0,Cat_3,A
461033,Masculino,Sim,57,Sim,Medico,5.0,Medio,2.0,Cat_6,C
460839,Masculino,Nao,23,Nao,Enfermeiro,4.0,Baixo,3.0,Cat_6,D
462426,Feminino,Sim,52,Sim,Ator/Atriz,2.0,Medio,4.0,Cat_6,C
461431,Masculino,Sim,42,Sim,Medico,1.0,Medio,2.0,Cat_1,C
461121,Masculino,Nao,28,Nao,Medico,0.0,Baixo,4.0,Cat_3,D
467149,Masculino,Sim,43,Sim,Ator/Atriz,9.0,Medio,3.0,Cat_6,A
461809,Masculino,Nao,30,Sim,Medico,3.0,Baixo,2.0,Cat_6,D
463793,Masculino,Nao,26,Nao,Enfermeiro,1.0,Baixo,6.0,Cat_4,A
460168,Masculino,Sim,86,Sim,Executivo,0.0,Alto,2.0,Cat_2,C
463931,Masculino,Sim,52,Sim,Entretenimento,0.0,Medio,2.0,Cat_6,C
463046,Feminino,Sim,43,Nao,Engenheiro,0.0,Baixo,1.0,Cat_6,A
460020,Masculino,Sim,53,Sim,Ator/Atriz,1.0,Medio,3.0,Cat_6,C
461878,Masculino,Nao,33,Sim,Enfermeiro,3.0,Baixo,1.0,Cat_6,D
465802,Masculino,Sim,25,Sim,Enfermeiro,9.0,Baixo,2.0,Cat_6,C
466956,Feminino,Sim,55,Sim,Ator/Atriz,1.0,Baixo,1.0,Cat_6,B
462559,Feminino,Sim,47,Sim,Engenheiro,9.0,Medio,4.0,Cat_2,C
467260,Masculino,Nao,27,Nao,Medico,9.0,Baixo,4.0,Cat_6,D
458994,Masculino,Sim,38,Sim,Enfermeiro,8.0,Medio,4.0,Cat_6,C
459772,Feminino,Sim,69,Sim,Ator/Atriz,2.0,Medio,9.0,Cat_5,C
464895,Masculino,Nao,19,Nao,Medico,1.0,Baixo,5.0,Cat_4,C
460625,Feminino,Nao,28,Nao,Marketing,9.0,Baixo,2.0,Cat_3,D
465263,Masculino,Sim,65,Sim,Ator/Atriz,1.0,Alto,2.0,Cat_6,C
462441,Feminino,Nao,22,Nao,Enfermeiro,0.0,Baixo,4.0,Cat_6,D
459828,Feminino,Sim,25,Nao,Do Lar,11.0,Medio,3.0,Cat_6,D
460328,Feminino,Nao,52,Sim,Ator/Atriz,1.0,Baixo,2.0,Cat_6,A
466448,Feminino,Nao,37,Sim,Ator/Atriz,0.0,Baixo,2.0,Cat_6,B
463556,Masculino,Sim,29,Sim,Entretenimento,0.0,Baixo,2.0,Cat_2,D
461109,Masculino,Nao,31,Sim,Enfermeiro,0.0,Baixo,3.0,Cat_3,D
460557,Feminino,Nao,36,Sim,Marketing,9.0,Baixo,1.0,Cat_3,C
466066,Feminino,Nao,73,Sim,Ator/Atriz,0.0,Baixo,1.0,Cat_6,C
459457,Masculino,Sim,51,Sim,Ator/Atriz,2.0,Baixo,2.0,Cat_6,A
463538,Masculino,Sim,60,Nao,Executivo,0.0,Alto,2.0,Cat_6,B
466588,Feminino,Nao,22,Nao,Enfermeiro,9.0,Baixo,4.0,Cat_6,D
460112,Masculino,Sim,28,Sim,Engenheiro,9.0,Medio,2.0,Cat_3,C
466744,Feminino,Sim,52,Sim,Ator/Atriz,1.0,Medio,3.0,Cat_6,C
461821,Feminino,Nao,28,Nao,Medico,0.0,Baixo,4.0,Cat_6,C
463993,Feminino,Sim,37,Sim,Ator/Atriz,5.0,Medio,2.0,Cat_6,B
467779,Masculino,Sim,53,Sim,Medico,2.0,Medio,3.0,Cat_6,C
461144,Feminino,Nao,23,Nao,Advogado,0.0,Baixo,6.0,Cat_3,B
464308,Feminino,Sim,75,Sim,Advogado,0.0,Alto,2.0,Cat_6,B
464509,Masculino,Sim,53,Sim,Ator/Atriz,0.0,Alto,4.0,Cat_6,C
464061,Masculino,Sim,30,Sim,Ator/Atriz,12.0,Medio,2.0,Cat_6,B
466064,Feminino,Sim,31,Nao,Entretenimento,0.0,Medio,2.0,Cat_3,A
461999,Masculino,Nao,27,Sim,Medico,0.0,Baixo,5.0,Cat_6,B
466913,Masculino,Sim,65,Sim,Advogado,0.0,Baixo,1.0,Cat_6,A
465765,Masculino,Sim,52,Nao,Entretenimento,0.0,Medio,2.0,Cat_4,B
460158,Feminino,Nao,51,Nao,Engenheiro,8.0,Baixo,6.0,Cat_4,D
460703,Feminino,Sim,30,Sim,Engenheiro,8.0,Medio,5.0,Cat_4,D
465625,Masculino,Nao,42,Sim,Ator/Atriz,11.0,Baixo,2.0,Cat_6,C
466857,Feminino,Nao,19,Nao,Enfermeiro,9.0,Baixo,8.0,Cat_5,D
466828,Masculino,Sim,50,Sim,Executivo,0.0,Alto,4.0,Cat_6,B
464679,Masculino,Sim,41,Sim,Ator/Atriz,0.0,Medio,4.0,Cat_4,C
464145,Feminino,Nao,36,Nao,Engenheiro,14.0,Baixo,4.0,Cat_6,D
465543,Feminino,Sim,43,Sim,Enfermeiro,0.0,Medio,2.0,Cat_3,A
467630,Masculino,Sim,85,Nao,Advogado,0.0,Baixo,1.0,Cat_6,D
465521,Feminino,Sim,47,Sim,Ator/Atriz,1.0,Medio,2.0,Cat_7,C
460300,Feminino,Sim,60,Sim,Advogado,0.0,Baixo,2.0,Cat_6,D
466367,Feminino,Nao,37,Sim,Medico,5.0,Baixo,1.0,Cat_2,B
464898,Masculino,Nao,31,Sim,Enfermeiro,0.0,Baixo,2.0,Cat_4,C
465632,Masculino,Nao,37,Sim,Ator/Atriz,4.0,Baixo,7.0,Cat_7,A
460735,Masculino,Sim,35,Sim,Engenheiro,1.0,Medio,4.0,Cat_3,A
467812,Masculino,Nao,50,Sim,Ator/Atriz,1.0,Baixo,1.0,Cat_2,B
464950,Masculino,Nao,21,Nao,Enfermeiro,1.0,Baixo,4.0,Cat_4,D
459562,Masculino,Sim,59,Nao,Entretenimento,1.0,Medio,2.0,Cat_7,C
464839,Feminino,Nao,20,Nao,Enfermeiro,1.0,Baixo,5.0,Cat_4,D
465959,Feminino,Nao,49,Sim,Engenheiro,9.0,Baixo,1.0,Cat_6,A
463624,Masculino,Sim,62,Sim,Executivo,0.0,Alto,4.0,Cat_6,C
466227,Masculino,Sim,61,Sim,Ator/Atriz,0.0,Medio,5.0,Cat_6,C
465334,Feminino,Sim,41,Nao,Marketing,5.0,Medio,3.0,Cat_6,A
460595,Masculino,Sim,21,Nao,Medico,1.0,Baixo,3.0,Cat_3,D
464955,Feminino,Sim,38,Nao,Engenheiro,1.0,Medio,6.0,Cat_4,B
463188,Feminino,Sim,48,Sim,Ator/Atriz,2.0,Baixo,2.0,Cat_6,C
459509,Masculino,Nao,30,Sim,Enfermeiro,1.0,Baixo,1.0,Cat_6,D
464838,Masculino,Nao,19,Nao,Enfermeiro,0.0,Baixo,4.0,Cat_2,D
464635,Masculino,Sim,43,Sim,Enfermeiro,1.0,Alto,4.0,Cat_4,B
465213,Masculino,Sim,38,Sim,Entretenimento,2.0,Medio,2.0,Cat_6,B
460317,Masculino,Nao,32,Nao,Medico,10.0,Baixo,2.0,Cat_6,D
460196,Feminino,Nao,38,Sim,Enfermeiro,8.0,Baixo,2.0,Cat_6,D
463643,Feminino,Nao,43,Sim,Ator/Atriz,0.0,Baixo,3.0,Cat_6,A
459285,Masculino,Nao,76,Sim,Advogado,0.0,Baixo,2.0,Cat_6,A
464558,Masculino,Nao,30,Sim,Enfermeiro,9.0,Baixo,5.0,Cat_6,D
463950,Masculino,Nao,31,Nao,Enfermeiro,1.0,Baixo,4.0,Cat_7,D
464657,Masculino,Nao,23,Nao,Enfermeiro,0.0,Baixo,3.0,Cat_3,D
461922,Masculino,Sim,70,Nao,Advogado,0.0,Alto,3.0,Cat_1,B
465421,Feminino,Nao,25,Nao,Engenheiro,1.0,Baixo,1.0,Cat_4,A
463617,Masculino,Nao,29,Nao,Marketing,1.0,Baixo,2.0,Cat_6,D
461574,Feminino,Sim,50,Sim,Ator/Atriz,1.0,Medio,3.0,Cat_6,C
467638,Masculino,Sim,71,Sim,Ator/Atriz,1.0,Medio,2.0,Cat_6,C
460762,Feminino,Nao,18,Nao,Enfermeiro,0.0,Baixo,5.0,Cat_4,D
460408,Feminino,Nao,41,Sim,Ator/Atriz,2.0,Baixo,1.0,Cat_6,A
461089,Masculino,Nao,20,Nao,Marketing,0.0,Baixo,3.0,Cat_3,B
466866,Masculino,Sim,27,Nao,Entretenimento,14.0,Medio,2.0,Cat_6,A
467781,Masculino,Sim,27,Sim,Enfermeiro,1.0,Alto,2.0,Cat_6,D
467867,Feminino,Nao,18,Nao,Enfermeiro,0.0,Baixo,4.0,Cat_4,D
459309,Feminino,Sim,41,Sim,Ator/Atriz,9.0,Alto,2.0,Cat_2,B
465040,Masculino,Sim,67,Nao,Advogado,1.0,Medio,2.0,Cat_6,A
462387,Feminino,Sim,28,Sim,Ator/Atriz,0.0,Baixo,2.0,Cat_7,A
463646,Masculino,Sim,45,Nao,Ator/Atriz,1.0,Medio,4.0,Cat_6,B
462810,Masculino,Sim,36,Nao,Executivo,8.0,Alto,4.0,Cat_6,C
463999,Feminino,Nao,33,Nao,Engenheiro,1.0,Baixo,3.0,Cat_6,C
461785,Feminino,Sim,87,Sim,Ator/Atriz,1.0,Medio,2.0,Cat_6,C
461238,Feminino,Sim,52,Sim,Ator/Atriz,3.0,Baixo,1.0,Cat_6,A
464200,Feminino,Nao,32,Nao,Enfermeiro,1.0,Baixo,3.0,Cat_6,D
465819,Feminino,Nao,42,Sim,Engenheiro,1.0,Baixo,7.0,Cat_4,A
462018,Masculino,Nao,22,Nao,Enfermeiro,8.0,Baixo,5.0,Cat_2,D
459275,Feminino,Nao,18,Nao,Medico,2.0,Baixo,4.0,Cat_6,D
461498,Feminino,Nao,26,Nao,Medico,1.0,Baixo,4.0,Cat_2,D
461894,Feminino,Sim,66,Sim,Ator/Atriz,0.0,Medio,2.0,Cat_6,C
461176,Feminino,Sim,66,Nao,Engenheiro,6.0,Medio,4.0,Cat_5,B
460759,Masculino,Sim,69,Nao,Advogado,1.0,Baixo,2.0,Cat_1,B
463928,Masculino,Sim,55,Sim,Ator/Atriz,1.0,Baixo,2.0,Cat_6,A
465753,Feminino,Sim,49,Sim,Ator/Atriz,6.0,Baixo,2.0,Cat_6,C
467354,Masculino,Sim,61,Sim,Medico,3.0,Baixo,2.0,Cat_6,A
467326,Feminino,Nao,47,Sim,Ator/Atriz,0.0,Baixo,1.0,Cat_1,C
461331,Masculino,Sim,59,Sim,Executivo,0.0,Alto,5.0,Cat_6,C
462744,Masculino,Sim,38,Sim,Ator/Atriz,3.0,Medio,4.0,Cat_6,B
461436,Masculino,Sim,55,Sim,Ator/Atriz,8.0,Medio,2.0,Cat_2,C
463057,Feminino,Nao,25,Nao,Do Lar,1.0,Baixo,1.0,Cat_2,D
467609,Masculino,Nao,36,Nao,Ator/Atriz,2.0,Baixo,4.0,Cat_6,A
466451,Masculino,Sim,41,Sim,Entretenimento,0.0,Baixo,1.0,Cat_6,A
463680,Feminino,Nao,39,Nao,Engenheiro,1.0,Baixo,3.0,Cat_3,A
463589,Feminino,Nao,20,Nao,Enfermeiro,1.0,Baixo,3.0,Cat_6,D
460459,Feminino,Nao,33,Nao,Engenheiro,0.0,Baixo,5.0,Cat_3,D
459128,Feminino,Sim,78,Nao,Advogado,0.0,Alto,3.0,Cat_6,B
464957,Feminino,Sim,87,Nao,Advogado,0.0,Baixo,1.0,Cat_4,A
464835,Masculino,Nao,19,Nao,Enfermeiro,1.0,Baixo,6.0,Cat_4,D
466210,Feminino,Sim,60,Sim,Ator/Atriz,1.0,Alto,4.0,Cat_6,C
462351,Masculino,Sim,77,Nao,Advogado,1.0,Alto,2.0,Cat_6,C
460015,Feminino,Sim,43,Nao,Entretenimento,5.0,Baixo,1.0,Cat_3,D
463355,Feminino,Sim,51,Sim,Ator/Atriz,6.0,Medio,3.0,Cat_6,C
465354,Masculino,Nao,18,Nao,Medico,0.0,Baixo,5.0,Cat_2,C
464373,Feminino,Nao,46,Sim,Ator/Atriz,0.0,Baixo,2.0,Cat_6,B
459611,Feminino,Nao,20,Nao,Enfermeiro,1.0,Baixo,5.0,Cat_6,D
466487,Feminino,Nao,27,Sim,Enfermeiro,0.0,Baixo,5.0,Cat_4,A
462166,Masculino,Sim,26,Sim,Ator/Atriz,0.0,Baixo,2.0,Cat_1,C
461056,Feminino,Sim,57,Sim,Ator/Atriz,0.0,Alto,3.0,Cat_3,C
461488,Masculino,Sim,53,Sim,Ator/Atriz,6.0,Medio,2.0,Cat_6,C
465745,Masculino,Sim,38,Sim,Ator/Atriz,2.0,Baixo,2.0,Cat_6,C
464415,Masculino,Sim,41,Nao,Medico,1.0,Baixo,3.0,Cat_6,A
462727,Feminino,Sim,81,Nao,Advogado,0.0,Alto,2.0,Cat_6,A
463268,Feminino,Sim,38,Nao,Engenheiro,0.0,Baixo,3.0,Cat_4,A
462085,Feminino,Nao,30,Sim,Enfermeiro,0.0,Baixo,1.0,Cat_6,D
465226,Masculino,Sim,37,Nao,Entretenimento,2.0,Baixo,3.0,Cat_6,A
461465,Masculino,Sim,28,Sim,Ator/Atriz,9.0,Medio,2.0,Cat_6,A
461409,Masculino,Sim,43,Nao,Ator/Atriz,1.0,Alto,3.0,Cat_6,B
467791,Masculino,Nao,21,Nao,Medico,0.0,Baixo,5.0,Cat_7,D
463761,Masculino,Sim,33,Sim,Ator/Atriz,1.0,Medio,3.0,Cat_6,A
466098,Masculino,Sim,78,Sim,Advogado,1.0,Alto,2.0,Cat_6,A
465783,Masculino,Nao,23,Nao,Enfermeiro,1.0,Baixo,5.0,Cat_3,D
467796,Feminino,Nao,27,Nao,Enfermeiro,9.0,Baixo,2.0,Cat_6,A
464859,Feminino,Sim,45,Sim,Ator/Atriz,1.0,Medio,3.0,Cat_6,B
467386,Masculino,Nao,31,Nao,Medico,0.0,Baixo,1.0,Cat_6,D
461984,Masculino,Sim,42,Sim,Ator/Atriz,2.0,Medio,2.0,Cat_6,C
467205,Feminino,Nao,37,Sim,Enfermeiro,1.0,Baixo,3.0,Cat_6,C
464525,Masculino,Nao,33,Sim,Entretenimento,9.0,Baixo,2.0,Cat_6,D
467103,Masculino,Nao,32,Sim,Enfermeiro,1.0,Baixo,3.0,Cat_6,A
461067,Masculino,Nao,21,Nao,Enfermeiro,1.0,Baixo,3.0,Cat_3,D
462569,Feminino,Nao,32,Nao,Medico,7.0,Baixo,4.0,Cat_3,D
462069,Masculino,Sim,36,Sim,Ator/Atriz,0.0,Medio,2.0,Cat_6,B
465614,Masculino,Sim,43,Sim,Ator/Atriz,9.0,Baixo,2.0,Cat_6,C
460252,Masculino,Sim,41,Sim,Ator/Atriz,0.0,Baixo,2.0,Cat_6,A
466603,Masculino,Sim,41,Sim,Engenheiro,1.0,Medio,2.0,Cat_6,C
462884,Feminino,Sim,55,Nao,Ator/Atriz,1.0,Baixo,2.0,Cat_3,B
462418,Masculino,Sim,61,Nao,Engenheiro,9.0,Medio,4.0,Cat_6,C
465699,Feminino,Nao,38,Nao,Ator/Atriz,13.0,Baixo,2.0,Cat_4,D
466488,Masculino,Sim,62,Sim,Entretenimento,0.0,Medio,6.0,Cat_6,C
462783,Feminino,Nao,33,Nao,Marketing,0.0,Baixo,4.0,Cat_3,D
467063,Masculino,Sim,53,Sim,Entretenimento,1.0,Medio,2.0,Cat_6,B
461919,Masculino,Nao,38,Sim,Medico,0.0,Baixo,3.0,Cat_6,A
461844,Masculino,Sim,51,Nao,Ator/Atriz,2.0,Medio,4.0,Cat_7,C
464981,Masculino,Sim,45,Sim,Ator/Atriz,0.0,Medio,4.0,Cat_6,C
466034,Feminino,Sim,71,Nao,Engenheiro,2.0,Baixo,1.0,Cat_6,B
461078,Feminino,Nao,26,Nao,Do Lar,0.0,Baixo,6.0,Cat_3,A
465664,Feminino,Sim,84,Sim,Advogado,1.0,Baixo,1.0,Cat_6,A
467037,Masculino,Sim,56,Nao,Advogado,0.0,Alto,2.0,Cat_6,C
465474,Masculino,Nao,27,Nao,Marketing,8.0,Baixo,4.0,Cat_4,D
459158,Masculino,Nao,36,Nao,Engenheiro,3.0,Baixo,3.0,Cat_6,D
461545,Feminino,Sim,70,Sim,Ator/Atriz,1.0,Baixo,3.0,Cat_7,B
464397,Feminino,Sim,40,Sim,Engenheiro,0.0,Medio,2.0,Cat_6,C
464003,Masculino,Nao,22,Nao,Enfermeiro,0.0,Baixo,4.0,Cat_2,D
466221,Masculino,Sim,48,Sim,Ator/Atriz,4.0,Baixo,1.0,Cat_6,B
465172,Feminino,Sim,41,Sim,Ator/Atriz,9.0,Medio,2.0,Cat_6,C
460621,Masculino,Sim,77,Sim,Advogado,0.0,Baixo,2.0,Cat_3,C
467702,Masculino,Sim,72,Sim,Ator/Atriz,6.0,Baixo,1.0,Cat_6,D
461036,Feminino,Nao,21,Nao,Enfermeiro,1.0,Baixo,3.0,Cat_3,D
460376,Feminino,Nao,29,Sim,Enfermeiro,3.0,Baixo,4.0,Cat_2,C
462595,Feminino,Nao,29,Sim,Ator/Atriz,7.0,Baixo,7.0,Cat_4,D
461195,Masculino,Nao,18,Nao,Enfermeiro,0.0,Baixo,2.0,Cat_4,D
466353,Feminino,Sim,38,Sim,Engenheiro,0.0,Medio,2.0,Cat_6,B
466464,Feminino,Sim,48,Sim,Do Lar,3.0,Medio,2.0,Cat_3,B
466287,Feminino,Sim,48,Sim,Medico,1.0,Medio,2.0,Cat_2,A
462035,Feminino,Nao,37,Sim,Ator/Atriz,3.0,Baixo,1.0,Cat_6,C
463082,Masculino,Nao,32,Sim,Enfermeiro,9.0,Baixo,5.0,Cat_6,D
463600,Masculino,Nao,33,Nao,Enfermeiro,3.0,Baixo,5.0,Cat_2,B
465812,Masculino,Sim,47,Nao,Ator/Atriz,0.0,Medio,5.0,Cat_4,A
465048,Masculino,Sim,63,Sim,Ator/Atriz,1.0,Medio,3.0,Cat_4,C
460025,Feminino,Nao,26,Sim,Enfermeiro,5.0,Baixo,2.0,Cat_6,D
466764,Masculino,Sim,65,Sim,Advogado,11.0,Alto,2.0,Cat_6,C
462125,Masculino,Sim,22,Nao,Enfermeiro,1.0,Medio,4.0,Cat_7,D
459551,Feminino,Sim,42,Nao,Engenheiro,4.0,Baixo,1.0,Cat_6,B
467152,Masculino,Sim,43,Nao,Ator/Atriz,8.0,Baixo,1.0,Cat_6,A
466420,Masculino,Nao,27,Sim,Ator/Atriz,5.0,Baixo,4.0,Cat_3,B
460051,Masculino,Nao,42,Sim,Ator/Atriz,7.0,Baixo,1.0,Cat_6,A
463144,Masculino,Sim,45,Sim,Executivo,1.0,Alto,3.0,Cat_6,C
465438,Masculino,Nao,33,Sim,Medico,9.0,Baixo,6.0,Cat_4,D
460438,Masculino,Sim,58,Nao,Executivo,0.0,Alto,4.0,Cat_3,B
459032,Masculino,Nao,21,Nao,Medico,0.0,Baixo,3.0,Cat_6,A
461199,Feminino,Nao,85,Sim,Do Lar,4.0,Baixo,1.0,Cat_6,D
462061,Masculino,Nao,41,Nao,Medico,1.0,Baixo,3.0,Cat_6,B
466119,Feminino,Sim,57,Nao,Engenheiro,0.0,Baixo,1.0,Cat_3,B
460952,Masculino,Sim,38,Nao,Medico,0.0,Medio,5.0,Cat_6,A
459024,Masculino,Sim,50,Sim,Ator/Atriz,0.0,Medio,5.0,Cat_6,C
464010,Masculino,Nao,33,Nao,Enfermeiro,1.0,Baixo,4.0,Cat_6,C
459189,Masculino,Nao,26,Nao,Enfermeiro,1.0,Baixo,6.0,Cat_6,C
466972,Masculino,Sim,25,Sim,Ator/Atriz,12.0,Baixo,2.0,Cat_6,A
467072,Masculino,Sim,63,Nao,Executivo,1.0,Alto,3.0,Cat_6,C
460437,Feminino,Nao,26,Sim,Ator/Atriz,9.0,Baixo,1.0,Cat_6,A
463830,Feminino,Nao,30,Sim,Engenheiro,3.0,Baixo,3.0,Cat_6,D
463475,Feminino,Sim,36,Sim,Medico,0.0,Baixo,1.0,Cat_6,B
462237,Feminino,Nao,22,Nao,Enfermeiro,1.0,Baixo,9.0,Cat_4,D
460184,Masculino,Nao,27,Nao,Medico,9.0,Baixo,4.0,Cat_6,D
461287,Masculino,Sim,42,Sim,Executivo,1.0,Alto,5.0,Cat_6,B
462039,Masculino,Nao,21,Nao,Enfermeiro,1.0,Baixo,2.0,Cat_2,D
467482,Masculino,Sim,38,Sim,Executivo,0.0,Alto,3.0,Cat_6,C
459081,Masculino,Sim,63,Sim,Ator/Atriz,0.0,Medio,4.0,Cat_6,C
460711,Feminino,Nao,25,Sim,Engenheiro,8.0,Baixo,3.0,Cat_6,D
462984,Feminino,Sim,69,Sim,Ator/Atriz,1.0,Alto,2.0,Cat_6,B
459447,Masculino,Sim,53,Sim,Ator/Atriz,9.0,Baixo,1.0,Cat_6,B
466008,Masculino,Sim,36,Sim,Ator/Atriz,1.0,Baixo,2.0,Cat_6,C
467567,Masculino,Nao,27,Sim,Enfermeiro,1.0,Baixo,5.0,Cat_6,D
462836,Masculino,Nao,19,Nao,Enfermeiro,1.0,Baixo,3.0,Cat_6,D
459580,Feminino,Nao,51,Sim,Advogado,6.0,Baixo,1.0,Cat_6,B
460160,Masculino,Nao,43,Sim,Entretenimento,5.0,Baixo,1.0,Cat_3,D
460808,Masculino,Nao,42,Sim,Ator/Atriz,1.0,Baixo,1.0,Cat_6,B
467199,Masculino,Nao,37,Sim,Ator/Atriz,7.0,Baixo,2.0,Cat_6,A
466939,Masculino,Sim,66,Nao,Advogado,0.0,Alto,2.0,Cat_6,B
461796,Masculino,Sim,39,Sim,Ator/Atriz,1.0,Medio,2.0,Cat_1,A
464686,Feminino,Nao,21,Nao,Entretenimento,5.0,Baixo,5.0,Cat_4,D
460843,Masculino,Nao,21,Nao,Enfermeiro,1.0,Baixo,4.0,Cat_6,D
460370,Feminino,Sim,28,Sim,Executivo,8.0,Alto,2.0,Cat_6,C
465059,Masculino,Sim,56,Sim,Ator/Atriz,0.0,Medio,4.0,Cat_6,C
465925,Masculino,Nao,26,Sim,Enfermeiro,1.0,Baixo,1.0,Cat_6,D
464828,Masculino,Nao,18,Nao,Enfermeiro,8.0,Baixo,6.0,Cat_4,D
462230,Masculino,Nao,23,Nao,Enfermeiro,1.0,Baixo,8.0,Cat_4,D
466154,Feminino,Sim,45,Sim,Ator/Atriz,1.0,Medio,5.0,Cat_3,B
462197,Feminino,Sim,65,Nao,Engenheiro,1.0,Medio,3.0,Cat_4,A
461692,Feminino,Sim,87,Nao,Ator/Atriz,0.0,Baixo,1.0,Cat_6,A
462019,Feminino,Sim,56,Sim,Ator/Atriz,5.0,Medio,4.0,Cat_6,C
460763,Masculino,Nao,47,Sim,Ator/Atriz,1.0,Baixo,2.0,Cat_6,B
465740,Feminino,Nao,68,Sim,Medico,1.0,Baixo,1.0,Cat_6,A
460865,Masculino,Nao,18,Nao,Enfermeiro,1.0,Baixo,3.0,Cat_4,D
459991,Masculino,Sim,40,Sim,Ator/Atriz,6.0,Baixo,1.0,Cat_6,A
463564,Feminino,Sim,41,Sim,Medico,0.0,Baixo,1.0,Cat_6,B
463749,Masculino,Nao,23,Nao,Enfermeiro,1.0,Baixo,4.0,Cat_6,D
464037,Masculino,Nao,35,Sim,Ator/Atriz,9.0,Baixo,1.0,Cat_6,B
459180,Masculino,Sim,66,Sim,Executivo,1.0,Alto,2.0,Cat_6,C
460901,Masculino,Nao,22,Nao,Medico,8.0,Baixo,3.0,Cat_6,D
465312,Masculino,Nao,23,Nao,Enfermeiro,0.0,Baixo,4.0,Cat_6,D
466585,Masculino,Nao,18,Nao,Marketing,1.0,Baixo,4.0,Cat_1,D
460444,Masculino,Sim,60,Nao,Ator/Atriz,0.0,Baixo,1.0,Cat_6,B
462209,Feminino,Sim,40,Nao,Ator/Atriz,0.0,Baixo,1.0,Cat_4,D
464132,Masculino,Nao,28,Nao,Entretenimento,1.0,Baixo,2.0,Cat_6,D
467601,Masculino,Sim,42,Nao,Ator/Atriz,6.0,Baixo,2.0,Cat_6,B
464458,Masculino,Nao,46,Sim,Ator/Atriz,1.0,Baixo,2.0,Cat_6,B
466346,Feminino,Nao,23,Nao,Enfermeiro,9.0,Baixo,4.0,Cat_4,D
465471,Masculino,Sim,43,Sim,Ator/Atriz,0.0,Baixo,1.0,Cat_6,B
460179,Feminino,Nao,20,Nao,Entretenimento,0.0,Baixo,6.0,Cat_2,B
459801,Feminino,Nao,27,Sim,Engenheiro,4.0,Baixo,2.0,Cat_6,D
461719,Masculino,Sim,82,Sim,Advogado,0.0,Baixo,1.0,Cat_6,D
460831,Masculino,Nao,21,Nao,Enfermeiro,0.0,Baixo,4.0,Cat_6,D
464974,Masculino,Sim,60,Nao,Ator/Atriz,0.0,Medio,2.0,Cat_4,B
465344,Feminino,Sim,71,Sim,Advogado,0.0,Alto,2.0,Cat_6,C
460398,Feminino,Nao,39,Sim,Entretenimento,7.0,Baixo,1.0,Cat_6,A
459725,Feminino,Sim,35,Sim,Ator/Atriz,1.0,Baixo,2.0,Cat_6,B
466580,Masculino,Nao,19,Nao,Enfermeiro,1.0,Baixo,4.0,Cat_7,D
464207,Masculino,Nao,53,Sim,Ator/Atriz,0.0,Baixo,1.0,Cat_6,A
461281,Masculino,Nao,23,Nao,Enfermeiro,4.0,Baixo,9.0,Cat_2,D
463360,Feminino,Sim,50,Sim,Ator/Atriz,4.0,Baixo,1.0,Cat_6,B
461622,Masculino,Sim,35,Sim,Executivo,4.0,Alto,4.0,Cat_6,C
462911,Masculino,Sim,32,Sim,Medico,11.0,Medio,2.0,Cat_6,A
463963,Feminino,Sim,33,Nao,Engenheiro,5.0,Alto,3.0,Cat_6,D
467297,Feminino,Sim,53,Sim,Ator/Atriz,1.0,Medio,3.0,Cat_6,C
461744,Masculino,Sim,47,Sim,Ator/Atriz,0.0,Medio,4.0,Cat_6,B
464696,Feminino,Nao,37,Sim,Engenheiro,0.0,Baixo,1.0,Cat_4,A
460929,Masculino,Sim,50,Sim,Ator/Atriz,0.0,Medio,4.0,Cat_6,C
462840,Feminino,Nao,23,Nao,Enfermeiro,9.0,Baixo,3.0,Cat_6,D
460251,Feminino,Nao,30,Sim,Entretenimento,9.0,Baixo,1.0,Cat_6,D
465476,Feminino,Nao,28,Nao,Enfermeiro,3.0,Baixo,2.0,Cat_6,A
461534,Masculino,Sim,39,Sim,Ator/Atriz,1.0,Baixo,1.0,Cat_6,B
465097,Masculino,Sim,81,Nao,Advogado,1.0,Alto,2.0,Cat_6,A
464391,Feminino,Sim,65,Nao,Engenheiro,0.0,Medio,2.0,Cat_6,B
460833,Masculino,Sim,30,Sim,Enfermeiro,0.0,Baixo,2.0,Cat_6,A
464425,Masculino,Nao,40,Sim,Ator/Atriz,8.0,Baixo,1.0,Cat_6,B
462231,Masculino,Nao,28,Sim,Ator/Atriz,4.0,Baixo,6.0,Cat_4,B
464688,Masculino,Sim,28,Sim,Medico,0.0,Baixo,9.0,Cat_4,D
466141,Feminino,Sim,60,Sim,Do Lar,1.0,Baixo,4.0,Cat_6,C
464435,Masculino,Sim,48,Sim,Entretenimento,1.0,Baixo,3.0,Cat_6,A
467824,Masculino,Sim,70,Sim,Advogado,3.0,Baixo,1.0,Cat_6,D
459670,Feminino,Sim,39,Sim,Entretenimento,7.0,Medio,2.0,Cat_6,B
462515,Masculino,Sim,42,Nao,Medico,5.0,Medio,5.0,Cat_6,B
461604,Masculino,Sim,38,Nao,Entretenimento,1.0,Medio,2.0,Cat_6,B
462472,Masculino,Nao,35,Sim,Ator/Atriz,0.0,Baixo,1.0,Cat_6,C
465149,Masculino,Sim,43,Sim,Entretenimento,1.0,Medio,3.0,Cat_6,B
459673,Feminino,Sim,83,Sim,Advogado,1.0,Baixo,1.0,Cat_6,B
465507,Masculino,Sim,43,Sim,Ator/Atriz,8.0,Baixo,1.0,Cat_6,B
467393,Feminino,Sim,46,Sim,Ator/Atriz,0.0,Medio,4.0,Cat_6,C
460713,Masculino,Sim,50,Sim,Medico,0.0,Medio,3.0,Cat_6,B
465366,Feminino,Nao,38,Sim,Ator/Atriz,8.0,Baixo,1.0,Cat_6,B
465073,Masculino,Sim,69,Nao,Executivo,1.0,Alto,2.0,Cat_6,C
464626,Feminino,Sim,38,Sim,Ator/Atriz,1.0,Medio,2.0,Cat_6,C
465450,Feminino,Nao,26,Sim,Enfermeiro,0.0,Baixo,3.0,Cat_6,D
461157,Masculino,Nao,37,Nao,Enfermeiro,0.0,Baixo,5.0,Cat_3,A
465032,Masculino,Sim,72,Sim,Executivo,0.0,Alto,2.0,Cat_6,C
460965,Masculino,Sim,52,Sim,Ator/Atriz,1.0,Medio,4.0,Cat_6,B
466166,Masculino,Sim,85,Sim,Advogado,1.0,Alto,2.0,Cat_4,A
460131,Feminino,Nao,29,Sim,Enfermeiro,6.0,Baixo,3.0,Cat_6,D
465577,Masculino,Nao,26,Nao,Enfermeiro,0.0,Baixo,4.0,Cat_3,C
463334,Feminino,Nao,33,Sim,Medico,0.0,Baixo,6.0,Cat_4,C
462100,Feminino,Nao,40,Sim,Enfermeiro,0.0,Baixo,1.0,Cat_2,D
467734,Masculino,Sim,79,Sim,Advogado,2.0,Alto,2.0,Cat_6,B
465932,Masculino,Nao,35,Nao,Ator/Atriz,1.0,Baixo,1.0,Cat_7,A
460377,Feminino,Sim,68,Sim,Advogado,0.0,Baixo,1.0,Cat_6,C
466288,Masculino,Sim,36,Sim,Ator/Atriz,7.0,Medio,5.0,Cat_2,B
459161,Masculino,Sim,51,Sim,Executivo,3.0,Alto,5.0,Cat_6,C
466959,Masculino,Sim,25,Sim,Ator/Atriz,8.0,Baixo,4.0,Cat_6,D
463747,Feminino,Sim,35,Sim,Ator/Atriz,0.0,Medio,2.0,Cat_6,C
460259,Masculino,Nao,21,Nao,Enfermeiro,1.0,Baixo,4.0,Cat_2,D
464494,Feminino,Sim,55,Sim,Ator/Atriz,1.0,Medio,4.0,Cat_3,C
466722,Masculino,Sim,35,Nao,Executivo,1.0,Alto,3.0,Cat_6,C
460561,Feminino,Nao,39,Nao,Engenheiro,6.0,Baixo,1.0,Cat_3,C
461522,Masculino,Sim,83,Nao,Executivo,1.0,Alto,2.0,Cat_6,D
459039,Masculino,Sim,45,Sim,Ator/Atriz,1.0,Medio,2.0,Cat_6,C
459452,Masculino,Sim,40,Sim,Ator/Atriz,9.0,Baixo,2.0,Cat_6,C
461713,Feminino,Nao,27,Sim,Ator/Atriz,1.0,Baixo,5.0,Cat_6,C
461567,Masculino,Sim,51,Nao,Entretenimento,7.0,Medio,3.0,Cat_6,C
461495,Masculino,Sim,35,Sim,Ator/Atriz,1.0,Medio,3.0,Cat_6,B
461781,Masculino,Sim,57,Sim,Ator/Atriz,0.0,Baixo,2.0,Cat_6,C
462126,Masculino,Sim,20,Nao,Enfermeiro,1.0,Medio,4.0,Cat_7,D
461247,Feminino,Nao,49,Sim,Ator/Atriz,4.0,Baixo,1.0,Cat_6,A
461620,Masculino,Nao,52,Sim,Entretenimento,1.0,Baixo,2.0,Cat_6,B
463286,Masculino,Sim,35,Sim,Ator/Atriz,1.0,Medio,3.0,Cat_6,C
466553,Masculino,Sim,39,Sim,Enfermeiro,1.0,Baixo,3.0,Cat_6,D
466239,Masculino,Sim,69,Sim,Executivo,0.0,Baixo,2.0,Cat_4,B
462393,Feminino,Nao,26,Sim,Entretenimento,6.0,Baixo,2.0,Cat_6,D
465502,Masculino,Sim,36,Sim,Ator/Atriz,8.0,Baixo,4.0,Cat_4,D
459337,Feminino,Sim,25,Sim,Engenheiro,6.0,Medio,2.0,Cat_6,A
466934,Feminino,Sim,60,Sim,Ator/Atriz,0.0,Baixo,1.0,Cat_6,B
467965,Feminino,Nao,37,Sim,Enfermeiro,1.0,Baixo,2.0,Cat_6,A
465840,Feminino,Nao,42,Nao,Ator/Atriz,0.0,Baixo,1.0,Cat_5,D
465689,Masculino,Nao,22,Nao,Enfermeiro,9.0,Baixo,4.0,Cat_3,D
462982,Masculino,Sim,41,Nao,Medico,2.0,Medio,4.0,Cat_6,A
464262,Masculino,Sim,75,Nao,Executivo,0.0,Baixo,1.0,Cat_6,D
461687,Feminino,Sim,77,Sim,Ator/Atriz,0.0,Alto,2.0,Cat_6,B
464499,Masculino,Sim,43,Sim,Executivo,1.0,Alto,4.0,Cat_6,B
467778,Feminino,Nao,31,Sim,Enfermeiro,8.0,Baixo,4.0,Cat_6,C
466280,Masculino,Nao,33,Nao,Medico,1.0,Baixo,2.0,Cat_3,B
463523,Masculino,Sim,60,Sim,Executivo,1.0,Alto,4.0,Cat_6,B
462937,Feminino,Sim,61,Sim,Ator/Atriz,1.0,Baixo,2.0,Cat_6,C
460649,Feminino,Nao,29,Nao,Do Lar,8.0,Baixo,1.0,Cat_4,D
460911,Masculino,Nao,25,Sim,Enfermeiro,1.0,Baixo,4.0,Cat_6,D
462269,Masculino,Sim,83,Sim,Ator/Atriz,2.0,Alto,2.0,Cat_6,A
459279,Feminino,Nao,38,Sim,Ator/Atriz,7.0,Baixo,1.0,Cat_6,C
461566,Masculino,Nao,28,Sim,Ator/Atriz,0.0,Baixo,4.0,Cat_7,C
462324,Masculino,Sim,65,Sim,Entretenimento,0.0,Alto,2.0,Cat_6,A
463253,Feminino,Sim,61,Sim,Medico,0.0,Medio,4.0,Cat_7,B
464667,Feminino,Sim,51,Nao,Engenheiro,4.0,Baixo,2.0,Cat_4,D
462606,Masculino,Sim,36,Nao,Executivo,2.0,Alto,3.0,Cat_4,D
466961,Feminino,Sim,55,Sim,Ator/Atriz,2.0,Medio,2.0,Cat_6,C
459585,Feminino,Sim,46,Sim,Ator/Atriz,0.0,Medio,4.0,Cat_6,A
459304,Feminino,Sim,43,Sim,Ator/Atriz,8.0,Medio,2.0,Cat_6,B
462523,Masculino,Sim,57,Nao,Medico,4.0,Baixo,3.0,Cat_4,B
464805,Masculino,Sim,35,Nao,Medico,0.0,Baixo,1.0,Cat_4,A
465036,Masculino,Sim,65,Sim,Ator/Atriz,0.0,Medio,2.0,Cat_6,C
467953,Feminino,Sim,37,Sim,Ator/Atriz,0.0,Baixo,3.0,Cat_6,A
464381,Masculino,Sim,35,Sim,Ator/Atriz,4.0,Medio,2.0,Cat_6,A
466115,Masculino,Sim,37,Nao,Executivo,1.0,Baixo,2.0,Cat_6,A
467606,Masculino,Sim,38,Sim,Executivo,0.0,Medio,3.0,Cat_6,B
466340,Masculino,Nao,19,Nao,Enfermeiro,1.0,Baixo,3.0,Cat_4,D
459916,Masculino,Nao,36,Sim,Ator/Atriz,0.0,Baixo,1.0,Cat_3,B
462341,Masculino,Sim,61,Sim,Ator/Atriz,2.0,Medio,2.0,Cat_6,C
467613,Masculino,Sim,53,Nao,Ator/Atriz,1.0,Medio,6.0,Cat_6,A
462706,Masculino,Sim,45,Sim,Ator/Atriz,0.0,Baixo,1.0,Cat_6,C
466393,Feminino,Sim,42,Nao,Entretenimento,1.0,Baixo,6.0,Cat_3,B
461296,Feminino,Sim,83,Sim,Advogado,0.0,Alto,2.0,Cat_6,C
463987,Feminino,Nao,36,Sim,Ator/Atriz,0.0,Baixo,1.0,Cat_6,B
463073,Masculino,Sim,42,Sim,Ator/Atriz,1.0,Medio,3.0,Cat_6,C
466539,Feminino,Sim,80,Nao,Advogado,1.0,Alto,2.0,Cat_6,C
463311,Feminino,Nao,18,Nao,Enfermeiro,0.0,Baixo,5.0,Cat_3,D
461960,Masculino,Sim,57,Sim,Entretenimento,0.0,Baixo,2.0,Cat_6,A
461848,Masculino,Nao,36,Nao,Marketing,0.0,Baixo,2.0,Cat_6,D
461963,Feminino,Nao,43,Sim,Ator/Atriz,8.0,Baixo,1.0,Cat_6,A
465477,Masculino,Nao,31,Nao,Enfermeiro,1.0,Baixo,3.0,Cat_2,B
466472,Masculino,Nao,38,Sim,Medico,4.0,Baixo,1.0,Cat_2,B
467727,Masculino,Sim,45,Sim,Ator/Atriz,7.0,Alto,4.0,Cat_3,A
459341,Masculino,Sim,72,Sim,Advogado,0.0,Alto,2.0,Cat_6,C
466486,Feminino,Sim,43,Sim,Medico,9.0,Baixo,2.0,Cat_4,A
460284,Feminino,Nao,29,Sim,Entretenimento,8.0,Baixo,2.0,Cat_6,A
463704,Masculino,Nao,45,Sim,Ator/Atriz,1.0,Baixo,2.0,Cat_6,A
467061,Feminino,Nao,29,Sim,Do Lar,13.0,Baixo,1.0,Cat_6,A
464545,Masculino,Nao,43,Sim,Ator/Atriz,7.0,Baixo,3.0,Cat_6,A
464239,Feminino,Sim,42,Nao,Ator/Atriz,0.0,Medio,3.0,Cat_6,A
464996,Masculino,Sim,47,Nao,Entretenimento,9.0,Medio,6.0,Cat_6,C
461339,Masculino,Nao,26,Sim,Enfermeiro,1.0,Baixo,3.0,Cat_6,B
461581,Feminino,Sim,60,Sim,Advogado,1.0,Alto,3.0,Cat_6,C
460623,Masculino,Sim,41,Sim,Executivo,5.0,Baixo,2.0,Cat_1,A
467407,Masculino,Nao,27,Sim,Ator/Atriz,7.0,Baixo,3.0,Cat_6,D
460055,Feminino,Nao,46,Sim,Ator/Atriz,8.0,Baixo,1.0,Cat_6,C
467032,Feminino,Nao,25,Sim,Ator/Atriz,2.0,Baixo,2.0,Cat_6,A
467225,Feminino,Nao,22,Nao,Enfermeiro,1.0,Baixo,3.0,Cat_6,D
466509,Masculino,Sim,56,Nao,Executivo,1.0,Medio,3.0,Cat_6,B
463087,Feminino,Sim,35,Sim,Do Lar,9.0,Medio,2.0,Cat_4,B
459535,Masculino,Sim,50,Sim,Ator/Atriz,8.0,Medio,2.0,Cat_6,C
463636,Masculino,Nao,33,Nao,Medico,1.0,Baixo,6.0,Cat_4,A
466717,Feminino,Sim,69,Nao,Entretenimento,1.0,Baixo,2.0,Cat_3,B
466731,Feminino,Sim,38,Sim,Engenheiro,4.0,Baixo,2.0,Cat_4,A
466201,Masculino,Sim,42,Sim,Medico,1.0,Medio,5.0,Cat_4,C
467729,Masculino,Sim,61,Sim,Entretenimento,3.0,Medio,6.0,Cat_6,B
460234,Feminino,Nao,20,Nao,Enfermeiro,4.0,Baixo,6.0,Cat_2,D
464342,Feminino,Sim,46,Sim,Engenheiro,1.0,Medio,2.0,Cat_6,C
460915,Masculino,Sim,40,Nao,Entretenimento,5.0,Baixo,4.0,Cat_3,D
466002,Masculino,Sim,51,Sim,Medico,1.0,Alto,2.0,Cat_3,C
459641,Feminino,Sim,58,Sim,Ator/Atriz,4.0,Medio,5.0,Cat_6,C
463995,Feminino,Nao,33,Sim,Enfermeiro,1.0,Baixo,5.0,Cat_6,C
463903,Masculino,Nao,26,Nao,Entretenimento,0.0,Baixo,2.0,Cat_6,A
466378,Masculino,Sim,58,Nao,Executivo,4.0,Alto,3.0,Cat_6,C
459270,Masculino,Sim,65,Sim,Do Lar,0.0,Alto,2.0,Cat_6,A
461257,Masculino,Sim,41,Sim,Engenheiro,1.0,Medio,2.0,Cat_4,C
461667,Masculino,Sim,42,Sim,Medico,0.0,Medio,2.0,Cat_6,C
465214,Masculino,Sim,25,Nao,Engenheiro,14.0,Baixo,1.0,Cat_6,D
461212,Feminino,Nao,30,Nao,Do Lar,10.0,Baixo,6.0,Cat_6,D
461697,Masculino,Sim,79,Nao,Advogado,1.0,Baixo,1.0,Cat_6,D
459913,Feminino,Sim,51,Nao,Enfermeiro,0.0,Alto,3.0,Cat_4,D
461288,Masculino,Nao,26,Sim,Medico,1.0,Baixo,4.0,Cat_6,C
465669,Feminino,Sim,37,Nao,Entretenimento,2.0,Medio,4.0,Cat_4,A
460934,Feminino,Nao,25,Nao,Medico,0.0,Baixo,2.0,Cat_6,D
466785,Masculino,Nao,41,Sim,Marketing,0.0,Baixo,2.0,Cat_6,D
465034,Feminino,Sim,83,Sim,Executivo,1.0,Alto,3.0,Cat_6,A
463947,Masculino,Sim,35,Sim,Entretenimento,0.0,Medio,3.0,Cat_6,C
465785,Masculino,Nao,21,Nao,Enfermeiro,3.0,Baixo,7.0,Cat_4,D
462856,Feminino,Nao,28,Sim,Engenheiro,0.0,Baixo,3.0,Cat_6,D
459898,Masculino,Sim,45,Sim,Ator/Atriz,0.0,Medio,2.0,Cat_6,C
463790,Masculino,Sim,51,Nao,Executivo,0.0,Baixo,4.0,Cat_4,B
465487,Masculino,Nao,25,Sim,Entretenimento,1.0,Baixo,3.0,Cat_6,A
465147,Masculino,Nao,29,Sim,Enfermeiro,2.0,Baixo,3.0,Cat_6,C
463405,Masculino,Sim,45,Nao,Marketing,1.0,Baixo,2.0,Cat_3,D
464771,Feminino,Sim,47,Nao,Engenheiro,8.0,Medio,5.0,Cat_4,B
459152,Feminino,Nao,40,Sim,Ator/Atriz,8.0,Baixo,2.0,Cat_6,B
464605,Feminino,Sim,65,Sim,Advogado,1.0,Baixo,1.0,Cat_6,A
466481,Masculino,Nao,40,Sim,Ator/Atriz,2.0,Baixo,1.0,Cat_3,B
462097,Masculino,Sim,42,Sim,Medico,8.0,Medio,2.0,Cat_2,B
460636,Masculino,Sim,45,Sim,Ator/Atriz,2.0,Medio,3.0,Cat_3,D
463174,Feminino,Sim,58,Sim,Engenheiro,1.0,Baixo,1.0,Cat_3,A
463239,Feminino,Nao,30,Nao,Medico,1.0,Baixo,3.0,Cat_2,D
460081,Masculino,Sim,35,Sim,Ator/Atriz,10.0,Alto,2.0,Cat_6,B
466891,Feminino,Sim,53,Nao,Do Lar,9.0,Baixo,1.0,Cat_6,A
463519,Feminino,Sim,58,Sim,Ator/Atriz,0.0,Medio,2.0,Cat_6,C
467632,Feminino,Sim,88,Sim,Ator/Atriz,1.0,Alto,2.0,Cat_6,C
465339,Feminino,Nao,27,Nao,Marketing,0.0,Baixo,3.0,Cat_2,C
467611,Masculino,Nao,39,Sim,Ator/Atriz,9.0,Baixo,1.0,Cat_6,A
465481,Feminino,Nao,28,Nao,Ator/Atriz,1.0,Baixo,4.0,Cat_4,B
459095,Masculino,Sim,35,Nao,Entretenimento,9.0,Baixo,3.0,Cat_1,A
464896,Masculino,Sim,76,Nao,Executivo,1.0,Alto,2.0,Cat_4,A
460414,Feminino,Nao,33,Sim,Enfermeiro,0.0,Baixo,1.0,Cat_6,D
461420,Feminino,Sim,59,Sim,Medico,5.0,Baixo,2.0,Cat_6,A
463375,Feminino,Sim,45,Sim,Medico,0.0,Baixo,1.0,Cat_4,B
463796,Feminino,Nao,33,Nao,Engenheiro,1.0,Baixo,3.0,Cat_6,D
459236,Feminino,Sim,86,Nao,Advogado,0.0,Alto,2.0,Cat_6,B
466576,Feminino,Nao,20,Nao,Enfermeiro,0.0,Baixo,4.0,Cat_6,D
462012,Feminino,Nao,25,Nao,Enfermeiro,0.0,Baixo,8.0,Cat_7,B
462533,Feminino,Nao,33,Sim,Entretenimento,0.0,Baixo,3.0,Cat_6,A
460171,Feminino,Sim,62,Sim,Ator/Atriz,0.0,Alto,2.0,Cat_6,C
466385,Feminino,Sim,55,Sim,Ator/Atriz,4.0,Medio,4.0,Cat_7,C
465418,Masculino,Nao,39,Sim,Ator/Atriz,0.0,Baixo,1.0,Cat_1,A
464411,Masculino,Nao,30,Sim,Enfermeiro,3.0,Baixo,6.0,Cat_7,D
463254,Feminino,Sim,37,Nao,Executivo,0.0,Alto,2.0,Cat_1,A
461456,Feminino,Nao,40,Nao,Marketing,0.0,Baixo,1.0,Cat_6,A
461557,Masculino,Nao,38,Sim,Ator/Atriz,6.0,Baixo,4.0,Cat_2,A
462946,Masculino,Sim,52,Nao,Ator/Atriz,1.0,Baixo,2.0,Cat_6,A
463616,Feminino,Sim,48,Nao,Engenheiro,1.0,Medio,5.0,Cat_3,B
462593,Feminino,Sim,60,Nao,Engenheiro,1.0,Medio,5.0,Cat_4,B
464693,Feminino,Nao,36,Sim,Engenheiro,9.0,Baixo,1.0,Cat_4,A
459618,Masculino,Sim,59,Sim,Medico,0.0,Medio,2.0,Cat_4,C
466494,Masculino,Sim,71,Nao,Entretenimento,0.0,Medio,3.0,Cat_6,A
462432,Masculino,Sim,37,Sim,Executivo,1.0,Medio,2.0,Cat_6,B
464268,Feminino,Nao,51,Sim,Ator/Atriz,0.0,Baixo,1.0,Cat_6,A
461305,Masculino,Nao,22,Nao,Enfermeiro,1.0,Baixo,3.0,Cat_6,D
462006,Masculino,Sim,28,Sim,Ator/Atriz,1.0,Medio,2.0,Cat_6,B
463917,Feminino,Nao,22,Nao,Enfermeiro,1.0,Baixo,8.0,Cat_4,D
463979,Feminino,Sim,48,Sim,Do Lar,1.0,Alto,2.0,Cat_2,C
465780,Feminino,Nao,23,Nao,Enfermeiro,1.0,Baixo,4.0,Cat_6,D
464795,Feminino,Nao,31,Nao,Engenheiro,1.0,Baixo,8.0,Cat_4,A
467596,Masculino,Sim,37,Nao,Ator/Atriz,1.0,Baixo,5.0,Cat_3,C
459250,Masculino,Sim,50,Sim,Medico,1.0,Medio,4.0,Cat_6,C
460468,Feminino,Nao,50,Sim,Executivo,1.0,Baixo,1.0,Cat_6,A
466131,Feminino,Nao,43,Sim,Ator/Atriz,1.0,Baixo,1.0,Cat_6,D
461311,Masculino,Nao,20,Nao,Marketing,0.0,Baixo,4.0,Cat_6,C
464067,Feminino,Nao,28,Sim,Entretenimento,0.0,Baixo,4.0,Cat_2,B
462299,Feminino,Nao,33,Nao,Enfermeiro,7.0,Baixo,6.0,Cat_6,C
466165,Feminino,Nao,49,Sim,Ator/Atriz,0.0,Baixo,1.0,Cat_2,B
460237,Feminino,Nao,40,Sim,Enfermeiro,9.0,Baixo,1.0,Cat_4,D
459087,Feminino,Nao,21,Nao,Medico,0.0,Baixo,3.0,Cat_6,C
464971,Feminino,Sim,36,Nao,Engenheiro,1.0,Baixo,5.0,Cat_4,A
460472,Masculino,Sim,49,Nao,Medico,1.0,Medio,3.0,Cat_4,A
461145,Feminino,Sim,36,Sim,Entretenimento,0.0,Baixo,2.0,Cat_3,A
465960,Feminino,Nao,32,Sim,Marketing,8.0,Baixo,1.0,Cat_6,D
462561,Feminino,Sim,48,Sim,Ator/Atriz,4.0,Medio,2.0,Cat_6,C
466015,Masculino,Sim,69,Nao,Entretenimento,3.0,Baixo,8.0,Cat_6,A
463196,Feminino,Sim,67,Sim,Engenheiro,1.0,Baixo,1.0,Cat_6,A
463598,Feminino,Sim,32,Nao,Engenheiro,3.0,Baixo,2.0,Cat_6,C
461988,Masculino,Sim,36,Nao,Engenheiro,0.0,Medio,2.0,Cat_6,B
461635,Masculino,Sim,43,Sim,Executivo,6.0,Alto,3.0,Cat_6,C
464687,Masculino,Sim,36,Sim,Ator/Atriz,9.0,Medio,5.0,Cat_4,D
459685,Masculino,Sim,36,Sim,Ator/Atriz,0.0,Medio,2.0,Cat_7,C
466617,Feminino,Nao,23,Nao,Enfermeiro,4.0,Baixo,3.0,Cat_6,D
465973,Feminino,Sim,50,Sim,Ator/Atriz,8.0,Medio,2.0,Cat_6,B
459312,Masculino,Nao,22,Nao,Enfermeiro,1.0,Baixo,4.0,Cat_4,D
467863,Feminino,Sim,35,Sim,Medico,0.0,Medio,3.0,Cat_6,C
461659,Feminino,Sim,52,Sim,Ator/Atriz,0.0,Medio,2.0,Cat_6,C
466272,Feminino,Sim,68,Sim,Advogado,0.0,Medio,3.0,Cat_6,C
459292,Masculino,Nao,46,Sim,Ator/Atriz,1.0,Baixo,2.0,Cat_6,C
463710,Masculino,Nao,49,Sim,Entretenimento,0.0,Baixo,1.0,Cat_2,B
463856,Masculino,Sim,37,Sim,Ator/Atriz,0.0,Medio,2.0,Cat_4,C
467545,Masculino,Sim,53,Sim,Ator/Atriz,9.0,Medio,2.0,Cat_6,B
466027,Feminino,Sim,70,Nao,Engenheiro,7.0,Baixo,1.0,Cat_3,B
460409,Feminino,Nao,43,Sim,Ator/Atriz,8.0,Baixo,4.0,Cat_6,D
465342,Masculino,Sim,83,Sim,Executivo,0.0,Alto,2.0,Cat_6,A
460249,Feminino,Nao,25,Sim,Entretenimento,9.0,Baixo,2.0,Cat_6,A
464231,Masculino,Sim,45,Sim,Ator/Atriz,0.0,Medio,4.0,Cat_6,C
461676,Feminino,Nao,29,Sim,Engenheiro,1.0,Baixo,1.0,Cat_6,A
467597,Feminino,Sim,65,Sim,Advogado,0.0,Baixo,1.0,Cat_6,A
459256,Feminino,Sim,46,Sim,Ator/Atriz,0.0,Alto,4.0,Cat_6,B
459962,Masculino,Sim,59,Sim,Ator/Atriz,8.0,Baixo,1.0,Cat_6,B
463546,Feminino,Nao,30,Sim,Enfermeiro,0.0,Baixo,2.0,Cat_6,C
464197,Masculino,Sim,29,Nao,Enfermeiro,5.0,Baixo,2.0,Cat_6,D
465146,Masculino,Sim,58,Sim,Ator/Atriz,9.0,Baixo,1.0,Cat_6,B
462412,Masculino,Sim,71,Nao,Ator/Atriz,1.0,Baixo,5.0,Cat_6,C
464279,Masculino,Sim,53,Nao,Executivo,1.0,Baixo,5.0,Cat_6,A
463381,Masculino,Sim,36,Sim,Medico,8.0,Medio,4.0,Cat_3,C
464230,Masculino,Nao,33,Nao,Engenheiro,0.0,Baixo,4.0,Cat_1,D
465394,Masculino,Nao,32,Sim,Engenheiro,0.0,Baixo,3.0,Cat_4,B
461105,Feminino,Nao,49,Sim,Entretenimento,0.0,Baixo,1.0,Cat_3,D
464328,Masculino,Sim,84,Nao,Advogado,1.0,Alto,2.0,Cat_6,B
462797,Masculino,Sim,30,Sim,Enfermeiro,0.0,Baixo,4.0,Cat_6,A
461008,Masculino,Nao,26,Nao,Enfermeiro,1.0,Baixo,4.0,Cat_3,A
461412,Feminino,Sim,41,Sim,Ator/Atriz,5.0,Alto,3.0,Cat_5,B
462283,Masculino,Nao,25,Nao,Enfermeiro,4.0,Baixo,5.0,Cat_6,D
467683,Masculino,Sim,26,Sim,Enfermeiro,9.0,Alto,3.0,Cat_2,D
463727,Feminino,Nao,27,Nao,Medico,0.0,Baixo,5.0,Cat_3,A
459497,Feminino,Sim,80,Sim,Advogado,0.0,Baixo,1.0,Cat_6,C
464407,Feminino,Sim,50,Sim,Enfermeiro,1.0,Baixo,3.0,Cat_6,D
465116,Feminino,Sim,66,Sim,Ator/Atriz,0.0,Baixo,2.0,Cat_6,C
462957,Masculino,Sim,58,Nao,Executivo,1.0,Alto,5.0,Cat_6,B
465292,Feminino,Nao,42,Sim,Medico,0.0,Baixo,3.0,Cat_6,B
464359,Feminino,Nao,37,Sim,Ator/Atriz,0.0,Baixo,3.0,Cat_6,B
461838,Masculino,Sim,49,Sim,Ator/Atriz,0.0,Baixo,1.0,Cat_6,C
464624,Masculino,Nao,39,Sim,Entretenimento,3.0,Baixo,2.0,Cat_1,A
466705,Masculino,Sim,69,Nao,Advogado,0.0,Baixo,3.0,Cat_6,C
459849,Feminino,Sim,50,Sim,Ator/Atriz,1.0,Alto,5.0,Cat_6,C
463273,Masculino,Sim,37,Sim,Entretenimento,8.0,Medio,2.0,Cat_3,B
461551,Masculino,Sim,61,Nao,Entretenimento,1.0,Baixo,2.0,Cat_6,A
464129,Masculino,Sim,52,Sim,Executivo,1.0,Alto,4.0,Cat_1,C
464031,Feminino,Nao,23,Nao,Enfermeiro,1.0,Baixo,4.0,Cat_6,D
460791,Feminino,Nao,27,Sim,Engenheiro,9.0,Baixo,7.0,Cat_3,C
464348,Masculino,Nao,43,Sim,Ator/Atriz,1.0,Baixo,2.0,Cat_6,A
460904,Feminino,Nao,35,Nao,Entretenimento,1.0,Baixo,1.0,Cat_6,B
466484,Feminino,Sim,52,Nao,Executivo,1.0,Baixo,1.0,Cat_3,A
461674,Masculino,Sim,48,Sim,Executivo,0.0,Alto,4.0,Cat_6,C
464297,Masculino,Nao,26,Nao,Ator/Atriz,8.0,Baixo,5.0,Cat_5,A
462322,Feminino,Nao,49,Sim,Ator/Atriz,1.0,Baixo,2.0,Cat_2,C
459974,Masculino,Nao,37,Sim,Entretenimento,0.0,Baixo,1.0,Cat_6,A
461003,Masculino,Nao,30,Nao,Executivo,13.0,Baixo,4.0,Cat_3,D
464939,Masculino,Nao,43,Nao,Entretenimento,0.0,Baixo,1.0,Cat_4,D
461905,Feminino,Nao,42,Sim,Ator/Atriz,0.0,Baixo,3.0,Cat_6,C
466952,Masculino,Sim,60,Sim,Ator/Atriz,0.0,Medio,2.0,Cat_6,C
460484,Feminino,Nao,23,Nao,Enfermeiro,4.0,Baixo,7.0,Cat_3,D
462346,Masculino,Sim,81,Sim,Advogado,9.0,Baixo,1.0,Cat_6,B
465441,Feminino,Sim,45,Sim,Engenheiro,2.0,Baixo,1.0,Cat_4,A
461689,Masculino,Nao,33,Sim,Ator/Atriz,1.0,Baixo,2.0,Cat_6,C
464846,Masculino,Nao,25,Nao,Entretenimento,8.0,Baixo,2.0,Cat_4,D
462254,Masculino,Sim,38,Nao,Executivo,1.0,Medio,5.0,Cat_2,B
462708,Masculino,Sim,25,Sim,Executivo,8.0,Alto,2.0,Cat_6,A
467806,Masculino,Sim,62,Sim,Ator/Atriz,1.0,Alto,2.0,Cat_6,B
461173,Masculino,Sim,45,Sim,Ator/Atriz,1.0,Baixo,4.0,Cat_3,B
465912,Feminino,Nao,63,Sim,Ator/Atriz,1.0,Baixo,2.0,Cat_6,B
461341,Feminino,Sim,39,Sim,Ator/Atriz,0.0,Alto,2.0,Cat_6,A
465135,Feminino,Nao,25,Nao,Engenheiro,1.0,Baixo,1.0,Cat_6,B
461654,Feminino,Nao,67,Sim,Ator/Atriz,0.0,Baixo,1.0,Cat_7,B
459147,Masculino,Sim,81,Sim,Entretenimento,1.0,Baixo,1.0,Cat_6,D
464611,Masculino,Nao,31,Sim,Ator/Atriz,1.0,Baixo,4.0,Cat_7,C
460356,Masculino,Nao,22,Nao,Enfermeiro,1.0,Baixo,4.0,Cat_6,D
461591,Feminino,Nao,33,Nao,Engenheiro,1.0,Baixo,2.0,Cat_4,B
466505,Feminino,Sim,42,Nao,Ator/Atriz,8.0,Alto,5.0,Cat_6,B
464717,Masculino,Sim,25,Nao,Executivo,4.0,Alto,8.0,Cat_4,D
464620,Feminino,Sim,41,Sim,Ator/Atriz,1.0,Alto,2.0,Cat_6,B
462333,Feminino,Sim,40,Sim,Ator/Atriz,1.0,Baixo,1.0,Cat_6,D
463910,Feminino,Sim,50,Sim,Ator/Atriz,0.0,Medio,2.0,Cat_6,C
459262,Feminino,Nao,31,Nao,Entretenimento,9.0,Baixo,4.0,Cat_6,C
467808,Feminino,Sim,63,Sim,Ator/Atriz,0.0,Medio,2.0,Cat_6,C
460992,Masculino,Sim,57,Nao,Executivo,0.0,Alto,4.0,Cat_6,A
459950,Feminino,Nao,40,Sim,Ator/Atriz,0.0,Baixo,1.0,Cat_6,A
467461,Feminino,Sim,45,Sim,Ator/Atriz,8.0,Alto,3.0,Cat_6,B
464177,Masculino,Nao,25,Sim,Enfermeiro,1.0,Baixo,3.0,Cat_6,D
463918,Feminino,Nao,22,Nao,Enfermeiro,0.0,Baixo,4.0,Cat_4,D
464326,Feminino,Nao,38,Sim,Ator/Atriz,1.0,Baixo,3.0,Cat_6,A
465612,Masculino,Sim,37,Sim,Ator/Atriz,9.0,Medio,2.0,Cat_6,C
463872,Masculino,Sim,78,Nao,Advogado,1.0,Alto,2.0,Cat_2,A
466883,Feminino,Sim,37,Sim,Ator/Atriz,2.0,Medio,2.0,Cat_6,B
467477,Masculino,Sim,43,Sim,Enfermeiro,5.0,Medio,2.0,Cat_6,D
461307,Masculino,Nao,23,Nao,Enfermeiro,1.0,Baixo,4.0,Cat_6,D
463509,Masculino,Nao,43,Nao,Ator/Atriz,0.0,Baixo,1.0,Cat_3,D
461470,Masculino,Sim,43,Sim,Ator/Atriz,2.0,Medio,2.0,Cat_6,C
466138,Masculino,Sim,71,Nao,Advogado,3.0,Alto,2.0,Cat_6,D
460034,Feminino,Sim,38,Sim,Ator/Atriz,8.0,Baixo,1.0,Cat_6,D
465088,Masculino,Sim,48,Sim,Executivo,9.0,Alto,4.0,Cat_6,B
462375,Masculino,Sim,53,Sim,Ator/Atriz,1.0,Medio,3.0,Cat_6,C
466337,Feminino,Sim,41,Nao,Engenheiro,0.0,Baixo,2.0,Cat_4,A
465924,Feminino,Nao,28,Sim,Marketing,0.0,Baixo,2.0,Cat_6,D
465788,Masculino,Nao,22,Nao,Enfermeiro,1.0,Baixo,6.0,Cat_4,D
463934,Feminino,Sim,43,Sim,Ator/Atriz,3.0,Medio,2.0,Cat_6,C
466728,Masculino,Sim,28,Nao,Medico,0.0,Medio,2.0,Cat_6,A
461737,Feminino,Sim,48,Sim,Medico,1.0,Medio,6.0,Cat_4,B
460972,Masculino,Sim,42,Sim,Ator/Atriz,14.0,Baixo,2.0,Cat_6,A
461210,Feminino,Nao,38,Sim,Enfermeiro,0.0,Baixo,4.0,Cat_6,A
463111,Feminino,Nao,42,Sim,Engenheiro,6.0,Baixo,3.0,Cat_6,D
465513,Masculino,Nao,43,Sim,Entretenimento,1.0,Baixo,2.0,Cat_6,B
461732,Feminino,Sim,46,Sim,Ator/Atriz,1.0,Medio,2.0,Cat_2,C
459647,Feminino,Nao,43,Sim,Engenheiro,1.0,Baixo,2.0,Cat_6,B
460257,Feminino,Nao,28,Sim,Enfermeiro,1.0,Baixo,6.0,Cat_6,D
464437,Feminino,Sim,48,Sim,Engenheiro,0.0,Medio,4.0,Cat_6,B
461544,Masculino,Sim,82,Nao,Advogado,1.0,Alto,2.0,Cat_6,A
462749,Masculino,Sim,49,Sim,Ator/Atriz,1.0,Baixo,2.0,Cat_6,C
461472,Feminino,Sim,41,Sim,Ator/Atriz,0.0,Medio,2.0,Cat_6,C
467659,Masculino,Sim,66,Sim,Entretenimento,0.0,Medio,2.0,Cat_6,B
466859,Masculino,Nao,22,Nao,Enfermeiro,0.0,Baixo,5.0,Cat_2,D
460101,Feminino,Nao,31,Sim,Enfermeiro,9.0,Baixo,3.0,Cat_3,D
461885,Feminino,Sim,49,Sim,Ator/Atriz,3.0,Alto,5.0,Cat_6,C
460982,Masculino,Sim,77,Nao,Advogado,1.0,Alto,2.0,Cat_6,A
460503,Masculino,Nao,41,Sim,Entretenimento,0.0,Baixo,2.0,Cat_3,B
460814,Masculino,Sim,78,Nao,Entretenimento,0.0,Baixo,1.0,Cat_6,D
459981,Masculino,Nao,41,Sim,Ator/Atriz,7.0,Baixo,1.0,Cat_6,A
463776,Feminino,Sim,39,Sim,Ator/Atriz,3.0,Medio,2.0,Cat_6,C
467746,Masculino,Sim,50,Sim,Executivo,0.0,Alto,3.0,Cat_6,B
460151,Masculino,Sim,35,Sim,Ator/Atriz,3.0,Medio,2.0,Cat_6,C
467145,Feminino,Sim,52,Sim,Medico,1.0,Medio,3.0,Cat_6,B
461101,Feminino,Sim,50,Sim,Engenheiro,4.0,Medio,4.0,Cat_3,A
461424,Masculino,Sim,63,Nao,Enfermeiro,0.0,Medio,4.0,Cat_4,B
464237,Feminino,Sim,47,Sim,Ator/Atriz,0.0,Baixo,3.0,Cat_6,B
459995,Feminino,Nao,38,Nao,Ator/Atriz,4.0,Baixo,2.0,Cat_6,A
465896,Masculino,Nao,32,Nao,Medico,2.0,Baixo,2.0,Cat_6,D
463639,Masculino,Nao,31,Nao,Enfermeiro,0.0,Baixo,6.0,Cat_6,D
463292,Masculino,Sim,36,Nao,Executivo,1.0,Alto,3.0,Cat_6,B
462484,Masculino,Sim,67,Sim,Ator/Atriz,0.0,Baixo,1.0,Cat_6,D
465198,Masculino,Sim,53,Sim,Entretenimento,8.0,Medio,4.0,Cat_6,C
467820,Masculino,Sim,51,Sim,Ator/Atriz,0.0,Baixo,1.0,Cat_3,B
465817,Masculino,Sim,56,Nao,Executivo,0.0,Baixo,2.0,Cat_4,A
464244,Masculino,Sim,72,Sim,Executivo,1.0,Alto,4.0,Cat_6,B
465717,Feminino,Sim,42,Sim,Ator/Atriz,2.0,Medio,2.0,Cat_6,C
460461,Feminino,Sim,26,Nao,Do Lar,9.0,Medio,2.0,Cat_3,A
466931,Masculino,Nao,37,Sim,Entretenimento,1.0,Baixo,2.0,Cat_3,A
461106,Masculino,Nao,18,Nao,Enfermeiro,1.0,Baixo,4.0,Cat_3,D
463379,Masculino,Nao,29,Nao,Marketing,1.0,Baixo,7.0,Cat_6,D
459331,Feminino,Nao,70,Sim,Advogado,0.0,Baixo,1.0,Cat_6,D
466396,Feminino,Nao,19,Nao,Enfermeiro,1.0,Baixo,5.0,Cat_3,D
463135,Masculino,Sim,46,Sim,Ator/Atriz,5.0,Medio,2.0,Cat_3,C
463418,Masculino,Sim,53,Nao,Executivo,1.0,Alto,4.0,Cat_6,A
467300,Feminino,Sim,50,Sim,Ator/Atriz,0.0,Baixo,1.0,Cat_6,B
465518,Feminino,Sim,43,Sim,Ator/Atriz,1.0,Medio,3.0,Cat_4,B
461964,Feminino,Nao,23,Nao,Enfermeiro,0.0,Baixo,4.0,Cat_7,D
463190,Feminino,Sim,61,Sim,Ator/Atriz,0.0,Medio,2.0,Cat_4,B
461771,Masculino,Sim,27,Sim,Medico,9.0,Medio,2.0,Cat_6,A
466082,Feminino,Sim,83,Sim,Advogado,1.0,Baixo,1.0,Cat_6,C
461241,Masculino,Sim,32,Sim,Enfermeiro,5.0,Baixo,2.0,Cat_6,D
460741,Masculino,Sim,58,Sim,Ator/Atriz,1.0,Medio,5.0,Cat_6,B
461752,Masculino,Sim,67,Sim,Medico,1.0,Medio,3.0,Cat_6,C
461030,Feminino,Nao,19,Nao,Enfermeiro,8.0,Baixo,5.0,Cat_3,D
459097,Masculino,Sim,88,Sim,Advogado,0.0,Alto,2.0,Cat_6,A
464615,Masculino,Sim,35,Sim,Ator/Atriz,7.0,Baixo,2.0,Cat_6,A
460928,Masculino,Sim,45,Sim,Ator/Atriz,0.0,Medio,4.0,Cat_6,B
467682,Feminino,Sim,35,Sim,Ator/Atriz,9.0,Medio,4.0,Cat_6,B
463480,Feminino,Sim,27,Nao,Enfermeiro,0.0,Baixo,2.0,Cat_6,D
462370,Masculino,Sim,35,Sim,Executivo,4.0,Alto,3.0,Cat_6,B
459148,Feminino,Nao,20,Nao,Enfermeiro,2.0,Baixo,3.0,Cat_4,D
462588,Masculino,Sim,41,Nao,Entretenimento,12.0,Medio,3.0,Cat_4,A
466102,Feminino,Nao,33,Nao,Enfermeiro,1.0,Baixo,6.0,Cat_3,C
464482,Masculino,Sim,58,Sim,Ator/Atriz,0.0,Baixo,1.0,Cat_6,C
463078,Masculino,Sim,86,Nao,Executivo,0.0,Alto,2.0,Cat_6,A
464646,Masculino,Sim,61,Nao,Engenheiro,7.0,Medio,5.0,Cat_4,D
461151,Masculino,Nao,32,Sim,Ator/Atriz,0.0,Baixo,3.0,Cat_3,D
466397,Masculino,Nao,20,Nao,Enfermeiro,0.0,Baixo,3.0,Cat_3,D
463743,Masculino,Nao,32,Nao,Ator/Atriz,0.0,Baixo,4.0,Cat_6,D
467753,Feminino,Sim,69,Nao,Ator/Atriz,0.0,Alto,2.0,Cat_6,C
465666,Feminino,Nao,35,Sim,Entretenimento,9.0,Baixo,4.0,Cat_6,C
463105,Feminino,Nao,72,Sim,Advogado,1.0,Baixo,2.0,Cat_6,D
465280,Feminino,Sim,37,Sim,Ator/Atriz,0.0,Baixo,1.0,Cat_6,C
465578,Masculino,Nao,33,Sim,Enfermeiro,4.0,Baixo,1.0,Cat_6,D
466560,Masculino,Sim,40,Nao,Executivo,0.0,Medio,4.0,Cat_4,D
459897,Feminino,Sim,55,Sim,Ator/Atriz,1.0,Baixo,2.0,Cat_6,C
466440,Masculino,Sim,23,Nao,Executivo,1.0,Alto,9.0,Cat_6,A
464647,Feminino,Sim,51,Nao,Medico,1.0,Alto,1.0,Cat_4,D
460851,Masculino,Sim,69,Nao,Medico,0.0,Medio,3.0,Cat_6,B
467122,Feminino,Sim,73,Nao,Advogado,0.0,Alto,2.0,Cat_6,C
460462,Feminino,Nao,20,Nao,Marketing,1.0,Baixo,3.0,Cat_3,B
459440,Feminino,Nao,53,Sim,Ator/Atriz,1.0,Baixo,1.0,Cat_6,B
459521,Feminino,Sim,46,Sim,Ator/Atriz,0.0,Medio,4.0,Cat_1,A
465772,Feminino,Sim,53,Sim,Engenheiro,0.0,Baixo,4.0,Cat_1,B
462218,Masculino,Sim,53,Nao,Executivo,0.0,Medio,5.0,Cat_4,B
467673,Masculino,Sim,50,Nao,Executivo,0.0,Alto,4.0,Cat_6,B
461295,Feminino,Sim,66,Sim,Ator/Atriz,1.0,Medio,3.0,Cat_6,C
466035,Feminino,Sim,86,Sim,Advogado,1.0,Baixo,2.0,Cat_6,B
459830,Feminino,Nao,27,Sim,Medico,8.0,Baixo,1.0,Cat_6,A
462080,Feminino,Nao,42,Sim,Ator/Atriz,8.0,Baixo,1.0,Cat_6,C
459330,Masculino,Nao,33,Nao,Marketing,11.0,Baixo,9.0,Cat_6,D
467058,Masculino,Sim,82,Nao,Executivo,1.0,Alto,2.0,Cat_6,B
461122,Masculino,Sim,26,Nao,Entretenimento,8.0,Baixo,2.0,Cat_4,D
464886,Masculino,Sim,38,Sim,Engenheiro,0.0,Medio,4.0,Cat_4,B
463697,Feminino,Nao,32,Sim,Ator/Atriz,6.0,Baixo,7.0,Cat_4,A
460592,Masculino,Nao,20,Nao,Enfermeiro,1.0,Baixo,5.0,Cat_3,D
465995,Masculino,Nao,27,Nao,Entretenimento,0.0,Baixo,3.0,Cat_2,D
461293,Masculino,Nao,22,Nao,Enfermeiro,0.0,Baixo,4.0,Cat_6,D
467020,Masculino,Sim,80,Sim,Advogado,0.0,Alto,3.0,Cat_6,B
467175,Masculino,Sim,77,Sim,Advogado,0.0,Baixo,1.0,Cat_6,D
465154,Masculino,Nao,22,Nao,Enfermeiro,1.0,Baixo,2.0,Cat_4,D
466666,Feminino,Sim,32,Sim,Enfermeiro,0.0,Baixo,2.0,Cat_6,A
462859,Masculino,Sim,49,Sim,Entretenimento,1.0,Medio,2.0,Cat_6,A
467483,Masculino,Sim,55,Sim,Executivo,0.0,Alto,9.0,Cat_6,A
466950,Masculino,Nao,28,Sim,Entretenimento,1.0,Baixo,2.0,Cat_3,D
466884,Feminino,Sim,42,Nao,Medico,1.0,Baixo,1.0,Cat_6,A
463203,Feminino,Nao,20,Nao,Enfermeiro,1.0,Baixo,3.0,Cat_7,D
464716,Masculino,Sim,43,Sim,Marketing,0.0,Alto,6.0,Cat_4,D
466162,Feminino,Sim,73,Sim,Medico,0.0,Baixo,1.0,Cat_4,B
462383,Feminino,Nao,46,Nao,Engenheiro,1.0,Baixo,3.0,Cat_3,D
462970,Masculino,Sim,28,Nao,Medico,0.0,Medio,2.0,Cat_6,D
463988,Feminino,Sim,35,Sim,Entretenimento,9.0,Medio,2.0,Cat_2,A
466500,Feminino,Sim,48,Sim,Ator/Atriz,3.0,Alto,3.0,Cat_4,B
460826,Feminino,Nao,32,Sim,Ator/Atriz,0.0,Baixo,3.0,Cat_4,D
466714,Masculino,Sim,66,Sim,Executivo,0.0,Medio,2.0,Cat_6,C
467876,Feminino,Sim,47,Sim,Ator/Atriz,8.0,Alto,2.0,Cat_6,C
465204,Masculino,Sim,28,Sim,Enfermeiro,1.0,Baixo,2.0,Cat_6,C
461851,Feminino,Sim,35,Sim,Ator/Atriz,3.0,Medio,2.0,Cat_6,C
460823,Feminino,Sim,75,Sim,Advogado,1.0,Alto,2.0,Cat_6,B
459328,Masculino,Sim,48,Sim,Executivo,1.0,Alto,3.0,Cat_6,B
466541,Masculino,Nao,41,Sim,Entretenimento,1.0,Baixo,4.0,Cat_6,A
461817,Feminino,Nao,25,Nao,Medico,1.0,Baixo,3.0,Cat_6,D
459187,Feminino,Sim,52,Nao,Medico,0.0,Medio,3.0,Cat_4,B
464352,Masculino,Sim,58,Sim,Medico,0.0,Medio,2.0,Cat_6,C
459814,Feminino,Nao,49,Sim,Ator/Atriz,0.0,Baixo,3.0,Cat_2,B
460309,Masculino,Nao,28,Sim,Marketing,9.0,Baixo,5.0,Cat_7,D
467169,Masculino,Nao,53,Sim,Ator/Atriz,0.0,Baixo,1.0,Cat_6,B
461362,Feminino,Nao,27,Sim,Medico,0.0,Baixo,4.0,Cat_6,D
462942,Feminino,Nao,33,Sim,Entretenimento,0.0,Baixo,4.0,Cat_4,A
463088,Feminino,Sim,89,Sim,Advogado,0.0,Alto,2.0,Cat_6,C
463924,Feminino,Nao,40,Sim,Ator/Atriz,1.0,Baixo,1.0,Cat_5,B
462794,Masculino,Nao,27,Nao,Enfermeiro,10.0,Baixo,5.0,Cat_6,D
462399,Masculino,Sim,37,Sim,Executivo,1.0,Baixo,6.0,Cat_6,D
465593,Masculino,Sim,56,Nao,Advogado,0.0,Alto,3.0,Cat_3,A
465437,Masculino,Sim,48,Sim,Executivo,2.0,Alto,5.0,Cat_6,C
465457,Feminino,Nao,32,Sim,Engenheiro,0.0,Baixo,1.0,Cat_6,A
463167,Masculino,Sim,39,Sim,Medico,1.0,Medio,3.0,Cat_6,A
462141,Feminino,Nao,39,Sim,Ator/Atriz,9.0,Baixo,1.0,Cat_6,C
460760,Masculino,Sim,60,Nao,Ator/Atriz,1.0,Alto,4.0,Cat_3,B
461938,Feminino,Nao,33,Sim,Engenheiro,9.0,Baixo,2.0,Cat_6,A
465041,Feminino,Sim,50,Nao,Ator/Atriz,0.0,Medio,4.0,Cat_4,C
467226,Feminino,Nao,20,Nao,Entretenimento,1.0,Baixo,4.0,Cat_6,C
459800,Feminino,Nao,37,Nao,Engenheiro,0.0,Baixo,1.0,Cat_6,D
466175,Masculino,Sim,25,Sim,Medico,1.0,Baixo,2.0,Cat_6,C
460212,Masculino,Sim,37,Sim,Entretenimento,11.0,Baixo,6.0,Cat_6,D
466912,Masculino,Sim,68,Sim,Engenheiro,0.0,Baixo,1.0,Cat_6,D
460373,Masculino,Nao,20,Nao,Enfermeiro,2.0,Baixo,3.0,Cat_6,D
463728,Feminino,Sim,30,Nao,Medico,1.0,Medio,6.0,Cat_6,B
466596,Feminino,Sim,83,Sim,Ator/Atriz,0.0,Alto,2.0,Cat_6,C
465945,Feminino,Nao,52,Sim,Ator/Atriz,0.0,Baixo,1.0,Cat_6,D
464825,Feminino,Nao,19,Nao,Enfermeiro,7.0,Baixo,1.0,Cat_4,D
462235,Feminino,Sim,36,Sim,Engenheiro,11.0,Baixo,2.0,Cat_4,C
463477,Masculino,Nao,31,Nao,Enfermeiro,1.0,Baixo,4.0,Cat_4,C
465744,Masculino,Sim,51,Sim,Ator/Atriz,0.0,Medio,2.0,Cat_2,C
467093,Feminino,Sim,53,Sim,Ator/Atriz,8.0,Medio,2.0,Cat_6,A
464351,Feminino,Nao,31,Sim,Enfermeiro,1.0,Baixo,1.0,Cat_6,D
466955,Masculino,Sim,57,Nao,Entretenimento,0.0,Baixo,4.0,Cat_3,A
462305,Masculino,Sim,36,Sim,Ator/Atriz,0.0,Medio,5.0,Cat_6,C
465885,Feminino,Nao,41,Sim,Marketing,1.0,Baixo,2.0,Cat_6,A
461022,Masculino,Sim,69,Sim,Ator/Atriz,0.0,Baixo,1.0,Cat_3,A
463146,Masculino,Sim,37,Nao,Entretenimento,11.0,Medio,2.0,Cat_6,B
459150,Feminino,Nao,49,Sim,Medico,0.0,Baixo,1.0,Cat_6,A
467114,Masculino,Sim,59,Sim,Marketing,0.0,Medio,3.0,Cat_6,B
466395,Feminino,Sim,37,Sim,Medico,2.0,Alto,2.0,Cat_4,A
465028,Feminino,Sim,68,Sim,Advogado,3.0,Alto,4.0,Cat_6,C
464189,Feminino,Nao,42,Sim,Ator/Atriz,1.0,Baixo,2.0,Cat_6,A
466043,Feminino,Sim,46,Sim,Ator/Atriz,1.0,Medio,4.0,Cat_6,B
460585,Masculino,Nao,49,Nao,Entretenimento,1.0,Baixo,3.0,Cat_3,D
461217,Feminino,Nao,33,Sim,Engenheiro,1.0,Baixo,5.0,Cat_6,D
465759,Masculino,Sim,33,Nao,Ator/Atriz,1.0,Baixo,3.0,Cat_4,A
464781,Masculino,Nao,32,Nao,Marketing,0.0,Baixo,3.0,Cat_4,D
459425,Feminino,Sim,87,Sim,Advogado,0.0,Alto,2.0,Cat_6,A
460716,Masculino,Sim,52,Sim,Entretenimento,0.0,Medio,4.0,Cat_6,B
464864,Feminino,Nao,27,Nao,Engenheiro,14.0,Baixo,8.0,Cat_4,D
467250,Masculino,Sim,63,Sim,Entretenimento,6.0,Baixo,2.0,Cat_6,D
460169,Feminino,Sim,89,Sim,Advogado,1.0,Alto,2.0,Cat_2,C
462401,Masculino,Sim,31,Nao,Executivo,1.0,Medio,2.0,Cat_4,D
464290,Feminino,Nao,41,Sim,Ator/Atriz,0.0,Baixo,1.0,Cat_6,C
464599,Feminino,Sim,50,Sim,Ator/Atriz,1.0,Alto,7.0,Cat_2,B
464952,Feminino,Sim,70,Nao,Engenheiro,0.0,Medio,2.0,Cat_4,B
460502,Feminino,Sim,55,Sim,Engenheiro,1.0,Medio,3.0,Cat_3,B
463897,Feminino,Sim,36,Sim,Do Lar,8.0,Medio,5.0,Cat_6,B
464401,Feminino,Sim,66,Sim,Advogado,4.0,Baixo,1.0,Cat_6,B
462621,Feminino,Sim,49,Nao,Engenheiro,5.0,Medio,5.0,Cat_4,D
466092,Masculino,Sim,65,Sim,Ator/Atriz,1.0,Medio,4.0,Cat_6,B
466469,Feminino,Nao,23,Nao,Enfermeiro,1.0,Baixo,4.0,Cat_3,D
459804,Masculino,Sim,45,Nao,Ator/Atriz,3.0,Alto,4.0,Cat_6,C
460548,Masculino,Nao,33,Nao,Entretenimento,1.0,Baixo,5.0,Cat_3,D
459733,Masculino,Sim,48,Sim,Executivo,1.0,Alto,3.0,Cat_6,A
466830,Masculino,Nao,28,Sim,Enfermeiro,5.0,Baixo,4.0,Cat_6,D
466849,Feminino,Nao,27,Sim,Ator/Atriz,0.0,Baixo,8.0,Cat_4,C
461090,Feminino,Sim,45,Sim,Engenheiro,1.0,Baixo,3.0,Cat_3,D
466531,Feminino,Sim,49,Sim,Entretenimento,2.0,Medio,3.0,Cat_6,A
467378,Feminino,Sim,56,Sim,Ator/Atriz,1.0,Medio,2.0,Cat_6,C
461087,Feminino,Sim,29,Nao,Ator/Atriz,0.0,Medio,2.0,Cat_3,A
465754,Feminino,Sim,57,Sim,Ator/Atriz,0.0,Medio,4.0,Cat_6,C
466708,Masculino,Sim,65,Nao,Entretenimento,1.0,Baixo,1.0,Cat_6,A
465133,Feminino,Sim,61,Sim,Engenheiro,1.0,Medio,5.0,Cat_6,B
467266,Feminino,Nao,32,Nao,Enfermeiro,0.0,Baixo,4.0,Cat_3,C
464304,Masculino,Sim,35,Sim,Ator/Atriz,1.0,Baixo,1.0,Cat_3,A
464393,Feminino,Sim,82,Sim,Advogado,1.0,Alto,2.0,Cat_6,A
464883,Feminino,Sim,37,Nao,Engenheiro,1.0,Baixo,4.0,Cat_4,A
465203,Masculino,Nao,32,Sim,Enfermeiro,2.0,Baixo,3.0,Cat_6,C
461860,Feminino,Sim,81,Sim,Advogado,1.0,Alto,2.0,Cat_6,C
459934,Masculino,Nao,49,Sim,Ator/Atriz,0.0,Baixo,1.0,Cat_6,B
461408,Masculino,Sim,46,Sim,Marketing,1.0,Baixo,3.0,Cat_6,D
459967,Masculino,Nao,27,Sim,Entretenimento,9.0,Baixo,3.0,Cat_6,B
464493,Feminino,Sim,66,Sim,Advogado,6.0,Medio,4.0,Cat_5,B
463020,Masculino,Sim,31,Sim,Ator/Atriz,0.0,Medio,3.0,Cat_1,D
466704,Masculino,Sim,53,Sim,Medico,4.0,Medio,2.0,Cat_6,C
462950,Feminino,Nao,29,Sim,Medico,0.0,Baixo,5.0,Cat_3,D
465560,Masculino,Sim,60,Sim,Entretenimento,1.0,Medio,5.0,Cat_3,B
465114,Feminino,Nao,43,Nao,Medico,4.0,Baixo,6.0,Cat_7,B
464908,Masculino,Sim,73,Sim,Entretenimento,5.0,Baixo,1.0,Cat_4,A
464109,Masculino,Sim,47,Nao,Entretenimento,0.0,Medio,3.0,Cat_6,C
463748,Masculino,Nao,20,Nao,Enfermeiro,1.0,Baixo,3.0,Cat_6,D
461808,Masculino,Sim,38,Sim,Ator/Atriz,0.0,Baixo,2.0,Cat_7,B
461716,Feminino,Sim,56,Sim,Advogado,5.0,Alto,9.0,Cat_6,C
466409,Masculino,Sim,51,Sim,Ator/Atriz,0.0,Medio,5.0,Cat_6,C
464160,Masculino,Sim,27,Sim,Ator/Atriz,4.0,Medio,2.0,Cat_6,A
462459,Masculino,Nao,30,Sim,Ator/Atriz,2.0,Baixo,2.0,Cat_6,A
463347,Masculino,Sim,49,Sim,Ator/Atriz,1.0,Medio,4.0,Cat_2,A
461117,Feminino,Nao,30,Sim,Enfermeiro,0.0,Baixo,6.0,Cat_3,D
467023,Masculino,Sim,26,Nao,Medico,9.0,Medio,2.0,Cat_6,A
465068,Masculino,Sim,42,Sim,Ator/Atriz,3.0,Medio,4.0,Cat_6,B
462239,Masculino,Sim,49,Sim,Executivo,1.0,Alto,5.0,Cat_5,C
467472,Masculino,Sim,59,Sim,Executivo,3.0,Alto,4.0,Cat_6,B
466286,Feminino,Sim,49,Sim,Ator/Atriz,0.0,Medio,5.0,Cat_2,C
463767,Masculino,Sim,32,Sim,Ator/Atriz,9.0,Medio,2.0,Cat_6,C
466653,Masculino,Sim,41,Sim,Entretenimento,5.0,Baixo,1.0,Cat_6,A
464982,Masculino,Sim,71,Sim,Executivo,1.0,Alto,4.0,Cat_6,B
465021,Masculino,Sim,62,Sim,Entretenimento,0.0,Medio,3.0,Cat_6,C
460079,Feminino,Nao,41,Nao,Medico,0.0,Baixo,1.0,Cat_6,A
460092,Masculino,Nao,41,Sim,Medico,2.0,Baixo,2.0,Cat_6,C
466172,Masculino,Sim,53,Sim,Ator/Atriz,3.0,Medio,3.0,Cat_6,C
463370,Masculino,Sim,46,Sim,Medico,2.0,Baixo,4.0,Cat_3,A
463030,Masculino,Sim,50,Sim,Executivo,1.0,Alto,3.0,Cat_6,C
465359,Feminino,Sim,40,Nao,Ator/Atriz,1.0,Baixo,1.0,Cat_6,C
462504,Feminino,Nao,49,Nao,Ator/Atriz,9.0,Baixo,1.0,Cat_1,B
465937,Feminino,Nao,30,Sim,Enfermeiro,9.0,Baixo,3.0,Cat_6,D
460534,Masculino,Sim,36,Sim,Ator/Atriz,0.0,Medio,4.0,Cat_6,B
461032,Feminino,Sim,66,Sim,Advogado,0.0,Alto,3.0,Cat_6,C
463785,Feminino,Nao,27,Nao,Enfermeiro,0.0,Baixo,4.0,Cat_4,C
461358,Masculino,Nao,42,Nao,Entretenimento,1.0,Baixo,3.0,Cat_6,A
464803,Masculino,Nao,28,Nao,Medico,1.0,Baixo,1.0,Cat_4,A
460960,Masculino,Sim,48,Sim,Entretenimento,6.0,Baixo,2.0,Cat_7,B
461461,Masculino,Sim,36,Nao,Entretenimento,9.0,Medio,2.0,Cat_6,B
466960,Masculino,Sim,40,Sim,Ator/Atriz,1.0,Baixo,2.0,Cat_6,B
466674,Feminino,Sim,57,Sim,Ator/Atriz,0.0,Alto,2.0,Cat_6,C
460037,Feminino,Nao,42,Sim,Entretenimento,5.0,Baixo,7.0,Cat_6,A
460166,Feminino,Nao,21,Nao,Enfermeiro,1.0,Baixo,7.0,Cat_2,D
461403,Feminino,Nao,27,Sim,Enfermeiro,0.0,Baixo,4.0,Cat_6,D
464453,Feminino,Sim,46,Sim,Ator/Atriz,4.0,Alto,5.0,Cat_6,C
463926,Feminino,Nao,27,Nao,Engenheiro,0.0,Baixo,6.0,Cat_6,D
462718,Feminino,Nao,25,Nao,Marketing,8.0,Baixo,5.0,Cat_6,D
464440,Masculino,Sim,87,Sim,Advogado,0.0,Alto,2.0,Cat_6,A
467197,Masculino,Nao,27,Sim,Enfermeiro,1.0,Baixo,3.0,Cat_6,D
465070,Feminino,Sim,48,Sim,Marketing,6.0,Baixo,1.0,Cat_6,C
466127,Masculino,Sim,51,Sim,Medico,1.0,Medio,4.0,Cat_6,A
467918,Masculino,Sim,48,Sim,Ator/Atriz,7.0,Medio,2.0,Cat_6,C
462696,Masculino,Sim,52,Nao,Ator/Atriz,0.0,Alto,2.0,Cat_6,A
464135,Feminino,Sim,68,Sim,Advogado,0.0,Alto,2.0,Cat_6,B
467586,Masculino,Sim,35,Sim,Ator/Atriz,3.0,Medio,3.0,Cat_6,B
460794,Feminino,Sim,39,Sim,Do Lar,9.0,Baixo,1.0,Cat_6,D
460155,Feminino,Sim,53,Sim,Ator/Atriz,2.0,Alto,2.0,Cat_2,C
464606,Masculino,Sim,41,Sim,Ator/Atriz,1.0,Medio,2.0,Cat_6,C
465856,Masculino,Sim,41,Sim,Ator/Atriz,11.0,Alto,2.0,Cat_6,A
463214,Feminino,Nao,25,Nao,Engenheiro,1.0,Baixo,1.0,Cat_6,A
462848,Feminino,Sim,23,Nao,Enfermeiro,7.0,Alto,2.0,Cat_6,B
461666,Feminino,Sim,35,Sim,Ator/Atriz,0.0,Alto,2.0,Cat_7,C
459773,Masculino,Sim,51,Sim,Executivo,1.0,Baixo,3.0,Cat_6,C
463647,Feminino,Nao,38,Sim,Engenheiro,1.0,Baixo,1.0,Cat_6,A
464156,Masculino,Sim,62,Sim,Ator/Atriz,10.0,Baixo,1.0,Cat_6,B
463139,Masculino,Sim,60,Sim,Executivo,1.0,Alto,6.0,Cat_2,B
464355,Masculino,Sim,47,Sim,Executivo,1.0,Alto,4.0,Cat_6,C
462183,Masculino,Nao,22,Nao,Marketing,0.0,Baixo,4.0,Cat_6,D
466697,Feminino,Nao,31,Nao,Marketing,0.0,Baixo,3.0,Cat_6,D
466730,Feminino,Sim,38,Sim,Engenheiro,3.0,Baixo,2.0,Cat_6,A
466394,Feminino,Sim,42,Nao,Entretenimento,6.0,Medio,5.0,Cat_6,A
459009,Feminino,Sim,50,Sim,Ator/Atriz,1.0,Medio,3.0,Cat_6,C
460554,Masculino,Sim,38,Nao,Ator/Atriz,5.0,Medio,3.0,Cat_3,B
462498,Feminino,Sim,55,Sim,Medico,0.0,Medio,3.0,Cat_6,B
459926,Feminino,Sim,71,Sim,Ator/Atriz,1.0,Medio,2.0,Cat_6,C
465910,Masculino,Sim,38,Nao,Ator/Atriz,10.0,Medio,4.0,Cat_7,A
459166,Masculino,Sim,77,Sim,Ator/Atriz,1.0,Baixo,1.0,Cat_6,A
462545,Masculino,Nao,33,Nao,Engenheiro,1.0,Baixo,3.0,Cat_4,D
459406,Masculino,Sim,72,Nao,Executivo,0.0,Alto,2.0,Cat_6,B
464772,Feminino,Sim,43,Nao,Engenheiro,9.0,Medio,4.0,Cat_4,A
465491,Feminino,Nao,35,Sim,Ator/Atriz,0.0,Baixo,3.0,Cat_6,B
463123,Feminino,Nao,33,Sim,Medico,1.0,Baixo,3.0,Cat_6,A
462015,Masculino,Sim,27,Sim,Entretenimento,0.0,Medio,2.0,Cat_6,A
461107,Masculino,Nao,21,Nao,Enfermeiro,0.0,Baixo,6.0,Cat_3,D
459265,Feminino,Sim,41,Sim,Ator/Atriz,0.0,Medio,2.0,Cat_6,C
460295,Masculino,Nao,29,Sim,Ator/Atriz,9.0,Baixo,3.0,Cat_6,A
463871,Feminino,Sim,46,Nao,Ator/Atriz,8.0,Baixo,1.0,Cat_6,B
464594,Masculino,Sim,46,Sim,Ator/Atriz,1.0,Baixo,1.0,Cat_2,D
460694,Feminino,Sim,53,Nao,Engenheiro,3.0,Baixo,1.0,Cat_6,A
464369,Masculino,Sim,36,Sim,Executivo,1.0,Alto,4.0,Cat_6,B
463983,Feminino,Sim,36,Nao,Engenheiro,0.0,Medio,2.0,Cat_4,A
465721,Masculino,Sim,25,Sim,Entretenimento,1.0,Alto,2.0,Cat_3,D
461325,Masculino,Nao,61,Sim,Entretenimento,1.0,Baixo,3.0,Cat_2,C
465335,Masculino,Sim,61,Nao,Entretenimento,1.0,Medio,2.0,Cat_7,B
461871,Masculino,Sim,53,Sim,Ator/Atriz,0.0,Medio,2.0,Cat_6,C
466296,Masculino,Sim,69,Nao,Executivo,1.0,Alto,4.0,Cat_6,C
462252,Masculino,Nao,47,Sim,Entretenimento,4.0,Baixo,1.0,Cat_6,A
460209,Feminino,Sim,26,Sim,Entretenimento,5.0,Baixo,7.0,Cat_6,D
465890,Feminino,Nao,39,Sim,Ator/Atriz,9.0,Baixo,1.0,Cat_6,B
459745,Masculino,Sim,47,Nao,Ator/Atriz,0.0,Baixo,4.0,Cat_1,A
465715,Feminino,Sim,69,Sim,Ator/Atriz,7.0,Baixo,1.0,Cat_6,A
467168,Masculino,Sim,46,Sim,Ator/Atriz,8.0,Medio,2.0,Cat_1,B
461417,Feminino,Nao,37,Sim,Medico,1.0,Baixo,3.0,Cat_6,D
462938,Feminino,Nao,50,Sim,Ator/Atriz,6.0,Baixo,1.0,Cat_6,B
463869,Feminino,Sim,52,Sim,Medico,0.0,Medio,4.0,Cat_6,C
459071,Masculino,Nao,28,Sim,Enfermeiro,5.0,Baixo,4.0,Cat_6,C
460193,Masculino,Nao,42,Sim,Entretenimento,3.0,Baixo,2.0,Cat_2,A
467961,Masculino,Sim,45,Sim,Executivo,1.0,Alto,5.0,Cat_4,B
464442,Masculino,Sim,57,Sim,Advogado,1.0,Alto,2.0,Cat_6,B
465834,Masculino,Nao,48,Sim,Entretenimento,0.0,Baixo,3.0,Cat_2,A
462857,Masculino,Nao,18,Nao,Enfermeiro,1.0,Baixo,3.0,Cat_6,D
463474,Masculino,Sim,51,Nao,Ator/Atriz,3.0,Medio,2.0,Cat_6,C
463607,Feminino,Nao,29,Sim,Engenheiro,1.0,Baixo,5.0,Cat_1,B
464874,Feminino,Sim,47,Sim,Ator/Atriz,0.0,Medio,4.0,Cat_4,C
465186,Feminino,Sim,38,Nao,Ator/Atriz,4.0,Medio,4.0,Cat_1,C
463861,Masculino,Sim,37,Sim,Ator/Atriz,1.0,Baixo,1.0,Cat_3,A
464027,Masculino,Nao,22,Nao,Enfermeiro,9.0,Baixo,4.0,Cat_6,D
460985,Feminino,Sim,61,Sim,Engenheiro,0.0,Medio,2.0,Cat_6,C
466870,Masculino,Sim,42,Sim,Ator/Atriz,0.0,Medio,2.0,Cat_6,C
466060,Masculino,Sim,60,Sim,Ator/Atriz,1.0,Medio,2.0,Cat_3,B
461273,Masculino,Sim,73,Sim,Entretenimento,1.0,Alto,4.0,Cat_6,B
461648,Feminino,Sim,49,Sim,Ator/Atriz,1.0,Baixo,1.0,Cat_6,C
467631,Masculino,Sim,72,Sim,Advogado,3.0,Alto,2.0,Cat_6,C
467804,Feminino,Sim,43,Sim,Ator/Atriz,1.0,Medio,2.0,Cat_6,C
466000,Masculino,Sim,38,Sim,Medico,5.0,Baixo,2.0,Cat_1,A
459445,Feminino,Sim,35,Sim,Ator/Atriz,0.0,Medio,3.0,Cat_6,C
466292,Feminino,Sim,82,Nao,Advogado,1.0,Alto,2.0,Cat_6,B
463804,Masculino,Sim,63,Sim,Ator/Atriz,9.0,Baixo,1.0,Cat_6,A
464081,Masculino,Sim,73,Sim,Executivo,11.0,Alto,2.0,Cat_6,C
462543,Feminino,Sim,38,Sim,Ator/Atriz,4.0,Baixo,1.0,Cat_3,B
463051,Feminino,Nao,42,Sim,Do Lar,10.0,Baixo,1.0,Cat_6,A
465893,Feminino,Sim,43,Sim,Engenheiro,0.0,Medio,2.0,Cat_6,B
466812,Masculino,Nao,31,Nao,Do Lar,14.0,Baixo,1.0,Cat_6,D
467091,Feminino,Nao,42,Sim,Entretenimento,1.0,Baixo,3.0,Cat_6,D
460268,Masculino,Sim,32,Sim,Ator/Atriz,9.0,Medio,2.0,Cat_6,B
465757,Masculino,Sim,39,Sim,Ator/Atriz,3.0,Medio,4.0,Cat_4,A
460021,Feminino,Sim,48,Sim,Ator/Atriz,0.0,Medio,4.0,Cat_6,B
463859,Masculino,Sim,39,Sim,Ator/Atriz,6.0,Medio,2.0,Cat_6,C
460053,Masculino,Sim,55,Sim,Ator/Atriz,9.0,Medio,2.0,Cat_1,C
466659,Masculino,Sim,60,Sim,Medico,1.0,Alto,2.0,Cat_3,B
466533,Feminino,Nao,51,Sim,Entretenimento,1.0,Baixo,1.0,Cat_6,A
465307,Feminino,Sim,61,Sim,Ator/Atriz,0.0,Medio,3.0,Cat_4,B
464592,Feminino,Nao,43,Sim,Ator/Atriz,1.0,Baixo,1.0,Cat_6,A
461647,Feminino,Sim,55,Sim,Ator/Atriz,2.0,Medio,3.0,Cat_6,C
467462,Feminino,Sim,43,Sim,Ator/Atriz,1.0,Medio,5.0,Cat_6,C
467594,Masculino,Sim,45,Nao,Executivo,0.0,Medio,3.0,Cat_4,B
464255,Feminino,Sim,50,Sim,Ator/Atriz,1.0,Medio,5.0,Cat_4,C
461701,Masculino,Sim,40,Nao,Ator/Atriz,1.0,Medio,2.0,Cat_5,C
466516,Masculino,Nao,19,Nao,Enfermeiro,0.0,Baixo,3.0,Cat_6,D
464036,Feminino,Nao,25,Sim,Medico,3.0,Baixo,1.0,Cat_6,A
461887,Feminino,Nao,89,Sim,Advogado,2.0,Baixo,1.0,Cat_6,D
466177,Feminino,Sim,49,Sim,Ator/Atriz,0.0,Medio,3.0,Cat_6,C
467486,Feminino,Sim,46,Sim,Engenheiro,1.0,Medio,5.0,Cat_6,B
466775,Feminino,Sim,83,Sim,Advogado,0.0,Baixo,2.0,Cat_6,C
467412,Masculino,Sim,35,Sim,Executivo,6.0,Medio,4.0,Cat_6,B
460546,Feminino,Sim,71,Sim,Advogado,1.0,Baixo,2.0,Cat_3,C
466204,Masculino,Sim,50,Sim,Ator/Atriz,0.0,Medio,3.0,Cat_6,C
459000,Masculino,Sim,58,Nao,Executivo,12.0,Alto,2.0,Cat_6,C
466781,Masculino,Sim,35,Sim,Ator/Atriz,1.0,Medio,4.0,Cat_3,A
464992,Masculino,Sim,67,Sim,Executivo,0.0,Alto,2.0,Cat_6,C
464921,Masculino,Sim,35,Nao,Medico,0.0,Medio,5.0,Cat_4,C
458982,Masculino,Sim,61,Sim,Executivo,1.0,Alto,3.0,Cat_6,C
461045,Feminino,Nao,29,Nao,Entretenimento,0.0,Baixo,2.0,Cat_3,B
459346,Masculino,Sim,47,Sim,Executivo,0.0,Medio,5.0,Cat_2,B
464183,Feminino,Nao,37,Nao,Ator/Atriz,4.0,Baixo,2.0,Cat_6,C
466642,Masculino,Nao,18,Nao,Enfermeiro,9.0,Baixo,3.0,Cat_6,D
460519,Feminino,Nao,23,Nao,Entretenimento,0.0,Baixo,2.0,Cat_3,C
462687,Masculino,Nao,29,Nao,Do Lar,11.0,Baixo,3.0,Cat_3,D
467921,Feminino,Nao,43,Sim,Ator/Atriz,1.0,Baixo,4.0,Cat_6,A
460863,Masculino,Sim,66,Sim,Ator/Atriz,0.0,Baixo,5.0,Cat_6,A
464168,Masculino,Sim,45,Sim,Executivo,1.0,Alto,3.0,Cat_6,C
464819,Feminino,Sim,67,Sim,Advogado,1.0,Baixo,1.0,Cat_4,A
465718,Feminino,Sim,49,Sim,Marketing,9.0,Baixo,2.0,Cat_6,C
461025,Masculino,Sim,38,Nao,Executivo,1.0,Alto,4.0,Cat_6,D
466243,Feminino,Sim,38,Nao,Engenheiro,1.0,Baixo,2.0,Cat_4,A
463059,Feminino,Nao,32,Sim,Do Lar,10.0,Baixo,1.0,Cat_6,D
466962,Masculino,Sim,48,Sim,Ator/Atriz,8.0,Medio,2.0,Cat_6,C
463067,Feminino,Nao,42,Sim,Do Lar,7.0,Baixo,1.0,Cat_6,A
465755,Feminino,Nao,50,Sim,Ator/Atriz,8.0,Baixo,3.0,Cat_6,C
466301,Masculino,Sim,50,Sim,Ator/Atriz,0.0,Medio,3.0,Cat_2,C
467884,Feminino,Sim,30,Sim,Engenheiro,8.0,Alto,6.0,Cat_4,D
459315,Feminino,Sim,27,Sim,Medico,1.0,Baixo,2.0,Cat_4,D
465343,Feminino,Sim,43,Sim,Engenheiro,1.0,Medio,4.0,Cat_6,B
467772,Feminino,Nao,25,Nao,Marketing,1.0,Baixo,2.0,Cat_6,D
460292,Feminino,Nao,27,Sim,Marketing,12.0,Baixo,3.0,Cat_6,A
466566,Masculino,Nao,43,Sim,Ator/Atriz,1.0,Baixo,1.0,Cat_6,B
459500,Masculino,Sim,37,Sim,Entretenimento,1.0,Medio,4.0,Cat_6,B
460267,Feminino,Nao,27,Sim,Enfermeiro,1.0,Baixo,9.0,Cat_6,C
467298,Masculino,Sim,61,Sim,Enfermeiro,1.0,Baixo,2.0,Cat_6,A
467095,Masculino,Sim,41,Nao,Engenheiro,0.0,Medio,2.0,Cat_7,C
465919,Feminino,Nao,50,Sim,Ator/Atriz,0.0,Baixo,1.0,Cat_6,B
461835,Feminino,Sim,60,Sim,Ator/Atriz,1.0,Medio,2.0,Cat_6,C
461302,Masculino,Nao,20,Nao,Enfermeiro,0.0,Baixo,4.0,Cat_6,D
461275,Masculino,Sim,66,Sim,Marketing,1.0,Alto,2.0,Cat_6,B
463115,Masculino,Sim,36,Sim,Do Lar,5.0,Baixo,1.0,Cat_6,D
466362,Masculino,Sim,65,Sim,Advogado,1.0,Alto,2.0,Cat_6,B
463490,Masculino,Nao,20,Nao,Enfermeiro,1.0,Baixo,4.0,Cat_6,D
463836,Feminino,Sim,38,Sim,Ator/Atriz,0.0,Baixo,1.0,Cat_6,B
459923,Masculino,Nao,31,Sim,Marketing,0.0,Baixo,2.0,Cat_3,D
464164,Feminino,Sim,81,Sim,Advogado,0.0,Alto,2.0,Cat_6,C
460298,Feminino,Nao,52,Sim,Advogado,4.0,Baixo,1.0,Cat_6,A
467819,Masculino,Sim,57,Sim,Ator/Atriz,0.0,Baixo,1.0,Cat_3,B
460722,Masculino,Sim,30,Nao,Entretenimento,1.0,Medio,3.0,Cat_3,A
466407,Masculino,Sim,55,Nao,Entretenimento,1.0,Baixo,3.0,Cat_4,A
462411,Masculino,Nao,38,Sim,Ator/Atriz,8.0,Baixo,1.0,Cat_6,A
466198,Masculino,Sim,70,Nao,Advogado,0.0,Alto,2.0,Cat_3,C
462153,Masculino,Sim,59,Nao,Ator/Atriz,0.0,Baixo,1.0,Cat_6,B
467180,Masculino,Sim,39,Sim,Enfermeiro,1.0,Baixo,3.0,Cat_3,D
461481,Feminino,Sim,58,Sim,Ator/Atriz,9.0,Medio,3.0,Cat_6,C
464589,Masculino,Sim,30,Nao,Entretenimento,11.0,Baixo,2.0,Cat_5,D
461471,Feminino,Sim,73,Sim,Ator/Atriz,1.0,Medio,2.0,Cat_6,C
464146,Masculino,Nao,38,Sim,Entretenimento,1.0,Baixo,2.0,Cat_6,A
459589,Masculino,Nao,25,Nao,Enfermeiro,1.0,Baixo,5.0,Cat_6,D
459829,Masculino,Sim,53,Sim,Ator/Atriz,3.0,Alto,3.0,Cat_7,D
463314,Feminino,Nao,27,Nao,Enfermeiro,0.0,Baixo,4.0,Cat_3,A
459723,Masculino,Sim,49,Sim,Ator/Atriz,6.0,Medio,2.0,Cat_6,C
459122,Feminino,Sim,51,Sim,Ator/Atriz,6.0,Medio,5.0,Cat_6,C
462221,Masculino,Nao,33,Nao,Enfermeiro,0.0,Baixo,7.0,Cat_4,D
462694,Masculino,Sim,61,Sim,Entretenimento,6.0,Medio,2.0,Cat_6,A
466757,Feminino,Sim,47,Nao,Engenheiro,0.0,Baixo,1.0,Cat_6,A
464413,Feminino,Sim,36,Sim,Engenheiro,0.0,Baixo,1.0,Cat_3,B
466425,Masculino,Sim,32,Sim,Entretenimento,1.0,Medio,2.0,Cat_3,A
460474,Feminino,Sim,40,Nao,Do Lar,9.0,Medio,5.0,Cat_4,A
467261,Feminino,Sim,77,Sim,Advogado,0.0,Alto,2.0,Cat_6,C
463322,Feminino,Sim,72,Sim,Advogado,1.0,Alto,4.0,Cat_2,B
466193,Masculino,Sim,84,Nao,Advogado,0.0,Baixo,1.0,Cat_6,A
459738,Masculino,Sim,32,Sim,Ator/Atriz,1.0,Baixo,2.0,Cat_6,D
459008,Feminino,Sim,52,Sim,Ator/Atriz,1.0,Medio,3.0,Cat_6,B
461250,Feminino,Sim,47,Sim,Advogado,2.0,Alto,4.0,Cat_6,D
461926,Feminino,Sim,63,Sim,Ator/Atriz,4.0,Medio,4.0,Cat_6,C
459578,Masculino,Sim,35,Sim,Executivo,2.0,Medio,5.0,Cat_6,B
466003,Feminino,Sim,27,Sim,Marketing,9.0,Baixo,1.0,Cat_3,C
465460,Masculino,Nao,49,Sim,Ator/Atriz,0.0,Baixo,1.0,Cat_6,B
462862,Feminino,Nao,31,Nao,Do Lar,8.0,Baixo,1.0,Cat_6,D
465084,Masculino,Sim,61,Sim,Executivo,5.0,Alto,2.0,Cat_6,C
465777,Feminino,Nao,30,Sim,Ator/Atriz,9.0,Baixo,5.0,Cat_6,A
466688,Masculino,Nao,23,Nao,Enfermeiro,1.0,Baixo,3.0,Cat_4,D
461029,Masculino,Sim,42,Nao,Entretenimento,8.0,Baixo,2.0,Cat_4,A
464812,Feminino,Sim,48,Sim,Engenheiro,0.0,Alto,5.0,Cat_4,A
465099,Masculino,Sim,39,Nao,Entretenimento,0.0,Medio,2.0,Cat_6,C
465730,Masculino,Sim,43,Sim,Executivo,6.0,Alto,3.0,Cat_4,A
462138,Feminino,Sim,56,Sim,Ator/Atriz,1.0,Baixo,2.0,Cat_6,B
460332,Masculino,Nao,28,Sim,Enfermeiro,0.0,Baixo,5.0,Cat_6,D
462342,Feminino,Sim,71,Sim,Advogado,8.0,Alto,2.0,Cat_6,C
459007,Feminino,Sim,42,Sim,Ator/Atriz,1.0,Medio,3.0,Cat_6,C
465130,Feminino,Sim,50,Sim,Ator/Atriz,0.0,Medio,9.0,Cat_6,C
459702,Feminino,Sim,62,Sim,Advogado,1.0,Baixo,3.0,Cat_6,A
461401,Masculino,Sim,43,Sim,Ator/Atriz,1.0,Medio,3.0,Cat_6,A
463916,Feminino,Nao,32,Nao,Engenheiro,9.0,Baixo,4.0,Cat_5,A
459938,Masculino,Nao,61,Sim,Ator/Atriz,1.0,Baixo,1.0,Cat_6,B
460199,Feminino,Sim,39,Sim,Entretenimento,5.0,Baixo,2.0,Cat_6,B
466684,Feminino,Sim,46,Sim,Ator/Atriz,0.0,Medio,2.0,Cat_1,C
465978,Masculino,Sim,50,Sim,Ator/Atriz,1.0,Medio,3.0,Cat_6,B
465682,Masculino,Sim,39,Sim,Ator/Atriz,0.0,Baixo,4.0,Cat_4,A
462693,Feminino,Nao,35,Sim,Ator/Atriz,1.0,Baixo,1.0,Cat_6,A
459952,Feminino,Nao,35,Sim,Entretenimento,7.0,Baixo,2.0,Cat_6,A
466450,Feminino,Nao,33,Sim,Enfermeiro,1.0,Baixo,1.0,Cat_6,D
466556,Masculino,Nao,21,Nao,Enfermeiro,1.0,Baixo,3.0,Cat_6,D
459932,Feminino,Nao,46,Sim,Ator/Atriz,9.0,Baixo,1.0,Cat_6,B
460420,Feminino,Nao,37,Sim,Ator/Atriz,1.0,Baixo,1.0,Cat_6,A
460123,Feminino,Sim,33,Sim,Engenheiro,9.0,Baixo,2.0,Cat_6,D
462357,Masculino,Nao,25,Sim,Ator/Atriz,1.0,Baixo,3.0,Cat_6,A
464094,Masculino,Sim,53,Sim,Executivo,1.0,Alto,4.0,Cat_6,B
467852,Feminino,Nao,41,Sim,Ator/Atriz,10.0,Baixo,1.0,Cat_6,B
462526,Feminino,Sim,46,Sim,Ator/Atriz,3.0,Medio,5.0,Cat_6,C
463180,Masculino,Sim,36,Sim,Ator/Atriz,0.0,Baixo,3.0,Cat_3,C
461572,Feminino,Sim,57,Sim,Ator/Atriz,0.0,Medio,3.0,Cat_2,C
464607,Feminino,Sim,49,Sim,Ator/Atriz,0.0,Medio,4.0,Cat_2,C
467751,Masculino,Sim,48,Sim,Ator/Atriz,1.0,Medio,3.0,Cat_6,C
465563,Masculino,Sim,59,Sim,Entretenimento,1.0,Medio,5.0,Cat_3,B
465589,Masculino,Sim,40,Sim,Ator/Atriz,0.0,Medio,3.0,Cat_6,A
459215,Feminino,Sim,58,Sim,Ator/Atriz,0.0,Baixo,3.0,Cat_3,C
466826,Masculino,Sim,43,Sim,Entretenimento,0.0,Baixo,2.0,Cat_6,A
461164,Feminino,Nao,39,Sim,Medico,9.0,Baixo,1.0,Cat_3,B
459305,Masculino,Sim,29,Nao,Enfermeiro,13.0,Alto,2.0,Cat_6,B
460181,Feminino,Sim,37,Sim,Marketing,9.0,Baixo,1.0,Cat_6,A
466447,Feminino,Sim,49,Sim,Ator/Atriz,0.0,Medio,4.0,Cat_7,B
467735,Masculino,Nao,26,Sim,Medico,1.0,Baixo,2.0,Cat_6,A
463755,Feminino,Sim,63,Nao,Ator/Atriz,0.0,Alto,2.0,Cat_6,B
460930,Masculino,Nao,26,Sim,Ator/Atriz,10.0,Baixo,5.0,Cat_6,D
465246,Masculino,Nao,21,Nao,Enfermeiro,1.0,Baixo,5.0,Cat_4,D
459683,Feminino,Sim,56,Sim,Engenheiro,1.0,Medio,3.0,Cat_6,B
463491,Masculino,Sim,27,Sim,Medico,9.0,Medio,3.0,Cat_6,D
459985,Feminino,Nao,39,Sim,Medico,8.0,Baixo,2.0,Cat_6,B
462815,Masculino,Sim,84,Nao,Advogado,1.0,Baixo,1.0,Cat_6,A
464187,Feminino,Nao,41,Nao,Engenheiro,9.0,Baixo,1.0,Cat_6,A
467137,Feminino,Sim,59,Sim,Engenheiro,0.0,Baixo,1.0,Cat_6,D
462477,Masculino,Nao,25,Sim,Entretenimento,7.0,Baixo,3.0,Cat_6,A
463906,Feminino,Sim,40,Sim,Engenheiro,0.0,Medio,4.0,Cat_6,B
465855,Masculino,Nao,42,Sim,Ator/Atriz,1.0,Baixo,1.0,Cat_2,A
467334,Masculino,Sim,73,Nao,Executivo,0.0,Alto,2.0,Cat_6,C
461600,Masculino,Nao,30,Sim,Marketing,1.0,Baixo,5.0,Cat_6,C
465828,Feminino,Nao,29,Nao,Entretenimento,9.0,Baixo,4.0,Cat_4,D
460279,Feminino,Sim,27,Nao,Entretenimento,6.0,Alto,2.0,Cat_6,B
463136,Masculino,Sim,35,Sim,Ator/Atriz,1.0,Alto,3.0,Cat_6,B
459869,Feminino,Nao,23,Nao,Enfermeiro,1.0,Baixo,3.0,Cat_6,D
467916,Feminino,Sim,48,Sim,Ator/Atriz,6.0,Baixo,1.0,Cat_6,C
461890,Feminino,Sim,45,Sim,Ator/Atriz,0.0,Medio,2.0,Cat_6,C
466582,Feminino,Nao,23,Nao,Enfermeiro,1.0,Baixo,3.0,Cat_6,D
461076,Masculino,Nao,42,Sim,Entretenimento,1.0,Baixo,8.0,Cat_3,A
466713,Feminino,Sim,69,Sim,Ator/Atriz,1.0,Alto,4.0,Cat_6,C
460753,Feminino,Nao,33,Nao,Enfermeiro,1.0,Baixo,6.0,Cat_6,A
460262,Masculino,Nao,28,Nao,Executivo,9.0,Baixo,4.0,Cat_6,D
465249,Feminino,Nao,19,Nao,Enfermeiro,1.0,Baixo,4.0,Cat_6,D
466083,Feminino,Nao,21,Nao,Marketing,2.0,Baixo,2.0,Cat_3,D
459137,Masculino,Sim,42,Sim,Ator/Atriz,7.0,Medio,2.0,Cat_6,C
467416,Feminino,Nao,38,Sim,Medico,8.0,Baixo,1.0,Cat_4,B
463137,Feminino,Nao,31,Sim,Do Lar,8.0,Baixo,1.0,Cat_6,D
459839,Masculino,Sim,45,Nao,Engenheiro,1.0,Medio,5.0,Cat_6,B
465665,Feminino,Sim,83,Sim,Advogado,1.0,Baixo,1.0,Cat_6,A
464747,Feminino,Sim,69,Nao,Engenheiro,0.0,Medio,4.0,Cat_4,A
464920,Masculino,Nao,36,Sim,Ator/Atriz,2.0,Baixo,1.0,Cat_4,B
461638,Masculino,Sim,70,Sim,Entretenimento,0.0,Alto,2.0,Cat_6,A
467790,Masculino,Nao,21,Nao,Enfermeiro,1.0,Baixo,6.0,Cat_6,D
463402,Masculino,Nao,19,Nao,Enfermeiro,7.0,Baixo,4.0,Cat_4,D
462900,Masculino,Sim,39,Sim,Ator/Atriz,0.0,Medio,3.0,Cat_6,B
460688,Masculino,Sim,28,Nao,Medico,5.0,Baixo,2.0,Cat_3,D
466033,Feminino,Sim,40,Sim,Ator/Atriz,0.0,Medio,4.0,Cat_6,B
461440,Feminino,Sim,42,Sim,Ator/Atriz,1.0,Medio,2.0,Cat_6,C
465670,Feminino,Nao,48,Nao,Engenheiro,12.0,Baixo,1.0,Cat_4,D
463985,Feminino,Sim,29,Sim,Ator/Atriz,4.0,Baixo,2.0,Cat_1,D
466347,Masculino,Sim,71,Nao,Executivo,5.0,Baixo,3.0,Cat_4,B
459077,Feminino,Sim,82,Nao,Advogado,0.0,Alto,2.0,Cat_6,A
460339,Feminino,Sim,50,Sim,Entretenimento,4.0,Baixo,2.0,Cat_6,A
459970,Masculino,Nao,40,Sim,Ator/Atriz,1.0,Baixo,2.0,Cat_6,A
463464,Masculino,Nao,18,Nao,Enfermeiro,6.0,Baixo,4.0,Cat_6,D
459313,Masculino,Sim,42,Nao,Entretenimento,0.0,Medio,4.0,Cat_6,C
466990,Masculino,Sim,39,Sim,Entretenimento,9.0,Medio,2.0,Cat_6,B
464108,Feminino,Sim,60,Sim,Engenheiro,1.0,Medio,3.0,Cat_7,C
462261,Masculino,Sim,60,Nao,Engenheiro,0.0,Medio,3.0,Cat_6,C
463312,Masculino,Sim,40,Nao,Engenheiro,3.0,Baixo,1.0,Cat_3,A
462667,Feminino,Sim,40,Nao,Do Lar,2.0,Medio,2.0,Cat_6,A
462917,Masculino,Sim,65,Nao,Medico,1.0,Baixo,1.0,Cat_1,D
463898,Feminino,Nao,38,Sim,Enfermeiro,0.0,Baixo,2.0,Cat_6,C
459157,Masculino,Nao,37,Sim,Engenheiro,1.0,Baixo,1.0,Cat_6,D
460287,Masculino,Sim,53,Sim,Ator/Atriz,0.0,Baixo,1.0,Cat_6,B
460684,Masculino,Sim,62,Nao,Entretenimento,8.0,Baixo,2.0,Cat_3,B
462319,Masculino,Sim,47,Sim,Ator/Atriz,1.0,Medio,2.0,Cat_2,C
465128,Feminino,Sim,62,Nao,Ator/Atriz,1.0,Medio,3.0,Cat_6,B
465222,Masculino,Sim,69,Nao,Medico,8.0,Baixo,2.0,Cat_6,A
467850,Feminino,Nao,19,Nao,Enfermeiro,0.0,Baixo,2.0,Cat_4,D
465488,Masculino,Nao,18,Nao,Enfermeiro,0.0,Baixo,4.0,Cat_6,D
467672,Feminino,Sim,36,Sim,Ator/Atriz,7.0,Medio,2.0,Cat_6,C
466606,Feminino,Sim,35,Sim,Engenheiro,0.0,Baixo,3.0,Cat_3,B
461840,Masculino,Sim,47,Sim,Executivo,8.0,Alto,4.0,Cat_6,C
461284,Masculino,Nao,23,Nao,Ator/Atriz,1.0,Baixo,4.0,Cat_6,D
467878,Feminino,Sim,42,Sim,Medico,0.0,Medio,4.0,Cat_6,A
465553,Feminino,Sim,47,Sim,Ator/Atriz,8.0,Medio,4.0,Cat_3,C
463346,Masculino,Sim,40,Sim,Enfermeiro,1.0,Baixo,3.0,Cat_6,D
466232,Masculino,Sim,59,Nao,Executivo,0.0,Alto,3.0,Cat_6,C
465183,Feminino,Sim,38,Sim,Ator/Atriz,3.0,Baixo,2.0,Cat_7,C
462382,Masculino,Sim,73,Sim,Advogado,1.0,Alto,2.0,Cat_6,B
461363,Masculino,Nao,45,Sim,Ator/Atriz,0.0,Baixo,1.0,Cat_6,A
465658,Masculino,Sim,71,Sim,Ator/Atriz,0.0,Medio,4.0,Cat_6,C
460748,Feminino,Sim,60,Nao,Engenheiro,0.0,Baixo,2.0,Cat_3,A
466217,Masculino,Nao,27,Sim,Medico,0.0,Baixo,2.0,Cat_6,C
465484,Feminino,Sim,57,Sim,Ator/Atriz,0.0,Baixo,2.0,Cat_6,B
462326,Feminino,Sim,42,Sim,Ator/Atriz,4.0,Medio,2.0,Cat_6,C
459870,Masculino,Sim,49,Nao,Executivo,11.0,Alto,4.0,Cat_6,A
467676,Masculino,Sim,40,Sim,Entretenimento,8.0,Baixo,2.0,Cat_6,D
464488,Feminino,Nao,40,Sim,Ator/Atriz,5.0,Baixo,9.0,Cat_6,C
466076,Masculino,Nao,19,Nao,Enfermeiro,8.0,Baixo,3.0,Cat_6,D
462275,Masculino,Sim,42,Sim,Ator/Atriz,1.0,Medio,2.0,Cat_6,C
459396,Feminino,Nao,50,Sim,Engenheiro,0.0,Baixo,1.0,Cat_6,B
464417,Masculino,Sim,72,Nao,Entretenimento,2.0,Medio,2.0,Cat_6,C
467311,Masculino,Sim,67,Sim,Advogado,1.0,Alto,3.0,Cat_6,B
464034,Masculino,Sim,37,Sim,Entretenimento,3.0,Baixo,1.0,Cat_6,A
459886,Masculino,Sim,26,Nao,Ator/Atriz,1.0,Baixo,4.0,Cat_6,A
466435,Masculino,Sim,32,Nao,Executivo,1.0,Alto,5.0,Cat_6,D
463885,Masculino,Sim,51,Sim,Ator/Atriz,1.0,Baixo,1.0,Cat_4,A
462915,Masculino,Sim,61,Nao,Engenheiro,5.0,Medio,3.0,Cat_6,B
462824,Masculino,Sim,38,Nao,Engenheiro,0.0,Medio,3.0,Cat_4,B
460696,Masculino,Sim,73,Nao,Advogado,1.0,Baixo,1.0,Cat_6,D
461658,Feminino,Sim,62,Sim,Ator/Atriz,0.0,Medio,2.0,Cat_5,C
467142,Masculino,Sim,40,Sim,Executivo,0.0,Baixo,4.0,Cat_6,B
460127,Masculino,Nao,42,Sim,Enfermeiro,8.0,Baixo,3.0,Cat_6,D
467542,Masculino,Nao,30,Sim,Enfermeiro,9.0,Baixo,1.0,Cat_6,D
462901,Feminino,Sim,46,Nao,Do Lar,9.0,Baixo,1.0,Cat_3,A
464797,Feminino,Sim,38,Nao,Engenheiro,9.0,Medio,4.0,Cat_4,A
460867,Masculino,Sim,40,Sim,Medico,0.0,Medio,5.0,Cat_6,B
464438,Masculino,Sim,50,Nao,Entretenimento,0.0,Medio,3.0,Cat_6,C
460779,Feminino,Nao,28,Nao,Entretenimento,1.0,Baixo,2.0,Cat_3,A
460276,Feminino,Sim,37,Sim,Ator/Atriz,3.0,Baixo,2.0,Cat_6,C
466478,Feminino,Sim,51,Sim,Ator/Atriz,0.0,Medio,4.0,Cat_3,C
463834,Feminino,Sim,41,Sim,Engenheiro,1.0,Medio,4.0,Cat_6,C
465796,Feminino,Sim,65,Sim,Ator/Atriz,0.0,Medio,4.0,Cat_4,C
460654,Feminino,Sim,48,Nao,Marketing,0.0,Medio,2.0,Cat_4,D
465641,Feminino,Sim,47,Sim,Ator/Atriz,0.0,Medio,2.0,Cat_6,C
467854,Masculino,Nao,28,Sim,Ator/Atriz,9.0,Baixo,2.0,Cat_6,A
459291,Feminino,Nao,38,Sim,Entretenimento,0.0,Baixo,1.0,Cat_6,A
460749,Masculino,Nao,36,Sim,Entretenimento,1.0,Baixo,2.0,Cat_6,A
459229,Feminino,Sim,65,Sim,Advogado,0.0,Medio,4.0,Cat_6,B
466038,Feminino,Nao,27,Nao,Do Lar,9.0,Baixo,1.0,Cat_4,A
467538,Masculino,Sim,50,Sim,Ator/Atriz,0.0,Baixo,3.0,Cat_6,B
459266,Masculino,Nao,26,Sim,Enfermeiro,5.0,Baixo,5.0,Cat_6,D
467642,Masculino,Sim,46,Sim,Ator/Atriz,2.0,Medio,4.0,Cat_2,C
459579,Feminino,Sim,40,Sim,Ator/Atriz,4.0,Medio,5.0,Cat_4,B
464143,Masculino,Nao,33,Sim,Enfermeiro,9.0,Baixo,5.0,Cat_6,D
467678,Masculino,Nao,56,Nao,Marketing,1.0,Baixo,2.0,Cat_6,D
466053,Feminino,Nao,25,Nao,Medico,2.0,Baixo,1.0,Cat_4,D
467038,Masculino,Sim,61,Sim,Advogado,1.0,Alto,2.0,Cat_6,C
466822,Feminino,Sim,42,Sim,Entretenimento,0.0,Medio,4.0,Cat_3,B
464371,Masculino,Sim,49,Sim,Ator/Atriz,1.0,Baixo,4.0,Cat_3,C
462788,Masculino,Sim,48,Nao,Entretenimento,1.0,Medio,3.0,Cat_3,C
459334,Masculino,Sim,36,Sim,Enfermeiro,3.0,Baixo,3.0,Cat_6,D
465236,Masculino,Sim,47,Sim,Ator/Atriz,0.0,Baixo,1.0,Cat_6,C
461433,Masculino,Sim,70,Sim,Medico,1.0,Alto,3.0,Cat_6,C
466345,Masculino,Nao,21,Nao,Enfermeiro,1.0,Baixo,4.0,Cat_2,D
459942,Masculino,Nao,51,Sim,Ator/Atriz,5.0,Baixo,1.0,Cat_6,B
462739,Masculino,Sim,46,Sim,Ator/Atriz,0.0,Baixo,2.0,Cat_6,A
467243,Masculino,Nao,26,Sim,Enfermeiro,1.0,Baixo,3.0,Cat_6,D
463215,Feminino,Sim,37,Sim,Engenheiro,0.0,Alto,2.0,Cat_6,A
460887,Masculino,Sim,47,Sim,Entretenimento,2.0,Medio,3.0,Cat_3,B
467950,Feminino,Nao,38,Sim,Entretenimento,0.0,Baixo,2.0,Cat_6,D
460407,Feminino,Nao,36,Sim,Ator/Atriz,8.0,Baixo,1.0,Cat_6,B
466565,Masculino,Sim,29,Nao,Ator/Atriz,6.0,Medio,2.0,Cat_6,B
461590,Masculino,Sim,41,Nao,Executivo,1.0,Alto,4.0,Cat_6,B
461128,Masculino,Nao,20,Nao,Enfermeiro,7.0,Baixo,3.0,Cat_6,D
460145,Feminino,Nao,36,Sim,Ator/Atriz,0.0,Baixo,1.0,Cat_2,B
462192,Feminino,Nao,23,Nao,Enfermeiro,0.0,Baixo,6.0,Cat_4,D
467470,Masculino,Sim,53,Sim,Engenheiro,1.0,Medio,3.0,Cat_6,B
467937,Masculino,Nao,28,Sim,Medico,0.0,Baixo,3.0,Cat_6,C
466648,Masculino,Sim,36,Sim,Executivo,6.0,Alto,2.0,Cat_6,C
460866,Masculino,Nao,28,Sim,Medico,1.0,Baixo,9.0,Cat_4,B
463097,Feminino,Sim,45,Sim,Ator/Atriz,1.0,Medio,3.0,Cat_7,C
466196,Feminino,Sim,78,Sim,Advogado,6.0,Baixo,1.0,Cat_4,A
466372,Feminino,Sim,60,Sim,Ator/Atriz,1.0,Medio,5.0,Cat_6,C
459367,Feminino,Nao,22,Nao,Medico,11.0,Baixo,4.0,Cat_1,D
463390,Feminino,Sim,50,Sim,Ator/Atriz,0.0,Medio,2.0,Cat_3,C
465478,Masculino,Sim,51,Nao,Entretenimento,1.0,Baixo,3.0,Cat_6,A
461262,Feminino,Nao,27,Nao,Engenheiro,1.0,Baixo,7.0,Cat_4,A
463376,Feminino,Sim,45,Sim,Executivo,7.0,Alto,2.0,Cat_6,C
459536,Masculino,Sim,32,Sim,Enfermeiro,6.0,Baixo,2.0,Cat_6,D
466351,Feminino,Nao,22,Nao,Enfermeiro,2.0,Baixo,3.0,Cat_4,D
465916,Masculino,Nao,42,Sim,Ator/Atriz,3.0,Baixo,1.0,Cat_6,B
461867,Masculino,Nao,30,Sim,Ator/Atriz,0.0,Baixo,4.0,Cat_6,A
461236,Feminino,Nao,30,Sim,Enfermeiro,9.0,Baixo,1.0,Cat_6,D
461330,Masculino,Sim,60,Nao,Executivo,0.0,Alto,2.0,Cat_6,C
466271,Masculino,Nao,33,Nao,Entretenimento,1.0,Baixo,3.0,Cat_2,B
463511,Feminino,Nao,27,Sim,Ator/Atriz,1.0,Baixo,1.0,Cat_3,B
462567,Feminino,Nao,36,Nao,Engenheiro,0.0,Baixo,1.0,Cat_6,A
460278,Masculino,Sim,29,Sim,Ator/Atriz,0.0,Baixo,5.0,Cat_4,A
467841,Feminino,Nao,18,Nao,Enfermeiro,2.0,Baixo,5.0,Cat_6,D
465167,Feminino,Sim,42,Sim,Ator/Atriz,9.0,Medio,3.0,Cat_3,C
464161,Masculino,Sim,83,Nao,Advogado,1.0,Baixo,1.0,Cat_6,A
463462,Feminino,Sim,41,Nao,Engenheiro,0.0,Medio,4.0,Cat_6,A
459963,Feminino,Nao,40,Sim,Engenheiro,9.0,Baixo,1.0,Cat_7,A
459172,Masculino,Nao,21,Nao,Enfermeiro,3.0,Baixo,3.0,Cat_2,D
467475,Feminino,Sim,66,Sim,Ator/Atriz,0.0,Medio,3.0,Cat_6,C
464303,Masculino,Sim,43,Nao,Ator/Atriz,0.0,Medio,2.0,Cat_3,B
461308,Masculino,Nao,18,Nao,Enfermeiro,0.0,Baixo,2.0,Cat_6,D
460149,Masculino,Sim,50,Sim,Ator/Atriz,1.0,Baixo,2.0,Cat_6,C
459955,Masculino,Nao,47,Sim,Engenheiro,1.0,Baixo,2.0,Cat_6,D
463668,Feminino,Nao,29,Nao,Engenheiro,0.0,Baixo,6.0,Cat_4,C
463424,Feminino,Sim,62,Sim,Ator/Atriz,5.0,Medio,5.0,Cat_6,C
462767,Masculino,Nao,21,Nao,Enfermeiro,2.0,Baixo,4.0,Cat_6,D
465736,Feminino,Nao,36,Sim,Ator/Atriz,8.0,Baixo,2.0,Cat_3,B
461449,Feminino,Sim,38,Sim,Ator/Atriz,5.0,Alto,3.0,Cat_4,B
464531,Masculino,Sim,38,Nao,Engenheiro,0.0,Alto,6.0,Cat_4,A
467007,Feminino,Sim,35,Nao,Engenheiro,0.0,Alto,1.0,Cat_6,A
460190,Feminino,Nao,30,Sim,Entretenimento,9.0,Baixo,3.0,Cat_6,D
466149,Feminino,Nao,30,Nao,Medico,3.0,Baixo,4.0,Cat_6,A
464214,Masculino,Nao,28,Sim,Enfermeiro,1.0,Baixo,3.0,Cat_6,D
461211,Feminino,Nao,53,Sim,Entretenimento,0.0,Baixo,1.0,Cat_6,A
467430,Masculino,Sim,48,Sim,Ator/Atriz,4.0,Medio,2.0,Cat_6,C
462624,Masculino,Sim,31,Nao,Entretenimento,1.0,Baixo,6.0,Cat_4,D
461542,Masculino,Nao,26,Sim,Ator/Atriz,5.0,Baixo,1.0,Cat_1,B
465302,Feminino,Sim,57,Sim,Ator/Atriz,1.0,Alto,3.0,Cat_2,B
460291,Feminino,Sim,37,Sim,Ator/Atriz,6.0,Baixo,2.0,Cat_6,B
460742,Masculino,Nao,52,Sim,Ator/Atriz,0.0,Baixo,3.0,Cat_6,B
464350,Feminino,Sim,86,Sim,Advogado,0.0,Alto,2.0,Cat_6,C
466325,Feminino,Nao,25,Nao,Marketing,1.0,Baixo,2.0,Cat_3,A
464353,Feminino,Nao,51,Sim,Ator/Atriz,0.0,Baixo,1.0,Cat_6,A
463172,Masculino,Sim,32,Nao,Entretenimento,2.0,Baixo,2.0,Cat_3,A
467136,Masculino,Sim,41,Nao,Entretenimento,0.0,Medio,4.0,Cat_4,A
466693,Masculino,Nao,23,Nao,Enfermeiro,0.0,Baixo,2.0,Cat_6,D
461727,Feminino,Nao,52,Sim,Ator/Atriz,1.0,Baixo,3.0,Cat_6,C
461160,Masculino,Sim,49,Sim,Ator/Atriz,1.0,Baixo,2.0,Cat_3,A
461360,Feminino,Sim,30,Sim,Enfermeiro,0.0,Medio,4.0,Cat_6,D
466900,Feminino,Sim,46,Sim,Ator/Atriz,9.0,Medio,4.0,Cat_6,C
467166,Feminino,Sim,25,Nao,Do Lar,8.0,Medio,2.0,Cat_6,D
460541,Feminino,Sim,36,Sim,Do Lar,1.0,Medio,3.0,Cat_3,D
466622,Feminino,Nao,47,Sim,Entretenimento,1.0,Baixo,1.0,Cat_6,A
465971,Masculino,Sim,57,Sim,Ator/Atriz,0.0,Baixo,1.0,Cat_6,D
466909,Masculino,Sim,61,Sim,Ator/Atriz,0.0,Baixo,2.0,Cat_6,B
462288,Masculino,Sim,39,Sim,Ator/Atriz,0.0,Medio,2.0,Cat_4,C
464627,Masculino,Sim,37,Sim,Ator/Atriz,0.0,Baixo,4.0,Cat_3,A
460205,Masculino,Sim,55,Sim,Ator/Atriz,4.0,Baixo,2.0,Cat_6,B
460854,Feminino,Nao,22,Nao,Marketing,1.0,Baixo,2.0,Cat_1,D
463725,Masculino,Sim,46,Sim,Ator/Atriz,1.0,Baixo,2.0,Cat_6,C
461694,Masculino,Nao,32,Sim,Medico,0.0,Baixo,4.0,Cat_4,D
465917,Masculino,Nao,36,Sim,Ator/Atriz,13.0,Baixo,1.0,Cat_6,B
463604,Masculino,Nao,23,Nao,Enfermeiro,2.0,Baixo,3.0,Cat_2,D
467473,Masculino,Nao,18,Nao,Enfermeiro,2.0,Baixo,3.0,Cat_6,D
465089,Masculino,Sim,71,Nao,Executivo,0.0,Alto,4.0,Cat_6,C
467491,Masculino,Sim,47,Sim,Ator/Atriz,1.0,Medio,4.0,Cat_6,C
461418,Masculino,Nao,45,Sim,Ator/Atriz,0.0,Baixo,4.0,Cat_6,A
464540,Feminino,Sim,42,Sim,Engenheiro,1.0,Medio,4.0,Cat_4,A
462985,Masculino,Sim,32,Sim,Medico,9.0,Medio,3.0,Cat_6,A
465921,Feminino,Nao,25,Sim,Ator/Atriz,8.0,Baixo,1.0,Cat_6,B
459672,Masculino,Sim,47,Nao,Ator/Atriz,3.0,Medio,3.0,Cat_6,C
465815,Masculino,Sim,41,Nao,Medico,0.0,Medio,2.0,Cat_4,A
459379,Feminino,Nao,19,Nao,Enfermeiro,3.0,Baixo,3.0,Cat_6,D
458988,Feminino,Nao,29,Nao,Marketing,2.0,Baixo,3.0,Cat_6,D
466583,Feminino,Sim,38,Sim,Medico,0.0,Medio,2.0,Cat_6,A
467951,Masculino,Nao,31,Sim,Entretenimento,1.0,Baixo,3.0,Cat_6,A
461742,Masculino,Sim,87,Sim,Executivo,1.0,Alto,2.0,Cat_6,C
466321,Masculino,Sim,41,Sim,Entretenimento,2.0,Baixo,2.0,Cat_4,C
464102,Feminino,Sim,63,Sim,Ator/Atriz,7.0,Medio,3.0,Cat_6,C
467657,Masculino,Nao,23,Nao,Enfermeiro,0.0,Baixo,4.0,Cat_3,D
467203,Feminino,Sim,36,Sim,Ator/Atriz,5.0,Medio,2.0,Cat_6,C
460329,Masculino,Nao,45,Sim,Entretenimento,6.0,Baixo,2.0,Cat_6,A
465926,Masculino,Sim,26,Sim,Enfermeiro,6.0,Baixo,2.0,Cat_6,D
467635,Feminino,Nao,41,Sim,Ator/Atriz,9.0,Baixo,1.0,Cat_6,B
461127,Masculino,Nao,23,Nao,Enfermeiro,1.0,Baixo,5.0,Cat_4,D
462486,Masculino,Sim,51,Sim,Executivo,1.0,Medio,5.0,Cat_6,C
463011,Feminino,Sim,81,Sim,Do Lar,0.0,Alto,2.0,Cat_6,B
464715,Masculino,Sim,61,Nao,Marketing,1.0,Medio,4.0,Cat_4,D
462725,Masculino,Sim,77,Sim,Advogado,0.0,Alto,2.0,Cat_6,B
465325,Feminino,Sim,50,Sim,Ator/Atriz,4.0,Baixo,2.0,Cat_6,B
464699,Masculino,Nao,29,Nao,Medico,1.0,Baixo,5.0,Cat_4,D
465270,Feminino,Sim,43,Sim,Ator/Atriz,0.0,Medio,4.0,Cat_6,C
463189,Feminino,Sim,69,Sim,Engenheiro,1.0,Baixo,1.0,Cat_4,A
460162,Feminino,Nao,21,Nao,Enfermeiro,1.0,Baixo,4.0,Cat_2,D
466244,Feminino,Nao,30,Nao,Enfermeiro,3.0,Baixo,3.0,Cat_4,B
466403,Feminino,Sim,49,Nao,Engenheiro,1.0,Medio,4.0,Cat_6,A
459156,Feminino,Sim,81,Sim,Advogado,1.0,Alto,2.0,Cat_6,A
463944,Masculino,Nao,29,Nao,Ator/Atriz,0.0,Baixo,5.0,Cat_4,A
466888,Masculino,Sim,50,Sim,Entretenimento,1.0,Baixo,1.0,Cat_6,A
461430,Masculino,Sim,57,Sim,Ator/Atriz,1.0,Medio,2.0,Cat_3,C
464489,Masculino,Sim,45,Sim,Ator/Atriz,0.0,Medio,3.0,Cat_6,C
464738,Feminino,Sim,66,Nao,Engenheiro,0.0,Medio,2.0,Cat_4,A
459953,Masculino,Sim,53,Sim,Ator/Atriz,9.0,Baixo,2.0,Cat_6,B
465318,Masculino,Nao,21,Nao,Medico,6.0,Baixo,6.0,Cat_7,C
461959,Feminino,Sim,62,Sim,Ator/Atriz,0.0,Baixo,2.0,Cat_6,C
467237,Masculino,Sim,82,Sim,Advogado,0.0,Alto,2.0,Cat_6,D
461756,Feminino,Sim,35,Sim,Engenheiro,0.0,Medio,2.0,Cat_4,C
463433,Feminino,Sim,50,Sim,Medico,0.0,Baixo,3.0,Cat_6,C
465724,Masculino,Nao,35,Sim,Ator/Atriz,9.0,Baixo,2.0,Cat_3,A
466904,Masculino,Sim,55,Sim,Ator/Atriz,0.0,Medio,2.0,Cat_6,C
462463,Masculino,Sim,61,Nao,Ator/Atriz,1.0,Medio,2.0,Cat_6,C
461515,Masculino,Sim,26,Nao,Ator/Atriz,0.0,Baixo,2.0,Cat_6,A
464192,Feminino,Sim,61,Nao,Advogado,0.0,Alto,3.0,Cat_6,D
467904,Feminino,Nao,25,Sim,Ator/Atriz,13.0,Baixo,1.0,Cat_6,A
460921,Masculino,Sim,45,Nao,Executivo,1.0,Alto,3.0,Cat_6,C
464842,Masculino,Nao,35,Sim,Ator/Atriz,0.0,Baixo,2.0,Cat_4,A
467733,Masculino,Sim,62,Nao,Executivo,9.0,Alto,3.0,Cat_6,B
460142,Feminino,Sim,53,Sim,Ator/Atriz,0.0,Medio,3.0,Cat_6,B
461504,Feminino,Sim,49,Sim,Ator/Atriz,9.0,Baixo,2.0,Cat_6,B
460174,Feminino,Nao,43,Sim,Ator/Atriz,8.0,Baixo,4.0,Cat_6,C
461965,Masculino,Nao,19,Nao,Enfermeiro,0.0,Baixo,6.0,Cat_6,D
463998,Feminino,Nao,27,Nao,Engenheiro,0.0,Baixo,3.0,Cat_6,B
462821,Masculino,Nao,18,Nao,Enfermeiro,0.0,Baixo,3.0,Cat_1,D
463787,Feminino,Sim,43,Sim,Ator/Atriz,1.0,Baixo,2.0,Cat_5,C
460203,Feminino,Sim,36,Sim,Entretenimento,8.0,Baixo,1.0,Cat_6,A
460104,Masculino,Nao,53,Sim,Entretenimento,1.0,Baixo,3.0,Cat_4,A
465434,Feminino,Nao,26,Sim,Enfermeiro,1.0,Baixo,7.0,Cat_2,B
461259,Masculino,Nao,59,Sim,Entretenimento,0.0,Baixo,1.0,Cat_4,A
465797,Masculino,Sim,36,Sim,Ator/Atriz,1.0,Medio,2.0,Cat_2,C
466373,Masculino,Sim,63,Sim,Executivo,1.0,Alto,1.0,Cat_6,B
464495,Feminino,Nao,33,Nao,Marketing,1.0,Baixo,9.0,Cat_6,C
462329,Masculino,Sim,42,Nao,Executivo,2.0,Alto,4.0,Cat_6,C
463508,Feminino,Sim,31,Nao,Ator/Atriz,0.0,Baixo,3.0,Cat_6,A
462062,Masculino,Nao,22,Nao,Enfermeiro,0.0,Baixo,3.0,Cat_7,D
466150,Masculino,Sim,51,Sim,Ator/Atriz,1.0,Baixo,2.0,Cat_6,B
466220,Masculino,Nao,42,Sim,Medico,8.0,Baixo,1.0,Cat_2,B
464648,Masculino,Sim,28,Nao,Executivo,0.0,Alto,4.0,Cat_4,A
464167,Masculino,Sim,53,Sim,Executivo,4.0,Alto,3.0,Cat_6,C
465012,Masculino,Sim,62,Nao,Executivo,0.0,Alto,4.0,Cat_6,B
464584,Feminino,Nao,27,Sim,Enfermeiro,9.0,Baixo,1.0,Cat_6,D
463258,Feminino,Sim,53,Sim,Ator/Atriz,1.0,Medio,3.0,Cat_6,A
467765,Masculino,Sim,28,Nao,Entretenimento,9.0,Alto,4.0,Cat_6,D
463687,Feminino,Nao,31,Nao,Enfermeiro,0.0,Baixo,5.0,Cat_2,D
461477,Feminino,Nao,31,Sim,Enfermeiro,0.0,Baixo,3.0,Cat_2,C
465017,Masculino,Sim,52,Sim,Executivo,1.0,Alto,4.0,Cat_6,C
462430,Masculino,Sim,42,Sim,Executivo,1.0,Alto,3.0,Cat_6,C
462897,Masculino,Nao,33,Sim,Enfermeiro,3.0,Baixo,2.0,Cat_2,D
466136,Feminino,Nao,19,Sim,Ator/Atriz,0.0,Baixo,2.0,Cat_6,A
466989,Feminino,Sim,40,Sim,Ator/Atriz,9.0,Medio,2.0,Cat_2,B
462428,Masculino,Sim,67,Sim,Entretenimento,2.0,Medio,3.0,Cat_6,C
462446,Masculino,Nao,22,Nao,Enfermeiro,0.0,Baixo,4.0,Cat_6,D
467254,Feminino,Sim,45,Sim,Ator/Atriz,9.0,Baixo,2.0,Cat_6,B
464077,Feminino,Sim,60,Sim,Ator/Atriz,4.0,Alto,2.0,Cat_6,C
465808,Masculino,Sim,41,Sim,Ator/Atriz,0.0,Medio,3.0,Cat_3,D
464660,Masculino,Nao,29,Sim,Entretenimento,0.0,Baixo,5.0,Cat_4,C
465430,Masculino,Nao,28,Nao,Enfermeiro,4.0,Baixo,5.0,Cat_7,C
460493,Masculino,Nao,42,Sim,Entretenimento,2.0,Baixo,1.0,Cat_3,B
459170,Feminino,Nao,36,Sim,Ator/Atriz,0.0,Baixo,1.0,Cat_6,B
461219,Feminino,Nao,28,Sim,Enfermeiro,8.0,Baixo,3.0,Cat_6,D
467054,Masculino,Nao,23,Nao,Enfermeiro,1.0,Baixo,3.0,Cat_6,D
465107,Masculino,Sim,81,Nao,Executivo,0.0,Baixo,1.0,Cat_6,D
459274,Feminino,Sim,82,Sim,Advogado,0.0,Alto,2.0,Cat_6,B
459540,Feminino,Sim,70,Sim,Advogado,0.0,Baixo,1.0,Cat_6,B
467536,Masculino,Sim,82,Nao,Executivo,1.0,Baixo,1.0,Cat_6,D
461611,Feminino,Sim,38,Sim,Ator/Atriz,5.0,Medio,2.0,Cat_6,C
466164,Feminino,Nao,43,Sim,Engenheiro,9.0,Baixo,1.0,Cat_6,A
466638,Feminino,Nao,42,Sim,Ator/Atriz,8.0,Baixo,2.0,Cat_6,B
460518,Feminino,Sim,38,Sim,Engenheiro,9.0,Medio,3.0,Cat_3,C
464115,Feminino,Nao,38,Sim,Engenheiro,0.0,Baixo,3.0,Cat_6,D
460383,Feminino,Nao,36,Sim,Engenheiro,7.0,Baixo,3.0,Cat_6,D
466943,Masculino,Nao,53,Sim,Ator/Atriz,0.0,Baixo,1.0,Cat_6,B
465988,Feminino,Sim,58,Sim,Do Lar,0.0,Alto,2.0,Cat_5,B
462503,Masculino,Sim,52,Sim,Executivo,0.0,Alto,4.0,Cat_6,C
461215,Feminino,Nao,36,Sim,Ator/Atriz,13.0,Baixo,1.0,Cat_6,D
460608,Masculino,Nao,19,Nao,Enfermeiro,6.0,Baixo,8.0,Cat_7,D
461698,Feminino,Sim,67,Sim,Ator/Atriz,0.0,Alto,2.0,Cat_6,C
465911,Feminino,Nao,28,Sim,Ator/Atriz,9.0,Baixo,1.0,Cat_6,A
462315,Masculino,Sim,65,Sim,Ator/Atriz,1.0,Medio,3.0,Cat_6,B
461563,Feminino,Sim,60,Sim,Ator/Atriz,1.0,Alto,2.0,Cat_6,C
465007,Masculino,Sim,74,Sim,Advogado,1.0,Baixo,1.0,Cat_6,D
464777,Feminino,Sim,52,Nao,Engenheiro,8.0,Medio,4.0,Cat_2,B
461480,Feminino,Sim,63,Sim,Ator/Atriz,1.0,Alto,3.0,Cat_6,C
460486,Feminino,Nao,18,Nao,Enfermeiro,12.0,Baixo,3.0,Cat_3,D
459994,Masculino,Nao,25,Nao,Entretenimento,0.0,Baixo,3.0,Cat_6,A
459042,Feminino,Sim,41,Sim,Engenheiro,1.0,Medio,3.0,Cat_6,C
461280,Masculino,Nao,20,Nao,Enfermeiro,7.0,Baixo,4.0,Cat_2,D
463070,Masculino,Sim,68,Nao,Entretenimento,1.0,Baixo,1.0,Cat_6,D
464447,Masculino,Sim,69,Sim,Ator/Atriz,0.0,Baixo,1.0,Cat_6,D
459617,Masculino,Nao,31,Sim,Entretenimento,0.0,Baixo,5.0,Cat_6,D
464714,Feminino,Nao,43,Sim,Medico,1.0,Baixo,6.0,Cat_7,C
465160,Masculino,Sim,62,Sim,Executivo,1.0,Alto,3.0,Cat_6,C
460239,Masculino,Sim,42,Sim,Ator/Atriz,5.0,Medio,2.0,Cat_6,C
465952,Masculino,Nao,25,Sim,Enfermeiro,8.0,Baixo,3.0,Cat_6,D
461005,Masculino,Nao,23,Nao,Enfermeiro,0.0,Baixo,5.0,Cat_3,D
465782,Feminino,Nao,21,Nao,Enfermeiro,5.0,Baixo,5.0,Cat_3,D
466886,Feminino,Nao,40,Nao,Marketing,1.0,Baixo,1.0,Cat_6,D
464013,Masculino,Nao,27,Nao,Enfermeiro,0.0,Baixo,1.0,Cat_6,D
466535,Masculino,Nao,26,Sim,Ator/Atriz,8.0,Baixo,1.0,Cat_6,D
466786,Masculino,Nao,32,Nao,Executivo,0.0,Baixo,2.0,Cat_3,D
460314,Feminino,Nao,39,Nao,Enfermeiro,4.0,Baixo,3.0,Cat_6,D
461088,Masculino,Sim,49,Sim,Ator/Atriz,9.0,Baixo,1.0,Cat_3,B
464653,Feminino,Sim,59,Nao,Ator/Atriz,3.0,Medio,4.0,Cat_4,A
463358,Feminino,Sim,62,Sim,Medico,4.0,Medio,3.0,Cat_6,B
466970,Feminino,Sim,36,Sim,Do Lar,9.0,Baixo,2.0,Cat_4,A
461491,Feminino,Sim,70,Sim,Ator/Atriz,8.0,Medio,2.0,Cat_6,C
464344,Feminino,Sim,58,Sim,Ator/Atriz,1.0,Baixo,1.0,Cat_6,B
463655,Masculino,Sim,39,Sim,Ator/Atriz,13.0,Baixo,2.0,Cat_6,B
463427,Feminino,Sim,29,Sim,Engenheiro,1.0,Baixo,2.0,Cat_6,D
463016,Masculino,Sim,58,Sim,Ator/Atriz,1.0,Baixo,2.0,Cat_6,B
464099,Feminino,Sim,43,Sim,Ator/Atriz,5.0,Medio,2.0,Cat_4,A
461446,Feminino,Sim,66,Sim,Advogado,1.0,Alto,2.0,Cat_6,C
460241,Masculino,Sim,40,Sim,Ator/Atriz,8.0,Medio,2.0,Cat_6,C
465567,Masculino,Sim,35,Sim,Entretenimento,1.0,Baixo,2.0,Cat_3,A
460536,Masculino,Nao,33,Nao,Engenheiro,2.0,Baixo,4.0,Cat_3,D
464366,Masculino,Sim,55,Sim,Entretenimento,2.0,Medio,2.0,Cat_6,C
459339,Masculino,Sim,28,Sim,Enfermeiro,8.0,Alto,2.0,Cat_6,A
467466,Feminino,Nao,19,Nao,Medico,6.0,Baixo,2.0,Cat_3,A
465340,Feminino,Nao,28,Sim,Ator/Atriz,3.0,Baixo,4.0,Cat_2,D
460319,Feminino,Sim,40,Nao,Medico,2.0,Medio,2.0,Cat_7,D
466542,Feminino,Sim,73,Sim,Advogado,1.0,Alto,2.0,Cat_6,B
459482,Masculino,Sim,66,Nao,Marketing,1.0,Baixo,4.0,Cat_6,D
467838,Masculino,Sim,60,Sim,Ator/Atriz,1.0,Medio,2.0,Cat_6,C
465784,Feminino,Nao,19,Nao,Enfermeiro,0.0,Baixo,4.0,Cat_3,D
464301,Feminino,Sim,51,Sim,Medico,0.0,Medio,3.0,Cat_6,B
462885,Masculino,Sim,28,Nao,Executivo,1.0,Alto,3.0,Cat_6,D
466831,Masculino,Sim,85,Sim,Ator/Atriz,1.0,Baixo,1.0,Cat_6,A
466114,Masculino,Sim,52,Sim,Entretenimento,1.0,Medio,5.0,Cat_6,C
463313,Feminino,Sim,55,Sim,Engenheiro,1.0,Baixo,1.0,Cat_3,A
461237,Masculino,Nao,30,Sim,Medico,0.0,Baixo,5.0,Cat_2,A
463184,Feminino,Sim,60,Sim,Ator/Atriz,1.0,Medio,2.0,Cat_6,C
467591,Feminino,Sim,41,Sim,Ator/Atriz,1.0,Alto,5.0,Cat_7,B
462350,Masculino,Sim,35,Sim,Ator/Atriz,1.0,Medio,2.0,Cat_6,C
466564,Feminino,Nao,23,Nao,Marketing,0.0,Baixo,4.0,Cat_6,D
465221,Masculino,Sim,88,Sim,Ator/Atriz,0.0,Alto,2.0,Cat_6,C
464157,Masculino,Sim,88,Sim,Marketing,0.0,Alto,2.0,Cat_6,C
460725,Masculino,Sim,41,Sim,Ator/Atriz,0.0,Alto,2.0,Cat_2,B
462294,Masculino,Sim,30,Nao,Enfermeiro,1.0,Medio,4.0,Cat_6,D
462336,Masculino,Sim,46,Nao,Ator/Atriz,1.0,Baixo,4.0,Cat_6,B
464137,Feminino,Sim,74,Nao,Ator/Atriz,5.0,Alto,2.0,Cat_7,C
467229,Feminino,Nao,29,Sim,Enfermeiro,0.0,Baixo,4.0,Cat_6,C
459524,Feminino,Nao,35,Sim,Ator/Atriz,1.0,Baixo,1.0,Cat_6,C
461655,Feminino,Sim,35,Sim,Do Lar,9.0,Medio,2.0,Cat_6,A
463145,Feminino,Nao,38,Sim,Do Lar,0.0,Baixo,4.0,Cat_6,B
467577,Feminino,Sim,48,Sim,Ator/Atriz,1.0,Medio,7.0,Cat_6,C
467836,Masculino,Sim,63,Nao,Executivo,1.0,Alto,3.0,Cat_6,C
463018,Feminino,Nao,40,Sim,Do Lar,9.0,Baixo,1.0,Cat_6,D
467272,Masculino,Sim,76,Sim,Advogado,8.0,Alto,2.0,Cat_6,A
467181,Feminino,Sim,50,Sim,Ator/Atriz,9.0,Baixo,2.0,Cat_6,B
460939,Feminino,Sim,87,Sim,Advogado,0.0,Baixo,2.0,Cat_6,B
465440,Masculino,Sim,62,Nao,Engenheiro,1.0,Baixo,5.0,Cat_6,D
466190,Masculino,Sim,53,Sim,Executivo,0.0,Baixo,2.0,Cat_2,C
465570,Masculino,Sim,46,Sim,Ator/Atriz,1.0,Medio,4.0,Cat_3,C
463075,Masculino,Sim,52,Sim,Ator/Atriz,0.0,Baixo,4.0,Cat_6,C
460932,Feminino,Nao,32,Sim,Medico,8.0,Baixo,1.0,Cat_6,D
459139,Feminino,Sim,53,Sim,Ator/Atriz,1.0,Medio,2.0,Cat_4,C
460277,Feminino,Nao,20,Nao,Entretenimento,1.0,Baixo,5.0,Cat_2,B
460244,Feminino,Nao,51,Sim,Medico,0.0,Baixo,3.0,Cat_6,B
465265,Feminino,Sim,56,Sim,Ator/Atriz,2.0,Medio,2.0,Cat_6,B
462207,Masculino,Nao,26,Nao,Medico,0.0,Baixo,6.0,Cat_4,D
466327,Masculino,Sim,31,Sim,Entretenimento,5.0,Medio,3.0,Cat_3,A
465330,Masculino,Nao,28,Sim,Engenheiro,0.0,Baixo,3.0,Cat_4,C
464675,Feminino,Sim,41,Nao,Medico,0.0,Medio,9.0,Cat_4,D
461386,Feminino,Sim,82,Nao,Advogado,0.0,Alto,2.0,Cat_6,B
462751,Masculino,Nao,31,Nao,Enfermeiro,3.0,Baixo,9.0,Cat_6,D
459016,Feminino,Nao,18,Nao,Enfermeiro,0.0,Baixo,6.0,Cat_6,D
461803,Feminino,Nao,33,Nao,Medico,0.0,Baixo,4.0,Cat_6,D
459277,Masculino,Sim,38,Nao,Entretenimento,0.0,Baixo,2.0,Cat_6,B
461748,Masculino,Nao,27,Sim,Enfermeiro,1.0,Baixo,5.0,Cat_6,D
464768,Feminino,Sim,43,Nao,Engenheiro,9.0,Medio,4.0,Cat_4,A
460238,Feminino,Nao,36,Sim,Ator/Atriz,9.0,Baixo,3.0,Cat_4,A
459455,Feminino,Sim,79,Sim,Advogado,1.0,Baixo,1.0,Cat_6,D
464327,Feminino,Sim,50,Sim,Ator/Atriz,9.0,Baixo,2.0,Cat_6,C
463696,Feminino,Nao,48,Sim,Marketing,0.0,Baixo,1.0,Cat_7,A
460856,Masculino,Sim,42,Sim,Ator/Atriz,0.0,Medio,3.0,Cat_3,C
462601,Feminino,Sim,67,Nao,Advogado,1.0,Alto,4.0,Cat_4,D
464515,Masculino,Nao,27,Nao,Enfermeiro,0.0,Baixo,4.0,Cat_6,D
461901,Masculino,Nao,30,Sim,Ator/Atriz,5.0,Baixo,4.0,Cat_6,C
466677,Feminino,Sim,47,Sim,Entretenimento,3.0,Medio,3.0,Cat_6,A
467809,Masculino,Sim,46,Sim,Medico,1.0,Medio,2.0,Cat_6,C
462313,Masculino,Sim,55,Sim,Ator/Atriz,1.0,Medio,2.0,Cat_4,C
461402,Feminino,Nao,32,Sim,Entretenimento,1.0,Baixo,5.0,Cat_6,D
460810,Feminino,Sim,89,Nao,Advogado,1.0,Alto,2.0,Cat_6,D
459242,Masculino,Sim,65,Sim,Executivo,0.0,Baixo,4.0,Cat_6,B
460801,Feminino,Sim,30,Nao,Entretenimento,3.0,Alto,2.0,Cat_6,A
462306,Masculino,Sim,79,Nao,Advogado,8.0,Alto,2.0,Cat_6,A
463913,Masculino,Nao,36,Sim,Medico,1.0,Baixo,1.0,Cat_6,A
465403,Feminino,Nao,27,Nao,Enfermeiro,9.0,Baixo,5.0,Cat_7,A
463759,Masculino,Sim,53,Sim,Executivo,9.0,Alto,4.0,Cat_6,C
463685,Feminino,Nao,27,Sim,Enfermeiro,1.0,Baixo,5.0,Cat_4,B
461224,Feminino,Sim,33,Sim,Medico,8.0,Alto,2.0,Cat_6,D
459504,Masculino,Sim,77,Sim,Advogado,1.0,Alto,2.0,Cat_6,A
461805,Feminino,Nao,31,Sim,Enfermeiro,1.0,Baixo,3.0,Cat_6,D
462212,Masculino,Nao,23,Nao,Engenheiro,0.0,Baixo,4.0,Cat_4,D
465381,Feminino,Nao,25,Nao,Marketing,0.0,Baixo,4.0,Cat_6,C
465389,Masculino,Sim,46,Sim,Ator/Atriz,1.0,Baixo,2.0,Cat_6,B
463162,Masculino,Sim,38,Sim,Executivo,0.0,Alto,6.0,Cat_6,A
464718,Masculino,Nao,25,Nao,Enfermeiro,0.0,Baixo,2.0,Cat_3,B
462519,Masculino,Nao,22,Nao,Enfermeiro,1.0,Baixo,5.0,Cat_4,D
459530,Feminino,Sim,37,Sim,Advogado,1.0,Alto,2.0,Cat_6,C
459444,Masculino,Sim,68,Sim,Ator/Atriz,1.0,Alto,2.0,Cat_6,C
465843,Feminino,Nao,37,Sim,Ator/Atriz,0.0,Baixo,1.0,Cat_2,B
460869,Masculino,Sim,35,Sim,Ator/Atriz,1.0,Medio,2.0,Cat_6,B
462029,Masculino,Nao,60,Nao,Entretenimento,0.0,Baixo,1.0,Cat_6,A
459865,Masculino,Sim,47,Sim,Ator/Atriz,0.0,Medio,3.0,Cat_6,C
464968,Masculino,Nao,43,Nao,Executivo,0.0,Baixo,5.0,Cat_6,A
462272,Masculino,Sim,56,Nao,Ator/Atriz,0.0,Medio,2.0,Cat_6,A
464879,Feminino,Sim,28,Sim,Medico,1.0,Medio,2.0,Cat_4,A
462684,Feminino,Nao,32,Nao,Enfermeiro,7.0,Baixo,4.0,Cat_6,D
462194,Masculino,Sim,61,Nao,Engenheiro,0.0,Baixo,3.0,Cat_4,A
465415,Masculino,Nao,31,Nao,Ator/Atriz,0.0,Baixo,7.0,Cat_2,C
465251,Masculino,Nao,19,Nao,Enfermeiro,3.0,Baixo,5.0,Cat_6,D
460733,Masculino,Nao,50,Sim,Marketing,3.0,Baixo,4.0,Cat_6,D
459418,Masculino,Sim,66,Nao,Executivo,1.0,Alto,2.0,Cat_6,D
464265,Masculino,Sim,56,Sim,Entretenimento,1.0,Baixo,2.0,Cat_6,C
463421,Masculino,Sim,53,Sim,Entretenimento,0.0,Medio,2.0,Cat_4,B
459013,Masculino,Sim,47,Sim,Ator/Atriz,3.0,Medio,4.0,Cat_6,C
466875,Feminino,Nao,36,Sim,Marketing,0.0,Baixo,2.0,Cat_3,D
463817,Feminino,Nao,33,Sim,Enfermeiro,1.0,Baixo,5.0,Cat_6,D
466139,Feminino,Sim,51,Nao,Medico,0.0,Medio,3.0,Cat_6,C
460227,Masculino,Nao,33,Nao,Enfermeiro,1.0,Baixo,3.0,Cat_6,C
464250,Masculino,Sim,53,Sim,Executivo,6.0,Alto,3.0,Cat_6,C
462118,Masculino,Nao,30,Sim,Ator/Atriz,1.0,Baixo,3.0,Cat_6,C
467235,Feminino,Nao,31,Sim,Ator/Atriz,0.0,Baixo,2.0,Cat_5,D
467648,Masculino,Sim,41,Nao,Entretenimento,2.0,Medio,5.0,Cat_6,A
466306,Masculino,Nao,18,Nao,Enfermeiro,1.0,Baixo,4.0,Cat_6,D
464739,Masculino,Sim,67,Sim,Ator/Atriz,1.0,Baixo,1.0,Cat_4,B
466121,Feminino,Sim,57,Sim,Ator/Atriz,1.0,Medio,6.0,Cat_3,C
464441,Masculino,Sim,35,Sim,Ator/Atriz,0.0,Baixo,2.0,Cat_2,A
466660,Masculino,Nao,22,Nao,Enfermeiro,1.0,Baixo,4.0,Cat_6,D
458992,Feminino,Nao,27,Sim,Marketing,0.0,Baixo,1.0,Cat_6,D
464623,Masculino,Sim,35,Sim,Entretenimento,9.0,Alto,2.0,Cat_2,A
465530,Feminino,Sim,56,Sim,Ator/Atriz,1.0,Medio,4.0,Cat_6,C
462891,Masculino,Nao,27,Nao,Enfermeiro,1.0,Baixo,3.0,Cat_6,C
459088,Feminino,Nao,20,Nao,Enfermeiro,1.0,Baixo,5.0,Cat_6,D
459911,Masculino,Nao,19,Nao,Enfermeiro,4.0,Baixo,6.0,Cat_2,D
466199,Feminino,Sim,38,Sim,Ator/Atriz,1.0,Baixo,2.0,Cat_3,C
460018,Feminino,Sim,33,Sim,Ator/Atriz,1.0,Medio,2.0,Cat_6,C
465580,Masculino,Sim,39,Nao,Executivo,6.0,Medio,2.0,Cat_4,D
466070,Feminino,Sim,61,Sim,Ator/Atriz,1.0,Medio,5.0,Cat_6,C
462471,Masculino,Nao,30,Sim,Ator/Atriz,1.0,Baixo,1.0,Cat_6,A
461759,Masculino,Sim,49,Sim,Ator/Atriz,1.0,Baixo,2.0,Cat_6,C
462048,Feminino,Nao,19,Nao,Enfermeiro,0.0,Baixo,4.0,Cat_6,D
463050,Masculino,Sim,49,Sim,Ator/Atriz,0.0,Medio,4.0,Cat_6,B
465597,Feminino,Nao,43,Sim,Entretenimento,14.0,Baixo,1.0,Cat_6,A
463940,Feminino,Nao,26,Nao,Enfermeiro,1.0,Baixo,8.0,Cat_4,C
459718,Masculino,Sim,65,Sim,Executivo,1.0,Baixo,1.0,Cat_6,B
461899,Feminino,Nao,20,Nao,Medico,1.0,Baixo,6.0,Cat_6,D
466273,Feminino,Nao,82,Nao,Advogado,0.0,Baixo,3.0,Cat_6,D
461813,Masculino,Nao,29,Sim,Enfermeiro,1.0,Baixo,2.0,Cat_3,D
462851,Masculino,Nao,19,Nao,Enfermeiro,0.0,Baixo,3.0,Cat_6,D
466860,Masculino,Nao,21,Nao,Marketing,0.0,Baixo,5.0,Cat_1,C
464617,Feminino,Nao,39,Sim,Ator/Atriz,1.0,Baixo,1.0,Cat_6,A
462228,Feminino,Nao,29,Nao,Do Lar,0.0,Baixo,4.0,Cat_4,A
460903,Masculino,Nao,30,Nao,Medico,7.0,Baixo,3.0,Cat_6,D
464518,Masculino,Sim,30,Nao,Executivo,0.0,Alto,4.0,Cat_6,D
462800,Feminino,Sim,62,Sim,Advogado,9.0,Medio,2.0,Cat_4,B
467489,Masculino,Nao,30,Sim,Enfermeiro,0.0,Baixo,1.0,Cat_6,D
467278,Feminino,Sim,84,Sim,Ator/Atriz,0.0,Alto,2.0,Cat_6,B
464601,Feminino,Nao,25,Sim,Enfermeiro,9.0,Baixo,2.0,Cat_6,D
461980,Masculino,Sim,52,Sim,Ator/Atriz,2.0,Baixo,3.0,Cat_3,A
461489,Feminino,Sim,70,Sim,Advogado,1.0,Alto,2.0,Cat_6,C
466778,Masculino,Sim,37,Sim,Entretenimento,1.0,Baixo,2.0,Cat_3,A
465621,Masculino,Nao,42,Sim,Medico,8.0,Baixo,1.0,Cat_6,C
460935,Masculino,Sim,87,Sim,Advogado,0.0,Baixo,1.0,Cat_6,D
465895,Feminino,Sim,31,Nao,Ator/Atriz,7.0,Medio,2.0,Cat_6,B
462655,Masculino,Nao,38,Sim,Entretenimento,0.0,Baixo,2.0,Cat_4,D
465100,Masculino,Sim,56,Sim,Ator/Atriz,1.0,Alto,2.0,Cat_6,C
464274,Feminino,Sim,56,Sim,Ator/Atriz,1.0,Medio,5.0,Cat_6,C
459399,Feminino,Nao,20,Nao,Medico,1.0,Baixo,2.0,Cat_6,D
466852,Feminino,Nao,23,Nao,Marketing,4.0,Baixo,4.0,Cat_6,C
464101,Masculino,Sim,62,Sim,Entretenimento,9.0,Medio,2.0,Cat_6,C
465501,Masculino,Sim,40,Sim,Ator/Atriz,13.0,Alto,1.0,Cat_4,D
466405,Feminino,Sim,43,Sim,Entretenimento,0.0,Medio,2.0,Cat_3,A
465594,Masculino,Sim,29,Nao,Executivo,4.0,Baixo,6.0,Cat_3,D
465685,Masculino,Nao,38,Sim,Enfermeiro,6.0,Baixo,2.0,Cat_3,D
461774,Feminino,Sim,81,Sim,Advogado,1.0,Alto,3.0,Cat_6,B
467341,Masculino,Nao,35,Sim,Ator/Atriz,3.0,Baixo,1.0,Cat_6,B
461612,Feminino,Nao,31,Sim,Enfermeiro,8.0,Baixo,5.0,Cat_6,C
466629,Masculino,Nao,28,Nao,Enfermeiro,1.0,Baixo,5.0,Cat_6,C
467036,Masculino,Sim,66,Nao,Advogado,0.0,Baixo,1.0,Cat_6,B
465306,Masculino,Sim,69,Nao,Executivo,0.0,Medio,4.0,Cat_2,D
465789,Masculino,Nao,18,Nao,Enfermeiro,4.0,Baixo,4.0,Cat_4,D
465422,Feminino,Sim,40,Sim,Ator/Atriz,1.0,Medio,2.0,Cat_6,C
462049,Masculino,Sim,39,Sim,Ator/Atriz,14.0,Medio,2.0,Cat_6,B
465838,Feminino,Sim,52,Nao,Medico,3.0,Medio,2.0,Cat_6,A
467379,Masculino,Sim,59,Sim,Entretenimento,0.0,Medio,2.0,Cat_6,B
465285,Feminino,Sim,32,Nao,Engenheiro,9.0,Baixo,4.0,Cat_6,D
466004,Masculino,Sim,52,Sim,Ator/Atriz,0.0,Medio,6.0,Cat_4,C
464853,Masculino,Sim,39,Nao,Executivo,8.0,Medio,4.0,Cat_4,A
467455,Feminino,Nao,37,Sim,Ator/Atriz,8.0,Baixo,2.0,Cat_6,C
465667,Masculino,Nao,23,Nao,Enfermeiro,1.0,Baixo,3.0,Cat_2,D
463437,Masculino,Sim,49,Sim,Ator/Atriz,1.0,Medio,3.0,Cat_6,B
461291,Masculino,Nao,18,Nao,Enfermeiro,0.0,Baixo,2.0,Cat_6,D
459889,Masculino,Sim,63,Sim,Do Lar,8.0,Medio,3.0,Cat_6,B
466460,Masculino,Sim,85,Nao,Advogado,1.0,Baixo,1.0,Cat_6,D
460674,Feminino,Nao,31,Sim,Entretenimento,0.0,Baixo,3.0,Cat_3,A
460132,Masculino,Nao,39,Sim,Enfermeiro,3.0,Baixo,2.0,Cat_6,D
463613,Feminino,Sim,48,Sim,Ator/Atriz,0.0,Medio,6.0,Cat_6,A
465231,Masculino,Sim,65,Nao,Ator/Atriz,0.0,Medio,2.0,Cat_6,C
463002,Masculino,Sim,41,Sim,Ator/Atriz,0.0,Alto,5.0,Cat_6,B
464685,Masculino,Nao,35,Nao,Executivo,3.0,Baixo,4.0,Cat_4,D
465406,Feminino,Nao,33,Sim,Enfermeiro,1.0,Baixo,1.0,Cat_6,D
467299,Feminino,Nao,27,Sim,Enfermeiro,1.0,Baixo,4.0,Cat_6,B
461879,Masculino,Sim,37,Sim,Executivo,0.0,Medio,3.0,Cat_4,B
