NU_INSCRICAO,TP_FAIXA_ETARIA,TP_SEXO,TP_COR_RACA,TP_ANO_CONCLUIU,TP_ENSINO,IN_TREINEIRO,NO_MUNICIPIO_PROVA,NU_NOTA_CN,NU_NOTA_CH,NU_NOTA_LC,NU_NOTA_MT,NU_NOTA_REDACAO,Q005,Q006
210058073303,5,F,2,0,1.0,0,Duque de Caxias,493.5,565.3,527.3,589.2,680.0,4,B
210059602773,3,F,1,0,1.0,0,Duque de Caxias,458.6,576.6,553.1,621.8,640.0,3,E
210059098056,2,F,1,0,1.0,0,Duque de Caxias,533.5,569.1,561.0,384.0,680.0,3,F
210058581146,2,F,1,0,1.0,0,Nova Iguaçu,483.2,594.2,592.8,569.1,780.0,8,B
210059994022,2,M,2,0,1.0,0,Duque de Caxias,374.4,593.6,580.5,657.5,800.0,3,D
210059098070,3,F,1,0,1.0,0,Niterói,569.5,624.8,588.7,633.7,880.0,2,C
210060036784,3,F,2,0,1.0,0,Duque de Caxias,472.8,403.0,445.2,389.4,420.0,4,B
210059416199,3,M,1,0,1.0,0,Duque de Caxias,536.8,589.0,494.6,610.7,740.0,3,B
210058414423,2,M,2,0,1.0,0,Duque de Caxias,457.3,507.5,576.6,333.6,340.0,3,C
210060460399,2,F,1,0,1.0,0,Duque de Caxias,427.9,455.9,460.0,493.6,660.0,4,D
210058405029,3,F,3,0,1.0,0,Maricá,554.4,637.5,582.8,589.0,620.0,4,F
210059883221,3,F,1,0,1.0,0,Nova Iguaçu,390.9,491.7,533.5,427.4,440.0,3,C
210061254675,2,M,3,0,1.0,0,Belford Roxo,448.6,386.1,502.7,501.5,560.0,4,D
210058995872,3,F,3,0,1.0,0,Nilópolis,377.5,470.0,476.6,389.9,800.0,3,B
210059416186,3,F,3,0,1.0,0,Belford Roxo,392.4,507.7,395.4,464.6,580.0,9,B
210058432017,3,F,3,0,1.0,0,Niterói,529.5,389.1,470.7,471.5,600.0,5,C
210059937406,3,F,1,0,1.0,0,São João de Meriti,578.2,645.6,636.9,650.4,980.0,4,J
210059470525,3,F,1,0,1.0,0,Niterói,482.1,605.1,554.8,628.4,900.0,3,B
210058782243,3,F,1,0,1.0,0,Niterói,425.8,432.3,465.0,420.5,520.0,4,C
210058105576,2,F,3,0,1.0,0,Duque de Caxias,465.9,525.3,543.7,450.8,700.0,3,C
210060666744,2,F,2,0,1.0,0,Duque de Caxias,486.1,493.6,482.0,677.0,560.0,3,B
210058105552,3,F,2,0,1.0,0,São João de Meriti,435.4,404.8,468.2,412.0,500.0,3,B
210060677893,3,F,1,0,1.0,0,Niterói,559.5,565.7,552.5,635.6,880.0,3,I
210059375951,4,F,1,0,1.0,0,Niterói,512.9,400.2,351.7,414.7,780.0,5,G
210059124007,3,F,3,0,1.0,0,Niterói,608.3,430.8,562.2,589.7,900.0,2,B
210058422563,3,F,3,0,1.0,0,Duque de Caxias,478.7,429.0,419.1,454.7,580.0,7,C
210059628719,2,F,1,0,1.0,0,Duque de Caxias,426.0,496.9,545.5,421.8,520.0,3,B
210060386235,3,F,1,0,1.0,0,Duque de Caxias,431.3,510.8,484.7,414.7,640.0,2,B
210059037181,3,F,2,0,1.0,0,Belford Roxo,431.3,477.6,422.4,524.2,440.0,5,A
210059052155,3,F,1,0,1.0,0,Nova Iguaçu,671.4,582.1,512.4,624.5,920.0,4,B
210059807620,4,F,2,0,1.0,0,Duque de Caxias,482.3,498.1,470.5,385.0,960.0,3,D
210059288326,4,F,3,0,1.0,0,Belford Roxo,438.6,363.9,494.1,447.7,820.0,2,B
210059641643,2,F,1,0,1.0,0,Niterói,501.5,527.0,502.9,555.5,780.0,3,C
210060022119,3,F,3,0,1.0,0,Nova Iguaçu,463.6,451.3,511.2,412.6,520.0,3,A
210058441471,3,F,1,0,1.0,0,Duque de Caxias,485.8,448.8,509.6,604.9,560.0,4,G
210060708882,2,F,3,0,1.0,0,Nova Iguaçu,487.5,571.8,547.7,372.8,580.0,3,A
210060391989,3,F,1,0,1.0,0,Niterói,436.2,523.9,482.8,350.8,520.0,6,C
210061306786,2,F,1,0,1.0,0,São João de Meriti,479.7,578.7,590.3,466.0,560.0,5,C
210061306764,2,M,1,0,1.0,0,Duque de Caxias,609.3,584.6,571.4,756.7,860.0,4,D
210060392001,3,F,1,0,1.0,0,Duque de Caxias,520.3,573.2,595.0,456.1,580.0,2,B
210058314204,3,F,1,0,1.0,0,Duque de Caxias,409.4,561.3,546.2,526.7,520.0,4,A
210059910768,2,F,3,0,1.0,0,Nova Iguaçu,406.2,393.7,405.7,440.3,600.0,2,B
210059910769,3,F,3,0,1.0,0,Nova Iguaçu,539.2,589.1,539.6,532.1,840.0,3,B
210059654659,2,M,1,0,1.0,0,Duque de Caxias,602.1,618.6,581.1,744.8,940.0,4,D
210061296740,2,F,3,0,1.0,0,Nilópolis,445.4,515.9,516.2,397.9,440.0,5,E
210058468564,3,F,1,0,1.0,0,Niterói,654.5,689.4,701.5,727.7,900.0,3,H
210058979791,2,F,1,0,1.0,0,Duque de Caxias,554.9,574.3,516.3,475.6,720.0,3,B
210058809489,2,F,3,0,1.0,0,Nilópolis,475.7,560.0,600.1,537.3,600.0,4,D
210059994109,2,M,1,0,1.0,0,Nilópolis,515.6,464.1,511.5,566.8,600.0,3,B
210060718769,3,F,3,0,1.0,0,Duque de Caxias,461.7,457.7,320.4,400.8,480.0,4,D
210060103631,2,M,3,0,1.0,0,Nilópolis,486.9,560.9,487.9,493.8,500.0,4,B
210059800942,2,F,1,0,1.0,0,São João de Meriti,507.6,584.9,555.7,480.6,640.0,3,C
210060035154,3,M,1,0,1.0,0,Nilópolis,537.0,599.4,576.9,623.1,580.0,2,B
210060759478,2,F,3,0,1.0,0,Niterói,572.9,597.3,553.6,578.7,560.0,2,D
210060159870,3,F,3,0,1.0,0,Duque de Caxias,598.5,616.9,572.0,463.2,920.0,3,D
210060022163,3,F,2,0,2.0,0,Maricá,409.4,476.8,448.7,434.6,240.0,4,B
210060144865,2,F,1,0,1.0,0,Duque de Caxias,465.2,543.4,539.6,552.7,460.0,3,D
210058486246,5,F,3,0,1.0,0,Belford Roxo,455.2,461.3,448.7,374.8,500.0,4,B
210059890112,3,F,3,0,1.0,0,Nilópolis,516.5,609.9,566.3,642.1,940.0,3,E
210059890154,2,F,1,0,1.0,0,Niterói,653.5,654.6,623.3,842.0,880.0,4,Q
210058982890,2,F,1,0,1.0,0,Niterói,456.7,503.5,490.4,485.2,880.0,4,D
210058982870,5,F,2,0,1.0,0,Belford Roxo,512.8,521.7,560.4,514.4,320.0,4,B
210059721467,3,F,1,0,1.0,0,Belford Roxo,471.0,486.9,427.0,409.0,600.0,4,B
210058954742,2,M,1,0,1.0,0,Duque de Caxias,457.3,522.5,544.2,524.4,740.0,2,A
210061163529,2,F,2,0,1.0,0,São João de Meriti,493.3,553.2,551.7,610.9,880.0,4,C
210059995299,2,F,2,0,1.0,0,Duque de Caxias,463.9,492.0,448.6,442.8,680.0,3,C
210061173322,3,F,1,0,1.0,0,Nova Iguaçu,439.4,532.0,516.8,590.1,540.0,4,D
210060368153,2,F,3,0,1.0,0,Nova Iguaçu,379.4,492.4,461.3,330.0,280.0,5,D
210061113798,3,M,1,0,1.0,0,Maricá,427.1,467.7,451.2,482.4,600.0,4,E
210059046386,3,F,1,0,1.0,0,São João de Meriti,579.6,587.8,582.6,583.0,760.0,5,D
210059994183,2,F,3,0,1.0,0,Belford Roxo,495.0,465.6,471.9,415.2,540.0,4,C
210059994158,2,M,1,0,1.0,0,Nova Iguaçu,541.5,595.6,505.1,534.3,660.0,4,C
210059486595,4,F,2,0,1.0,0,Nova Iguaçu,443.1,445.1,491.2,331.8,480.0,3,B
210060368136,2,F,2,0,1.0,0,Maricá,471.0,571.7,592.0,582.1,840.0,2,C
210059749442,2,F,1,0,1.0,0,Niterói,600.6,623.4,637.6,705.6,760.0,4,Q
210061399521,2,M,1,0,1.0,0,Nilópolis,395.8,482.5,496.3,431.6,720.0,4,G
210061389657,2,F,1,0,1.0,0,Nova Iguaçu,499.1,568.0,609.8,457.1,580.0,2,B
210060201079,2,F,3,0,1.0,0,Duque de Caxias,481.0,407.3,451.0,380.7,420.0,4,A
210059046419,2,F,1,0,1.0,0,São João de Meriti,524.0,449.1,434.4,503.9,520.0,4,B
210059359997,3,F,3,0,1.0,0,Duque de Caxias,466.0,470.9,440.4,342.2,560.0,6,B
210059912959,2,F,1,0,1.0,0,Niterói,561.2,608.1,606.6,690.9,980.0,4,P
210059218817,2,M,3,0,1.0,0,Nilópolis,505.4,564.1,544.2,572.3,880.0,3,G
210060414206,3,F,3,0,1.0,0,Nilópolis,406.3,432.6,517.3,549.2,760.0,4,D
210060423582,3,M,1,0,1.0,0,Nova Iguaçu,483.6,613.6,455.1,617.7,660.0,7,B
210059995444,3,F,1,0,1.0,0,Niterói,569.1,664.6,674.6,717.9,920.0,3,J
210060048262,2,M,3,0,1.0,0,Duque de Caxias,480.9,497.9,482.2,402.8,700.0,3,B
210060811560,2,F,2,0,1.0,0,Niterói,420.0,529.1,566.7,385.4,540.0,4,B
210060368175,3,F,3,0,1.0,0,Nilópolis,473.0,463.8,485.7,444.5,640.0,3,B
210060811522,3,F,3,0,1.0,0,Niterói,442.0,436.5,443.9,331.2,460.0,2,E
210061368688,2,F,1,0,1.0,0,Nilópolis,466.6,467.3,509.6,544.9,640.0,4,I
210059602824,3,F,3,0,1.0,0,Nova Iguaçu,507.5,475.6,525.1,506.7,880.0,3,B
210061348921,3,M,3,0,1.0,0,Belford Roxo,513.3,337.6,334.0,424.4,480.0,6,B
210059946441,3,F,2,0,1.0,0,Nilópolis,419.8,503.8,551.4,582.0,520.0,4,B
210058335342,4,M,2,0,1.0,0,Niterói,331.0,551.7,523.8,638.8,640.0,4,B
210060373895,4,F,1,0,1.0,0,São João de Meriti,425.2,572.6,588.7,493.4,500.0,4,B
210058414485,1,M,3,0,1.0,0,Nilópolis,516.9,510.6,541.2,510.7,520.0,3,A
210059883265,2,F,1,0,1.0,0,Belford Roxo,449.2,489.3,548.4,427.7,780.0,3,C
210059912977,5,F,2,0,1.0,0,Niterói,427.5,441.5,420.9,403.0,600.0,2,B
210060023730,2,F,3,0,1.0,0,Niterói,488.7,635.8,594.9,624.9,920.0,3,C
210059391092,2,F,1,0,1.0,0,Duque de Caxias,478.3,594.9,561.2,536.8,920.0,3,E
210058997953,3,M,2,0,1.0,0,Duque de Caxias,408.6,488.1,398.4,353.8,660.0,4,B
210061254757,5,M,5,0,1.0,0,Duque de Caxias,459.1,493.3,491.9,464.2,580.0,7,D
210058441501,3,F,3,0,1.0,0,Duque de Caxias,420.6,507.3,427.2,498.5,540.0,6,B
210060460466,3,F,1,0,1.0,0,Nova Iguaçu,493.4,527.8,575.7,457.2,660.0,4,B
210059444400,4,F,1,0,1.0,0,Nova Iguaçu,420.2,477.1,491.4,390.7,680.0,4,D
210059924379,3,F,1,0,1.0,0,Belford Roxo,423.3,501.5,448.9,408.5,600.0,2,B
210058782317,4,M,3,0,1.0,0,São João de Meriti,442.0,490.2,548.8,496.4,660.0,5,A
210060687843,3,F,2,0,1.0,0,Duque de Caxias,582.1,574.9,609.5,530.5,640.0,3,B
210059457461,3,F,1,0,1.0,0,Niterói,499.2,568.5,549.2,563.7,820.0,3,B
210061285664,3,M,1,0,1.0,0,Duque de Caxias,569.0,644.3,646.3,605.7,780.0,4,E
210059830505,4,M,1,0,1.0,0,Belford Roxo,454.8,434.4,449.7,448.2,420.0,5,E
210059628796,3,M,1,0,1.0,0,Nova Iguaçu,592.2,649.5,606.1,630.6,900.0,2,E
210061275782,2,F,3,0,1.0,0,Niterói,543.6,531.5,459.7,534.1,900.0,3,C
210059288395,2,F,3,0,1.0,0,Duque de Caxias,504.7,609.3,600.2,708.2,840.0,4,L
210060015809,2,M,1,0,1.0,0,São João de Meriti,521.0,557.4,493.1,506.9,820.0,4,B
210060708972,3,M,3,0,1.0,0,Nova Iguaçu,510.2,441.8,491.2,476.5,560.0,3,C
210059950541,3,F,3,0,1.0,0,Belford Roxo,479.4,573.8,552.4,460.0,780.0,2,A
210058449697,3,M,3,0,1.0,0,Nova Iguaçu,456.0,637.6,574.4,520.6,840.0,3,F
210059485601,2,F,2,0,1.0,0,Nova Iguaçu,402.3,470.9,520.6,394.5,580.0,3,G
210061053876,2,F,1,0,1.0,0,Nova Iguaçu,467.3,477.8,539.4,395.9,580.0,4,E
210059835856,3,F,2,0,1.0,0,Nova Iguaçu,466.0,523.3,499.0,520.9,800.0,4,B
210058335399,3,F,1,0,1.0,0,São João de Meriti,437.3,473.9,431.4,503.6,840.0,2,C
210059830519,3,M,1,0,1.0,0,Niterói,518.0,566.8,568.6,726.9,780.0,3,P
210060390774,3,F,3,0,1.0,0,Nilópolis,437.3,474.9,453.4,340.9,760.0,3,C
210060390791,3,F,1,0,1.0,0,Maricá,508.7,509.3,480.8,521.0,680.0,5,B
210059329553,2,F,1,0,1.0,0,Nova Iguaçu,564.4,558.4,459.5,706.9,860.0,5,B
210058816874,2,F,2,0,1.0,0,Nova Iguaçu,449.5,565.9,575.9,570.8,860.0,3,B
210058478130,3,F,1,0,1.0,0,Nova Iguaçu,516.5,592.5,563.0,628.1,760.0,2,B
210058992763,3,M,1,0,1.0,0,Belford Roxo,394.8,432.5,404.2,390.7,600.0,2,B
210058468642,3,F,3,0,1.0,0,São João de Meriti,437.7,523.5,559.6,456.7,900.0,3,B
210060729969,4,M,1,0,1.0,0,Duque de Caxias,497.9,576.7,497.8,491.3,520.0,5,B
210058979796,5,F,2,0,1.0,0,Niterói,376.0,394.8,411.8,463.0,500.0,4,C
210059511778,2,F,1,0,1.0,0,Duque de Caxias,509.2,527.0,477.8,586.5,400.0,3,C
210058802925,3,F,1,0,1.0,0,Niterói,564.8,600.8,589.4,654.0,740.0,3,C
210059432319,7,F,2,0,1.0,0,Duque de Caxias,351.7,430.0,464.4,511.3,500.0,3,A
210061163564,4,M,3,0,1.0,0,Niterói,701.0,716.8,710.6,772.2,880.0,5,N
210060526726,3,F,3,0,1.0,0,Maricá,397.4,436.6,499.7,538.6,480.0,7,E
210059863951,2,F,1,0,1.0,0,Duque de Caxias,430.8,498.7,447.7,512.9,680.0,2,B
210059695580,3,M,2,0,1.0,0,Duque de Caxias,357.4,439.0,477.7,469.5,600.0,3,B
210059708510,2,M,3,0,1.0,0,Nilópolis,585.7,624.8,583.3,662.6,740.0,3,H
210060396488,3,M,1,0,1.0,0,São João de Meriti,572.5,596.0,579.6,672.7,760.0,5,C
210061306694,2,F,3,0,1.0,0,Belford Roxo,433.7,533.1,493.7,385.2,620.0,3,B
210058486328,3,M,3,0,1.0,0,Duque de Caxias,395.8,535.9,473.0,434.7,940.0,6,B
210060009277,2,F,3,0,1.0,0,Nova Iguaçu,561.7,596.6,599.5,565.0,920.0,4,C
210059749469,4,F,1,0,1.0,0,Niterói,390.2,417.0,441.5,439.0,560.0,3,A
210059177626,3,F,1,0,1.0,0,São João de Meriti,444.9,527.2,571.3,585.7,900.0,3,D
210060550002,3,M,1,0,1.0,0,Maricá,441.5,556.0,534.9,427.8,600.0,5,B
210058646758,4,F,2,0,1.0,0,Nova Iguaçu,546.0,499.6,462.9,363.9,820.0,2,B
210060399018,4,F,3,0,1.0,0,São João de Meriti,474.2,523.1,492.0,530.9,720.0,6,D
210058646761,4,M,3,0,1.0,0,Belford Roxo,451.8,577.4,518.1,361.1,560.0,3,B
210061173390,2,M,3,0,1.0,0,Belford Roxo,626.3,617.9,552.1,712.2,480.0,2,B
210058505405,2,F,1,0,1.0,0,Duque de Caxias,409.9,572.2,598.2,486.5,700.0,5,C
210059829092,3,F,1,0,1.0,0,Duque de Caxias,493.5,509.2,440.0,439.0,520.0,3,D
210059829088,2,M,1,0,1.0,0,Niterói,419.6,582.4,480.3,555.6,680.0,2,B
210059360028,2,M,2,0,1.0,0,Duque de Caxias,460.7,536.5,520.8,514.8,820.0,2,B
210060770752,4,M,3,0,1.0,0,Duque de Caxias,485.1,504.3,545.2,479.1,720.0,8,C
210060159953,4,M,2,0,1.0,0,Nova Iguaçu,391.8,482.1,447.4,424.9,740.0,4,B
210061063502,2,F,1,0,1.0,0,Nilópolis,400.1,406.7,406.5,454.0,520.0,6,A
210059552984,3,F,1,0,1.0,0,Niterói,530.7,577.5,622.4,629.3,820.0,3,G
210060008341,2,F,2,0,1.0,0,Maricá,514.2,581.4,578.5,547.1,780.0,4,H
210058830829,3,F,1,0,1.0,0,Niterói,478.7,500.2,448.0,616.4,880.0,4,K
210058095766,3,F,1,0,1.0,0,Niterói,623.5,595.6,496.5,759.9,880.0,4,O
210061451442,2,F,1,0,1.0,0,São João de Meriti,433.6,470.4,510.5,602.8,800.0,4,D
210061204217,3,M,1,0,1.0,0,Duque de Caxias,547.7,557.6,542.5,534.0,540.0,5,H
210058553287,2,M,1,0,1.0,0,Maricá,521.6,533.6,522.4,457.1,520.0,2,F
210059843553,3,F,3,0,1.0,0,Duque de Caxias,563.6,543.5,495.3,642.3,880.0,3,D
210060214229,2,F,1,0,1.0,0,Niterói,548.4,621.0,625.3,733.8,860.0,4,E
210059855212,4,M,2,0,1.0,0,Belford Roxo,568.7,541.8,581.9,397.3,720.0,5,B
210059514774,3,F,3,0,1.0,0,Duque de Caxias,522.8,481.0,486.1,333.8,520.0,4,A
210061125392,3,F,3,0,1.0,0,Duque de Caxias,431.2,455.9,459.1,396.9,600.0,2,C
210059589878,3,F,1,0,1.0,0,Niterói,555.0,488.8,502.8,505.6,440.0,3,B
210060008365,3,F,1,0,1.0,0,Duque de Caxias,474.7,599.8,546.0,522.8,700.0,5,D
210059549060,2,M,2,0,1.0,0,São João de Meriti,499.3,343.6,394.9,422.0,500.0,3,E
210058553332,3,F,2,0,1.0,0,Nova Iguaçu,429.8,463.1,484.7,388.7,460.0,4,B
210059933416,3,F,3,0,1.0,0,São João de Meriti,439.3,509.1,517.1,405.5,600.0,4,C
210059843569,4,F,3,0,1.0,0,Duque de Caxias,429.8,571.1,533.9,512.3,540.0,6,D
210060229312,3,M,2,0,1.0,0,Nova Iguaçu,416.1,506.3,489.4,546.4,320.0,1,C
210060023795,3,F,3,0,1.0,0,Duque de Caxias,556.6,586.8,497.8,566.7,660.0,3,B
210059085253,3,F,3,0,1.0,0,São João de Meriti,473.9,531.2,461.2,481.1,600.0,3,C
210059085249,2,F,3,0,1.0,0,Duque de Caxias,549.1,616.7,566.5,569.1,820.0,5,B
210058983053,2,M,2,0,1.0,0,Maricá,540.9,579.3,572.0,530.1,580.0,3,G
210059974623,2,F,3,0,1.0,0,Nova Iguaçu,439.1,526.5,557.2,510.9,820.0,3,B
210061244928,3,F,1,0,1.0,0,São João de Meriti,547.9,524.7,527.8,499.0,920.0,4,G
210059974615,3,M,2,0,1.0,0,Niterói,537.8,613.9,569.4,673.3,660.0,5,K
210059959589,3,M,4,0,1.0,0,Duque de Caxias,425.3,425.3,497.7,517.8,560.0,2,B
210058432104,2,F,3,0,1.0,0,Niterói,441.9,552.8,545.8,574.6,860.0,4,D
210059362971,3,F,1,0,1.0,0,Niterói,448.4,524.9,560.4,594.6,860.0,3,F
210058929454,2,F,3,0,1.0,0,Duque de Caxias,465.4,553.4,397.8,630.0,900.0,4,D
210059896409,2,F,3,0,1.0,0,Maricá,557.2,622.2,613.7,619.9,840.0,5,E
210060666866,3,F,3,0,1.0,0,Nova Iguaçu,497.5,559.1,530.9,477.1,880.0,4,A
210059909443,2,F,3,0,1.0,0,Maricá,454.0,509.6,540.5,429.6,560.0,4,E
210059429398,3,F,2,0,1.0,0,Duque de Caxias,427.0,470.7,457.4,382.9,480.0,3,C
210058422660,3,F,1,0,1.0,0,Duque de Caxias,507.7,537.6,507.9,532.9,660.0,3,B
210059925925,3,M,3,0,2.0,0,Duque de Caxias,570.5,637.1,631.8,665.0,900.0,3,C
210059024247,3,M,3,0,1.0,0,Niterói,465.7,560.5,436.1,582.4,920.0,4,A
210059288400,3,F,3,0,1.0,0,Duque de Caxias,513.3,345.3,406.2,416.4,640.0,5,C
210059628822,2,F,3,0,1.0,0,Nova Iguaçu,429.9,477.0,468.8,350.6,880.0,3,B
210059052366,2,F,3,0,1.0,0,São João de Meriti,505.9,615.7,542.9,596.8,680.0,2,A
210060079452,3,F,3,0,1.0,0,Nova Iguaçu,429.1,406.7,474.8,458.1,360.0,2,B
210059275287,2,M,1,0,1.0,0,Niterói,468.7,589.8,545.3,566.6,520.0,4,C
210058432140,3,F,1,0,1.0,0,Maricá,488.6,542.6,519.4,425.1,540.0,4,C
210059391118,3,F,1,0,1.0,0,Nilópolis,509.1,525.6,564.9,484.9,600.0,3,B
210059615801,2,F,3,0,1.0,0,São João de Meriti,457.9,613.3,609.5,642.6,780.0,4,C
210058587958,2,F,3,0,1.0,0,Nilópolis,535.5,565.2,602.7,682.8,620.0,4,I
210058608651,2,M,1,0,1.0,0,Nova Iguaçu,574.0,581.8,561.1,623.7,720.0,4,D
210060390868,3,F,3,0,1.0,0,São João de Meriti,501.6,573.6,541.2,523.4,420.0,5,B
210059669683,2,F,1,0,1.0,0,Duque de Caxias,429.3,562.7,494.1,480.0,400.0,3,D
210061318145,2,F,1,0,1.0,0,Duque de Caxias,443.2,567.2,544.2,491.8,400.0,4,D
210059822746,3,F,3,0,1.0,0,Duque de Caxias,526.6,566.0,588.9,566.5,820.0,5,D
210060388944,3,F,2,0,1.0,0,Duque de Caxias,494.2,492.7,521.5,471.2,680.0,6,C
210059316542,3,F,3,0,1.0,0,Niterói,517.3,520.6,504.7,430.7,720.0,3,B
210059301514,3,F,1,0,1.0,0,Nilópolis,544.5,463.6,495.3,378.2,520.0,4,F
210060469911,2,F,1,0,1.0,0,Maricá,563.8,646.5,579.8,705.7,900.0,4,G
210061275861,3,F,1,0,1.0,0,Nova Iguaçu,478.0,591.7,554.1,579.2,900.0,3,C
210058459224,3,F,3,0,1.0,0,Duque de Caxias,441.1,474.3,431.0,501.9,320.0,4,D
210060213955,2,F,1,0,1.0,0,Nilópolis,634.9,685.6,638.0,704.2,840.0,4,I
210060730036,3,M,2,0,1.0,0,Nova Iguaçu,571.7,604.6,567.1,682.7,780.0,3,G
210060076382,3,F,1,0,1.0,0,Nova Iguaçu,503.9,529.8,536.1,404.4,620.0,3,B
210060103740,2,F,3,0,1.0,0,Duque de Caxias,459.9,515.0,506.2,455.4,520.0,2,B
210060076412,2,F,3,0,1.0,0,Nova Iguaçu,523.2,491.4,504.7,510.2,560.0,3,D
210059965643,3,F,3,0,1.0,0,Belford Roxo,508.7,578.2,507.7,423.2,680.0,5,B
210060063344,3,F,3,0,1.0,0,Nilópolis,433.0,363.1,335.9,425.5,280.0,4,G
210058941222,3,M,1,0,1.0,0,Duque de Caxias,461.5,395.1,371.5,433.8,500.0,3,D
210059485679,3,F,1,0,1.0,0,Niterói,605.2,656.0,647.3,794.8,920.0,2,J
210058941763,3,M,2,0,1.0,0,Niterói,553.2,497.7,534.7,541.5,500.0,4,B
210060146923,2,F,2,0,1.0,0,Belford Roxo,468.5,507.3,482.5,550.2,620.0,5,C
210058345371,3,F,2,0,1.0,0,Duque de Caxias,435.2,577.6,564.3,665.7,780.0,4,C
210060213990,2,F,3,0,1.0,0,Niterói,587.6,624.3,576.1,599.7,920.0,4,B
210061002684,2,F,1,0,1.0,0,Duque de Caxias,519.5,539.0,554.8,477.4,720.0,3,G
210059007678,2,M,3,0,1.0,0,Nova Iguaçu,464.9,447.3,503.3,496.7,600.0,3,B
210058478163,2,F,1,0,1.0,0,Belford Roxo,352.4,347.7,510.2,446.3,520.0,2,B
210058478154,3,F,3,0,1.0,0,Maricá,440.4,557.3,517.2,500.3,520.0,3,B
210060749717,3,F,2,0,1.0,0,Niterói,511.7,611.8,600.1,529.8,920.0,3,D
210059787954,2,F,1,0,1.0,0,Niterói,507.6,455.6,548.4,551.6,740.0,3,G
210059511837,3,F,1,0,1.0,0,Nova Iguaçu,407.8,527.2,517.3,452.9,640.0,5,D
210060396553,3,F,1,0,1.0,0,Nova Iguaçu,484.5,590.6,554.8,681.5,980.0,2,B
210060399064,3,M,1,0,1.0,0,Nova Iguaçu,485.7,508.4,514.6,513.2,720.0,5,B
210060539332,3,F,2,0,1.0,0,São João de Meriti,498.0,574.0,532.9,556.8,300.0,3,B
210059721570,3,M,3,0,1.0,0,Belford Roxo,393.2,449.2,471.1,447.2,600.0,4,C
210058625342,3,F,4,0,1.0,0,Belford Roxo,516.1,526.7,557.5,573.6,260.0,4,C
210061358976,2,M,1,0,1.0,0,Duque de Caxias,555.0,602.8,592.5,604.0,640.0,3,G
210059695657,2,F,3,0,1.0,0,Nova Iguaçu,540.2,456.1,507.4,431.8,820.0,2,A
210060516133,2,F,2,0,1.0,0,Belford Roxo,386.1,476.5,514.6,464.4,380.0,4,B
210061339196,3,F,2,0,1.0,0,Duque de Caxias,507.7,473.1,521.7,553.9,580.0,4,A
210060009368,3,F,1,0,1.0,0,Nilópolis,493.9,495.4,492.3,419.2,860.0,2,C
210060159995,3,M,2,0,1.0,0,Duque de Caxias,399.0,470.9,395.4,390.8,540.0,3,C
210059801051,3,F,2,0,1.0,0,Nova Iguaçu,374.1,450.8,479.5,429.7,520.0,2,B
210059046493,2,F,3,0,1.0,0,Maricá,556.6,530.4,511.7,557.2,780.0,2,D
210059553062,2,F,1,0,1.0,0,Duque de Caxias,506.1,545.6,552.7,664.6,920.0,3,H
210059938929,2,M,3,0,1.0,0,Duque de Caxias,558.6,573.2,570.4,502.7,660.0,2,D
210061401031,2,M,2,0,1.0,0,Nova Iguaçu,513.7,548.0,509.9,448.9,740.0,3,B
210059514797,3,F,1,0,1.0,0,Niterói,479.2,608.3,573.1,675.7,940.0,4,Q
210059842245,2,F,1,0,1.0,0,Duque de Caxias,551.5,589.3,574.9,640.5,880.0,3,E
210060051705,3,F,3,0,1.0,0,Nova Iguaçu,523.9,561.5,541.0,596.5,500.0,4,F
210058524468,3,F,3,0,1.0,0,Duque de Caxias,617.8,627.2,613.8,580.3,880.0,2,C
210059842254,4,F,3,0,1.0,0,Nilópolis,374.6,396.6,454.8,405.3,440.0,4,B
210058505459,2,F,1,0,1.0,0,Maricá,537.4,573.7,576.4,661.3,780.0,3,D
210060022430,4,M,3,0,1.0,0,Duque de Caxias,590.9,652.6,610.5,530.3,880.0,4,A
210060173129,3,M,2,0,1.0,0,Nilópolis,409.0,435.3,475.4,399.1,500.0,3,B
210060035414,2,F,1,0,1.0,0,Maricá,606.3,650.4,651.0,654.3,920.0,3,J
210058314477,2,F,3,0,1.0,0,Duque de Caxias,481.7,375.0,414.9,498.2,380.0,4,A
210059562038,2,F,1,0,1.0,0,Nilópolis,553.9,603.9,554.8,522.7,920.0,3,G
210059190786,3,F,1,0,1.0,0,Nova Iguaçu,516.5,588.0,567.8,477.0,720.0,3,B
210059098234,2,F,3,0,1.0,0,Maricá,485.8,545.4,561.7,508.1,620.0,4,G
210061441668,2,M,1,0,1.0,0,Niterói,727.0,682.9,604.7,841.3,940.0,3,P
210059918395,3,F,2,0,1.0,0,Nova Iguaçu,467.8,510.0,501.7,388.2,680.0,5,C
210059589933,3,M,3,0,1.0,0,Duque de Caxias,508.7,486.9,422.9,503.5,560.0,5,B
210060378541,3,F,2,0,1.0,0,Nova Iguaçu,523.3,519.2,602.6,593.1,780.0,2,C
210058956938,4,F,1,0,2.0,0,Nova Iguaçu,561.6,620.2,551.6,682.7,720.0,4,G
210058575271,3,F,3,0,1.0,0,Duque de Caxias,447.5,388.3,407.8,366.0,480.0,2,B
210059576963,2,F,3,0,1.0,0,Duque de Caxias,504.3,562.7,509.5,430.1,680.0,5,D
210060226718,3,M,3,0,1.0,0,Niterói,565.6,416.2,527.0,379.7,700.0,9,B
210058568629,2,F,3,0,1.0,0,Duque de Caxias,505.4,580.4,534.8,538.0,720.0,3,B
210060008485,3,F,3,0,1.0,0,São João de Meriti,411.6,478.7,459.5,354.6,520.0,4,A
210061318221,3,M,3,0,1.0,0,Niterói,331.6,462.1,448.5,381.2,740.0,2,B
210058345413,2,F,1,0,1.0,0,São João de Meriti,550.0,605.1,579.5,444.9,820.0,3,D
210061013790,3,F,2,0,1.0,0,São João de Meriti,415.8,328.1,317.9,387.7,680.0,4,C
210058414640,2,F,3,0,1.0,0,Duque de Caxias,569.2,643.8,617.1,694.8,860.0,2,B
210060678062,3,F,2,0,1.0,0,Belford Roxo,532.1,563.7,509.2,449.8,720.0,3,C
210060678052,3,F,1,0,1.0,0,Nilópolis,441.7,572.1,518.6,422.3,400.0,3,B
210060038900,3,F,1,0,1.0,0,Nilópolis,552.6,569.7,523.4,377.7,800.0,3,D
210061135165,3,F,1,0,1.0,0,Nova Iguaçu,544.1,575.0,586.4,602.7,960.0,3,C
210060666899,2,M,3,0,1.0,0,Duque de Caxias,520.3,544.1,531.7,535.5,540.0,2,C
210060657017,3,F,1,0,1.0,0,Maricá,508.7,496.0,520.9,412.0,580.0,2,B
210060229336,2,M,3,0,1.0,0,Duque de Caxias,397.4,527.9,517.5,633.3,620.0,2,B
210058397002,2,F,1,0,1.0,0,Niterói,684.8,672.6,624.6,815.9,920.0,3,O
210060657002,3,F,1,0,1.0,0,São João de Meriti,349.4,486.7,479.8,430.0,900.0,4,B
210059403274,3,F,2,0,1.0,0,Nilópolis,431.4,429.7,472.5,554.6,640.0,3,D
210060656987,3,F,2,0,1.0,0,Niterói,494.7,526.7,538.7,502.0,880.0,3,G
210059870315,2,F,3,0,1.0,0,Maricá,465.4,542.6,520.3,499.5,540.0,7,I
210060226723,3,F,3,0,1.0,0,Duque de Caxias,415.5,418.7,429.6,499.4,680.0,6,B
210061380066,3,M,3,0,1.0,0,Niterói,478.3,544.4,551.9,374.1,700.0,3,B
210060460568,3,M,3,0,1.0,0,São João de Meriti,562.0,601.8,592.1,695.2,780.0,4,D
210059376164,3,F,3,0,1.0,0,Maricá,428.9,573.5,563.1,446.3,520.0,2,B
210061235163,4,M,2,0,1.0,0,Duque de Caxias,518.8,400.8,476.6,402.3,580.0,4,C
210060452490,1,F,1,0,1.0,0,Belford Roxo,396.6,504.5,480.1,361.9,660.0,3,C
210059938746,4,M,1,0,1.0,0,Nilópolis,437.6,523.3,553.2,512.9,860.0,1,B
210058432157,3,F,3,0,1.0,0,Duque de Caxias,489.2,604.0,658.6,608.8,840.0,4,D
210058956147,3,F,1,0,1.0,0,Nova Iguaçu,449.6,485.7,507.9,386.4,380.0,4,B
210059911437,3,M,1,0,1.0,0,Niterói,597.3,602.9,592.9,896.4,760.0,4,P
210059981385,2,F,2,0,1.0,0,Nova Iguaçu,507.1,631.1,565.2,622.8,700.0,2,B
210061136525,2,M,1,0,1.0,0,Maricá,431.7,525.7,508.2,605.6,640.0,4,G
210060678095,3,M,1,0,1.0,0,Niterói,582.1,577.2,619.0,585.1,640.0,3,K
210060678105,3,F,2,0,1.0,0,Nilópolis,498.3,583.4,548.6,615.0,640.0,5,G
210061451623,2,M,2,0,1.0,0,Niterói,596.1,625.9,569.7,741.7,900.0,4,C
210061420759,2,F,3,0,1.0,0,Nova Iguaçu,519.0,545.6,503.7,508.2,560.0,3,C
210059303516,4,F,1,0,1.0,0,Maricá,446.9,522.6,466.7,360.4,720.0,4,B
210061275868,3,F,3,0,1.0,0,Nilópolis,386.2,574.0,504.9,707.9,880.0,3,C
210058594083,2,F,2,0,1.0,0,Nilópolis,536.7,598.6,492.7,655.5,900.0,4,F
210059288507,3,F,3,0,1.0,0,Duque de Caxias,455.7,370.2,319.7,430.1,360.0,4,B
210061266014,2,F,2,0,1.0,0,Maricá,352.1,494.4,553.1,506.4,600.0,5,B
210061275898,3,F,2,0,1.0,0,Nova Iguaçu,396.5,456.4,461.2,383.3,420.0,2,B
210061420758,3,F,1,0,1.0,0,São João de Meriti,523.2,568.4,553.6,500.0,680.0,4,D
210060383784,2,F,2,0,1.0,0,Duque de Caxias,419.8,530.5,597.2,627.4,820.0,5,C
210060460593,3,M,2,0,1.0,0,São João de Meriti,511.3,566.3,593.7,627.8,660.0,5,E
210061401062,3,F,1,0,1.0,0,Nova Iguaçu,570.5,620.6,551.9,636.1,640.0,2,B
210058588661,3,F,3,0,1.0,0,Duque de Caxias,491.8,507.6,567.1,555.2,780.0,4,B
210059615903,4,F,2,0,1.0,0,Nova Iguaçu,488.3,506.9,537.9,360.3,500.0,3,G
210058979928,3,F,3,0,1.0,0,Duque de Caxias,394.1,390.0,385.5,416.1,340.0,4,A
210060022485,3,M,1,0,1.0,0,Duque de Caxias,493.2,531.0,465.1,360.2,680.0,3,B
210059952591,4,F,3,0,1.0,0,Maricá,542.4,463.0,481.2,501.3,540.0,2,C
210060226819,2,M,1,0,1.0,0,Niterói,585.6,622.5,631.0,787.4,920.0,5,C
210060226857,4,M,2,0,1.0,0,Duque de Caxias,484.4,508.1,512.7,466.1,820.0,4,D
210060699167,2,F,3,0,1.0,0,Duque de Caxias,433.5,478.9,475.2,526.4,800.0,6,D
210061073292,3,F,2,0,1.0,0,Belford Roxo,578.9,566.5,549.5,694.3,780.0,5,C
210058967003,2,F,2,0,1.0,0,Maricá,514.2,557.5,540.4,533.0,500.0,3,B
210058608707,3,F,2,0,1.0,0,Belford Roxo,461.8,597.0,539.6,556.6,720.0,3,C
210060079494,3,F,0,0,1.0,0,Duque de Caxias,469.6,532.3,357.5,354.6,560.0,3,D
210061451646,3,F,3,0,1.0,0,Duque de Caxias,522.4,500.6,540.2,391.1,560.0,4,E
210059822796,3,M,1,0,1.0,0,Duque de Caxias,515.2,589.6,509.1,599.9,860.0,2,D
210060050456,3,F,3,0,1.0,0,Nova Iguaçu,407.8,440.6,444.5,334.5,500.0,3,D
210059759866,4,F,3,0,1.0,0,Duque de Caxias,444.2,395.5,399.8,383.2,500.0,3,E
210060063464,4,F,2,0,1.0,0,Nova Iguaçu,521.7,457.6,460.2,520.2,680.0,2,B
210060064806,3,F,1,0,1.0,0,Duque de Caxias,501.7,553.0,501.6,658.1,700.0,4,E
210060730092,4,M,1,0,1.0,0,São João de Meriti,435.2,541.6,457.9,474.0,680.0,6,B
210059445497,4,M,2,0,1.0,0,Nilópolis,447.7,498.3,513.4,480.1,820.0,2,B
210060064728,3,F,3,0,1.0,0,Nova Iguaçu,488.2,596.0,523.9,483.0,600.0,2,D
210060118803,3,M,3,0,1.0,0,Niterói,557.1,611.2,573.3,575.6,800.0,4,G
210060730061,3,F,1,0,1.0,0,Duque de Caxias,514.6,522.2,568.1,613.1,720.0,3,B
210059007684,3,M,1,0,1.0,0,Maricá,541.5,545.4,489.5,438.7,580.0,4,E
210061073368,2,F,2,0,1.0,0,Maricá,442.5,537.4,523.0,642.8,660.0,2,C
210059344718,2,F,3,0,1.0,0,Nilópolis,469.8,494.1,438.2,522.3,760.0,3,H
210060063497,3,F,3,0,1.0,0,Duque de Caxias,442.8,445.6,478.6,395.8,460.0,3,A
210060358093,2,F,1,0,1.0,0,São João de Meriti,566.4,673.3,645.5,636.6,920.0,5,O
210060390913,4,F,1,0,1.0,0,Niterói,455.0,406.9,423.4,343.0,420.0,3,A
210058335606,2,F,1,0,1.0,0,Nova Iguaçu,506.5,569.9,576.7,480.7,700.0,4,D
210061339262,2,F,3,0,1.0,0,Nilópolis,516.0,586.7,531.6,485.5,760.0,3,C
210059039431,2,F,2,0,1.0,0,Duque de Caxias,410.5,471.6,445.9,383.7,720.0,3,A
210058646876,2,F,1,0,1.0,0,Maricá,431.1,527.3,473.4,640.1,880.0,5,I
210060076491,2,F,1,0,1.0,0,Niterói,511.2,556.3,544.0,627.3,980.0,3,N
210059540013,3,F,2,0,1.0,0,Duque de Caxias,520.5,528.2,543.0,440.5,660.0,3,B
210058646853,2,F,3,0,1.0,0,Nova Iguaçu,422.2,529.5,527.3,516.6,840.0,5,F
210059052543,3,F,1,0,2.0,0,Nova Iguaçu,399.7,475.6,420.0,349.7,440.0,4,A
210060226957,4,F,3,0,1.0,0,Niterói,487.7,513.1,434.0,651.5,720.0,3,D
210059540004,4,F,3,0,1.0,0,Nilópolis,415.7,431.8,469.3,348.1,560.0,4,D
210058646848,2,F,0,0,1.0,0,Maricá,380.5,470.3,514.7,426.3,500.0,7,B
210060590007,2,F,3,0,1.0,0,Nova Iguaçu,495.2,588.5,558.2,453.2,640.0,2,B
210059177715,3,F,2,0,1.0,0,Maricá,415.3,495.7,460.8,528.2,640.0,4,B
210061173505,3,F,3,0,1.0,0,Duque de Caxias,438.2,468.3,482.0,519.4,620.0,4,E
210060401641,2,F,3,0,1.0,0,Duque de Caxias,496.5,585.0,564.9,615.1,680.0,4,A
210059877194,2,F,1,0,1.0,0,São João de Meriti,541.3,634.2,629.5,659.4,940.0,3,D
210060589988,2,F,3,0,1.0,0,Duque de Caxias,459.4,588.2,545.8,497.2,840.0,3,B
210061152557,2,F,2,0,1.0,0,Duque de Caxias,490.5,538.2,558.6,590.4,420.0,2,B
210059149604,3,F,3,0,1.0,0,Nova Iguaçu,494.2,478.1,457.8,442.4,480.0,4,B
210060399099,3,F,3,0,1.0,0,Duque de Caxias,486.1,494.0,533.4,564.4,680.0,5,B
210059864088,3,M,2,0,1.0,0,Nova Iguaçu,444.3,325.2,455.9,402.1,580.0,3,C
210060101938,3,F,1,0,1.0,0,Nova Iguaçu,599.7,583.2,639.2,500.5,640.0,4,B
210061074958,2,F,3,0,1.0,0,Niterói,492.2,578.3,527.4,447.7,580.0,3,D
210060227012,3,F,1,0,1.0,0,Niterói,496.3,553.2,544.0,638.5,520.0,4,C
210058495966,2,F,3,0,1.0,0,Duque de Caxias,599.7,540.1,557.9,518.8,300.0,4,E
210059473659,2,F,1,0,1.0,0,São João de Meriti,639.2,506.2,497.3,657.6,980.0,4,J
210060146984,2,F,1,0,1.0,0,Maricá,426.9,476.3,525.1,464.6,620.0,4,D
210060760962,2,F,2,0,1.0,0,Nova Iguaçu,483.1,522.5,479.7,517.3,700.0,2,G
210059553072,3,F,1,0,1.0,0,Nova Iguaçu,445.4,474.7,533.7,558.2,600.0,4,B
210059473628,3,F,1,0,1.0,0,Duque de Caxias,559.8,539.6,536.9,584.0,800.0,3,G
210059033629,3,F,1,0,1.0,0,Niterói,474.3,540.4,525.8,440.4,660.0,2,C
210059918449,3,F,2,0,1.0,0,São João de Meriti,454.8,629.7,629.8,430.2,520.0,4,B
210059052568,4,M,1,0,1.0,0,São João de Meriti,463.9,470.6,560.5,470.8,360.0,2,D
210059905316,2,M,3,0,1.0,0,Duque de Caxias,512.8,571.1,473.6,443.0,660.0,4,B
210058536103,3,F,1,0,1.0,0,Maricá,437.9,625.3,597.2,587.3,640.0,3,D
210059388290,1,F,1,0,1.0,0,Nova Iguaçu,564.9,598.0,561.3,644.3,700.0,6,E
210059085391,4,M,2,0,1.0,0,São João de Meriti,405.4,611.3,610.7,653.1,520.0,4,C
210060201254,2,F,2,0,1.0,0,Nova Iguaçu,596.4,581.4,571.1,580.8,760.0,2,G
210061023519,2,F,3,0,1.0,0,Nova Iguaçu,486.1,449.9,459.2,402.8,540.0,4,C
210060201240,3,F,3,0,1.0,0,São João de Meriti,544.1,511.3,522.6,570.8,920.0,4,B
210059072438,2,F,3,0,1.0,0,Duque de Caxias,437.5,593.3,575.4,473.9,820.0,3,H
210061084408,2,F,1,0,1.0,0,Maricá,430.4,353.1,422.0,390.5,520.0,6,B
210060188186,4,F,1,0,1.0,0,Duque de Caxias,563.1,595.2,429.5,502.9,920.0,4,E
210059219023,3,M,2,0,1.0,0,Nova Iguaçu,503.9,513.3,454.1,424.4,540.0,4,B
210059562100,3,F,1,0,1.0,0,Maricá,552.9,584.1,646.7,506.8,560.0,2,B
210060242254,3,M,3,0,1.0,0,Niterói,491.7,546.7,561.7,594.1,780.0,3,G
210060423717,3,F,1,0,1.0,0,Nova Iguaçu,412.2,524.8,505.2,449.0,600.0,5,D
210058335660,3,M,3,0,1.0,0,Nilópolis,377.7,458.7,441.8,391.1,760.0,3,B
210060423727,3,F,1,0,1.0,0,Belford Roxo,610.4,638.7,700.2,587.0,840.0,5,D
210060242270,3,F,1,0,1.0,0,Duque de Caxias,439.9,442.2,475.5,448.5,540.0,4,D
210058314590,2,M,3,0,1.0,0,Duque de Caxias,544.4,604.8,587.8,763.5,600.0,5,B
210059093712,3,F,1,0,1.0,0,Niterói,475.1,365.9,346.4,434.2,840.0,4,K
210059918484,2,F,1,0,1.0,0,Nova Iguaçu,459.9,443.8,498.0,459.8,680.0,7,C
210059205934,2,F,1,0,1.0,0,Nova Iguaçu,524.7,595.5,547.6,475.5,780.0,2,D
210059549138,3,F,1,0,1.0,0,Duque de Caxias,497.2,492.5,536.9,611.3,620.0,4,B
210058544155,2,F,3,0,1.0,0,Duque de Caxias,507.4,532.7,536.3,559.4,400.0,5,B
210061308416,2,F,1,0,1.0,0,Belford Roxo,510.7,534.7,504.6,660.0,800.0,4,E
210059933488,2,F,1,0,1.0,0,Niterói,496.7,554.6,577.1,725.6,780.0,4,E
210060144492,3,F,1,0,1.0,0,Maricá,447.3,574.5,593.9,658.1,720.0,4,D
210061084563,2,F,1,0,1.0,0,Duque de Caxias,436.3,516.8,387.7,368.3,400.0,5,C
210060229402,2,F,2,0,1.0,0,Duque de Caxias,377.1,468.1,476.3,431.5,360.0,4,C
210061084499,4,M,5,0,1.0,0,Duque de Caxias,420.9,385.3,479.3,347.0,300.0,3,B
210061084535,3,F,3,0,1.0,0,Duque de Caxias,461.1,585.7,580.4,528.9,840.0,4,C
210060813006,2,M,3,0,1.0,0,Duque de Caxias,479.7,472.3,486.2,444.9,680.0,3,C
210059556100,3,F,1,0,1.0,0,Nilópolis,371.6,468.3,434.4,461.1,620.0,4,F
210059098291,3,F,4,0,1.0,0,Nova Iguaçu,423.7,461.0,499.7,438.1,640.0,6,E
210059589990,2,M,1,0,1.0,0,Nilópolis,499.5,640.0,556.7,678.0,880.0,5,G
210059388318,3,F,1,0,1.0,0,Nova Iguaçu,439.3,464.2,497.4,414.0,320.0,5,B
210059577007,4,M,1,0,1.0,0,São João de Meriti,408.0,523.7,557.4,567.7,620.0,3,B
210060375959,2,F,3,0,1.0,0,Nova Iguaçu,504.5,554.0,546.4,682.0,720.0,3,B
210058970168,2,F,3,0,1.0,0,Maricá,606.6,580.2,605.6,616.0,840.0,3,I
210058387556,4,F,2,0,1.0,0,Maricá,497.6,520.9,481.5,401.4,360.0,6,B
210060214323,3,F,3,0,1.0,0,Maricá,505.3,316.0,399.3,418.5,680.0,2,B
210060144680,3,F,1,0,1.0,0,Nova Iguaçu,399.4,533.1,510.6,507.0,760.0,3,B
210058929571,4,M,2,0,1.0,0,Maricá,556.8,608.3,636.6,580.2,540.0,4,D
210060657085,3,M,3,0,1.0,0,Duque de Caxias,503.5,596.8,561.4,684.6,520.0,2,C
210059615917,3,M,3,0,1.0,0,Duque de Caxias,436.8,518.6,505.3,390.1,340.0,4,F
210058588747,2,F,3,0,1.0,0,Duque de Caxias,504.7,559.6,476.5,525.4,880.0,5,C
210059026431,3,F,2,0,1.0,0,Niterói,347.4,437.2,457.9,441.4,420.0,4,B
210061401185,3,F,3,0,1.0,0,Nilópolis,394.6,534.1,459.0,472.6,640.0,2,B
210061411033,2,F,2,0,1.0,0,Nova Iguaçu,531.8,456.0,554.9,527.5,500.0,4,E
210059628912,2,F,3,0,1.0,0,São João de Meriti,523.3,553.5,511.8,506.6,580.0,3,B
210059275401,3,M,3,0,1.0,0,Nilópolis,542.0,567.2,539.1,533.7,660.0,10,B
210060381252,2,F,3,0,1.0,0,São João de Meriti,588.5,591.8,624.6,732.1,860.0,3,C
210059615948,3,M,3,0,1.0,0,Niterói,605.6,613.3,639.2,790.9,660.0,3,C
210058970178,6,M,3,0,1.0,0,Nilópolis,579.6,616.3,595.9,655.6,720.0,4,D
210060283424,3,F,3,0,1.0,0,Nova Iguaçu,424.2,501.5,545.3,573.1,580.0,3,B
210061391299,2,F,3,0,1.0,0,Nova Iguaçu,445.1,447.0,472.5,381.9,440.0,5,B
210060389055,2,M,1,0,1.0,0,Belford Roxo,383.4,438.8,490.2,522.8,840.0,5,C
210060389051,2,F,1,0,1.0,0,Niterói,555.1,608.8,588.7,560.5,880.0,4,J
210059316669,2,F,1,0,1.0,0,Niterói,587.8,607.3,555.3,691.2,940.0,5,L
210059924571,3,F,3,0,1.0,0,Duque de Caxias,584.9,600.9,578.7,716.6,720.0,4,C
210059457665,8,F,3,0,1.0,0,Duque de Caxias,446.3,418.0,506.8,452.1,500.0,3,B
210059809794,3,F,1,0,1.0,0,Niterói,492.0,542.5,548.4,570.1,960.0,3,E
210059656787,2,F,1,0,1.0,0,Niterói,664.8,665.7,690.0,818.8,940.0,4,Q
210058608754,3,F,1,0,1.0,0,Niterói,436.4,655.9,584.1,717.2,980.0,4,I
210058967072,2,F,1,0,1.0,0,Nilópolis,499.2,519.7,520.3,485.6,840.0,5,D
210061266087,4,F,1,0,1.0,0,Maricá,453.0,410.0,420.0,375.0,460.0,6,C
210059807832,5,F,2,0,1.0,0,Nova Iguaçu,393.9,382.1,435.6,398.4,740.0,4,A
210061453003,3,F,3,0,1.0,0,Duque de Caxias,498.9,515.3,599.0,516.9,900.0,3,B
210059628936,3,F,1,0,1.0,0,Maricá,510.8,659.4,597.2,631.5,760.0,3,E
210060469984,3,F,3,0,1.0,0,Nova Iguaçu,463.7,602.1,598.2,564.8,900.0,4,B
210060469990,3,F,3,0,1.0,0,Nilópolis,460.5,564.1,625.7,582.3,680.0,4,E
210059485786,3,M,0,0,1.0,0,Nilópolis,476.7,489.9,538.8,604.5,600.0,6,C
210060156312,4,M,3,0,1.0,0,Nova Iguaçu,414.4,541.3,496.0,564.1,860.0,7,B
210060227049,3,F,3,0,1.0,0,Nova Iguaçu,376.8,392.2,396.0,398.5,360.0,5,A
210061083047,2,F,3,0,1.0,0,Duque de Caxias,446.3,475.8,447.2,537.0,520.0,7,B
210058441680,1,F,1,0,1.0,0,Maricá,487.5,529.1,505.5,589.8,740.0,2,B
210060143470,2,F,2,0,1.0,0,Nova Iguaçu,544.6,536.4,548.2,458.8,780.0,5,B
210058441701,4,M,1,0,1.0,0,Niterói,587.6,597.2,602.7,697.9,840.0,5,C
210060079554,3,F,2,0,1.0,0,São João de Meriti,467.1,533.0,565.8,475.4,640.0,5,B
210061287122,3,M,2,0,1.0,0,São João de Meriti,560.0,524.4,581.5,687.8,920.0,4,B
210061296967,3,F,2,0,1.0,0,Nova Iguaçu,473.8,602.9,564.1,568.4,840.0,3,D
210060132015,2,M,2,0,1.0,0,Nova Iguaçu,515.1,510.5,533.4,593.4,540.0,3,B
210058608774,2,F,3,0,1.0,0,Duque de Caxias,591.6,632.6,613.7,608.1,860.0,6,C
210058325839,3,F,2,0,1.0,0,Nova Iguaçu,548.9,415.4,562.8,606.1,660.0,3,E
210060347640,2,M,2,0,1.0,0,Nova Iguaçu,390.1,501.8,476.9,580.8,660.0,4,A
210060390980,5,M,1,0,1.0,0,Niterói,619.1,649.4,614.4,774.5,540.0,3,B
210059020711,3,F,1,0,1.0,0,Duque de Caxias,512.6,589.9,608.6,468.2,840.0,4,D
210060077829,4,M,3,0,1.0,0,Duque de Caxias,428.2,425.8,415.4,333.0,500.0,4,E
210060396638,3,F,3,0,1.0,0,Nova Iguaçu,488.1,453.5,488.5,505.9,520.0,5,D
210059149677,3,F,3,0,1.0,0,Duque de Caxias,457.4,469.4,501.4,362.7,520.0,2,B
210060399161,4,M,2,0,1.0,0,Nova Iguaçu,452.9,469.2,461.4,472.9,400.0,3,B
210061401207,3,F,1,0,1.0,0,Niterói,467.3,605.3,528.9,566.0,920.0,3,D
210061380241,3,F,3,0,1.0,0,São João de Meriti,541.8,579.1,568.9,711.6,880.0,4,D
210060369306,3,M,1,0,1.0,0,Nova Iguaçu,730.1,668.5,613.0,809.2,940.0,4,K
210061142718,4,F,2,0,1.0,0,Niterói,476.2,421.7,387.5,367.6,520.0,4,B
210060160119,2,F,3,0,1.0,0,Nova Iguaçu,560.2,565.0,537.3,554.5,880.0,3,N
210060157551,3,F,1,0,1.0,0,Niterói,472.8,490.2,530.8,450.1,860.0,4,G
210059788109,3,F,1,0,1.0,0,Maricá,503.5,558.8,617.5,606.9,940.0,4,G
210060761006,2,F,1,0,1.0,0,Duque de Caxias,481.5,509.3,489.1,421.1,640.0,3,B
210060739993,2,F,3,0,1.0,0,Duque de Caxias,434.9,569.5,522.4,567.0,940.0,4,D
210059540045,4,F,3,0,1.0,0,Niterói,452.7,484.9,422.7,329.7,480.0,3,B
210058646920,3,F,1,0,1.0,0,São João de Meriti,562.1,597.4,573.8,608.1,900.0,3,E
210060739990,3,F,1,0,1.0,0,Niterói,656.7,722.7,609.3,781.2,920.0,4,I
210061401213,3,F,1,0,1.0,0,Belford Roxo,527.3,548.8,506.7,452.4,840.0,3,C
210059026500,3,F,1,0,1.0,0,Duque de Caxias,434.9,610.3,559.7,605.8,780.0,5,G
210060188262,2,F,3,0,1.0,0,Duque de Caxias,521.4,519.9,466.3,473.6,820.0,4,B
210060157683,2,F,1,0,1.0,0,Maricá,404.7,527.0,497.8,344.7,640.0,6,B
210059829272,3,F,3,0,1.0,0,Duque de Caxias,446.9,447.3,531.9,431.2,800.0,4,B
210059514894,3,F,3,0,1.0,0,Maricá,475.1,686.8,623.9,647.9,900.0,3,F
210059375251,2,F,3,0,1.0,0,Duque de Caxias,522.0,499.0,510.1,535.0,340.0,4,C
210059054572,3,F,3,0,1.0,0,Belford Roxo,454.4,490.2,563.3,396.5,580.0,3,B
210060169258,2,F,3,0,1.0,0,Nova Iguaçu,599.3,659.6,599.0,548.4,820.0,5,C
210058515104,3,M,1,0,1.0,0,Duque de Caxias,483.3,370.5,438.5,378.9,520.0,3,C
210060157621,2,F,3,0,1.0,0,São João de Meriti,584.2,643.6,580.5,912.2,740.0,3,H
210060157665,2,F,3,0,1.0,0,Niterói,458.9,576.4,549.9,534.2,800.0,3,C
210059072487,3,F,1,0,1.0,0,Duque de Caxias,525.2,668.4,630.5,650.5,800.0,3,E
210060175188,3,F,1,0,1.0,0,Belford Roxo,556.5,500.7,512.2,613.4,800.0,3,C
210061204365,3,F,2,0,1.0,0,Maricá,533.8,526.1,490.9,456.3,580.0,3,B
210058553475,2,F,3,0,1.0,0,Duque de Caxias,473.8,540.1,560.5,631.3,680.0,5,C
210059749656,3,F,3,0,1.0,0,Nova Iguaçu,367.0,524.7,444.0,465.6,300.0,4,B
210058316020,4,F,4,0,1.0,0,Duque de Caxias,403.9,547.3,505.9,388.5,520.0,2,B
210059205991,3,F,1,0,1.0,0,Maricá,458.8,466.9,445.8,416.0,560.0,2,C
210059892312,3,F,3,0,1.0,0,Nova Iguaçu,425.6,505.9,475.9,462.3,620.0,4,C
210060561786,4,F,2,0,1.0,0,Duque de Caxias,375.0,385.7,379.6,501.3,480.0,3,B
210059080744,3,F,3,0,1.0,0,Belford Roxo,569.2,616.8,577.6,666.8,680.0,3,C
210059749642,3,F,1,0,1.0,0,Nilópolis,467.0,576.3,538.0,501.5,800.0,5,C
210059054584,3,M,3,0,1.0,0,Nova Iguaçu,442.0,519.3,488.6,511.7,520.0,3,C
210059736627,3,F,1,0,1.0,0,Nilópolis,472.6,493.7,505.5,382.7,540.0,4,B
210058646938,2,F,1,0,1.0,0,Nilópolis,570.5,562.7,537.8,476.7,560.0,4,B
210059892296,2,F,3,0,2.0,0,Duque de Caxias,449.6,474.9,493.1,419.4,600.0,3,B
210059527990,4,M,1,0,1.0,0,Duque de Caxias,417.5,508.7,464.9,366.1,380.0,4,B
210059855360,3,F,3,0,1.0,0,Duque de Caxias,438.8,520.8,527.5,332.7,680.0,3,A
210060934953,3,F,1,0,1.0,0,Nova Iguaçu,440.7,485.9,494.8,387.8,440.0,4,B
210060227184,2,F,2,0,1.0,0,Nilópolis,454.1,452.8,485.4,349.7,880.0,2,B
210059528012,3,F,1,0,1.0,0,Nova Iguaçu,377.3,436.6,411.4,535.4,740.0,3,D
210058957194,2,F,1,0,1.0,0,Duque de Caxias,442.5,535.5,460.0,433.2,840.0,3,C
210059842372,4,M,1,0,1.0,0,Nilópolis,502.4,374.9,525.3,512.2,560.0,5,F
210061349299,3,F,2,0,1.0,0,Belford Roxo,395.1,551.6,492.3,425.9,720.0,5,C
210058524627,3,F,1,0,1.0,0,Maricá,506.8,495.4,537.9,538.5,560.0,3,E
210060370910,3,M,2,0,1.0,0,Duque de Caxias,453.3,504.3,462.0,427.5,760.0,2,C
210059549232,3,F,1,0,1.0,0,Nova Iguaçu,536.7,490.9,531.8,577.0,520.0,3,C
210061204418,4,F,3,0,1.0,0,Niterói,567.5,608.2,545.9,799.5,700.0,4,J
210060229477,2,F,2,0,1.0,0,Niterói,384.7,497.4,453.3,466.4,640.0,2,D
210060158503,3,F,1,0,1.0,0,São João de Meriti,378.6,516.2,518.5,438.9,600.0,3,B
210059883516,2,F,1,0,1.0,0,Maricá,530.9,596.7,587.9,486.7,820.0,5,J
210059571173,3,M,3,0,1.0,0,Nova Iguaçu,517.5,527.6,577.9,460.1,560.0,4,B
210060822685,4,F,3,0,1.0,0,Niterói,394.3,507.9,498.3,433.8,580.0,4,D
210060657127,3,M,2,0,1.0,0,Nilópolis,423.9,468.7,477.6,388.2,560.0,5,B
210060158510,2,M,2,0,1.0,0,São João de Meriti,659.9,608.4,553.2,676.4,620.0,3,E
210060842362,3,F,1,0,1.0,0,Nilópolis,451.3,511.4,520.4,536.5,600.0,4,D
210059126205,2,F,1,0,1.0,0,Nova Iguaçu,586.2,550.8,560.8,618.9,720.0,2,B
210059388373,3,F,3,0,1.0,0,Niterói,495.3,536.6,518.4,528.4,780.0,4,B
210059403397,4,F,3,0,1.0,0,Nilópolis,503.3,496.7,403.8,420.4,480.0,6,B
210059528016,3,M,2,0,1.0,0,Nova Iguaçu,463.8,444.4,395.1,420.0,400.0,7,A
210059855382,2,F,2,0,1.0,0,Duque de Caxias,354.9,532.0,432.2,466.5,620.0,7,B
210060813073,2,M,2,0,1.0,0,Duque de Caxias,578.9,551.5,602.0,580.2,560.0,4,B
210058387612,3,F,3,0,1.0,0,Duque de Caxias,565.4,592.1,483.2,534.3,700.0,2,B
210060376038,2,F,1,0,1.0,0,Nova Iguaçu,480.2,443.5,463.9,364.2,500.0,6,C
210059013429,2,F,2,0,1.0,0,Nova Iguaçu,406.9,523.0,543.5,511.9,580.0,4,D
210061381594,3,M,2,0,1.0,0,Maricá,524.8,555.7,558.7,420.9,620.0,5,D
210059247248,2,F,2,0,1.0,0,Nova Iguaçu,396.8,395.7,424.7,368.5,320.0,6,C
210060441304,2,F,3,0,1.0,0,Belford Roxo,501.2,601.4,634.4,622.2,840.0,3,F
210059996507,3,M,1,0,1.0,0,Niterói,381.8,480.6,420.7,452.2,500.0,2,B
210059896599,3,F,3,0,1.0,0,São João de Meriti,505.2,484.2,501.5,544.5,440.0,4,B
210059996489,2,F,3,0,1.0,0,Duque de Caxias,498.5,548.4,531.6,578.1,940.0,3,D
210058414731,3,F,3,0,1.0,0,Nova Iguaçu,458.2,414.3,503.0,499.7,600.0,2,C
210058943388,3,F,1,0,1.0,0,Nova Iguaçu,552.6,571.1,556.2,528.1,700.0,4,H
210059444588,2,F,3,0,1.0,0,Duque de Caxias,400.3,580.6,555.5,559.9,920.0,4,I
210059628964,2,F,1,0,1.0,0,Duque de Caxias,440.5,464.6,534.1,393.4,560.0,4,I
210060383927,2,F,1,0,1.0,0,Niterói,576.2,616.2,614.3,718.7,880.0,4,G
210059288608,2,M,2,0,1.0,0,Nova Iguaçu,472.8,479.3,484.6,378.3,680.0,3,B
210060386524,2,F,3,0,1.0,0,Nova Iguaçu,514.3,484.1,467.7,529.6,680.0,5,B
210059303619,3,F,3,0,1.0,0,Nova Iguaçu,551.0,625.7,558.7,661.3,660.0,6,B
210060470048,2,F,1,0,1.0,0,Maricá,617.6,651.2,607.4,675.4,900.0,2,E
210060386520,3,F,2,0,1.0,0,Nova Iguaçu,341.1,547.1,518.2,352.2,520.0,3,A
210058600841,2,F,2,0,1.0,0,Nilópolis,515.2,554.6,473.8,485.4,840.0,3,D
210059603069,2,F,3,0,1.0,0,Duque de Caxias,396.8,568.5,573.8,623.9,680.0,3,B
210059054622,2,F,2,0,1.0,0,Duque de Caxias,547.5,578.4,586.8,530.0,560.0,2,C
210060002880,3,F,1,0,1.0,0,Duque de Caxias,417.9,610.5,591.8,700.5,920.0,3,G
210059039633,3,F,3,0,1.0,0,São João de Meriti,368.3,316.6,443.0,489.2,520.0,3,G
210061256222,5,F,3,0,1.0,0,Duque de Caxias,407.7,512.1,556.4,466.1,540.0,3,B
210060283506,2,F,3,0,1.0,0,São João de Meriti,501.9,552.5,562.3,534.9,600.0,5,B
210059987874,3,F,1,0,1.0,0,Niterói,611.5,628.0,629.7,674.8,860.0,2,G
210058581460,3,F,1,0,1.0,0,São João de Meriti,451.5,482.9,566.6,569.0,680.0,4,B
210060383908,3,M,2,0,1.0,0,Nova Iguaçu,343.6,390.4,453.4,402.2,500.0,6,B
210059067716,2,F,3,0,1.0,0,Maricá,474.7,557.3,547.4,420.6,540.0,4,B
210058981999,2,F,1,0,1.0,0,Maricá,486.1,441.2,461.4,442.5,580.0,8,H
210060157537,3,F,1,0,1.0,0,Duque de Caxias,409.8,501.2,540.9,551.6,580.0,2,B
210060079614,4,F,3,0,1.0,0,Niterói,436.6,416.9,440.2,448.9,520.0,4,F
210059391294,3,F,3,0,1.0,0,Nova Iguaçu,445.6,508.0,464.3,375.1,300.0,6,G
210059404359,3,F,1,0,1.0,0,Maricá,500.8,481.1,510.7,465.4,600.0,7,C
210060037537,2,F,1,0,1.0,0,Niterói,758.4,706.0,698.1,897.4,960.0,4,O
210058969055,3,M,3,0,1.0,0,São João de Meriti,362.6,494.4,490.3,606.1,760.0,4,B
210060688081,2,F,2,0,1.0,0,Nova Iguaçu,570.1,629.6,560.4,751.7,880.0,3,F
210059996520,3,F,3,0,1.0,0,São João de Meriti,494.7,572.5,530.1,572.3,780.0,3,C
210059996525,2,M,1,0,1.0,0,Belford Roxo,502.7,595.4,538.4,537.7,720.0,4,H
210058424134,2,M,1,0,1.0,0,Maricá,388.2,491.7,457.1,620.0,920.0,3,B
210058956232,4,F,2,0,1.0,0,Duque de Caxias,460.1,492.1,489.5,452.8,680.0,3,B
210058325923,2,F,1,0,1.0,0,Nova Iguaçu,567.2,537.5,522.2,514.0,640.0,3,E
210060052137,2,F,2,0,1.0,0,Duque de Caxias,437.3,634.2,581.6,718.1,900.0,2,B
210060965868,3,F,1,0,1.0,0,São João de Meriti,501.8,509.1,500.0,479.4,580.0,3,J
210060730171,3,F,1,0,1.0,0,Niterói,491.8,605.0,559.6,469.1,700.0,4,D
210060037589,3,F,1,0,1.0,0,Maricá,511.0,629.4,564.1,382.2,560.0,3,C
210060105864,3,M,3,0,1.0,0,Nova Iguaçu,489.2,425.6,372.5,401.7,260.0,5,B
210058460673,2,F,1,0,1.0,0,Niterói,627.9,639.6,568.3,644.7,720.0,3,C
210060127998,3,M,2,0,1.0,0,Niterói,523.6,543.9,561.5,546.7,620.0,3,B
210060720348,3,M,2,0,1.0,0,São João de Meriti,340.4,490.4,510.9,677.0,620.0,3,B
210059485829,3,F,2,0,1.0,0,Nova Iguaçu,390.0,546.6,427.8,385.0,440.0,5,B
210060090799,3,M,1,0,1.0,0,Belford Roxo,568.1,591.9,572.2,481.7,560.0,5,F
210060935018,2,F,1,0,1.0,0,Niterói,442.1,348.2,440.5,417.2,740.0,3,G
210060709179,3,M,3,0,1.0,0,Niterói,445.6,515.4,465.0,330.7,600.0,4,F
210059404387,3,F,3,0,1.0,0,Nova Iguaçu,343.3,380.8,449.8,553.9,540.0,2,C
210060127986,2,M,1,0,1.0,0,Duque de Caxias,568.3,618.0,607.8,646.0,620.0,3,D
210060946202,2,F,1,0,1.0,0,Niterói,471.5,556.7,493.6,420.5,600.0,5,G
210058810269,2,M,1,0,1.0,0,Niterói,603.6,600.7,589.2,701.1,760.0,6,Q
210060965850,3,F,1,0,1.0,0,Duque de Caxias,465.1,558.6,455.9,470.3,420.0,3,G
210061297021,3,M,3,0,1.0,0,Duque de Caxias,550.5,471.2,483.0,587.5,660.0,2,B
210059682817,2,F,3,0,1.0,0,Nova Iguaçu,435.2,519.0,527.3,526.4,840.0,4,B
210060394771,2,F,2,0,1.0,0,Nova Iguaçu,391.6,436.5,560.8,518.7,580.0,4,D
210061142799,3,F,3,0,1.0,0,Nova Iguaçu,446.4,507.6,527.0,484.9,520.0,3,B
210059836029,3,F,1,0,1.0,0,Maricá,374.7,477.5,463.4,413.9,300.0,4,H
210060503735,3,F,1,0,1.0,0,Nova Iguaçu,446.5,485.1,458.0,363.5,300.0,3,B
210060389131,3,F,1,0,1.0,0,Duque de Caxias,488.7,512.9,550.7,442.6,760.0,3,B
210059329800,2,F,1,0,1.0,0,Niterói,673.8,471.2,594.5,738.0,940.0,7,K
210058616816,3,M,3,0,1.0,0,Belford Roxo,549.3,533.5,570.8,549.3,800.0,3,G
210061287150,2,F,1,0,1.0,0,Maricá,574.4,603.8,619.5,663.7,920.0,3,B
210059329812,3,F,2,0,1.0,0,Niterói,440.6,396.3,484.7,519.0,580.0,7,C
210060740037,4,F,1,0,1.0,0,Nova Iguaçu,582.9,638.0,499.3,705.9,760.0,3,B
210059723668,3,M,3,0,1.0,0,Nova Iguaçu,622.1,588.3,561.8,682.2,680.0,3,E
210059527028,3,F,1,0,1.0,0,Nova Iguaçu,382.0,482.8,439.8,430.6,520.0,6,B
210061474377,2,M,3,0,1.0,0,Duque de Caxias,419.5,494.5,500.9,444.9,540.0,5,B
210059864196,2,M,2,0,1.0,0,Duque de Caxias,465.2,455.3,438.5,492.3,660.0,3,B
210059708747,3,M,1,0,1.0,0,São João de Meriti,453.8,602.8,572.4,699.2,860.0,3,G
210059149705,1,F,1,0,1.0,0,Duque de Caxias,495.1,367.9,497.0,602.1,700.0,2,A
210059039649,2,F,2,0,1.0,0,Nilópolis,531.1,519.7,500.1,614.8,480.0,2,B
210060160174,3,F,1,0,1.0,0,Nova Iguaçu,544.2,592.8,607.0,781.0,680.0,4,D
210059760122,2,F,2,0,1.0,0,Duque de Caxias,538.2,601.9,602.9,616.5,880.0,2,C
210059488802,2,F,2,0,1.0,0,Nova Iguaçu,457.6,602.5,593.4,563.0,820.0,2,F
210060761078,3,F,3,0,1.0,0,Nova Iguaçu,456.2,622.3,599.1,632.9,640.0,2,B
210060761095,4,M,3,0,1.0,0,Nova Iguaçu,590.2,487.7,517.4,589.1,640.0,4,D
210059488782,3,F,3,0,1.0,0,Duque de Caxias,457.0,496.7,491.2,422.8,840.0,3,B
210060175213,3,M,1,0,1.0,0,Duque de Caxias,483.7,522.0,510.5,515.3,640.0,3,I
210060884480,2,M,1,0,1.0,0,Duque de Caxias,417.0,489.0,426.6,460.5,680.0,4,F
210060894362,3,M,2,0,1.0,0,Niterói,627.8,546.9,562.3,679.6,760.0,3,C
210060128049,2,M,1,0,1.0,0,Duque de Caxias,539.6,503.8,516.5,556.9,740.0,3,B
210058497346,3,F,3,0,1.0,0,Duque de Caxias,580.5,664.0,592.7,629.1,900.0,4,H
210060749897,3,F,3,0,1.0,0,Maricá,480.8,490.0,540.5,519.3,660.0,3,H
210059460623,3,M,1,0,1.0,0,Niterói,605.5,635.6,606.3,713.3,940.0,4,Q
210059773079,3,F,1,0,1.0,0,Duque de Caxias,326.7,518.3,533.3,507.9,760.0,4,F
210058487814,2,F,3,0,1.0,0,Duque de Caxias,435.5,458.8,504.8,402.0,520.0,6,B
210060147074,3,F,2,0,1.0,0,Nova Iguaçu,395.9,536.5,556.3,464.5,600.0,5,B
210058487816,2,F,4,0,1.0,0,Nilópolis,467.3,488.1,543.2,424.4,440.0,4,E
210060147103,4,F,3,0,1.0,0,Niterói,564.4,660.6,646.6,664.0,940.0,2,G
210060561841,3,F,1,0,1.0,0,Duque de Caxias,501.3,494.0,496.8,338.1,600.0,5,H
210059892368,2,M,1,0,1.0,0,Maricá,472.1,600.9,554.1,489.8,700.0,2,B
210059067739,3,F,1,0,1.0,0,Duque de Caxias,385.8,307.7,370.6,475.4,580.0,4,E
210060401752,2,F,3,0,1.0,0,São João de Meriti,445.7,393.8,352.8,412.9,520.0,4,B
210060605530,2,F,1,0,1.0,0,Duque de Caxias,484.5,619.7,581.6,604.3,820.0,4,D
210059067759,2,F,2,0,1.0,0,Duque de Caxias,472.7,480.3,530.1,382.4,680.0,3,B
210058536204,3,M,3,0,1.0,0,São João de Meriti,584.0,553.7,525.7,434.8,800.0,3,C
210059905418,3,F,2,0,1.0,0,São João de Meriti,456.5,557.2,528.4,550.8,560.0,4,B
210059905424,3,M,3,0,1.0,0,Duque de Caxias,433.6,437.7,394.8,486.3,480.0,5,C
210059501863,3,F,2,0,1.0,0,Duque de Caxias,424.6,589.1,632.8,459.9,700.0,4,B
210060782186,2,F,3,0,1.0,0,São João de Meriti,496.2,488.0,472.3,439.9,520.0,2,B
210061163815,3,F,1,0,1.0,0,São João de Meriti,424.1,394.6,391.9,399.9,360.0,3,B
210060925157,2,F,1,0,1.0,0,Nova Iguaçu,437.3,514.6,547.7,441.2,680.0,2,C
210060399246,4,F,1,0,1.0,0,Maricá,470.9,524.1,494.0,622.8,520.0,5,G
210059164736,3,F,3,0,1.0,0,Duque de Caxias,427.2,470.3,503.7,527.1,600.0,5,B
210061318536,3,F,3,0,1.0,0,Duque de Caxias,508.8,478.0,431.5,456.2,400.0,4,B
210061339541,3,F,1,0,1.0,0,Nilópolis,399.7,483.2,525.2,395.0,620.0,4,B
210059920483,2,F,1,0,1.0,0,São João de Meriti,479.1,471.8,553.1,589.3,720.0,4,G
210058536242,3,M,3,0,1.0,0,Maricá,431.5,545.3,514.1,383.0,580.0,2,B
210059749701,3,F,2,0,1.0,0,Belford Roxo,424.9,470.8,545.1,395.8,460.0,5,B
210059219145,3,F,3,0,1.0,0,Nova Iguaçu,409.5,428.8,462.9,334.5,720.0,4,B
210060561886,3,M,1,0,1.0,0,Duque de Caxias,557.1,550.4,514.6,726.8,700.0,5,C
210059920509,1,M,2,0,1.0,0,Nova Iguaçu,526.5,507.8,421.4,406.2,500.0,3,B
210058337155,4,M,1,0,1.0,0,Duque de Caxias,429.7,465.8,473.7,582.9,360.0,3,B
210060373483,3,F,1,0,1.0,0,Maricá,519.4,599.6,572.7,516.8,560.0,4,B
210060403674,2,F,3,0,1.0,0,Duque de Caxias,538.6,549.1,562.0,633.6,640.0,4,C
210060368432,7,F,3,0,1.0,0,Nova Iguaçu,595.3,529.2,509.6,463.6,640.0,2,A
210060392344,2,F,3,0,1.0,0,Nova Iguaçu,451.7,512.6,490.7,454.0,640.0,4,E
210061350791,2,F,3,0,1.0,0,São João de Meriti,455.2,526.4,522.0,404.9,360.0,4,B
210058468916,1,F,2,0,1.0,0,Duque de Caxias,575.7,578.6,562.3,459.2,640.0,3,A
210060516318,3,F,1,0,1.0,0,Niterói,575.1,549.7,578.1,454.8,860.0,6,H
210059054771,3,F,3,0,1.0,0,Maricá,516.3,644.4,588.2,588.0,720.0,6,M
210060527005,2,F,1,0,1.0,0,Duque de Caxias,492.8,580.0,585.6,539.1,740.0,3,D
210060389980,3,F,3,0,1.0,0,Nova Iguaçu,438.1,397.1,411.4,349.5,840.0,2,B
210058616903,3,F,1,0,1.0,0,Nova Iguaçu,597.4,683.8,615.7,819.8,900.0,4,K
210059851115,2,M,1,0,1.0,0,Duque de Caxias,493.5,605.0,620.0,681.7,620.0,4,D
210059445634,3,F,3,0,1.0,0,Nova Iguaçu,484.7,405.4,484.1,476.2,820.0,4,B
210058625530,2,F,2,0,1.0,0,Nova Iguaçu,538.1,575.6,501.7,551.2,500.0,4,D
210060118979,4,M,3,0,1.0,0,Duque de Caxias,495.7,561.4,539.3,622.2,660.0,4,B
210059851105,2,F,1,0,1.0,0,Nova Iguaçu,421.1,487.4,547.3,617.3,640.0,3,C
210059527068,3,F,1,0,1.0,0,Nova Iguaçu,551.1,662.6,643.7,731.7,820.0,4,C
210059864248,3,F,2,0,1.0,0,Duque de Caxias,427.8,536.3,541.2,425.1,640.0,4,B
210058487913,2,F,1,0,1.0,0,Belford Roxo,443.7,605.6,580.3,430.4,740.0,4,D
210059445667,3,M,2,0,1.0,0,Nilópolis,520.5,518.7,469.7,468.5,600.0,4,B
210059460695,2,F,3,0,1.0,0,Duque de Caxias,419.5,506.2,561.0,463.9,620.0,4,D
210059974828,3,F,1,0,1.0,0,Maricá,399.9,477.9,486.4,386.0,660.0,3,D
210059603110,2,F,2,0,1.0,0,Belford Roxo,435.3,495.7,471.6,473.6,800.0,3,B
210061256294,2,F,3,0,1.0,0,São João de Meriti,553.8,576.3,557.5,644.6,700.0,3,B
210060067215,2,F,3,0,1.0,0,Niterói,564.4,492.2,527.9,595.0,940.0,4,C
210060452652,3,M,3,0,1.0,0,Nova Iguaçu,487.0,538.4,528.4,375.5,660.0,2,C
210060378706,5,F,1,0,1.0,0,Niterói,392.1,464.8,337.3,419.3,440.0,4,C
210061245157,3,F,1,0,1.0,0,Nova Iguaçu,504.5,595.3,548.9,479.6,620.0,3,B
210060452638,2,F,3,0,1.0,0,Niterói,486.9,327.2,389.0,447.9,560.0,4,B
210059262400,2,F,3,0,1.0,0,Duque de Caxias,413.3,376.9,324.9,373.8,560.0,4,B
210058956253,2,F,1,0,1.0,0,Niterói,446.3,471.6,506.0,404.1,600.0,2,B
210058424216,3,F,1,0,1.0,0,São João de Meriti,447.7,558.3,516.9,546.9,680.0,4,B
210060378691,5,F,1,0,1.0,0,Nova Iguaçu,421.9,429.9,321.7,391.8,480.0,4,B
210060378713,3,M,3,0,1.0,0,Duque de Caxias,473.4,552.7,484.0,500.1,640.0,3,B
210058588850,2,F,1,0,1.0,0,Niterói,676.1,620.4,578.1,696.6,940.0,4,O
210059590123,2,F,2,0,1.0,0,São João de Meriti,525.0,586.5,492.0,529.5,240.0,3,B
210059987920,3,F,3,0,1.0,0,Duque de Caxias,446.4,441.7,430.5,524.0,660.0,5,C
210061235274,4,F,2,0,1.0,0,Duque de Caxias,345.0,441.6,437.9,414.6,500.0,5,B
210061319886,11,F,3,0,1.0,0,Belford Roxo,544.4,498.1,437.9,426.9,720.0,3,A
210059656926,4,F,3,0,1.0,0,Duque de Caxias,531.5,565.0,484.6,464.4,740.0,4,G
210060067258,3,F,3,0,1.0,0,Nova Iguaçu,513.2,570.7,541.0,624.6,760.0,4,D
210060079701,2,M,1,0,1.0,0,Niterói,684.1,673.9,666.8,958.6,900.0,3,G
210060341460,4,M,3,0,1.0,0,Duque de Caxias,405.4,443.6,427.7,387.2,440.0,3,A
210060067238,2,F,2,0,1.0,0,Nova Iguaçu,497.8,583.6,543.4,516.8,860.0,4,B
210060699323,2,M,1,0,1.0,0,Niterói,503.5,602.6,585.6,689.7,560.0,5,G
210060688138,3,F,1,0,1.0,0,Maricá,444.9,459.4,487.5,357.5,460.0,4,B
210060391049,2,F,1,0,1.0,0,Duque de Caxias,543.8,557.0,543.8,419.8,580.0,2,B
210059822967,4,F,4,0,1.0,0,Niterói,433.8,511.6,486.5,431.8,360.0,5,C
210061319836,3,F,3,0,1.0,0,Nova Iguaçu,406.5,530.2,529.8,523.6,840.0,3,C
210059669906,3,F,1,0,1.0,0,Maricá,620.2,637.4,590.6,677.3,900.0,5,D
210059391372,3,F,3,0,1.0,0,Belford Roxo,490.9,566.1,562.1,431.9,700.0,5,B
210060965986,2,F,1,0,1.0,0,Nova Iguaçu,503.5,549.8,470.5,546.1,500.0,4,B
210061329708,2,F,1,0,1.0,0,Nilópolis,486.3,583.8,561.1,595.6,720.0,6,M
210060391058,2,M,3,0,1.0,0,São João de Meriti,411.8,487.9,424.7,589.8,440.0,4,C
210060067249,3,F,3,0,1.0,0,Maricá,377.9,481.0,478.6,381.4,580.0,4,B
210060050592,3,F,3,0,1.0,0,São João de Meriti,419.3,450.8,414.2,399.0,480.0,4,C
210061453222,4,F,3,0,1.0,0,São João de Meriti,433.7,414.5,421.1,405.2,320.0,5,C
210060330945,3,F,3,0,1.0,0,Niterói,515.7,535.0,491.8,517.9,640.0,6,C
210060386596,3,F,1,0,1.0,0,Nova Iguaçu,394.6,469.0,498.8,440.1,520.0,3,E
210061287209,2,M,3,0,1.0,0,Nova Iguaçu,526.3,602.8,573.0,403.0,720.0,3,B
210058608880,6,M,2,0,1.0,0,Niterói,326.3,469.9,520.3,388.3,340.0,3,B
210059801291,2,F,2,0,1.0,0,Nova Iguaçu,482.4,496.3,478.2,504.7,780.0,6,C
210058515171,2,F,1,0,1.0,0,Nova Iguaçu,480.7,544.8,529.5,551.9,720.0,4,C
210059100325,2,F,3,0,1.0,0,Duque de Caxias,544.0,573.8,594.8,633.8,720.0,4,C
210059100327,3,F,2,0,1.0,0,Maricá,564.7,530.2,615.0,641.1,660.0,5,C
210060792047,3,F,2,0,1.0,0,Niterói,477.8,549.9,566.5,401.1,680.0,5,C
210059801212,3,F,1,0,1.0,0,São João de Meriti,516.2,610.2,554.1,660.0,880.0,2,B
210059801191,3,F,1,0,1.0,0,Maricá,501.7,532.4,545.5,638.7,880.0,4,E
210059946717,2,F,2,0,1.0,0,Nova Iguaçu,380.0,525.5,575.1,478.6,860.0,3,G
210058929673,2,F,2,0,1.0,0,Duque de Caxias,493.3,550.6,460.5,429.3,760.0,3,D
210058943451,3,M,2,0,1.0,0,Nova Iguaçu,411.0,556.9,559.9,693.3,900.0,6,B
210058414797,3,F,2,0,1.0,0,Nova Iguaçu,442.2,462.9,440.4,359.1,440.0,3,C
210060946256,3,M,2,0,1.0,0,Duque de Caxias,535.4,449.7,515.4,507.3,560.0,3,B
210058406655,2,F,2,0,1.0,0,Nilópolis,504.6,546.2,580.4,471.4,880.0,2,D
210058118849,3,F,3,0,1.0,0,Duque de Caxias,513.5,556.5,522.9,529.3,940.0,4,C
210058387667,4,F,1,0,1.0,0,Duque de Caxias,459.8,547.9,504.2,461.1,420.0,4,D
210058095833,4,F,1,0,1.0,0,Niterói,578.0,539.0,571.8,541.5,620.0,2,B
210058095792,6,F,2,0,1.0,0,Maricá,392.9,382.6,404.7,349.8,480.0,8,Q
210060801899,3,F,3,0,1.0,0,Nova Iguaçu,567.7,616.3,602.2,648.0,880.0,4,B
210059403460,3,F,3,0,1.0,0,Duque de Caxias,485.4,581.7,583.7,577.9,920.0,3,D
210060873365,3,F,3,0,1.0,0,São João de Meriti,478.5,527.7,532.0,472.7,660.0,4,B
210059543058,2,F,3,0,1.0,0,Duque de Caxias,489.6,528.3,546.7,392.9,600.0,2,B
210058107659,3,F,1,0,1.0,0,Nova Iguaçu,493.0,577.8,562.4,510.4,560.0,6,B
210060842490,3,F,1,0,1.0,0,Niterói,514.4,510.5,503.2,537.1,800.0,4,D
210059388391,2,M,3,0,1.0,0,Duque de Caxias,644.1,675.8,648.7,753.6,760.0,5,F
210059801228,2,F,3,0,1.0,0,São João de Meriti,473.4,489.0,428.6,626.9,640.0,3,B
210058095841,2,F,2,0,1.0,0,Niterói,544.6,549.7,523.3,434.4,560.0,1,B
210058594336,3,F,2,0,1.0,0,Niterói,476.9,527.5,562.2,533.0,680.0,2,C
210058994988,2,F,2,0,1.0,0,Belford Roxo,436.9,353.5,425.6,574.7,940.0,4,E
210059801409,2,F,1,0,1.0,0,Nova Iguaçu,603.6,634.6,394.6,439.0,960.0,2,C
210059801410,2,F,2,0,1.0,0,Belford Roxo,473.0,569.2,530.6,422.5,660.0,5,C
210058424263,2,F,1,0,1.0,0,Nova Iguaçu,661.9,695.0,676.1,731.8,800.0,5,E
210058969145,2,F,1,0,1.0,0,Niterói,458.2,608.4,523.9,682.6,920.0,5,D
210059762329,3,M,1,0,1.0,0,Niterói,358.5,395.4,374.2,393.7,820.0,4,B
210060482650,3,F,1,0,1.0,0,Maricá,505.8,531.2,454.5,541.5,480.0,4,B
210060156096,3,M,1,0,1.0,0,Niterói,362.1,559.4,486.5,522.6,560.0,4,J
210059762335,3,F,3,0,1.0,0,Niterói,378.1,420.5,449.7,402.8,640.0,4,C
210059499039,3,F,1,0,1.0,0,Niterói,481.0,591.1,591.9,597.5,840.0,2,D
210060079748,3,F,1,0,1.0,0,Duque de Caxias,458.7,585.4,546.2,565.4,740.0,3,B
210058817035,2,M,2,0,1.0,0,Belford Roxo,540.7,514.3,559.6,570.1,660.0,5,C
210060915476,2,F,1,0,1.0,0,Nova Iguaçu,584.7,588.1,574.6,702.0,980.0,4,I
210058817038,3,F,2,0,1.0,0,Nova Iguaçu,450.4,575.4,567.2,495.9,540.0,4,B
210060216420,3,F,1,0,1.0,0,São João de Meriti,594.3,675.3,606.7,660.4,880.0,4,H
210060143246,3,F,3,0,1.0,0,Belford Roxo,522.5,480.8,438.7,399.1,640.0,6,C
210058095868,3,F,1,0,1.0,0,São João de Meriti,413.1,386.5,425.7,518.9,620.0,4,B
210059829351,2,M,3,0,1.0,0,Maricá,549.3,578.3,566.9,642.1,900.0,3,G
210060822904,2,F,1,0,1.0,0,Duque de Caxias,508.9,615.3,606.7,695.0,880.0,4,D
210058553611,3,M,2,0,1.0,0,Belford Roxo,395.2,510.7,433.2,475.2,520.0,4,A
210060249821,3,M,3,0,1.0,0,Duque de Caxias,619.5,631.5,599.4,665.6,860.0,3,D
210060956189,2,M,1,0,1.0,0,Niterói,514.1,565.7,574.2,664.3,720.0,5,A
210060143215,2,F,1,0,1.0,0,Belford Roxo,539.9,553.8,546.3,612.6,880.0,3,G
210058387767,2,F,1,0,1.0,0,Nova Iguaçu,547.2,557.6,603.6,472.0,540.0,2,B
210059126322,3,M,3,0,1.0,0,Nova Iguaçu,547.2,515.0,533.8,609.4,820.0,5,D
210059206107,3,M,3,0,1.0,0,Maricá,465.7,462.0,520.8,375.4,500.0,4,G
210059762268,3,F,2,0,1.0,0,Nova Iguaçu,500.2,485.6,491.1,493.6,380.0,4,C
210058515217,3,F,2,0,1.0,0,Niterói,423.9,452.3,438.7,375.4,480.0,3,B
210058085366,3,F,3,0,1.0,0,Duque de Caxias,396.6,498.7,421.8,392.5,600.0,3,B
210058118882,3,M,3,0,1.0,0,Nova Iguaçu,447.1,526.6,440.8,523.6,740.0,4,D
210060832734,3,F,3,0,1.0,0,Nova Iguaçu,656.0,703.0,667.5,661.3,920.0,3,G
210060801978,2,F,2,0,1.0,0,Nova Iguaçu,539.3,581.6,590.0,579.1,800.0,4,O
210059816342,3,F,1,0,1.0,0,Niterói,606.8,553.9,637.0,723.9,880.0,6,P
210059571293,2,F,3,0,1.0,0,Duque de Caxias,563.4,535.6,604.2,661.8,840.0,5,B
210061339666,3,F,1,0,1.0,0,Niterói,464.9,570.8,606.8,593.5,960.0,2,B
210059577177,4,F,2,0,1.0,0,Belford Roxo,452.4,501.0,518.1,472.6,660.0,4,B
210061401465,5,M,1,0,1.0,0,Niterói,438.0,503.2,528.0,575.4,280.0,4,C
210059082934,2,F,1,0,1.0,0,Nova Iguaçu,575.1,635.4,611.0,740.9,860.0,2,C
210061246515,2,F,3,0,1.0,0,Duque de Caxias,434.5,401.9,483.4,515.4,680.0,3,B
210061266228,3,F,1,0,1.0,0,São João de Meriti,596.4,580.5,550.1,531.2,680.0,4,C
210058326149,2,F,3,0,1.0,0,Nova Iguaçu,512.5,514.1,552.2,630.5,800.0,4,D
210061214335,3,F,3,0,1.0,0,Nova Iguaçu,438.3,509.2,505.8,439.7,360.0,3,B
210060470165,2,F,3,0,1.0,0,Duque de Caxias,490.6,494.1,514.5,625.0,920.0,3,D
210058998577,3,F,1,0,1.0,0,Nova Iguaçu,390.0,446.8,560.8,529.5,560.0,2,D
210059829387,4,F,2,0,1.0,0,São João de Meriti,470.5,527.9,544.6,440.6,680.0,2,C
210060039149,2,F,3,0,1.0,0,Niterói,497.4,568.5,538.6,610.8,800.0,4,B
210059262452,2,F,3,0,1.0,0,Nilópolis,427.1,495.8,470.4,419.8,660.0,4,C
210059961774,3,M,2,0,1.0,0,Duque de Caxias,532.1,610.6,543.4,541.2,480.0,4,B
210060291048,4,F,1,0,1.0,0,Belford Roxo,423.6,508.9,494.9,548.5,560.0,4,C
210058581554,3,F,1,0,1.0,0,Niterói,494.8,345.3,512.1,549.0,660.0,5,B
210059989920,3,F,1,0,1.0,0,Duque de Caxias,559.4,578.1,567.2,551.1,840.0,3,C
210059275570,3,F,1,0,1.0,0,São João de Meriti,489.2,601.1,562.2,554.9,920.0,5,B
210060668395,3,F,1,0,1.0,0,Niterói,434.6,487.8,518.5,422.8,260.0,5,H
210060433272,2,M,3,0,1.0,0,Belford Roxo,543.9,542.9,617.1,572.6,720.0,3,F
210058569507,3,M,3,0,1.0,0,Nova Iguaçu,572.6,604.2,602.2,609.5,820.0,3,E
210058575503,3,F,3,0,1.0,0,Belford Roxo,531.9,485.5,492.5,454.2,440.0,3,B
210060423924,3,F,1,0,1.0,0,Niterói,592.6,597.1,626.9,713.9,860.0,3,K
210061401475,3,F,1,0,1.0,0,Niterói,377.7,524.4,510.0,519.9,560.0,3,B
210059961798,3,F,1,0,1.0,0,Nilópolis,463.8,559.3,585.5,563.4,580.0,2,B
210059974857,3,F,2,0,1.0,0,Duque de Caxias,517.9,546.8,492.1,612.3,720.0,4,F
210060291074,3,F,2,0,1.0,0,São João de Meriti,412.4,474.0,494.8,466.9,560.0,4,C
210060016137,4,F,2,0,1.0,0,Duque de Caxias,438.7,468.2,393.6,401.7,580.0,4,B
210060317292,2,F,1,0,1.0,0,São João de Meriti,570.0,605.1,575.9,626.9,860.0,2,B
210058316262,2,F,3,0,1.0,0,Nova Iguaçu,488.0,561.8,503.5,487.0,460.0,8,C
210059961801,3,M,2,0,1.0,0,Nova Iguaçu,464.6,366.9,508.9,466.8,520.0,6,B
210059749767,2,F,1,0,1.0,0,Nova Iguaçu,512.7,484.9,516.7,505.1,560.0,3,D
210059192964,2,M,1,0,1.0,0,Nova Iguaçu,599.7,438.4,446.3,423.4,920.0,4,C
210059762257,3,F,2,0,1.0,0,Nilópolis,498.0,508.9,490.2,536.9,340.0,3,D
210059177930,3,M,1,0,1.0,0,Niterói,459.8,458.7,463.2,344.5,680.0,4,B
210058506971,3,F,1,0,1.0,0,Niterói,623.9,577.1,597.4,626.6,960.0,2,B
210061453289,3,F,1,0,1.0,0,Niterói,623.9,659.9,629.4,737.7,900.0,5,J
210060160245,2,F,3,0,1.0,0,Duque de Caxias,492.8,473.2,484.6,447.7,620.0,3,B
210058497426,2,M,1,0,1.0,0,Duque de Caxias,591.1,669.7,607.6,732.0,840.0,2,B
210059568274,3,F,1,0,1.0,0,Belford Roxo,531.5,587.1,562.0,586.1,500.0,2,B
210059568276,2,M,1,0,1.0,0,Niterói,780.0,733.4,638.9,941.0,940.0,3,P
210061308750,3,F,3,0,1.0,0,Maricá,579.6,612.5,582.1,425.4,720.0,4,B
210060401814,2,F,1,0,1.0,0,Niterói,480.5,490.7,523.7,551.0,820.0,4,F
210060368486,3,F,3,0,1.0,0,Duque de Caxias,509.6,522.1,497.6,474.3,700.0,7,B
210060188331,2,F,2,0,1.0,0,Duque de Caxias,444.2,485.9,495.2,350.1,560.0,5,B
210058074849,2,M,2,0,1.0,0,Duque de Caxias,457.8,563.8,508.3,491.3,580.0,9,E
210058641570,3,F,3,0,1.0,0,Duque de Caxias,518.3,619.3,638.3,699.1,680.0,3,B
210059206071,2,F,1,0,1.0,0,Duque de Caxias,448.5,508.7,479.1,567.2,400.0,2,D
210060399293,2,M,1,0,1.0,0,Niterói,501.0,555.9,497.5,515.6,640.0,5,B
210060143045,3,M,1,0,1.0,0,São João de Meriti,515.8,667.4,588.7,639.0,740.0,4,E
210060595668,2,F,1,0,1.0,0,Niterói,476.5,557.0,572.9,504.6,480.0,4,K
210061173650,3,M,3,0,1.0,0,Duque de Caxias,556.3,384.2,549.5,612.1,620.0,5,D
210061184814,3,M,1,0,1.0,0,Nova Iguaçu,384.2,405.5,438.8,453.0,640.0,3,G
210060771026,2,F,3,0,1.0,0,Niterói,531.3,364.0,449.6,586.3,880.0,2,L
210060595689,4,F,3,0,1.0,0,Niterói,554.1,569.0,619.3,689.8,780.0,2,L
210061173694,4,M,1,0,1.0,0,Niterói,552.0,612.6,547.9,682.3,920.0,4,Q
210060003047,4,M,3,0,1.0,0,Niterói,503.3,486.4,381.4,497.8,640.0,4,C
210058588952,3,M,1,0,1.0,0,Belford Roxo,526.2,532.7,534.6,517.8,700.0,3,F
210060276103,2,F,3,0,1.0,0,São João de Meriti,547.5,604.6,600.2,604.2,720.0,7,C
210059275596,3,F,1,0,1.0,0,Duque de Caxias,507.4,486.5,519.2,333.2,560.0,4,E
210060894626,3,F,1,0,1.0,0,Nova Iguaçu,571.5,587.5,590.9,674.9,880.0,4,C
210058406775,3,F,3,0,1.0,0,Nilópolis,482.4,521.5,511.7,405.5,840.0,4,D
210061329891,2,F,2,0,1.0,0,Niterói,424.8,438.1,544.0,640.6,880.0,3,G
210058931904,3,F,1,0,1.0,0,São João de Meriti,460.8,533.9,428.1,588.0,720.0,4,E
210059262487,3,F,1,0,1.0,0,Niterói,544.2,645.4,579.0,734.1,960.0,4,F
210058588943,3,F,1,0,1.0,0,Nova Iguaçu,547.0,552.8,535.7,637.4,820.0,4,C
210060894609,3,F,2,0,1.0,0,Nova Iguaçu,439.3,505.7,535.4,392.1,680.0,4,F
210058575544,3,F,3,0,1.0,0,Maricá,469.3,487.6,531.7,489.5,880.0,5,B
210058317884,3,F,3,0,1.0,0,Maricá,459.3,463.6,420.8,330.9,460.0,6,B
210059219238,2,F,1,0,1.0,0,Duque de Caxias,521.5,549.4,561.5,430.0,860.0,3,A
210058553669,2,F,1,0,1.0,0,Nilópolis,513.9,526.9,520.7,477.5,840.0,3,C
210060423962,4,F,1,0,1.0,0,São João de Meriti,448.0,571.7,500.9,570.5,580.0,4,G
210061215671,4,F,3,0,1.0,0,Duque de Caxias,415.5,503.2,508.7,395.6,440.0,3,C
210060026066,4,F,3,0,1.0,0,Nova Iguaçu,499.4,422.7,467.6,484.5,360.0,2,C
210060401875,2,F,3,0,1.0,0,Duque de Caxias,496.9,436.5,495.4,478.3,560.0,2,A
210059855430,2,M,1,0,1.0,0,Maricá,548.1,543.5,531.5,508.5,920.0,3,G
210060946476,2,F,1,0,1.0,0,Nova Iguaçu,573.9,562.5,646.0,579.8,680.0,4,J
210061154078,3,M,3,0,1.0,0,Nova Iguaçu,498.0,525.7,530.6,462.3,740.0,3,E
210059842444,3,F,2,0,1.0,0,Nova Iguaçu,564.1,583.4,567.6,621.2,800.0,3,B
210059046772,3,M,0,0,1.0,0,Niterói,568.8,627.1,563.7,707.3,840.0,4,I
210060078665,2,F,2,0,1.0,0,Nova Iguaçu,480.0,555.0,532.8,609.5,840.0,3,H
210059046792,3,M,3,0,1.0,0,Nova Iguaçu,537.6,550.7,548.5,520.4,520.0,5,B
210060175305,5,M,3,0,1.0,0,Belford Roxo,440.8,565.2,573.3,551.1,640.0,6,C
210059540230,2,M,1,0,1.0,0,Niterói,567.5,521.8,552.4,702.3,900.0,3,J
210061184832,3,F,1,0,1.0,0,São João de Meriti,471.0,544.8,633.0,600.1,840.0,3,E
210060175331,4,F,3,0,1.0,0,Belford Roxo,442.9,440.1,500.8,343.8,560.0,1,A
210059164820,2,M,3,0,1.0,0,São João de Meriti,535.2,542.2,608.9,473.6,680.0,4,B
210060561981,3,F,2,0,1.0,0,Nova Iguaçu,581.2,462.4,599.0,632.7,780.0,3,C
210060946445,3,F,3,0,1.0,0,Niterói,413.5,374.9,500.4,492.1,600.0,4,B
210060925373,2,M,1,0,1.0,0,Duque de Caxias,543.5,641.3,594.4,668.5,700.0,3,A
210059074564,3,F,1,0,1.0,0,Niterói,468.0,541.1,461.2,508.3,640.0,4,D
210058316363,2,F,1,0,1.0,0,Niterói,577.8,654.1,586.6,647.5,880.0,4,G
210060905682,2,F,1,0,1.0,0,Duque de Caxias,576.7,594.3,603.6,584.8,600.0,4,B
210059723778,2,F,1,0,1.0,0,Maricá,452.2,424.9,449.2,369.5,360.0,5,B
210060403758,2,F,2,0,1.0,0,Duque de Caxias,576.5,409.1,573.9,595.3,720.0,9,B
210058050635,2,F,1,0,1.0,0,Niterói,558.6,594.6,583.3,699.4,600.0,4,G
210060761187,3,F,1,0,1.0,0,Niterói,385.3,483.9,469.4,507.2,560.0,4,F
210060076686,2,F,3,0,1.0,0,Duque de Caxias,555.1,462.6,559.3,546.1,900.0,3,B
210060605640,2,F,3,0,1.0,0,Nova Iguaçu,498.4,524.5,476.4,488.7,600.0,4,D
210060392624,2,F,3,0,1.0,0,Nova Iguaçu,490.7,441.9,410.2,355.5,520.0,4,K
210059879356,3,M,1,0,1.0,0,Nova Iguaçu,647.4,689.8,627.8,771.7,840.0,2,E
210059542174,2,F,3,0,1.0,0,Nilópolis,392.6,584.3,523.4,450.5,400.0,2,D
210059710805,3,F,1,0,1.0,0,Duque de Caxias,446.2,626.6,570.6,640.8,960.0,4,G
210060078846,3,M,1,0,1.0,0,São João de Meriti,437.7,499.9,466.2,524.7,580.0,3,B
210058387813,3,M,1,0,1.0,0,São João de Meriti,613.6,631.4,621.8,725.6,800.0,3,G
210060078804,2,F,1,0,1.0,0,Nova Iguaçu,565.0,597.0,567.9,573.0,900.0,3,C
210060229610,2,F,1,0,1.0,0,Duque de Caxias,431.7,494.0,509.6,639.1,820.0,3,E
210060782285,3,M,3,0,1.0,0,Belford Roxo,533.6,527.1,549.9,504.2,600.0,4,B
210059113401,3,M,3,0,1.0,0,Belford Roxo,487.9,563.2,542.6,403.3,460.0,3,B
210061320018,2,F,2,0,1.0,0,Nilópolis,414.2,466.4,436.7,469.9,740.0,2,J
210061310241,2,F,1,0,1.0,0,Belford Roxo,529.8,596.0,594.1,631.1,700.0,3,C
210060832878,2,F,1,0,1.0,0,Nova Iguaçu,430.0,524.0,566.6,704.2,780.0,3,J
210058524767,3,F,3,0,1.0,0,Nova Iguaçu,461.1,534.8,506.4,535.4,600.0,3,C
210059100447,2,M,3,0,1.0,0,Nova Iguaçu,461.3,529.4,509.4,548.9,620.0,3,B
210059775408,3,F,3,0,1.0,0,Nova Iguaçu,426.9,503.8,495.2,526.7,640.0,3,B
210059100472,3,F,3,0,1.0,0,Duque de Caxias,583.7,631.6,622.8,711.1,960.0,4,E
210058553632,3,F,1,0,1.0,0,Niterói,479.4,491.7,567.4,481.8,340.0,2,A
210058095917,3,F,1,0,1.0,0,Duque de Caxias,562.9,421.8,564.7,669.6,780.0,1,B
210060078816,2,F,1,0,1.0,0,Nova Iguaçu,447.7,591.5,538.9,560.7,640.0,5,E
210059816438,2,F,3,0,1.0,0,Nova Iguaçu,461.8,670.2,602.9,563.3,740.0,3,G
210060823001,3,M,2,0,1.0,0,Nova Iguaçu,530.0,541.3,493.7,571.0,420.0,5,B
210060087023,3,M,1,0,1.0,0,Niterói,472.7,545.4,460.9,660.5,760.0,2,I
210060216474,3,F,0,0,1.0,0,Duque de Caxias,558.2,519.5,568.3,595.8,740.0,4,B
210060415874,4,F,1,0,1.0,0,Niterói,640.3,684.7,729.5,764.0,960.0,3,N
210058107764,4,F,3,0,1.0,0,Nova Iguaçu,428.1,493.5,527.6,332.7,340.0,3,A
210059816423,2,F,3,0,1.0,0,Duque de Caxias,447.5,450.2,466.9,423.8,600.0,4,B
210060616867,4,F,2,0,1.0,0,São João de Meriti,384.7,539.9,512.1,523.9,760.0,3,B
210059432629,3,F,1,0,1.0,0,Niterói,459.4,522.9,417.8,487.7,540.0,4,D
210061277420,3,F,3,0,1.0,0,Niterói,483.7,532.3,554.9,482.2,440.0,4,D
210061287271,3,F,1,0,1.0,0,Niterói,419.8,493.5,492.9,387.1,800.0,5,E
210060391139,2,F,2,0,1.0,0,São João de Meriti,448.4,542.9,554.5,470.8,700.0,4,G
210059033848,2,M,3,0,1.0,0,Duque de Caxias,480.1,452.4,408.4,369.3,400.0,5,B
210061391713,3,M,2,0,2.0,0,Duque de Caxias,394.7,454.5,465.9,457.7,580.0,3,D
210060516375,2,F,1,0,1.0,0,São João de Meriti,543.4,580.1,552.0,453.2,860.0,4,K
210059026782,3,F,1,0,1.0,0,Nilópolis,478.0,572.2,596.0,613.0,940.0,4,D
210060730328,2,F,3,0,1.0,0,Nilópolis,460.2,497.1,527.2,500.5,520.0,4,D
210059033838,3,F,1,0,1.0,0,Duque de Caxias,527.9,547.1,547.2,548.6,620.0,2,F
210061297170,2,F,1,0,1.0,0,Nilópolis,436.6,509.3,479.4,424.4,760.0,3,B
210060076630,3,F,3,0,1.0,0,Niterói,626.6,597.0,618.4,628.7,920.0,4,M
210061287288,3,F,1,0,1.0,0,São João de Meriti,401.3,474.0,411.4,457.3,540.0,5,D
210058946527,3,M,1,0,1.0,0,Niterói,545.5,568.8,539.7,691.4,400.0,4,K
210058507089,3,F,1,0,1.0,0,Maricá,528.1,542.4,568.1,424.1,720.0,3,C
210061173772,3,F,1,0,1.0,0,Duque de Caxias,622.4,592.8,535.7,649.2,900.0,2,B
210060399425,3,M,1,0,1.0,0,Duque de Caxias,486.4,547.8,538.0,509.1,760.0,5,C
210059530150,2,F,1,0,1.0,0,Nova Iguaçu,538.6,540.1,549.6,598.2,840.0,3,J
210059892525,4,F,1,0,1.0,0,Duque de Caxias,434.8,390.8,480.1,389.8,360.0,5,C
210060853942,2,F,4,0,1.0,0,Nova Iguaçu,369.9,553.5,516.9,442.3,480.0,3,C
210061310491,4,F,2,0,1.0,0,Nova Iguaçu,475.6,463.2,445.7,416.1,620.0,4,B
210060616915,3,F,1,0,1.0,0,Duque de Caxias,509.2,600.1,522.1,477.6,920.0,3,G
210060188450,3,F,3,0,1.0,0,Nova Iguaçu,498.6,524.3,564.4,507.8,800.0,4,C
210060595795,2,M,1,0,1.0,0,Nova Iguaçu,588.5,650.2,617.1,756.8,760.0,4,M
210060853950,3,M,3,0,1.0,0,Maricá,426.2,475.3,476.2,447.2,380.0,3,E
210059749877,2,F,3,0,1.0,0,Nilópolis,338.5,510.0,456.7,529.8,580.0,4,B
210058085456,2,F,3,0,1.0,0,Duque de Caxias,469.5,525.0,567.4,518.1,680.0,3,B
210061173785,4,F,1,0,1.0,0,Belford Roxo,506.5,642.5,631.7,601.3,720.0,2,B
210059362348,2,F,3,0,1.0,0,Duque de Caxias,491.8,503.2,470.1,366.6,320.0,2,B
210059375459,3,M,2,0,1.0,0,São João de Meriti,366.8,332.5,519.7,332.4,680.0,4,B
210059193048,2,M,3,0,1.0,0,Niterói,477.2,558.5,530.7,583.9,700.0,4,A
210061330125,4,F,2,0,1.0,0,Niterói,448.0,492.1,497.4,473.1,600.0,2,B
210059736843,2,F,2,0,1.0,0,Belford Roxo,409.0,515.6,523.3,414.7,800.0,2,B
210059736861,3,F,1,0,1.0,0,Niterói,562.7,591.8,557.5,612.4,760.0,4,E
210059331917,2,F,3,0,1.0,0,Duque de Caxias,572.3,610.0,612.3,489.1,880.0,2,B
210059501012,3,F,3,0,1.0,0,São João de Meriti,539.9,634.3,581.6,663.4,900.0,3,C
210060363874,2,M,1,0,1.0,0,Niterói,680.2,680.5,652.3,841.1,960.0,2,Q
210060493316,2,M,1,0,1.0,0,Niterói,481.9,611.3,563.7,626.8,680.0,3,K
210059803467,2,F,3,0,1.0,0,Belford Roxo,428.7,489.3,516.2,427.5,740.0,4,B
210060720513,4,F,1,0,1.0,0,Nova Iguaçu,474.0,535.6,474.2,407.3,760.0,5,E
210060853927,2,F,3,0,1.0,0,Nilópolis,562.7,645.5,581.3,587.0,580.0,4,C
210060391185,3,F,1,0,1.0,0,Duque de Caxias,512.6,601.8,618.7,675.4,860.0,5,F
210059697871,3,F,1,0,1.0,0,Niterói,621.2,680.0,685.6,814.1,880.0,5,I
210059499074,2,F,1,0,1.0,0,Niterói,495.0,556.3,557.4,472.9,380.0,3,O
210061350964,2,M,1,0,1.0,0,São João de Meriti,383.7,412.7,424.0,434.6,360.0,3,B
210060106029,2,F,3,0,1.0,0,Maricá,434.6,558.9,530.6,471.2,820.0,4,B
210059290703,4,F,2,0,1.0,0,Nova Iguaçu,390.1,492.4,584.3,525.1,720.0,4,B
210058618292,3,M,1,0,1.0,0,Nova Iguaçu,377.6,364.1,318.2,436.1,460.0,5,C
210061341164,4,F,4,0,1.0,0,São João de Meriti,417.0,431.8,473.5,493.2,440.0,2,B
210059670002,2,F,3,0,1.0,0,Nova Iguaçu,567.8,593.7,558.5,636.4,660.0,5,C
210061144260,2,M,3,0,1.0,0,Duque de Caxias,462.9,484.5,455.1,539.2,400.0,4,B
210061350989,2,F,2,0,1.0,0,Niterói,411.2,541.3,479.4,349.7,540.0,3,B
210059816509,3,F,1,0,1.0,0,Belford Roxo,487.9,550.1,533.6,537.6,720.0,3,B
210059879399,3,F,2,0,1.0,0,Nova Iguaçu,449.6,505.1,537.6,404.6,920.0,3,C
210059829546,2,F,2,0,1.0,0,Nova Iguaçu,389.2,507.4,505.6,449.1,940.0,5,G
210060730371,2,F,3,0,1.0,0,Duque de Caxias,420.1,438.4,404.7,440.0,500.0,5,A
210061360834,2,F,2,0,1.0,0,Nova Iguaçu,512.7,441.3,490.6,450.1,560.0,3,B
210060761240,2,F,2,0,1.0,0,Nilópolis,471.7,584.3,598.3,525.4,880.0,5,C
210059164875,4,F,2,0,1.0,0,Belford Roxo,409.9,449.5,443.2,389.9,420.0,4,B
210059542221,2,F,2,0,1.0,0,Nova Iguaçu,545.5,613.8,580.2,545.9,900.0,4,C
210059710869,2,F,2,0,1.0,0,Niterói,344.9,471.4,389.2,331.7,540.0,2,C
210060956390,2,F,2,0,1.0,0,Belford Roxo,397.6,483.3,468.6,443.3,500.0,4,A
210061154106,2,F,4,0,1.0,0,São João de Meriti,452.6,470.2,430.7,374.7,360.0,2,B
210060529059,2,F,1,0,1.0,0,Nova Iguaçu,516.7,572.4,542.5,545.7,740.0,5,D
210060089302,2,F,3,0,1.0,0,Nilópolis,459.3,520.1,524.1,531.1,620.0,5,D
210059864368,3,F,1,0,1.0,0,Nova Iguaçu,572.9,490.7,476.5,339.6,680.0,3,B
210060134152,3,F,2,0,1.0,0,Nova Iguaçu,466.9,510.8,584.9,529.7,640.0,5,C
210060089271,2,M,1,0,1.0,0,Nilópolis,494.8,537.7,529.0,678.5,860.0,4,G
210059829540,3,M,1,0,1.0,0,Maricá,529.5,642.0,544.0,593.2,720.0,4,C
210059431672,2,F,5,0,1.0,0,Duque de Caxias,511.5,566.9,527.6,550.9,620.0,2,B
210058982148,3,F,2,0,1.0,0,São João de Meriti,428.0,480.4,438.0,377.9,560.0,3,B
210060699461,4,F,1,0,1.0,0,Duque de Caxias,611.0,631.5,588.6,577.4,840.0,4,H
210058943547,3,F,3,0,1.0,0,Duque de Caxias,478.2,521.9,564.4,510.8,340.0,4,B
210058424300,2,M,1,0,1.0,0,Niterói,568.6,547.8,502.5,793.2,900.0,6,Q
210059762408,3,F,3,0,1.0,0,Nova Iguaçu,494.9,507.0,571.7,423.5,660.0,4,B
210059485970,3,F,1,0,1.0,0,Belford Roxo,418.2,521.1,517.3,484.4,760.0,4,B
210058588982,3,F,2,0,1.0,0,São João de Meriti,567.5,582.6,572.3,583.0,900.0,5,E
210060678373,2,F,1,0,1.0,0,São João de Meriti,415.8,530.6,452.7,542.6,740.0,4,C
210058433738,3,F,3,0,1.0,0,Belford Roxo,454.1,475.7,455.1,390.8,740.0,4,C
210059472911,2,F,3,0,1.0,0,Nova Iguaçu,453.4,543.7,506.9,494.3,660.0,6,B
210059406484,3,F,3,0,1.0,0,Nova Iguaçu,471.3,538.5,530.3,667.2,900.0,4,C
210060381470,2,F,3,0,1.0,0,Duque de Caxias,513.9,330.4,505.6,501.1,660.0,4,C
210060709363,3,M,1,0,1.0,0,Niterói,575.9,619.8,587.8,518.4,880.0,2,A
210058944436,3,F,3,0,1.0,0,Duque de Caxias,438.8,486.8,485.0,532.3,900.0,3,G
210060946492,3,F,3,0,1.0,0,Maricá,381.8,533.8,495.2,595.3,640.0,3,D
210060977354,3,F,2,0,1.0,0,Duque de Caxias,405.6,420.9,468.4,424.2,700.0,4,B
210059486018,2,F,2,0,1.0,0,Nilópolis,515.3,581.1,586.5,457.4,900.0,2,J
210060089144,3,M,1,0,1.0,0,Duque de Caxias,454.0,575.8,591.0,543.3,760.0,2,F
210059631079,3,F,1,0,1.0,0,Nova Iguaçu,399.3,490.8,453.4,370.3,560.0,6,E
210059571380,3,M,1,0,1.0,0,Maricá,625.5,586.6,616.2,592.1,600.0,3,C
210060171397,4,F,3,0,1.0,0,Niterói,388.1,443.4,464.5,331.4,680.0,5,B
210060689528,4,M,1,0,1.0,0,Nova Iguaçu,510.3,536.8,415.2,459.5,600.0,5,D
210058944445,3,F,2,0,1.0,0,Niterói,508.4,534.3,496.0,625.6,500.0,7,B
210058424295,4,F,3,0,1.0,0,Nova Iguaçu,540.8,555.8,578.8,529.1,600.0,3,B
210058969228,3,F,1,0,1.0,0,Niterói,395.7,619.3,543.4,680.4,920.0,4,F
210059391454,1,M,1,0,1.0,0,Niterói,485.3,464.9,491.1,568.8,640.0,4,B
210059501072,3,F,1,0,1.0,0,Duque de Caxias,408.9,439.6,485.8,383.9,820.0,5,D
210059061760,2,F,1,0,1.0,0,Nova Iguaçu,442.2,563.0,546.6,657.7,840.0,3,G
210059555372,3,F,3,0,1.0,0,São João de Meriti,370.8,472.1,403.3,426.4,500.0,7,E
210060377044,3,M,1,0,1.0,0,Niterói,559.5,624.2,603.3,721.1,820.0,3,P
210059020982,1,M,3,0,1.0,0,Duque de Caxias,465.9,473.1,543.9,592.6,520.0,3,G
210061474551,2,F,3,0,1.0,0,Nova Iguaçu,514.6,580.4,499.5,560.0,700.0,3,B
210059008059,3,M,1,0,1.0,0,São João de Meriti,513.4,594.0,571.0,571.7,640.0,2,B
210060529066,2,F,1,0,1.0,0,Niterói,538.1,584.8,601.0,661.2,940.0,2,G
210060022601,3,F,2,0,1.0,0,Niterói,595.7,691.7,662.0,754.4,920.0,4,E
210060106041,3,F,1,0,1.0,0,Duque de Caxias,565.9,554.6,561.3,641.6,700.0,4,B
210059473980,3,F,2,0,1.0,0,Niterói,445.7,507.9,504.9,404.0,600.0,4,B
210059851289,9,F,1,0,1.0,0,Nilópolis,417.4,389.1,343.0,391.2,380.0,3,B
210059020994,3,F,2,0,1.0,0,Maricá,556.1,555.9,528.1,549.1,640.0,3,E
210060896035,3,F,1,0,1.0,0,Niterói,457.9,563.4,500.1,487.5,640.0,4,D
210060022606,3,M,3,0,1.0,0,Nova Iguaçu,441.2,490.1,472.3,483.3,480.0,5,H
210061310567,4,F,1,0,1.0,0,Nova Iguaçu,485.0,632.8,582.0,668.4,880.0,3,G
210060377076,2,M,1,0,1.0,0,Niterói,480.4,390.9,442.2,477.6,600.0,5,G
210059447766,3,F,1,0,1.0,0,Niterói,486.8,564.5,505.3,540.6,660.0,5,B
210059851314,3,F,2,0,1.0,0,Duque de Caxias,480.1,607.9,544.2,469.9,840.0,4,E
210060022634,2,F,3,0,1.0,0,Duque de Caxias,450.0,533.7,523.7,535.9,840.0,5,E
210061474584,3,F,1,0,1.0,0,Belford Roxo,454.3,562.1,500.3,382.3,540.0,3,A
210059896611,3,F,2,0,1.0,0,Nova Iguaçu,381.5,524.1,470.5,427.6,420.0,2,C
210060915734,2,M,1,0,1.0,0,Nilópolis,497.7,571.7,547.8,454.9,540.0,4,D
210061381881,3,F,1,0,1.0,0,Belford Roxo,456.3,444.5,487.2,454.9,600.0,4,A
210059035908,2,F,3,0,1.0,0,Nova Iguaçu,429.9,581.4,558.8,389.7,840.0,4,B
210059883595,3,F,2,0,1.0,0,Niterói,446.3,384.9,500.6,555.8,640.0,2,A
210060184418,3,F,2,0,1.0,0,Belford Roxo,343.6,472.9,517.4,384.7,560.0,3,B
210058582299,3,M,3,0,1.0,0,Belford Roxo,461.4,525.7,553.0,458.3,600.0,4,C
210061320329,2,F,3,0,1.0,0,Belford Roxo,483.3,572.4,524.5,475.3,540.0,3,B
210060452829,3,F,1,0,1.0,0,Maricá,490.6,601.1,598.6,512.7,640.0,3,A
210061310544,2,F,3,0,1.0,0,Nova Iguaçu,487.2,492.8,605.8,575.9,780.0,5,G
210058582302,4,F,3,0,1.0,0,Duque de Caxias,439.6,564.7,543.0,515.8,740.0,3,B
210060067405,4,F,3,0,1.0,0,Nova Iguaçu,389.4,434.5,462.1,374.7,440.0,5,D
210058943614,3,F,3,0,1.0,0,Nova Iguaçu,466.8,414.9,359.9,416.6,520.0,3,C
210058414963,4,F,1,0,1.0,0,Duque de Caxias,472.2,493.7,500.0,395.1,380.0,4,B
210059378410,2,F,1,0,1.0,0,Duque de Caxias,532.3,490.3,551.5,546.5,900.0,3,B
210058406819,4,M,4,0,1.0,0,Niterói,464.1,442.3,483.9,486.3,560.0,5,C
210061246626,2,F,1,0,1.0,0,Nova Iguaçu,521.8,681.3,649.5,680.0,920.0,6,L
210061246614,2,F,3,0,1.0,0,Maricá,566.9,385.1,477.2,455.8,600.0,4,K
210059790519,2,F,3,0,1.0,0,Nova Iguaçu,507.5,501.8,484.4,483.3,720.0,5,D
210059444805,2,M,2,0,1.0,0,Belford Roxo,536.5,601.4,550.9,640.4,700.0,4,B
210059391504,3,F,1,0,1.0,0,Niterói,338.9,474.8,464.4,464.5,800.0,4,C
210059790520,2,F,3,0,1.0,0,Niterói,539.8,588.1,507.1,596.4,820.0,4,H
210058783206,2,F,3,0,1.0,0,Belford Roxo,343.0,360.1,413.2,521.5,600.0,4,B
210058589006,4,F,1,0,1.0,0,Duque de Caxias,515.9,551.9,568.7,569.9,740.0,7,G
210058443282,5,F,2,0,1.0,0,Nova Iguaçu,561.5,523.7,589.8,609.2,740.0,3,B
210060319336,3,F,2,0,2.0,0,Maricá,432.9,461.9,463.9,430.5,540.0,2,E
210059316911,2,F,3,0,1.0,0,Duque de Caxias,578.5,438.6,542.7,424.7,760.0,4,F
210058934195,3,F,1,0,1.0,0,Nova Iguaçu,599.7,582.3,550.3,668.8,940.0,3,E
210058594431,2,F,1,0,1.0,0,São João de Meriti,436.4,412.7,394.9,397.1,340.0,6,F
210059486041,12,M,3,0,1.0,0,Duque de Caxias,445.8,425.9,415.1,354.6,500.0,1,B
210059657055,2,M,1,0,1.0,0,Niterói,685.6,700.9,615.8,802.7,880.0,5,O
210061277518,3,F,1,0,1.0,0,Nova Iguaçu,456.4,486.5,500.2,531.4,660.0,4,B
210060003134,3,F,3,0,1.0,0,Duque de Caxias,398.0,529.9,486.1,452.3,500.0,3,B
210061351122,2,F,1,0,1.0,0,Belford Roxo,414.3,487.0,488.1,447.6,620.0,3,D
210058589024,2,F,1,0,1.0,0,Niterói,573.0,630.7,606.3,663.4,940.0,3,L
210059331971,2,M,3,0,1.0,0,Maricá,556.5,545.5,590.9,523.3,680.0,4,E
210058609042,2,F,1,0,1.0,0,Nova Iguaçu,489.8,551.9,538.7,707.3,880.0,4,G
210058959705,2,M,3,0,1.0,0,Nova Iguaçu,467.8,465.3,420.8,598.6,360.0,3,C
210060092931,3,F,1,0,1.0,0,Niterói,491.9,518.0,537.5,543.2,640.0,5,P
210059290762,3,M,1,0,1.0,0,Niterói,495.2,621.8,593.9,668.4,820.0,3,G
210058931118,2,F,1,0,1.0,0,Niterói,553.9,449.1,592.7,740.1,860.0,4,K
210060424003,2,M,1,0,1.0,0,Niterói,656.2,598.2,580.9,777.5,920.0,6,G
210060263054,2,F,1,0,1.0,0,Nilópolis,531.1,558.0,561.6,654.6,920.0,5,M
210058931162,3,F,2,0,1.0,0,São João de Meriti,421.8,461.1,484.1,385.9,500.0,4,B
210059403621,2,M,2,0,1.0,0,Belford Roxo,485.5,506.5,499.5,498.9,420.0,4,C
210058931164,3,M,3,0,1.0,0,Duque de Caxias,536.4,588.8,544.2,553.5,620.0,4,E
210058931122,2,F,1,0,1.0,0,Niterói,514.8,524.3,525.3,547.9,480.0,4,E
210059933766,3,F,1,0,1.0,0,Duque de Caxias,402.4,426.9,406.0,407.8,680.0,4,D
210060216527,3,F,3,0,1.0,0,São João de Meriti,515.7,519.9,468.4,399.2,800.0,5,C
210059775520,2,F,3,0,1.0,0,Duque de Caxias,427.2,509.9,479.4,437.2,580.0,3,E
210059590282,2,F,1,0,1.0,0,Niterói,524.5,631.9,616.7,682.2,740.0,4,K
210059974962,4,M,3,0,1.0,0,Belford Roxo,441.3,453.6,399.1,353.3,300.0,3,B
210061204606,3,F,3,0,1.0,0,Nilópolis,420.4,473.9,519.9,399.6,360.0,4,B
210058118975,3,F,2,0,1.0,0,Nova Iguaçu,558.3,525.6,495.1,376.9,560.0,4,D
210060376215,3,F,3,0,1.0,0,Duque de Caxias,457.5,511.9,584.4,600.0,580.0,3,G
210058775915,3,M,1,0,1.0,0,Duque de Caxias,702.9,607.1,586.9,691.6,960.0,3,A
210061351039,3,F,3,0,1.0,0,Duque de Caxias,431.7,409.2,314.9,329.8,540.0,4,A
210061277582,3,F,1,0,1.0,0,São João de Meriti,420.6,548.9,501.4,396.3,360.0,4,F
210060331165,4,M,3,0,1.0,0,Niterói,435.2,394.3,477.4,478.6,500.0,2,A
210060493420,2,F,3,0,1.0,0,Nilópolis,510.9,681.1,604.5,656.9,900.0,3,M
210059029239,3,F,2,0,1.0,0,Duque de Caxias,489.0,552.8,572.3,474.7,880.0,3,C
210059657151,3,M,3,0,1.0,0,Niterói,685.2,649.6,614.7,741.1,820.0,4,Q
210060865244,2,F,3,0,1.0,0,Belford Roxo,509.0,482.3,537.1,403.2,620.0,7,B
210059952770,3,M,1,0,1.0,0,São João de Meriti,572.9,572.7,567.2,444.0,680.0,3,G
210060319366,3,M,1,0,1.0,0,Duque de Caxias,462.4,554.7,509.5,466.3,360.0,4,B
210060689634,2,M,1,0,1.0,0,São João de Meriti,581.6,549.9,486.0,441.0,600.0,2,B
210059952752,2,F,1,0,1.0,0,São João de Meriti,451.7,412.2,481.7,376.9,580.0,4,B
210060462254,2,F,2,0,1.0,0,São João de Meriti,431.1,545.0,514.3,388.5,580.0,3,B
210061266409,2,F,1,0,1.0,0,Duque de Caxias,554.0,446.9,563.0,569.0,840.0,4,B
210060378987,2,F,1,0,1.0,0,Maricá,411.7,413.6,417.1,389.6,320.0,2,F
210059378479,2,F,2,0,1.0,0,Niterói,585.1,556.8,525.3,526.8,900.0,4,B
210060482850,2,F,1,0,1.0,0,Niterói,410.9,494.6,490.3,611.6,880.0,4,O
210058946771,2,F,1,0,1.0,0,Niterói,579.8,596.0,566.2,734.3,940.0,4,K
210059234416,4,F,2,0,1.0,0,Duque de Caxias,403.8,418.2,432.4,344.7,520.0,2,B
210061194837,3,F,1,0,1.0,0,Niterói,467.7,620.2,353.9,514.8,720.0,4,K
210060792255,3,F,3,0,1.0,0,São João de Meriti,426.4,468.4,507.0,344.6,340.0,4,B
210059390596,3,F,3,0,1.0,0,Nova Iguaçu,398.7,453.2,449.9,412.0,540.0,2,A
210061320450,3,F,2,0,1.0,0,Nova Iguaçu,377.4,401.2,399.9,437.2,460.0,6,B
210060626850,3,F,1,0,1.0,0,Nova Iguaçu,481.3,613.1,584.2,488.6,660.0,3,C
210060102129,4,M,2,0,1.0,0,Belford Roxo,459.8,493.3,540.4,405.6,520.0,4,H
210061194846,3,F,1,0,1.0,0,Duque de Caxias,416.9,507.7,467.4,330.4,460.0,2,B
210060203489,3,F,2,0,1.0,0,São João de Meriti,399.2,469.3,415.8,350.5,700.0,5,B
210060366131,2,F,3,0,1.0,0,Duque de Caxias,384.8,521.4,493.9,394.3,680.0,3,B
210059530231,3,F,2,0,1.0,0,Nova Iguaçu,462.1,535.2,481.6,546.2,500.0,5,C
210060626838,2,F,3,0,1.0,0,São João de Meriti,375.7,498.8,497.4,398.3,560.0,4,C
210058107847,2,M,3,0,1.0,0,Belford Roxo,331.2,416.0,431.8,587.5,600.0,3,B
210060967670,2,M,3,0,1.0,0,São João de Meriti,529.4,563.6,538.3,526.3,400.0,2,C
210059126477,3,F,1,0,1.0,0,São João de Meriti,465.2,381.7,478.5,434.2,580.0,3,B
210058119051,3,M,3,0,1.0,0,São João de Meriti,463.2,584.1,565.7,506.5,660.0,4,B
210060433422,3,F,3,0,1.0,0,Duque de Caxias,545.0,606.1,557.8,547.8,760.0,4,H
210060967653,2,F,2,0,1.0,0,Nova Iguaçu,436.1,510.1,486.5,611.6,640.0,3,C
210059920749,3,F,1,0,1.0,0,Duque de Caxias,468.5,545.7,499.0,438.4,660.0,3,C
210061320463,2,M,3,0,1.0,0,Nova Iguaçu,410.1,452.2,458.9,438.0,320.0,5,E
210059083014,3,F,3,0,1.0,0,Niterói,558.1,568.1,436.6,444.4,700.0,4,C
210061215794,3,F,3,0,1.0,0,Duque de Caxias,469.4,507.2,501.4,446.5,840.0,4,C
210060102040,5,F,1,0,1.0,0,Nova Iguaçu,409.9,408.1,350.2,361.8,460.0,3,B
210058796557,3,F,1,0,1.0,0,Niterói,357.9,372.2,458.5,587.4,800.0,2,B
210058625786,2,F,3,0,1.0,0,Belford Roxo,546.4,457.0,591.6,540.0,840.0,2,B
210060678434,3,F,3,0,1.0,0,São João de Meriti,516.9,600.2,610.4,674.7,840.0,3,C
210061225628,4,M,1,0,1.0,0,Maricá,577.7,586.4,539.2,390.6,620.0,4,E
210061362360,2,F,1,0,1.0,0,Nilópolis,474.3,541.6,488.0,384.6,540.0,6,B
210058634429,3,F,3,0,1.0,0,Niterói,519.0,622.9,584.9,690.3,920.0,6,J
210059262604,2,F,1,0,1.0,0,Nova Iguaçu,525.5,577.8,593.1,630.3,960.0,4,H
210060054340,2,F,3,0,1.0,0,São João de Meriti,525.9,617.1,620.7,658.1,920.0,5,I
210058625790,3,F,3,0,1.0,0,São João de Meriti,382.8,391.0,401.0,438.6,640.0,2,C
210061402876,3,F,1,0,1.0,0,Niterói,531.9,581.5,544.8,743.1,940.0,2,N
210060263111,2,F,2,0,1.0,0,Nilópolis,441.8,526.1,579.1,576.3,860.0,3,E
210059605262,3,M,1,0,1.0,0,São João de Meriti,485.9,420.8,562.0,582.3,860.0,6,B
210059431768,3,F,3,0,1.0,0,Duque de Caxias,419.8,544.2,559.9,520.7,860.0,7,C
210059590314,2,F,3,0,1.0,0,São João de Meriti,392.3,512.6,549.0,578.0,920.0,4,C
210059558392,2,F,3,0,1.0,0,Niterói,523.6,489.8,552.7,497.0,880.0,5,D
210060834396,3,F,1,0,1.0,0,Maricá,542.5,627.4,576.3,522.2,940.0,3,F
210058783298,4,F,2,0,1.0,0,São João de Meriti,513.8,534.5,469.0,433.3,580.0,3,B
210058783278,5,F,2,0,1.0,0,Duque de Caxias,446.6,412.7,443.6,342.5,320.0,2,G
210059590338,3,F,1,0,1.0,0,Niterói,654.2,688.4,635.0,739.9,960.0,2,H
210059083164,2,F,1,0,1.0,0,Niterói,532.8,519.1,507.9,350.9,780.0,4,B
210058943664,3,F,1,0,1.0,0,Duque de Caxias,565.7,618.4,630.8,630.5,580.0,2,D
210058507103,3,F,3,0,1.0,0,Duque de Caxias,457.0,543.4,525.2,504.4,660.0,5,B
210059907569,3,F,3,0,1.0,0,Nova Iguaçu,388.5,386.9,478.2,465.2,720.0,3,B
210059926975,3,F,3,0,1.0,0,Niterói,428.5,545.4,569.4,507.4,560.0,3,C
210061362317,2,F,2,0,1.0,0,Niterói,491.4,508.4,555.3,486.0,860.0,4,E
210060772476,2,M,2,0,1.0,0,Niterói,465.3,493.2,484.2,425.1,560.0,2,C
210059362412,4,M,3,0,1.0,0,Maricá,537.2,509.3,472.3,442.9,380.0,3,C
210060552327,3,F,1,0,1.0,0,Duque de Caxias,522.4,587.0,538.1,622.1,780.0,3,C
210058647859,2,M,3,0,1.0,0,Niterói,587.9,584.4,530.6,624.1,740.0,2,C
210059502092,3,F,1,0,1.0,0,Belford Roxo,392.2,467.9,409.6,538.1,680.0,4,J
210059568430,3,F,1,0,1.0,0,Belford Roxo,348.5,487.0,529.1,396.9,480.0,3,G
210058507130,2,F,3,0,1.0,0,Belford Roxo,520.7,550.2,537.1,504.6,640.0,3,B
210060399455,2,F,1,0,1.0,0,Nova Iguaçu,605.8,566.8,554.2,650.5,760.0,6,B
210060936766,3,F,2,0,1.0,0,São João de Meriti,530.6,567.4,509.6,430.5,840.0,2,B
210059749946,3,F,2,0,1.0,0,Nilópolis,527.4,517.4,466.8,438.6,920.0,3,C
210059926961,3,M,1,0,1.0,0,Belford Roxo,344.4,484.2,502.0,534.5,540.0,4,B
210060396890,2,F,3,0,1.0,0,Niterói,475.0,498.3,475.7,430.5,580.0,2,B
210059710927,3,M,3,0,1.0,0,Niterói,443.5,549.1,454.4,439.7,640.0,3,I
210060936809,2,F,2,0,1.0,0,Niterói,488.3,600.3,573.2,503.4,800.0,4,C
210059151885,2,M,3,0,1.0,0,Nova Iguaçu,495.2,590.8,608.2,608.0,640.0,3,G
210059749949,3,M,3,0,1.0,0,São João de Meriti,356.7,346.2,421.2,442.5,500.0,5,B
210060616974,2,F,3,0,1.0,0,Nilópolis,496.7,560.2,536.7,470.9,360.0,2,B
210060772465,3,F,2,0,1.0,0,Nova Iguaçu,480.7,522.2,473.2,415.5,520.0,2,B
210059920707,3,M,3,0,1.0,0,Duque de Caxias,349.0,364.1,438.9,362.4,380.0,3,A
210059920723,3,F,3,0,1.0,0,Nova Iguaçu,389.9,401.4,447.1,459.9,600.0,6,B
210059180016,3,M,1,0,1.0,0,Maricá,529.8,551.6,497.8,506.3,340.0,2,L
210060946654,4,F,2,0,1.0,0,Nova Iguaçu,468.8,484.5,537.7,467.9,440.0,5,B
210058545737,2,M,3,0,1.0,0,Belford Roxo,474.0,443.2,377.2,340.4,480.0,3,C
210059907607,4,F,2,0,1.0,0,Maricá,478.0,535.4,578.8,422.4,940.0,4,B
210060402019,2,F,2,0,1.0,0,Duque de Caxias,527.2,449.2,425.4,378.1,560.0,5,B
210059151982,4,F,1,0,1.0,0,Niterói,639.2,717.0,681.2,667.2,940.0,4,O
210061424264,3,F,4,0,1.0,0,São João de Meriti,396.6,385.8,408.1,394.2,620.0,3,B
210060414888,3,F,2,0,1.0,0,Belford Roxo,506.3,501.1,508.4,424.2,560.0,3,C
210059711044,2,M,3,0,1.0,0,Nilópolis,510.1,577.5,482.4,470.8,780.0,3,B
210058582429,3,F,3,0,1.0,0,Maricá,568.4,581.1,535.0,499.3,720.0,4,D
210058988070,2,F,1,0,1.0,0,São João de Meriti,462.0,572.1,589.1,730.2,640.0,4,B
210059564471,3,F,1,0,1.0,0,Duque de Caxias,511.6,548.6,504.0,497.8,840.0,4,D
210058595803,2,F,2,0,1.0,0,Duque de Caxias,569.8,621.5,603.0,595.4,880.0,2,B
210058987825,2,F,3,0,1.0,0,São João de Meriti,423.7,525.0,493.9,420.4,620.0,2,B
210058589135,3,F,1,0,1.0,0,Duque de Caxias,535.5,495.5,481.6,550.5,200.0,6,B
210058987848,2,F,1,0,1.0,0,Niterói,539.4,627.2,650.2,700.5,900.0,4,E
210060379077,3,F,1,0,1.0,0,Duque de Caxias,580.2,618.1,582.4,550.8,960.0,2,C
210059193205,2,F,3,0,1.0,0,Belford Roxo,477.3,386.6,512.0,424.3,800.0,3,C
210058575731,3,M,1,0,1.0,0,Nova Iguaçu,637.6,691.5,609.5,678.9,800.0,3,J
210060392835,2,F,1,0,1.0,0,Nova Iguaçu,447.6,556.9,576.2,431.5,680.0,5,D
210059165042,3,F,1,0,1.0,0,Niterói,605.1,684.7,659.5,806.4,860.0,3,P
210059180099,2,F,2,0,1.0,0,São João de Meriti,439.6,463.3,515.2,495.5,820.0,3,A
210061215838,3,F,3,0,1.0,0,Nova Iguaçu,532.4,584.9,567.8,445.9,560.0,4,B
210061454962,3,F,1,0,1.0,0,Nova Iguaçu,434.5,545.5,497.9,537.3,580.0,3,C
210059590405,3,F,3,0,1.0,0,Nova Iguaçu,494.1,568.9,589.1,602.1,940.0,5,C
210060291254,2,F,1,0,1.0,0,Duque de Caxias,529.0,608.5,458.7,456.0,680.0,4,D
210059551495,3,F,3,0,1.0,0,Nilópolis,577.0,541.2,591.7,459.3,900.0,3,A
210059590386,2,F,3,0,1.0,0,Niterói,496.5,495.0,551.5,477.6,760.0,4,C
210058609157,2,F,2,0,1.0,0,Nova Iguaçu,480.0,527.6,468.6,437.8,480.0,4,B
210059577416,3,F,1,0,1.0,0,Maricá,465.3,488.2,481.4,488.3,480.0,2,B
210060278150,3,F,1,0,1.0,0,Duque de Caxias,389.0,508.3,459.3,510.8,660.0,2,B
210059206308,2,F,1,0,1.0,0,Duque de Caxias,589.2,592.5,584.3,636.6,900.0,4,C
210059044321,2,F,3,0,1.0,0,Niterói,443.5,499.4,524.1,372.5,600.0,4,D
210059564428,2,M,1,0,1.0,0,São João de Meriti,434.8,504.6,494.5,412.4,720.0,4,F
210060376395,3,F,1,0,1.0,0,São João de Meriti,512.0,399.1,518.6,534.9,820.0,3,B
210058609144,3,F,2,0,1.0,0,Nova Iguaçu,448.8,536.9,532.0,410.2,880.0,5,D
210060366189,3,F,3,0,1.0,0,Nova Iguaçu,468.0,581.5,554.0,403.6,540.0,3,J
210059551442,4,M,3,0,1.0,0,São João de Meriti,517.1,554.4,526.3,632.1,560.0,5,C
210061205988,3,F,2,0,1.0,0,Nova Iguaçu,646.5,676.1,635.9,758.9,880.0,3,D
210060250072,3,F,2,0,1.0,0,Nova Iguaçu,460.9,322.9,377.2,502.5,760.0,4,C
210059605304,2,F,1,0,1.0,0,Duque de Caxias,545.7,488.0,540.7,377.5,460.0,4,F
210060376421,4,F,1,0,1.0,0,Niterói,454.0,470.1,443.7,408.7,520.0,3,C
210059751925,3,M,1,0,1.0,0,Duque de Caxias,592.7,584.3,582.3,598.7,400.0,4,E
210060402057,2,F,1,0,1.0,0,Maricá,532.4,571.2,560.2,682.4,720.0,4,C
210061453502,3,M,1,0,1.0,0,Niterói,555.2,574.6,581.7,690.3,820.0,5,D
210061443916,2,F,3,0,1.0,0,Nova Iguaçu,510.5,518.7,438.7,550.9,840.0,2,D
210060616990,2,M,1,0,1.0,0,Nova Iguaçu,562.6,450.7,534.7,517.9,520.0,4,D
210059345160,3,F,1,0,1.0,0,Niterói,602.0,609.9,615.3,688.6,920.0,3,H
210059657163,3,M,1,0,1.0,0,Duque de Caxias,405.8,538.6,384.8,353.6,520.0,3,H
210060341702,3,F,3,0,1.0,0,Duque de Caxias,461.4,548.4,546.9,441.5,780.0,3,C
210059332049,3,M,1,0,1.0,0,São João de Meriti,599.7,626.3,604.9,729.0,720.0,4,C
210060003246,3,F,1,0,1.0,0,Niterói,445.3,511.5,454.2,377.3,760.0,4,B
210060331204,2,F,1,0,1.0,0,Niterói,557.9,533.6,564.2,549.3,880.0,3,H
210061352751,3,F,3,0,1.0,0,Duque de Caxias,485.1,524.4,543.4,417.4,520.0,6,D
210058972851,2,F,3,0,1.0,0,Nilópolis,544.4,546.4,563.6,575.1,720.0,3,C
210061352802,2,M,3,0,1.0,0,Duque de Caxias,528.1,620.4,506.3,649.8,620.0,3,L
210061266445,4,F,3,0,1.0,0,Nova Iguaçu,430.0,539.1,510.4,484.9,320.0,4,B
210061424121,2,F,3,0,1.0,0,Duque de Caxias,492.5,555.2,501.2,495.3,860.0,2,B
210060516587,4,F,1,0,1.0,0,Nova Iguaçu,548.9,598.0,639.7,715.9,780.0,3,G
210058987785,3,F,3,0,1.0,0,Nova Iguaçu,524.7,602.4,588.4,475.3,640.0,4,B
210058974796,4,F,1,0,1.0,0,Belford Roxo,425.9,546.0,458.6,444.4,640.0,4,C
210059736964,3,F,1,0,1.0,0,Niterói,547.3,485.4,445.2,537.0,800.0,3,B
210059151903,4,M,1,0,1.0,0,São João de Meriti,411.6,395.7,398.0,403.8,640.0,2,C
210061144375,3,F,1,0,1.0,0,Duque de Caxias,541.0,574.1,543.1,488.4,620.0,4,D
210059042046,3,F,3,0,1.0,0,Belford Roxo,520.9,523.8,548.6,429.1,560.0,4,D
210060395093,3,M,3,0,1.0,0,Nova Iguaçu,562.0,587.8,579.8,612.4,880.0,4,B
210060354135,3,F,2,0,1.0,0,Belford Roxo,416.9,504.8,468.8,399.1,600.0,3,D
210059697987,2,F,1,0,1.0,0,Niterói,528.9,598.4,548.0,475.4,680.0,2,C
210059042008,2,F,3,0,1.0,0,Maricá,495.8,536.6,467.2,455.6,800.0,3,B
210059823216,5,M,3,0,1.0,0,Nova Iguaçu,532.9,570.7,556.2,602.3,560.0,4,G
210060516541,2,F,3,0,1.0,0,Duque de Caxias,533.4,497.9,570.3,467.3,560.0,4,E
210061474641,4,M,2,0,1.0,0,Niterói,554.2,482.8,501.2,463.0,560.0,5,D
210060539814,3,F,3,0,1.0,0,Duque de Caxias,569.2,532.7,517.2,395.6,580.0,5,C
210059851340,2,F,1,0,1.0,0,Duque de Caxias,458.7,545.5,574.9,453.1,520.0,3,D
210058595741,1,F,1,0,1.0,0,Belford Roxo,430.7,529.6,533.7,391.6,760.0,3,B
210060395055,2,F,2,0,1.0,0,São João de Meriti,436.4,456.0,462.5,399.1,480.0,2,B
210059736953,2,F,2,0,1.0,0,São João de Meriti,438.2,562.9,518.3,365.3,640.0,3,E
210061298610,2,F,2,0,1.0,0,São João de Meriti,510.2,495.7,512.1,476.9,600.0,4,D
210059823199,2,F,1,0,1.0,0,Niterói,440.4,517.7,387.2,469.8,460.0,4,E
210058589057,2,M,3,0,1.0,0,São João de Meriti,462.6,504.4,562.7,537.3,640.0,4,A
210059851347,2,F,2,0,1.0,0,São João de Meriti,436.7,506.4,543.7,450.9,860.0,4,D
210058582359,3,F,1,0,1.0,0,Maricá,570.4,586.7,543.2,606.0,720.0,2,C
210059723967,2,M,1,0,1.0,0,Nilópolis,449.5,467.6,467.2,499.1,500.0,3,A
210060539805,2,F,3,0,1.0,0,Belford Roxo,430.6,412.2,462.4,470.7,540.0,3,B
210059180064,2,M,1,0,1.0,0,Belford Roxo,575.3,500.7,516.9,556.1,640.0,3,E
210059543364,2,M,3,0,1.0,0,Duque de Caxias,543.1,565.9,560.9,691.2,540.0,4,H
210058075059,4,M,3,0,1.0,0,Niterói,364.6,418.6,435.8,572.1,560.0,2,C
210059087687,3,F,1,0,1.0,0,Niterói,429.9,551.3,548.1,554.2,720.0,4,E
210058097361,2,F,3,0,1.0,0,Nova Iguaçu,426.3,478.4,444.0,581.8,280.0,2,B
210058097403,3,F,1,0,1.0,0,Duque de Caxias,554.7,639.5,601.4,695.1,820.0,4,G
210060114994,3,F,1,0,1.0,0,Duque de Caxias,451.0,561.7,588.1,573.4,560.0,4,I
210060977545,3,M,3,0,1.0,0,Duque de Caxias,537.4,408.4,408.6,332.6,320.0,2,B
210059403711,3,F,1,0,1.0,0,Niterói,497.5,568.4,580.3,569.9,760.0,2,B
210060813366,5,M,3,0,1.0,0,Duque de Caxias,467.3,350.5,443.4,409.3,500.0,2,C
210059074735,3,M,3,0,1.0,0,Nilópolis,429.2,533.4,531.9,598.5,600.0,3,E
210060813369,2,M,3,0,1.0,0,São João de Meriti,528.0,606.6,579.0,704.0,560.0,6,F
210058389246,2,F,1,0,1.0,0,Niterói,440.4,549.0,478.5,421.9,820.0,2,C
210060147379,2,M,1,0,1.0,0,Belford Roxo,342.0,523.8,435.7,449.5,560.0,4,B
210058397437,2,F,1,0,1.0,0,Niterói,538.1,568.6,630.2,669.4,900.0,3,G
210060946714,3,F,3,0,1.0,0,Belford Roxo,550.3,600.7,553.4,677.0,800.0,4,C
210060418364,3,F,3,0,1.0,0,Niterói,517.9,653.0,599.5,688.7,940.0,2,C
210058545915,2,M,1,0,1.0,0,Niterói,584.2,588.4,568.4,781.3,840.0,4,N
210059810211,5,F,1,0,1.0,0,Niterói,492.0,448.3,478.0,336.0,560.0,3,B
210059825234,2,F,1,0,1.0,0,Duque de Caxias,459.7,513.6,554.6,533.2,860.0,3,C
210060516653,4,F,3,0,1.0,0,Maricá,408.1,475.1,490.1,450.1,860.0,3,L
210059838350,2,F,3,0,1.0,0,Belford Roxo,472.7,556.7,545.4,516.6,760.0,4,B
210060516674,3,F,1,0,1.0,0,Niterói,506.9,664.0,625.6,688.0,980.0,3,K
210060343043,2,F,2,0,1.0,0,Nova Iguaçu,533.3,612.8,644.7,667.0,960.0,3,L
210059698128,3,F,1,0,1.0,0,Nova Iguaçu,548.6,575.6,553.2,575.3,640.0,5,C
210058563076,2,F,1,0,1.0,0,Nova Iguaçu,520.2,480.0,453.4,535.5,600.0,4,B
210059083424,2,F,1,0,1.0,0,Niterói,570.5,590.0,625.3,644.3,940.0,2,G
210059083451,2,F,2,0,1.0,0,Maricá,553.0,530.1,543.3,488.7,580.0,4,D
210060407210,1,M,3,0,1.0,0,Duque de Caxias,488.2,512.7,514.9,491.9,600.0,6,H
210059001040,2,F,4,0,1.0,0,Duque de Caxias,521.9,413.9,471.2,407.7,760.0,4,B
210061393193,3,F,1,0,1.0,0,Niterói,660.6,694.3,666.3,755.5,900.0,3,G
210059096115,2,F,1,0,1.0,0,São João de Meriti,499.4,549.9,542.8,711.0,780.0,3,G
210060364078,3,F,3,0,1.0,0,Niterói,545.2,580.7,592.8,603.6,680.0,3,A
210060364082,3,F,1,0,1.0,0,Nova Iguaçu,545.5,564.2,610.1,587.6,700.0,3,C
210059304014,2,F,1,0,1.0,0,Nilópolis,530.9,574.0,568.8,625.6,800.0,3,G
210061383658,2,M,1,0,1.0,0,Nilópolis,608.4,370.2,544.3,429.6,800.0,2,C
210061393249,4,F,1,0,1.0,0,Niterói,402.2,564.2,558.0,566.0,780.0,2,C
210059152056,2,F,1,0,1.0,0,Niterói,485.6,609.6,525.8,693.7,780.0,2,C
210059866507,3,F,1,0,1.0,0,Duque de Caxias,554.5,473.2,411.9,422.3,640.0,3,C
210061455203,3,F,1,0,1.0,0,Maricá,549.8,587.1,549.7,603.0,840.0,4,K
210060884927,2,F,1,0,1.0,0,São João de Meriti,464.1,503.5,527.6,397.5,380.0,4,C
210059514176,3,F,1,0,1.0,0,Duque de Caxias,481.0,571.4,523.3,532.2,680.0,6,E
210060926936,3,M,1,0,1.0,0,Duque de Caxias,563.4,618.5,574.2,620.9,680.0,3,B
210058478599,2,F,1,0,1.0,0,Niterói,509.3,487.4,495.8,536.8,640.0,4,B
210059952884,2,F,1,0,1.0,0,Belford Roxo,446.2,544.6,494.6,516.9,400.0,4,D
210059940091,2,F,1,0,1.0,0,Nova Iguaçu,566.5,495.4,515.6,333.4,800.0,4,E
210059737043,2,F,3,0,1.0,0,Nova Iguaçu,458.1,517.5,513.5,441.2,680.0,3,C
210059952795,4,F,3,0,1.0,0,Nova Iguaçu,459.9,478.3,500.5,485.2,640.0,3,F
210058478601,2,M,3,0,1.0,0,Duque de Caxias,497.6,505.4,550.0,497.6,580.0,6,B
210060115226,2,F,3,0,1.0,0,Duque de Caxias,651.2,681.7,612.8,802.4,940.0,4,Q
210060875102,3,F,3,0,1.0,0,Nova Iguaçu,451.0,514.3,564.8,552.2,640.0,4,C
210060875103,2,F,3,0,1.0,0,Duque de Caxias,413.5,420.4,349.2,540.2,820.0,5,C
210060730463,3,F,1,0,1.0,0,Niterói,479.2,522.6,468.8,609.0,960.0,3,H
210059952888,3,F,1,0,1.0,0,Nova Iguaçu,456.9,467.1,509.8,446.8,780.0,5,B
210060905935,3,F,1,0,1.0,0,Niterói,564.4,618.4,505.8,601.2,900.0,4,D
210060761325,2,F,1,0,1.0,0,Nova Iguaçu,433.3,504.7,506.5,496.0,760.0,4,D
210058050837,3,F,2,0,1.0,0,Nova Iguaçu,474.7,514.0,466.6,392.4,720.0,3,B
210060915825,2,F,3,0,1.0,0,São João de Meriti,384.2,493.4,489.2,430.3,600.0,4,B
210059940056,2,M,3,0,1.0,0,Nova Iguaçu,533.8,590.8,525.7,566.8,760.0,3,E
210060720607,3,F,3,0,1.0,0,São João de Meriti,557.2,682.2,614.7,742.2,940.0,2,B
210060115154,3,M,3,0,1.0,0,São João de Meriti,473.2,541.5,451.1,468.9,480.0,4,D
210058589176,3,M,2,0,1.0,0,Niterói,495.1,549.5,570.7,431.1,760.0,5,H
210059180157,3,M,1,0,1.0,0,Maricá,486.4,564.3,552.2,548.2,600.0,4,E
210059021070,2,F,3,0,1.0,0,Niterói,769.8,739.3,687.8,844.3,960.0,2,M
210060432124,2,F,3,0,1.0,0,Duque de Caxias,434.1,358.5,477.2,351.0,660.0,3,B
210060400263,2,M,3,0,1.0,0,Duque de Caxias,471.1,631.4,529.2,511.8,540.0,5,C
210059234516,2,F,2,0,1.0,0,Nova Iguaçu,552.0,591.7,607.2,560.4,620.0,5,B
210059592369,4,F,1,0,1.0,0,Duque de Caxias,445.6,487.2,466.7,471.3,520.0,4,C
210058625883,3,F,1,0,1.0,0,Niterói,461.9,554.2,519.0,409.5,660.0,4,C
210060433562,3,F,2,0,1.0,0,Belford Roxo,550.3,540.5,524.1,413.6,520.0,3,D
210059275829,3,F,1,0,1.0,0,Duque de Caxias,584.4,628.1,591.9,649.9,800.0,4,D
210059948966,2,F,1,0,1.0,0,Maricá,494.0,526.6,441.3,567.7,880.0,2,E
210059262714,3,F,3,0,1.0,0,Nova Iguaçu,439.8,567.7,569.2,467.7,940.0,3,B
210061215905,2,F,3,0,1.0,0,São João de Meriti,446.3,549.3,499.3,428.6,640.0,6,C
210059000821,2,M,3,0,1.0,0,Niterói,532.0,553.5,548.1,654.0,440.0,4,A
210060433569,3,F,3,0,1.0,0,Nova Iguaçu,386.6,487.7,466.4,456.1,320.0,3,B
210059977052,3,F,2,0,1.0,0,Nova Iguaçu,561.6,635.7,637.1,569.0,760.0,3,C
210058618509,2,F,2,0,1.0,0,Nilópolis,578.8,514.3,472.8,557.1,840.0,3,G
210059935863,4,F,1,0,1.0,0,Duque de Caxias,518.9,533.2,538.5,500.9,640.0,2,D
210059977056,2,F,3,0,1.0,0,São João de Meriti,458.6,412.3,530.3,434.1,500.0,4,D
210058545898,2,F,3,0,1.0,0,Maricá,555.7,550.3,619.9,456.8,660.0,2,B
210059434865,7,M,1,0,1.0,0,Nova Iguaçu,579.7,556.7,498.5,566.8,880.0,2,B
210058416426,3,M,2,0,1.0,0,Nilópolis,476.4,637.7,461.1,527.2,940.0,4,C
210060054444,4,F,2,0,1.0,0,Niterói,460.8,517.0,519.8,506.3,640.0,2,B
210058424536,2,M,3,0,1.0,0,Belford Roxo,379.8,448.5,394.9,495.1,620.0,3,D
210060689729,5,F,2,0,1.0,0,Maricá,446.9,410.6,332.8,386.4,460.0,6,C
210060886465,3,F,1,0,1.0,0,Duque de Caxias,419.8,326.4,407.9,371.0,380.0,3,D
210060710867,3,F,1,0,1.0,0,Maricá,448.3,482.6,573.8,353.5,760.0,2,B
210059273824,3,F,2,0,1.0,0,Nova Iguaçu,328.2,364.5,422.6,342.5,420.0,4,D
210058956578,2,F,2,0,1.0,0,Niterói,519.0,559.9,575.6,587.5,820.0,4,C
210058470510,2,F,3,0,1.0,0,Duque de Caxias,408.1,462.8,489.3,398.0,560.0,3,B
210060699677,2,F,1,0,1.0,0,Duque de Caxias,537.8,454.5,509.4,455.3,660.0,2,B
210059393615,4,F,3,0,1.0,0,Duque de Caxias,554.7,566.3,522.4,431.3,560.0,5,B
210058461083,2,F,1,0,1.0,0,Duque de Caxias,502.8,522.6,568.1,463.0,880.0,4,C
210059514317,2,F,3,0,1.0,0,Duque de Caxias,469.5,504.3,512.8,580.4,720.0,3,E
210060081303,2,F,1,0,1.0,0,São João de Meriti,375.2,489.1,509.9,411.4,600.0,3,A
210059514297,2,F,1,0,1.0,0,Nova Iguaçu,460.8,577.3,569.8,444.5,680.0,4,D
210059473111,3,M,3,0,1.0,0,Maricá,564.9,563.7,605.2,617.4,780.0,4,B
210060054437,3,F,3,0,1.0,0,Maricá,537.7,527.2,562.9,434.8,600.0,3,B
210060720720,2,F,1,0,1.0,0,Niterói,419.4,436.9,483.3,432.1,480.0,3,E
210060710879,5,M,1,0,1.0,0,Duque de Caxias,382.6,504.4,448.5,437.5,560.0,2,B
210058969397,3,F,3,0,1.0,0,Duque de Caxias,465.5,487.5,440.5,498.0,620.0,3,B
210060834522,3,M,3,0,1.0,0,São João de Meriti,575.8,616.2,592.6,761.6,640.0,4,H
210060175524,2,F,2,0,1.0,0,Belford Roxo,478.2,468.8,478.4,504.7,660.0,5,D
210059021089,2,F,3,0,1.0,0,Niterói,449.3,480.8,422.8,419.8,640.0,3,C
210059087745,4,F,1,0,1.0,0,Niterói,428.7,549.4,468.5,464.7,740.0,8,B
210059288766,2,F,2,0,1.0,0,São João de Meriti,525.1,570.2,543.4,437.4,960.0,3,G
210059911779,2,F,3,0,1.0,0,Niterói,408.6,524.3,513.7,550.9,600.0,3,B
210058063305,3,F,0,0,1.0,0,Nova Iguaçu,366.4,402.6,466.2,411.9,440.0,2,A
210060824695,2,F,2,0,1.0,0,São João de Meriti,452.4,480.9,493.4,444.2,740.0,3,C
210059514227,3,M,1,0,1.0,0,Nova Iguaçu,602.7,588.7,535.6,666.8,760.0,3,G
210060730546,3,F,2,0,1.0,0,Nova Iguaçu,377.9,529.5,472.7,432.1,800.0,6,C
210059816836,2,F,3,0,1.0,0,Nova Iguaçu,476.7,457.4,491.2,466.5,700.0,4,C
210059301835,2,F,1,0,1.0,0,Niterói,465.1,477.8,625.5,648.2,900.0,3,L
210060761391,2,F,3,0,1.0,0,Duque de Caxias,445.2,531.9,468.3,597.6,700.0,4,B
210060162443,2,M,3,0,1.0,0,São João de Meriti,586.3,610.6,580.6,652.0,800.0,4,D
210059570490,3,F,3,0,1.0,0,São João de Meriti,494.8,620.7,576.3,494.3,920.0,3,C
210059555476,3,F,2,0,1.0,0,Nova Iguaçu,333.1,381.1,444.2,415.5,280.0,5,C
210060147395,2,F,1,0,1.0,0,Nova Iguaçu,356.7,391.4,425.9,544.8,640.0,2,B
210059061864,2,F,1,0,1.0,0,Niterói,569.1,607.0,615.2,611.6,980.0,3,H
210058075103,3,M,3,0,1.0,0,Nova Iguaçu,511.3,541.3,547.3,584.2,580.0,3,H
210059816774,3,F,3,0,1.0,0,Duque de Caxias,500.8,500.7,567.2,442.6,660.0,6,D
210059061825,3,F,1,0,1.0,0,Niterói,538.3,561.0,500.2,509.3,720.0,4,E
210059555456,2,F,1,0,1.0,0,Duque de Caxias,385.6,520.2,458.9,437.7,940.0,3,D
210059816797,3,F,2,0,1.0,0,São João de Meriti,495.3,566.0,506.8,406.4,820.0,4,B
210060741672,3,F,3,0,1.0,0,São João de Meriti,443.4,494.4,479.4,410.9,580.0,2,B
210060121211,2,M,3,0,1.0,0,Duque de Caxias,512.1,532.3,404.1,453.7,580.0,3,C
210059113634,3,M,2,0,1.0,0,Duque de Caxias,446.6,532.3,488.9,399.6,520.0,3,B
210059403758,3,M,3,0,1.0,0,Belford Roxo,523.0,544.3,378.4,521.0,400.0,4,D
210058407009,3,F,1,0,1.0,0,Nilópolis,476.1,534.6,553.7,443.0,880.0,4,D
210059502209,3,M,3,0,1.0,0,Nova Iguaçu,464.2,496.9,481.7,511.5,580.0,7,B
210060188622,2,F,1,0,1.0,0,Nova Iguaçu,458.4,567.9,560.7,408.3,900.0,4,G
210059377556,2,F,1,0,1.0,0,Duque de Caxias,484.7,489.9,533.1,399.4,600.0,4,D
210060039417,2,F,2,0,1.0,0,Duque de Caxias,523.4,521.8,502.4,495.2,680.0,4,E
210058097449,3,F,1,0,1.0,0,Niterói,470.2,565.3,519.6,575.1,880.0,4,G
210059100671,3,F,3,0,1.0,0,Belford Roxo,559.6,610.8,608.6,531.6,840.0,2,B
210058119140,2,M,1,0,1.0,0,Niterói,544.2,558.1,591.7,649.1,740.0,5,G
210058931278,3,F,1,0,1.0,0,São João de Meriti,524.0,562.1,536.7,648.4,940.0,2,B
210059362551,3,F,2,0,1.0,0,Nova Iguaçu,468.6,471.6,448.8,576.6,540.0,6,B
210059558457,2,F,2,0,1.0,0,Maricá,508.0,421.1,570.5,538.3,720.0,4,B
210058516736,3,F,1,0,1.0,0,Maricá,511.4,559.9,532.3,399.2,660.0,2,A
210059008147,2,F,1,0,1.0,0,Belford Roxo,555.7,541.2,545.3,616.3,440.0,3,C
210059911682,2,F,1,0,1.0,0,Niterói,592.4,585.3,571.7,487.5,720.0,4,E
210058969386,2,F,3,0,1.0,0,Nova Iguaçu,577.7,518.4,569.0,613.4,600.0,3,F
210058796643,3,F,3,0,1.0,0,Niterói,475.8,328.0,440.9,510.4,540.0,5,B
210059899061,2,F,1,0,1.0,0,Duque de Caxias,537.6,576.8,560.8,532.9,660.0,3,F
210060679810,3,F,3,0,1.0,0,Nova Iguaçu,375.4,422.7,480.4,455.9,320.0,4,B
210060067512,2,F,3,0,1.0,0,Nilópolis,500.1,609.1,584.1,439.6,780.0,2,C
210059391617,3,M,2,0,1.0,0,Duque de Caxias,344.2,432.4,474.4,445.1,360.0,4,D
210058424461,3,F,3,0,1.0,0,Nova Iguaçu,382.0,377.5,509.7,560.4,800.0,2,C
210059219532,2,M,3,0,1.0,0,Nova Iguaçu,509.4,485.4,512.1,556.4,600.0,4,A
210059232611,1,F,1,0,1.0,0,Nova Iguaçu,425.9,397.6,336.8,456.2,580.0,3,B
210060081263,4,F,1,0,1.0,0,Duque de Caxias,402.2,448.9,450.0,474.6,760.0,3,B
210059178326,3,M,1,0,1.0,0,Niterói,374.0,395.3,406.8,602.2,620.0,3,B
210060658754,3,F,1,0,1.0,0,Maricá,515.1,597.1,596.5,613.8,680.0,3,E
210058424442,2,F,1,0,1.0,0,Niterói,531.5,552.7,548.1,763.8,960.0,3,O
210058995243,2,F,2,0,1.0,0,Duque de Caxias,571.2,564.5,560.1,595.2,840.0,4,B
210059911650,2,F,3,0,1.0,0,Niterói,468.8,565.7,536.5,434.4,840.0,2,C
210058943703,3,M,3,0,1.0,0,São João de Meriti,575.3,552.3,546.2,707.7,840.0,2,C
210060679820,4,F,2,0,1.0,0,São João de Meriti,450.5,384.0,487.7,518.9,500.0,4,B
210058424471,2,M,3,0,1.0,0,Duque de Caxias,410.7,371.3,366.7,372.0,580.0,2,B
210060506118,3,M,1,0,1.0,0,Nova Iguaçu,587.6,538.0,545.1,668.3,840.0,4,C
210058946736,3,F,3,0,1.0,0,Nilópolis,482.9,516.7,548.8,519.4,500.0,5,D
210060529323,4,F,3,0,1.0,0,Nova Iguaçu,460.6,457.1,488.1,425.2,500.0,7,B
210059879669,3,F,1,0,1.0,0,Nilópolis,390.4,431.5,542.3,371.4,600.0,2,D
210061165542,3,F,3,0,1.0,0,Niterói,431.1,523.5,553.0,424.5,620.0,2,D
210060563564,3,M,1,0,1.0,0,Duque de Caxias,525.9,485.3,508.5,581.3,580.0,4,F
210060563600,3,F,1,0,1.0,0,São João de Meriti,467.0,530.0,483.7,468.5,740.0,4,M
210060529310,3,F,3,0,1.0,0,Duque de Caxias,370.1,429.1,443.2,347.3,260.0,6,B
210058582515,3,F,2,0,1.0,0,Niterói,331.3,423.7,438.8,343.0,540.0,2,A
210061412988,2,F,2,0,1.0,0,Nova Iguaçu,455.3,435.2,433.7,393.5,620.0,4,B
210060415010,2,M,3,0,1.0,0,Duque de Caxias,367.4,403.7,398.6,425.2,460.0,4,C
210059825331,2,F,3,0,1.0,0,Duque de Caxias,437.7,435.3,484.1,479.2,480.0,5,B
210058576483,4,F,2,0,1.0,0,Maricá,407.5,388.6,364.8,445.2,440.0,3,E
210060607250,2,F,3,0,1.0,0,Duque de Caxias,486.7,556.6,551.6,519.7,960.0,4,B
210060364167,2,F,3,0,1.0,0,Niterói,569.1,602.5,601.3,746.6,840.0,6,L
210061206137,3,F,3,0,1.0,0,Duque de Caxias,442.4,526.2,542.4,362.0,580.0,6,B
210061225785,2,M,0,0,1.0,0,Niterói,443.0,537.7,490.4,462.7,640.0,4,B
210061194998,3,F,1,0,1.0,0,Duque de Caxias,530.1,560.5,518.1,475.1,820.0,3,E
210061206141,3,F,1,0,1.0,0,Maricá,410.6,308.3,518.5,450.0,600.0,3,C
210059530365,3,F,1,0,1.0,0,Nova Iguaçu,413.5,483.3,470.5,399.1,600.0,5,C
210058389337,2,F,3,0,1.0,0,Nilópolis,380.0,483.6,461.7,542.7,520.0,4,B
210059221442,2,F,1,0,1.0,0,Nilópolis,505.6,569.7,549.2,451.1,560.0,6,B
210059892728,2,M,2,0,1.0,0,Niterói,581.6,645.5,644.3,639.0,940.0,4,K
210059208335,3,F,1,0,1.0,0,Niterói,393.9,412.3,455.0,386.5,420.0,5,A
210058618583,3,F,2,0,1.0,0,Maricá,387.6,563.5,524.0,382.6,540.0,6,B
210060433620,2,M,3,0,1.0,0,Belford Roxo,492.0,580.9,535.9,591.8,620.0,4,H
210060416123,2,F,1,0,1.0,0,Maricá,485.3,485.2,496.3,568.1,760.0,2,B
210061331644,3,F,1,0,1.0,0,Niterói,498.7,601.1,569.0,732.1,900.0,4,C
210059013864,4,F,2,0,1.0,0,Niterói,500.0,530.6,541.2,402.7,480.0,3,I
210058389322,2,M,2,0,1.0,0,São João de Meriti,538.3,647.2,609.2,700.1,800.0,2,C
210060425487,4,F,1,0,1.0,0,Belford Roxo,487.8,571.1,542.2,363.1,260.0,2,B
210059844701,4,F,1,0,1.0,0,Niterói,466.6,543.6,525.4,575.9,920.0,5,B
210058610534,3,F,1,0,1.0,0,Nilópolis,425.7,427.6,339.4,387.3,580.0,2,B
210060424308,3,M,3,0,1.0,0,Maricá,441.6,566.5,486.0,440.5,420.0,4,B
210061206134,3,F,3,0,1.0,0,Nova Iguaçu,427.9,497.6,475.3,501.5,620.0,3,B
210061393515,2,F,1,0,1.0,0,Niterói,469.4,611.8,590.9,658.2,820.0,4,N
210061464847,4,M,2,0,1.0,0,Maricá,490.2,473.8,480.0,400.6,600.0,6,N
210061277714,3,F,3,0,1.0,0,Duque de Caxias,442.1,598.5,537.5,566.4,640.0,3,D
210058553890,3,F,1,0,1.0,0,Belford Roxo,386.8,388.0,410.9,394.6,600.0,6,B
210058553891,3,F,1,0,1.0,0,Niterói,496.1,473.7,530.1,468.3,880.0,3,G
210061403179,3,F,1,0,1.0,0,Nilópolis,505.9,568.6,495.0,601.3,500.0,2,C
210058648042,3,F,3,0,1.0,0,Duque de Caxias,483.9,483.7,434.5,434.9,300.0,2,C
210058648064,3,F,3,0,1.0,0,Maricá,427.9,507.5,458.9,461.0,560.0,3,A
210059631342,4,M,3,0,1.0,0,Nova Iguaçu,505.9,435.4,512.6,495.5,560.0,4,D
210058545941,3,F,3,0,1.0,0,São João de Meriti,434.2,440.5,544.8,458.0,820.0,3,D
210060003321,3,M,1,0,1.0,0,Niterói,475.3,645.1,592.6,723.6,700.0,4,N
210060278272,4,M,2,0,1.0,0,Duque de Caxias,446.6,315.8,425.1,482.4,580.0,4,B
210059977103,2,F,1,0,1.0,0,Nova Iguaçu,551.8,540.6,594.4,422.6,600.0,4,B
210059304051,2,F,1,0,1.0,0,Maricá,482.4,648.2,598.6,635.2,940.0,4,F
210058553899,3,M,1,0,1.0,0,Niterói,557.6,538.5,551.6,667.2,920.0,3,H
210059990249,2,F,1,0,1.0,0,Nova Iguaçu,495.8,574.1,568.3,689.2,920.0,4,M
210060410708,2,F,1,0,1.0,0,Nova Iguaçu,380.4,329.1,443.7,360.5,580.0,4,C
210060402247,3,F,1,0,1.0,0,Belford Roxo,463.7,504.9,541.1,380.8,860.0,5,D
210061464873,3,F,1,0,1.0,0,São João de Meriti,459.4,459.5,495.9,400.3,700.0,5,B
210059990250,3,F,3,0,1.0,0,São João de Meriti,473.4,565.4,538.9,630.4,600.0,2,C
210061277725,7,F,3,0,1.0,0,Niterói,377.8,402.6,452.5,401.3,320.0,2,B
210060436168,4,F,4,0,1.0,0,Nilópolis,535.5,562.3,446.3,563.8,680.0,4,C
210061341631,3,F,3,0,1.0,0,Niterói,419.6,372.1,365.2,368.5,520.0,6,B
210060483000,3,F,2,0,1.0,0,Duque de Caxias,405.3,528.2,553.9,427.3,600.0,4,B
210061287649,2,F,2,0,1.0,0,São João de Meriti,437.9,493.1,463.4,492.7,600.0,4,B
210061464882,2,M,2,0,1.0,0,Duque de Caxias,544.1,524.1,563.5,505.2,560.0,2,D
210058537932,3,F,2,0,1.0,0,São João de Meriti,472.4,476.9,342.0,362.2,560.0,2,D
210060407223,3,F,3,0,1.0,0,Nova Iguaçu,502.9,486.0,472.6,499.6,780.0,4,A
210059517309,3,F,3,0,1.0,0,Niterói,511.6,517.3,514.1,471.3,720.0,4,C
210058488214,3,F,1,0,1.0,0,Maricá,552.3,587.5,606.3,568.0,600.0,3,B
210059087825,4,F,1,0,1.0,0,São João de Meriti,531.1,522.5,535.7,612.1,700.0,3,B
210058097478,2,F,1,0,1.0,0,Nova Iguaçu,451.8,502.2,464.0,459.9,720.0,4,C
210059074871,2,F,3,0,1.0,0,Duque de Caxias,537.4,537.0,495.2,478.0,620.0,3,G
210059570547,3,F,3,0,1.0,0,Nova Iguaçu,451.2,526.7,501.4,448.8,560.0,3,C
210059301872,3,F,3,0,1.0,0,Nova Iguaçu,464.6,447.8,456.2,419.5,660.0,5,D
210058507257,3,F,3,0,1.0,0,Niterói,527.1,557.7,537.8,390.0,620.0,3,B
210059377623,4,M,2,0,1.0,0,Maricá,379.9,442.8,520.9,431.5,640.0,6,M
210059447897,2,F,1,0,1.0,0,Nova Iguaçu,561.2,555.6,518.9,437.4,760.0,2,D
210060741686,3,F,2,0,1.0,0,São João de Meriti,436.9,603.9,574.8,568.0,520.0,3,C
210058831253,2,F,1,0,1.0,0,São João de Meriti,572.8,628.2,632.6,683.1,840.0,3,C
210060134394,2,F,2,0,1.0,0,São João de Meriti,534.1,535.8,578.0,563.5,840.0,4,B
210058831272,3,F,3,0,1.0,0,Belford Roxo,494.7,405.6,442.7,367.2,400.0,4,C
210059476083,2,M,3,0,1.0,0,Duque de Caxias,478.7,519.9,560.4,468.1,620.0,6,B
210060175583,3,F,3,0,1.0,0,Belford Roxo,400.7,522.9,511.0,454.3,840.0,3,B
210059517284,3,F,2,0,1.0,0,Belford Roxo,442.9,468.7,481.9,369.1,600.0,2,C
210060404571,2,F,1,0,1.0,0,Nova Iguaçu,574.6,572.6,582.4,488.5,620.0,3,B
210059660961,3,F,2,0,1.0,0,Nova Iguaçu,492.2,533.2,490.5,528.7,640.0,5,G
210059371292,3,F,1,0,1.0,0,Niterói,550.2,511.8,553.9,505.0,960.0,4,N
210060005386,2,M,2,0,1.0,0,Nova Iguaçu,499.6,377.6,394.9,442.4,800.0,3,D
210060291511,3,F,3,0,1.0,0,Duque de Caxias,326.8,416.5,383.8,400.3,400.0,3,B
210059797276,3,F,1,0,1.0,0,Nilópolis,452.4,343.0,389.4,395.7,280.0,4,C
210059371296,3,F,1,0,1.0,0,Duque de Caxias,336.8,401.3,348.2,393.1,560.0,5,B
210059715151,2,F,3,0,1.0,0,Nova Iguaçu,501.3,437.9,447.1,498.8,640.0,3,D
210059306100,3,F,3,0,1.0,0,Duque de Caxias,485.9,455.4,493.5,467.2,520.0,2,C
210061246962,2,F,1,0,1.0,0,Niterói,431.3,543.3,569.3,407.5,660.0,5,C
210059479770,4,F,1,0,1.0,0,Duque de Caxias,511.9,659.7,630.5,711.6,780.0,4,F
210059797262,5,M,3,0,1.0,0,Nilópolis,682.6,657.7,636.8,793.3,900.0,4,E
210060432285,3,M,3,0,1.0,0,Belford Roxo,531.6,562.6,482.6,359.7,580.0,4,D
210060434268,3,F,1,0,1.0,0,Niterói,557.5,654.1,679.9,678.7,440.0,4,I
210059425583,2,F,2,0,1.0,0,Duque de Caxias,466.2,531.6,445.1,361.5,540.0,6,B
210058648188,4,F,1,0,1.0,0,Niterói,407.3,473.3,421.9,433.3,560.0,4,B
210058642705,2,F,1,0,1.0,0,Duque de Caxias,511.1,597.9,599.4,572.9,840.0,4,D
210061237083,3,M,1,0,1.0,0,Duque de Caxias,433.1,457.3,465.0,389.5,520.0,2,A
210060552611,3,F,2,0,1.0,0,Nilópolis,488.7,454.4,458.9,362.2,660.0,6,F
210060306510,3,M,1,0,1.0,0,São João de Meriti,476.0,562.7,586.7,543.9,560.0,4,C
210060407291,4,F,1,0,1.0,0,Duque de Caxias,489.6,526.9,528.6,389.8,640.0,2,B
210059810349,3,F,1,0,1.0,0,Duque de Caxias,503.0,536.1,579.2,475.5,480.0,3,B
210060425638,4,M,3,0,1.0,0,Nova Iguaçu,517.7,557.2,548.3,605.4,560.0,3,C
210060425620,2,M,3,0,1.0,0,Belford Roxo,479.5,391.1,391.4,419.5,500.0,3,F
210060364211,4,M,1,0,1.0,0,Niterói,473.4,492.6,503.0,501.2,600.0,2,B
210059797217,2,F,3,0,1.0,0,Nova Iguaçu,603.2,660.6,648.2,731.6,920.0,3,E
210061144591,3,F,2,0,1.0,0,Belford Roxo,459.5,342.2,373.2,342.3,760.0,2,B
210060331342,3,F,2,0,1.0,0,Nova Iguaçu,537.4,660.4,622.9,580.6,920.0,4,D
210060410768,4,F,3,0,1.0,0,Niterói,603.3,411.6,513.6,523.0,440.0,3,B
210059672296,3,M,1,0,1.0,0,Maricá,540.1,642.8,564.0,566.8,800.0,2,B
210059277907,3,F,3,0,1.0,0,São João de Meriti,424.8,556.6,523.5,483.7,660.0,3,B
210059990312,3,F,3,0,1.0,0,Duque de Caxias,460.8,437.8,450.8,465.9,740.0,3,C
210060408123,2,F,3,0,1.0,0,São João de Meriti,573.7,610.4,599.9,582.9,840.0,2,B
210061277806,2,F,3,0,1.0,0,São João de Meriti,521.2,475.4,500.1,493.4,880.0,3,D
210061267934,2,F,1,0,1.0,0,Duque de Caxias,551.8,651.1,613.9,741.2,840.0,2,J
210061277767,3,F,3,0,1.0,0,Niterói,543.3,574.3,545.5,367.2,960.0,4,M
210059494736,3,F,2,0,1.0,0,Duque de Caxias,467.0,488.4,501.5,592.5,680.0,5,D
210059535993,3,F,1,0,1.0,0,Nilópolis,477.8,505.5,514.5,407.0,680.0,4,B
210059277911,3,F,2,0,1.0,0,Niterói,474.7,499.8,445.9,678.1,620.0,4,D
210060404486,3,F,2,0,1.0,0,Duque de Caxias,488.9,480.3,466.2,470.5,640.0,3,H
210060331394,3,F,2,0,1.0,0,Niterói,554.5,555.4,574.0,564.5,680.0,3,D
210059698217,3,F,2,0,1.0,0,Niterói,595.4,631.2,578.8,665.6,700.0,4,G
210059494740,2,F,2,0,1.0,0,Nova Iguaçu,505.2,452.6,539.5,432.7,580.0,6,K
210060428310,3,M,1,0,1.0,0,Niterói,631.8,553.3,486.0,716.1,920.0,2,G
210061216032,2,F,1,0,1.0,0,Nova Iguaçu,408.1,345.9,497.2,400.2,920.0,4,B
210058618688,2,M,3,0,1.0,0,Nova Iguaçu,454.8,596.7,606.6,605.3,760.0,5,B
210061154451,2,M,3,0,1.0,0,Nova Iguaçu,445.4,569.7,593.1,560.0,880.0,3,C
210060454407,2,M,1,0,1.0,0,Niterói,551.5,566.9,586.4,710.8,920.0,2,Q
210059343040,3,F,2,0,1.0,0,Duque de Caxias,488.8,475.7,477.4,399.0,620.0,3,B
210058582592,3,F,3,0,1.0,0,Niterói,419.1,473.6,417.4,400.8,860.0,4,D
210059167160,2,F,3,0,1.0,0,Maricá,396.6,429.5,450.2,428.3,480.0,4,B
210059739112,2,F,1,0,1.0,0,São João de Meriti,479.4,493.5,504.4,404.3,580.0,2,C
210059384289,1,M,3,0,1.0,0,Nova Iguaçu,503.8,502.3,496.9,489.0,620.0,6,B
210058610635,3,F,2,0,1.0,0,Duque de Caxias,414.9,491.0,499.5,499.0,640.0,2,A
210059330042,3,F,2,0,1.0,0,Nova Iguaçu,424.4,496.3,459.9,498.5,600.0,6,B
210059711204,3,F,2,0,1.0,0,São João de Meriti,418.6,392.8,472.7,376.5,460.0,3,E
210060420527,3,F,1,0,1.0,0,Niterói,553.0,564.5,597.7,853.4,960.0,3,K
210061196394,5,F,2,0,1.0,0,Niterói,347.9,463.5,430.0,390.4,620.0,4,B
210060428285,2,F,2,0,1.0,0,Duque de Caxias,680.8,681.0,657.5,800.2,840.0,3,K
210059397404,3,F,2,0,1.0,0,Duque de Caxias,492.3,442.3,472.0,487.4,400.0,4,C
210061154420,2,F,3,0,1.0,0,Duque de Caxias,523.1,439.0,469.2,425.5,720.0,4,I
210059866601,3,M,3,0,1.0,0,Nova Iguaçu,528.0,562.2,530.7,409.8,480.0,4,F
210059167172,2,M,2,0,1.0,0,São João de Meriti,550.5,528.8,557.5,529.3,860.0,3,C
210059866603,2,F,1,0,1.0,0,Maricá,514.7,519.3,462.1,633.0,780.0,5,J
210059618411,3,F,4,0,1.0,0,Nova Iguaçu,420.4,404.5,444.9,403.3,520.0,3,B
210061206160,3,M,3,0,1.0,0,Niterói,502.1,614.2,565.8,601.3,920.0,4,B
210059592447,3,F,2,0,1.0,0,Nilópolis,471.8,539.9,564.1,466.2,780.0,7,C
210059618432,3,F,3,0,1.0,0,Belford Roxo,449.8,506.7,480.6,373.1,900.0,5,B
210060454391,2,F,1,0,1.0,0,Nova Iguaçu,431.9,514.7,422.5,479.5,560.0,4,E
210059412454,3,M,3,0,1.0,0,Nova Iguaçu,516.0,545.0,542.7,822.9,680.0,4,K
210061206166,3,M,3,0,1.0,0,Duque de Caxias,405.8,445.4,499.8,611.8,500.0,3,C
210059977184,3,F,3,0,1.0,0,Niterói,368.6,417.0,447.2,513.2,540.0,3,C
210059438516,1,F,2,0,1.0,0,São João de Meriti,503.1,646.3,601.2,615.1,760.0,3,D
210060078987,3,M,2,0,1.0,0,Nova Iguaçu,395.0,402.1,487.0,495.6,400.0,5,B
210061196337,3,F,3,0,1.0,0,São João de Meriti,463.8,552.1,538.0,534.2,560.0,4,G
210059935963,3,F,1,0,1.0,0,Nilópolis,505.9,466.7,434.6,577.0,640.0,5,H
210061196338,3,F,1,0,1.0,0,Nova Iguaçu,461.1,488.1,478.3,452.0,700.0,2,B
210060454359,2,F,3,0,1.0,0,Nova Iguaçu,406.8,399.5,325.2,382.0,420.0,4,B
210058610582,2,M,1,0,1.0,0,Duque de Caxias,526.9,517.6,537.0,642.1,580.0,3,C
210060408093,3,M,2,0,1.0,0,Nova Iguaçu,569.4,646.8,581.4,833.5,920.0,4,D
210059397351,2,M,3,0,1.0,0,São João de Meriti,461.7,531.6,524.4,426.9,640.0,3,B
210059365550,3,F,3,0,1.0,0,Nova Iguaçu,561.0,611.0,534.2,448.7,720.0,4,B
210059870806,2,F,3,0,1.0,0,Nova Iguaçu,568.1,537.3,521.4,580.0,640.0,3,C
210058804044,3,F,1,0,1.0,0,Niterói,475.3,373.6,482.8,432.4,800.0,4,E
210059965821,3,F,2,0,1.0,0,Duque de Caxias,410.0,494.7,456.3,438.1,600.0,2,B
210059365557,3,M,3,0,1.0,0,Nilópolis,457.9,493.3,538.3,523.0,600.0,4,A
210060824961,3,F,1,0,1.0,0,Nova Iguaçu,432.7,479.3,488.1,336.7,580.0,6,F
210060081436,3,F,3,0,1.0,0,Nova Iguaçu,493.8,498.6,510.9,596.3,700.0,3,D
210059955160,3,F,3,0,1.0,0,Nova Iguaçu,444.1,553.9,560.8,527.3,840.0,6,B
210058407118,4,F,3,0,1.0,0,Nova Iguaçu,443.3,517.7,498.6,375.7,600.0,5,B
210059365562,3,F,3,0,1.0,0,Niterói,431.8,456.5,499.1,416.7,520.0,7,B
210059447027,2,F,3,0,1.0,0,Duque de Caxias,522.3,504.3,508.7,455.3,500.0,5,B
210060041447,4,M,2,0,1.0,0,Niterói,569.7,635.0,597.9,746.0,780.0,4,M
210058425911,2,F,1,0,1.0,0,Duque de Caxias,559.4,594.5,559.5,682.7,920.0,2,G
210059378662,2,F,1,0,1.0,0,Nilópolis,465.0,381.2,476.9,472.5,800.0,3,C
210060907668,3,M,3,0,1.0,0,Nilópolis,506.9,408.8,432.8,388.4,360.0,2,D
210058956670,2,F,3,0,1.0,0,Duque de Caxias,476.2,511.4,498.9,430.1,640.0,4,E
210059365549,3,F,3,0,1.0,0,Nova Iguaçu,478.7,370.5,420.4,440.9,340.0,5,B
210059191584,2,F,1,0,1.0,0,Duque de Caxias,473.5,630.8,618.8,545.8,860.0,4,G
210060815040,2,F,1,0,1.0,0,Niterói,483.6,525.1,466.1,664.8,680.0,3,F
210060834773,3,F,2,0,1.0,0,São João de Meriti,421.7,572.1,538.5,471.1,600.0,5,C
210060106285,5,M,2,0,1.0,0,Nova Iguaçu,531.4,412.5,328.4,488.1,480.0,4,E
210059434903,2,F,2,0,1.0,0,Duque de Caxias,424.8,590.8,592.5,455.4,820.0,5,D
210059940192,4,F,1,0,1.0,0,Nilópolis,378.8,492.0,463.1,434.1,540.0,5,E
210059301965,2,M,1,0,1.0,0,Niterói,560.8,578.4,589.1,687.7,560.0,7,C
210058470601,2,F,3,0,1.0,0,Niterói,531.8,482.6,548.7,610.2,800.0,3,B
210059857886,3,F,3,0,1.0,0,Duque de Caxias,400.0,453.6,552.1,421.8,580.0,3,D
210059857695,3,F,2,0,1.0,0,Belford Roxo,536.7,598.3,573.6,474.3,660.0,4,C
210060106311,4,F,1,0,1.0,0,Nova Iguaçu,476.7,449.3,441.1,362.4,940.0,6,H
210059857697,2,F,4,0,1.0,0,Belford Roxo,499.4,597.0,543.5,414.2,620.0,3,E
210059501311,3,F,3,0,1.0,0,Duque de Caxias,411.3,544.2,457.7,556.4,740.0,4,C
210059514364,2,F,2,0,1.0,0,Nilópolis,402.8,465.0,445.2,365.5,540.0,3,B
210060958150,3,F,3,0,1.0,0,Duque de Caxias,558.4,606.3,568.8,695.8,920.0,6,E
210059857889,2,F,3,0,1.0,0,Nova Iguaçu,492.4,432.1,440.4,489.8,480.0,5,B
210059406726,2,F,1,0,1.0,0,Nova Iguaçu,459.2,444.5,484.5,498.3,620.0,5,C
210058776875,3,F,3,0,1.0,0,São João de Meriti,519.7,554.8,547.9,526.0,900.0,4,B
210060093159,2,F,3,0,1.0,0,Duque de Caxias,523.9,558.2,564.8,618.2,880.0,6,D
210058126223,2,F,1,0,1.0,0,Belford Roxo,505.5,414.0,497.5,381.1,380.0,2,B
210060149459,3,M,1,0,1.0,0,Belford Roxo,450.3,579.6,539.4,468.3,640.0,4,D
210060710920,3,F,1,0,1.0,0,Nova Iguaçu,516.3,610.5,583.4,654.8,760.0,4,E
210060710884,2,F,3,0,1.0,0,Duque de Caxias,337.3,510.1,496.7,632.1,660.0,4,E
210059049054,3,F,2,0,1.0,0,Nova Iguaçu,530.8,605.8,525.8,539.3,680.0,6,B
210059049055,2,F,1,0,1.0,0,Nova Iguaçu,446.3,531.7,465.6,482.1,680.0,3,B
210058470589,3,M,2,0,1.0,0,Nilópolis,539.7,612.2,629.5,604.3,920.0,7,H
210059857726,2,M,3,0,1.0,0,Belford Roxo,552.6,604.4,566.8,656.1,880.0,2,C
210060958180,3,M,3,0,1.0,0,Nova Iguaçu,536.7,581.6,568.5,379.4,800.0,2,B
210059301938,3,F,1,0,1.0,0,Niterói,508.2,434.8,454.4,617.2,820.0,3,C
210059870703,5,F,3,0,1.0,0,Duque de Caxias,375.5,440.3,484.3,463.4,460.0,2,F
210060938529,2,M,3,0,1.0,0,São João de Meriti,568.1,484.2,540.0,709.2,800.0,3,B
210059953076,3,F,1,0,1.0,0,Duque de Caxias,588.3,597.7,576.5,697.3,880.0,4,B
210059152392,3,F,3,0,1.0,0,Duque de Caxias,394.7,345.5,441.8,366.6,400.0,3,B
210059128632,3,F,1,0,1.0,0,São João de Meriti,372.2,415.7,425.6,560.6,660.0,4,B
210060793756,2,F,1,0,1.0,0,São João de Meriti,401.1,463.2,502.8,483.8,560.0,3,B
210059390806,2,M,1,0,1.0,0,Nova Iguaçu,665.4,678.9,628.2,893.1,960.0,4,F
210060216805,2,F,1,0,1.0,0,Nova Iguaçu,512.8,515.1,497.8,540.9,260.0,2,C
210059870695,2,F,2,0,1.0,0,Niterói,532.4,587.0,487.1,578.9,680.0,6,G
210058783538,4,M,1,0,1.0,0,Niterói,449.9,405.8,477.2,396.5,800.0,3,B
210060216807,1,F,3,0,1.0,0,Duque de Caxias,594.0,598.0,624.9,690.8,760.0,4,B
210059504228,2,F,1,0,1.0,0,Niterói,633.6,660.8,677.2,747.1,980.0,4,I
210059504229,3,F,0,0,1.0,0,Nova Iguaçu,531.2,488.9,463.2,533.9,560.0,2,A
210058526372,3,F,2,0,1.0,0,Nilópolis,523.2,557.0,565.4,630.0,640.0,3,J
210059165481,2,M,3,0,1.0,0,Duque de Caxias,536.4,533.8,544.5,595.4,480.0,3,G
210058507363,3,F,3,0,1.0,0,São João de Meriti,504.9,551.8,525.1,504.8,540.0,4,A
210058790152,3,F,2,0,1.0,0,Duque de Caxias,462.7,590.4,610.5,404.4,680.0,3,B
210059100790,2,F,3,0,1.0,0,Niterói,577.4,512.3,494.5,679.5,740.0,5,B
210059113715,2,F,3,0,1.0,0,Niterói,404.7,494.8,470.0,498.1,920.0,5,B
210059844769,3,F,1,0,1.0,0,Nova Iguaçu,502.1,564.4,539.7,510.4,600.0,3,B
210060699705,3,F,3,0,1.0,0,Maricá,341.8,373.9,464.0,340.4,560.0,3,C
210060845779,2,F,1,0,1.0,0,Niterói,553.0,618.2,586.9,745.1,700.0,3,E
210060824837,2,F,1,0,1.0,0,Niterói,418.1,468.1,434.9,580.5,760.0,3,B
210059446984,4,F,2,0,1.0,0,Nilópolis,488.4,573.8,563.7,397.3,680.0,3,C
210058124162,2,F,3,0,1.0,0,Belford Roxo,471.7,521.5,550.2,410.0,600.0,3,F
210058424599,3,M,3,0,1.0,0,Nilópolis,559.5,489.9,532.3,641.8,780.0,5,D
210059844864,2,F,1,0,1.0,0,Niterói,584.6,631.5,585.0,714.3,680.0,5,L
210060927225,3,M,1,0,1.0,0,Maricá,553.3,586.6,544.6,727.9,840.0,4,D
210058931357,3,M,3,0,1.0,0,São João de Meriti,501.0,594.0,531.8,631.0,620.0,4,B
210058407040,3,M,3,0,1.0,0,Nilópolis,482.6,514.2,491.2,474.4,560.0,5,C
210059460065,4,F,2,0,1.0,0,São João de Meriti,385.8,521.6,547.8,479.6,440.0,3,C
210060319666,2,F,3,0,1.0,0,Nova Iguaçu,517.0,570.4,513.3,546.3,820.0,6,G
210059844780,2,F,1,0,1.0,0,Duque de Caxias,450.8,488.8,496.9,491.0,360.0,3,B
210058397570,2,M,3,0,1.0,0,Belford Roxo,480.8,512.3,511.4,638.2,560.0,4,B
210060865599,2,F,1,0,1.0,0,Maricá,519.8,572.4,568.9,477.6,840.0,3,D
210059857606,4,F,3,0,1.0,0,Belford Roxo,359.0,322.9,469.5,475.4,580.0,4,B
210060969260,3,F,3,0,1.0,0,Nova Iguaçu,406.1,433.6,408.2,409.3,440.0,5,A
210060699703,2,F,1,0,1.0,0,Maricá,414.2,467.4,413.6,473.1,580.0,4,B
210058563238,3,F,3,0,1.0,0,Nova Iguaçu,422.9,463.1,462.3,357.6,600.0,3,B
210061476154,3,F,1,0,1.0,0,Nova Iguaçu,412.4,546.5,534.4,466.8,660.0,4,B
210059332271,2,F,1,0,1.0,0,Duque de Caxias,461.1,511.6,521.4,461.5,580.0,2,D
210059481823,3,F,3,0,1.0,0,Nilópolis,480.8,406.3,502.3,455.5,760.0,3,B
210059453697,3,F,3,0,1.0,0,São João de Meriti,473.6,498.2,434.5,396.0,460.0,3,C
210059330052,2,F,2,0,1.0,0,Belford Roxo,535.4,588.4,559.8,611.2,820.0,2,D
210061476179,2,F,1,0,1.0,0,Duque de Caxias,454.8,365.9,490.7,497.7,480.0,3,C
210059866645,3,F,3,0,1.0,0,São João de Meriti,392.3,476.8,499.9,420.3,700.0,3,B
210059536002,2,F,2,0,1.0,0,São João de Meriti,471.2,531.9,534.6,488.7,560.0,3,D
210060454488,3,M,1,0,1.0,0,Belford Roxo,350.8,525.1,566.9,533.8,600.0,5,E
210059523036,2,F,1,0,1.0,0,Duque de Caxias,560.4,512.9,531.9,471.4,940.0,4,G
210061216130,5,M,1,0,1.0,0,Duque de Caxias,512.6,543.9,575.5,581.1,580.0,3,B
210060331429,3,F,3,0,1.0,0,Duque de Caxias,399.1,485.6,505.1,517.3,540.0,4,B
210059332279,3,F,3,0,1.0,0,Duque de Caxias,541.6,590.8,551.7,487.0,840.0,4,C
210059343107,2,F,1,0,1.0,0,Nova Iguaçu,466.5,448.7,433.7,406.6,720.0,5,C
210059508013,3,F,1,0,1.0,0,Maricá,503.2,647.9,604.4,648.1,760.0,3,N
210058576604,2,M,1,0,1.0,0,São João de Meriti,568.3,639.6,577.4,758.5,840.0,4,H
210061476192,2,F,2,0,1.0,0,Nova Iguaçu,475.5,569.4,491.2,442.6,680.0,4,E
210060379293,5,M,0,0,1.0,0,Duque de Caxias,478.0,575.7,516.9,558.0,780.0,3,C
210059356203,3,F,1,0,1.0,0,Duque de Caxias,440.9,527.0,547.8,500.4,800.0,3,B
210059810400,2,F,3,0,1.0,0,Belford Roxo,453.4,438.0,380.0,507.6,500.0,3,A
210059771324,2,F,1,0,1.0,0,Duque de Caxias,574.3,488.6,540.3,548.2,680.0,3,B
210061476174,3,F,2,0,1.0,0,Nova Iguaçu,496.4,465.3,548.2,409.7,640.0,5,D
210061165654,3,F,3,0,1.0,0,Niterói,473.7,535.6,457.9,460.6,580.0,2,C
210058817985,2,M,2,0,1.0,0,Nilópolis,563.4,678.2,567.7,633.7,480.0,4,H
210059115706,2,F,2,0,1.0,0,Belford Roxo,482.1,532.5,367.9,488.9,640.0,5,C
210058804162,2,M,1,0,1.0,0,Duque de Caxias,454.7,567.0,581.2,661.0,680.0,3,G
210059377713,4,M,3,0,1.0,0,Duque de Caxias,500.7,562.2,473.2,425.6,640.0,2,B
210059138124,3,F,1,0,1.0,0,São João de Meriti,496.7,506.2,439.9,494.1,880.0,4,A
210059883635,4,F,3,0,1.0,0,Duque de Caxias,393.5,423.6,419.1,573.1,560.0,6,B
210059573703,3,F,1,0,1.0,0,Niterói,526.6,397.9,526.9,620.8,720.0,7,C
210060203767,2,F,3,0,1.0,0,Duque de Caxias,477.7,520.9,519.4,497.2,820.0,6,B
210058817973,3,M,2,0,1.0,0,Nova Iguaçu,492.5,517.2,483.5,411.2,500.0,4,C
210059803568,2,M,3,0,1.0,0,Belford Roxo,519.9,576.8,506.2,653.4,700.0,4,D
210060948485,4,F,2,0,1.0,0,São João de Meriti,517.5,457.3,443.7,633.8,720.0,4,C
210059405890,3,F,3,0,1.0,0,Nova Iguaçu,507.9,462.6,492.3,357.6,880.0,3,A
210059193604,4,M,3,0,1.0,0,Nova Iguaçu,503.4,513.1,539.8,562.4,600.0,4,B
210058790948,3,F,3,0,1.0,0,São João de Meriti,486.6,572.9,447.6,414.8,860.0,3,C
210059377745,3,F,1,0,1.0,0,Duque de Caxias,546.8,581.3,555.3,668.7,920.0,2,C
210059128655,2,F,2,0,1.0,0,Duque de Caxias,491.0,443.5,510.7,353.1,440.0,2,B
210058516923,3,F,3,0,1.0,0,Nova Iguaçu,414.9,535.8,510.5,370.6,720.0,5,C
210059377725,4,F,2,0,1.0,0,Duque de Caxias,582.4,600.7,563.0,602.5,600.0,2,C
210058810736,3,F,3,0,1.0,0,Belford Roxo,480.1,576.8,541.8,394.7,480.0,3,B
210059128695,3,M,3,0,1.0,0,Nova Iguaçu,448.0,519.3,493.0,409.1,520.0,3,D
210060846025,2,M,1,0,1.0,0,Maricá,535.1,469.6,476.9,392.7,440.0,3,C
210059517378,3,M,1,0,1.0,0,Belford Roxo,581.0,605.9,587.3,478.0,600.0,4,D
210059965998,2,M,1,0,1.0,0,Niterói,554.2,635.9,586.7,822.0,880.0,4,Q
210060897945,3,M,2,0,1.0,0,Nilópolis,574.0,590.0,582.8,615.8,680.0,3,D
210059968074,3,F,2,0,1.0,0,Duque de Caxias,450.0,532.2,514.8,415.5,460.0,3,C
210059968147,2,F,3,0,1.0,0,Nova Iguaçu,440.8,501.9,518.5,438.4,520.0,3,D
210059803630,2,M,2,0,1.0,0,São João de Meriti,444.4,465.1,543.1,541.6,480.0,2,D
210059419946,2,F,4,0,1.0,0,Niterói,446.5,540.9,456.0,348.4,620.0,2,B
210058804210,3,F,3,0,1.0,0,Duque de Caxias,568.0,573.0,521.7,584.6,720.0,3,E
210060710998,2,M,2,0,1.0,0,Duque de Caxias,399.3,328.9,484.9,469.3,540.0,4,C
210059421896,3,M,3,0,1.0,0,Nova Iguaçu,547.2,500.5,417.0,530.9,440.0,6,C
210060121400,2,F,3,0,1.0,0,Duque de Caxias,555.3,550.7,569.9,670.3,680.0,3,B
210058790984,2,M,3,0,1.0,0,Nova Iguaçu,602.2,569.9,508.2,693.5,780.0,4,F
210059968171,2,F,1,0,1.0,0,Duque de Caxias,391.9,489.3,476.2,510.0,780.0,6,A
210058997348,2,F,2,0,1.0,0,Nilópolis,458.3,512.1,549.1,532.5,760.0,3,C
210058997391,2,F,1,0,1.0,0,Nova Iguaçu,542.6,663.1,619.0,613.8,780.0,2,A
210060825078,2,F,1,0,1.0,0,Niterói,475.2,542.2,498.3,545.2,820.0,3,E
210060720875,2,M,3,0,1.0,0,Niterói,561.0,669.2,584.5,719.7,900.0,4,E
210060907797,3,F,2,0,1.0,0,Nova Iguaçu,420.7,507.9,360.0,365.7,720.0,4,C
210059803592,4,M,3,0,1.0,0,Belford Roxo,390.2,440.3,443.3,478.9,520.0,3,A
210058434114,3,F,3,0,1.0,0,Maricá,538.9,531.7,500.0,491.5,280.0,5,B
210060093265,3,M,1,0,1.0,0,Niterói,489.6,396.5,395.4,341.8,620.0,2,F
210058453062,4,F,2,0,1.0,0,Nova Iguaçu,389.5,409.4,480.8,379.7,420.0,4,B
210058982494,5,F,2,0,1.0,0,Duque de Caxias,417.5,367.4,363.6,407.5,720.0,3,G
210059489270,2,F,3,0,1.0,0,Nilópolis,540.6,549.2,525.6,488.0,700.0,3,K
210059434922,2,M,1,0,1.0,0,Duque de Caxias,580.2,576.6,582.9,600.3,580.0,3,G
210058810693,3,F,2,0,1.0,0,Nova Iguaçu,514.4,440.5,383.7,438.8,600.0,4,B
210059790568,3,F,1,0,1.0,0,Nova Iguaçu,478.3,427.7,528.2,346.0,720.0,3,B
210058797511,3,M,3,0,1.0,0,Nova Iguaçu,454.0,345.6,465.3,360.3,580.0,3,D
210059955208,2,M,3,0,1.0,0,Niterói,615.5,661.2,614.3,703.5,720.0,7,E
210059872918,2,F,1,0,1.0,0,Nova Iguaçu,478.4,620.0,623.3,598.9,880.0,2,C
210059113884,3,F,1,0,1.0,0,Nilópolis,658.3,648.6,593.1,683.9,640.0,4,I
210059555630,2,F,1,0,1.0,0,Maricá,502.0,436.3,529.4,412.5,740.0,3,B
210059275854,4,M,2,0,1.0,0,Duque de Caxias,397.7,476.1,447.2,404.1,640.0,4,B
210059514415,3,F,1,0,1.0,0,Nova Iguaçu,517.3,542.1,531.4,559.6,680.0,4,D
210059489264,3,M,1,0,1.0,0,Duque de Caxias,600.9,561.2,534.8,653.5,340.0,6,D
210060710972,2,M,2,0,1.0,0,Duque de Caxias,489.6,500.3,553.6,406.6,600.0,3,M
210060108254,3,F,3,0,1.0,0,Duque de Caxias,469.3,463.9,486.0,449.1,340.0,3,A
210059330253,2,F,2,0,1.0,0,São João de Meriti,375.6,355.5,377.5,426.5,460.0,3,C
210060518832,3,F,1,0,1.0,0,Nova Iguaçu,461.6,584.1,603.8,568.9,840.0,2,E
210060437657,2,F,3,0,1.0,0,Niterói,425.8,477.1,437.5,391.4,520.0,4,B
210060890482,3,F,1,0,1.0,0,Nova Iguaçu,333.1,369.2,401.3,350.8,480.0,3,B
210059389552,3,F,1,0,1.0,0,Nova Iguaçu,446.9,349.4,316.6,370.3,600.0,6,B
210058627434,3,F,3,0,1.0,0,Duque de Caxias,504.7,534.1,580.1,574.1,700.0,4,C
210060880643,2,F,1,0,1.0,0,Belford Roxo,436.8,469.1,489.7,410.8,520.0,5,I
210059949225,2,F,3,0,1.0,0,Niterói,571.7,631.8,619.0,675.2,900.0,2,B
210059376447,4,M,1,0,1.0,0,Duque de Caxias,514.0,507.3,497.0,413.0,620.0,4,D
210059964265,3,M,3,0,1.0,0,São João de Meriti,450.1,474.2,446.9,439.5,480.0,2,B
210059689095,4,M,1,0,1.0,0,Nova Iguaçu,499.1,436.3,531.1,457.9,760.0,4,E
210059647981,3,M,3,0,1.0,0,Duque de Caxias,506.8,501.7,536.0,572.0,560.0,4,D
210058627442,3,M,3,0,1.0,0,Duque de Caxias,597.1,584.2,486.0,581.3,880.0,5,D
210059702188,3,M,1,0,1.0,0,Niterói,560.9,634.3,636.4,778.1,980.0,3,K
210060332782,2,F,3,0,1.0,0,São João de Meriti,500.8,550.4,547.4,492.8,680.0,3,E
210059702147,2,F,3,0,1.0,0,Nova Iguaçu,450.4,567.3,576.9,590.9,800.0,3,A
210059528062,3,F,1,0,2.0,0,Niterói,500.1,582.8,560.2,499.8,720.0,6,D
210059376370,3,F,2,0,1.0,0,Niterói,460.1,526.3,531.9,591.3,520.0,4,H
210060319670,3,M,1,0,1.0,0,Niterói,496.0,529.8,518.9,463.9,740.0,3,H
210058546141,2,F,2,0,1.0,0,Duque de Caxias,436.3,551.8,521.2,470.2,800.0,3,D
210060425718,2,F,2,0,1.0,0,São João de Meriti,482.8,563.3,502.4,485.8,680.0,4,D
210059977297,3,F,3,0,1.0,0,Duque de Caxias,425.0,479.0,416.6,495.9,640.0,2,B
210060931152,2,M,1,0,1.0,0,Niterói,671.6,628.0,646.4,799.9,560.0,4,P
210059335197,3,F,1,0,1.0,0,Nilópolis,609.0,629.5,587.8,492.7,760.0,3,E
210059756356,3,F,1,0,1.0,0,Duque de Caxias,406.8,545.6,527.8,546.7,900.0,3,E
210060404574,4,F,3,0,1.0,0,Nova Iguaçu,540.2,532.2,561.4,450.3,680.0,2,B
210060408241,3,M,2,0,1.0,0,Nova Iguaçu,463.7,502.3,520.8,549.8,760.0,3,C
210060332750,2,F,3,0,1.0,0,Nova Iguaçu,457.7,524.7,529.7,483.1,640.0,6,I
210059425654,3,F,3,0,1.0,0,Duque de Caxias,460.5,389.6,466.4,351.7,680.0,3,B
210059384453,2,M,1,0,1.0,0,Nova Iguaçu,586.8,631.3,628.6,767.1,680.0,4,I
210059306165,3,F,2,0,1.0,0,São João de Meriti,506.3,501.1,446.5,515.4,760.0,5,C
210059440672,2,F,1,0,1.0,0,Nova Iguaçu,428.4,483.4,528.3,560.6,920.0,2,G
210060402406,2,F,1,0,1.0,0,Maricá,513.8,508.0,526.3,443.2,820.0,5,E
210060437608,3,F,1,0,1.0,0,São João de Meriti,439.8,566.1,542.6,408.9,620.0,5,B
210059812369,2,F,5,0,1.0,0,Nova Iguaçu,541.9,517.1,566.9,571.9,860.0,2,B
210058546115,3,F,1,0,1.0,0,São João de Meriti,394.7,527.9,466.0,353.4,860.0,2,D
210060422638,3,M,1,0,1.0,0,Niterói,766.4,684.0,728.5,908.6,920.0,4,H
210059894900,2,M,1,0,1.0,0,Niterói,698.6,671.6,640.9,843.3,940.0,5,Q
210059541257,3,M,1,0,1.0,0,Nova Iguaçu,582.5,603.5,588.3,762.1,880.0,4,C
210059389500,2,F,1,0,1.0,0,Nova Iguaçu,437.3,438.5,487.8,373.8,320.0,4,C
210059508063,3,F,3,0,1.0,0,Maricá,499.8,512.6,545.7,577.0,920.0,4,B
210060828756,2,F,3,0,1.0,0,Nova Iguaçu,487.3,579.5,608.0,643.9,940.0,2,B
210060483154,3,F,3,0,1.0,0,Duque de Caxias,572.8,623.9,577.0,649.2,880.0,5,E
210060354485,2,F,1,0,1.0,0,Niterói,461.5,508.2,482.9,442.3,700.0,4,C
210059208535,2,F,3,0,1.0,0,Nova Iguaçu,447.2,503.9,440.7,371.1,620.0,2,B
210060424544,3,M,2,0,2.0,0,Nilópolis,623.4,704.0,624.8,719.8,660.0,2,D
210059541232,2,F,2,0,2.0,0,Belford Roxo,543.0,559.8,539.1,458.1,920.0,5,B
210060354470,2,F,3,0,1.0,0,São João de Meriti,588.9,642.6,638.3,659.9,920.0,4,L
210061476207,2,F,2,0,1.0,0,Nova Iguaçu,479.4,432.7,526.2,461.2,540.0,4,C
210059430699,2,F,1,0,1.0,0,Niterói,493.7,645.8,614.5,625.6,880.0,5,D
210058576622,2,F,2,0,1.0,0,Niterói,380.3,557.0,537.0,473.6,820.0,2,A
210059486944,3,F,1,0,1.0,0,Nova Iguaçu,466.8,506.3,503.3,377.9,780.0,6,B
210060424508,3,M,2,0,1.0,0,Niterói,521.9,639.2,616.6,515.5,480.0,3,B
210060424531,2,F,3,0,1.0,0,Duque de Caxias,448.8,444.8,501.8,475.7,640.0,5,B
210060424553,2,M,3,0,1.0,0,Nova Iguaçu,436.7,563.1,498.9,774.2,640.0,4,B
210059771363,3,F,2,0,1.0,0,Nova Iguaçu,409.3,576.0,540.0,376.6,640.0,3,C
210060890440,3,F,3,0,1.0,0,Duque de Caxias,436.3,579.6,514.0,458.6,560.0,3,B
210061277876,3,F,2,0,1.0,0,Niterói,475.4,453.0,505.2,502.8,580.0,4,H
210059879833,3,M,3,0,1.0,0,Duque de Caxias,511.4,539.5,528.6,627.0,320.0,4,C
210060890442,4,M,0,0,1.0,0,Belford Roxo,469.2,522.7,493.0,485.0,900.0,1,A
210059936076,4,F,2,0,1.0,0,Niterói,488.1,512.5,438.3,514.1,560.0,3,D
210059661009,3,F,1,0,1.0,0,Nova Iguaçu,445.9,570.7,544.6,594.2,760.0,2,B
210060495603,3,F,3,0,1.0,0,Nova Iguaçu,486.3,571.0,576.9,477.9,560.0,3,B
210059384414,3,F,2,0,1.0,0,Nova Iguaçu,511.1,531.2,544.9,479.9,940.0,3,H
210060880589,3,F,3,0,1.0,0,Belford Roxo,408.9,389.2,444.1,493.4,680.0,3,B
210059660993,2,F,3,0,1.0,0,Niterói,461.9,558.2,482.1,382.7,920.0,5,C
210060432345,4,F,3,0,1.0,0,Niterói,481.9,421.9,455.9,352.6,700.0,4,B
210060432327,2,M,3,0,1.0,0,Duque de Caxias,453.4,470.8,442.2,386.3,500.0,3,C
210058399017,4,F,1,0,1.0,0,Niterói,382.3,433.1,475.8,500.2,460.0,2,A
210058426020,3,F,1,0,1.0,0,Duque de Caxias,482.5,567.6,543.8,506.0,460.0,3,C
210060649086,3,F,1,0,1.0,0,Nova Iguaçu,468.0,479.5,486.6,470.6,760.0,4,E
210058818084,4,M,3,0,1.0,0,Niterói,466.9,572.7,554.3,497.1,640.0,4,C
210060026513,2,M,4,0,1.0,0,Duque de Caxias,519.8,516.7,489.6,445.0,620.0,4,L
210058777286,3,F,2,0,1.0,0,Duque de Caxias,452.3,539.5,547.2,489.0,740.0,3,C
210060680072,3,F,1,0,1.0,0,Niterói,522.2,556.3,647.2,615.4,860.0,5,F
210060026497,3,M,3,0,1.0,0,Duque de Caxias,376.4,561.6,568.3,548.1,760.0,4,B
210059886004,3,F,1,0,1.0,0,Duque de Caxias,469.1,606.7,577.0,675.2,900.0,4,G
210059193630,2,F,3,0,1.0,0,Nova Iguaçu,510.3,488.9,486.3,363.2,800.0,5,B
210060803713,3,M,3,0,1.0,0,Belford Roxo,436.6,395.7,461.2,407.8,700.0,5,B
210058997402,2,F,3,0,1.0,0,Duque de Caxias,518.3,542.6,557.2,448.4,820.0,2,C
210059376552,3,M,3,0,1.0,0,Nova Iguaçu,387.8,449.1,457.7,464.8,640.0,4,B
210059523148,3,M,3,0,1.0,0,Duque de Caxias,384.1,326.7,361.5,380.8,480.0,5,B
210060828771,2,M,1,0,1.0,0,Niterói,523.5,560.7,454.1,477.7,620.0,4,C
210059619983,2,F,3,0,1.0,0,Duque de Caxias,511.1,555.3,564.2,371.4,680.0,3,C
210059634968,2,M,3,0,1.0,0,Niterói,535.8,524.1,460.2,510.4,640.0,5,F
210059363446,2,F,3,0,1.0,0,Nova Iguaçu,522.7,623.4,614.6,539.6,840.0,3,B
210059894918,3,F,1,0,1.0,0,Niterói,452.4,518.1,539.6,452.6,820.0,3,D
210059619984,2,F,3,0,1.0,0,Nova Iguaçu,477.5,453.3,473.1,369.0,520.0,2,B
210059593866,3,F,1,0,1.0,0,Duque de Caxias,456.0,530.9,553.2,437.0,620.0,3,E
210060859688,3,F,2,0,1.0,0,Niterói,525.2,559.2,555.5,399.1,520.0,2,C
210059923118,2,F,1,0,1.0,0,São João de Meriti,488.5,508.9,522.2,398.9,720.0,5,D
210060732020,3,F,1,0,1.0,0,Maricá,518.4,556.7,559.5,544.4,840.0,2,B
210060586406,3,F,3,0,1.0,0,Nova Iguaçu,499.0,513.6,529.7,491.1,600.0,3,E
210060454570,3,F,3,0,1.0,0,Belford Roxo,474.3,577.9,492.0,507.6,540.0,5,F
210059619995,3,F,2,0,1.0,0,São João de Meriti,514.6,568.0,491.0,510.6,780.0,7,B
210059881830,3,F,2,0,1.0,0,Nova Iguaçu,513.8,524.8,462.4,394.0,700.0,4,B
210059908054,2,M,3,0,1.0,0,Nova Iguaçu,556.7,662.9,608.6,703.5,920.0,4,C
210060732011,3,F,1,0,1.0,0,Niterói,539.2,566.5,517.0,643.6,920.0,4,D
210060134527,2,F,4,0,1.0,0,Nova Iguaçu,499.7,549.4,564.8,559.4,620.0,3,B
210060422690,3,F,1,0,1.0,0,Duque de Caxias,482.6,544.3,521.3,508.1,700.0,2,B
210059606931,2,F,2,0,1.0,0,São João de Meriti,421.1,387.9,396.1,339.7,480.0,3,A
210059195490,2,F,3,0,1.0,0,Niterói,442.1,449.2,490.8,382.7,560.0,5,I
210059648019,3,F,1,0,1.0,0,Duque de Caxias,417.8,516.9,553.2,464.3,600.0,3,C
210059866799,2,F,0,0,1.0,0,Niterói,499.1,557.7,508.6,512.7,860.0,4,B
210058610819,3,M,1,0,1.0,0,Niterói,616.8,666.1,691.7,791.0,720.0,4,E
210058610842,3,M,3,0,1.0,0,Belford Roxo,369.5,479.3,415.0,333.5,520.0,5,C
210060782701,2,F,1,0,1.0,0,Niterói,583.8,624.0,640.2,739.7,920.0,5,P
210058818070,3,F,3,0,1.0,0,São João de Meriti,491.6,569.6,565.2,453.9,600.0,3,C
210060162671,2,F,3,0,1.0,0,Maricá,498.4,628.5,603.7,656.8,600.0,3,B
210059476240,3,F,3,0,1.0,0,Duque de Caxias,437.1,419.6,352.1,371.2,340.0,4,C
210059102820,2,M,2,0,1.0,0,Duque de Caxias,424.5,524.0,465.1,516.0,480.0,4,C
210060917671,2,M,1,0,1.0,0,Nova Iguaçu,500.6,579.0,558.8,637.7,440.0,4,D
210058784487,2,F,2,0,1.0,0,Nova Iguaçu,430.1,365.5,414.9,452.8,440.0,4,B
210059100870,2,F,3,0,1.0,0,Nova Iguaçu,519.4,575.2,571.4,629.8,860.0,4,A
210059364683,4,F,2,0,1.0,0,Maricá,490.7,545.2,415.8,411.0,380.0,4,B
210059152518,4,F,1,0,1.0,0,Nova Iguaçu,431.0,424.1,401.7,459.3,560.0,3,D
210060162654,3,F,3,0,1.0,0,Duque de Caxias,379.9,382.3,398.6,420.0,520.0,4,B
210059075012,3,F,1,0,1.0,0,Duque de Caxias,451.9,640.0,560.1,413.7,740.0,3,D
210059113939,2,M,3,0,1.0,0,Nova Iguaçu,394.4,490.3,447.6,665.0,580.0,3,H
210059100873,3,F,3,0,1.0,0,Nova Iguaçu,488.0,482.0,525.1,564.9,560.0,7,C
210059074995,2,F,3,0,1.0,0,Belford Roxo,469.2,459.3,452.4,498.4,360.0,3,B
210059885788,4,M,1,0,1.0,0,Duque de Caxias,481.7,532.8,501.9,451.3,540.0,4,C
210060793859,3,F,1,0,1.0,0,Nilópolis,551.3,554.3,516.7,574.1,720.0,4,B
210060216902,3,F,1,0,1.0,0,Duque de Caxias,557.9,537.8,619.0,601.7,860.0,3,C
210059885913,3,F,3,0,1.0,0,Belford Roxo,537.0,469.1,523.6,419.9,580.0,2,A
210058777213,3,M,2,0,1.0,0,Duque de Caxias,530.5,555.8,565.5,471.0,620.0,4,C
210058824628,3,F,2,0,1.0,0,Niterói,542.3,595.5,602.3,545.2,820.0,4,E
210058497930,4,F,3,0,1.0,0,Nova Iguaçu,475.4,434.0,503.5,382.8,320.0,7,B
210060917657,1,F,3,0,1.0,0,Nova Iguaçu,453.9,436.9,490.6,470.6,620.0,4,D
210058824609,4,M,1,0,1.0,0,Duque de Caxias,451.2,457.8,479.1,348.8,320.0,3,D
210059885899,2,F,2,0,1.0,0,Nova Iguaçu,494.9,589.5,560.9,599.8,940.0,2,C
210059335327,3,M,2,0,1.0,0,Duque de Caxias,434.5,407.7,369.9,472.1,460.0,4,C
210059838631,3,F,3,0,1.0,0,Duque de Caxias,447.9,413.6,478.9,395.1,580.0,4,C
210058582731,3,M,1,0,1.0,0,Niterói,465.4,577.4,542.6,595.2,580.0,4,C
210059440683,4,M,2,0,1.0,0,São João de Meriti,326.5,461.0,364.2,414.2,440.0,3,B
210060931212,2,M,1,0,1.0,0,Nilópolis,491.7,465.2,474.4,337.6,680.0,2,C
210059495020,2,F,3,0,1.0,0,Duque de Caxias,348.2,532.8,528.4,529.4,880.0,3,B
210060408276,3,F,1,0,1.0,0,Nova Iguaçu,481.1,550.4,520.6,573.2,560.0,4,B
210060425785,3,F,3,0,1.0,0,Nova Iguaçu,430.3,536.3,351.0,504.1,620.0,3,C
210059812421,5,F,3,0,1.0,0,Belford Roxo,441.4,466.6,529.1,423.9,480.0,4,C
210059825504,2,F,1,0,1.0,0,Duque de Caxias,496.3,473.1,443.1,404.8,820.0,2,D
210060921299,4,M,1,0,1.0,0,Duque de Caxias,476.8,555.8,544.1,440.0,660.0,4,B
210058546170,3,F,2,0,1.0,0,São João de Meriti,456.6,417.3,432.2,463.5,300.0,3,D
210059743277,3,F,1,0,1.0,0,Niterói,400.7,558.6,569.9,613.8,640.0,2,C
210060952225,3,M,3,0,1.0,0,São João de Meriti,571.0,572.9,542.8,644.0,520.0,4,B
210059430802,3,F,3,0,2.0,0,Belford Roxo,474.8,437.6,469.3,386.8,660.0,2,B
210060408727,2,F,3,0,1.0,0,Nova Iguaçu,457.1,451.1,471.1,500.2,620.0,3,F
210059440718,3,F,2,0,1.0,0,Niterói,505.1,582.6,505.8,591.1,920.0,3,F
210058538175,3,F,1,0,1.0,0,Nova Iguaçu,492.8,473.0,574.3,489.4,600.0,3,D
210060554747,2,M,1,0,1.0,0,Duque de Caxias,523.0,577.9,580.8,674.4,580.0,3,D
210058546156,2,F,2,0,1.0,0,Duque de Caxias,576.6,534.4,546.7,607.7,860.0,4,B
210059335316,2,F,3,0,1.0,0,São João de Meriti,512.0,600.7,492.4,404.3,880.0,3,D
210059513129,3,M,1,0,1.0,0,Duque de Caxias,415.7,550.2,568.4,548.6,480.0,3,B
210059453792,3,F,2,0,1.0,0,Niterói,542.6,544.4,534.2,571.6,760.0,3,D
210059348391,4,M,2,0,1.0,0,Duque de Caxias,505.2,383.2,432.2,425.4,440.0,5,C
210059468845,2,M,2,0,1.0,0,Duque de Caxias,473.4,524.9,398.2,554.0,360.0,2,B
210060952234,2,F,3,0,1.0,0,Duque de Caxias,538.9,612.0,586.9,530.4,740.0,2,B
210059347400,3,F,3,0,1.0,0,Duque de Caxias,386.3,517.9,504.2,589.7,620.0,5,B
210058499303,3,F,2,0,1.0,0,Belford Roxo,408.2,483.2,515.7,486.6,740.0,4,A
210060162772,3,F,2,0,1.0,0,São João de Meriti,580.7,581.3,520.1,527.3,620.0,2,E
210060722256,3,F,1,0,1.0,0,Nova Iguaçu,517.4,602.7,581.7,658.8,840.0,4,L
210060136565,3,F,1,0,1.0,0,Niterói,481.0,547.9,469.8,448.2,800.0,3,O
210059075133,3,F,3,0,1.0,0,São João de Meriti,417.1,491.9,487.4,538.6,600.0,4,E
210059570827,2,F,1,0,1.0,0,Nova Iguaçu,493.1,566.4,507.1,630.6,640.0,3,B
210060857521,2,F,3,0,1.0,0,Duque de Caxias,431.6,497.2,561.6,549.2,800.0,2,C
210060177783,2,F,3,0,1.0,0,Nova Iguaçu,455.8,584.3,517.7,601.2,640.0,4,C
210060960006,3,F,1,0,1.0,0,Niterói,447.5,517.8,547.5,508.7,740.0,4,G
210060177822,3,F,1,0,1.0,0,Nilópolis,596.4,636.0,655.1,619.4,760.0,4,E
210058462615,2,F,2,0,1.0,0,Nova Iguaçu,489.8,517.8,574.1,535.9,900.0,3,A
210060763042,3,F,1,0,1.0,0,Nova Iguaçu,418.0,522.5,500.0,351.5,480.0,3,B
210059435108,2,M,1,0,1.0,0,Nova Iguaçu,387.1,465.3,502.9,465.6,660.0,4,B
210058480263,2,F,1,0,1.0,0,Belford Roxo,590.3,602.1,638.4,676.4,840.0,4,C
210060177788,3,M,3,0,1.0,0,Belford Roxo,423.7,479.1,556.9,392.4,560.0,5,G
210060959971,4,F,3,0,1.0,0,Nova Iguaçu,357.9,339.5,437.6,358.8,360.0,3,B
210058063453,3,F,3,0,1.0,0,São João de Meriti,344.0,510.7,461.2,381.1,460.0,5,B
210058063455,3,F,1,0,1.0,0,Niterói,449.3,385.9,302.7,507.5,780.0,5,J
210059302176,3,M,1,0,1.0,0,Niterói,591.0,645.4,608.3,726.6,840.0,4,F
210058202134,3,F,1,0,1.0,0,Duque de Caxias,554.6,555.7,511.7,396.4,700.0,4,C
210058499315,3,F,3,0,1.0,0,Duque de Caxias,446.5,517.8,513.0,379.4,460.0,3,B
210060898270,3,F,3,0,1.0,0,Belford Roxo,459.8,555.6,486.1,512.5,840.0,3,B
210060898272,2,F,3,0,1.0,0,Nova Iguaçu,476.2,444.4,540.1,554.5,880.0,4,D
210060751832,2,M,1,0,1.0,0,Nilópolis,559.6,595.8,591.3,485.0,900.0,4,C
210058480273,5,M,1,0,1.0,0,Duque de Caxias,436.3,482.0,409.3,457.0,440.0,3,B
210060149649,3,M,1,0,1.0,0,Niterói,572.3,557.9,527.9,508.3,600.0,6,C
210058499300,3,M,2,0,1.0,0,Niterói,460.8,410.9,438.5,498.2,680.0,4,D
210059435098,3,F,3,0,1.0,0,Belford Roxo,382.6,435.4,500.1,375.4,520.0,5,F
210060190825,2,F,2,0,1.0,0,Belford Roxo,508.8,571.2,606.2,414.4,620.0,5,B
210059152551,2,F,3,0,1.0,0,Duque de Caxias,431.8,495.0,490.3,356.3,380.0,4,B
210060969692,7,F,3,0,1.0,0,Nova Iguaçu,465.2,477.9,453.3,418.5,340.0,2,A
210059570740,2,F,3,0,1.0,0,Duque de Caxias,503.2,545.5,460.0,608.0,740.0,3,F
210058131521,2,F,3,0,1.0,0,São João de Meriti,608.7,590.6,580.1,579.7,860.0,2,B
210060959813,3,F,1,0,1.0,0,Nova Iguaçu,532.8,551.3,456.7,464.8,480.0,5,E
210058303028,4,M,1,0,1.0,0,São João de Meriti,403.0,380.7,418.8,376.6,360.0,4,B
210059089959,2,F,3,0,1.0,0,Maricá,506.4,532.0,513.2,494.3,580.0,4,C
210058389583,2,M,3,0,1.0,0,Nova Iguaçu,473.7,492.8,491.4,372.5,320.0,4,B
210060888243,3,F,1,0,1.0,0,Niterói,401.7,538.9,488.6,440.0,640.0,2,B
210060784042,3,F,4,0,1.0,0,Nova Iguaçu,536.5,477.0,499.3,833.9,820.0,5,C
210059530587,2,F,2,0,1.0,0,Nilópolis,478.4,544.6,598.7,572.0,960.0,3,B
210060803769,3,F,3,0,1.0,0,São João de Meriti,516.2,510.7,522.4,504.3,560.0,3,D
210060928949,2,F,1,0,1.0,0,São João de Meriti,449.6,534.8,518.7,465.2,640.0,4,C
210060218918,3,F,3,0,1.0,0,Nova Iguaçu,413.1,500.0,473.8,397.6,480.0,7,B
210058389567,2,F,3,0,1.0,0,Duque de Caxias,489.0,524.5,517.5,477.5,680.0,4,F
210059206777,3,F,2,0,1.0,0,Duque de Caxias,508.1,610.9,567.3,579.6,860.0,2,E
210060069749,5,F,3,0,1.0,0,Belford Roxo,534.8,574.1,560.3,484.9,560.0,2,B
210059260982,4,M,3,0,1.0,0,Duque de Caxias,503.8,443.7,430.9,547.1,740.0,4,D
210058252576,4,M,2,0,1.0,0,São João de Meriti,571.2,579.5,504.3,730.3,840.0,4,E
210059219850,3,M,1,0,1.0,0,Niterói,391.3,600.6,583.5,687.5,880.0,3,E
210059460272,2,F,1,0,1.0,0,Nova Iguaçu,475.8,547.6,594.9,569.6,800.0,4,C
210058824798,3,F,3,0,1.0,0,Maricá,516.2,582.7,546.1,516.2,600.0,2,B
210059380761,2,M,1,0,1.0,0,Belford Roxo,391.7,517.1,487.0,416.0,460.0,4,B
210060898155,3,M,1,0,1.0,0,Nova Iguaçu,580.7,636.7,558.3,592.3,600.0,4,D
210060888280,3,F,3,0,1.0,0,Nova Iguaçu,461.7,496.3,470.4,504.7,520.0,2,B
210060093422,4,F,1,0,1.0,0,São João de Meriti,467.7,393.9,493.6,589.5,920.0,5,G
210060649191,4,F,2,0,1.0,0,Nova Iguaçu,530.9,572.8,628.2,575.1,640.0,4,B
210058984562,3,M,1,0,1.0,0,São João de Meriti,502.2,526.1,508.3,501.0,580.0,4,A
210060670229,5,F,1,0,1.0,0,Nova Iguaçu,390.1,469.0,308.1,395.9,540.0,2,C
210058945948,2,F,2,0,1.0,0,Nova Iguaçu,534.8,559.1,554.4,561.3,720.0,3,C
210058416661,2,M,1,0,1.0,0,São João de Meriti,428.0,564.2,509.8,604.7,720.0,3,C
210058984563,3,F,3,0,1.0,0,Niterói,440.8,487.3,414.1,377.8,580.0,3,C
210058945949,4,F,3,0,1.0,0,Niterói,438.8,503.8,470.5,363.9,360.0,4,C
210058811602,2,F,3,0,1.0,0,São João de Meriti,429.7,410.0,442.6,418.1,380.0,4,C
210059475296,2,F,2,0,1.0,0,São João de Meriti,387.7,494.2,484.2,331.5,440.0,6,A
210060689986,3,F,1,0,1.0,0,Niterói,437.5,543.0,512.0,436.6,660.0,4,D
210059393884,2,M,3,0,1.0,0,São João de Meriti,459.3,448.9,356.0,420.1,520.0,5,D
210058971604,3,F,1,0,1.0,0,São João de Meriti,391.0,428.8,427.6,410.2,520.0,4,C
210060054735,3,F,3,0,1.0,0,Nova Iguaçu,482.8,502.4,518.8,508.0,640.0,5,D
210059968284,2,M,1,0,1.0,0,Niterói,732.6,671.2,612.5,917.8,940.0,7,Q
210058818129,3,M,3,0,1.0,0,Nova Iguaçu,406.3,556.9,441.2,340.3,460.0,2,B
210059289070,2,F,2,0,1.0,0,Nilópolis,389.9,487.0,452.5,346.8,540.0,3,D
210060917741,2,F,1,0,1.0,0,Niterói,526.9,527.3,571.0,671.9,860.0,4,H
210060134598,3,M,3,0,1.0,0,Duque de Caxias,456.5,584.3,520.0,553.0,520.0,6,C
210058797707,3,F,2,0,1.0,0,São João de Meriti,419.4,489.0,497.6,434.0,500.0,2,B
210060720913,2,F,3,0,1.0,0,Maricá,468.0,535.5,509.4,366.4,520.0,4,B
210059516481,4,F,3,0,1.0,0,Duque de Caxias,470.2,549.5,428.9,444.6,680.0,4,B
210060826494,3,F,2,0,1.0,0,Duque de Caxias,475.4,534.8,499.6,454.0,660.0,6,D
210059968274,3,F,1,0,1.0,0,Duque de Caxias,445.6,491.2,453.2,361.7,700.0,5,C
210058480204,3,F,3,0,1.0,0,Maricá,443.3,495.9,472.3,378.2,500.0,5,E
210059475275,2,F,1,0,1.0,0,Nova Iguaçu,467.1,472.4,419.9,404.1,740.0,3,F
210058470728,4,F,1,0,1.0,0,Belford Roxo,548.7,583.4,590.6,531.4,900.0,3,D
210060938789,2,M,1,0,1.0,0,Belford Roxo,381.7,579.1,527.5,570.1,920.0,4,F
210059289059,2,F,1,0,1.0,0,Nilópolis,624.3,552.8,487.5,635.5,880.0,6,H
210058453100,3,F,3,0,1.0,0,Nova Iguaçu,557.0,517.3,522.6,466.7,540.0,5,C
210058811541,3,F,1,0,1.0,0,Duque de Caxias,487.3,611.3,630.8,614.2,900.0,3,B
210059898908,3,F,2,0,1.0,0,Duque de Caxias,502.9,470.3,512.9,455.8,600.0,5,B
210060711050,4,M,1,0,1.0,0,Maricá,376.1,486.6,483.0,383.7,460.0,3,D
210059023321,4,F,1,0,1.0,0,Niterói,408.7,519.3,493.2,361.7,560.0,4,B
210059463182,3,F,3,0,1.0,0,Nova Iguaçu,433.0,468.9,425.1,354.7,360.0,2,C
210059421928,2,F,2,0,1.0,0,São João de Meriti,501.1,491.2,479.6,605.7,600.0,4,B
210058811545,3,F,1,0,1.0,0,Duque de Caxias,559.6,607.1,567.3,573.1,620.0,4,E
210059676170,2,F,3,0,1.0,0,Nova Iguaçu,414.5,500.4,513.4,564.5,780.0,3,B
210060426564,2,F,1,0,1.0,0,Niterói,489.4,510.2,561.3,628.4,880.0,5,P
210060506378,2,M,1,0,1.0,0,Maricá,534.1,390.8,465.9,511.9,580.0,3,D
210059964323,3,M,1,0,1.0,0,Niterói,621.9,637.5,598.8,740.6,940.0,4,J
210059923133,3,F,3,0,1.0,0,Niterói,435.1,448.8,396.5,449.7,680.0,3,B
210060428530,2,F,2,0,1.0,0,Nova Iguaçu,597.8,656.9,685.6,693.0,940.0,4,J
210059404785,2,M,1,0,1.0,0,Maricá,578.8,583.9,591.1,735.9,380.0,3,C
210060433776,3,F,1,0,1.0,0,Duque de Caxias,440.5,463.4,505.8,508.7,840.0,2,A
210059894974,3,F,3,0,1.0,0,Duque de Caxias,395.3,367.3,490.7,453.2,600.0,4,B
210059536305,2,F,3,0,1.0,0,São João de Meriti,376.0,458.6,456.3,391.9,600.0,3,B
210060849861,3,F,3,0,1.0,0,Duque de Caxias,525.0,568.1,528.5,588.1,720.0,4,C
210059195536,3,F,3,0,1.0,0,Duque de Caxias,441.7,503.9,546.2,551.3,660.0,4,H
210059635068,3,F,3,0,1.0,0,Nova Iguaçu,465.4,436.6,483.9,488.4,600.0,4,B
210060859721,2,M,1,0,1.0,0,Nilópolis,526.4,583.8,609.0,638.1,580.0,3,D
210060900410,2,F,0,0,1.0,0,Nova Iguaçu,435.5,470.6,456.0,514.7,840.0,5,B
210059648068,4,M,1,0,1.0,0,Duque de Caxias,584.8,582.1,601.0,543.2,860.0,2,C
210058619534,2,F,1,0,1.0,0,Niterói,559.4,600.6,606.0,664.7,940.0,4,E
210060870874,3,F,1,0,1.0,0,Niterói,448.6,462.6,483.5,534.0,680.0,3,B
210060849847,3,F,3,0,1.0,0,Maricá,460.4,479.8,455.7,351.8,260.0,4,E
210058619553,4,F,2,0,1.0,0,Niterói,436.6,532.7,459.8,412.2,640.0,5,B
210058603486,2,F,3,0,1.0,0,São João de Meriti,429.8,531.4,562.5,648.7,820.0,3,C
210060278594,3,F,1,0,1.0,0,São João de Meriti,428.1,544.6,563.6,417.4,600.0,2,A
210060839986,3,F,1,0,1.0,0,Nova Iguaçu,418.4,482.6,561.7,468.2,680.0,3,B
210060840007,4,F,1,0,1.0,0,São João de Meriti,457.5,436.6,463.8,404.7,820.0,2,B
210060529549,3,F,3,0,1.0,0,São João de Meriti,501.1,559.2,519.4,533.2,580.0,4,C
210060849834,3,F,2,0,1.0,0,Duque de Caxias,480.4,567.0,571.3,443.0,660.0,5,C
210060506356,5,M,1,0,1.0,0,Niterói,576.7,517.9,578.5,688.9,580.0,2,B
210060597655,2,F,1,0,1.0,0,Niterói,617.5,633.6,658.0,755.3,940.0,2,G
210059458979,2,F,1,0,1.0,0,Duque de Caxias,487.2,499.4,520.7,435.7,640.0,4,D
210059949288,3,F,3,0,1.0,0,Belford Roxo,452.3,372.5,479.6,587.2,500.0,7,C
210059990515,2,F,3,0,1.0,0,Belford Roxo,394.5,433.3,496.5,458.8,680.0,3,A
210060005533,3,M,3,0,1.0,0,Nilópolis,465.5,530.3,473.2,380.5,840.0,3,B
210060432448,3,F,1,0,1.0,0,Niterói,657.6,616.5,600.5,684.1,840.0,2,H
210058538238,3,F,3,0,1.0,0,Duque de Caxias,495.3,427.5,585.6,619.5,800.0,4,C
210059384565,3,M,3,0,1.0,0,São João de Meriti,557.8,642.4,485.9,671.6,620.0,2,C
210060900388,3,F,1,0,1.0,0,Belford Roxo,383.3,466.3,452.7,459.2,560.0,5,B
210059730307,2,F,3,0,1.0,0,Nova Iguaçu,526.4,548.8,570.4,584.4,840.0,4,A
210059676112,3,F,2,0,1.0,0,Duque de Caxias,507.3,578.3,530.9,547.5,740.0,4,C
210060554791,2,F,1,0,1.0,0,Maricá,374.4,380.4,511.9,443.6,400.0,4,G
210059473989,3,F,1,0,1.0,0,Nilópolis,436.3,387.9,421.6,365.5,460.0,2,A
210059977417,2,M,1,0,1.0,0,Niterói,564.0,649.2,654.8,743.4,920.0,4,M
210059964309,2,F,3,0,1.0,0,Duque de Caxias,520.2,564.4,583.7,632.2,680.0,3,C
210060293613,2,F,3,0,1.0,0,Nova Iguaçu,509.2,543.8,553.2,478.0,640.0,4,B
210059717249,2,F,3,0,1.0,0,Duque de Caxias,377.8,496.7,494.1,495.0,580.0,4,A
210059730293,3,F,3,0,1.0,0,Duque de Caxias,376.9,452.9,500.3,419.9,900.0,2,B
210060278548,2,F,3,0,1.0,0,Niterói,559.5,649.1,606.0,500.9,880.0,3,B
210059661129,2,M,3,0,1.0,0,Nova Iguaçu,382.7,351.4,409.2,411.1,480.0,3,B
210059472031,4,F,2,0,1.0,0,Niterói,469.1,484.7,496.0,453.6,820.0,2,B
210059990527,2,F,1,0,1.0,0,Niterói,477.6,489.1,523.4,665.3,880.0,4,Q
210059676076,3,F,2,0,1.0,0,Niterói,375.4,419.0,466.0,518.5,600.0,3,B
210060435727,2,F,1,0,1.0,0,Belford Roxo,342.6,395.4,454.0,532.3,360.0,4,C
210060529525,2,F,1,0,1.0,0,Niterói,422.7,530.6,483.7,546.0,520.0,5,E
210060005525,2,F,1,0,1.0,0,Nova Iguaçu,348.4,429.1,383.4,469.8,540.0,4,G
210059717234,3,F,2,0,1.0,0,Belford Roxo,489.9,516.2,507.8,546.6,920.0,4,C
210059515159,3,M,1,0,1.0,0,Niterói,541.9,549.9,538.2,501.9,640.0,5,C
210060319775,3,F,3,0,1.0,0,Nilópolis,509.2,444.3,476.1,390.9,640.0,3,B
210060921376,3,F,1,0,1.0,0,São João de Meriti,587.1,580.5,594.3,685.1,640.0,5,D
210060402526,2,F,1,0,1.0,0,Duque de Caxias,505.1,514.0,542.1,607.6,640.0,4,B
210058648324,3,M,3,0,1.0,0,São João de Meriti,581.9,628.3,662.8,718.0,760.0,4,G
210059481991,3,F,1,0,1.0,0,Nova Iguaçu,514.3,463.8,518.4,499.6,580.0,4,C
210059404765,3,F,2,0,1.0,0,Nova Iguaçu,473.4,509.1,570.7,464.6,840.0,5,B
210059348505,4,M,1,0,1.0,0,Duque de Caxias,433.1,453.7,391.2,333.2,420.0,5,J
210060413151,2,M,3,0,1.0,0,Niterói,592.6,601.3,552.3,672.3,940.0,4,K
210059500207,2,F,3,0,1.0,0,São João de Meriti,469.1,466.6,491.0,402.3,560.0,2,B
210059812476,3,F,2,0,1.0,0,Belford Roxo,501.9,562.8,564.9,493.2,800.0,4,D
210059881907,2,M,1,0,1.0,0,Niterói,604.7,593.1,555.6,704.4,800.0,4,L
210059481963,3,M,2,0,1.0,0,Duque de Caxias,551.4,537.2,531.9,494.5,720.0,2,B
210060332867,3,M,3,0,1.0,0,Duque de Caxias,381.6,384.5,381.2,450.7,260.0,3,B
210059593933,3,M,3,0,1.0,0,Niterói,473.5,551.4,586.4,585.6,740.0,4,D
210060332868,3,F,1,0,1.0,0,Nova Iguaçu,541.7,534.4,538.8,616.6,800.0,3,C
210059468891,2,F,1,0,1.0,0,Niterói,563.0,579.4,543.5,587.5,680.0,3,Q
210061476343,3,F,3,0,1.0,0,Duque de Caxias,485.5,557.6,531.6,331.9,640.0,3,B
210060919254,3,F,2,0,1.0,0,Niterói,508.0,569.7,568.9,494.8,940.0,2,B
210059573819,2,F,3,0,1.0,0,São João de Meriti,579.8,609.9,534.3,771.1,800.0,4,E
210060041627,3,F,3,0,1.0,0,São João de Meriti,464.2,473.9,488.4,383.2,520.0,3,B
210058832127,4,F,3,0,1.0,0,Duque de Caxias,418.6,526.4,436.3,453.0,620.0,3,B
210059936207,2,F,3,0,1.0,0,Niterói,392.5,447.2,553.2,556.4,660.0,2,B
210058389642,3,M,3,0,1.0,0,Maricá,389.1,445.3,488.6,484.0,520.0,5,C
210058824866,3,M,3,0,1.0,0,Nova Iguaçu,443.0,473.0,475.7,425.7,640.0,4,B
210060919273,3,F,3,0,1.0,0,Maricá,554.4,648.1,586.8,638.0,620.0,5,K
210060793980,2,F,3,0,1.0,0,Maricá,408.6,441.8,450.3,351.8,520.0,5,E
210059419136,2,F,1,0,1.0,0,Duque de Caxias,439.8,568.3,614.5,532.3,760.0,3,B
210059102912,3,F,3,0,1.0,0,Niterói,599.0,628.9,621.4,672.1,940.0,4,C
210060803829,3,M,1,0,1.0,0,Duque de Caxias,565.0,539.3,535.2,534.5,680.0,9,B
210059406021,2,F,2,0,1.0,0,Duque de Caxias,502.3,532.7,314.2,401.6,740.0,3,B
210060867451,3,M,3,0,1.0,0,Duque de Caxias,411.0,476.4,383.3,398.2,560.0,3,B
210059102921,2,F,2,0,1.0,0,Niterói,533.9,526.3,557.8,494.0,680.0,4,I
210059406026,2,F,1,0,1.0,0,Nova Iguaçu,600.4,628.5,587.4,777.0,900.0,5,H
210060898306,4,F,1,0,1.0,0,Duque de Caxias,401.7,388.6,431.4,423.7,660.0,3,B
210059377912,3,M,2,0,1.0,0,Nova Iguaçu,475.7,580.5,567.4,483.1,760.0,3,F
210059427824,2,M,1,0,1.0,0,Nova Iguaçu,505.7,634.9,581.0,542.4,720.0,4,H
210060929160,3,F,1,0,1.0,0,Niterói,658.5,488.3,494.3,817.9,760.0,5,K
210059717360,3,F,1,0,1.0,0,Niterói,676.2,672.8,657.4,815.9,920.0,5,P
210059347564,3,F,2,0,1.0,0,Nilópolis,563.8,534.7,564.6,555.4,600.0,4,E
210058211983,8,F,2,0,1.0,0,São João de Meriti,398.0,440.8,374.2,350.2,360.0,3,D
210059365796,1,F,1,0,1.0,0,Nova Iguaçu,508.8,423.4,428.9,392.1,600.0,2,B
210059418014,2,F,1,0,1.0,0,Belford Roxo,454.2,544.6,479.1,625.1,540.0,3,B
210060416716,3,F,1,0,1.0,0,Niterói,535.4,565.4,612.1,359.4,840.0,3,M
210059306382,3,F,1,0,1.0,0,Duque de Caxias,467.0,625.5,611.6,595.8,800.0,5,D
210059206801,6,F,3,0,1.0,0,Duque de Caxias,486.7,461.8,356.6,400.3,400.0,6,H
210060921445,3,F,3,0,1.0,0,Niterói,445.8,416.8,464.4,412.4,480.0,4,D
210059306367,3,F,2,0,1.0,0,Nova Iguaçu,379.8,382.0,410.0,334.5,360.0,3,B
210058221870,3,M,1,0,1.0,0,Duque de Caxias,337.6,533.4,507.3,375.3,620.0,4,B
210060932647,3,F,1,0,1.0,0,São João de Meriti,485.7,470.8,454.5,528.5,620.0,3,E
210059758511,3,F,3,0,1.0,0,Duque de Caxias,519.7,606.2,546.3,603.2,840.0,3,B
210060406780,2,F,3,0,1.0,0,Nilópolis,494.6,483.3,514.8,412.1,560.0,3,B
210059419957,5,M,3,0,1.0,0,Belford Roxo,384.4,465.3,409.2,409.8,580.0,4,B
210059510159,2,M,2,0,1.0,0,Nova Iguaçu,566.9,592.8,541.3,656.2,400.0,4,B
210060840051,3,F,1,0,1.0,0,Duque de Caxias,462.3,508.4,481.5,375.5,840.0,3,E
210059482031,2,F,3,0,1.0,0,Niterói,522.5,563.9,507.6,620.6,940.0,2,C
210058603556,3,F,3,0,1.0,0,Nilópolis,543.5,609.5,612.3,626.7,740.0,4,G
210060618775,2,F,3,0,1.0,0,Nova Iguaçu,456.1,436.0,441.9,416.9,500.0,5,D
210059500338,2,F,3,0,1.0,0,Nova Iguaçu,540.2,575.0,597.0,687.8,760.0,5,C
210060435261,2,M,3,0,1.0,0,São João de Meriti,451.2,530.8,399.3,427.3,560.0,2,B
210060472747,3,F,1,0,1.0,0,Duque de Caxias,532.3,575.0,570.0,603.6,920.0,3,C
210060366397,1,M,1,0,1.0,0,Niterói,602.8,592.1,598.3,640.0,700.0,4,O
210060849904,2,F,3,0,1.0,0,Belford Roxo,526.3,525.5,561.0,557.0,560.0,3,C
210060485240,2,F,3,0,1.0,0,Duque de Caxias,435.7,382.8,489.5,499.4,760.0,4,C
210058610931,2,F,1,0,1.0,0,Nova Iguaçu,375.4,438.9,471.0,437.5,480.0,3,C
210059607062,3,F,1,0,1.0,0,Duque de Caxias,549.5,598.7,556.7,551.8,580.0,2,B
210060418761,2,F,4,0,1.0,0,Nova Iguaçu,445.8,588.2,554.0,373.6,580.0,4,B
210060424701,2,F,1,0,1.0,0,Nova Iguaçu,484.3,613.9,642.3,648.3,840.0,3,L
210058603566,3,M,2,0,1.0,0,Duque de Caxias,501.1,551.4,532.8,603.1,520.0,5,B
210059180539,5,F,3,0,1.0,0,Niterói,449.0,482.8,475.2,404.9,560.0,4,C
210058570799,3,M,3,0,2.0,0,Nova Iguaçu,403.6,376.8,409.1,366.0,500.0,7,A
210060962175,4,F,3,0,1.0,0,Niterói,469.5,490.7,502.1,365.2,560.0,2,D
210060418744,3,F,1,0,1.0,0,Duque de Caxias,327.5,545.7,519.3,435.6,720.0,3,E
210060420775,2,F,3,0,1.0,0,Nova Iguaçu,465.8,523.5,478.0,510.1,780.0,4,K
210059523219,2,F,1,0,1.0,0,Duque de Caxias,393.0,537.4,513.7,629.7,920.0,3,B
210060963479,3,F,3,0,1.0,0,Duque de Caxias,489.2,454.3,497.7,381.8,340.0,4,C
210060973339,3,F,3,0,1.0,0,Belford Roxo,480.3,446.7,495.7,425.9,380.0,4,A
210059607050,3,F,3,0,1.0,0,Nilópolis,545.3,601.5,550.3,553.7,620.0,4,C
210060618793,3,M,1,0,1.0,0,Maricá,562.1,575.7,549.6,697.3,800.0,4,C
210060431867,2,F,1,0,1.0,0,Nova Iguaçu,562.3,557.4,565.4,665.4,900.0,3,G
210059936337,3,F,3,0,1.0,0,Belford Roxo,517.7,484.7,518.2,555.2,740.0,5,C
210059676188,2,F,1,0,1.0,0,Duque de Caxias,455.5,559.6,551.4,640.6,520.0,5,B
210059936323,2,F,1,0,1.0,0,São João de Meriti,402.3,487.6,502.9,529.3,700.0,5,B
210059432984,3,F,1,0,1.0,0,Nova Iguaçu,472.3,467.7,455.5,411.8,620.0,3,A
210060890636,3,F,2,0,1.0,0,Maricá,539.2,596.5,555.0,630.4,780.0,5,D
210059923199,3,F,3,0,1.0,0,São João de Meriti,488.2,455.1,458.2,597.9,640.0,4,B
210060859783,3,F,4,0,1.0,0,Duque de Caxias,591.7,396.6,550.7,442.7,380.0,5,D
210059992571,3,F,2,0,1.0,0,Niterói,510.2,584.8,552.1,484.0,740.0,5,G
210060618783,3,M,3,0,1.0,0,São João de Meriti,537.0,513.4,500.1,578.8,660.0,3,D
210060495833,2,M,1,0,1.0,0,Nova Iguaçu,688.2,646.8,579.3,749.7,880.0,4,O
210058648437,3,F,3,0,1.0,0,Niterói,553.7,601.7,633.3,613.9,700.0,3,I
210060402650,3,M,1,0,1.0,0,Duque de Caxias,517.0,558.5,575.8,457.9,600.0,3,F
210059293247,3,F,1,0,1.0,0,Maricá,450.0,497.8,497.4,547.7,640.0,2,O
210060506412,3,F,1,0,1.0,0,Duque de Caxias,474.9,517.9,521.6,472.8,920.0,4,B
210059265057,3,M,1,0,1.0,0,Maricá,508.7,499.2,506.5,448.2,520.0,3,E
210059977523,3,F,1,0,1.0,0,Niterói,505.1,589.6,550.8,663.4,900.0,2,E
210060880758,3,M,3,0,1.0,0,Niterói,406.0,505.1,510.8,480.5,440.0,5,B
210059936294,3,F,2,0,1.0,0,Nova Iguaçu,556.8,537.8,563.0,648.2,940.0,1,E
210059717283,3,M,2,0,1.0,0,Belford Roxo,416.0,482.2,528.8,379.0,640.0,3,D
210060425876,2,F,1,0,1.0,0,Nova Iguaçu,485.9,522.4,570.3,511.6,800.0,4,I
210059278174,2,M,3,0,1.0,0,Nilópolis,570.5,547.5,503.6,668.5,600.0,3,E
210059717284,4,F,2,0,1.0,0,Niterói,454.1,490.9,535.9,497.3,580.0,5,B
210059334439,2,F,1,0,1.0,0,Nova Iguaçu,489.6,606.8,550.9,579.4,740.0,6,F
210059291272,2,F,1,0,1.0,0,São João de Meriti,363.0,450.1,456.0,559.4,520.0,2,A
210060332899,5,M,1,0,1.0,0,Nova Iguaçu,468.9,486.0,397.7,498.4,500.0,2,E
210060417824,4,M,2,0,1.0,0,Niterói,332.1,434.5,427.2,399.1,360.0,5,C
210058648375,3,F,2,0,2.0,0,Nova Iguaçu,440.3,511.8,465.1,372.4,500.0,2,A
210060408855,2,F,3,0,1.0,0,Nova Iguaçu,509.1,447.3,479.4,577.2,520.0,2,E
210060411006,4,F,2,0,1.0,0,Niterói,362.6,355.5,346.8,473.0,560.0,4,B
210059977438,2,F,2,0,1.0,0,Nova Iguaçu,554.6,509.3,537.5,335.0,580.0,3,B
210060411009,2,F,2,0,1.0,0,Nova Iguaçu,465.9,551.1,425.5,437.0,780.0,2,A
210059992498,3,M,2,0,1.0,0,Nova Iguaçu,575.4,514.3,410.6,545.7,560.0,3,B
210059825640,3,M,2,0,1.0,0,Belford Roxo,608.6,595.5,622.6,636.7,900.0,2,D
210059412756,3,F,3,0,1.0,0,Niterói,455.5,347.5,466.8,379.6,600.0,3,B
210058538271,3,M,3,0,1.0,0,Nilópolis,487.2,557.9,586.8,578.3,460.0,3,B
210060005609,5,F,3,0,1.0,0,São João de Meriti,434.4,473.7,512.0,386.9,620.0,3,B
210059797481,2,F,1,0,1.0,0,Duque de Caxias,583.9,554.5,566.5,603.5,820.0,4,D
210059363607,2,F,1,0,1.0,0,Duque de Caxias,492.2,508.2,541.6,450.5,540.0,4,C
210060417790,2,M,1,0,1.0,0,Duque de Caxias,558.7,577.3,589.7,572.3,780.0,3,C
210059528369,4,F,2,0,1.0,0,São João de Meriti,382.8,521.4,458.9,442.0,540.0,2,C
210059812526,3,M,1,0,1.0,0,Nova Iguaçu,474.9,462.4,471.2,403.4,340.0,5,B
210060942507,3,F,1,0,1.0,0,Nova Iguaçu,426.8,467.9,446.2,376.7,680.0,2,D
210060306782,2,F,1,0,1.0,0,Nova Iguaçu,442.4,542.3,550.8,607.8,680.0,4,E
210058052485,2,F,3,0,1.0,0,Nova Iguaçu,539.9,592.8,599.6,544.1,900.0,5,K
210059501597,3,M,2,0,1.0,0,Duque de Caxias,548.1,578.1,564.3,698.7,620.0,4,E
210059463340,2,F,3,0,1.0,0,Nova Iguaçu,541.2,519.3,531.9,494.3,840.0,4,I
210059422121,2,F,1,0,1.0,0,Nova Iguaçu,522.2,570.2,561.5,682.7,800.0,4,I
210058805216,2,M,1,0,1.0,0,Duque de Caxias,504.9,602.3,564.5,627.5,740.0,3,E
210058273824,3,F,4,0,1.0,0,São João de Meriti,442.8,549.7,566.9,557.2,860.0,5,B
210059557818,15,F,1,0,1.0,0,Nilópolis,453.7,568.3,528.4,618.3,720.0,3,A
210058462709,2,F,1,0,1.0,0,Duque de Caxias,468.4,456.5,505.7,592.3,560.0,3,B
210060722398,3,F,1,0,1.0,0,Nova Iguaçu,414.1,437.2,495.4,453.7,580.0,3,B
210058177539,2,M,1,0,1.0,0,Niterói,516.8,569.3,565.3,588.4,600.0,3,D
210060868919,4,F,2,0,1.0,0,Nova Iguaçu,441.8,495.1,467.5,391.8,300.0,3,A
210058462732,2,F,2,0,1.0,0,Nova Iguaçu,420.1,436.4,485.6,354.3,320.0,4,C
210059394018,2,F,2,0,1.0,0,Duque de Caxias,441.2,547.9,451.8,445.9,760.0,4,F
210060081703,3,F,3,0,1.0,0,Niterói,502.5,484.3,550.8,465.8,660.0,4,D
210058453271,3,F,3,0,1.0,0,Duque de Caxias,546.7,618.9,632.2,549.0,600.0,5,C
210058163779,3,F,1,0,1.0,0,Maricá,539.5,532.9,550.2,482.0,820.0,3,B
210060847943,3,M,2,0,1.0,0,Nilópolis,511.6,593.0,606.5,500.4,640.0,4,B
210058470903,3,F,3,0,1.0,0,Duque de Caxias,420.1,517.3,521.5,447.8,760.0,2,B
210058480366,3,F,2,0,1.0,0,Nilópolis,388.9,511.3,516.9,392.1,680.0,3,F
210058163827,3,F,2,0,1.0,0,São João de Meriti,381.0,514.7,468.0,429.6,520.0,4,B
210058832209,2,M,2,0,1.0,0,Nova Iguaçu,515.1,486.6,524.8,599.1,320.0,4,G
210059542790,2,F,2,0,1.0,0,Duque de Caxias,397.5,523.8,559.6,521.2,800.0,3,E
210058489921,3,F,1,0,1.0,0,Duque de Caxias,494.4,514.2,437.0,581.8,660.0,2,B
210059077154,3,M,2,0,1.0,0,São João de Meriti,459.9,539.2,482.6,540.8,620.0,5,B
210059435229,3,M,1,0,1.0,0,Duque de Caxias,556.9,517.8,519.0,564.3,640.0,3,C
210059476371,3,F,1,0,1.0,0,Niterói,568.0,676.6,592.9,706.3,860.0,3,G
210059114057,3,F,3,0,1.0,0,Belford Roxo,430.9,463.6,456.3,457.9,600.0,4,A
210059102955,3,F,2,0,1.0,0,Nova Iguaçu,415.0,538.6,543.8,487.8,640.0,4,D
210058052464,3,F,1,0,1.0,0,Niterói,446.5,433.2,444.2,380.9,520.0,3,G
210060753215,2,F,2,0,1.0,0,Maricá,402.5,407.1,421.1,510.5,900.0,3,G
210060190922,2,F,3,0,1.0,0,Maricá,473.0,517.4,584.4,454.8,760.0,4,C
210058811743,2,F,1,0,1.0,0,Niterói,530.5,461.9,436.3,378.1,620.0,4,A
210059317273,4,F,3,0,1.0,0,Nova Iguaçu,441.7,497.7,449.7,496.0,320.0,5,A
210058263910,3,F,3,0,1.0,0,Nova Iguaçu,469.4,554.9,546.2,419.4,680.0,2,B
210059115967,2,F,2,0,1.0,0,Belford Roxo,450.1,506.2,405.0,501.2,760.0,1,A
210060162807,2,F,1,0,1.0,0,Nilópolis,531.1,581.8,500.0,583.8,960.0,3,D
210058242898,3,F,3,0,1.0,0,Nova Iguaçu,417.9,478.2,490.3,372.0,460.0,3,E
210059090070,3,F,1,0,1.0,0,Nova Iguaçu,510.1,482.7,457.4,519.5,540.0,7,E
210060203980,3,F,1,0,1.0,0,Nova Iguaçu,404.8,594.2,582.7,496.6,440.0,5,C
210060219004,3,F,3,0,1.0,0,Nova Iguaçu,456.6,432.2,444.0,390.7,560.0,5,B
210060817068,3,M,1,0,1.0,0,Duque de Caxias,568.4,586.9,523.6,587.1,760.0,5,E
210058517111,2,M,3,0,1.0,0,Nova Iguaçu,521.5,591.5,553.0,654.7,940.0,3,F
210058508893,3,F,3,0,1.0,0,São João de Meriti,457.8,458.0,563.9,595.2,620.0,5,D
210059504513,4,M,2,0,1.0,0,São João de Meriti,389.4,527.3,461.4,416.5,440.0,3,B
210059077105,4,M,0,0,1.0,0,São João de Meriti,434.3,393.1,399.3,462.5,280.0,7,C
210059317262,2,F,3,0,1.0,0,São João de Meriti,456.8,554.4,521.6,390.8,640.0,5,D
210060898359,3,M,3,0,1.0,0,Maricá,621.7,477.5,637.7,625.8,940.0,2,B
210058508918,3,F,2,0,1.0,0,Duque de Caxias,463.6,524.7,568.8,442.9,920.0,3,D
210060203987,3,F,1,0,1.0,0,Duque de Caxias,497.3,555.1,564.8,576.3,740.0,3,E
210058526648,3,F,1,0,1.0,0,Maricá,443.6,547.3,539.6,460.3,720.0,5,C
210059364830,3,F,2,0,1.0,0,Duque de Caxias,416.7,572.3,525.3,364.3,760.0,4,C
210059364847,2,F,1,0,1.0,0,Duque de Caxias,514.7,456.0,383.1,507.0,680.0,4,D
210058526630,2,F,3,0,1.0,0,Nova Iguaçu,542.6,520.2,468.4,575.7,640.0,3,I
210060732206,3,F,1,0,1.0,0,Nova Iguaçu,429.1,463.1,444.6,389.1,420.0,4,C
210059542767,2,F,3,0,1.0,0,São João de Meriti,454.1,561.8,531.8,450.5,760.0,4,B
210059504520,2,F,1,0,1.0,0,Niterói,402.0,479.4,523.1,511.6,760.0,4,P
210058252832,4,F,3,0,1.0,0,Belford Roxo,519.0,469.8,394.7,378.0,600.0,6,C
210058426208,4,F,2,0,1.0,0,Duque de Caxias,512.9,536.8,472.1,474.7,560.0,5,C
210059234989,3,F,3,0,1.0,0,Nova Iguaçu,501.9,517.2,434.2,339.0,600.0,3,B
210059545732,2,M,3,0,1.0,0,Duque de Caxias,514.0,582.3,511.8,758.8,860.0,2,C
210058075268,3,F,3,0,1.0,0,Belford Roxo,556.4,560.0,581.6,481.7,640.0,5,C
210060836735,2,F,3,0,1.0,0,Duque de Caxias,470.2,572.4,520.6,542.8,420.0,4,D
210058946103,4,F,3,0,1.0,0,Nova Iguaçu,384.8,421.3,455.2,429.3,520.0,3,B
210058075250,2,M,2,0,1.0,0,Maricá,498.5,628.3,607.3,599.7,520.0,4,C
210058946062,3,F,1,0,1.0,0,Nilópolis,501.0,567.2,519.4,644.1,700.0,6,B
210059447299,3,F,3,0,1.0,0,Duque de Caxias,413.6,354.0,461.0,473.4,680.0,5,C
210058223284,7,F,2,0,1.0,0,Duque de Caxias,434.8,456.4,404.1,438.7,400.0,4,A
210060817135,3,F,2,0,1.0,0,Nilópolis,437.0,485.2,497.7,431.2,600.0,4,B
210060081684,3,F,3,0,1.0,0,Nova Iguaçu,526.2,351.0,404.7,422.1,740.0,6,C
210058984636,2,F,1,0,1.0,0,São João de Meriti,602.4,646.7,592.4,642.7,880.0,3,E
210058958860,3,F,3,0,1.0,0,Duque de Caxias,460.6,546.6,519.9,338.5,740.0,4,B
210058784750,3,F,1,0,1.0,0,São João de Meriti,471.9,517.4,457.7,627.3,620.0,4,A
210059475440,4,F,3,0,1.0,0,Maricá,470.8,505.6,426.3,440.5,360.0,4,B
210059516589,3,F,4,0,1.0,0,Nova Iguaçu,510.4,534.3,493.1,405.9,580.0,5,B
210060690072,3,F,1,0,1.0,0,Belford Roxo,506.0,524.1,550.1,651.5,860.0,4,E
210058304540,3,F,1,0,1.0,0,São João de Meriti,623.9,664.1,633.6,641.0,900.0,4,F
210058075235,2,F,1,0,1.0,0,Nova Iguaçu,478.4,522.7,524.7,362.3,820.0,3,F
210060971209,3,M,1,0,1.0,0,Niterói,416.3,543.0,568.0,550.7,700.0,5,B
210059234968,3,M,3,0,1.0,0,Nova Iguaçu,546.7,537.0,588.8,582.2,580.0,4,C
210059407026,2,F,3,0,1.0,0,São João de Meriti,380.1,485.9,402.5,335.8,400.0,4,B
210058148043,3,F,2,0,1.0,0,Duque de Caxias,436.6,515.6,522.4,514.1,860.0,4,C
210058971690,2,F,3,0,1.0,0,São João de Meriti,423.4,428.0,419.1,511.3,680.0,6,B
210058997546,3,F,2,0,1.0,0,Duque de Caxias,502.5,570.9,592.8,568.3,880.0,2,I
210058163703,3,F,2,0,1.0,0,Duque de Caxias,495.3,595.4,587.9,433.2,740.0,3,C
210058232988,3,F,3,0,1.0,0,Nova Iguaçu,517.3,444.8,503.7,546.0,700.0,3,B
210059475352,3,F,2,0,1.0,0,Nova Iguaçu,385.5,489.6,504.8,569.1,580.0,4,E
210058470864,3,F,1,0,1.0,0,Nova Iguaçu,434.6,522.8,568.5,617.0,480.0,4,B
210059422035,3,M,2,0,1.0,0,Maricá,554.5,547.0,513.8,417.1,600.0,4,B
210058273691,3,M,3,0,1.0,0,Duque de Caxias,531.9,532.0,528.3,669.6,720.0,3,C
210060722349,4,F,1,0,1.0,0,Duque de Caxias,389.4,484.9,484.2,482.7,460.0,4,B
210060108468,3,F,3,0,1.0,0,Niterói,506.1,570.4,579.1,564.8,580.0,4,B
210059261036,3,F,1,0,1.0,0,São João de Meriti,506.6,568.9,573.8,426.1,600.0,3,C
210058075233,3,F,1,0,1.0,0,Nova Iguaçu,441.5,533.2,532.1,476.8,620.0,4,B
210059502387,3,M,3,0,1.0,0,Maricá,511.5,532.2,521.8,482.8,540.0,4,C
210059195668,2,M,3,0,1.0,0,Niterói,417.5,319.7,313.9,372.1,400.0,4,B
210058610980,1,F,1,0,1.0,0,Duque de Caxias,457.2,544.3,546.2,687.1,640.0,2,B
210059510197,2,F,2,0,1.0,0,Niterói,576.0,606.9,660.9,639.9,840.0,4,D
210059195651,3,F,3,0,1.0,0,Nova Iguaçu,351.2,337.7,383.2,434.7,760.0,3,B
210059180571,3,F,1,0,1.0,0,Niterói,572.6,365.9,546.4,443.3,660.0,5,C
210059208764,3,F,1,0,1.0,0,Maricá,445.5,469.2,537.0,394.3,560.0,2,B
210060840116,2,M,1,0,1.0,0,Belford Roxo,481.8,540.0,565.4,508.3,520.0,4,H
210060819128,2,F,2,0,1.0,0,Nilópolis,552.0,603.4,590.2,565.5,760.0,3,B
210060618840,2,M,3,0,1.0,0,Nova Iguaçu,551.2,556.0,585.9,630.6,620.0,4,B
210060429919,2,F,3,0,1.0,0,São João de Meriti,461.3,499.9,493.0,366.3,280.0,4,B
210058611011,2,F,1,0,1.0,0,Niterói,534.0,536.3,547.0,562.6,880.0,4,J
210060587870,2,F,1,0,1.0,0,São João de Meriti,393.5,379.2,363.5,361.3,360.0,4,B
210059345433,2,F,3,0,1.0,0,Niterói,568.3,625.0,606.4,647.6,900.0,1,I
210060454750,3,F,3,0,1.0,0,Nova Iguaçu,443.8,481.5,540.1,431.6,680.0,3,B
210059882005,3,F,3,0,1.0,0,Duque de Caxias,548.3,606.1,557.6,547.5,540.0,4,C
210059330445,2,F,1,0,1.0,0,Belford Roxo,492.2,424.5,463.8,514.0,600.0,5,F
210059882009,4,F,3,0,1.0,0,Niterói,460.1,571.6,557.2,376.3,620.0,4,B
210060859833,3,F,1,0,1.0,0,Nova Iguaçu,350.5,514.5,547.9,393.6,540.0,3,B
210058818427,3,F,1,0,1.0,0,Nilópolis,548.3,616.4,581.5,675.5,540.0,3,B
210058825655,1,M,2,0,1.0,0,Nova Iguaçu,430.0,393.5,477.2,383.4,460.0,5,D
210060691473,3,F,1,0,1.0,0,Maricá,484.3,448.5,492.5,331.3,880.0,5,F
210059422157,5,M,3,0,1.0,0,Niterói,498.8,577.4,538.6,642.2,700.0,2,C
210060868985,3,F,3,0,1.0,0,São João de Meriti,474.9,467.8,548.1,501.9,580.0,3,A
210059475498,2,M,1,0,1.0,0,São João de Meriti,570.6,571.1,599.1,656.7,720.0,3,E
210058958885,2,F,3,0,1.0,0,São João de Meriti,425.8,457.3,502.1,446.3,680.0,2,C
210059475479,3,F,1,0,1.0,0,Niterói,624.2,681.5,644.0,727.2,920.0,5,Q
210059488604,3,F,1,0,1.0,0,Duque de Caxias,378.4,550.6,486.2,611.8,700.0,6,B
210059422162,3,F,3,0,1.0,0,Nilópolis,520.3,592.4,552.8,627.4,680.0,4,D
210059434260,3,F,0,0,1.0,0,Nova Iguaçu,378.7,439.3,362.4,427.1,560.0,3,C
210059475483,3,M,1,0,1.0,0,Duque de Caxias,626.2,621.6,598.6,630.3,720.0,3,D
210060081771,3,F,2,0,1.0,0,Duque de Caxias,447.9,512.9,450.6,409.8,520.0,6,B
210058443830,2,M,3,0,1.0,0,Nova Iguaçu,375.9,552.1,537.6,409.4,660.0,3,B
210059422164,2,F,1,0,1.0,0,Nova Iguaçu,481.8,579.0,546.0,539.0,640.0,4,H
210058304766,3,M,1,0,1.0,0,Nova Iguaçu,567.1,555.0,562.7,504.8,560.0,4,B
210059409059,4,M,2,0,1.0,0,Duque de Caxias,473.3,477.2,535.3,417.9,480.0,2,B
210059503595,3,F,1,0,1.0,0,Nova Iguaçu,532.2,494.3,570.2,621.2,620.0,4,D
210059365882,3,F,1,0,1.0,0,Niterói,494.3,449.9,533.1,597.9,800.0,4,B
210059206943,3,F,3,0,1.0,0,Niterói,623.4,711.2,616.0,564.4,880.0,4,G
210060056793,2,F,2,0,1.0,0,Belford Roxo,569.8,578.6,645.6,487.7,660.0,2,C
210058285060,4,M,3,0,1.0,0,São João de Meriti,505.2,568.2,517.4,574.1,620.0,3,B
210059180789,4,F,3,0,1.0,0,Nova Iguaçu,483.3,550.8,496.3,422.6,440.0,3,B
210059573946,3,F,1,0,1.0,0,Nilópolis,519.9,433.7,493.6,441.1,640.0,3,A
210059434250,2,F,3,0,1.0,0,Duque de Caxias,482.2,547.9,547.9,552.4,680.0,7,D
210059394041,2,F,2,0,1.0,0,Niterói,469.5,482.2,423.3,456.8,300.0,5,C
210059221992,3,M,2,0,1.0,0,Belford Roxo,477.6,506.7,411.1,545.7,560.0,4,B
210059853808,2,F,1,0,1.0,0,Nova Iguaçu,519.2,492.2,519.4,514.7,620.0,5,A
210058087096,3,F,3,0,1.0,0,Duque de Caxias,531.8,347.9,436.0,527.3,440.0,6,D
210058087095,2,F,1,0,1.0,0,Niterói,635.4,610.5,673.1,666.4,720.0,3,H
210058131989,3,F,1,0,1.0,0,Niterói,547.4,599.4,638.7,520.3,880.0,4,B
210058462782,3,F,3,0,1.0,0,Duque de Caxias,544.7,538.2,556.6,639.1,720.0,3,D
210058489967,4,M,1,0,1.0,0,Nilópolis,426.9,566.9,559.3,466.7,560.0,4,B
210058075368,2,F,3,0,1.0,0,Nova Iguaçu,395.3,541.4,582.9,524.9,340.0,2,C
210060973406,2,F,3,0,1.0,0,Duque de Caxias,452.5,470.2,519.7,574.8,720.0,4,G
210058087102,2,F,3,0,1.0,0,Nilópolis,521.4,591.5,571.7,626.4,800.0,5,J
210060732293,2,F,3,0,1.0,0,Nilópolis,456.0,610.8,587.6,514.7,840.0,3,E
210060444700,2,F,1,0,1.0,0,Nova Iguaçu,489.8,516.6,570.6,627.8,620.0,5,C
210059580963,2,M,3,0,1.0,0,São João de Meriti,604.9,532.5,547.8,695.7,560.0,4,F
210060819106,2,F,2,0,1.0,0,Duque de Caxias,535.7,634.2,540.9,545.3,800.0,4,G
210059036505,4,M,3,0,1.0,0,Niterói,564.2,554.8,535.1,625.6,640.0,3,B
210059051345,2,F,1,0,1.0,0,Niterói,506.3,564.8,568.7,478.4,600.0,6,E
210060149810,3,M,3,0,1.0,0,Duque de Caxias,556.1,534.7,575.6,653.5,980.0,3,D
210060848207,3,F,2,0,1.0,0,Nova Iguaçu,595.1,646.4,630.5,726.7,920.0,7,I
210060108592,2,M,1,0,1.0,0,Nova Iguaçu,505.6,567.1,551.5,575.7,540.0,4,B
210058462790,3,M,2,0,1.0,0,São João de Meriti,492.5,519.1,566.6,540.7,480.0,3,D
210060732280,3,F,1,0,1.0,0,Duque de Caxias,483.6,586.2,545.0,410.0,720.0,4,B
210059077206,4,F,3,0,1.0,0,Duque de Caxias,543.8,531.9,481.2,454.2,620.0,5,B
210059463370,2,F,3,0,1.0,0,Nova Iguaçu,477.1,489.2,504.6,345.4,580.0,2,B
210059090144,3,F,1,0,1.0,0,Nova Iguaçu,483.8,554.0,527.9,576.5,680.0,5,E
210059051354,3,F,1,0,1.0,0,Duque de Caxias,482.4,575.4,565.7,684.1,900.0,4,D
210058499437,2,F,3,0,1.0,0,Duque de Caxias,381.6,509.6,393.9,341.1,480.0,4,C
210058408688,4,F,1,0,1.0,0,Nova Iguaçu,412.5,439.5,463.3,403.2,500.0,3,B
210058273852,2,F,2,0,1.0,0,Nova Iguaçu,472.7,470.0,527.5,565.9,700.0,5,C
210059114106,2,F,2,0,1.0,0,Nilópolis,458.8,600.2,579.4,574.6,800.0,3,D
210059377972,2,F,2,0,1.0,0,Belford Roxo,401.7,441.5,453.4,347.2,300.0,4,A
210058233170,3,F,3,0,1.0,0,Duque de Caxias,493.5,534.9,555.7,497.8,560.0,3,C
210060794071,2,F,3,0,1.0,0,Duque de Caxias,547.0,614.2,514.7,605.9,620.0,2,B
210059114130,3,F,3,0,1.0,0,Duque de Caxias,491.3,485.4,549.7,474.3,840.0,4,D
210060177905,4,F,3,0,1.0,0,Duque de Caxias,634.2,692.7,589.3,674.2,980.0,4,G
210060794097,2,F,2,0,1.0,0,Duque de Caxias,490.6,401.4,424.9,363.8,440.0,2,B
210059165802,3,F,3,0,1.0,0,Duque de Caxias,482.1,597.3,580.2,482.7,700.0,4,B
210060857892,3,F,2,0,1.0,0,Duque de Caxias,403.4,468.2,325.2,368.1,420.0,3,A
210059532660,2,F,1,0,1.0,0,Niterói,603.2,674.2,598.8,830.7,920.0,4,J
210059116023,2,F,3,0,1.0,0,Nilópolis,466.8,503.5,393.6,428.7,540.0,3,B
210059393053,2,F,2,0,1.0,0,Niterói,518.1,584.5,577.0,578.3,700.0,5,B
210060773052,2,M,1,0,1.0,0,Duque de Caxias,504.2,558.2,595.4,672.0,500.0,6,B
210058555661,3,M,2,0,1.0,0,Maricá,478.2,595.1,543.8,483.6,760.0,7,B
210058547746,2,M,1,0,1.0,0,Niterói,726.0,708.2,665.7,879.6,960.0,3,Q
210058555683,3,F,1,0,1.0,0,Nova Iguaçu,440.9,555.1,546.9,482.9,680.0,4,G
210059306480,3,F,1,0,1.0,0,Niterói,541.4,566.9,543.8,626.2,840.0,3,Q
210060280731,3,F,1,0,1.0,0,Duque de Caxias,504.9,576.3,560.6,546.0,600.0,1,B
210059440958,2,M,1,0,1.0,0,Maricá,514.4,540.7,529.8,442.2,540.0,4,E
210059278291,3,M,2,0,1.0,0,Maricá,414.8,481.9,496.8,345.7,540.0,5,D
210059456002,3,F,3,0,1.0,0,São João de Meriti,416.4,532.3,538.2,538.9,920.0,3,B
210060402818,3,M,3,0,1.0,0,Nova Iguaçu,354.4,498.6,456.8,452.3,360.0,2,A
210059758601,2,F,1,0,1.0,0,Niterói,416.6,548.2,579.2,459.7,920.0,3,C
210060402843,3,F,3,0,1.0,0,São João de Meriti,547.2,624.6,574.4,641.4,700.0,4,D
210059469105,2,F,1,0,1.0,0,Niterói,497.1,641.1,667.6,661.3,880.0,3,C
210058538411,3,M,3,0,1.0,0,Duque de Caxias,529.5,552.8,532.7,543.1,460.0,3,B
210059440969,3,F,2,0,1.0,0,Nova Iguaçu,433.6,434.7,537.2,463.1,560.0,4,D
210058564914,2,F,3,0,1.0,0,São João de Meriti,452.3,589.5,553.9,532.8,760.0,5,D
210060402807,2,F,3,0,1.0,0,Nova Iguaçu,551.6,594.2,602.2,564.5,600.0,2,M
210059812622,3,F,3,0,1.0,0,Maricá,471.0,411.6,501.6,491.9,780.0,2,E
210060343567,8,F,3,0,1.0,0,Nilópolis,382.3,321.2,327.1,401.2,480.0,2,B
210059758530,3,F,2,0,1.0,0,Nova Iguaçu,614.8,634.2,608.7,679.0,880.0,3,B
210059840788,2,M,1,0,1.0,0,Nova Iguaçu,524.5,571.6,539.1,586.7,560.0,5,F
210059515623,3,M,1,0,1.0,0,Belford Roxo,489.5,432.7,449.5,478.5,500.0,3,C
210060435380,4,F,2,0,1.0,0,Maricá,480.8,457.9,440.6,420.2,800.0,3,E
210059594094,4,M,1,0,1.0,0,Niterói,631.1,634.1,698.1,760.7,980.0,4,G
210060942627,3,F,1,0,1.0,0,Nova Iguaçu,613.1,585.7,567.1,723.0,820.0,2,F
210060366526,4,F,3,0,1.0,0,São João de Meriti,411.8,399.4,395.5,399.5,540.0,3,A
210060418871,3,F,1,0,1.0,0,Duque de Caxias,560.6,625.0,617.6,616.4,900.0,2,B
210060942629,2,F,2,0,1.0,0,Duque de Caxias,444.9,582.7,506.6,472.2,800.0,5,C
210060402786,3,F,1,0,1.0,0,São João de Meriti,448.2,395.1,455.8,368.2,540.0,4,C
210059523364,3,F,2,0,1.0,0,Duque de Caxias,461.4,527.0,429.3,469.5,520.0,3,D
210058570935,3,M,3,0,1.0,0,Duque de Caxias,446.9,394.9,433.6,540.7,600.0,3,D
210059840774,2,F,1,0,1.0,0,Maricá,474.5,532.0,508.4,439.7,620.0,4,E
210058570894,3,F,3,0,1.0,0,Duque de Caxias,489.5,558.2,541.9,513.0,760.0,4,C
210060435365,2,F,3,0,1.0,0,São João de Meriti,392.4,383.0,481.6,559.1,820.0,4,D
210060464125,3,F,1,0,1.0,0,Niterói,557.2,566.4,553.3,669.0,760.0,3,Q
210060819170,3,F,3,0,1.0,0,Niterói,350.1,522.5,531.8,359.6,480.0,2,B
210059523327,4,M,1,0,1.0,0,São João de Meriti,564.1,551.0,541.8,668.4,680.0,2,C
210060422196,3,F,2,0,1.0,0,Niterói,565.2,544.0,500.0,644.7,760.0,2,B
210060963569,4,M,2,0,1.0,0,Nova Iguaçu,472.6,463.6,415.4,433.6,400.0,3,I
210060417926,2,F,3,0,1.0,0,Duque de Caxias,456.9,474.0,500.6,400.2,760.0,5,D
210059454039,2,F,2,0,1.0,0,Nova Iguaçu,472.8,530.5,465.4,403.7,500.0,3,D
210059964533,2,M,1,0,1.0,0,Duque de Caxias,512.2,546.6,522.1,586.0,720.0,3,D
210058643099,3,F,3,0,1.0,0,Niterói,601.9,600.0,588.4,750.0,900.0,3,K
210059648250,3,F,1,0,1.0,0,São João de Meriti,506.2,581.6,516.7,490.0,820.0,4,B
210060414638,2,M,1,0,1.0,0,Nova Iguaçu,607.5,638.8,544.9,714.1,860.0,2,I
210059392037,2,F,2,0,1.0,0,São João de Meriti,467.9,538.0,481.0,400.9,700.0,3,C
210060871044,2,F,1,0,1.0,0,Niterói,558.0,593.3,562.7,569.5,740.0,4,I
210060416797,2,M,1,0,1.0,0,Duque de Caxias,536.1,553.2,506.1,609.4,620.0,4,D
210060418925,2,M,3,0,1.0,0,Niterói,652.8,654.9,586.7,765.7,920.0,4,E
210059324782,3,F,1,0,1.0,0,Duque de Caxias,460.5,473.0,465.6,466.1,880.0,2,A
210060472826,2,M,3,0,1.0,0,Maricá,416.9,518.9,470.6,381.5,600.0,3,G
210060618876,2,F,3,0,1.0,0,Maricá,572.4,622.5,617.8,692.4,920.0,4,L
210058627723,3,F,3,0,1.0,0,Niterói,476.1,337.7,340.5,359.5,520.0,3,C
210060411192,2,F,1,0,1.0,0,Duque de Caxias,527.7,521.7,516.1,602.6,880.0,3,C
210059345456,2,F,1,0,1.0,0,Maricá,548.6,602.7,575.7,729.4,920.0,2,E
210059237005,3,F,2,0,1.0,0,São João de Meriti,419.1,394.3,487.1,420.0,520.0,4,B
210060265588,2,F,1,0,1.0,0,Duque de Caxias,481.9,586.3,505.5,596.6,360.0,4,B
210059528637,2,F,1,0,1.0,0,Nova Iguaçu,498.3,529.8,552.4,584.6,860.0,3,B
210060306879,2,F,2,0,1.0,0,Duque de Caxias,417.1,543.1,517.8,459.9,640.0,4,C
210060408948,2,M,1,0,1.0,0,Belford Roxo,536.5,545.7,569.7,662.4,580.0,3,C
210060942589,3,F,3,0,1.0,0,Duque de Caxias,464.8,483.7,566.1,661.3,720.0,6,D
210058643065,3,M,3,0,1.0,0,Duque de Caxias,362.0,461.6,428.3,402.4,480.0,5,B
210058538358,3,F,2,0,1.0,0,São João de Meriti,482.9,466.1,489.2,454.6,440.0,7,A
210060880840,2,M,1,0,1.0,0,Duque de Caxias,452.9,541.0,481.2,499.5,680.0,3,J
210059250064,3,M,1,0,1.0,0,Nova Iguaçu,485.8,543.4,559.5,531.6,460.0,1,B
210060565292,2,M,1,0,1.0,0,Nova Iguaçu,548.6,572.7,507.9,632.7,600.0,5,E
210059412829,3,F,3,0,1.0,0,Niterói,488.1,476.2,485.2,390.6,500.0,4,B
210059293330,3,F,3,0,1.0,0,Nova Iguaçu,412.6,436.7,462.5,399.5,680.0,3,B
210060321235,2,F,1,0,1.0,0,Belford Roxo,522.4,553.9,562.9,442.4,780.0,4,F
210059440905,2,F,3,0,1.0,0,Duque de Caxias,474.7,424.6,460.5,405.3,840.0,4,D
210060278713,3,F,1,0,1.0,0,São João de Meriti,336.1,502.9,456.5,495.1,880.0,4,F
210059386669,2,M,3,0,1.0,0,Nova Iguaçu,550.2,580.5,579.7,674.1,840.0,2,C
210060921086,2,F,1,0,1.0,0,Niterói,556.0,621.8,617.4,730.9,880.0,4,C
210058472304,2,F,1,0,1.0,0,Belford Roxo,548.3,551.3,612.6,466.8,920.0,5,F
210059462429,3,F,3,0,1.0,0,São João de Meriti,448.8,429.9,477.3,359.2,540.0,4,B
210059435341,2,F,1,0,1.0,0,Duque de Caxias,607.2,646.2,631.2,631.9,880.0,3,L
210060121751,3,F,3,0,1.0,0,São João de Meriti,433.0,488.5,432.8,530.6,680.0,4,C
210060722485,2,F,1,0,1.0,0,Niterói,344.1,509.8,447.5,501.0,620.0,5,E
210060952070,3,F,1,0,1.0,0,Belford Roxo,440.9,567.6,574.1,563.9,720.0,5,C
210060108663,2,M,2,0,1.0,0,São João de Meriti,539.1,622.7,587.7,688.3,600.0,6,A
210058443908,3,F,1,0,1.0,0,Duque de Caxias,527.7,559.1,539.0,537.9,700.0,4,E
210058180303,2,F,1,0,1.0,0,Niterói,730.8,685.4,646.8,843.5,880.0,6,L
210058818504,2,M,3,0,1.0,0,São João de Meriti,546.5,637.1,564.4,746.9,760.0,4,E
210059516707,2,M,3,0,1.0,0,São João de Meriti,440.7,585.3,559.0,508.9,480.0,6,C
210058480471,3,F,1,0,1.0,0,Nova Iguaçu,435.0,589.1,580.9,468.5,640.0,4,B
210060712622,2,F,1,0,1.0,0,Duque de Caxias,442.4,445.7,483.4,397.9,660.0,3,B
210060108625,3,F,1,0,1.0,0,São João de Meriti,515.0,610.4,580.3,451.7,680.0,2,A
210059450327,2,F,3,0,1.0,0,Maricá,462.3,490.9,526.1,483.9,640.0,4,C
210060951903,4,M,3,0,1.0,0,Niterói,494.0,522.8,496.1,483.6,560.0,4,B
210060680348,2,M,2,0,1.0,0,Nova Iguaçu,524.5,542.8,489.9,569.9,580.0,3,C
210058472318,3,F,1,0,1.0,0,Niterói,404.1,552.9,522.2,602.3,820.0,4,C
210059010631,2,F,3,0,1.0,0,Maricá,475.9,592.0,511.3,589.1,760.0,4,D
210059263171,2,F,1,0,1.0,0,São João de Meriti,470.9,536.8,553.1,610.5,600.0,3,K
210058811907,3,F,1,0,1.0,0,Niterói,515.7,606.2,595.5,658.2,840.0,3,B
210058832366,4,M,2,0,1.0,0,Niterói,426.7,513.6,509.0,427.5,660.0,3,B
210060433991,2,M,1,0,1.0,0,São João de Meriti,613.5,576.6,575.8,721.1,740.0,3,B
210060519177,2,F,1,0,1.0,0,Duque de Caxias,465.5,487.1,488.0,482.9,360.0,3,M
210060542371,3,M,3,0,1.0,0,Nova Iguaçu,480.1,433.5,532.5,559.9,540.0,3,C
210060519136,2,F,1,0,1.0,0,Niterói,440.1,491.6,510.4,437.0,600.0,3,F
210060888720,3,M,1,0,1.0,0,Maricá,488.8,505.8,471.8,410.8,720.0,3,B
210059689455,3,F,1,0,1.0,0,Belford Roxo,476.3,510.5,508.6,430.8,860.0,3,D
210059676368,4,M,2,0,1.0,0,Nova Iguaçu,354.6,361.6,409.3,348.0,400.0,3,B
210059265224,2,F,1,0,1.0,0,Duque de Caxias,619.0,630.1,640.7,731.1,880.0,4,F
210059461513,2,F,3,0,1.0,0,São João de Meriti,528.1,496.5,470.7,467.9,480.0,5,C
210059951516,3,F,1,0,1.0,0,Maricá,606.8,535.1,632.5,731.2,900.0,2,C
210058643142,3,F,3,0,1.0,0,Nova Iguaçu,450.4,358.1,488.2,377.7,600.0,5,B
210060191042,2,F,2,0,2.0,0,Duque de Caxias,426.1,411.5,509.5,440.4,640.0,2,C
210058619724,2,F,1,0,1.0,0,Niterói,492.3,544.9,572.7,462.4,760.0,4,N
210058508985,2,F,2,0,1.0,0,Nova Iguaçu,420.8,472.6,523.5,487.9,640.0,6,D
210059951466,2,F,1,0,1.0,0,São João de Meriti,458.4,492.6,545.7,535.4,580.0,4,E
210058627765,2,M,1,0,1.0,0,Nova Iguaçu,329.5,584.6,542.0,609.2,740.0,4,G
210059090177,2,F,1,0,1.0,0,Niterói,509.4,538.0,526.1,456.3,740.0,5,H
210059515772,3,F,3,0,1.0,0,Belford Roxo,450.9,538.9,571.5,481.1,520.0,5,B
210060519176,4,F,2,0,1.0,0,São João de Meriti,409.9,575.4,550.7,468.0,560.0,3,E
210059663294,3,F,3,0,1.0,0,Duque de Caxias,410.0,552.6,571.1,474.7,580.0,4,D
210058416893,2,M,2,0,1.0,0,Duque de Caxias,561.8,647.3,622.7,690.5,660.0,3,D
210058163958,3,F,3,0,1.0,0,Nova Iguaçu,403.9,378.0,433.3,400.3,520.0,4,B
210060805325,3,F,1,0,1.0,0,Niterói,360.8,448.7,474.5,411.1,680.0,5,F
210060784267,2,F,3,0,1.0,0,Duque de Caxias,554.3,614.0,575.9,543.0,640.0,5,E
210060206044,3,F,1,0,1.0,0,Duque de Caxias,494.0,637.1,606.7,612.1,880.0,4,C
210058408767,3,F,1,0,1.0,0,Nilópolis,493.3,652.3,622.0,466.1,580.0,5,A
210060028708,3,M,3,0,1.0,0,Niterói,543.9,422.2,462.7,496.7,600.0,7,B
210060794171,4,M,2,0,1.0,0,Belford Roxo,455.7,550.9,474.7,512.4,720.0,2,B
210058971807,3,F,2,0,1.0,0,Niterói,483.5,606.6,557.5,425.3,700.0,3,C
210058150853,3,F,1,0,1.0,0,Maricá,532.1,591.1,499.1,630.4,960.0,3,H
210059545818,2,F,3,0,1.0,0,Maricá,532.0,582.8,565.2,483.8,500.0,3,B
210058603694,2,M,3,0,1.0,0,Duque de Caxias,472.8,582.8,525.7,638.6,680.0,2,B
210059482214,3,F,1,0,1.0,0,Duque de Caxias,510.5,378.0,537.0,481.7,860.0,4,B
210058603745,3,F,1,0,1.0,0,Niterói,410.0,515.3,554.1,412.6,680.0,3,D
210059840834,3,M,1,0,1.0,0,Niterói,542.3,325.3,608.6,500.5,520.0,5,C
210060819207,3,F,1,0,1.0,0,Maricá,448.0,416.3,468.7,442.2,560.0,4,I
210059195757,3,M,1,0,1.0,0,Duque de Caxias,546.6,603.8,576.2,477.7,660.0,4,B
210059407212,3,F,2,0,1.0,0,Duque de Caxias,605.5,628.7,589.5,675.7,860.0,3,G
210060840215,2,F,2,0,1.0,0,Nova Iguaçu,341.4,491.7,502.5,574.3,540.0,2,D
210059350915,2,M,1,0,1.0,0,Duque de Caxias,689.5,613.2,514.5,919.1,840.0,4,I
210060429987,3,M,1,0,1.0,0,Belford Roxo,538.7,635.9,610.0,663.1,720.0,2,J
210059840819,2,F,3,0,1.0,0,Duque de Caxias,501.7,570.2,606.6,601.3,600.0,5,C
210059167608,2,F,3,0,1.0,0,Niterói,342.4,452.8,444.8,502.7,520.0,2,B
210059622175,2,F,3,0,1.0,0,Duque de Caxias,490.3,573.9,556.8,397.3,460.0,5,D
210059182640,2,F,1,0,1.0,0,Nova Iguaçu,529.6,487.1,453.2,441.5,480.0,4,B
210059116131,2,M,3,0,1.0,0,São João de Meriti,461.0,304.3,435.0,444.6,640.0,4,B
210060794253,2,M,2,0,1.0,0,Niterói,545.5,582.7,492.3,482.4,560.0,4,C
210058805338,3,M,3,0,1.0,0,Nilópolis,349.9,508.0,504.8,468.1,540.0,3,B
210060900018,3,F,1,0,1.0,0,São João de Meriti,451.1,553.0,522.1,561.5,600.0,5,A
210060763298,3,F,3,0,1.0,0,Nova Iguaçu,446.8,492.2,465.5,385.8,680.0,3,C
210059129104,3,F,1,0,1.0,0,Duque de Caxias,488.1,568.0,555.1,589.1,680.0,4,E
210059560997,2,F,5,0,1.0,0,Niterói,543.0,537.3,505.2,396.0,540.0,4,C
210058509098,2,F,1,0,1.0,0,Duque de Caxias,612.8,614.6,561.3,718.3,940.0,3,K
210060899970,3,F,3,0,1.0,0,Duque de Caxias,520.5,578.2,621.2,595.6,600.0,2,D
210060191161,3,F,1,0,1.0,0,Niterói,566.1,584.5,564.5,736.3,840.0,5,K
210058509124,4,F,1,0,1.0,0,Duque de Caxias,494.1,468.6,442.9,380.4,540.0,3,B
210060774509,3,M,1,0,1.0,0,Niterói,522.4,660.0,588.6,740.6,920.0,3,Q
210059103226,3,F,3,0,1.0,0,Duque de Caxias,450.3,470.9,532.4,427.1,640.0,4,C
210060206149,3,F,1,0,1.0,0,Duque de Caxias,458.2,489.9,493.6,507.8,640.0,4,J
210058798808,3,F,1,0,1.0,0,Duque de Caxias,515.4,619.1,522.3,586.9,740.0,3,B
210059406231,2,F,1,0,1.0,0,Nova Iguaçu,449.5,463.5,447.9,637.3,680.0,4,C
210059193948,3,F,3,0,1.0,0,Duque de Caxias,433.5,371.9,493.3,460.1,640.0,3,E
210059560938,3,F,2,0,1.0,0,São João de Meriti,447.9,393.3,414.9,458.7,520.0,5,D
210059560979,3,M,1,0,1.0,0,São João de Meriti,589.1,628.4,641.1,735.0,840.0,3,J
210060940479,2,F,1,0,1.0,0,Niterói,593.5,646.8,680.1,754.9,940.0,4,P
210058791497,3,F,3,0,1.0,0,Belford Roxo,420.6,443.1,432.5,347.9,500.0,2,A
210060930998,2,M,1,0,1.0,0,São João de Meriti,581.6,617.0,611.2,714.8,540.0,4,I
210059222052,3,F,3,0,1.0,0,Duque de Caxias,455.0,531.6,554.3,448.5,740.0,3,B
210060940489,2,M,1,0,1.0,0,Duque de Caxias,459.8,511.2,459.7,347.0,460.0,5,E
210060232326,2,F,3,0,1.0,0,Duque de Caxias,539.2,465.4,495.0,434.5,580.0,4,C
210058784929,2,F,2,0,1.0,0,Maricá,553.1,557.0,539.4,643.3,840.0,4,F
210059447439,3,F,1,0,1.0,0,Duque de Caxias,337.1,543.1,544.4,556.1,520.0,6,A
210059235150,3,F,1,0,1.0,0,Nova Iguaçu,446.6,549.4,491.5,469.8,880.0,5,D
210058959019,3,M,1,0,1.0,0,Belford Roxo,541.5,571.3,575.5,616.8,680.0,3,B
210059560950,2,F,2,0,1.0,0,Nova Iguaçu,428.6,492.4,425.4,336.1,480.0,4,C
210058792186,4,F,3,0,1.0,0,Nova Iguaçu,419.7,441.3,438.0,435.3,620.0,2,B
210059463470,3,F,2,0,1.0,0,São João de Meriti,426.8,412.0,487.2,371.6,500.0,5,E
210058453439,3,F,2,0,1.0,0,São João de Meriti,385.0,449.6,552.4,616.0,940.0,7,B
210059435381,4,F,1,0,1.0,0,São João de Meriti,505.5,529.1,479.5,545.6,680.0,4,B
210059516783,3,F,2,0,1.0,0,Duque de Caxias,543.8,520.4,500.4,622.6,880.0,3,O
210059478539,2,F,1,0,1.0,0,Belford Roxo,399.4,333.8,451.9,508.9,500.0,2,B
210059422272,3,F,2,0,1.0,0,Duque de Caxias,500.6,469.9,564.0,488.7,440.0,3,B
210059289352,3,F,1,0,1.0,0,Nova Iguaçu,519.3,582.2,544.1,585.4,880.0,2,B
210060878993,2,M,1,0,1.0,0,Nova Iguaçu,409.7,356.5,358.0,373.1,300.0,9,C
210060879076,3,M,2,0,1.0,0,São João de Meriti,488.4,571.2,530.9,580.2,640.0,5,D
210059529879,2,F,3,0,1.0,0,Nova Iguaçu,492.4,501.4,466.5,465.1,620.0,3,B
210059450362,3,F,3,0,1.0,0,Duque de Caxias,516.2,553.7,520.4,501.6,620.0,4,A
210059529861,4,F,3,0,1.0,0,Duque de Caxias,450.9,377.1,481.4,377.0,700.0,2,C
210058180429,2,M,3,0,1.0,0,Belford Roxo,430.7,401.2,524.4,483.3,580.0,3,D
210058445256,2,F,1,0,1.0,0,Belford Roxo,546.2,599.0,519.7,569.1,840.0,2,B
210059503711,3,F,1,0,1.0,0,Niterói,491.2,503.6,543.8,463.0,580.0,3,A
210059276288,3,F,1,0,1.0,0,Duque de Caxias,467.5,611.8,590.4,351.6,720.0,3,B
210060123714,5,F,1,0,1.0,0,Belford Roxo,528.6,629.0,617.2,678.4,920.0,4,D
210060701468,2,M,3,0,1.0,0,Nova Iguaçu,609.3,622.8,565.9,576.7,900.0,4,Q
210059529871,2,M,3,0,1.0,0,Nova Iguaçu,512.6,577.6,569.9,543.4,840.0,3,E
210059304356,3,F,2,0,1.0,0,Nova Iguaçu,420.6,445.2,461.9,328.8,560.0,4,D
210059478501,4,M,3,0,1.0,0,Maricá,515.1,598.3,576.0,683.9,680.0,2,C
210059129233,3,F,1,0,1.0,0,São João de Meriti,538.7,404.8,427.4,357.2,460.0,6,B
210058509075,2,F,1,0,1.0,0,Nova Iguaçu,530.2,544.9,562.1,639.1,600.0,5,E
210060784340,2,M,3,0,1.0,0,Nova Iguaçu,531.5,566.9,482.9,637.5,880.0,4,B
210060206094,3,F,1,0,1.0,0,Belford Roxo,446.8,493.3,475.3,465.6,520.0,6,D
210060149905,2,F,1,0,1.0,0,Duque de Caxias,526.9,515.0,566.9,511.9,680.0,4,D
210059114215,3,F,1,0,1.0,0,Duque de Caxias,492.5,477.4,493.8,468.4,520.0,3,B
210059491572,3,F,3,0,1.0,0,Duque de Caxias,498.1,558.1,574.9,521.1,700.0,5,B
210060191077,3,F,1,0,1.0,0,Duque de Caxias,483.9,503.7,545.2,600.3,380.0,6,A
210059317410,3,F,3,0,1.0,0,Nova Iguaçu,440.5,397.4,304.7,335.7,900.0,2,C
210060929282,3,M,3,0,1.0,0,Belford Roxo,477.0,579.0,620.1,469.7,620.0,3,F
210058518558,3,M,1,0,1.0,0,Maricá,630.2,612.5,604.4,813.8,920.0,4,H
210058480496,3,F,3,0,1.0,0,Duque de Caxias,645.1,626.1,618.2,774.0,960.0,3,K
210058087156,3,F,3,0,1.0,0,Duque de Caxias,439.2,549.0,514.2,504.4,660.0,8,B
210060784349,2,F,3,0,1.0,0,Belford Roxo,568.1,654.6,621.5,649.9,760.0,3,J
210059378134,2,F,3,0,1.0,0,Niterói,632.8,582.1,642.3,714.1,680.0,4,J
210058285232,2,M,3,0,1.0,0,Niterói,581.5,551.2,488.4,682.1,900.0,2,F
210058526841,2,F,3,0,1.0,0,Duque de Caxias,495.1,453.2,540.8,455.3,820.0,3,B
210058389814,3,F,3,0,1.0,0,Nova Iguaçu,450.0,483.2,441.5,438.5,720.0,3,C
210060206051,2,F,3,0,1.0,0,Duque de Caxias,521.5,542.9,530.7,402.5,520.0,4,C
210058526804,3,M,2,0,1.0,0,Nilópolis,385.8,520.6,383.5,457.6,880.0,4,B
210058213649,3,F,1,0,1.0,0,Duque de Caxias,400.6,505.7,516.8,449.1,580.0,4,D
210059476526,4,F,1,0,1.0,0,São João de Meriti,326.9,386.1,404.8,483.7,240.0,3,A
210059252179,2,F,1,0,1.0,0,Belford Roxo,515.5,576.6,578.3,520.8,800.0,4,F
210059399917,2,M,3,0,1.0,0,Nova Iguaçu,503.7,476.9,452.9,524.1,500.0,4,B
210060407023,3,F,2,0,1.0,0,Nova Iguaçu,508.9,411.7,520.3,467.7,720.0,2,B
210059414932,3,F,2,0,1.0,0,Nilópolis,373.8,538.2,490.4,571.8,900.0,2,A
210060321416,3,F,1,0,1.0,0,Niterói,496.1,507.2,543.5,467.8,760.0,4,D
210059386835,2,M,3,0,1.0,0,Niterói,520.7,578.0,571.9,625.6,680.0,4,E
210058649314,3,M,1,0,1.0,0,Nova Iguaçu,591.7,631.3,504.9,574.6,600.0,3,B
210059280358,11,F,2,0,1.0,0,Nilópolis,476.2,510.5,477.8,362.1,460.0,1,A
210060333193,3,F,1,0,1.0,0,Duque de Caxias,454.5,686.7,632.3,724.3,900.0,2,C
210060404238,3,M,1,0,1.0,0,Nova Iguaçu,433.2,472.1,486.8,405.9,500.0,4,D
210060932885,2,M,3,0,1.0,0,Belford Roxo,524.6,531.8,537.9,609.6,560.0,3,B
210060911867,6,F,1,0,1.0,0,Duque de Caxias,464.6,509.1,469.5,407.1,480.0,2,B
210059347756,3,F,3,0,1.0,0,Nova Iguaçu,452.9,384.0,529.2,485.2,640.0,5,B
210059502766,3,M,2,0,1.0,0,Niterói,508.7,402.1,407.2,346.1,320.0,3,B
210059347783,2,M,3,0,1.0,0,Nova Iguaçu,331.7,583.6,518.8,630.0,860.0,4,E
210060963689,2,F,2,0,1.0,0,Duque de Caxias,555.3,563.9,592.8,524.0,900.0,3,B
210059497263,3,F,2,0,1.0,0,Nova Iguaçu,445.1,470.7,481.5,417.6,340.0,3,B
210060444871,2,M,1,0,1.0,0,Maricá,563.0,495.0,530.6,447.0,700.0,3,N
210060422335,2,M,2,0,1.0,0,Niterói,402.1,498.9,544.3,563.7,540.0,3,A
210058555724,2,F,1,0,1.0,0,Niterói,615.3,606.4,629.5,727.9,900.0,3,H
210059517787,3,F,1,0,1.0,0,Niterói,556.2,547.9,561.5,548.1,740.0,2,E
210059771722,2,F,3,0,1.0,0,Nilópolis,402.8,537.4,538.4,474.1,600.0,3,A
210059530863,2,F,3,0,1.0,0,Duque de Caxias,506.6,558.0,595.2,455.8,780.0,2,B
210059489651,3,F,2,0,1.0,0,Niterói,513.9,539.4,523.2,530.4,940.0,5,J
210059650274,2,F,1,0,1.0,0,Nilópolis,563.5,609.4,607.0,706.5,840.0,3,F
210060609085,2,F,2,0,1.0,0,Duque de Caxias,483.7,474.4,523.7,442.0,720.0,2,B
210059223978,3,F,3,0,1.0,0,Maricá,567.1,516.9,514.5,425.1,760.0,2,D
210059650275,4,F,3,0,1.0,0,Niterói,475.1,517.7,510.3,591.1,640.0,4,E
210059433457,2,F,1,0,1.0,0,Nova Iguaçu,462.1,496.0,441.3,447.8,460.0,3,B
210060464273,3,F,3,0,1.0,0,Belford Roxo,512.1,565.3,316.5,444.2,540.0,5,B
210059923441,3,M,3,0,1.0,0,Niterói,500.4,563.3,613.6,514.3,900.0,2,F
210059594212,3,F,2,0,1.0,0,Duque de Caxias,493.4,414.7,506.8,408.9,360.0,2,B
210060239623,2,F,1,0,1.0,0,Niterói,662.9,666.8,624.1,642.0,960.0,3,L
210060472940,4,F,1,0,1.0,0,Niterói,583.0,576.6,521.5,443.3,780.0,3,E
210059195808,3,F,3,0,1.0,0,São João de Meriti,464.2,502.9,488.2,416.2,720.0,3,A
210060432023,3,M,2,0,1.0,0,São João de Meriti,554.7,551.8,549.4,555.5,880.0,4,B
210060252709,2,F,1,0,1.0,0,Nilópolis,601.0,666.5,638.1,690.2,940.0,3,F
210060819277,4,M,1,0,1.0,0,Duque de Caxias,396.6,470.3,447.3,411.0,520.0,3,B
210059433448,3,F,2,0,1.0,0,Duque de Caxias,405.1,507.5,441.8,484.8,880.0,4,D
210059635331,3,M,3,0,1.0,0,Nova Iguaçu,523.6,504.9,563.5,535.6,680.0,4,B
210060830419,3,M,1,0,1.0,0,Belford Roxo,412.0,515.5,501.5,484.7,860.0,3,B
210059882203,3,F,3,0,1.0,0,Niterói,448.6,405.0,488.1,430.3,480.0,3,D
210058590434,2,F,1,0,1.0,0,Nova Iguaçu,489.4,376.8,499.7,590.2,720.0,2,B
210059609208,2,M,2,0,1.0,0,Duque de Caxias,444.6,550.1,513.4,375.8,700.0,6,C
210060508580,2,M,3,0,1.0,0,Nova Iguaçu,421.3,531.8,572.2,500.1,580.0,4,C
210058590437,2,F,1,0,1.0,0,Duque de Caxias,580.6,606.0,603.7,641.4,960.0,3,D
210058203999,3,F,2,0,1.0,0,Nova Iguaçu,512.0,479.5,534.1,343.8,900.0,4,C
210060681740,2,F,1,0,1.0,0,Niterói,474.0,586.6,557.3,550.2,700.0,4,G
210058538471,3,F,2,0,1.0,0,Duque de Caxias,382.6,505.5,541.0,450.1,760.0,2,C
210060900128,5,M,3,0,1.0,0,Niterói,467.1,481.8,497.3,416.2,540.0,3,B
210058805425,2,M,1,0,1.0,0,São João de Meriti,608.0,552.1,576.8,712.1,920.0,4,J
210060921629,3,F,3,0,1.0,0,São João de Meriti,569.0,580.5,584.3,677.9,940.0,2,D
210058984863,2,F,2,0,1.0,0,Nova Iguaçu,399.2,443.4,482.4,535.5,820.0,4,E
210060542418,2,F,3,0,1.0,0,Nova Iguaçu,441.9,508.1,509.2,435.8,560.0,5,C
210060838427,2,F,2,0,1.0,0,Nova Iguaçu,439.0,518.7,461.6,384.3,480.0,3,B
210059209011,3,F,2,0,1.0,0,Nilópolis,454.2,548.6,463.0,621.3,620.0,4,A
210060555063,4,F,2,0,1.0,0,Duque de Caxias,396.8,458.8,413.0,420.3,400.0,2,B
210060406972,3,F,2,0,1.0,0,Duque de Caxias,337.3,422.8,428.8,348.7,500.0,2,B
210060555024,3,F,2,0,1.0,0,Niterói,498.3,446.8,434.1,467.9,840.0,3,B
210058805398,3,M,3,0,1.0,0,Duque de Caxias,551.2,565.2,615.9,732.4,820.0,9,B
210058805380,3,F,3,0,1.0,0,Duque de Caxias,445.1,368.2,399.5,382.6,420.0,3,D
210060555067,2,F,2,0,1.0,0,São João de Meriti,471.5,592.8,566.9,584.5,780.0,5,G
210058959081,2,F,3,0,1.0,0,Belford Roxo,538.2,334.2,396.6,350.1,920.0,4,G
210060911808,3,M,1,0,1.0,0,São João de Meriti,553.0,618.5,563.5,694.9,620.0,3,C
210060070076,2,F,1,0,1.0,0,Duque de Caxias,542.2,548.7,579.8,650.7,820.0,2,C
210058959062,2,F,3,0,1.0,0,Duque de Caxias,442.8,502.2,511.9,467.9,620.0,2,C
210060267857,3,M,1,0,1.0,0,Duque de Caxias,445.5,411.7,508.7,572.5,400.0,2,B
210060909660,4,F,3,0,1.0,0,Niterói,498.3,495.1,516.2,408.7,520.0,4,E
210060239900,3,F,3,0,1.0,0,Nilópolis,460.5,525.8,543.9,570.3,760.0,5,E
210058453494,3,M,3,0,1.0,0,São João de Meriti,527.8,567.0,478.9,660.2,680.0,3,D
210060239904,2,F,3,0,1.0,0,Niterói,615.2,565.6,576.5,771.7,920.0,3,I
210060108733,4,M,3,0,1.0,0,Belford Roxo,579.3,486.3,389.7,384.3,540.0,2,B
210059276313,3,F,1,0,1.0,0,Duque de Caxias,380.1,500.9,486.9,466.4,600.0,4,D
210059786847,4,F,2,0,1.0,0,Nova Iguaçu,408.0,469.3,527.1,399.9,460.0,4,A
210059497340,2,F,3,0,1.0,0,Duque de Caxias,435.7,540.1,512.9,356.3,640.0,2,B
210059484284,4,M,3,0,1.0,0,Belford Roxo,460.0,537.3,534.8,413.4,880.0,4,B
210060963817,3,F,3,0,1.0,0,Duque de Caxias,632.2,632.5,631.1,658.6,780.0,4,B
210059503779,2,F,1,0,1.0,0,Duque de Caxias,462.9,547.7,568.5,490.9,880.0,4,C
210058306387,3,F,1,0,1.0,0,Niterói,463.5,549.7,536.3,470.3,720.0,3,B
210060283537,2,M,1,0,1.0,0,Duque de Caxias,502.2,461.2,500.3,632.7,660.0,3,E
210058590503,3,F,2,0,1.0,0,São João de Meriti,436.7,476.1,501.5,464.0,480.0,3,B
210059484314,3,M,1,0,1.0,0,Niterói,529.1,616.6,618.3,712.0,880.0,4,N
210058578427,6,M,2,0,1.0,0,Nilópolis,437.5,359.6,332.7,348.3,460.0,3,C
210059379378,2,F,1,0,1.0,0,Nova Iguaçu,443.8,467.2,457.8,409.8,500.0,6,C
210059676478,3,F,1,0,1.0,0,Maricá,538.2,570.4,610.0,531.2,760.0,4,J
210060508639,3,F,1,0,1.0,0,Niterói,489.1,568.1,557.1,541.6,900.0,3,J
210060485506,3,F,2,0,1.0,0,Nova Iguaçu,464.3,326.6,475.3,407.5,480.0,3,A
210059663421,2,M,3,0,1.0,0,Nova Iguaçu,578.1,539.7,499.3,591.9,340.0,3,B
210059224002,3,F,1,0,1.0,0,Niterói,443.8,578.9,495.7,659.0,780.0,3,N
210060485511,2,M,1,0,1.0,0,Niterói,634.8,605.4,556.9,802.4,840.0,3,D
210060400222,2,F,1,0,1.0,0,Duque de Caxias,550.3,584.6,591.9,579.7,940.0,3,B
210060881032,3,M,1,0,1.0,0,Nova Iguaçu,386.4,425.7,482.7,481.1,420.0,6,C
210059622306,3,M,2,0,1.0,0,São João de Meriti,462.2,544.2,552.7,352.9,500.0,3,C
210060252761,2,F,1,0,1.0,0,Niterói,606.4,540.8,545.4,748.4,940.0,3,P
210060565498,2,F,2,0,1.0,0,Niterói,535.9,553.9,542.3,597.5,680.0,4,D
210060932926,3,F,3,0,1.0,0,Niterói,568.0,589.1,561.0,465.2,660.0,4,J
210059456170,3,M,1,0,1.0,0,Nova Iguaçu,525.2,574.5,593.4,454.7,960.0,4,C
210060621095,2,F,3,0,1.0,0,Nilópolis,402.3,557.4,514.2,532.9,740.0,3,D
210058752334,6,M,3,0,2.0,0,Nova Iguaçu,404.4,418.4,336.1,387.9,420.0,5,B
210060555136,4,F,3,0,1.0,0,Niterói,549.6,570.4,574.9,552.6,360.0,2,B
210060555137,3,F,1,0,1.0,0,Niterói,590.6,526.1,520.1,546.4,980.0,4,H
210060911936,4,F,2,0,1.0,0,Duque de Caxias,558.7,509.1,526.0,356.0,660.0,6,D
210060267786,3,F,3,0,1.0,0,Nova Iguaçu,462.4,501.5,530.3,496.3,680.0,4,B
210060384418,2,F,4,0,1.0,0,Nova Iguaçu,512.4,596.5,563.1,694.2,480.0,4,N
210060407082,3,F,3,0,1.0,0,Nilópolis,567.0,642.5,650.7,619.6,880.0,2,E
210059441118,3,M,3,0,1.0,0,São João de Meriti,481.7,571.0,520.8,541.2,880.0,2,C
210060414849,3,F,2,0,1.0,0,Nova Iguaçu,499.1,458.4,481.4,486.0,760.0,3,A
210060611178,4,F,3,0,1.0,0,Niterói,465.3,368.4,496.0,374.1,780.0,4,D
210059321637,2,F,1,0,1.0,0,Nova Iguaçu,521.2,503.2,546.2,594.6,920.0,4,C
210058565043,4,M,1,0,1.0,0,Niterói,486.4,548.1,520.3,647.5,620.0,3,K
210059154602,3,F,3,0,1.0,0,São João de Meriti,391.3,437.1,485.8,478.0,680.0,3,G
210059366176,3,F,1,0,1.0,0,Niterói,552.3,626.2,595.3,656.0,940.0,4,E
210059167712,3,F,3,0,1.0,0,Maricá,530.4,592.5,524.9,424.4,820.0,4,I
210059758684,2,F,2,0,1.0,0,Duque de Caxias,439.3,475.1,527.1,471.5,800.0,5,E
210058555773,2,F,2,0,1.0,0,Nilópolis,415.2,451.3,499.7,493.5,640.0,6,D
210059812790,3,M,3,0,1.0,0,Duque de Caxias,450.8,420.1,417.5,419.7,580.0,4,C
210060973588,2,F,1,0,1.0,0,São João de Meriti,412.8,491.1,516.1,524.8,880.0,3,G
210059594239,5,F,3,0,1.0,0,Niterói,412.2,437.1,431.8,362.9,620.0,2,C
210059827846,2,F,2,0,1.0,0,Niterói,456.7,436.4,559.2,448.3,540.0,2,C
210058590459,3,F,3,0,1.0,0,Duque de Caxias,441.2,400.5,437.7,378.7,600.0,6,B
210059594242,3,F,3,0,1.0,0,Nova Iguaçu,581.8,530.9,559.9,502.6,460.0,4,C
210059502824,3,F,3,0,1.0,0,Duque de Caxias,395.4,512.8,517.3,375.0,680.0,4,C
210059334677,2,F,1,0,1.0,0,Nova Iguaçu,348.0,517.4,567.8,365.2,420.0,3,D
210059347815,2,F,2,0,1.0,0,Belford Roxo,393.3,415.8,401.1,508.3,520.0,5,A
210059854042,3,F,1,0,1.0,0,Nova Iguaçu,530.4,568.7,569.7,591.8,960.0,4,G
210059594223,2,F,1,0,1.0,0,Duque de Caxias,535.2,524.4,538.8,556.8,780.0,4,B
210059489749,2,F,2,0,1.0,0,Nova Iguaçu,434.1,499.8,515.4,442.3,560.0,4,B
210059497333,3,F,3,0,1.0,0,Duque de Caxias,462.1,518.1,532.4,382.4,760.0,2,A
210060206263,4,M,1,0,1.0,0,São João de Meriti,461.0,534.2,555.8,481.9,360.0,5,C
210059116356,3,F,3,0,1.0,0,São João de Meriti,482.8,520.4,548.9,436.0,720.0,4,A
210059380210,3,F,3,0,1.0,0,Niterói,538.3,500.7,559.3,391.8,660.0,6,C
210060784513,3,F,4,0,1.0,0,Belford Roxo,452.3,480.3,423.2,350.1,360.0,4,A
210061414633,3,M,2,0,1.0,0,Nilópolis,389.8,320.5,379.6,355.4,520.0,4,B
210060165062,3,F,3,0,1.0,0,Duque de Caxias,446.9,577.5,497.3,522.7,840.0,4,A
210059154940,3,F,1,0,1.0,0,Niterói,660.1,630.7,618.6,796.3,960.0,4,P
210059519841,4,F,1,0,1.0,0,Duque de Caxias,403.5,456.7,414.1,453.5,540.0,5,C
210060774618,4,F,3,0,1.0,0,Belford Roxo,512.4,527.1,551.2,519.6,820.0,5,C
210059365172,2,F,2,0,1.0,0,São João de Meriti,511.0,540.8,536.3,514.3,700.0,2,B
210060165089,2,M,1,0,1.0,0,Nova Iguaçu,625.3,673.0,626.0,755.3,940.0,3,E
210059573114,3,F,1,0,1.0,0,Niterói,521.1,606.8,610.8,671.3,840.0,5,G
210059129437,3,F,3,0,1.0,0,Duque de Caxias,516.0,616.9,501.0,594.9,900.0,4,H
210059519844,2,M,2,0,1.0,0,Niterói,487.2,494.8,477.5,515.1,460.0,3,B
210059103323,3,F,1,0,1.0,0,São João de Meriti,385.6,460.1,468.6,501.1,660.0,4,B
210059491756,3,M,1,0,1.0,0,Niterói,369.8,389.0,427.6,456.9,500.0,3,H
210060909846,4,F,2,0,1.0,0,Nova Iguaçu,463.1,556.4,473.3,464.8,640.0,2,B
210060784425,2,M,3,0,1.0,0,Duque de Caxias,519.5,420.5,398.9,511.8,520.0,5,C
210059181002,3,F,1,0,1.0,0,Niterói,537.7,612.1,635.1,681.1,840.0,4,E
210059116211,3,M,2,0,1.0,0,Nova Iguaçu,514.5,538.7,438.8,374.6,380.0,6,B
210060921028,4,F,1,0,1.0,0,São João de Meriti,417.9,579.2,533.0,518.3,640.0,3,F
210059368054,3,F,3,0,1.0,0,Duque de Caxias,382.4,474.5,473.4,334.5,540.0,2,A
210058528209,2,F,1,0,1.0,0,Niterói,394.7,543.4,616.5,340.7,680.0,4,H
210060919594,3,F,1,0,1.0,0,Duque de Caxias,542.7,542.9,559.5,470.3,840.0,5,E
210058959114,3,F,2,0,1.0,0,Niterói,383.1,416.8,419.3,398.9,320.0,4,E
210059447587,2,M,3,0,1.0,0,Duque de Caxias,466.6,475.5,536.2,470.4,320.0,2,C
210060909833,2,F,3,0,1.0,0,Nova Iguaçu,391.2,437.3,470.0,482.8,400.0,5,B
210059116200,2,F,3,0,1.0,0,Duque de Caxias,474.7,537.6,529.0,556.1,760.0,4,I
210058275569,3,F,3,0,1.0,0,São João de Meriti,533.1,394.5,495.2,420.7,500.0,4,B
210060028861,3,F,1,0,1.0,0,Maricá,460.9,502.7,515.5,542.8,800.0,3,P
210060670610,3,M,2,0,1.0,0,Duque de Caxias,365.3,390.9,396.1,367.5,600.0,4,B
210059152958,3,F,1,0,1.0,0,Duque de Caxias,412.1,558.9,559.4,394.8,620.0,2,D
210061393639,2,F,1,0,1.0,0,Duque de Caxias,573.5,544.5,604.9,615.1,460.0,3,B
210059475683,3,F,1,0,1.0,0,Duque de Caxias,401.9,443.0,474.5,428.9,500.0,2,B
210060691682,2,M,3,0,1.0,0,Duque de Caxias,471.1,548.8,584.1,379.8,720.0,2,D
210059276408,2,F,3,0,1.0,0,São João de Meriti,381.4,514.9,528.4,374.6,500.0,3,B
210059462627,3,M,1,0,1.0,0,Nova Iguaçu,349.7,532.4,423.6,345.9,340.0,3,G
210058462984,3,F,3,0,1.0,0,Nova Iguaçu,372.5,563.5,578.6,538.9,520.0,4,G
210059010802,1,F,2,0,1.0,0,São João de Meriti,518.7,611.7,592.9,629.2,880.0,4,E
210060123842,2,M,3,0,1.0,0,Belford Roxo,499.7,551.9,478.4,409.2,560.0,5,C
210059025700,2,M,1,0,2.0,0,Nova Iguaçu,555.5,317.4,456.3,598.3,820.0,4,E
210060095717,9,F,1,0,1.0,0,Niterói,500.9,591.7,588.3,417.4,600.0,3,B
210058192392,2,F,1,0,1.0,0,Niterói,620.0,701.7,588.8,684.5,900.0,2,M
210060083231,3,M,2,0,1.0,0,Nova Iguaçu,334.5,614.5,590.4,599.9,300.0,4,D
210059263339,3,F,3,0,1.0,0,Duque de Caxias,515.5,624.1,573.4,519.6,520.0,4,C
210058192400,3,F,4,0,1.0,0,Duque de Caxias,495.9,529.4,513.7,435.6,780.0,2,D
210058135150,2,M,1,0,1.0,0,Maricá,582.1,585.3,573.5,610.0,620.0,4,C
210059010815,3,M,4,0,1.0,0,Duque de Caxias,538.7,610.7,530.8,459.6,400.0,5,F
210060083251,3,M,1,0,1.0,0,Niterói,574.0,645.8,601.2,657.1,820.0,3,H
210060774547,4,F,1,0,1.0,0,São João de Meriti,447.6,491.8,493.7,354.1,680.0,4,B
210059573080,3,F,1,0,1.0,0,Niterói,624.4,706.4,670.9,764.2,900.0,3,J
210060191202,3,F,1,0,1.0,0,Nova Iguaçu,486.7,517.6,448.4,417.9,600.0,2,C
210058151155,3,F,1,0,1.0,0,Niterói,524.3,582.6,596.7,475.3,840.0,2,B
210059478578,2,F,3,0,1.0,0,Nova Iguaçu,441.9,508.2,434.5,468.8,480.0,5,C
210060849664,3,F,1,0,1.0,0,Niterói,418.4,506.2,537.3,519.8,940.0,5,E
210060848225,3,F,1,0,1.0,0,Maricá,507.8,546.1,554.5,626.8,800.0,4,F
210059463559,3,M,3,0,1.0,0,Duque de Caxias,538.2,555.0,528.5,555.9,580.0,2,B
210059103257,3,F,1,0,1.0,0,Duque de Caxias,575.9,610.3,574.0,562.2,620.0,3,C
210059463565,3,M,1,0,1.0,0,Nova Iguaçu,559.4,405.6,330.9,504.8,440.0,2,C
210059265389,2,F,1,0,1.0,0,Belford Roxo,557.0,616.1,605.9,696.6,820.0,2,D
210059691536,2,F,1,0,1.0,0,Belford Roxo,416.6,580.9,510.5,480.3,540.0,2,F
210059293622,2,F,3,0,1.0,0,Niterói,551.1,631.3,589.0,730.6,920.0,3,H
210058727960,2,F,1,0,1.0,0,Maricá,494.8,557.8,550.6,515.7,940.0,4,I
210059293611,3,M,2,0,1.0,0,Belford Roxo,409.1,397.1,384.5,451.7,320.0,4,E
210059252247,2,M,1,0,1.0,0,São João de Meriti,703.7,655.9,721.5,819.9,800.0,3,D
210060753568,1,M,1,0,1.0,0,Duque de Caxias,503.1,579.0,579.4,546.2,840.0,3,J
210059409339,3,F,2,0,1.0,0,Niterói,569.6,321.1,546.7,546.5,600.0,3,B
210060712845,3,F,1,0,1.0,0,Niterói,605.0,614.4,601.9,687.9,960.0,3,H
210059450563,2,F,1,0,1.0,0,Nova Iguaçu,574.6,563.7,570.8,582.1,820.0,3,B
210061373966,3,F,1,0,1.0,0,Duque de Caxias,590.5,617.8,661.5,568.3,580.0,3,E
210058109823,2,F,1,0,1.0,0,Duque de Caxias,494.6,573.4,590.4,439.9,600.0,3,E
210059317636,1,F,1,0,1.0,0,Duque de Caxias,530.0,602.6,545.1,574.8,880.0,3,D
210059304537,3,F,2,0,1.0,0,Duque de Caxias,436.6,529.2,536.8,471.7,740.0,6,B
210058089383,3,M,2,0,2.0,0,Nova Iguaçu,440.3,440.5,422.8,446.7,620.0,2,A
210059263355,2,F,1,0,1.0,0,Belford Roxo,452.0,526.0,489.0,642.9,600.0,2,C
210061383841,3,M,0,0,1.0,0,Duque de Caxias,532.9,666.0,568.4,590.6,760.0,2,D
210059503854,2,F,3,0,1.0,0,Niterói,454.3,437.2,351.0,547.2,880.0,6,B
210060722711,2,M,3,0,1.0,0,Maricá,615.3,600.2,592.9,681.0,920.0,4,G
210060123886,2,M,1,0,1.0,0,Duque de Caxias,531.2,606.9,624.8,684.1,500.0,3,D
210059129460,2,F,2,0,1.0,0,São João de Meriti,568.9,543.5,595.1,691.9,840.0,4,L
210058204360,3,F,1,0,1.0,0,Niterói,436.3,497.8,545.6,510.8,860.0,4,Q
210060293997,2,F,1,0,1.0,0,Maricá,427.9,550.5,562.9,487.3,860.0,5,M
210058109848,2,F,1,0,1.0,0,Nova Iguaçu,498.2,499.9,479.2,507.5,360.0,4,B
210060293956,3,F,1,0,1.0,0,Niterói,542.8,611.7,563.1,723.8,960.0,4,Q
210060206304,2,F,3,0,1.0,0,São João de Meriti,447.9,576.3,554.7,446.4,880.0,2,B
210058109869,2,F,3,0,1.0,0,Niterói,556.8,569.5,567.1,597.6,760.0,5,B
210058214157,2,F,1,0,1.0,0,Niterói,472.6,581.6,546.6,609.7,840.0,5,G
210059538623,3,F,3,0,1.0,0,Nilópolis,483.8,507.9,508.5,414.3,420.0,3,C
210058435929,3,F,2,0,1.0,0,Maricá,440.2,482.1,498.5,461.8,820.0,5,B
210059139992,3,M,2,0,1.0,0,Nova Iguaçu,567.2,609.9,575.9,568.3,720.0,5,C
210059064558,2,F,1,0,1.0,0,Duque de Caxias,567.2,587.0,546.9,504.1,780.0,4,C
210058798973,2,F,1,0,1.0,0,Duque de Caxias,592.5,597.6,609.0,637.2,660.0,4,D
210061435660,2,F,3,0,1.0,0,Duque de Caxias,582.5,604.5,562.1,753.3,940.0,4,F
210059064559,2,F,3,0,1.0,0,São João de Meriti,414.1,538.8,594.9,568.1,780.0,4,D
210060485590,3,M,1,0,1.0,0,Duque de Caxias,526.1,579.1,547.4,436.5,640.0,2,B
210058445425,2,F,1,0,1.0,0,Nova Iguaçu,500.7,742.1,598.5,625.9,840.0,3,D
210060774657,3,M,3,0,1.0,0,São João de Meriti,566.7,533.2,536.9,420.9,620.0,4,B
210058463033,3,F,3,0,1.0,0,Nova Iguaçu,453.5,411.0,449.1,483.7,400.0,1,A
210060239918,5,M,1,0,1.0,0,São João de Meriti,523.5,465.7,490.6,460.6,480.0,4,G
210060474967,2,F,1,0,1.0,0,São João de Meriti,549.1,515.7,599.5,528.7,740.0,3,G
210059181043,3,F,3,0,1.0,0,Maricá,544.5,647.9,650.0,616.9,760.0,3,G
210058481995,4,F,1,0,1.0,0,Duque de Caxias,452.3,535.9,473.9,480.4,360.0,5,B
210058959186,2,F,1,0,1.0,0,Niterói,436.4,488.9,476.6,432.8,880.0,4,A
210059209115,4,F,1,0,1.0,0,Belford Roxo,536.8,530.2,558.3,454.7,640.0,2,B
210059368093,2,M,1,0,1.0,0,Nova Iguaçu,482.5,367.0,531.8,373.6,560.0,7,C
210058959194,2,M,3,0,1.0,0,Duque de Caxias,530.4,609.8,596.2,654.8,700.0,3,I
210059368074,3,F,1,0,1.0,0,Nova Iguaçu,444.6,482.3,547.6,508.2,740.0,4,E
210058137907,2,M,1,0,1.0,0,Nova Iguaçu,394.3,382.4,456.0,370.8,440.0,3,C
210059447605,2,F,1,0,1.0,0,Belford Roxo,373.7,462.8,416.6,395.5,440.0,3,B
210060057075,2,F,3,0,1.0,0,Duque de Caxias,543.5,569.6,471.0,591.0,960.0,5,B
210058472501,2,F,1,0,1.0,0,Belford Roxo,449.5,475.8,565.4,522.0,580.0,3,B
210060043948,3,F,1,0,1.0,0,Niterói,525.0,336.0,521.9,634.4,600.0,2,G
210058499748,2,F,3,0,1.0,0,Nilópolis,623.2,685.0,671.0,692.4,960.0,4,D
210059449542,3,F,1,0,1.0,0,Maricá,533.8,530.8,523.9,564.8,660.0,3,D
210059497456,2,F,1,0,1.0,0,Niterói,712.7,714.0,682.4,856.7,800.0,4,P
210059596350,4,M,2,0,1.0,0,São João de Meriti,523.0,553.4,516.5,496.1,860.0,6,F
210059349911,3,M,3,0,1.0,0,Duque de Caxias,493.0,355.8,322.0,402.5,460.0,5,C
210058571219,4,F,2,0,1.0,0,Nova Iguaçu,454.0,501.9,541.0,363.2,440.0,2,B
210060311806,3,M,3,0,1.0,0,Maricá,661.8,666.3,568.3,812.5,900.0,3,J
210059182916,2,F,1,0,1.0,0,Niterói,516.4,472.3,526.4,709.7,900.0,3,N
210058578541,3,F,0,0,1.0,0,Maricá,601.3,617.3,568.7,701.1,900.0,3,G
210058679325,3,F,1,0,1.0,0,Duque de Caxias,482.5,544.3,554.2,663.0,820.0,3,G
210060257496,3,M,2,0,1.0,0,Nilópolis,504.0,420.0,546.1,448.5,500.0,4,C
210060309201,2,M,1,0,1.0,0,Nova Iguaçu,606.4,633.7,626.5,608.5,640.0,3,C
210059381524,3,M,1,0,1.0,0,Niterói,423.3,523.3,489.1,616.0,680.0,4,K
210059435807,2,M,1,0,1.0,0,Nova Iguaçu,538.5,635.4,576.7,651.1,720.0,4,D
210058571248,3,F,1,0,1.0,0,Duque de Caxias,367.1,526.0,503.8,410.5,560.0,3,D
210060445076,2,F,1,0,1.0,0,Niterói,404.4,518.5,498.4,546.2,580.0,4,C
210061084863,4,F,3,0,1.0,0,Nilópolis,475.1,514.0,520.9,601.0,540.0,4,A
210060456443,2,F,1,0,1.0,0,Duque de Caxias,509.0,561.6,582.4,594.2,880.0,3,D
210058679332,3,M,1,0,1.0,0,Niterói,549.7,594.8,518.7,704.7,840.0,5,D
210060456423,3,F,2,0,1.0,0,São João de Meriti,542.2,604.0,624.5,549.1,780.0,4,C
210059758886,3,F,2,0,1.0,0,Nilópolis,463.0,458.3,477.4,421.9,500.0,2,A
210058689737,4,F,1,0,1.0,0,Belford Roxo,460.9,555.6,506.8,369.5,640.0,3,C
210060851572,3,M,2,0,1.0,0,Belford Roxo,475.6,530.4,500.9,387.0,640.0,3,D
210060323567,3,F,1,0,1.0,0,Maricá,472.9,442.8,417.6,454.6,940.0,5,F
210060323569,2,F,3,0,1.0,0,Nova Iguaçu,371.5,418.6,488.8,481.8,720.0,4,E
210060830582,3,F,1,0,1.0,0,Niterói,661.6,671.8,651.1,782.8,940.0,3,Q
210060508740,4,F,1,0,1.0,0,Niterói,607.2,570.0,540.3,598.2,920.0,3,G
210059650416,3,F,2,0,1.0,0,Duque de Caxias,448.7,577.9,556.5,529.4,540.0,2,F
210060498146,2,F,2,0,1.0,0,Belford Roxo,575.6,556.7,523.3,474.3,820.0,4,D
210059237244,3,F,2,0,1.0,0,Duque de Caxias,480.3,474.5,486.7,475.4,500.0,4,B
210058612604,4,F,1,0,1.0,0,Niterói,513.5,548.2,620.4,626.3,760.0,4,Q
210060384501,3,M,2,0,1.0,0,Nilópolis,535.4,353.4,364.0,475.0,380.0,4,B
210059308700,4,M,3,0,1.0,0,Belford Roxo,442.3,468.6,500.0,484.9,320.0,2,B
210060333223,2,F,3,0,1.0,0,Niterói,468.5,520.7,545.7,587.0,640.0,5,C
210060240108,2,F,3,0,1.0,0,Niterói,503.4,642.9,605.0,575.0,900.0,5,H
210059373885,2,F,1,0,1.0,0,Belford Roxo,452.6,527.2,451.4,490.5,820.0,3,B
210058628600,3,F,3,0,1.0,0,Niterói,435.1,589.6,469.6,458.1,840.0,4,G
210060281147,3,M,1,0,1.0,0,Maricá,507.2,414.4,460.0,516.1,540.0,4,G
210060601376,2,F,3,0,1.0,0,Belford Roxo,513.6,523.4,538.0,409.8,400.0,4,D
210059381456,4,M,1,0,1.0,0,Maricá,492.1,408.2,541.4,403.1,720.0,4,B
210060242430,2,F,3,0,1.0,0,Duque de Caxias,455.7,572.9,603.6,509.4,480.0,3,G
210059349875,2,M,1,0,1.0,0,São João de Meriti,490.6,576.0,564.4,581.1,480.0,3,B
210060963852,2,F,3,0,1.0,0,Duque de Caxias,513.5,577.4,557.5,358.2,580.0,5,B
210059745719,2,F,1,0,1.0,0,Duque de Caxias,489.5,418.5,397.3,535.9,480.0,4,C
210060611253,4,F,3,0,1.0,0,São João de Meriti,428.9,500.0,458.4,405.7,400.0,3,B
210058727993,2,F,3,0,1.0,0,Nova Iguaçu,337.2,493.3,390.7,431.4,560.0,5,A
210059581262,3,F,3,0,1.0,0,Nova Iguaçu,485.8,504.1,422.9,440.5,680.0,4,B
210058287202,4,M,1,0,1.0,0,Nilópolis,446.2,539.9,538.7,537.9,440.0,4,C
210060165182,2,F,2,0,1.0,0,Nova Iguaçu,460.6,530.6,537.5,444.3,580.0,5,E
210059090473,4,F,3,0,1.0,0,Belford Roxo,561.7,520.5,544.6,496.2,360.0,2,B
210059129527,2,F,1,0,1.0,0,Duque de Caxias,417.1,493.5,303.5,556.0,880.0,4,C
210058153637,3,F,3,0,1.0,0,Nova Iguaçu,439.4,522.0,530.2,575.5,840.0,4,B
210059077530,3,M,1,0,1.0,0,Nilópolis,528.2,594.4,570.2,547.3,620.0,2,C
210059090494,4,M,2,0,1.0,0,Maricá,481.6,389.7,461.8,575.2,500.0,6,F
210059491859,2,M,2,0,2.0,0,Nova Iguaçu,529.2,493.6,518.2,398.7,540.0,3,F
210058287208,2,F,2,0,1.0,0,São João de Meriti,481.1,581.8,580.5,582.5,940.0,6,C
210059380290,3,F,3,0,1.0,0,Nilópolis,454.5,505.2,516.5,459.8,500.0,3,B
210060123940,3,F,2,0,1.0,0,Niterói,458.3,531.7,571.2,413.8,640.0,6,J
210060753618,2,F,2,0,1.0,0,Nova Iguaçu,352.2,574.9,561.0,364.4,640.0,5,B
210058153687,4,F,1,0,1.0,0,Nova Iguaçu,505.6,526.8,527.0,520.2,920.0,7,B
210059519954,2,M,3,0,1.0,0,Nilópolis,472.1,597.0,616.7,629.5,600.0,2,E
210060123946,3,F,3,0,1.0,0,Nilópolis,435.6,502.3,428.6,420.6,560.0,3,K
210059428216,2,M,3,0,1.0,0,São João de Meriti,588.8,557.9,477.7,738.3,600.0,3,B
210058540035,2,M,1,0,1.0,0,Duque de Caxias,434.9,533.8,561.7,531.4,800.0,2,C
210061023771,4,F,3,0,1.0,0,Nova Iguaçu,392.0,354.8,451.5,385.1,340.0,4,A
210061034245,2,F,0,0,1.0,0,Nova Iguaçu,602.5,615.0,560.5,581.3,760.0,3,D
210059704733,2,M,1,0,1.0,0,Duque de Caxias,436.2,403.4,463.7,462.1,520.0,5,F
210058254665,3,F,3,0,1.0,0,Belford Roxo,484.8,593.5,542.5,505.8,720.0,4,B
210059181078,3,F,1,0,1.0,0,Niterói,477.6,597.4,604.1,612.4,800.0,6,M
210058138074,3,F,2,0,1.0,0,Niterói,419.9,512.4,480.9,363.6,600.0,3,A
210061455400,2,F,3,0,1.0,0,Nova Iguaçu,398.3,443.1,532.4,530.4,520.0,3,B
210060333344,3,F,1,0,1.0,0,Niterói,578.5,564.2,552.2,696.8,920.0,5,K
210059116320,2,F,3,0,1.0,0,Nova Iguaçu,537.5,429.0,548.4,498.6,620.0,4,B
210059450942,3,F,3,0,1.0,0,Duque de Caxias,550.0,517.9,551.4,567.8,660.0,4,G
210060555293,3,M,2,0,1.0,0,Belford Roxo,434.4,569.9,529.2,412.1,680.0,4,B
210059168051,3,F,3,0,1.0,0,Duque de Caxias,405.5,401.0,411.8,385.6,260.0,2,C
210061312157,4,F,3,0,1.0,0,Niterói,372.5,322.2,509.7,370.4,600.0,2,A
210059421501,3,F,3,0,1.0,0,Nova Iguaçu,414.4,494.8,528.1,477.8,580.0,5,B
210061322001,3,F,3,0,1.0,0,Belford Roxo,395.8,466.1,444.8,465.4,480.0,3,E
210059477070,2,F,1,0,1.0,0,Nova Iguaçu,541.5,605.4,606.9,634.9,820.0,4,G
210058287106,3,F,3,0,1.0,0,Duque de Caxias,412.3,485.0,492.5,477.8,800.0,2,G
210059422520,3,F,2,0,1.0,0,Belford Roxo,475.5,622.9,559.2,598.0,920.0,3,B
210058109924,3,F,1,0,1.0,0,Niterói,548.1,644.7,545.9,623.6,840.0,5,I
210059574304,4,F,2,0,1.0,0,Belford Roxo,531.4,564.3,481.9,486.1,560.0,4,D
210058518831,2,F,3,0,1.0,0,Niterói,485.6,551.0,583.6,573.8,680.0,2,H
210060070246,3,F,3,0,1.0,0,Maricá,406.4,486.2,482.8,411.8,500.0,2,B
210058285569,2,F,1,0,1.0,0,Niterói,472.1,467.9,498.5,427.4,660.0,4,B
210058109951,3,F,3,0,1.0,0,Nova Iguaçu,393.2,501.2,483.4,540.2,640.0,5,D
210061352918,3,F,2,0,1.0,0,Duque de Caxias,456.7,473.3,512.6,420.5,760.0,3,B
210058509345,3,F,2,0,1.0,0,Nova Iguaçu,327.3,545.2,497.2,509.2,800.0,3,B
210061105882,3,M,1,0,1.0,0,Belford Roxo,530.3,465.7,535.9,522.6,600.0,3,D
210059265493,3,F,3,0,1.0,0,Nova Iguaçu,427.7,474.3,564.0,414.8,520.0,4,D
210059196015,3,F,2,0,1.0,0,Duque de Caxias,402.4,471.8,442.9,471.3,600.0,2,B
210060321635,2,M,3,0,1.0,0,São João de Meriti,348.3,380.0,370.9,447.6,280.0,4,B
210059196018,3,M,1,0,1.0,0,Niterói,483.2,511.0,560.6,528.5,720.0,3,G
210059663602,4,F,2,0,1.0,0,Duque de Caxias,441.0,499.9,414.9,404.7,540.0,3,B
210059265477,2,M,1,0,1.0,0,Nova Iguaçu,489.1,598.1,592.3,564.2,780.0,4,C
210058700944,2,F,1,0,1.0,0,Niterói,575.5,663.3,646.5,719.2,920.0,3,F
210059239274,4,F,2,0,1.0,0,Maricá,564.2,606.4,534.2,410.1,660.0,8,B
210060983088,3,F,3,0,1.0,0,Nova Iguaçu,501.1,543.0,497.9,539.8,620.0,4,G
210059402037,3,F,2,0,1.0,0,Nova Iguaçu,422.9,564.4,541.1,552.5,620.0,3,C
210059368511,5,M,1,0,1.0,0,Nova Iguaçu,403.9,555.3,532.1,429.6,840.0,2,B
210060531983,2,F,3,0,1.0,0,Belford Roxo,455.2,423.9,578.5,488.0,660.0,5,B
210059518258,3,F,1,0,1.0,0,Duque de Caxias,518.7,602.3,559.4,498.3,780.0,3,H
210061322320,2,F,4,0,1.0,0,Niterói,412.9,494.3,499.0,406.1,620.0,5,C
210059383298,8,F,3,0,1.0,0,Niterói,474.8,420.9,368.7,430.4,240.0,4,A
210058111655,3,F,3,0,1.0,0,Maricá,528.5,521.5,570.7,662.8,840.0,2,L
210060057251,3,M,3,0,1.0,0,Nova Iguaçu,475.8,511.9,536.3,557.7,600.0,3,C
210061436009,3,M,2,0,1.0,0,São João de Meriti,441.7,471.7,449.2,526.7,620.0,4,I
210058482141,3,F,1,0,1.0,0,Maricá,443.8,631.4,559.5,491.5,740.0,7,B
210059449703,3,F,1,0,1.0,0,Niterói,422.8,522.8,524.5,520.5,620.0,4,D
210061333478,3,F,1,0,1.0,0,Duque de Caxias,406.1,406.3,484.4,418.5,660.0,6,D
210061312485,4,M,2,0,1.0,0,Belford Roxo,459.7,516.2,542.8,622.4,740.0,3,E
210061353242,2,F,1,0,1.0,0,Duque de Caxias,540.8,571.6,592.7,694.1,920.0,3,B
210059545146,4,F,3,0,1.0,0,Nova Iguaçu,429.6,494.5,534.9,428.4,460.0,4,D
210058204444,2,F,2,0,1.0,0,Nova Iguaçu,485.5,505.9,508.8,517.6,900.0,4,D
210058805604,3,M,3,0,1.0,0,Niterói,479.6,598.3,598.8,391.0,600.0,3,C
210058999978,2,F,3,0,1.0,0,Maricá,552.3,574.7,630.8,380.4,780.0,3,A
210058266039,3,F,3,0,1.0,0,Nova Iguaçu,425.9,437.1,529.7,386.9,820.0,5,E
210058805629,3,F,3,0,1.0,0,Nova Iguaçu,481.8,515.4,466.8,631.5,540.0,4,D
210059532070,3,F,1,0,1.0,0,Niterói,508.5,454.1,462.0,662.3,920.0,4,G
210060691816,3,M,3,0,1.0,0,Niterói,502.2,578.3,612.2,662.3,560.0,4,D
210059503963,3,M,1,0,1.0,0,Duque de Caxias,497.7,507.1,527.0,614.7,840.0,2,D
210059291542,2,F,2,0,1.0,0,Niterói,441.6,457.0,441.6,417.9,540.0,3,C
210059038795,3,M,2,0,1.0,0,Nilópolis,330.7,479.7,442.8,396.0,760.0,4,C
210061435930,3,F,2,0,1.0,0,Niterói,504.7,569.7,550.0,562.6,700.0,3,B
210058400957,4,F,3,0,1.0,0,Duque de Caxias,389.0,403.6,435.8,391.6,480.0,5,C
210058972128,3,M,2,0,1.0,0,Belford Roxo,475.0,493.9,505.0,454.2,500.0,5,B
210058518909,2,F,2,0,1.0,0,Nova Iguaçu,542.3,598.2,603.7,589.2,820.0,3,F
210059409450,4,F,1,0,1.0,0,Niterói,505.6,498.1,589.0,627.6,840.0,6,N
210058121709,3,M,3,0,1.0,0,Belford Roxo,542.9,580.6,597.1,661.2,740.0,3,B
210059051719,2,F,1,0,1.0,0,Nova Iguaçu,526.6,592.1,583.4,443.2,860.0,4,C
210058805678,2,F,3,0,1.0,0,Duque de Caxias,491.9,526.1,557.3,524.6,740.0,3,A
210060206406,2,M,1,0,1.0,0,Belford Roxo,470.2,541.9,506.0,678.6,540.0,3,C
210061395276,3,F,1,0,1.0,0,Nova Iguaçu,428.0,468.0,522.3,487.3,680.0,2,E
210058811973,3,F,3,0,1.0,0,São João de Meriti,444.1,527.2,539.4,511.8,440.0,4,E
210058418472,4,M,1,0,1.0,0,Duque de Caxias,332.9,469.0,519.6,370.7,520.0,5,B
210060764868,2,M,2,0,1.0,0,Nova Iguaçu,459.4,458.2,477.3,431.5,560.0,3,B
210060152141,2,M,3,0,1.0,0,Niterói,433.1,440.1,511.0,436.8,500.0,4,B
210058275680,2,M,1,0,1.0,0,Maricá,435.6,527.1,518.9,525.7,880.0,3,G
210058275811,2,F,3,0,1.0,0,São João de Meriti,407.6,404.3,406.8,367.0,520.0,3,B
210058806330,3,M,2,0,2.0,0,Belford Roxo,559.7,535.2,534.2,433.0,840.0,2,B
210060165206,3,F,3,0,1.0,0,Duque de Caxias,574.0,561.8,542.1,611.4,860.0,4,F
210059380368,2,M,1,0,1.0,0,São João de Meriti,323.3,513.3,488.4,357.2,600.0,3,E
210059209273,3,F,1,0,1.0,0,Niterói,554.1,581.9,621.3,711.4,920.0,5,G
210058491596,3,M,3,0,1.0,0,Duque de Caxias,433.6,468.3,514.3,658.9,620.0,4,D
210061456877,11,M,2,0,1.0,0,Niterói,411.6,547.6,573.1,410.3,360.0,1,B
210059393413,2,F,3,0,1.0,0,São João de Meriti,417.4,345.3,431.9,413.7,520.0,3,B
210060234490,4,M,1,0,1.0,0,Duque de Caxias,578.7,619.8,574.9,625.6,700.0,4,E
210058499854,2,F,3,0,1.0,0,Duque de Caxias,561.6,613.4,586.2,615.6,560.0,4,B
210061466781,2,F,1,0,1.0,0,São João de Meriti,551.6,645.0,598.0,661.6,640.0,4,B
210060057208,4,F,2,0,1.0,0,Niterói,455.0,459.0,472.0,492.3,580.0,2,A
210061405031,3,F,4,0,1.0,0,Duque de Caxias,431.7,500.7,437.0,421.2,560.0,6,C
210061414857,8,M,1,0,1.0,0,Belford Roxo,458.0,449.5,428.7,333.3,400.0,3,B
210061034297,2,F,3,0,1.0,0,Duque de Caxias,378.7,522.6,516.4,452.2,780.0,3,B
210058557341,3,F,1,0,1.0,0,Nova Iguaçu,332.6,473.7,467.7,366.9,740.0,5,B
210060589868,3,F,1,0,1.0,0,Duque de Caxias,384.9,428.8,487.1,396.2,600.0,5,E
210059497572,1,F,2,0,1.0,0,Duque de Caxias,493.7,503.6,502.8,529.3,620.0,4,G
210060589890,3,F,3,0,1.0,0,Nova Iguaçu,527.2,552.8,500.0,379.4,540.0,3,B
210060456523,3,M,1,0,1.0,0,Niterói,651.7,673.8,662.7,765.7,940.0,3,O
210061065203,3,F,1,0,1.0,0,Maricá,518.3,546.0,536.9,523.2,720.0,3,C
210061034323,2,F,3,0,1.0,0,Nova Iguaçu,582.1,528.5,565.7,651.0,800.0,4,B
210059484508,3,F,1,0,1.0,0,Maricá,625.7,656.5,680.1,727.9,960.0,4,D
210059745912,5,M,2,0,1.0,0,Duque de Caxias,522.9,522.0,479.8,398.7,520.0,2,B
210061065205,2,M,1,0,1.0,0,Niterói,560.9,577.6,563.8,589.6,760.0,4,O
210059471432,3,F,3,0,1.0,0,Niterói,516.1,613.2,506.1,370.9,760.0,2,B
210060242578,3,F,3,0,1.0,0,Duque de Caxias,415.2,427.2,421.4,498.1,520.0,3,B
210061044134,3,F,1,0,1.0,0,Maricá,485.8,486.6,523.6,490.9,380.0,4,D
210059321869,2,M,1,0,1.0,0,Niterói,632.8,609.8,594.9,718.2,760.0,3,P
210060427706,2,F,3,0,1.0,0,Nova Iguaçu,443.6,470.3,528.7,377.2,520.0,3,C
210058578602,2,F,1,0,1.0,0,Nova Iguaçu,454.7,555.5,573.5,566.2,640.0,3,B
210059464065,3,F,3,0,1.0,0,São João de Meriti,463.8,535.2,552.3,470.4,620.0,4,C
210059182962,3,F,2,0,1.0,0,Niterói,513.6,567.3,687.7,506.1,620.0,2,C
210058604041,3,F,3,0,1.0,0,Niterói,525.2,586.0,585.0,435.7,560.0,3,B
210059505263,2,M,3,0,1.0,0,São João de Meriti,335.4,473.1,437.3,456.3,440.0,4,A
210060323682,3,F,1,0,1.0,0,Nova Iguaçu,550.3,594.4,573.4,483.4,640.0,5,B
210059637484,3,M,3,0,1.0,0,Nova Iguaçu,376.8,427.6,409.0,373.1,300.0,4,A
210059581378,3,F,1,0,1.0,0,Duque de Caxias,482.0,507.1,492.9,512.2,840.0,5,D
210058679395,4,F,1,0,1.0,0,Nova Iguaçu,362.0,480.1,494.2,415.1,760.0,3,D
210059622496,2,F,3,0,1.0,0,Duque de Caxias,416.6,560.6,577.7,371.7,700.0,4,B
210059196065,3,F,1,0,1.0,0,Maricá,590.1,592.5,582.1,688.3,900.0,3,B
210060498250,2,F,1,0,1.0,0,Nova Iguaçu,437.4,563.7,551.2,544.4,800.0,3,B
210059327442,3,F,3,0,1.0,0,Nova Iguaçu,506.1,486.7,529.3,469.3,400.0,2,B
210060309302,3,F,1,0,1.0,0,Niterói,673.0,636.2,541.7,792.1,980.0,4,K
210060345823,2,M,1,0,1.0,0,Niterói,604.8,676.4,597.2,654.5,720.0,4,P
210059169833,2,F,1,0,1.0,0,Duque de Caxias,450.0,417.3,487.7,500.3,600.0,4,D
210059609488,2,M,1,0,1.0,0,Duque de Caxias,436.3,346.9,530.3,592.6,360.0,3,C
210060345802,7,M,3,0,1.0,0,Niterói,477.2,553.6,481.1,550.9,960.0,4,F
210060445166,2,F,1,0,1.0,0,Nilópolis,493.1,550.8,548.5,430.4,920.0,5,B
210060296240,3,M,1,0,1.0,0,Maricá,556.9,566.8,586.9,700.8,620.0,4,G
210059340489,4,M,2,0,1.0,0,Nova Iguaçu,552.8,593.7,606.8,694.7,920.0,3,B
210060992971,3,F,1,0,1.0,0,Niterói,603.2,710.3,637.8,739.0,920.0,5,D
210058716874,3,F,2,0,1.0,0,Belford Roxo,441.3,516.4,517.0,580.6,660.0,4,B
210059719766,3,F,2,0,1.0,0,Niterói,587.5,590.3,584.0,616.2,900.0,4,D
210060347890,3,F,1,0,1.0,0,Niterói,546.5,619.0,592.9,569.4,920.0,2,H
210060242195,3,F,3,0,1.0,0,São João de Meriti,469.2,517.0,470.5,482.0,620.0,4,C
210060598052,2,F,3,0,1.0,0,Duque de Caxias,465.4,463.7,467.3,492.7,840.0,4,C
210061065124,2,F,1,0,1.0,0,Nova Iguaçu,546.1,611.8,609.0,683.2,840.0,5,P
210059504021,2,M,3,0,1.0,0,Niterói,601.6,623.3,555.1,611.2,500.0,5,F
210060427661,3,F,3,0,1.0,0,São João de Meriti,463.2,401.7,456.0,506.2,360.0,5,C
210058657430,3,F,3,0,1.0,0,Belford Roxo,388.3,464.8,497.9,461.7,600.0,4,D
210061065127,2,F,2,0,1.0,0,Nova Iguaçu,551.8,643.2,569.4,610.2,800.0,4,C
210060418281,3,F,2,0,1.0,0,Nova Iguaçu,467.4,514.0,472.0,455.8,740.0,3,D
210060257550,2,M,3,0,1.0,0,Nova Iguaçu,434.2,489.1,526.1,560.2,720.0,5,B
210059321814,4,F,3,0,1.0,0,Duque de Caxias,611.8,554.4,586.3,561.1,940.0,3,D
210059519051,2,F,3,0,1.0,0,Niterói,527.8,618.5,491.5,573.7,900.0,4,J
210059786965,3,F,4,0,1.0,0,Nova Iguaçu,576.9,586.8,598.3,709.3,880.0,4,J
210058235182,2,M,3,0,1.0,0,Nova Iguaçu,626.6,570.3,602.0,684.9,720.0,4,B
210058597497,3,F,1,0,1.0,0,Maricá,532.9,585.6,536.8,533.9,700.0,3,D
210059198114,4,F,1,0,1.0,0,Niterói,527.2,591.0,527.9,589.3,680.0,6,B
210060348000,3,F,1,0,1.0,0,Duque de Caxias,604.9,659.8,683.3,766.8,940.0,5,O
210059304679,3,F,2,0,1.0,0,São João de Meriti,445.0,621.9,581.8,483.7,700.0,3,H
210058684742,2,F,1,0,1.0,0,Nova Iguaçu,484.7,506.6,462.1,480.5,540.0,2,B
210059360994,2,F,3,0,1.0,0,Nova Iguaçu,425.5,374.4,492.6,481.1,680.0,2,C
210059465766,2,F,1,0,1.0,0,Maricá,540.7,600.9,591.0,482.4,840.0,2,D
210059451087,2,F,2,0,1.0,0,Niterói,591.7,617.9,620.1,731.8,860.0,4,G
210058306449,3,F,1,0,1.0,0,Maricá,570.7,578.7,577.9,587.7,680.0,4,D
210059491951,2,F,2,0,1.0,0,Nilópolis,481.7,606.1,526.5,484.5,920.0,3,B
210060325717,4,F,3,0,1.0,0,Duque de Caxias,465.6,452.3,482.2,345.1,640.0,5,B
210059224373,2,F,1,0,1.0,0,Nova Iguaçu,507.0,502.6,481.2,436.0,360.0,3,C
210061136903,2,F,3,0,1.0,0,Nova Iguaçu,531.7,543.3,484.4,584.1,600.0,3,B
210059361001,3,F,1,0,1.0,0,Niterói,581.0,679.6,542.7,615.2,860.0,3,B
210059038837,3,M,1,0,1.0,0,Niterói,695.0,634.5,604.5,781.2,940.0,5,Q
210059304710,2,F,1,0,1.0,0,Niterói,627.9,656.6,598.0,675.0,920.0,4,Q
210061445897,2,M,1,0,1.0,0,Nilópolis,634.6,533.1,614.1,768.6,680.0,6,C
210058549452,3,M,3,0,1.0,0,Nova Iguaçu,360.6,455.3,536.1,404.6,640.0,2,C
210058711594,3,M,3,0,1.0,0,Niterói,537.7,554.0,432.4,595.0,800.0,3,G
210059389082,3,F,3,0,1.0,0,Nilópolis,570.4,496.9,487.0,483.5,560.0,3,C
210059704804,2,F,1,0,1.0,0,Niterói,595.5,649.6,623.3,716.6,800.0,4,G
210059704805,3,F,1,0,1.0,0,Niterói,587.3,657.3,618.4,674.0,920.0,3,H
210059745965,2,M,3,0,1.0,0,Nilópolis,449.7,528.8,503.4,496.0,560.0,2,A
210058644150,3,F,3,0,1.0,0,Belford Roxo,511.4,536.0,576.5,450.5,700.0,5,C
210058557390,3,F,3,0,1.0,0,Nova Iguaçu,483.6,440.6,469.3,547.7,840.0,2,B
210059402158,2,M,2,0,1.0,0,São João de Meriti,487.4,534.1,510.4,461.7,720.0,4,M
210058557391,2,F,1,0,1.0,0,Duque de Caxias,438.1,452.2,442.8,438.7,460.0,3,C
210061023851,3,F,3,0,1.0,0,Duque de Caxias,475.0,533.4,509.3,712.4,880.0,2,F
210060590375,2,F,1,0,1.0,0,Duque de Caxias,481.3,559.0,498.6,424.4,720.0,2,C
210059415268,3,F,2,0,1.0,0,Duque de Caxias,390.4,466.9,475.6,361.0,460.0,5,B
210059267515,2,F,1,0,1.0,0,Nilópolis,470.5,585.4,542.9,622.9,800.0,4,A
210059327898,2,F,1,0,1.0,0,Niterói,503.4,616.3,539.6,557.1,600.0,5,G
210060544679,3,F,1,0,1.0,0,Duque de Caxias,463.9,469.0,527.9,492.3,640.0,4,E
210060410263,3,F,3,0,1.0,0,Maricá,462.4,530.0,537.6,635.4,340.0,3,C
210059308851,2,F,2,0,1.0,0,Duque de Caxias,519.5,525.4,470.4,524.5,600.0,3,B
210059443361,2,M,3,0,1.0,0,Maricá,604.9,622.8,589.6,827.3,800.0,4,K
210060381779,1,F,4,0,1.0,0,Belford Roxo,497.5,498.5,507.3,388.4,600.0,4,L
210059774016,3,F,3,0,1.0,0,Maricá,473.0,562.8,514.3,543.5,780.0,3,G
210060369218,2,F,3,0,1.0,0,Nova Iguaçu,606.7,568.3,587.2,541.9,640.0,4,G
210060381763,2,F,3,0,1.0,0,Nova Iguaçu,542.2,558.2,484.2,629.2,740.0,3,K
210061106015,3,M,2,0,1.0,0,Belford Roxo,396.7,514.1,492.7,531.9,560.0,5,C
210059437972,3,M,2,0,1.0,0,Niterói,470.5,543.6,528.5,425.5,580.0,5,C
210061085028,5,F,3,0,1.0,0,São João de Meriti,504.8,572.4,545.6,397.2,640.0,1,A
210058565342,2,F,2,0,1.0,0,Duque de Caxias,433.7,451.8,480.3,520.8,620.0,6,E
210060437143,2,F,3,0,1.0,0,Nova Iguaçu,415.7,472.0,470.4,474.9,720.0,4,E
210060323716,4,F,3,0,1.0,0,Belford Roxo,429.3,520.2,450.7,474.8,640.0,6,A
210059183021,2,M,2,0,1.0,0,Nova Iguaçu,509.9,609.9,602.7,622.5,860.0,5,B
210060359772,2,M,1,0,1.0,0,Nilópolis,546.6,595.8,582.3,635.5,720.0,4,I
210059332854,2,M,3,0,1.0,0,Nilópolis,635.0,645.6,622.1,774.0,800.0,4,C
210059345890,4,M,2,0,1.0,0,Nilópolis,462.0,442.8,476.2,446.5,640.0,3,C
210059381790,2,F,3,0,1.0,0,Belford Roxo,553.8,593.6,595.4,640.9,720.0,5,B
210061115781,3,F,1,0,1.0,0,Nova Iguaçu,401.9,458.5,441.2,527.5,600.0,5,E
210058597427,3,M,1,0,1.0,0,Nova Iguaçu,490.3,529.5,502.8,600.6,660.0,5,D
210061126969,2,F,3,0,1.0,0,Nova Iguaçu,564.8,596.5,592.1,539.4,780.0,3,B
210058584704,2,F,3,0,1.0,0,São João de Meriti,488.4,510.0,563.7,647.3,640.0,5,C
210060599559,3,F,2,0,1.0,0,Duque de Caxias,460.0,524.8,571.3,606.6,580.0,6,D
210058679458,4,F,1,0,1.0,0,Nova Iguaçu,537.0,605.3,594.6,530.9,420.0,5,D
210059622540,3,F,3,0,1.0,0,Nova Iguaçu,462.7,371.2,408.7,360.8,360.0,6,B
210061084991,2,F,1,0,1.0,0,Duque de Caxias,583.5,633.8,574.5,638.5,720.0,4,G
210059609490,2,M,3,0,1.0,0,Nova Iguaçu,450.7,538.8,505.4,617.3,560.0,4,D
210059252454,3,F,3,0,1.0,0,Duque de Caxias,432.7,487.9,496.6,496.0,920.0,4,F
210060599705,2,F,3,0,1.0,0,Maricá,389.7,508.2,539.7,538.5,460.0,5,C
210059637537,3,F,3,0,1.0,0,Maricá,551.9,610.5,562.8,487.1,800.0,3,C
210058690586,3,F,1,0,1.0,0,Niterói,477.4,465.7,495.6,465.3,580.0,7,K
210059561361,3,F,2,0,1.0,0,Maricá,431.3,510.8,513.7,364.4,560.0,4,F
210059520144,3,F,3,0,1.0,0,São João de Meriti,473.4,512.2,450.9,535.2,580.0,4,B
210058825800,3,F,2,0,1.0,0,Niterói,436.1,435.4,466.6,525.3,700.0,4,C
210059436688,3,M,3,0,1.0,0,Nilópolis,519.8,569.0,497.0,653.2,800.0,3,B
210061323802,3,F,3,0,1.0,0,Nova Iguaçu,551.0,581.9,571.7,585.4,800.0,3,E
210058936153,3,M,1,0,1.0,0,Niterói,618.2,646.7,590.2,706.2,880.0,6,H
210060742725,2,F,2,0,1.0,0,São João de Meriti,418.6,527.2,534.1,547.1,440.0,5,D
210060651390,3,F,2,0,1.0,0,Nova Iguaçu,505.0,559.1,550.7,467.0,520.0,4,A
210058825876,4,F,1,0,1.0,0,Niterói,491.3,525.1,527.5,410.7,540.0,4,B
210060662515,3,M,1,0,1.0,0,Maricá,511.6,622.2,585.9,538.1,680.0,5,G
210059436695,2,F,3,0,1.0,0,Duque de Caxias,538.4,505.0,584.2,735.7,940.0,5,F
210058936141,2,F,1,0,1.0,0,Nova Iguaçu,476.2,526.2,531.8,556.9,740.0,5,D
210061312626,3,F,1,0,1.0,0,Nova Iguaçu,449.7,467.6,453.7,364.6,500.0,5,B
210061343503,2,M,1,0,1.0,0,Niterói,578.5,573.3,574.9,668.0,840.0,3,F
210061416495,2,F,1,0,1.0,0,Nova Iguaçu,486.4,481.8,490.1,574.5,520.0,4,B
210061416504,2,F,3,0,1.0,0,Nova Iguaçu,446.3,526.5,462.9,447.3,640.0,3,B
210058124031,3,F,1,0,1.0,0,Nova Iguaçu,457.5,529.8,548.4,347.1,620.0,4,B
210061312587,3,F,3,0,1.0,0,Belford Roxo,433.2,506.7,460.0,338.6,560.0,5,B
210059012976,3,F,1,0,1.0,0,Niterói,558.3,614.3,561.7,704.4,840.0,3,G
210059209372,2,F,3,0,1.0,0,Belford Roxo,455.9,476.4,416.7,437.1,620.0,3,D
210059209373,2,M,1,0,1.0,0,Niterói,556.3,561.5,548.1,481.1,580.0,5,B
210059437655,3,F,3,0,1.0,0,Niterói,343.3,454.0,480.2,435.8,680.0,5,G
210058961348,2,M,1,0,1.0,0,Niterói,446.3,366.7,360.0,411.7,240.0,6,F
210060111038,2,M,3,0,1.0,0,Nilópolis,640.9,596.8,626.6,788.4,680.0,4,E
210059383343,2,F,1,0,1.0,0,São João de Meriti,420.0,544.8,478.9,617.0,700.0,4,D
210059222435,3,F,3,0,1.0,0,São João de Meriti,542.2,541.0,599.0,579.7,820.0,2,C
210059490975,2,F,3,0,1.0,0,Nova Iguaçu,434.4,526.4,551.6,610.9,720.0,6,B
210058401057,4,M,2,0,1.0,0,Nova Iguaçu,543.0,579.8,560.2,516.7,520.0,3,D
210061416445,2,F,0,0,1.0,0,Duque de Caxias,556.3,625.1,640.7,666.2,840.0,4,K
210058409131,2,F,1,0,1.0,0,Duque de Caxias,511.2,548.7,542.5,447.5,800.0,5,C
210058409152,3,F,1,0,1.0,0,Nova Iguaçu,489.7,523.0,504.3,459.0,540.0,3,B
210059478893,3,M,3,0,1.0,0,Belford Roxo,466.5,580.6,528.8,566.3,400.0,3,B
210059367371,3,F,1,0,1.0,0,Nilópolis,405.8,461.1,469.7,418.8,680.0,4,C
210058819477,2,M,3,0,1.0,0,Nilópolis,528.0,566.1,561.7,575.6,600.0,3,C
210061374437,2,F,1,0,1.0,0,Niterói,600.8,668.4,651.2,747.2,920.0,3,O
210059064743,4,F,2,0,2.0,0,Nova Iguaçu,588.8,568.0,636.6,629.3,820.0,4,G
210059105492,3,F,1,0,1.0,0,Nova Iguaçu,389.2,594.8,606.8,661.6,480.0,5,B
210061374445,2,M,1,0,1.0,0,Duque de Caxias,620.1,613.0,601.2,606.4,900.0,3,C
210059077688,3,M,1,0,1.0,0,Nova Iguaçu,502.8,589.7,564.9,678.8,820.0,2,C
210058418554,3,F,3,0,1.0,0,Niterói,578.7,634.8,538.0,548.4,940.0,3,G
210059545257,3,F,1,0,1.0,0,Nilópolis,542.7,531.0,586.1,440.5,620.0,2,C
210059478931,2,M,1,0,1.0,0,Duque de Caxias,434.9,575.4,574.7,546.2,660.0,3,C
210059450763,3,F,2,0,1.0,0,Belford Roxo,412.9,413.4,472.6,496.5,580.0,5,C
210060044165,3,F,3,0,1.0,0,Nova Iguaçu,334.2,513.5,518.5,378.9,520.0,4,B
210060651095,3,F,3,0,1.0,0,Belford Roxo,511.9,467.9,526.3,438.8,700.0,4,D
210060029110,2,F,1,0,1.0,0,Nova Iguaçu,501.5,535.1,544.7,526.1,780.0,3,C
210061385529,2,F,1,0,1.0,0,Nova Iguaçu,496.6,684.4,649.4,455.2,940.0,4,I
210061426247,3,M,1,0,1.0,0,Niterói,607.9,538.0,527.3,866.2,940.0,4,K
210058123880,3,F,3,0,1.0,0,São João de Meriti,478.3,490.9,525.8,597.3,920.0,3,E
210058818509,2,M,3,0,1.0,0,Maricá,531.4,570.3,572.5,597.0,500.0,5,G
210059380416,3,F,1,0,1.0,0,Duque de Caxias,478.5,519.8,359.7,435.9,760.0,4,D
210058306666,3,M,1,0,1.0,0,Duque de Caxias,403.0,602.1,555.4,611.6,820.0,4,G
210061457088,4,M,1,0,1.0,0,São João de Meriti,467.8,540.0,536.6,506.0,620.0,3,C
210059116557,2,F,3,0,1.0,0,Belford Roxo,446.8,500.8,485.3,452.7,780.0,4,B
210060774806,2,F,3,0,1.0,0,Nova Iguaçu,487.5,531.2,520.7,451.1,580.0,5,M
210058491719,3,F,2,0,1.0,0,Belford Roxo,537.7,550.9,526.0,481.4,900.0,4,E
210060206462,2,M,1,0,1.0,0,Duque de Caxias,453.1,556.5,565.6,663.8,620.0,3,B
210059434697,3,F,3,0,1.0,0,Belford Roxo,454.1,526.0,561.3,485.1,520.0,4,D
210060382208,2,M,2,0,1.0,0,Nova Iguaçu,584.1,616.3,563.0,695.8,760.0,3,C
210060382145,3,F,1,0,1.0,0,Nilópolis,484.7,324.3,480.4,417.6,600.0,3,B
210061479608,2,F,3,0,1.0,0,São João de Meriti,448.1,548.9,525.5,610.0,540.0,4,B
210059732918,3,F,1,0,1.0,0,Niterói,529.5,558.8,537.0,629.1,940.0,4,Q
210061014080,2,F,3,0,1.0,0,São João de Meriti,488.1,521.8,516.3,581.4,800.0,4,B
210060611556,3,M,3,0,1.0,0,São João de Meriti,483.6,369.0,521.8,552.8,640.0,3,H
210060427834,2,M,3,0,1.0,0,Belford Roxo,578.4,581.8,428.4,394.6,680.0,4,G
210059761011,3,M,1,0,1.0,0,Belford Roxo,461.6,531.4,521.9,536.4,480.0,5,D
210058663543,4,F,1,0,1.0,0,Duque de Caxias,591.4,649.5,645.3,621.0,720.0,3,G
210060382070,3,M,2,0,1.0,0,Duque de Caxias,392.6,488.8,488.4,433.1,520.0,2,B
210058540199,3,F,3,0,1.0,0,Nova Iguaçu,457.7,510.0,437.7,366.7,660.0,3,D
210059746031,3,F,2,0,1.0,0,Niterói,602.8,619.3,601.2,751.3,800.0,3,E
210059336966,2,M,3,0,1.0,0,Duque de Caxias,606.0,612.4,626.1,722.1,800.0,2,C
210058557453,2,F,3,0,1.0,0,São João de Meriti,425.6,506.2,496.3,477.7,540.0,4,B
210060601603,4,F,3,0,1.0,0,Duque de Caxias,474.7,464.5,478.1,485.3,460.0,4,C
210059142200,2,F,2,0,1.0,0,Niterói,515.4,567.4,545.7,455.8,860.0,5,G
210059545338,2,F,3,0,1.0,0,Nova Iguaçu,454.8,465.2,536.6,380.0,680.0,4,B
210060702246,2,M,3,0,1.0,0,Niterói,504.3,591.6,467.2,465.2,700.0,3,C
210060672468,3,F,1,0,1.0,0,Niterói,486.0,621.1,633.8,535.0,600.0,3,B
210060672817,2,M,0,0,1.0,0,Nova Iguaçu,616.3,668.5,584.4,674.9,660.0,5,D
210060206552,11,F,2,0,1.0,0,Nova Iguaçu,398.9,521.6,521.2,403.7,480.0,2,A
210059507070,2,F,2,0,1.0,0,Duque de Caxias,436.2,583.5,518.8,436.1,520.0,3,B
210060692464,3,M,1,0,1.0,0,Duque de Caxias,463.5,506.8,492.7,457.7,460.0,3,C
210059560343,2,F,3,0,1.0,0,Nova Iguaçu,553.1,554.7,496.4,511.3,580.0,5,C
210059395529,4,F,1,0,1.0,0,São João de Meriti,502.6,605.8,606.2,667.6,920.0,7,D
210059306758,2,F,1,0,1.0,0,Nova Iguaçu,433.9,571.2,510.5,525.4,460.0,6,G
210060661695,3,F,0,0,1.0,0,Maricá,524.4,556.3,526.4,622.4,800.0,3,C
210060221586,2,M,1,0,1.0,0,Niterói,622.9,659.7,667.2,820.1,880.0,4,O
210059183284,1,F,2,0,1.0,0,Duque de Caxias,510.3,447.5,413.8,462.1,600.0,5,B
210060296494,4,F,2,0,1.0,0,Duque de Caxias,471.8,572.9,553.6,543.2,600.0,3,C
210061004237,4,M,1,0,1.0,0,Belford Roxo,574.5,568.7,598.8,670.2,780.0,3,B
210059492531,3,F,2,0,1.0,0,São João de Meriti,562.1,523.6,546.3,645.0,900.0,3,C
210060994356,3,M,1,0,1.0,0,Duque de Caxias,548.4,597.3,566.9,599.7,580.0,4,B
210058706399,2,F,1,0,1.0,0,Duque de Caxias,467.2,465.8,468.5,409.2,560.0,3,D
210059267583,2,M,1,0,1.0,0,Nova Iguaçu,554.3,618.0,601.0,699.4,640.0,4,D
210060371639,3,F,3,0,1.0,0,Niterói,613.0,677.0,635.5,585.6,920.0,4,C
210059402213,4,M,2,0,1.0,0,Niterói,487.4,505.1,441.0,457.3,660.0,4,C
210060994400,2,M,1,0,1.0,0,Duque de Caxias,540.3,622.4,571.0,666.9,600.0,2,C
210060994362,2,F,3,0,1.0,0,Duque de Caxias,561.5,548.7,522.4,512.2,720.0,2,C
210058636864,2,F,1,0,1.0,0,Nova Iguaçu,398.3,486.9,455.6,597.5,640.0,9,B
210059183314,3,M,1,0,1.0,0,São João de Meriti,387.5,421.3,495.4,513.3,560.0,4,D
210058620161,2,F,2,0,1.0,0,Duque de Caxias,573.8,596.9,498.7,464.4,880.0,4,D
210060521482,3,F,2,0,1.0,0,Nova Iguaçu,491.8,509.2,515.7,512.5,620.0,4,E
210059561411,2,F,3,0,1.0,0,Duque de Caxias,515.6,449.8,492.9,383.7,820.0,4,B
210059576482,3,M,1,0,1.0,0,Niterói,396.0,510.5,390.4,647.5,520.0,4,G
210061004249,2,M,1,0,1.0,0,Duque de Caxias,384.8,538.5,502.9,550.5,640.0,5,C
210059665695,3,F,3,0,1.0,0,São João de Meriti,395.5,440.2,510.1,426.4,580.0,2,A
210060031173,3,M,3,0,1.0,0,Nilópolis,519.0,591.8,518.0,603.6,820.0,3,C
210058701115,3,M,1,0,1.0,0,Niterói,557.3,641.3,620.1,630.9,920.0,2,D
210059252527,2,F,2,0,1.0,0,Nova Iguaçu,482.9,524.1,496.8,508.9,700.0,6,B
210059252547,3,M,1,0,1.0,0,Nova Iguaçu,395.0,469.9,495.0,514.1,580.0,5,B
210059450805,2,F,1,0,1.0,0,Duque de Caxias,449.2,620.9,570.4,658.5,680.0,3,F
210059237512,2,F,1,0,1.0,0,Duque de Caxias,491.1,650.4,646.6,688.3,880.0,6,C
210058391577,2,F,1,0,1.0,0,Niterói,608.8,618.7,576.7,726.5,840.0,4,P
210058832422,2,F,1,0,1.0,0,Niterói,496.8,642.1,510.5,723.6,960.0,5,Q
210061457239,3,F,3,0,1.0,0,Niterói,489.5,452.9,488.2,489.1,540.0,5,C
210060662589,3,F,2,0,1.0,0,Duque de Caxias,516.9,573.0,531.3,498.0,800.0,2,B
210060083569,3,M,2,0,1.0,0,Nova Iguaçu,460.1,462.7,502.9,549.8,700.0,2,B
210058391583,2,M,1,0,1.0,0,Duque de Caxias,402.3,560.8,519.0,502.3,660.0,4,G
210059013040,3,F,1,0,2.0,0,Duque de Caxias,474.8,529.4,549.5,382.8,820.0,4,D
210060693319,3,F,3,0,1.0,0,Nova Iguaçu,416.4,545.5,465.7,450.5,860.0,4,C
210058832393,2,F,2,0,1.0,0,Niterói,506.9,487.3,547.7,433.2,360.0,2,B
210060672389,2,M,1,0,1.0,0,Niterói,538.0,536.7,494.9,646.4,680.0,5,C
210058819788,3,F,3,0,1.0,0,Maricá,465.4,531.5,538.0,506.8,760.0,2,B
210060139225,3,M,3,0,1.0,0,Belford Roxo,535.5,638.6,661.5,784.9,520.0,5,B
210059237507,3,F,1,0,1.0,0,Nova Iguaçu,495.7,482.2,469.8,537.6,560.0,4,C
210059596631,3,M,3,0,1.0,0,Maricá,345.2,521.5,369.5,373.6,380.0,4,C
210059479606,2,M,2,0,1.0,0,Duque de Caxias,601.9,596.9,525.7,520.3,520.0,4,O
210060312092,2,M,1,0,1.0,0,Niterói,600.7,621.9,529.8,692.8,760.0,4,F
210060487893,2,M,2,0,1.0,0,São João de Meriti,507.2,563.6,621.9,602.5,840.0,5,E
210059397286,2,F,1,0,1.0,0,Maricá,544.4,472.0,504.8,574.8,840.0,2,B
210060348134,3,F,1,0,1.0,0,Niterói,493.0,493.7,471.2,486.4,380.0,4,D
210059637723,3,F,1,0,1.0,0,Maricá,496.6,526.5,546.8,439.0,520.0,7,D
210058628938,2,F,3,0,1.0,0,Niterói,525.0,617.9,594.7,736.2,900.0,4,P
210059239515,3,F,1,0,1.0,0,Niterói,618.8,605.8,623.3,726.2,900.0,3,L
210060335408,3,M,3,0,1.0,0,Nova Iguaçu,480.6,526.7,390.0,387.1,540.0,2,B
210060466043,2,F,1,0,1.0,0,Belford Roxo,509.6,422.8,474.4,576.4,880.0,4,B
210060456703,3,F,1,0,1.0,0,Niterói,482.0,500.9,547.8,572.3,640.0,4,B
210059492370,3,F,5,0,1.0,0,Niterói,425.0,440.7,499.5,336.9,600.0,5,B
210058628923,3,F,1,0,1.0,0,São João de Meriti,422.8,520.8,471.2,412.6,360.0,6,D
210059333017,3,F,1,0,1.0,0,Nilópolis,474.6,551.6,509.9,409.8,560.0,4,E
210059211361,3,F,2,0,1.0,0,São João de Meriti,391.3,425.9,407.2,350.4,740.0,5,A
210059361120,3,M,3,0,1.0,0,Duque de Caxias,544.9,506.4,539.3,501.1,480.0,4,E
210058612910,3,M,1,0,1.0,0,Niterói,566.3,602.8,595.7,719.4,840.0,3,Q
210060335477,2,M,3,0,1.0,0,São João de Meriti,557.4,549.2,564.0,555.2,600.0,3,B
210060521577,2,F,3,0,1.0,0,Belford Roxo,480.3,503.7,479.6,380.7,900.0,2,B
210059239466,2,F,1,0,1.0,0,Nilópolis,512.6,577.3,629.8,465.5,920.0,5,B
210058695912,2,F,3,0,1.0,0,Nilópolis,553.5,533.8,527.4,525.9,660.0,3,E
210059384033,3,M,3,0,1.0,0,Nilópolis,498.7,596.5,569.9,649.1,760.0,4,J
210059430357,4,M,2,0,1.0,0,Belford Roxo,454.8,354.4,303.4,366.0,300.0,4,D
210059479163,3,M,2,0,1.0,0,Maricá,536.8,402.8,427.4,579.1,580.0,3,J
210060588308,2,M,1,0,1.0,0,Duque de Caxias,653.6,670.5,673.7,777.5,480.0,3,G
210058711689,4,M,3,0,1.0,0,Duque de Caxias,559.1,498.5,405.9,382.8,580.0,7,B
210059252577,4,M,3,0,1.0,0,São João de Meriti,487.6,501.8,389.9,363.5,480.0,3,D
210060544837,3,F,1,0,1.0,0,Niterói,546.1,569.4,560.5,567.1,840.0,2,F
210059466512,2,F,3,0,1.0,0,Niterói,524.6,554.8,507.8,604.0,740.0,4,C
210059430362,3,F,1,0,1.0,0,Niterói,492.2,536.7,525.5,460.4,660.0,4,C
210059479168,3,F,3,0,1.0,0,Nova Iguaçu,452.8,489.5,496.9,366.0,680.0,5,A
210060601675,4,F,3,0,1.0,0,Nova Iguaçu,515.3,479.0,499.7,364.7,580.0,3,A
210059361036,2,F,3,0,1.0,0,Duque de Caxias,500.2,503.3,484.3,581.4,640.0,4,B
210059280782,3,F,3,0,1.0,0,Nova Iguaçu,499.3,529.7,559.9,378.3,660.0,3,B
210058701152,2,F,0,0,1.0,0,Duque de Caxias,439.2,524.4,504.5,475.7,400.0,3,G
210060622764,2,F,2,0,1.0,0,Nova Iguaçu,477.8,405.5,486.2,350.7,540.0,7,B
210058585471,3,F,3,0,1.0,0,Belford Roxo,445.3,432.5,523.9,492.6,560.0,4,D
210059308968,3,F,1,0,1.0,0,Niterói,611.6,658.2,630.5,728.3,940.0,3,F
210059471595,2,F,1,0,1.0,0,Nilópolis,490.6,614.2,541.9,651.8,820.0,3,E
210059583535,3,F,1,0,2.0,0,Niterói,408.9,526.9,417.9,416.5,720.0,3,B
210059479231,3,M,1,0,1.0,0,Niterói,562.0,555.7,507.6,692.5,720.0,3,G
210061044313,3,F,1,0,1.0,0,Belford Roxo,550.8,595.5,485.7,501.7,700.0,3,M
210061075243,2,F,1,0,1.0,0,Niterói,578.8,585.9,535.1,658.9,700.0,3,H
210060456660,2,F,3,0,1.0,0,Maricá,460.8,547.3,480.9,510.5,540.0,2,C
210059479295,2,F,4,0,1.0,0,Nova Iguaçu,388.9,481.7,487.1,505.9,340.0,3,C
210059484680,2,M,3,0,1.0,0,Duque de Caxias,417.7,396.0,408.5,353.4,420.0,5,B
210059512734,1,F,2,0,1.0,0,Duque de Caxias,346.2,329.8,486.7,328.6,580.0,4,B
210059170043,3,F,3,0,1.0,0,Niterói,417.2,623.6,543.3,482.5,860.0,2,G
210060410397,2,F,1,0,1.0,0,Nova Iguaçu,468.7,582.5,556.4,666.7,940.0,4,E
210060323147,2,F,1,0,1.0,0,São João de Meriti,555.7,609.4,579.9,601.1,880.0,4,D
210059322030,2,F,1,0,1.0,0,São João de Meriti,463.8,506.4,468.1,501.2,680.0,3,C
210058679520,3,F,1,0,1.0,0,Duque de Caxias,561.7,544.8,510.1,508.0,840.0,2,D
210060384263,3,F,3,0,1.0,0,Niterói,399.1,475.0,525.9,401.7,480.0,5,C
210058668805,4,M,3,0,1.0,0,Nilópolis,559.9,564.6,501.4,692.3,760.0,5,G
210061096171,3,M,1,0,1.0,0,Nova Iguaçu,459.9,416.8,467.3,393.3,580.0,4,C
210060283850,3,F,1,0,1.0,0,Duque de Caxias,496.4,449.2,528.8,417.2,800.0,2,B
210059211261,2,F,3,0,1.0,0,Maricá,433.2,296.1,438.5,390.1,480.0,4,D
210058591508,3,F,3,0,1.0,0,Duque de Caxias,478.9,439.4,504.4,472.3,320.0,4,C
210058685451,2,F,1,0,1.0,0,Duque de Caxias,448.7,461.8,486.5,509.2,320.0,5,C
210059332963,2,F,1,0,1.0,0,Nova Iguaçu,573.1,578.6,588.4,610.5,720.0,4,C
210059183359,3,F,1,0,1.0,0,São João de Meriti,614.2,573.1,610.5,656.2,900.0,4,D
210059129800,3,F,1,0,1.0,0,Niterói,615.5,590.6,572.5,653.0,840.0,7,O
210059535283,2,F,1,0,1.0,0,Nova Iguaçu,464.2,532.0,482.1,425.9,720.0,4,C
210059129803,2,F,1,0,1.0,0,Niterói,652.6,631.3,627.3,746.9,900.0,3,G
210059155307,3,F,2,0,1.0,0,Duque de Caxias,414.1,412.4,451.3,436.4,600.0,4,D
210058835525,3,F,1,0,1.0,0,Nova Iguaçu,430.2,539.5,593.9,450.9,420.0,2,B
210058455186,2,F,1,0,1.0,0,Nilópolis,535.7,581.4,597.1,677.3,620.0,5,O
210059380610,3,F,2,0,1.0,0,São João de Meriti,565.8,526.7,555.2,511.1,880.0,4,B
210060193551,3,F,3,0,1.0,0,Duque de Caxias,456.9,449.3,485.7,448.2,560.0,4,C
210060733125,3,F,3,0,1.0,0,Nova Iguaçu,474.0,609.0,566.8,375.5,620.0,5,D
210060031246,3,F,2,0,1.0,0,Duque de Caxias,437.7,422.1,416.0,456.5,400.0,4,B
210059079772,3,F,3,0,1.0,0,Duque de Caxias,452.1,470.6,461.9,419.0,600.0,2,D
210061323978,2,M,1,0,1.0,0,Nova Iguaçu,530.1,533.8,451.6,540.5,840.0,4,H
210061354892,2,F,1,0,1.0,0,Nova Iguaçu,686.7,622.2,636.4,765.2,960.0,4,P
210060221657,3,F,1,0,1.0,0,Niterói,600.9,663.0,608.6,774.8,860.0,4,J
210060652875,2,F,3,0,1.0,0,Nova Iguaçu,544.0,675.3,607.2,542.9,880.0,3,C
210059380597,3,F,2,0,1.0,0,Duque de Caxias,603.2,646.7,638.4,708.7,820.0,4,D
210060703703,5,F,1,0,1.0,0,Nova Iguaçu,548.4,621.9,596.9,482.3,760.0,4,K
210060031232,2,F,2,0,1.0,0,Nova Iguaçu,419.6,526.0,571.3,533.3,780.0,3,F
210061314111,2,F,3,0,2.0,0,Belford Roxo,508.9,566.8,606.1,609.5,700.0,3,B
210058663661,2,F,3,0,1.0,0,Nova Iguaçu,489.5,541.2,601.8,591.3,840.0,3,J
210058974273,3,M,2,0,1.0,0,São João de Meriti,493.6,523.1,514.1,592.8,760.0,4,D
210058663644,2,M,1,0,1.0,0,Niterói,633.4,687.6,638.2,740.0,620.0,6,J
210059237588,2,F,1,0,1.0,0,Belford Roxo,576.2,578.1,590.9,627.0,820.0,3,D
210059484729,2,F,1,0,1.0,0,Duque de Caxias,457.0,564.7,471.5,475.0,400.0,4,H
210059507783,3,F,1,0,1.0,0,Niterói,466.1,503.3,490.2,446.4,700.0,4,B
210058961456,3,F,3,0,1.0,0,São João de Meriti,456.8,601.7,592.9,531.7,660.0,2,D
210060427943,3,M,3,0,1.0,0,Niterói,429.3,407.2,493.6,557.0,480.0,5,L
210058658357,3,F,1,0,1.0,0,Niterói,449.0,547.8,522.3,456.8,680.0,2,E
210059774213,4,M,3,0,1.0,0,Nova Iguaçu,574.1,565.6,599.7,490.9,680.0,8,F
210059438045,4,F,1,0,1.0,0,Niterói,428.7,524.0,502.1,422.0,800.0,3,B
210058658336,2,F,1,0,1.0,0,São João de Meriti,482.3,509.4,451.6,426.2,720.0,3,C
210058948662,1,F,3,0,1.0,0,Duque de Caxias,557.5,553.1,493.1,615.7,520.0,4,D
210061065413,3,F,2,0,1.0,0,Maricá,492.4,572.0,581.2,529.5,640.0,3,N
210059471623,3,F,1,0,1.0,0,São João de Meriti,408.5,535.4,449.1,480.2,560.0,4,B
210059209494,2,F,3,0,1.0,0,Belford Roxo,409.8,505.0,553.8,574.6,560.0,4,C
210060072407,1,F,3,0,1.0,0,Maricá,538.2,572.6,541.4,382.2,900.0,2,F
210058410532,3,F,1,0,1.0,0,Nova Iguaçu,604.8,603.2,635.7,615.9,840.0,2,B
210059291778,2,F,3,0,1.0,0,Nova Iguaçu,467.5,468.8,529.6,493.2,560.0,3,C
210060773538,3,F,1,0,1.0,0,Niterói,415.6,457.0,412.0,422.2,820.0,3,C
210059306779,4,M,1,0,1.0,0,Niterói,490.4,594.9,570.9,368.2,640.0,2,E
210060152347,3,M,2,0,1.0,0,São João de Meriti,590.6,672.9,585.7,689.7,920.0,9,B
210059437765,2,M,1,0,1.0,0,Duque de Caxias,479.6,489.1,638.9,694.1,880.0,5,H
210060693452,3,F,3,0,1.0,0,Belford Roxo,460.5,488.3,508.7,421.4,600.0,5,B
210059452798,4,F,3,0,1.0,0,Belford Roxo,382.6,408.2,507.8,515.4,720.0,5,B
210059079750,3,F,1,0,1.0,0,São João de Meriti,523.2,341.2,394.8,340.7,340.0,2,B
210060703308,3,M,3,0,1.0,0,Duque de Caxias,597.3,631.8,606.8,692.2,280.0,2,B
210058827060,4,F,3,0,1.0,0,Duque de Caxias,386.0,550.2,492.1,335.3,500.0,5,B
210058052790,2,F,2,0,1.0,0,Nova Iguaçu,484.0,482.8,528.4,483.8,760.0,6,B
210060139279,2,M,1,0,1.0,0,Niterói,473.0,485.1,532.9,665.9,680.0,3,Q
210059051898,3,F,2,0,1.0,0,Duque de Caxias,470.2,583.7,572.6,506.7,900.0,5,F
210059465929,2,F,2,0,1.0,0,Niterói,440.9,521.9,508.1,532.6,800.0,3,B
210059306791,3,F,1,0,1.0,0,Nova Iguaçu,550.9,567.8,632.6,600.4,880.0,4,G
210058428122,2,F,1,0,1.0,0,Niterói,582.7,626.6,599.1,606.8,880.0,2,G
210060672509,4,F,3,0,1.0,0,Maricá,418.1,508.0,459.7,376.1,500.0,5,D
210060111121,2,F,1,0,1.0,0,Niterói,668.4,626.0,609.3,756.9,960.0,4,M
210059402304,3,M,3,0,1.0,0,Duque de Caxias,578.5,613.8,557.1,706.9,780.0,4,I
210059425267,2,F,3,0,1.0,0,Nova Iguaçu,530.8,542.9,512.1,621.8,800.0,5,C
210058557547,4,M,3,0,1.0,0,Maricá,417.9,445.2,484.3,394.5,360.0,3,B
210061014175,3,F,3,0,1.0,0,Nova Iguaçu,519.5,650.6,569.8,701.1,920.0,3,D
210060609472,3,F,3,0,1.0,0,São João de Meriti,468.3,517.8,527.3,492.4,640.0,5,D
210060612918,2,F,3,0,1.0,0,Duque de Caxias,454.4,500.0,526.7,416.0,660.0,2,C
210059733036,4,F,2,0,1.0,0,Duque de Caxias,444.3,535.1,527.3,420.9,580.0,4,B
210061004338,2,F,1,0,1.0,0,Nova Iguaçu,572.7,546.9,556.2,408.0,840.0,5,B
210058644349,3,M,3,0,1.0,0,Duque de Caxias,525.9,539.1,546.6,552.9,900.0,5,A
210060335704,2,F,1,0,1.0,0,Duque de Caxias,495.0,598.9,566.1,640.8,880.0,5,L
210060601717,2,F,1,0,1.0,0,Duque de Caxias,434.4,596.6,571.5,572.2,800.0,3,F
210060591847,3,F,1,0,1.0,0,Duque de Caxias,513.5,468.0,525.0,387.9,460.0,5,A
210060371752,3,F,3,0,1.0,0,Nova Iguaçu,432.0,454.0,434.3,394.4,480.0,3,B
210058638257,3,F,1,0,1.0,0,Maricá,555.0,552.8,545.8,574.6,720.0,2,B
210058540321,2,F,3,0,1.0,0,Duque de Caxias,486.7,389.0,453.0,506.6,820.0,5,G
210060601703,3,F,3,0,1.0,0,São João de Meriti,436.4,554.3,508.2,473.4,740.0,5,D
210060612933,2,F,1,0,1.0,0,Nilópolis,332.6,564.2,466.6,458.3,880.0,3,L
210058638221,2,F,3,0,1.0,0,Nova Iguaçu,520.3,569.6,420.1,576.3,680.0,2,C
210060544886,2,F,3,0,1.0,0,Duque de Caxias,509.1,492.9,529.3,551.6,640.0,3,B
210058065465,3,F,2,0,1.0,0,Duque de Caxias,581.7,622.5,663.8,629.1,840.0,4,C
210059506211,3,M,1,0,1.0,0,Niterói,626.3,671.6,660.5,800.4,840.0,3,Q
210060754106,3,F,1,0,1.0,0,Maricá,501.1,572.9,551.8,451.4,720.0,2,K
210059532388,3,F,3,0,1.0,0,Belford Roxo,384.2,540.4,506.4,401.8,680.0,4,B
210060683748,1,F,1,0,1.0,0,Niterói,634.6,519.4,543.5,699.0,880.0,3,P
210059506218,3,F,3,0,1.0,0,Nova Iguaçu,497.3,554.0,544.1,500.8,860.0,2,A
210059026173,5,M,3,0,1.0,0,Duque de Caxias,475.7,554.1,519.0,555.6,560.0,6,B
210059491219,2,F,3,0,1.0,0,Duque de Caxias,399.6,505.9,526.5,629.9,680.0,3,C
210058065445,4,M,3,0,1.0,0,Duque de Caxias,512.6,576.9,653.5,553.6,820.0,2,D
210059265709,3,F,1,0,1.0,0,Belford Roxo,416.9,536.7,510.1,442.4,800.0,3,D
210060111257,4,F,1,0,1.0,0,Duque de Caxias,473.3,475.4,493.9,358.1,580.0,3,A
210060775050,3,F,1,0,1.0,0,Niterói,639.5,599.5,618.7,685.9,960.0,3,M
210059383570,4,M,3,0,1.0,0,Nilópolis,495.2,467.9,337.9,438.6,480.0,2,A
210060683756,3,F,1,0,1.0,0,Nilópolis,539.8,441.0,476.7,459.2,620.0,3,B
210058410635,4,F,3,0,1.0,0,Duque de Caxias,487.0,508.2,553.9,582.4,740.0,3,B
210058437594,3,M,1,0,1.0,0,Nova Iguaçu,569.2,632.5,598.1,698.6,960.0,5,C
210059573546,3,F,3,0,1.0,0,São João de Meriti,524.8,594.4,610.4,590.7,840.0,2,B
210060167439,2,F,3,0,1.0,0,Nova Iguaçu,463.2,415.1,434.4,467.1,660.0,6,A
210059116751,3,M,1,0,1.0,0,Niterói,677.0,643.6,494.7,728.8,920.0,4,O
210058445791,2,F,2,0,1.0,0,Duque de Caxias,396.9,556.3,521.8,558.8,620.0,2,B
210060754055,3,M,1,0,1.0,0,Niterói,673.9,636.4,573.1,730.3,940.0,3,J
210060784819,3,F,3,0,1.0,0,Nova Iguaçu,499.9,496.3,536.9,482.7,360.0,8,F
210059079786,2,F,3,0,1.0,0,Duque de Caxias,430.0,499.6,542.8,563.4,600.0,2,B
210058445796,3,F,2,0,1.0,0,Duque de Caxias,502.6,422.1,495.4,377.3,720.0,3,B
210060139328,2,F,3,0,1.0,0,Nova Iguaçu,558.4,558.8,543.4,533.4,480.0,3,A
210059319917,2,F,1,0,1.0,0,Niterói,409.5,476.5,492.2,542.6,800.0,5,M
210058445778,3,F,1,0,1.0,0,Nilópolis,507.8,660.8,609.0,550.3,700.0,5,B
210058445800,3,F,1,0,1.0,0,Nilópolis,556.7,492.1,476.6,669.2,840.0,2,C
210059532354,2,F,1,0,1.0,0,Niterói,604.1,670.9,603.2,761.2,940.0,3,P
210059116760,2,F,2,0,1.0,0,Nilópolis,388.9,485.7,482.5,469.1,600.0,5,B
210059532355,2,F,2,0,1.0,0,Niterói,474.9,517.1,569.9,553.4,800.0,3,B
210058410587,2,F,1,0,1.0,0,São João de Meriti,452.1,506.9,484.9,509.4,500.0,4,B
210059532334,2,F,2,0,1.0,0,Duque de Caxias,405.6,547.4,581.6,488.6,740.0,4,D
210059465944,3,F,3,0,1.0,0,Nova Iguaçu,604.4,618.1,584.2,534.0,600.0,4,B
210060672605,2,F,3,0,1.0,0,Nova Iguaçu,327.1,361.9,402.5,345.6,520.0,4,H
210059494113,3,M,3,0,1.0,0,Duque de Caxias,514.2,499.2,522.5,511.5,640.0,3,C
210059452865,3,F,1,0,1.0,0,Niterói,556.4,606.5,607.2,662.2,820.0,3,B
210060632463,2,M,2,0,1.0,0,Belford Roxo,606.0,658.6,627.5,736.5,940.0,4,H
210058054463,2,F,3,0,1.0,0,Nova Iguaçu,323.4,412.8,527.1,518.2,460.0,2,B
210061406950,2,F,3,0,1.0,0,Nova Iguaçu,401.5,522.7,398.1,444.2,380.0,4,B
210060734156,3,F,2,0,1.0,0,Nova Iguaçu,563.4,566.9,451.6,464.7,600.0,4,C
210060044419,3,F,3,0,1.0,0,São João de Meriti,518.6,580.9,531.9,584.9,560.0,3,D
210059105686,3,F,3,0,1.0,0,Maricá,509.8,507.2,475.8,353.8,660.0,5,C
210058482388,3,F,1,0,1.0,0,Duque de Caxias,457.6,602.3,595.2,573.1,760.0,3,E
210059408771,3,M,1,0,1.0,0,Niterói,563.5,617.7,551.8,660.3,840.0,5,B
210061376096,3,F,3,0,1.0,0,Nova Iguaçu,457.9,492.3,492.2,357.2,600.0,3,B
210061345164,2,F,3,0,1.0,0,Nova Iguaçu,522.3,559.5,475.8,522.0,780.0,3,B
210058054569,2,F,1,0,1.0,0,Belford Roxo,442.1,515.8,539.6,479.1,580.0,4,F
210059355391,3,F,1,0,1.0,0,Nova Iguaçu,499.2,577.9,485.8,600.5,860.0,5,H
210059548409,3,M,3,0,1.0,0,Belford Roxo,570.2,679.4,581.4,663.7,820.0,3,C
210061406966,2,M,1,0,1.0,0,Duque de Caxias,561.8,534.5,528.9,604.0,780.0,4,J
210059155367,3,M,3,0,1.0,0,Niterói,568.4,587.0,533.7,586.4,940.0,6,E
210060682871,3,F,1,0,1.0,0,Duque de Caxias,501.1,589.5,653.6,451.8,840.0,3,G
210058510960,2,F,1,0,1.0,0,Maricá,551.6,605.4,593.8,662.8,780.0,2,K
210061355007,2,F,1,0,1.0,0,Duque de Caxias,460.7,621.4,524.6,539.2,780.0,4,B
210060031310,2,F,3,0,1.0,0,São João de Meriti,568.7,597.8,593.8,526.5,540.0,3,B
210058501474,2,F,1,0,1.0,0,Maricá,494.8,513.5,510.7,627.6,860.0,4,I
210059211525,3,F,1,0,1.0,0,Maricá,443.0,470.3,476.9,425.2,660.0,4,C
210061427913,3,F,1,0,1.0,0,Nova Iguaçu,348.7,556.5,522.2,451.9,640.0,4,B
210059118617,5,F,1,0,1.0,0,Belford Roxo,444.3,485.5,426.9,372.2,340.0,6,A
210058076812,3,F,1,0,1.0,0,Maricá,476.5,442.1,450.6,463.9,660.0,3,C
210058065414,2,F,3,0,1.0,0,Duque de Caxias,386.4,400.4,442.1,457.1,360.0,3,B
210060755065,2,M,1,0,1.0,0,Duque de Caxias,611.1,626.8,591.7,677.8,400.0,3,B
210059395648,3,F,3,0,1.0,0,São João de Meriti,463.1,468.5,500.8,464.3,580.0,4,C
210060703781,2,F,1,0,1.0,0,Niterói,424.5,553.2,527.2,552.1,540.0,5,E
210060743937,2,F,3,0,1.0,0,Duque de Caxias,453.4,610.9,607.7,716.9,960.0,5,F
210060713589,1,F,3,0,1.0,0,Nova Iguaçu,579.8,599.3,552.1,675.9,700.0,3,D
210059368470,2,F,1,0,1.0,0,Niterói,710.7,647.3,672.3,799.2,960.0,4,N
210059224566,3,M,2,0,1.0,0,Nova Iguaçu,423.3,545.2,498.3,541.4,820.0,5,B
210060652098,3,F,3,0,1.0,0,Niterói,416.7,457.4,495.7,485.7,660.0,4,C
210061468581,3,M,1,0,1.0,0,Belford Roxo,451.0,487.3,502.3,552.2,420.0,3,B
210061314168,2,F,1,0,1.0,0,São João de Meriti,608.0,591.1,553.7,743.5,900.0,4,D
210059491188,4,F,1,0,1.0,0,Maricá,526.6,538.1,491.3,468.0,680.0,3,D
210060734118,3,M,1,0,1.0,0,Belford Roxo,415.8,468.7,518.7,467.4,600.0,2,B
210060693539,2,F,1,0,1.0,0,Nova Iguaçu,493.3,592.1,563.2,459.5,620.0,6,C
210059026106,3,M,1,0,1.0,0,Niterói,620.3,621.1,567.4,604.8,720.0,6,C
210059464293,3,F,1,0,1.0,0,Niterói,665.6,660.2,683.8,872.8,960.0,4,H
210058674176,2,F,3,0,1.0,0,Nilópolis,471.2,492.0,547.3,400.1,360.0,2,A
210058685568,3,M,2,0,1.0,0,Nova Iguaçu,388.1,528.7,417.5,496.2,340.0,2,A
210060314096,3,F,3,0,1.0,0,São João de Meriti,414.8,295.8,431.2,351.1,700.0,4,E
210059157051,2,F,1,0,1.0,0,Nova Iguaçu,490.3,560.0,502.0,459.8,780.0,3,G
210058993082,2,F,1,0,1.0,0,Duque de Caxias,417.4,548.1,505.1,402.6,540.0,5,C
210059047426,3,F,3,0,1.0,0,Nova Iguaçu,477.1,544.2,511.0,567.9,440.0,3,B
210060270929,3,M,1,0,1.0,0,Niterói,533.1,540.9,550.6,558.0,580.0,5,F
210058598979,3,F,1,0,1.0,0,Niterói,510.9,590.5,531.2,431.0,900.0,3,B
210061075385,4,M,1,0,1.0,0,Nova Iguaçu,494.0,608.7,550.4,525.7,620.0,5,N
210059464289,2,M,3,0,1.0,0,Duque de Caxias,609.3,532.6,535.5,708.9,880.0,4,C
210060314109,2,F,1,0,1.0,0,Nova Iguaçu,513.4,507.8,531.5,489.5,800.0,4,C
210060386823,2,F,2,0,1.0,0,Niterói,452.4,542.3,518.2,399.5,880.0,5,C
210061137079,3,F,1,0,1.0,0,Duque de Caxias,449.0,497.3,460.8,419.2,540.0,3,E
210058629002,2,F,2,0,1.0,0,Maricá,516.4,535.4,531.2,517.3,720.0,5,C
210058638294,3,F,4,0,1.0,0,Nova Iguaçu,542.9,583.5,595.0,608.3,780.0,7,F
210060611026,3,F,3,0,1.0,0,Duque de Caxias,377.2,437.5,476.2,481.6,560.0,3,B
210059198305,2,F,1,0,1.0,0,Nova Iguaçu,477.2,576.4,520.5,380.0,620.0,5,H
210059533579,3,F,1,0,1.0,0,Niterói,512.1,372.5,478.6,462.1,720.0,4,F
210059637754,3,F,0,0,1.0,0,Nova Iguaçu,340.7,440.6,505.3,373.6,600.0,3,B
210059211383,3,M,1,0,1.0,0,Belford Roxo,606.6,668.7,638.5,761.5,800.0,2,B
210059533474,2,M,3,0,1.0,0,São João de Meriti,572.4,604.0,568.2,562.3,620.0,4,D
210059533518,3,F,3,0,1.0,0,Duque de Caxias,533.2,507.9,464.9,457.9,640.0,9,B
210058706521,2,F,1,0,1.0,0,Belford Roxo,497.5,539.2,547.0,509.4,640.0,2,A
210058628989,3,F,2,0,1.0,0,Nova Iguaçu,398.4,372.4,481.4,502.8,880.0,4,C
210060386831,2,F,1,0,1.0,0,Niterói,628.0,683.0,665.6,751.9,920.0,4,Q
210059624713,5,F,3,0,1.0,0,Nilópolis,447.6,498.5,428.0,461.2,640.0,2,A
210059533420,2,F,3,0,1.0,0,Duque de Caxias,504.1,570.0,604.1,434.6,880.0,6,G
210059356065,4,M,2,0,1.0,0,São João de Meriti,479.3,556.5,517.7,392.8,540.0,4,B
210058628992,3,F,2,0,1.0,0,Niterói,451.6,466.8,372.6,423.2,440.0,2,E
210058605583,3,F,3,0,1.0,0,Nova Iguaçu,509.0,525.8,530.4,623.3,620.0,3,C
210059198295,2,M,1,0,1.0,0,Belford Roxo,635.7,636.5,642.9,783.9,860.0,6,G
210060619152,3,F,1,0,1.0,0,Nova Iguaçu,552.1,571.1,569.0,563.6,840.0,3,E
210059295938,2,F,2,0,1.0,0,Duque de Caxias,516.4,527.2,588.9,527.9,580.0,4,C
210059774237,3,F,1,0,1.0,0,Niterói,534.1,590.2,579.7,622.6,780.0,3,B
210060619308,3,F,1,0,1.0,0,Duque de Caxias,467.3,513.2,376.0,441.7,400.0,2,B
210059706973,3,F,1,0,1.0,0,Nova Iguaçu,467.4,500.1,457.0,585.1,740.0,2,C
210058572244,2,M,3,0,1.0,0,São João de Meriti,533.6,388.2,363.5,494.7,460.0,3,G
210058728397,2,F,3,0,1.0,0,Nova Iguaçu,398.6,546.8,536.4,466.4,580.0,4,B
210061034588,4,M,3,0,1.0,0,Nova Iguaçu,462.0,433.5,449.7,378.7,280.0,8,A
210059295950,3,F,2,0,1.0,0,Niterói,540.1,538.3,545.6,579.2,600.0,4,B
210059535794,3,F,3,0,1.0,0,São João de Meriti,470.9,578.6,573.0,542.2,540.0,4,B
210060466083,3,F,1,0,1.0,0,Niterói,462.4,585.4,583.4,550.0,360.0,4,D
210059417405,2,F,3,0,1.0,0,Nilópolis,434.6,475.8,532.6,459.5,560.0,4,D
210059322121,2,F,1,0,1.0,0,Duque de Caxias,461.8,510.1,453.5,483.3,600.0,3,E
210059774274,5,F,2,0,1.0,0,São João de Meriti,484.6,446.2,513.8,463.3,600.0,7,B
210060244747,3,F,1,0,1.0,0,Maricá,533.8,559.1,536.6,505.1,900.0,2,E
210059733057,3,F,1,0,1.0,0,Niterói,497.0,418.0,524.4,373.8,800.0,4,B
210059471679,4,F,3,0,1.0,0,Nova Iguaçu,437.2,484.7,410.0,360.5,500.0,3,D
210059430457,3,F,3,0,1.0,0,Duque de Caxias,541.9,632.8,586.2,655.0,700.0,4,D
210059438290,2,F,3,0,1.0,0,Nilópolis,457.9,565.1,535.4,505.8,660.0,5,F
210061075310,2,F,3,0,2.0,0,Duque de Caxias,485.2,523.6,508.4,509.2,800.0,6,B
210061096296,4,F,1,0,1.0,0,Niterói,484.3,558.8,496.6,468.4,720.0,2,B
210060784914,3,M,3,0,1.0,0,Niterói,391.4,550.6,537.9,392.5,440.0,2,B
210059583567,2,M,3,0,1.0,0,São João de Meriti,488.9,485.7,542.9,533.6,560.0,11,B
210061096321,2,F,1,0,1.0,0,Niterói,578.6,649.2,613.6,782.7,960.0,2,O
210059540981,4,F,1,0,1.0,0,Niterói,455.3,647.4,554.1,438.7,920.0,3,G
210059142012,2,F,3,0,1.0,0,Duque de Caxias,465.6,526.9,521.2,539.5,580.0,4,F
210058428228,3,M,3,0,1.0,0,Nova Iguaçu,401.7,408.8,453.0,349.8,560.0,3,B
210060724441,3,F,3,0,1.0,0,Belford Roxo,326.2,407.2,435.6,335.6,540.0,2,B
210060299000,2,M,1,0,1.0,0,Duque de Caxias,602.4,586.4,577.3,457.0,820.0,3,F
210059185181,2,F,3,0,1.0,0,São João de Meriti,447.5,514.6,539.8,513.3,840.0,3,B
210060346088,2,M,1,0,1.0,0,Niterói,608.7,615.7,619.9,717.1,920.0,4,P
210059066922,3,F,2,0,1.0,0,Belford Roxo,503.4,444.8,396.3,421.1,540.0,4,C
210059512811,2,F,2,0,1.0,0,Duque de Caxias,494.8,528.0,563.3,448.7,720.0,3,D
210060609658,3,M,1,0,1.0,0,Maricá,472.5,585.3,579.3,512.6,740.0,3,G
210059333050,4,F,3,0,1.0,0,Duque de Caxias,413.4,456.6,460.4,484.8,400.0,3,B
210059583584,5,F,2,0,1.0,0,Belford Roxo,456.0,485.0,458.0,416.3,520.0,2,B
210060609659,3,F,1,0,1.0,0,Niterói,573.7,497.2,595.8,432.5,720.0,4,O
210059494144,3,F,1,0,1.0,0,Duque de Caxias,532.0,528.7,448.5,602.6,360.0,5,B
210059408788,2,F,3,0,1.0,0,Niterói,463.9,596.8,546.9,687.5,700.0,3,E
210059088649,2,F,3,0,1.0,0,Niterói,492.3,371.9,394.7,338.0,400.0,3,B
210060764954,3,M,1,0,1.0,0,Niterói,688.1,659.7,699.5,806.0,960.0,4,Q
210059118659,1,F,1,0,1.0,0,Duque de Caxias,574.9,570.7,561.0,685.6,840.0,5,J
210059408792,2,M,3,0,1.0,0,Niterói,616.1,567.8,620.6,735.4,900.0,4,C
210059254742,2,M,3,0,1.0,0,Duque de Caxias,534.3,595.7,581.3,702.6,560.0,5,E
210060653468,2,F,2,0,1.0,0,São João de Meriti,545.5,597.6,547.1,366.3,720.0,3,B
210059692049,2,F,3,0,1.0,0,Duque de Caxias,488.2,547.4,525.8,517.1,680.0,5,C
210058638403,2,F,1,0,1.0,0,Duque de Caxias,503.6,425.6,485.1,394.4,400.0,4,C
210060620943,3,M,1,0,1.0,0,Duque de Caxias,520.3,594.3,532.8,543.1,500.0,4,Q
210061324202,2,F,1,0,1.0,0,Niterói,672.6,676.5,639.1,788.7,960.0,4,O
210058585656,2,F,1,0,1.0,0,Niterói,616.1,581.1,612.0,809.7,940.0,4,O
210058939417,3,F,3,0,1.0,0,Nova Iguaçu,477.4,376.1,403.7,467.7,520.0,5,C
210060257895,3,F,1,0,1.0,0,Duque de Caxias,447.7,568.3,557.5,506.3,880.0,2,C
210061076736,4,M,2,0,1.0,0,Duque de Caxias,378.3,421.9,368.2,341.8,500.0,2,A
210059350324,2,F,3,0,1.0,0,São João de Meriti,485.8,430.9,473.8,379.5,600.0,6,B
210060130619,2,F,2,0,1.0,0,São João de Meriti,527.2,439.5,585.4,555.7,660.0,2,B
210058734424,3,F,1,0,1.0,0,Maricá,415.3,449.2,478.8,422.1,640.0,2,A
210059337207,2,F,3,0,1.0,0,Nova Iguaçu,512.3,587.5,584.5,565.3,720.0,4,D
210059733127,2,F,3,0,1.0,0,Nova Iguaçu,472.5,560.7,584.2,518.0,640.0,4,B
210059761240,3,F,1,0,1.0,0,Niterói,565.5,599.5,670.8,711.7,920.0,4,N
210061055659,3,F,3,0,1.0,0,Duque de Caxias,456.8,485.8,494.9,480.7,720.0,2,B
210059761221,3,F,3,0,1.0,0,Niterói,553.7,518.9,602.9,546.8,800.0,5,I
210060368793,4,F,2,0,1.0,0,São João de Meriti,509.2,432.1,495.8,400.0,260.0,4,B
210060143625,4,F,1,0,1.0,0,Nilópolis,419.5,574.6,575.0,623.7,640.0,2,C
210060622910,3,F,1,0,1.0,0,Niterói,625.2,697.7,653.6,694.5,860.0,4,Q
210060244823,3,F,3,0,1.0,0,Belford Roxo,399.6,515.7,490.1,468.1,640.0,4,D
210059583700,3,F,1,0,1.0,0,Duque de Caxias,535.7,653.2,629.5,750.7,960.0,6,D
210058939434,2,F,1,0,1.0,0,Niterói,454.8,542.0,494.9,550.3,660.0,2,E
210060357954,3,F,1,0,1.0,0,Duque de Caxias,379.2,515.8,518.8,335.9,760.0,4,B
210060419993,2,F,1,0,1.0,0,Duque de Caxias,439.7,572.4,545.5,468.9,680.0,4,D
210059062505,2,F,3,0,1.0,0,Nova Iguaçu,546.6,572.3,560.2,635.2,660.0,3,D
210059006298,3,F,2,0,1.0,0,Nilópolis,484.9,512.1,498.9,480.5,480.0,4,B
210058599043,4,M,3,0,1.0,0,Nova Iguaçu,627.3,591.9,537.0,639.3,760.0,3,C
210060620803,3,F,1,0,1.0,0,Duque de Caxias,392.5,418.1,475.3,431.7,460.0,5,B
210060984787,3,M,3,0,1.0,0,Duque de Caxias,391.5,383.3,327.6,453.3,340.0,3,C
210058629098,2,F,1,0,1.0,0,Maricá,433.9,431.9,463.4,544.9,660.0,3,C
210058993137,3,F,1,0,1.0,0,Belford Roxo,561.4,625.5,600.6,484.9,540.0,3,A
210059006277,2,M,3,0,1.0,0,Duque de Caxias,434.4,499.0,506.3,450.3,560.0,2,B
210061127297,3,F,1,0,1.0,0,Niterói,466.3,326.6,405.9,473.3,780.0,4,B
210060158686,3,F,1,0,1.0,0,Duque de Caxias,548.1,608.3,563.5,670.8,880.0,3,E
210058599053,2,F,1,0,1.0,0,Niterói,578.1,617.1,606.5,723.6,640.0,3,C
210060371882,4,F,3,0,1.0,0,Duque de Caxias,431.5,441.0,460.3,451.9,600.0,4,C
210060314163,2,M,3,0,1.0,0,Belford Roxo,488.1,392.5,408.4,453.5,400.0,4,E
210058599055,4,F,1,0,1.0,0,Niterói,541.4,530.3,557.1,560.1,720.0,3,I
210061117440,3,F,3,0,1.0,0,Duque de Caxias,510.0,587.3,565.7,585.7,820.0,4,B
210060984732,2,F,1,0,1.0,0,Niterói,584.1,615.5,614.3,472.8,820.0,4,B
210059075502,3,F,1,0,1.0,0,Duque de Caxias,471.2,547.8,549.3,542.5,740.0,5,G
210058621686,2,M,1,0,1.0,0,Duque de Caxias,533.2,511.0,484.4,670.8,480.0,4,D
210060356362,2,M,3,0,1.0,0,Belford Roxo,500.0,553.2,471.5,650.3,520.0,2,B
210060356422,2,M,1,0,1.0,0,Niterói,705.6,721.0,632.8,787.0,940.0,4,G
210058712530,3,F,1,0,1.0,0,Nova Iguaçu,483.8,510.6,507.3,437.2,600.0,3,B
210058644419,3,F,1,0,1.0,0,Belford Roxo,423.6,435.5,424.9,367.7,600.0,5,B
210058621674,3,F,3,0,1.0,0,Nova Iguaçu,590.3,594.0,577.5,538.3,480.0,5,B
210059692009,4,F,1,0,1.0,0,Belford Roxo,470.6,529.7,537.4,396.8,640.0,5,G
210059075512,2,F,1,0,1.0,0,Nova Iguaçu,508.1,522.9,551.0,446.1,680.0,5,B
210060356430,2,F,3,0,1.0,0,Nova Iguaçu,429.1,480.0,525.7,664.3,660.0,4,C
210059706999,5,M,2,0,1.0,0,Niterói,447.4,624.1,591.9,456.7,760.0,2,Q
210059267784,2,F,2,0,1.0,0,São João de Meriti,526.3,514.1,500.4,370.0,880.0,3,A
210060050817,3,M,1,0,1.0,0,Nova Iguaçu,543.5,603.4,523.8,617.1,620.0,3,D
210060065829,3,M,1,0,1.0,0,Niterói,481.7,465.1,465.5,533.6,580.0,4,G
210059047458,2,F,3,0,1.0,0,Duque de Caxias,520.1,537.5,568.1,385.6,360.0,5,D
210059665893,2,F,3,0,1.0,0,Nilópolis,468.0,380.3,470.2,392.8,460.0,8,B
210059396783,3,F,3,0,1.0,0,Niterói,567.9,626.2,550.6,385.7,680.0,4,P
210058087614,3,F,2,0,1.0,0,Duque de Caxias,437.8,454.6,545.1,510.8,400.0,4,C
210058501612,3,F,3,0,1.0,0,Nova Iguaçu,554.6,563.7,562.1,430.0,540.0,3,D
210061314463,3,F,3,0,1.0,0,São João de Meriti,469.4,566.2,543.5,479.1,460.0,4,C
210059252788,2,M,1,0,1.0,0,Duque de Caxias,489.5,494.8,609.0,730.2,920.0,2,B
210059396768,3,F,4,0,1.0,0,Duque de Caxias,457.8,506.0,578.4,423.7,640.0,4,D
210060744429,3,M,3,0,1.0,0,Niterói,533.4,493.2,519.4,568.9,820.0,6,B
210059355468,2,F,3,0,1.0,0,São João de Meriti,416.3,466.4,402.4,386.6,600.0,4,C
210058277657,2,F,3,0,1.0,0,Duque de Caxias,397.2,446.5,503.5,427.9,740.0,4,E
210059265841,2,F,3,0,1.0,0,Belford Roxo,509.0,605.9,575.0,669.7,640.0,2,C
210060796100,2,F,3,0,1.0,0,Duque de Caxias,416.5,500.9,501.3,463.9,420.0,4,D
210060072613,3,F,1,0,1.0,0,São João de Meriti,528.9,474.5,560.9,565.8,880.0,2,B
210059355471,2,F,3,0,1.0,0,Duque de Caxias,449.4,487.2,437.6,471.5,720.0,4,G
210059398731,2,M,1,0,1.0,0,Niterói,396.8,511.2,528.4,610.6,760.0,3,M
210060754256,2,F,3,0,1.0,0,Maricá,405.6,368.9,452.4,363.9,360.0,4,C
210058987416,3,F,3,0,1.0,0,Duque de Caxias,398.0,492.6,439.9,434.1,660.0,3,C
210060796038,2,F,1,0,1.0,0,Niterói,477.3,557.2,513.1,412.7,740.0,3,B
210059396759,2,M,2,0,1.0,0,Duque de Caxias,474.8,521.5,551.4,501.4,740.0,5,G
210060784962,2,F,2,0,1.0,0,Nova Iguaçu,493.3,565.7,567.3,605.0,940.0,4,J
210060098185,5,F,2,0,1.0,0,Duque de Caxias,422.4,315.7,320.1,364.9,320.0,2,B
210058087388,3,M,1,0,1.0,0,Duque de Caxias,488.0,500.6,480.9,499.1,920.0,5,C
210059547461,2,M,1,0,1.0,0,Niterói,534.3,618.7,601.3,705.5,940.0,3,N
210060167547,3,F,3,0,1.0,0,Maricá,417.1,409.5,369.6,450.0,420.0,3,A
210058077298,4,M,2,0,1.0,0,Maricá,478.5,538.4,470.2,529.4,600.0,4,H
210059481134,3,M,3,0,1.0,0,Duque de Caxias,703.8,688.1,635.1,750.1,900.0,5,F
210059424829,3,M,4,0,1.0,0,Niterói,578.8,518.5,504.1,656.0,860.0,6,C
210060653079,3,F,3,0,1.0,0,Duque de Caxias,444.1,372.7,451.5,551.2,600.0,5,B
210058067762,2,F,2,0,1.0,0,São João de Meriti,583.5,621.6,499.0,621.5,980.0,4,F
210059466065,2,F,1,0,1.0,0,Duque de Caxias,431.6,511.3,450.6,461.3,700.0,3,E
210061376266,3,F,2,0,1.0,0,Belford Roxo,443.8,390.6,459.4,375.9,400.0,5,D
210059306950,3,M,3,0,1.0,0,Niterói,459.8,565.6,541.2,526.4,560.0,5,E
210058067693,2,F,1,0,1.0,0,Maricá,599.6,571.5,575.2,662.9,880.0,4,G
210060774842,3,M,3,0,1.0,0,Duque de Caxias,450.0,411.1,454.6,376.2,560.0,3,B
210060744079,1,F,2,0,1.0,0,Duque de Caxias,474.0,576.8,588.6,538.7,820.0,2,B
210058087437,3,F,3,0,1.0,0,Duque de Caxias,566.7,544.2,479.5,581.8,820.0,3,E
210060139425,2,F,1,0,1.0,0,Maricá,497.5,605.4,523.3,504.4,640.0,5,B
210061418271,2,M,3,0,1.0,0,Nova Iguaçu,529.6,472.6,416.3,513.3,680.0,4,C
210059573655,3,M,3,0,1.0,0,Duque de Caxias,607.8,603.0,555.5,755.8,720.0,3,E
210059532455,3,F,3,0,1.0,0,Duque de Caxias,486.9,534.0,500.6,410.7,680.0,4,B
210059079933,3,F,3,0,1.0,0,Duque de Caxias,568.8,581.4,546.6,558.0,680.0,4,C
210058492054,2,F,1,0,1.0,0,Duque de Caxias,472.8,519.0,548.8,585.9,780.0,4,D
210058079321,2,F,3,0,1.0,0,Nova Iguaçu,495.0,526.9,533.0,429.8,780.0,3,B
210060208693,3,F,1,0,1.0,0,Niterói,543.6,536.2,580.3,589.5,880.0,3,C
210060673167,3,M,1,0,1.0,0,São João de Meriti,528.3,555.1,539.0,497.2,680.0,5,A
210061356542,3,F,2,0,1.0,0,Duque de Caxias,529.3,569.2,535.4,560.8,840.0,3,H
210061387434,3,M,0,0,1.0,0,Maricá,438.6,426.8,471.1,467.1,380.0,4,D
210059196587,2,F,3,0,1.0,0,Nilópolis,467.4,406.1,449.1,417.1,360.0,3,B
210061458965,2,F,1,0,1.0,0,Maricá,491.5,626.8,666.1,670.5,840.0,2,F
210059522332,2,F,1,0,1.0,0,São João de Meriti,561.8,563.9,559.0,558.3,740.0,6,G
210059522312,2,F,3,0,1.0,0,Niterói,572.0,588.3,634.1,529.9,760.0,3,B
210058447182,3,F,2,0,1.0,0,Niterói,630.6,607.8,604.1,628.6,960.0,5,H
210061447810,2,F,1,0,1.0,0,São João de Meriti,576.7,565.2,534.9,573.4,720.0,4,F
210060776740,4,F,3,0,1.0,0,Nilópolis,468.4,448.4,530.1,551.5,420.0,3,E
210061386084,2,F,1,0,1.0,0,São João de Meriti,521.2,574.2,593.8,677.7,940.0,5,M
210060672707,2,F,2,0,1.0,0,Duque de Caxias,430.4,506.1,491.9,406.9,680.0,2,B
210060072582,3,M,3,0,1.0,0,Nova Iguaçu,517.3,552.4,532.0,473.8,500.0,3,I
210060083774,2,F,3,0,1.0,0,Duque de Caxias,451.7,490.9,465.0,402.9,480.0,4,B
210059436900,3,F,1,0,1.0,0,Nilópolis,463.9,558.6,568.8,454.4,760.0,4,B
210059355426,3,F,1,0,1.0,0,São João de Meriti,444.9,406.5,438.1,396.2,220.0,3,D
210059450063,3,F,2,0,1.0,0,Duque de Caxias,466.8,469.1,434.5,410.3,440.0,2,A
210058087303,2,M,2,0,1.0,0,Belford Roxo,562.3,617.3,586.4,661.0,900.0,3,B
210058067682,3,M,3,0,1.0,0,Duque de Caxias,529.1,598.6,584.1,398.0,560.0,3,C
210059423850,2,F,1,0,1.0,0,Nilópolis,538.0,662.0,616.6,684.3,960.0,4,L
210061428026,2,F,3,0,1.0,0,Niterói,525.2,577.7,600.8,654.6,840.0,3,E
210061428067,3,F,3,0,1.0,0,Duque de Caxias,505.2,656.6,607.3,617.7,600.0,4,D
210059000315,2,F,1,0,1.0,0,Duque de Caxias,572.2,614.6,605.3,587.1,880.0,4,C
210058936376,2,F,1,0,1.0,0,Belford Roxo,531.4,384.4,569.6,549.7,760.0,4,D
210058077190,2,F,1,0,1.0,0,São João de Meriti,416.2,613.9,621.0,610.3,840.0,2,B
210059000295,2,M,1,0,1.0,0,Nova Iguaçu,497.7,587.8,588.9,715.5,520.0,2,C
210060723466,3,F,3,0,1.0,0,Duque de Caxias,342.4,420.8,409.4,361.7,440.0,4,B
210058087311,2,F,1,0,1.0,0,Niterói,524.9,619.3,478.6,657.6,920.0,4,H
210059383587,2,F,2,0,1.0,0,Duque de Caxias,522.9,605.2,547.8,438.0,800.0,4,C
210060723469,3,M,3,0,1.0,0,Duque de Caxias,494.1,561.5,534.0,384.8,500.0,3,B
210060693688,3,F,1,0,1.0,0,Duque de Caxias,510.4,482.8,522.3,494.7,520.0,4,C
210058599091,3,M,5,0,1.0,0,Niterói,466.1,514.7,525.2,462.0,540.0,4,H
210061117443,2,F,1,0,1.0,0,Nova Iguaçu,419.0,511.9,537.7,512.7,880.0,5,L
210061076755,4,F,1,0,1.0,0,Duque de Caxias,395.4,422.7,345.7,362.6,500.0,1,B
210058952003,3,F,1,0,1.0,0,Nova Iguaçu,419.3,412.6,521.5,628.6,500.0,6,F
210059350408,11,M,2,0,1.0,0,Duque de Caxias,447.0,345.2,351.3,489.6,460.0,1,B
210058605732,2,M,1,0,1.0,0,Maricá,536.6,565.9,552.2,537.6,880.0,4,D
210058277499,3,M,1,0,1.0,0,Niterói,574.6,611.7,593.4,649.0,960.0,4,K
210060009772,4,M,3,0,1.0,0,Nova Iguaçu,504.8,529.1,526.8,454.6,400.0,4,B
210059008277,2,M,1,0,1.0,0,Nova Iguaçu,497.2,446.2,473.8,486.5,380.0,3,G
210060272958,4,M,3,0,1.0,0,Duque de Caxias,412.0,527.5,481.4,402.8,800.0,5,B
210059157204,3,M,3,0,1.0,0,Nova Iguaçu,578.1,656.6,510.4,740.6,880.0,3,B
210058680465,3,M,1,0,1.0,0,Maricá,595.2,637.4,596.8,753.1,820.0,3,G
210058572346,3,M,1,0,1.0,0,Duque de Caxias,672.5,680.0,575.0,726.9,880.0,4,K
210059983556,3,F,2,0,1.0,0,Nova Iguaçu,514.0,584.2,612.3,604.6,940.0,2,E
210060724863,2,F,3,0,1.0,0,Duque de Caxias,434.6,504.7,526.6,448.1,680.0,5,G
210058464881,3,F,1,0,1.0,0,São João de Meriti,488.0,545.7,565.4,607.3,820.0,3,C
210060221840,3,M,3,0,1.0,0,Nilópolis,441.7,479.6,454.4,466.8,400.0,4,B
210060221863,2,F,2,0,1.0,0,Nova Iguaçu,427.6,445.9,457.5,427.6,440.0,4,C
210059465199,3,F,2,0,1.0,0,Nova Iguaçu,411.5,609.7,504.0,545.0,840.0,4,B
210060208757,3,F,1,0,1.0,0,Duque de Caxias,543.5,610.2,585.3,639.8,820.0,5,C
210058501630,3,F,3,0,1.0,0,Belford Roxo,415.3,493.2,534.8,369.4,740.0,1,B
210058948924,3,F,3,0,1.0,0,Nilópolis,492.3,502.9,498.7,481.2,560.0,4,B
210060765151,2,F,2,0,1.0,0,Niterói,392.9,537.6,505.6,606.5,520.0,3,B
210058948909,3,F,3,0,1.0,0,São João de Meriti,514.3,615.8,543.3,547.3,720.0,2,A
210061449231,3,F,2,0,1.0,0,Duque de Caxias,524.5,584.1,428.5,370.5,960.0,3,F
210058474355,2,M,1,0,1.0,0,Niterói,623.4,616.2,591.9,832.2,840.0,2,M
210058216050,2,M,1,0,1.0,0,Nova Iguaçu,637.1,623.4,588.7,769.6,640.0,3,E
210059437054,2,M,1,0,1.0,0,Maricá,462.2,583.9,417.1,589.0,460.0,2,E
210059370619,3,F,2,0,1.0,0,Duque de Caxias,478.6,510.3,451.6,480.2,280.0,4,B
210058237050,3,F,1,0,1.0,0,Duque de Caxias,493.7,605.4,578.0,550.5,560.0,4,B
210060684307,2,F,1,0,1.0,0,Niterói,674.5,661.1,604.3,764.6,920.0,3,L
210059423998,2,M,3,0,1.0,0,Nova Iguaçu,475.0,413.0,527.9,521.8,440.0,5,D
210059563618,3,F,1,0,1.0,0,Duque de Caxias,472.8,511.8,478.7,471.4,720.0,3,A
210060208731,3,F,3,0,1.0,0,Duque de Caxias,511.2,515.5,463.1,418.9,660.0,3,D
210059155507,3,F,3,0,1.0,0,Niterói,420.7,397.9,390.0,441.2,580.0,6,B
210060765197,3,M,3,0,1.0,0,Duque de Caxias,480.0,549.6,559.6,521.8,460.0,2,C
210061004530,3,M,2,0,1.0,0,Nova Iguaçu,487.9,517.9,457.3,417.9,520.0,4,A
210058987466,2,F,1,0,1.0,0,Duque de Caxias,414.1,508.1,544.2,476.6,740.0,4,C
210058729155,3,F,3,0,1.0,0,Niterói,487.1,581.2,509.0,437.4,560.0,5,C
210059761254,2,F,1,0,1.0,0,Nova Iguaçu,587.2,606.7,575.9,533.1,840.0,4,B
210061034669,4,M,1,0,1.0,0,Duque de Caxias,520.8,558.2,535.2,591.6,880.0,5,B
210058437768,2,M,3,0,1.0,0,Duque de Caxias,545.2,555.9,520.0,622.4,440.0,2,D
210060167570,2,M,1,0,1.0,0,Niterói,403.5,562.0,493.8,513.8,580.0,2,C
210059116904,2,M,3,0,1.0,0,Duque de Caxias,547.5,595.6,552.5,641.5,800.0,6,C
210060180656,2,F,1,0,1.0,0,Duque de Caxias,398.4,509.2,509.6,547.2,640.0,6,C
210060796185,8,M,2,0,1.0,0,Nilópolis,482.7,502.2,511.6,429.0,520.0,3,B
210060796206,3,F,4,0,1.0,0,Duque de Caxias,409.7,529.9,465.6,524.5,500.0,3,B
210059092897,2,F,2,0,1.0,0,Nova Iguaçu,516.5,567.2,562.9,579.0,560.0,5,C
210060126349,2,M,3,0,1.0,0,Niterói,579.8,621.0,666.5,559.9,940.0,2,B
210060805785,2,M,3,0,1.0,0,Nilópolis,419.9,412.5,443.4,482.2,600.0,3,D
210059306973,3,F,2,0,1.0,0,Nova Iguaçu,445.1,420.4,363.9,345.7,640.0,3,B
210059466108,2,F,2,0,1.0,0,Maricá,534.3,595.4,540.6,625.6,760.0,3,D
210060632616,2,F,0,0,1.0,0,Duque de Caxias,418.9,448.7,459.1,470.7,580.0,4,C
210060126354,4,M,1,0,1.0,0,Duque de Caxias,562.3,581.3,568.1,604.3,780.0,3,B
210061345393,2,F,2,0,1.0,0,Niterói,379.7,581.8,374.7,333.8,620.0,5,B
210061345413,2,F,3,0,1.0,0,Nova Iguaçu,491.5,551.0,592.0,475.9,900.0,4,F
210059481165,2,F,3,0,1.0,0,Nova Iguaçu,499.2,534.2,551.5,530.8,480.0,2,B
210059532468,2,F,3,0,1.0,0,São João de Meriti,602.8,554.8,540.0,496.4,920.0,2,B
210059116919,2,F,3,0,1.0,0,Nova Iguaçu,538.2,583.2,526.0,571.3,560.0,3,E
210058420202,2,M,2,0,1.0,0,Belford Roxo,512.4,510.6,485.1,473.9,600.0,3,C
210058168977,4,F,1,0,1.0,0,Duque de Caxias,568.5,635.5,587.3,737.6,940.0,5,E
210059439921,2,M,3,0,1.0,0,Duque de Caxias,445.0,492.0,554.6,613.3,620.0,3,B
210061356575,3,F,2,0,1.0,0,Nova Iguaçu,393.3,462.5,481.4,387.2,340.0,2,B
210060786565,2,F,1,0,1.0,0,Duque de Caxias,457.7,508.1,482.0,399.2,440.0,2,F
210058322140,2,F,2,0,1.0,0,Nova Iguaçu,512.4,486.9,446.3,439.7,800.0,4,C
210060603277,2,F,1,0,1.0,0,Belford Roxo,486.0,572.4,571.1,498.4,500.0,2,C
210059694077,2,F,3,0,1.0,0,Nova Iguaçu,493.5,521.5,459.1,501.8,780.0,4,B
210059296172,4,M,1,0,1.0,0,Niterói,547.7,574.9,558.6,680.1,640.0,3,C
210059090679,2,F,2,0,1.0,0,Niterói,476.5,494.7,485.3,433.8,800.0,3,B
210059679117,4,F,2,0,1.0,0,Niterói,461.2,534.2,537.1,402.7,640.0,4,C
210060437530,3,F,3,0,1.0,0,Nova Iguaçu,544.2,544.4,563.3,483.3,680.0,2,D
210061015762,5,M,2,0,1.0,0,Duque de Caxias,459.2,518.3,489.4,439.2,640.0,3,D
210060994759,3,F,3,0,1.0,0,Duque de Caxias,477.9,527.6,544.8,522.6,820.0,3,B
210058532549,3,F,1,0,1.0,0,Duque de Caxias,448.3,443.0,457.6,483.2,580.0,3,B
210058653325,3,M,2,0,1.0,0,Nova Iguaçu,442.0,433.7,521.8,515.6,580.0,5,B
210060592114,3,M,2,0,1.0,0,Duque de Caxias,459.3,516.9,528.8,599.9,700.0,4,D
210059720216,2,F,3,0,1.0,0,Nova Iguaçu,559.1,585.1,560.6,590.1,420.0,2,D
210058621828,2,M,2,0,1.0,0,Maricá,543.5,585.4,569.6,582.4,580.0,4,B
210058644612,1,F,3,0,1.0,0,Duque de Caxias,456.4,478.5,398.9,367.2,320.0,3,C
210059296186,3,F,1,0,1.0,0,Nilópolis,378.9,539.9,508.4,426.0,440.0,5,B
210059707164,2,M,2,0,1.0,0,Niterói,564.0,638.2,604.0,661.9,580.0,5,D
210059679108,4,M,1,0,1.0,0,Nova Iguaçu,545.1,558.1,530.5,422.6,680.0,4,B
210059666060,3,M,3,0,1.0,0,Nova Iguaçu,595.1,627.0,570.2,595.6,740.0,5,G
210060500645,3,F,1,0,1.0,0,Nova Iguaçu,495.8,529.1,540.1,590.1,760.0,3,C
210060592060,3,M,3,0,1.0,0,Duque de Caxias,545.4,634.1,590.9,685.4,620.0,4,E
210060623002,2,F,1,0,1.0,0,Niterói,559.1,594.3,596.7,692.1,960.0,4,P
210058734491,4,F,1,0,1.0,0,Niterói,449.8,417.1,333.2,428.1,400.0,3,B
210058952076,2,F,2,0,1.0,0,São João de Meriti,391.5,519.9,496.1,404.4,360.0,2,B
210058734530,3,F,1,0,1.0,0,Niterói,545.7,546.0,507.8,603.8,780.0,2,G
210060130688,3,F,1,0,1.0,0,São João de Meriti,494.0,503.3,496.3,577.1,940.0,2,B
210060601951,5,F,2,0,1.0,0,São João de Meriti,391.3,550.4,515.2,387.3,500.0,5,B
210058952100,3,F,3,0,1.0,0,Niterói,441.3,520.8,472.2,396.7,520.0,3,C
210058549832,3,F,3,0,1.0,0,Nova Iguaçu,524.4,510.0,455.5,434.7,600.0,6,A
210059748273,5,F,1,0,1.0,0,Nilópolis,611.5,612.2,624.9,659.5,920.0,3,B
210058557769,3,F,2,0,1.0,0,Duque de Caxias,533.0,531.4,518.4,374.5,600.0,6,D
210060466231,2,M,1,0,1.0,0,Niterói,504.1,467.1,470.9,383.6,520.0,3,G
210059761328,3,F,1,0,1.0,0,Nova Iguaçu,448.9,501.9,509.0,488.4,660.0,3,B
210059776345,4,F,2,0,1.0,0,Duque de Caxias,400.1,486.5,542.8,530.4,640.0,5,B
210060258011,2,F,2,0,1.0,0,Niterói,521.3,447.1,521.6,519.1,580.0,3,B
210058322088,2,F,3,0,1.0,0,Duque de Caxias,473.7,550.6,557.0,481.6,780.0,5,B
210061055768,2,M,1,0,1.0,0,Nova Iguaçu,575.0,590.9,540.4,619.5,740.0,3,E
210058246707,2,F,1,0,1.0,0,Nova Iguaçu,553.9,609.7,606.3,774.8,940.0,5,D
210060258037,3,F,2,0,1.0,0,Nova Iguaçu,546.9,570.0,538.6,638.9,860.0,3,G
210060130699,3,F,1,0,1.0,0,Duque de Caxias,505.5,579.1,565.6,471.9,460.0,3,B
210058729212,2,F,1,0,1.0,0,Duque de Caxias,532.5,514.6,527.2,408.5,460.0,2,B
210059309209,3,M,1,0,1.0,0,Nova Iguaçu,463.2,553.2,422.5,454.6,560.0,4,B
210059350474,3,F,3,0,1.0,0,Duque de Caxias,516.3,590.2,560.1,612.7,780.0,2,B
210059049536,3,M,1,0,1.0,0,Maricá,583.0,600.8,637.0,562.8,720.0,2,B
210060286120,2,F,1,0,1.0,0,Belford Roxo,534.5,614.3,557.3,578.6,720.0,5,D
210058287404,2,F,3,0,1.0,0,São João de Meriti,474.6,589.9,600.0,497.4,640.0,4,C
210059596853,2,F,1,0,1.0,0,Nova Iguaçu,535.5,622.0,547.7,660.4,680.0,4,F
210059021410,3,F,3,0,1.0,0,Belford Roxo,564.9,508.5,412.6,448.9,580.0,4,C
210058723993,2,F,2,0,1.0,0,São João de Meriti,526.1,596.8,576.1,631.6,900.0,3,G
210058718003,3,F,1,0,1.0,0,Niterói,459.6,537.9,439.7,387.7,660.0,3,B
210060326057,3,M,3,0,1.0,0,Duque de Caxias,574.0,567.7,543.2,662.0,680.0,2,C
210060024855,2,F,1,0,1.0,0,Nova Iguaçu,452.0,536.6,546.1,466.9,680.0,2,B
210061107669,2,F,2,0,1.0,0,Duque de Caxias,430.7,462.9,510.4,409.1,420.0,4,B
210058980188,2,F,2,0,1.0,0,Nilópolis,483.9,570.0,501.8,499.2,680.0,2,C
210059789416,2,M,1,0,1.0,0,Nova Iguaçu,586.0,554.7,565.7,584.1,700.0,4,F
210060350319,2,M,3,0,1.0,0,Duque de Caxias,452.5,582.3,533.2,572.3,680.0,5,D
210058287414,2,F,3,0,1.0,0,Duque de Caxias,464.9,660.0,545.7,554.1,920.0,4,B
210058723339,3,F,1,0,1.0,0,Duque de Caxias,561.9,587.4,514.5,519.2,820.0,4,B
210060523834,3,M,3,0,1.0,0,Niterói,427.1,546.2,500.2,391.1,340.0,2,B
210059049476,1,F,2,0,1.0,0,Maricá,478.6,464.5,456.8,601.4,820.0,4,G
210059075632,3,M,1,0,1.0,0,Niterói,495.8,555.2,528.5,555.3,840.0,4,A
210059034470,3,F,1,0,1.0,0,Nova Iguaçu,395.5,410.2,385.0,372.0,380.0,3,B
210058308364,2,M,1,0,1.0,0,Niterói,673.0,710.8,628.7,807.8,900.0,3,I
210059226621,2,F,1,0,1.0,0,Niterói,416.4,393.7,513.4,673.1,820.0,4,C
210060994717,3,F,3,0,1.0,0,Niterói,575.0,628.9,641.5,573.0,840.0,4,D
210058182523,2,F,3,0,1.0,0,Nilópolis,558.6,642.5,584.5,686.3,780.0,4,E
210059034435,3,F,1,0,1.0,0,Nova Iguaçu,601.0,602.0,614.8,685.8,860.0,2,A
210059049506,2,F,1,0,1.0,0,Nova Iguaçu,518.7,525.3,551.4,493.1,560.0,4,B
210060437456,2,M,1,0,1.0,0,Nova Iguaçu,467.3,566.7,506.7,481.6,580.0,3,G
210058153790,3,F,3,0,1.0,0,Belford Roxo,440.8,427.1,410.0,381.9,520.0,2,B
210059267894,2,F,3,0,1.0,0,Nova Iguaçu,421.5,528.4,552.4,408.4,340.0,3,B
210060104574,3,M,1,0,1.0,0,Niterói,523.4,575.0,597.8,597.6,900.0,2,C
210058153794,2,F,2,0,1.0,0,Maricá,453.6,544.5,456.2,578.7,860.0,2,G
210060065947,3,F,2,0,1.0,0,Maricá,392.2,465.0,426.7,428.5,640.0,4,B
210058701409,3,F,2,0,1.0,0,Nova Iguaçu,528.8,640.6,566.5,618.3,580.0,4,B
210058701430,4,F,3,0,1.0,0,Nilópolis,425.0,433.9,509.7,404.0,420.0,5,B
210060117604,3,M,3,0,1.0,0,Duque de Caxias,583.3,655.8,316.2,706.9,760.0,2,B
210059049494,2,F,1,0,1.0,0,Niterói,559.4,563.3,578.2,656.4,760.0,2,B
210058621755,2,M,3,0,1.0,0,Niterói,701.8,714.1,659.8,796.4,860.0,2,D
210060079039,2,F,3,0,1.0,0,Nova Iguaçu,356.7,564.0,517.1,479.3,820.0,3,B
210059254765,3,M,1,0,1.0,0,Niterói,497.8,510.3,512.7,616.3,560.0,2,G
210060072768,3,F,3,0,1.0,0,Nova Iguaçu,456.3,435.8,485.0,458.3,340.0,6,A
210060705068,2,F,3,0,1.0,0,Niterói,546.1,489.4,467.2,571.7,680.0,3,C
210060766877,2,F,3,0,1.0,0,Nilópolis,575.0,490.4,507.2,411.3,600.0,3,D
210058237078,3,F,4,0,1.0,0,Belford Roxo,383.0,393.3,523.3,518.2,520.0,4,A
210060776318,3,M,3,0,1.0,0,Duque de Caxias,506.0,593.4,598.8,608.4,780.0,6,C
210061418420,4,M,2,0,1.0,0,São João de Meriti,414.5,507.7,515.3,528.9,640.0,4,B
210059239866,1,F,1,0,1.0,0,Nova Iguaçu,501.2,580.4,634.2,600.2,840.0,5,C
210058511236,3,F,1,0,1.0,0,Niterói,482.1,571.5,588.4,484.8,900.0,4,M
210058530254,3,F,1,0,1.0,0,Maricá,490.2,472.2,597.5,494.0,620.0,3,F
210058258069,3,M,2,0,1.0,0,São João de Meriti,462.7,585.7,563.9,527.6,420.0,3,B
210058987527,3,F,1,0,1.0,0,Duque de Caxias,559.3,596.3,662.5,676.3,860.0,6,G
210059224829,2,F,1,0,1.0,0,São João de Meriti,465.5,465.4,511.6,532.7,800.0,3,B
210058530218,2,F,3,0,1.0,0,Nova Iguaçu,438.5,533.9,536.0,518.7,780.0,4,E
210059550551,4,F,1,0,1.0,0,Nova Iguaçu,605.6,594.5,569.5,571.7,580.0,4,C
210060713831,4,F,2,0,1.0,0,São João de Meriti,457.8,525.9,526.0,633.3,940.0,2,B
210058530239,2,F,2,0,1.0,0,Belford Roxo,530.6,513.2,512.0,484.0,580.0,3,B
210058267970,3,F,1,0,1.0,0,Niterói,534.9,538.6,617.3,700.3,920.0,4,N
210059424034,2,F,1,0,1.0,0,Niterói,561.4,591.9,630.6,654.5,860.0,3,M
210058712736,2,F,3,0,1.0,0,São João de Meriti,435.9,394.3,515.8,459.9,600.0,2,B
210058401407,4,F,1,0,1.0,0,Belford Roxo,401.8,437.6,435.1,347.4,540.0,2,D
210059041213,5,F,1,0,1.0,0,Nova Iguaçu,401.3,378.0,299.9,427.0,600.0,2,C
210060301231,2,M,5,0,1.0,0,Belford Roxo,430.8,426.4,442.0,366.3,500.0,4,D
210059611910,3,M,3,0,1.0,0,Nova Iguaçu,593.0,629.8,553.7,637.2,440.0,5,C
210060695255,2,F,3,0,1.0,0,Duque de Caxias,381.3,537.9,524.7,450.4,720.0,3,E
210060098287,3,F,1,0,1.0,0,Nilópolis,471.1,551.8,569.1,510.9,640.0,4,B
210059493312,4,M,1,0,1.0,0,Niterói,534.8,504.4,496.6,560.5,780.0,4,G
210059294006,3,F,3,0,1.0,0,Nova Iguaçu,480.7,494.8,441.5,356.2,320.0,5,C
210058420241,3,F,2,0,1.0,0,Nova Iguaçu,513.4,562.2,528.1,603.6,860.0,4,H
210061468951,3,M,3,0,1.0,0,Duque de Caxias,532.8,607.3,519.4,562.4,740.0,5,K
210060693929,2,F,1,0,1.0,0,Niterói,630.8,729.5,691.3,756.7,920.0,4,Q
210059252859,2,F,2,0,1.0,0,Nova Iguaçu,517.8,500.2,495.7,629.0,780.0,4,E
210059252860,4,F,2,0,1.0,0,Duque de Caxias,461.4,513.4,478.8,405.7,560.0,4,D
210058993321,3,F,1,0,1.0,0,Duque de Caxias,440.3,513.3,484.0,347.8,660.0,3,C
210059265893,2,M,3,0,1.0,0,Duque de Caxias,493.8,602.5,526.2,706.2,940.0,3,G
210058267905,2,F,2,0,1.0,0,Nova Iguaçu,411.8,462.2,505.4,544.3,700.0,6,C
210060695245,3,F,3,0,1.0,0,Maricá,558.7,572.7,543.1,530.0,960.0,4,D
210059293994,2,F,3,0,1.0,0,Niterói,545.0,486.5,494.2,596.2,920.0,3,C
210059411852,4,M,1,0,1.0,0,Nova Iguaçu,525.2,569.3,557.3,546.8,600.0,5,B
210059041231,3,F,1,0,1.0,0,Niterói,549.3,542.2,583.5,658.4,880.0,4,J
210059067086,2,M,1,0,1.0,0,Nova Iguaçu,397.8,364.9,319.2,444.0,440.0,3,B
210059522450,3,F,3,0,1.0,0,São João de Meriti,454.5,557.6,489.4,539.6,380.0,3,B
210060167625,3,F,3,0,1.0,0,Duque de Caxias,402.9,382.8,369.4,421.3,560.0,4,B
210059080005,2,F,2,0,1.0,0,Nova Iguaçu,515.9,355.1,553.6,464.6,720.0,2,B
210060663435,2,M,3,0,1.0,0,Nova Iguaçu,527.0,545.8,541.4,592.1,540.0,4,E
210059395854,3,M,3,0,1.0,0,São João de Meriti,420.8,544.2,506.5,542.7,760.0,3,B
210060673276,2,F,3,0,1.0,0,Niterói,527.1,476.7,499.6,474.7,580.0,2,B
210058455446,3,M,0,0,1.0,0,Niterói,567.5,636.2,578.6,670.2,580.0,5,H
210058182749,3,F,1,0,1.0,0,Duque de Caxias,474.3,504.6,536.9,645.5,620.0,5,E
210058474410,3,M,3,0,1.0,0,São João de Meriti,468.2,653.1,525.7,503.5,900.0,3,B
210059080033,3,F,1,0,1.0,0,Duque de Caxias,433.3,492.4,485.6,390.3,380.0,4,B
210059118934,2,F,2,0,1.0,0,Duque de Caxias,515.6,442.6,412.6,422.7,820.0,3,B
210058168999,3,F,1,0,1.0,0,Niterói,405.4,540.2,575.1,493.6,900.0,3,H
210058182753,2,F,3,0,1.0,0,Duque de Caxias,544.2,608.1,582.1,592.7,900.0,2,C
210060704965,2,M,2,0,1.0,0,Nova Iguaçu,611.0,503.8,588.8,732.4,900.0,4,D
210061387555,3,M,3,0,1.0,0,Maricá,560.2,611.5,595.8,662.2,840.0,3,H
210060766718,2,M,2,0,1.0,0,Niterói,380.3,432.6,454.4,556.2,700.0,4,B
210060195750,3,F,3,0,1.0,0,Belford Roxo,462.1,538.5,519.3,444.1,680.0,6,B
210058182738,3,F,3,0,1.0,0,Duque de Caxias,380.6,500.7,531.0,367.6,640.0,6,D
210060180740,3,M,1,0,1.0,0,Duque de Caxias,601.0,621.6,630.5,804.3,600.0,5,B
210060523878,2,M,1,0,1.0,0,Nova Iguaçu,552.8,563.6,559.7,536.9,600.0,5,F
210060534497,2,M,2,0,1.0,0,Belford Roxo,378.8,370.5,419.8,506.0,520.0,5,I
210058579774,3,F,3,0,1.0,0,Duque de Caxias,509.0,409.7,447.8,560.4,340.0,5,B
210060534481,3,F,3,0,1.0,0,Nova Iguaçu,482.9,541.2,535.2,455.5,640.0,4,E
210061055804,3,M,3,0,1.0,0,São João de Meriti,470.7,623.4,582.5,676.0,560.0,4,F
210061065673,3,M,1,0,1.0,0,Niterói,635.7,615.6,591.9,739.6,940.0,3,N
210058702182,3,F,3,0,1.0,0,Nilópolis,568.6,442.9,525.1,569.9,540.0,2,B
210058707428,2,F,0,0,1.0,0,Duque de Caxias,564.5,581.9,546.4,480.7,680.0,4,C
210058559078,4,F,1,0,1.0,0,Niterói,578.4,634.7,647.5,721.7,900.0,3,K
210060145733,4,M,1,0,1.0,0,Duque de Caxias,379.9,492.4,524.0,485.2,520.0,5,D
210058696261,2,M,3,0,1.0,0,Nova Iguaçu,535.9,501.3,528.5,501.8,480.0,3,F
210060158829,2,M,1,0,1.0,0,Nova Iguaçu,524.3,562.1,568.4,522.7,540.0,4,C
210058343137,3,F,1,0,1.0,0,Niterói,592.1,655.5,641.7,605.3,940.0,4,O
210058236914,2,F,2,0,1.0,0,Maricá,350.5,512.3,495.3,541.8,660.0,2,D
210058267782,2,M,1,0,1.0,0,Duque de Caxias,507.6,507.4,477.6,482.6,480.0,4,B
210059789475,3,M,3,0,1.0,0,Nilópolis,387.3,427.5,353.3,444.2,480.0,3,B
210058579747,4,F,2,0,1.0,0,Belford Roxo,463.7,408.0,344.7,335.4,440.0,4,B
210060171904,2,F,2,0,1.0,0,Belford Roxo,542.2,562.8,587.5,558.6,720.0,3,C
210059337392,3,M,1,0,1.0,0,Duque de Caxias,599.7,573.3,517.6,708.8,680.0,5,E
210059560763,2,M,1,0,1.0,0,Nova Iguaçu,494.4,552.8,596.0,460.3,680.0,4,E
210058465016,2,M,3,0,1.0,0,Nova Iguaçu,545.1,541.2,539.6,475.5,640.0,4,F
210059054265,3,F,3,0,1.0,0,Niterói,502.7,541.0,514.9,514.9,940.0,3,C
210059481310,3,F,1,0,1.0,0,Duque de Caxias,496.9,438.3,465.5,346.8,540.0,2,B
210060167770,2,F,2,0,1.0,0,Nova Iguaçu,361.6,415.7,465.4,440.0,520.0,9,B
210059106010,4,F,2,0,1.0,0,Duque de Caxias,382.0,417.7,379.1,361.5,520.0,3,D
210058298828,3,F,3,0,1.0,0,Niterói,439.5,513.8,497.8,548.3,580.0,6,C
210061366648,3,F,3,0,1.0,0,Niterói,422.4,595.1,587.9,533.0,860.0,3,D
210059509424,3,F,1,0,1.0,0,Niterói,522.7,649.5,597.2,652.8,940.0,5,C
210059534589,3,F,1,0,1.0,0,Maricá,537.5,377.5,543.0,537.7,640.0,4,C
210059575829,3,F,1,0,1.0,0,Duque de Caxias,325.5,402.0,364.2,530.2,480.0,3,C
210059440061,3,F,3,0,1.0,0,Niterói,541.9,578.7,598.6,407.1,620.0,2,B
210059080119,3,F,3,0,1.0,0,Nova Iguaçu,510.2,556.7,568.1,577.5,780.0,3,B
210058447373,3,F,3,0,1.0,0,Niterói,440.1,574.6,565.4,635.2,680.0,3,E
210061377815,3,F,1,0,1.0,0,São João de Meriti,500.2,560.0,548.0,590.6,660.0,6,G
210058216134,3,F,2,0,1.0,0,Nilópolis,441.4,418.0,502.3,576.4,360.0,6,E
210059170652,3,F,3,0,1.0,0,Belford Roxo,400.7,314.5,385.5,396.1,620.0,4,B
210060195794,3,M,3,0,1.0,0,São João de Meriti,381.3,429.4,306.5,419.4,360.0,2,B
210059183640,3,F,3,0,1.0,0,Nova Iguaçu,481.5,487.6,513.8,418.9,520.0,5,G
210060180765,2,M,1,0,1.0,0,Niterói,653.2,675.5,585.4,777.1,880.0,4,G
210059105954,2,F,1,0,1.0,0,Nova Iguaçu,512.5,524.0,507.6,398.6,620.0,3,E
210061397481,2,M,1,0,1.0,0,Niterói,530.0,627.1,563.9,680.9,920.0,4,E
210060195783,16,F,1,0,1.0,0,Nova Iguaçu,486.6,546.6,456.5,378.6,440.0,2,A
210060180772,2,M,3,0,1.0,0,Nova Iguaçu,536.5,552.0,533.5,446.8,560.0,2,H
210060663478,3,F,3,0,1.0,0,Belford Roxo,544.5,574.0,562.2,536.3,820.0,4,C
210058206302,2,F,3,0,1.0,0,Nova Iguaçu,531.6,512.6,475.0,540.2,640.0,2,B
210058169066,2,F,1,0,1.0,0,Duque de Caxias,497.2,555.5,565.8,493.0,800.0,4,F
210059425058,2,F,2,0,1.0,0,Duque de Caxias,463.8,501.7,486.5,430.9,940.0,3,B
210060059701,2,F,1,0,1.0,0,São João de Meriti,473.4,492.9,497.9,609.9,820.0,2,B
210058974694,4,M,1,0,1.0,0,Duque de Caxias,571.6,601.3,586.5,438.5,600.0,4,B
210059398865,4,F,2,0,1.0,0,Belford Roxo,424.0,433.6,431.6,343.8,460.0,4,C
210060085273,4,F,3,0,1.0,0,São João de Meriti,638.4,660.9,637.6,772.1,940.0,4,E
210059002479,3,F,1,0,1.0,0,Niterói,622.7,591.6,609.1,678.2,920.0,4,J
210059028362,2,M,4,0,1.0,0,Niterói,469.1,469.9,423.3,580.8,600.0,3,E
210059478374,3,F,1,0,1.0,0,São João de Meriti,487.3,437.6,498.7,407.5,620.0,4,B
210059224900,2,F,1,0,1.0,0,Duque de Caxias,477.3,580.5,525.8,478.3,640.0,2,B
210059357590,3,F,3,0,1.0,0,Niterói,661.4,677.4,617.8,697.7,920.0,3,F
210059370749,2,F,3,0,1.0,0,Belford Roxo,518.1,355.4,504.2,354.5,700.0,3,A
210059411969,4,F,3,0,1.0,0,Nova Iguaçu,471.8,333.5,413.6,345.3,580.0,2,B
210059465322,2,F,3,0,1.0,0,Nova Iguaçu,442.5,490.0,521.4,574.9,600.0,2,B
210059493396,3,M,1,0,1.0,0,Maricá,577.4,639.9,551.4,555.5,520.0,3,B
210058393309,3,M,3,0,1.0,0,Duque de Caxias,537.4,547.3,577.7,499.0,680.0,3,D
210059519544,3,F,3,0,1.0,0,Duque de Caxias,510.1,442.0,332.0,397.3,780.0,3,E
210060714976,2,F,3,0,1.0,0,Maricá,431.5,618.5,593.2,655.8,820.0,5,D
210058428420,2,F,2,0,1.0,0,Duque de Caxias,529.7,521.7,567.4,590.5,640.0,2,D
210060765437,2,M,3,0,1.0,0,Nova Iguaçu,471.9,530.8,501.1,576.9,400.0,3,C
210059041259,3,F,1,0,1.0,0,Duque de Caxias,479.3,576.2,634.7,677.0,920.0,3,H
210058428463,3,F,1,0,1.0,0,Niterói,498.9,568.9,584.5,618.0,980.0,3,Q
210060776573,3,F,2,0,1.0,0,Niterói,488.2,566.3,514.6,511.8,840.0,3,D
210060714719,2,F,2,0,1.0,0,Maricá,470.2,604.4,595.6,560.0,880.0,2,C
210058437859,2,F,3,0,1.0,0,Duque de Caxias,453.9,460.4,488.7,407.9,620.0,2,C
210060643817,3,F,3,0,1.0,0,Nilópolis,472.2,495.7,467.1,336.6,420.0,4,B
210058277775,2,F,3,0,1.0,0,Nova Iguaçu,428.5,343.6,448.1,441.9,440.0,5,B
210059067137,3,M,3,0,1.0,0,Nova Iguaçu,658.0,684.3,519.8,801.8,940.0,4,M
210058155947,2,F,3,0,1.0,0,Nova Iguaçu,525.8,581.9,539.4,541.3,760.0,5,E
210059560702,3,F,3,0,1.0,0,São João de Meriti,485.6,580.7,580.3,509.1,680.0,4,B
210059466210,2,M,3,0,1.0,0,Niterói,454.5,539.1,513.7,633.6,500.0,6,C
210059425017,3,F,3,0,1.0,0,Duque de Caxias,533.2,580.9,591.6,591.3,600.0,3,C
210059294022,3,F,3,0,1.0,0,Nova Iguaçu,464.5,431.0,453.2,501.6,860.0,2,B
210059440005,2,F,3,0,1.0,0,Nova Iguaçu,464.2,450.0,443.6,594.0,580.0,3,B
210059103898,3,M,1,0,1.0,0,São João de Meriti,510.2,485.7,472.3,476.3,500.0,4,B
210059075766,2,F,3,0,1.0,0,Duque de Caxias,477.2,585.7,514.1,617.9,940.0,2,E
210060104739,3,M,1,0,1.0,0,São João de Meriti,421.3,560.0,552.4,518.2,880.0,5,C
210060374075,3,F,1,0,1.0,0,Niterói,622.6,622.6,603.7,696.5,940.0,3,O
210058551348,4,F,1,0,1.0,0,Niterói,464.5,355.0,472.9,444.7,460.0,6,B
210060984975,4,M,3,0,1.0,0,Belford Roxo,503.1,516.8,491.0,458.9,620.0,3,C
210060104722,2,F,3,0,1.0,0,Nova Iguaçu,437.3,502.9,527.4,520.1,660.0,4,B
210059283138,5,F,3,0,1.0,0,Duque de Caxias,474.5,372.7,478.9,593.5,740.0,5,B
210059927220,4,M,1,0,1.0,0,Niterói,487.1,580.2,528.8,606.7,640.0,6,D
210060387136,3,M,1,0,1.0,0,Niterói,629.1,586.9,616.4,784.4,840.0,3,M
210059268086,4,M,3,0,1.0,0,Duque de Caxias,595.6,639.4,662.1,659.6,820.0,3,B
210059090824,2,F,1,0,1.0,0,Belford Roxo,506.8,551.2,567.8,577.6,740.0,4,I
210058653486,2,F,1,0,1.0,0,Nova Iguaçu,428.0,497.7,457.2,418.2,900.0,3,B
210060412104,3,M,0,0,1.0,0,Niterói,686.6,702.6,672.6,826.1,880.0,5,I
210061015823,3,F,1,0,1.0,0,Belford Roxo,543.4,393.1,518.3,521.1,620.0,4,B
210060421522,3,F,1,0,1.0,0,Nova Iguaçu,558.4,553.2,528.3,649.6,920.0,3,D
210061127467,3,F,1,0,1.0,0,Niterói,612.4,577.3,537.1,677.5,960.0,3,B
210058215996,3,F,1,0,1.0,0,Niterói,522.4,584.5,592.4,569.5,920.0,2,P
210059748388,3,F,1,0,1.0,0,Nova Iguaçu,469.9,495.4,518.8,564.7,580.0,2,B
210058658689,4,M,1,0,1.0,0,Niterói,544.8,568.3,568.6,681.9,540.0,3,K
210058206112,2,F,3,0,1.0,0,Niterói,530.6,586.0,559.1,676.3,880.0,7,G
210059761419,2,F,3,0,1.0,0,Nilópolis,541.8,573.5,584.9,566.5,640.0,4,K
210060447610,3,F,3,0,1.0,0,Nova Iguaçu,498.2,542.5,659.4,597.3,920.0,3,C
210060458311,2,F,3,0,1.0,0,Nova Iguaçu,399.5,383.0,443.4,442.8,540.0,3,D
210061045963,2,F,3,0,1.0,0,Niterói,562.4,626.4,565.9,662.9,840.0,2,B
210061005952,3,F,1,0,1.0,0,Niterói,574.9,609.4,581.2,656.4,880.0,5,L
210060458275,3,F,2,0,1.0,0,São João de Meriti,490.2,579.2,567.8,497.6,560.0,3,C
210058236966,2,F,2,0,1.0,0,São João de Meriti,406.4,333.6,375.2,621.7,500.0,3,F
210060592147,3,F,1,0,1.0,0,Niterói,457.3,524.2,537.0,547.7,800.0,3,F
210059296217,2,F,2,0,1.0,0,São João de Meriti,598.0,586.4,588.4,568.5,820.0,2,B
210061034852,3,F,3,0,1.0,0,Duque de Caxias,536.7,616.7,664.6,421.7,660.0,2,H
210060158891,2,F,1,0,1.0,0,Nova Iguaçu,638.2,614.8,673.7,708.5,840.0,3,J
210058206127,2,F,3,0,1.0,0,Nova Iguaçu,466.4,501.8,560.3,488.3,940.0,2,C
210058532671,3,M,3,0,1.0,0,Belford Roxo,447.8,503.6,593.4,372.0,640.0,4,B
210060523913,4,F,2,0,1.0,0,Duque de Caxias,420.2,465.0,423.9,447.2,580.0,2,C
210058702252,3,M,1,0,1.0,0,Niterói,533.9,444.7,500.8,373.7,540.0,4,G
210060024945,3,F,2,0,1.0,0,Nova Iguaçu,458.3,542.4,443.8,361.8,560.0,5,B
210058549922,3,F,3,0,1.0,0,Maricá,340.7,343.0,336.3,383.9,360.0,3,D
210060511384,4,F,3,0,1.0,0,Nova Iguaçu,580.4,598.5,641.3,678.4,840.0,3,B
210060523937,2,F,1,0,1.0,0,Maricá,450.0,474.8,430.8,591.5,320.0,4,B
210059157330,3,F,3,0,1.0,0,Duque de Caxias,643.5,657.8,632.1,677.0,940.0,4,C
210059008446,4,M,2,0,1.0,0,Nova Iguaçu,511.3,507.9,549.5,440.5,520.0,3,B
210059873016,3,F,2,0,1.0,0,São João de Meriti,435.9,392.7,398.6,343.0,360.0,8,D
210059873018,3,F,2,0,1.0,0,Maricá,432.4,446.9,436.1,347.5,460.0,8,B
210060258131,2,F,1,0,1.0,0,Maricá,432.6,506.4,448.2,553.5,700.0,4,E
210059983729,3,F,1,0,1.0,0,Duque de Caxias,531.0,527.1,524.1,539.6,900.0,4,D
210059172353,2,F,1,0,1.0,0,Maricá,559.6,544.8,505.7,672.4,920.0,2,C
210059198628,3,F,3,0,1.0,0,Niterói,447.4,496.7,459.1,365.3,420.0,5,E
210058691053,2,F,1,0,1.0,0,Niterói,544.0,619.9,553.3,523.4,780.0,3,C
210058542038,4,F,1,0,1.0,0,Duque de Caxias,453.9,462.7,516.2,419.2,800.0,7,C
210058256691,2,F,3,0,1.0,0,Maricá,509.5,584.0,510.3,571.8,760.0,3,E
210058696985,3,F,1,0,1.0,0,Maricá,548.4,586.1,565.3,637.4,800.0,4,G
210058549990,2,F,1,0,1.0,0,Duque de Caxias,524.4,617.8,461.3,537.9,740.0,3,D
210059611949,2,M,2,0,1.0,0,Nova Iguaçu,465.2,368.5,443.5,403.7,360.0,3,F
210058168881,2,F,2,0,1.0,0,Nova Iguaçu,515.9,586.2,609.4,652.5,520.0,4,N
210060373994,2,F,3,0,1.0,0,Nova Iguaçu,572.8,577.7,573.8,663.8,880.0,3,B
210058298629,3,F,3,0,1.0,0,Duque de Caxias,381.9,418.5,446.4,344.0,520.0,4,B
210058729301,3,M,3,0,1.0,0,Niterói,499.9,596.6,538.5,498.1,620.0,5,M
210059624947,6,F,3,0,1.0,0,Nova Iguaçu,404.0,478.5,508.7,570.0,440.0,3,B
210058308442,4,F,1,0,1.0,0,Duque de Caxias,485.9,376.0,467.3,392.2,380.0,5,B
210058153860,3,F,1,0,1.0,0,Niterói,601.9,665.0,611.7,662.0,640.0,4,J
210058734596,5,M,2,0,1.0,0,São João de Meriti,435.2,501.3,505.4,383.1,460.0,2,B
210061117592,4,F,2,0,1.0,0,Niterói,573.1,554.1,521.2,518.5,660.0,5,C
210059034562,2,F,1,0,1.0,0,Nilópolis,381.1,516.4,598.4,705.3,880.0,3,H
210060624498,3,F,3,0,1.0,0,Maricá,446.7,480.0,499.7,518.0,720.0,6,C
210059522564,3,F,3,0,1.0,0,São João de Meriti,437.7,485.2,457.1,429.1,320.0,4,E
210061428362,2,F,1,0,1.0,0,Nova Iguaçu,470.4,539.0,519.4,455.3,640.0,6,D
210059370798,4,F,3,0,1.0,0,Nilópolis,418.6,381.9,439.2,351.2,400.0,2,B
210060797611,2,M,1,0,1.0,0,Nova Iguaçu,458.3,377.6,323.7,457.3,540.0,3,C
210061036241,3,F,2,0,1.0,0,São João de Meriti,487.8,389.1,475.6,526.4,600.0,4,L
210059120869,2,F,1,0,1.0,0,São João de Meriti,545.0,613.6,591.8,745.9,800.0,3,I
210060734336,3,F,3,0,1.0,0,Nilópolis,525.8,451.8,436.3,459.1,480.0,4,G
210058923715,3,F,3,0,1.0,0,Duque de Caxias,439.5,453.5,461.8,345.1,520.0,4,C
210059357645,2,F,2,0,1.0,0,Belford Roxo,433.8,357.8,420.6,549.6,440.0,2,B
210061449359,2,F,1,0,1.0,0,Niterói,618.0,602.5,513.3,708.1,920.0,3,I
210058247053,2,F,1,0,1.0,0,Belford Roxo,540.5,599.7,508.0,519.6,860.0,3,D
210058493583,3,F,2,0,1.0,0,Belford Roxo,421.4,518.9,494.2,512.9,640.0,4,D
210060734383,3,M,1,0,1.0,0,Maricá,502.2,589.9,616.7,614.7,620.0,4,C
210060046652,3,F,3,0,1.0,0,Nova Iguaçu,436.7,415.3,414.7,456.0,360.0,3,A
210059452220,4,F,1,0,1.0,0,São João de Meriti,494.7,527.3,510.9,640.5,580.0,4,H
210060734410,2,M,1,0,1.0,0,Duque de Caxias,586.8,561.0,599.8,702.2,660.0,4,N
210061418529,3,F,3,0,1.0,0,Nova Iguaçu,529.2,553.0,498.3,570.6,520.0,5,B
210060734407,3,M,1,0,1.0,0,Nova Iguaçu,547.7,573.7,633.2,581.8,540.0,2,C
210059183730,2,F,1,0,1.0,0,Nova Iguaçu,525.1,598.9,583.0,577.0,860.0,4,C
210058936679,3,F,3,0,1.0,0,Duque de Caxias,409.9,545.8,507.0,434.3,460.0,5,A
210059021577,3,M,4,0,1.0,0,Duque de Caxias,422.4,554.6,495.1,519.0,780.0,3,C
210059996877,2,F,3,0,1.0,0,Belford Roxo,526.4,550.9,556.7,489.4,600.0,3,I
210059612024,3,F,0,0,1.0,0,Nova Iguaçu,511.5,558.3,564.0,543.2,660.0,4,B
210058724166,2,M,2,0,1.0,0,Duque de Caxias,450.1,475.4,531.0,440.4,380.0,8,B
210060534593,2,F,2,0,1.0,0,Niterói,420.5,502.1,580.7,410.4,680.0,2,B
210061107856,2,F,2,0,1.0,0,Nova Iguaçu,549.0,502.6,534.4,430.5,440.0,5,B
210059157409,2,M,2,0,1.0,0,São João de Meriti,562.5,630.9,584.0,538.6,880.0,3,I
210058567254,2,F,2,0,1.0,0,Duque de Caxias,482.3,495.7,458.9,461.5,560.0,4,C
210061117701,3,M,3,0,1.0,0,São João de Meriti,452.4,469.0,406.7,342.5,340.0,4,C
210060326254,2,F,3,0,1.0,0,São João de Meriti,378.5,470.8,450.7,503.7,480.0,3,B
210059858004,2,F,3,0,1.0,0,Niterói,479.0,453.9,537.4,578.9,780.0,4,I
210060523961,2,F,1,0,1.0,0,Niterói,539.7,582.2,585.8,745.5,940.0,3,M
210058712865,2,F,1,0,1.0,0,Nova Iguaçu,417.8,468.7,433.1,450.4,540.0,3,E
210060025015,3,M,2,0,1.0,0,Duque de Caxias,538.5,603.1,592.1,639.1,680.0,3,D
210059886109,2,F,3,0,1.0,0,Belford Roxo,459.7,544.4,529.0,503.1,880.0,6,E
210058724157,2,M,1,0,1.0,0,São João de Meriti,505.0,526.9,479.0,503.0,540.0,7,B
210060466484,3,M,1,0,1.0,0,Niterói,467.7,449.5,482.6,558.4,540.0,5,D
210060985023,3,F,3,0,1.0,0,Niterói,523.1,557.1,541.2,500.2,660.0,7,B
210060447697,1,F,1,0,1.0,0,Duque de Caxias,534.9,610.0,552.9,599.8,560.0,2,B
210058675166,2,F,1,0,1.0,0,Niterói,556.9,604.3,572.5,706.8,760.0,4,N
210060145875,3,F,3,0,1.0,0,Belford Roxo,418.6,547.3,536.7,550.6,480.0,2,B
210059062795,2,F,1,0,1.0,0,Duque de Caxias,435.6,492.5,490.0,452.0,800.0,4,B
210059103918,3,M,1,0,1.0,0,Niterói,667.3,648.4,607.9,788.4,960.0,4,O
210058534293,3,F,2,0,1.0,0,Duque de Caxias,397.7,584.3,593.8,434.8,920.0,3,C
210060994931,5,F,2,0,1.0,0,Nilópolis,476.4,419.0,373.8,342.3,440.0,2,B
210060091718,2,F,1,0,1.0,0,Nova Iguaçu,660.6,666.5,653.4,725.1,940.0,4,J
210060603479,3,F,3,0,1.0,0,Duque de Caxias,460.6,484.9,533.7,394.5,820.0,3,B
210059254979,3,M,3,0,1.0,0,Niterói,585.3,617.9,632.7,690.1,780.0,2,H
210059270091,4,F,1,0,1.0,0,Niterói,456.1,512.0,503.5,346.5,500.0,4,E
210059707360,3,M,1,0,1.0,0,Belford Roxo,539.9,449.4,577.6,528.3,740.0,5,C
210059968439,4,M,3,0,1.0,0,Nilópolis,333.7,374.8,384.7,358.0,560.0,5,G
210060458412,3,F,0,0,1.0,0,Duque de Caxias,501.5,505.3,473.8,440.1,640.0,4,C
210060592249,2,F,2,0,1.0,0,Nova Iguaçu,443.3,537.8,502.6,415.7,660.0,5,A
210058567278,4,F,3,0,1.0,0,São João de Meriti,518.7,642.8,562.3,619.9,620.0,4,D
210059090848,3,F,3,0,1.0,0,Duque de Caxias,649.6,639.2,608.1,772.9,940.0,5,H
210059311312,2,F,2,0,1.0,0,Duque de Caxias,431.9,488.7,434.7,378.3,360.0,7,B
210060158918,2,F,3,0,1.0,0,Niterói,667.7,667.7,655.7,841.3,920.0,2,L
210059748416,4,F,2,0,1.0,0,Nilópolis,418.5,515.0,496.8,466.3,720.0,6,B
210059789563,3,F,3,0,1.0,0,Duque de Caxias,376.9,412.8,505.9,453.7,400.0,3,C
210058322229,3,F,2,0,1.0,0,Niterói,516.6,522.0,498.4,525.6,800.0,3,B
210060245067,2,F,1,0,1.0,0,Nilópolis,470.5,520.5,528.0,474.5,700.0,5,C
210061366770,3,F,3,0,1.0,0,Nilópolis,494.6,376.2,412.9,358.8,480.0,5,C
210061356843,2,M,2,0,1.0,0,Nova Iguaçu,398.6,539.0,523.4,565.5,420.0,3,F
210060755786,3,M,1,0,1.0,0,Duque de Caxias,614.6,637.7,593.6,749.2,840.0,2,B
210060653810,3,M,1,0,1.0,0,Maricá,510.8,564.1,455.3,511.0,640.0,4,E
210058289072,2,F,1,0,1.0,0,Belford Roxo,505.0,459.7,446.2,590.4,660.0,3,E
210058393435,2,F,3,0,1.0,0,Nova Iguaçu,549.0,583.8,574.8,458.3,900.0,3,D
210058951232,3,F,3,0,1.0,0,Niterói,415.6,372.3,502.6,457.8,800.0,4,B
210060126633,3,M,2,0,1.0,0,Niterói,517.2,437.9,380.9,526.6,640.0,4,C
210060098486,3,F,3,0,1.0,0,Niterói,388.3,516.7,558.0,582.9,600.0,7,B
210059002515,2,M,2,0,1.0,0,Belford Roxo,556.5,558.2,540.0,587.8,760.0,8,E
210060167868,3,F,1,0,1.0,0,Nova Iguaçu,568.0,505.7,580.9,706.5,840.0,3,C
210060180910,2,F,3,0,1.0,0,Niterói,567.1,564.9,539.4,532.1,780.0,2,E
210059509505,4,F,1,0,1.0,0,Nova Iguaçu,384.4,515.1,474.7,448.4,560.0,4,B
210060807240,4,F,3,0,1.0,0,Maricá,618.8,606.6,600.0,654.6,920.0,4,F
210059396015,3,M,3,0,1.0,0,Nova Iguaçu,599.3,623.1,600.6,690.8,660.0,3,G
210058938746,2,M,1,0,1.0,0,Duque de Caxias,568.3,525.0,572.6,449.3,480.0,3,C
210059411073,3,M,1,0,1.0,0,Duque de Caxias,657.2,630.6,597.2,805.5,960.0,3,K
210058195980,3,F,1,0,1.0,0,Nova Iguaçu,518.9,502.0,503.3,350.8,500.0,3,G
210060735980,4,F,2,0,1.0,0,Duque de Caxias,472.3,444.1,463.1,353.3,560.0,5,B
210058938730,4,F,2,0,1.0,0,Nilópolis,442.0,545.6,443.7,461.2,760.0,2,B
210059119053,3,F,1,0,1.0,0,Nova Iguaçu,576.2,657.2,575.1,602.4,860.0,3,C
210060643922,2,M,1,0,1.0,0,Niterói,540.2,565.3,490.5,535.3,440.0,3,B
210058217536,3,M,1,0,1.0,0,Nilópolis,611.8,573.6,593.0,472.9,600.0,3,B
210059575857,2,F,1,0,1.0,0,Duque de Caxias,548.3,603.6,562.8,647.4,920.0,2,B
210059481404,2,M,1,0,1.0,0,Belford Roxo,382.4,555.8,515.2,467.0,480.0,3,E
210061356807,2,F,1,0,1.0,0,Maricá,440.0,562.9,564.4,583.3,600.0,4,M
210058447472,3,F,3,0,1.0,0,São João de Meriti,536.0,604.1,523.1,567.4,620.0,5,G
210060222072,2,F,2,0,1.0,0,Nova Iguaçu,455.8,486.6,460.5,560.9,780.0,4,D
210060195895,3,M,3,0,1.0,0,Duque de Caxias,481.1,508.6,518.2,450.9,440.0,4,E
210060643955,3,M,1,0,1.0,0,Niterói,666.2,674.4,692.0,849.2,980.0,3,O
210058503138,1,F,3,0,1.0,0,Duque de Caxias,592.5,563.0,535.4,473.9,520.0,4,B
210060074831,2,M,2,0,1.0,0,Nova Iguaçu,502.0,545.7,512.7,337.5,560.0,3,C
210058227385,3,F,1,0,1.0,0,Niterói,633.3,676.9,636.1,780.3,920.0,3,Q
210058217573,3,M,3,0,1.0,0,Nova Iguaçu,508.4,531.5,547.3,654.3,720.0,2,E
210060715316,2,M,3,0,1.0,0,Maricá,492.7,536.6,506.4,571.4,860.0,3,E
210059424190,2,F,2,0,1.0,0,Nova Iguaçu,432.1,475.4,536.6,428.8,620.0,5,E
210060578961,4,F,1,0,1.0,0,Duque de Caxias,395.7,492.7,513.8,491.7,640.0,4,C
210058511387,2,F,2,0,1.0,0,Niterói,555.8,554.0,504.9,458.2,880.0,5,A
210059224974,2,M,1,0,1.0,0,São João de Meriti,570.5,620.7,594.6,630.6,560.0,4,F
210059370844,3,M,2,0,1.0,0,Niterói,472.9,533.5,488.6,628.3,480.0,2,A
210058227397,6,F,2,0,1.0,0,Niterói,387.8,394.1,368.3,356.8,260.0,2,B
210060059851,2,M,2,0,1.0,0,Niterói,443.4,531.8,507.6,599.4,520.0,5,H
210061314683,2,F,3,0,1.0,0,Nova Iguaçu,558.2,569.4,598.4,491.1,900.0,2,B
210060085347,3,F,3,0,1.0,0,Belford Roxo,413.0,512.3,514.7,475.2,560.0,6,B
210059294172,2,F,3,0,1.0,0,Maricá,554.8,637.5,593.7,683.3,940.0,4,D
210060797821,2,F,1,0,1.0,0,Duque de Caxias,391.8,476.2,523.2,558.7,840.0,4,E
210060098462,3,F,2,0,1.0,0,Duque de Caxias,468.0,549.2,484.2,389.1,740.0,5,B
210058961881,3,F,2,0,1.0,0,Duque de Caxias,401.4,478.9,423.4,361.6,840.0,4,B
210061346938,3,F,1,0,1.0,0,Maricá,468.0,581.5,549.1,462.8,560.0,3,B
210058530317,3,M,2,0,1.0,0,Duque de Caxias,526.0,496.2,530.0,487.3,700.0,5,B
210059266080,3,F,1,0,1.0,0,Belford Roxo,494.1,551.6,517.1,437.0,640.0,3,A
210058951036,3,F,2,0,1.0,0,Nilópolis,537.8,546.6,600.3,654.2,620.0,4,E
210059427056,3,F,1,0,1.0,0,São João de Meriti,551.0,597.0,621.9,681.1,680.0,4,D
210058277906,2,F,3,0,1.0,0,São João de Meriti,477.4,530.2,542.1,448.5,720.0,4,C
210060113508,4,M,1,0,1.0,0,Niterói,572.5,386.0,461.4,567.5,600.0,3,C
210058308729,3,M,3,0,1.0,0,Duque de Caxias,438.4,497.6,476.3,476.0,320.0,2,D
210059252973,2,F,3,0,1.0,0,Duque de Caxias,393.8,512.4,555.6,634.8,580.0,2,B
210058420404,3,M,3,0,1.0,0,Nilópolis,329.3,462.5,472.6,349.1,340.0,2,B
210059294145,3,M,3,0,1.0,0,Maricá,562.1,527.5,456.8,509.3,640.0,6,I
210058530328,3,F,3,0,1.0,0,Maricá,523.2,615.6,615.9,559.9,600.0,5,B
210060412222,3,M,3,0,1.0,0,Duque de Caxias,378.1,465.8,364.0,496.4,640.0,4,B
210059886187,2,F,1,0,1.0,0,Nova Iguaçu,473.6,463.3,492.7,476.4,520.0,4,D
210059901214,2,F,3,0,1.0,0,São João de Meriti,434.7,387.5,501.5,457.3,420.0,4,B
210059666298,3,F,2,0,1.0,0,Duque de Caxias,506.7,525.7,477.7,582.0,720.0,3,B
210059036647,4,F,1,0,1.0,0,Belford Roxo,523.4,496.5,536.4,432.8,640.0,2,B
210058718890,3,F,3,0,1.0,0,Niterói,534.7,523.6,429.6,518.4,700.0,4,B
210060326287,2,F,3,0,1.0,0,Nova Iguaçu,502.5,414.5,432.5,474.0,760.0,3,B
210059901179,2,M,3,0,1.0,0,Nova Iguaçu,435.3,499.5,440.8,429.7,520.0,2,E
210060079306,2,F,2,0,1.0,0,Nova Iguaçu,441.5,579.5,582.1,561.5,780.0,4,E
210059213743,2,F,1,0,1.0,0,Nova Iguaçu,647.5,578.8,578.5,555.0,760.0,4,H
210059886178,3,F,1,0,1.0,0,Duque de Caxias,432.5,497.8,480.4,423.2,560.0,4,C
210059653168,3,F,3,0,1.0,0,Duque de Caxias,490.3,402.4,563.1,389.3,620.0,3,B
210059213765,2,F,3,0,1.0,0,Belford Roxo,548.5,583.2,573.8,408.1,500.0,2,B
210060314479,2,M,3,0,1.0,0,Nova Iguaçu,447.6,446.1,451.3,414.3,500.0,3,E
210061138803,2,F,2,0,1.0,0,Nova Iguaçu,469.1,508.5,396.6,606.4,580.0,4,B
210060734944,2,F,1,0,1.0,0,Duque de Caxias,583.9,571.7,573.6,480.2,840.0,4,K
210058938944,4,M,1,0,1.0,0,Duque de Caxias,504.1,559.6,548.3,549.1,500.0,6,C
210060098539,2,F,3,0,1.0,0,Duque de Caxias,613.2,633.4,547.6,570.1,740.0,3,G
210058926021,3,F,2,0,1.0,0,São João de Meriti,399.2,509.4,512.3,509.6,760.0,2,B
210060098521,3,F,1,0,1.0,0,Nova Iguaçu,456.2,571.7,540.9,494.4,660.0,4,M
210060693732,3,F,1,0,1.0,0,São João de Meriti,484.0,489.2,518.9,348.1,820.0,5,B
210059452378,3,F,2,0,1.0,0,Duque de Caxias,576.1,562.7,540.6,507.1,740.0,2,B
210060585616,3,F,2,0,1.0,0,Belford Roxo,433.3,581.5,516.5,410.1,820.0,3,B
210059266160,2,F,3,0,1.0,0,Nilópolis,463.2,464.2,422.3,436.2,600.0,2,B
210060715379,3,F,2,0,1.0,0,Nova Iguaçu,434.3,404.4,467.7,377.6,540.0,5,A
210060549206,3,F,2,0,1.0,0,Niterói,435.6,554.4,511.0,499.5,580.0,5,D
210060260185,3,F,3,0,1.0,0,Duque de Caxias,494.7,504.3,409.5,378.8,820.0,5,D
210061098024,3,F,1,0,1.0,0,Niterói,538.7,624.0,579.0,606.6,840.0,3,O
210060174008,3,F,1,0,1.0,0,Niterói,588.4,646.3,618.1,739.1,900.0,5,C
210058954229,3,M,2,0,1.0,0,São João de Meriti,411.6,504.5,514.9,615.6,680.0,3,B
210058954212,2,M,3,0,1.0,0,Duque de Caxias,617.0,593.8,563.5,640.4,880.0,2,E
210058691160,3,F,1,0,1.0,0,Duque de Caxias,534.9,568.1,537.6,418.5,520.0,3,B
210060260148,3,M,3,0,1.0,0,Niterói,629.2,655.9,603.6,723.4,880.0,2,C
210060500829,3,F,1,0,1.0,0,Niterói,606.2,642.1,652.2,795.3,960.0,3,I
210058542316,3,M,1,0,1.0,0,Niterói,459.5,645.9,637.4,627.8,820.0,3,D
210060301377,4,F,3,0,1.0,0,Nova Iguaçu,530.3,516.3,571.0,367.4,660.0,6,C
210060547269,3,M,2,0,1.0,0,São João de Meriti,410.5,552.6,509.3,513.5,580.0,5,B
210058542319,2,F,3,0,1.0,0,Nova Iguaçu,558.1,556.4,534.0,466.2,700.0,2,C
210061077026,2,F,3,0,1.0,0,Duque de Caxias,594.7,605.7,589.9,662.5,880.0,3,B
210058967290,4,M,3,0,1.0,0,Duque de Caxias,523.2,522.9,514.4,527.6,620.0,2,A
210058567326,2,M,1,0,1.0,0,Duque de Caxias,522.8,608.1,595.4,614.9,580.0,3,C
210058474645,2,F,1,0,1.0,0,Nova Iguaçu,461.6,514.3,477.5,502.9,660.0,5,G
210060745616,3,F,3,0,1.0,0,São João de Meriti,574.1,626.9,611.6,585.8,940.0,5,B
210060653829,3,F,3,0,1.0,0,Niterói,562.4,622.5,579.9,640.1,960.0,3,G
210060705539,2,M,3,0,1.0,0,Duque de Caxias,541.4,524.7,484.7,570.7,680.0,4,B
210058169223,2,F,3,0,1.0,0,Nova Iguaçu,552.3,496.5,486.0,370.7,540.0,5,E
210059198860,2,F,2,0,1.0,0,Niterói,510.4,568.9,589.7,632.6,940.0,4,B
210060745487,4,F,1,0,1.0,0,Duque de Caxias,510.4,616.0,501.3,604.9,680.0,3,B
210060807591,3,F,3,0,1.0,0,Belford Roxo,518.1,320.4,463.9,447.6,620.0,3,B
210058227432,2,F,1,0,1.0,0,São João de Meriti,450.8,495.6,483.0,449.7,640.0,2,B
210060684571,2,F,3,0,2.0,0,Niterói,495.2,580.8,497.7,597.9,700.0,3,B
210060521225,4,F,3,0,1.0,0,Maricá,396.1,533.9,465.9,364.3,400.0,4,B
210059170777,3,F,1,0,1.0,0,Nova Iguaçu,572.3,654.9,575.8,640.6,800.0,4,M
210060745612,2,F,1,0,1.0,0,Duque de Caxias,400.1,465.7,483.3,488.7,320.0,3,B
210058474610,3,F,2,0,1.0,0,Duque de Caxias,455.5,529.2,460.6,474.6,720.0,2,G
210059983911,3,M,3,0,1.0,0,Maricá,555.0,657.1,609.6,695.9,900.0,4,O
210058680786,2,M,1,0,1.0,0,Maricá,493.3,448.2,405.8,506.9,460.0,3,B
210060585899,3,F,1,0,1.0,0,Niterói,509.4,654.5,594.3,704.1,880.0,3,E
210059789729,2,F,1,0,1.0,0,Nova Iguaçu,397.0,507.5,470.4,410.8,580.0,4,B
210059298387,2,M,3,0,1.0,0,Niterói,568.3,601.0,586.0,696.0,920.0,4,H
210058534484,3,F,1,0,1.0,0,Duque de Caxias,464.3,521.7,505.3,471.3,660.0,4,D
210058675283,2,F,1,0,1.0,0,Niterói,553.2,580.0,585.9,645.2,840.0,4,P
210058691898,4,F,3,0,1.0,0,Nova Iguaçu,400.8,497.0,412.0,474.8,620.0,3,F
210058559592,11,M,3,0,1.0,0,São João de Meriti,471.8,517.3,510.9,437.0,640.0,3,A
210059762753,3,F,1,0,1.0,0,Niterói,362.6,458.4,442.7,355.1,520.0,2,C
210059968534,3,M,3,0,1.0,0,Duque de Caxias,468.1,549.0,571.3,395.7,700.0,3,D
210058323653,3,F,2,0,1.0,0,Duque de Caxias,491.8,597.6,575.2,394.0,620.0,4,M
210059339585,3,F,1,0,1.0,0,Nova Iguaçu,418.9,464.0,445.1,474.2,500.0,4,C
210059144474,4,M,1,0,1.0,0,Belford Roxo,327.2,463.7,440.1,391.5,280.0,4,A
210059296431,3,F,1,0,1.0,0,Niterói,537.7,624.6,587.5,569.6,880.0,3,A
210058680781,2,F,1,0,1.0,0,São João de Meriti,464.0,583.5,538.8,493.7,640.0,2,C
210058691912,3,F,1,0,1.0,0,Nilópolis,580.6,629.0,621.4,660.9,640.0,3,L
210058697154,2,F,5,0,1.0,0,Duque de Caxias,429.2,429.6,337.6,398.6,360.0,8,B
210058586003,3,F,1,0,1.0,0,Nova Iguaçu,559.1,627.2,610.9,569.2,680.0,2,B
210060286409,2,F,1,0,1.0,0,Nova Iguaçu,437.7,511.2,530.8,495.4,760.0,3,B
210058691857,3,M,3,0,1.0,0,Niterói,560.5,561.1,544.1,576.4,600.0,3,D
210058707641,3,M,1,0,1.0,0,Niterói,489.5,517.1,480.8,627.4,620.0,3,B
210059612154,3,M,3,0,1.0,0,Belford Roxo,564.8,558.6,500.3,574.2,520.0,4,E
210059776594,3,F,2,0,1.0,0,Niterói,398.8,506.3,499.7,449.7,580.0,4,C
210060012033,2,F,1,0,1.0,0,Nilópolis,537.7,564.3,591.1,608.7,780.0,4,G
210060575426,3,F,2,0,1.0,0,Duque de Caxias,425.8,552.0,463.4,382.3,680.0,5,B
210059200684,2,F,3,0,1.0,0,Niterói,559.5,527.6,554.0,334.6,520.0,5,C
210059789677,3,F,1,0,1.0,0,Niterói,569.2,587.0,590.4,667.5,820.0,3,O
210059352669,3,M,2,0,1.0,0,Maricá,536.3,600.6,601.6,667.7,540.0,3,C
210058954270,3,F,1,0,1.0,0,Maricá,571.2,605.7,587.6,726.2,780.0,4,C
210060301415,3,F,2,0,1.0,0,Nilópolis,511.4,531.7,583.4,683.9,700.0,5,C
210060025107,3,M,1,0,1.0,0,Duque de Caxias,662.3,691.4,656.4,768.1,760.0,4,K
210058718931,3,M,3,0,1.0,0,Nova Iguaçu,451.7,581.4,532.3,667.2,600.0,4,F
210059352651,2,F,1,0,1.0,0,Niterói,609.5,553.1,627.6,708.0,960.0,5,Q
210061086957,3,M,1,0,1.0,0,Niterói,492.9,526.5,526.2,453.6,380.0,2,F
210060066301,3,F,3,0,1.0,0,Nova Iguaçu,429.0,500.4,476.8,377.8,540.0,4,B
210059283327,2,F,3,0,1.0,0,Belford Roxo,451.1,520.3,542.7,375.9,700.0,2,B
210060040117,3,F,1,0,1.0,0,Maricá,534.1,567.8,527.8,482.7,920.0,2,B
210060996303,4,F,1,0,1.0,0,Niterói,617.7,645.5,588.1,691.9,960.0,4,G
210058664812,2,F,1,0,1.0,0,Nova Iguaçu,429.0,565.6,526.4,469.0,540.0,6,C
210060066266,2,F,2,0,1.0,0,Duque de Caxias,445.3,544.9,525.6,386.4,660.0,4,B
210059062883,2,F,3,0,1.0,0,Duque de Caxias,547.5,585.7,553.0,582.9,840.0,4,C
210060996306,2,M,3,0,1.0,0,Nova Iguaçu,476.3,562.8,536.2,609.6,640.0,4,H
210060350621,4,F,2,0,1.0,0,Duque de Caxias,377.7,471.0,480.8,370.5,320.0,5,B
210059255130,4,F,3,0,1.0,0,Belford Roxo,474.8,591.5,565.9,508.4,720.0,3,C
210060066311,2,F,1,0,1.0,0,Niterói,631.4,562.5,514.1,741.2,800.0,3,G
210059077869,3,M,1,0,1.0,0,Duque de Caxias,476.3,497.0,491.3,415.9,520.0,3,D
210061138868,2,F,2,0,1.0,0,São João de Meriti,486.8,517.9,496.0,519.6,420.0,2,C
210061006156,3,M,1,0,1.0,0,Niterói,539.7,549.9,521.0,577.7,740.0,3,E
210059226946,3,F,0,0,1.0,0,Maricá,487.3,517.4,466.6,432.7,740.0,3,C
210060575478,3,F,3,0,1.0,0,Nova Iguaçu,541.2,628.8,567.0,624.3,700.0,3,C
210059077895,3,F,3,0,1.0,0,Niterói,501.9,554.8,533.0,571.5,520.0,5,C
210059955443,2,M,1,0,1.0,0,Belford Roxo,524.6,563.0,499.3,690.2,760.0,2,D
210059090962,3,M,2,0,1.0,0,Nova Iguaçu,457.3,530.0,464.2,490.9,480.0,3,B
210060104858,2,F,2,0,1.0,0,Duque de Caxias,457.3,584.6,519.9,497.6,640.0,5,G
210059790859,2,F,3,0,1.0,0,Belford Roxo,330.1,377.0,476.3,465.0,480.0,3,A
210059722378,2,F,3,0,1.0,0,Belford Roxo,388.6,449.0,464.3,520.4,540.0,3,B
210060569635,2,F,3,0,1.0,0,Belford Roxo,524.5,363.2,562.6,451.2,720.0,2,B
210060593602,3,F,3,0,1.0,0,São João de Meriti,400.6,466.6,487.0,469.6,520.0,4,B
210060174027,3,M,1,0,1.0,0,Niterói,472.7,650.3,567.1,723.9,920.0,4,M
210059694306,3,F,2,0,1.0,0,Belford Roxo,525.3,392.2,499.3,360.9,500.0,2,C
210061046151,3,F,3,0,1.0,0,Maricá,508.8,511.3,480.5,506.9,580.0,3,B
210059103976,3,M,3,0,1.0,0,Niterói,458.9,481.1,441.1,482.6,520.0,4,K
210059337589,2,F,1,0,1.0,0,Belford Roxo,473.1,473.1,424.9,389.0,600.0,2,C
210058551624,2,F,3,0,1.0,0,Duque de Caxias,548.8,481.4,464.0,388.4,700.0,4,C
210059777719,2,F,1,0,1.0,0,Niterói,467.5,400.5,517.8,377.4,540.0,2,A
210059762702,5,F,2,0,1.0,0,Duque de Caxias,435.2,433.4,446.0,412.7,500.0,3,B
210060174042,2,F,1,0,1.0,0,Duque de Caxias,442.7,477.3,507.8,453.6,920.0,4,E
210060439050,3,F,3,0,1.0,0,Nova Iguaçu,484.2,567.6,518.1,412.0,540.0,3,A
210060091805,2,M,3,0,1.0,0,São João de Meriti,568.2,549.6,527.7,627.1,580.0,3,E
210059955392,2,M,2,0,1.0,0,Duque de Caxias,521.3,475.3,510.7,381.7,660.0,3,G
210058939023,2,F,3,0,1.0,0,São João de Meriti,500.0,521.1,420.9,472.0,600.0,5,A
210060786686,3,M,1,0,1.0,0,Nova Iguaçu,431.1,414.1,318.7,356.9,480.0,3,B
210059253151,3,M,2,0,1.0,0,Belford Roxo,435.4,500.5,459.3,531.0,620.0,3,B
210059493603,3,F,1,0,1.0,0,Nilópolis,549.1,566.9,530.0,655.9,840.0,2,E
210061325999,3,M,3,0,1.0,0,Nova Iguaçu,492.8,556.7,559.6,680.3,740.0,2,C
210058299054,2,M,1,0,1.0,0,São João de Meriti,529.1,484.1,576.1,715.2,760.0,4,C
210060571814,2,F,1,0,1.0,0,Nova Iguaçu,461.2,346.2,397.1,402.6,620.0,2,B
210059521712,2,M,2,0,1.0,0,Nova Iguaçu,511.1,561.6,557.6,655.8,560.0,6,C
210059534781,3,F,1,0,1.0,0,Niterói,457.0,420.6,302.3,401.6,460.0,3,B
210058141235,3,M,1,0,1.0,0,Niterói,459.2,570.3,573.8,659.4,880.0,4,I
210059521734,2,M,2,0,1.0,0,Duque de Caxias,552.3,537.1,579.4,592.6,580.0,5,C
210060963903,3,M,1,0,1.0,0,Nova Iguaçu,486.5,531.7,556.8,445.2,680.0,3,B
210058310158,3,F,1,0,1.0,0,Duque de Caxias,512.5,377.3,559.5,422.1,840.0,3,B
210058512801,3,F,1,0,1.0,0,Maricá,522.6,538.9,589.0,622.3,680.0,3,C
210059493614,2,F,2,0,1.0,0,Nova Iguaçu,554.1,584.4,578.3,545.2,820.0,5,C
210058141207,3,M,1,0,1.0,0,Duque de Caxias,465.2,443.3,442.9,426.2,480.0,3,B
210061377999,3,F,1,0,1.0,0,Nova Iguaçu,412.2,498.5,475.0,404.7,660.0,2,C
210058411066,3,F,1,0,1.0,0,Belford Roxo,405.1,455.6,476.8,369.7,580.0,3,B
210058308820,4,F,1,0,1.0,0,Nova Iguaçu,444.4,471.7,461.3,619.8,600.0,3,D
210059562858,3,M,1,0,1.0,0,Niterói,620.8,678.9,603.3,713.1,920.0,5,O
210059562881,3,M,3,0,1.0,0,Nova Iguaçu,586.7,561.3,559.0,445.3,360.0,3,C
210058156174,2,F,1,0,1.0,0,Niterói,654.2,617.7,626.9,728.7,880.0,2,P
210061399002,3,F,1,0,1.0,0,Nova Iguaçu,508.1,630.3,552.8,392.2,720.0,4,B
210060755546,3,M,3,0,1.0,0,Duque de Caxias,475.8,537.7,453.0,514.2,560.0,4,F
210058169277,3,F,1,0,1.0,0,Niterói,553.8,619.2,583.8,748.1,920.0,3,P
210059144722,5,M,1,0,1.0,0,Duque de Caxias,480.4,499.7,506.9,442.3,540.0,3,E
210059002619,3,F,1,0,1.0,0,Nova Iguaçu,418.3,428.5,525.4,348.8,520.0,4,B
210059157743,4,F,3,0,1.0,0,Nova Iguaçu,454.8,589.0,497.0,550.6,800.0,4,E
210058926070,1,F,3,0,1.0,0,Belford Roxo,568.8,550.0,583.8,429.1,580.0,4,C
210058989762,3,F,3,0,1.0,0,Nova Iguaçu,561.3,545.2,587.7,515.5,900.0,3,O
210060786622,3,M,3,0,1.0,0,São João de Meriti,617.2,519.5,440.8,588.1,920.0,3,B
210058493703,4,M,4,0,1.0,0,Duque de Caxias,566.9,581.8,518.0,768.7,900.0,4,G
210060209066,3,F,1,0,1.0,0,Niterói,492.3,605.5,568.6,601.2,760.0,4,C
210060705588,2,M,3,0,1.0,0,São João de Meriti,549.1,580.0,544.6,502.7,560.0,2,C
210061439676,3,F,3,0,1.0,0,Nova Iguaçu,511.2,556.7,530.5,658.5,900.0,2,C
210060571768,2,F,1,0,1.0,0,Belford Roxo,519.1,560.3,605.7,546.4,820.0,4,B
210061428532,3,F,2,0,1.0,0,Duque de Caxias,391.2,559.1,491.5,486.4,840.0,7,D
210059465516,2,F,1,0,1.0,0,Nova Iguaçu,462.3,589.9,548.4,678.1,920.0,4,B
210060033722,3,F,3,0,1.0,0,Duque de Caxias,341.1,423.9,464.4,365.1,500.0,5,B
210059227052,2,F,1,0,1.0,0,Belford Roxo,520.1,382.2,547.7,621.2,560.0,3,F
210058951389,3,F,3,0,1.0,0,Nilópolis,419.4,522.6,546.8,551.7,680.0,3,C
210060755660,4,F,2,0,1.0,0,Nova Iguaçu,431.2,454.5,493.9,409.4,500.0,5,D
210061418672,5,M,5,0,1.0,0,São João de Meriti,512.4,475.7,452.9,597.7,620.0,5,B
210061428539,3,F,3,0,1.0,0,Nova Iguaçu,432.8,469.8,395.0,339.6,460.0,5,C
210058206516,3,M,1,0,1.0,0,Niterói,656.4,649.8,595.1,886.9,880.0,2,Q
210060018689,4,F,2,0,1.0,0,Nova Iguaçu,523.7,547.8,596.8,402.6,620.0,5,D
210059227020,2,F,3,0,1.0,0,Belford Roxo,588.7,597.5,515.4,570.9,840.0,3,E
210060705606,2,M,1,0,1.0,0,Nilópolis,572.4,532.7,534.9,630.7,620.0,2,D
210059212029,3,M,2,0,1.0,0,Niterói,533.0,549.5,450.2,610.1,640.0,3,B
210060755260,3,F,2,0,1.0,0,Niterói,457.8,561.7,387.8,419.0,860.0,2,B
210060524091,3,F,2,0,1.0,0,Nova Iguaçu,513.4,523.7,457.5,496.0,700.0,4,F
210060466504,2,F,2,0,1.0,0,Belford Roxo,451.4,536.0,556.4,470.0,800.0,4,C
210059653294,2,F,4,0,1.0,0,São João de Meriti,511.0,557.2,493.6,637.8,440.0,3,A
210059627172,3,F,0,0,1.0,0,Nova Iguaçu,402.1,407.8,542.2,474.1,880.0,5,I
210060339483,3,F,1,0,1.0,0,Duque de Caxias,478.0,553.4,562.9,482.8,760.0,5,C
210060339506,2,F,2,0,1.0,0,Nova Iguaçu,504.4,393.7,470.2,486.3,620.0,3,A
210059627154,3,F,2,0,1.0,0,São João de Meriti,478.3,565.4,530.2,447.2,620.0,5,C
210061077163,3,F,3,0,1.0,0,São João de Meriti,485.2,614.7,570.8,448.0,760.0,2,B
210059586065,3,F,1,0,1.0,0,Nova Iguaçu,546.5,564.2,463.4,516.4,700.0,4,B
210059036772,3,F,3,0,1.0,0,Belford Roxo,392.1,387.0,435.0,446.5,600.0,2,A
210060606514,2,F,3,0,1.0,0,Duque de Caxias,548.8,601.5,579.1,375.2,880.0,5,H
210060301480,2,F,1,0,1.0,0,Duque de Caxias,511.5,538.5,565.2,528.2,740.0,4,A
210059095456,3,F,1,0,1.0,0,São João de Meriti,478.9,337.5,387.5,460.8,500.0,3,C
210059095436,2,F,1,0,1.0,0,Nova Iguaçu,548.6,590.1,489.7,599.2,920.0,3,D
210058196190,3,F,2,0,1.0,0,Duque de Caxias,509.6,535.1,528.3,453.6,620.0,4,C
210059157850,3,F,3,0,1.0,0,Duque de Caxias,495.4,385.5,470.0,510.9,560.0,4,C
210058227587,2,M,2,0,1.0,0,Maricá,466.6,539.1,561.5,464.2,640.0,2,B
210060033794,2,F,1,0,1.0,0,Niterói,503.5,553.8,525.9,370.9,760.0,4,B
210060224188,2,F,1,0,1.0,0,Belford Roxo,466.6,562.9,566.3,433.9,580.0,3,D
210059424370,4,M,2,0,1.0,0,Belford Roxo,454.5,521.3,440.5,333.0,860.0,3,C
210060482346,2,F,2,0,1.0,0,Duque de Caxias,582.8,565.9,560.9,576.6,700.0,4,E
210060523311,2,M,1,0,1.0,0,Niterói,513.4,561.3,582.8,779.5,800.0,3,P
210059108091,3,M,3,0,1.0,0,São João de Meriti,631.6,729.9,618.9,673.8,840.0,3,B
210058605960,3,M,2,0,1.0,0,Nova Iguaçu,562.7,487.1,462.8,629.9,580.0,4,B
210058217746,2,F,3,0,1.0,0,Nova Iguaçu,549.7,485.2,481.5,491.4,320.0,4,C
210060183065,3,F,1,0,1.0,0,Nova Iguaçu,466.3,492.0,548.8,448.6,620.0,2,B
210058457151,3,M,3,0,1.0,0,Nilópolis,358.6,421.7,443.5,372.4,540.0,2,D
210060705706,2,F,2,0,1.0,0,Nova Iguaçu,474.1,540.6,449.9,531.2,780.0,3,B
210061429910,3,F,1,0,1.0,0,Niterói,571.3,599.9,587.2,717.7,700.0,3,C
210059185883,2,M,1,0,1.0,0,Duque de Caxias,461.7,529.5,487.4,486.1,640.0,4,F
210060892389,3,M,1,0,1.0,0,Niterói,584.0,648.2,570.5,758.6,920.0,3,L
210058521084,1,F,1,0,1.0,0,Nova Iguaçu,532.5,531.1,533.6,566.1,540.0,2,B
210060074995,2,M,1,0,1.0,0,Nova Iguaçu,718.6,674.4,670.5,746.8,920.0,5,O
210059240158,5,F,3,0,1.0,0,Duque de Caxias,442.9,422.4,574.0,355.9,600.0,4,D
210060746180,3,F,3,0,1.0,0,Duque de Caxias,408.1,454.0,475.8,440.0,480.0,4,A
210058258400,4,F,2,0,1.0,0,Duque de Caxias,390.1,526.5,500.2,427.1,520.0,3,A
210060923166,3,F,1,0,1.0,0,São João de Meriti,479.6,547.9,531.7,461.6,540.0,4,C
210058384086,2,F,3,0,1.0,0,Duque de Caxias,550.6,597.3,556.6,482.0,740.0,2,E
210058493756,2,M,2,0,1.0,0,Nova Iguaçu,556.1,492.4,457.4,670.0,660.0,4,K
210059549901,3,F,3,0,1.0,0,Nova Iguaçu,431.9,586.3,595.9,562.4,600.0,4,C
210060606653,2,F,3,0,1.0,0,Maricá,423.5,583.1,535.6,626.9,880.0,4,G
210059082553,3,F,0,0,1.0,0,Nova Iguaçu,439.4,608.6,589.8,555.4,580.0,4,B
210060830664,2,F,1,0,1.0,0,Duque de Caxias,428.9,541.3,601.6,420.9,740.0,5,H
210059547956,3,F,2,0,1.0,0,Belford Roxo,505.7,568.4,527.1,473.6,660.0,2,B
210061378085,2,M,3,0,1.0,0,Duque de Caxias,391.9,522.9,461.3,628.1,500.0,4,H
210058420584,4,F,1,0,1.0,0,Duque de Caxias,413.6,470.7,471.2,533.3,520.0,3,C
210058289265,10,M,3,0,1.0,0,São João de Meriti,353.8,472.0,451.5,373.8,320.0,4,B
210059119275,2,F,1,0,1.0,0,Niterói,507.4,577.9,553.9,724.6,820.0,3,I
210058289248,4,F,1,0,1.0,0,Nova Iguaçu,488.4,490.6,469.7,399.2,480.0,4,G
210060100583,2,M,3,0,1.0,0,Duque de Caxias,503.6,432.4,404.5,455.2,720.0,3,C
210061347112,2,F,3,0,1.0,0,Nova Iguaçu,479.8,583.6,572.6,463.4,840.0,4,C
210058141318,2,F,1,0,1.0,0,Nova Iguaçu,517.6,511.1,519.1,486.4,860.0,3,D
210060647166,3,M,1,0,1.0,0,Duque de Caxias,527.9,529.2,519.7,662.1,560.0,2,G
210059015643,3,F,2,0,1.0,0,Nova Iguaçu,555.0,613.0,587.0,497.5,660.0,4,I
210059411238,3,M,3,0,1.0,0,Belford Roxo,357.2,461.5,477.0,368.3,440.0,4,D
210059002723,3,F,3,0,1.0,0,Belford Roxo,512.0,571.3,567.9,543.1,600.0,4,B
210059170908,3,F,1,0,1.0,0,Niterói,330.6,453.3,426.5,375.8,500.0,4,H
210060482305,4,F,3,0,1.0,0,Niterói,536.2,576.8,539.7,627.1,780.0,3,C
210060224168,3,M,2,0,1.0,0,Nova Iguaçu,499.5,502.9,457.9,545.2,240.0,7,B
210061368140,3,F,1,0,1.0,0,Duque de Caxias,488.8,451.5,512.6,451.0,920.0,5,C
210061368142,2,F,0,0,1.0,0,Nova Iguaçu,567.2,547.9,543.4,633.7,940.0,4,D
210060634282,2,M,2,0,1.0,0,Nilópolis,487.5,470.9,480.4,454.6,700.0,3,B
210060684688,2,F,3,0,1.0,0,Nilópolis,381.7,369.0,481.1,438.9,480.0,2,C
210060636023,2,M,1,0,1.0,0,Nova Iguaçu,574.4,629.9,547.9,614.8,680.0,3,G
210058184348,3,M,3,0,1.0,0,Maricá,446.8,447.1,406.0,376.6,500.0,4,C
210060196076,3,F,3,0,1.0,0,Nova Iguaçu,411.8,481.0,535.9,515.9,700.0,4,D
210059270313,2,F,2,0,1.0,0,Duque de Caxias,324.7,374.2,398.0,439.4,600.0,6,B
210059352808,3,F,2,0,1.0,0,Niterói,417.7,349.3,533.4,346.1,380.0,4,C
210059106074,2,F,3,0,1.0,0,Duque de Caxias,450.4,571.0,523.6,545.4,780.0,4,E
210058675374,3,F,3,0,1.0,0,Duque de Caxias,497.7,537.5,512.4,486.9,320.0,4,C
210059750660,2,F,3,0,1.0,0,Duque de Caxias,559.5,618.5,621.1,435.4,700.0,3,B
210060174178,3,M,2,0,1.0,0,Nova Iguaçu,498.2,477.3,469.5,469.0,380.0,3,B
210058638660,4,F,3,0,1.0,0,Niterói,472.6,500.0,475.4,424.9,580.0,4,G
210058343538,3,F,3,0,1.0,0,Duque de Caxias,608.9,602.9,613.5,660.3,860.0,4,F
210060429790,3,F,3,0,1.0,0,Nova Iguaçu,514.3,597.6,507.3,425.5,660.0,3,E
210060559387,2,M,1,0,1.0,0,Niterói,619.9,594.9,596.3,665.3,680.0,2,D
210059735625,3,F,1,0,1.0,0,Maricá,545.5,622.4,606.0,520.1,920.0,2,E
210060614887,4,F,2,0,1.0,0,Duque de Caxias,371.5,383.7,425.0,560.3,460.0,7,C
210059091086,2,M,1,0,1.0,0,Nova Iguaçu,496.5,495.8,498.7,509.0,760.0,2,B
210060161118,3,F,3,0,1.0,0,Belford Roxo,531.5,514.9,495.8,574.7,540.0,4,B
210060603696,2,M,2,0,1.0,0,São João de Meriti,653.7,662.9,648.9,676.2,820.0,3,B
210058580161,4,M,1,0,1.0,0,Duque de Caxias,544.5,578.7,487.0,575.9,440.0,4,B
210060247242,3,M,1,0,1.0,0,Maricá,482.6,538.1,582.1,649.0,800.0,3,J
210061098189,2,M,3,0,1.0,0,Belford Roxo,473.5,520.5,553.4,560.3,560.0,2,B
210058606667,2,F,1,0,1.0,0,Nova Iguaçu,489.6,646.9,580.5,431.2,480.0,3,A
210059159519,2,F,3,0,1.0,0,Duque de Caxias,410.5,497.1,560.6,460.6,800.0,4,B
210059586147,3,M,3,0,1.0,0,Belford Roxo,407.7,460.5,486.1,570.0,520.0,2,A
210059612226,3,M,1,0,1.0,0,Niterói,654.5,672.0,570.7,778.6,940.0,3,Q
210058343478,2,M,1,0,1.0,0,Nova Iguaçu,531.2,609.7,535.4,743.3,660.0,3,F
210059805974,3,F,3,0,1.0,0,Niterói,457.6,500.4,510.0,454.8,700.0,4,F
210058587409,2,M,1,0,1.0,0,Nova Iguaçu,646.9,688.3,659.9,808.6,940.0,3,H
210058606010,3,F,1,0,1.0,0,Nova Iguaçu,571.1,631.7,616.6,656.9,920.0,4,B
210058580109,2,M,2,0,1.0,0,Niterói,542.2,551.6,569.7,448.0,480.0,4,B
210058697234,2,F,1,0,1.0,0,São João de Meriti,536.0,595.3,575.6,571.7,580.0,5,E
210060174128,3,F,2,0,1.0,0,Duque de Caxias,523.0,549.7,552.1,372.7,580.0,2,B
210059352760,3,M,1,0,1.0,0,Niterói,647.0,692.8,524.8,763.7,900.0,4,N
210059064937,3,F,3,0,1.0,0,Duque de Caxias,443.1,474.3,499.1,579.9,700.0,3,E
210059255193,2,F,3,0,1.0,0,Nova Iguaçu,473.6,590.9,496.7,569.7,680.0,4,E
210060985240,4,F,1,0,1.0,0,Nova Iguaçu,565.0,601.1,561.3,545.8,560.0,2,D
210060040211,2,F,1,0,1.0,0,Duque de Caxias,435.0,499.7,366.7,491.6,700.0,4,F
210060524166,3,F,3,0,1.0,0,Niterói,447.1,435.8,477.3,384.0,600.0,4,B
210059873283,2,F,1,0,1.0,0,Duque de Caxias,416.8,447.0,440.6,368.4,600.0,2,F
210060328358,2,F,3,0,1.0,0,Duque de Caxias,407.8,531.9,503.2,568.1,440.0,3,B
210060025228,4,F,3,0,1.0,0,São João de Meriti,403.2,493.9,412.6,524.3,680.0,4,A
210059213900,2,F,2,0,1.0,0,Niterói,542.9,581.0,607.4,769.4,680.0,4,N
210058535904,2,F,1,0,1.0,0,Niterói,630.9,691.2,685.8,772.8,940.0,4,Q
210059681413,4,M,2,0,1.0,0,Nova Iguaçu,454.3,447.0,500.6,506.2,680.0,5,E
210059200808,2,M,3,0,1.0,0,Niterói,694.1,654.7,617.4,865.4,760.0,3,P
210060361858,2,M,3,0,1.0,0,Niterói,514.1,576.4,538.1,554.0,620.0,5,E
210060513521,2,M,1,0,1.0,0,Niterói,529.6,522.6,542.6,727.8,800.0,4,O
210060524176,3,F,2,0,1.0,0,Duque de Caxias,430.3,538.8,439.2,443.5,740.0,6,F
210058729628,3,F,1,0,1.0,0,Niterói,516.2,646.3,633.7,664.2,900.0,4,K
210059668354,3,M,1,0,1.0,0,Niterói,617.4,641.0,587.5,664.1,720.0,3,G
210060361821,3,F,1,0,1.0,0,São João de Meriti,490.0,524.3,530.3,633.1,920.0,4,D
210061108042,3,F,1,0,1.0,0,Niterói,473.3,493.9,523.7,393.1,520.0,3,D
210060350701,2,F,1,0,1.0,0,Duque de Caxias,488.6,543.4,514.0,423.1,520.0,4,C
210060053317,3,M,1,0,1.0,0,Nova Iguaçu,473.0,542.5,535.6,604.2,520.0,3,E
210059077956,4,M,2,0,1.0,0,Belford Roxo,441.5,431.0,442.7,387.9,380.0,2,D
210060104914,3,F,2,0,1.0,0,Niterói,499.5,582.1,562.6,676.2,860.0,4,C
210060985185,2,F,1,0,1.0,0,São João de Meriti,590.0,636.7,585.3,523.6,800.0,5,M
210060361813,3,F,3,0,1.0,0,Maricá,524.1,439.3,437.3,524.3,680.0,6,C
210060536674,2,F,1,0,1.0,0,Niterói,465.5,387.7,455.6,336.5,840.0,4,C
210059298417,2,F,1,0,1.0,0,Niterói,592.8,615.2,601.8,616.9,820.0,4,K
210060412275,2,F,3,0,1.0,0,São João de Meriti,502.2,600.0,568.0,674.0,620.0,4,E
210060091860,3,M,3,0,1.0,0,Duque de Caxias,479.3,588.2,590.8,500.8,860.0,3,B
210061016082,4,M,3,0,1.0,0,São João de Meriti,639.6,665.1,633.5,688.4,940.0,5,L
210060091886,1,F,1,0,1.0,0,Belford Roxo,467.4,545.8,533.3,498.6,740.0,2,B
210060119942,4,M,1,0,1.0,0,Niterói,684.0,620.2,645.3,859.5,720.0,2,L
210061036383,2,M,2,0,1.0,0,Duque de Caxias,509.2,579.7,545.5,430.7,720.0,9,D
210058614583,2,F,2,0,1.0,0,Nova Iguaçu,535.1,634.5,564.6,592.2,640.0,3,J
210059091054,3,F,1,0,1.0,0,Nova Iguaçu,639.8,633.3,626.5,705.9,860.0,3,E
210059091013,3,F,1,0,1.0,0,Niterói,486.2,473.6,524.0,350.1,580.0,4,C
210058323746,2,F,1,0,1.0,0,Maricá,491.8,503.5,448.5,440.3,480.0,3,C
210059968573,2,F,1,0,1.0,0,Maricá,521.7,569.2,552.3,502.9,680.0,3,D
210058734896,3,F,1,0,1.0,0,Niterói,588.7,611.5,597.1,681.5,820.0,3,G
210059968576,2,F,1,0,1.0,0,Nova Iguaçu,444.3,460.8,445.2,392.0,560.0,4,C
210059091017,4,M,3,0,1.0,0,Nova Iguaçu,576.9,611.5,572.1,633.1,780.0,4,I
210060715535,2,F,2,0,1.0,0,São João de Meriti,434.5,549.0,487.0,543.5,740.0,4,B
210058977079,3,F,3,0,1.0,0,Nova Iguaçu,492.9,492.8,548.8,370.5,380.0,4,C
210060954169,3,F,1,0,1.0,0,Niterói,477.8,537.4,468.2,450.9,880.0,2,C
210059268258,3,M,3,0,1.0,0,Belford Roxo,523.8,586.6,560.6,434.3,500.0,3,C
210058393628,4,F,1,0,1.0,0,Nova Iguaçu,536.2,605.6,612.5,505.3,540.0,7,E
210058289304,2,M,3,0,1.0,0,Nova Iguaçu,526.7,478.4,584.3,554.6,480.0,3,C
210059465594,2,F,1,0,1.0,0,Nova Iguaçu,533.9,595.8,520.6,460.0,560.0,3,E
210059091154,2,F,3,0,1.0,0,Belford Roxo,507.6,568.7,620.2,715.8,800.0,5,D
210058724428,3,F,1,0,1.0,0,Niterói,436.6,494.6,473.4,496.0,680.0,4,B
210061139003,3,F,1,0,1.0,0,Belford Roxo,469.4,556.9,575.8,569.0,680.0,5,B
210058659704,3,M,2,0,1.0,0,Duque de Caxias,354.5,313.3,422.9,445.6,620.0,3,C
210060120008,2,F,1,0,1.0,0,Duque de Caxias,378.9,503.3,536.1,634.5,780.0,3,B
210060040274,3,F,1,0,1.0,0,Nova Iguaçu,559.5,660.5,621.5,642.8,840.0,3,D
210059078061,2,F,2,0,1.0,0,São João de Meriti,484.8,526.8,527.3,547.3,560.0,3,B
210061016180,3,F,3,0,1.0,0,Duque de Caxias,385.2,473.7,444.8,394.3,420.0,6,C
210060593792,2,F,2,0,1.0,0,Nova Iguaçu,499.0,547.0,555.4,441.7,660.0,5,C
210059106122,2,F,2,0,1.0,0,Nilópolis,389.7,443.7,420.0,464.1,420.0,7,E
210059653411,2,F,3,0,1.0,0,Niterói,437.8,478.1,475.5,401.1,660.0,3,G
210060066422,3,F,1,0,1.0,0,Maricá,704.7,676.8,662.0,872.6,960.0,4,I
210060547438,4,F,2,0,1.0,0,São João de Meriti,471.1,506.7,562.0,586.3,720.0,4,B
210058954505,4,F,3,0,1.0,0,São João de Meriti,359.5,427.8,463.4,337.9,480.0,3,B
210060439181,3,F,1,0,1.0,0,Duque de Caxias,530.9,613.2,593.4,580.9,900.0,5,F
210060187354,2,M,1,0,1.0,0,Niterói,559.4,618.5,562.3,653.9,820.0,3,G
210060133120,3,M,1,0,1.0,0,Maricá,437.5,556.5,525.3,516.0,600.0,4,E
210059199031,2,F,1,0,1.0,0,São João de Meriti,427.3,503.5,505.8,348.0,640.0,5,C
210061046337,3,M,2,0,1.0,0,Nova Iguaçu,571.8,622.1,604.7,712.9,800.0,4,D
210059750663,3,F,3,0,1.0,0,Nilópolis,583.8,493.7,536.5,369.4,720.0,2,E
210058323821,2,F,3,0,1.0,0,Belford Roxo,371.9,572.4,596.8,532.7,940.0,4,B
210059108117,4,F,1,0,1.0,0,Niterói,459.0,613.2,620.2,555.2,780.0,5,D
210061046360,3,F,1,0,1.0,0,Niterói,471.8,570.9,566.4,646.9,880.0,2,G
210060247352,2,M,1,0,1.0,0,Duque de Caxias,465.1,568.0,580.5,571.0,700.0,4,D
210059199039,3,M,1,0,1.0,0,Niterói,553.0,632.4,563.2,691.7,840.0,3,N
210058343565,3,M,3,0,1.0,0,Duque de Caxias,518.7,523.8,539.9,503.8,360.0,7,B
210059339714,3,F,2,0,1.0,0,Nova Iguaçu,477.5,518.1,489.7,425.8,520.0,9,B
210058686832,3,M,3,0,1.0,0,Nova Iguaçu,551.8,645.5,588.7,532.6,600.0,3,C
210058686851,4,F,3,0,1.0,0,Nilópolis,466.4,467.7,531.0,433.2,640.0,4,D
210060174228,2,F,1,0,1.0,0,Duque de Caxias,457.8,621.2,620.8,521.5,860.0,3,M
210058607219,2,M,3,0,1.0,0,Belford Roxo,494.8,551.4,529.5,503.5,600.0,2,C
210058638749,3,F,2,0,1.0,0,São João de Meriti,556.8,597.2,594.2,603.7,680.0,4,C
210060301567,2,F,3,0,1.0,0,Nova Iguaçu,594.3,611.7,547.3,568.0,900.0,5,D
210060467927,3,F,1,0,1.0,0,Nilópolis,543.9,636.5,627.3,810.6,620.0,4,C
210058719098,3,F,2,0,1.0,0,Duque de Caxias,465.2,528.3,583.1,589.0,640.0,3,D
210058631023,4,F,3,0,1.0,0,Nilópolis,521.2,624.4,562.4,551.9,620.0,4,D
210061077248,2,F,2,0,1.0,0,São João de Meriti,561.0,594.0,554.4,629.4,900.0,3,D
210059614232,3,F,1,0,1.0,0,Duque de Caxias,395.2,486.1,459.3,480.6,480.0,2,A
210061088448,2,M,3,0,1.0,0,Niterói,334.8,408.2,505.4,458.9,580.0,3,E
210060040258,3,F,1,0,1.0,0,São João de Meriti,583.1,525.9,603.2,518.5,940.0,3,J
210058995600,3,F,1,0,1.0,0,São João de Meriti,564.2,533.0,569.6,429.9,620.0,2,E
210058638808,3,F,1,0,1.0,0,Duque de Caxias,444.5,522.8,500.8,419.7,560.0,4,E
210060490417,2,F,3,0,1.0,0,Duque de Caxias,469.6,510.7,494.3,453.4,380.0,4,B
210059200855,2,M,1,0,1.0,0,Duque de Caxias,602.9,643.4,618.3,603.2,600.0,3,G
210058631031,3,M,1,0,1.0,0,São João de Meriti,533.3,642.2,629.9,702.2,720.0,4,N
210059008730,3,M,2,0,1.0,0,Nova Iguaçu,608.4,621.5,603.2,617.7,820.0,3,B
210058954422,4,F,1,0,1.0,0,Niterói,477.5,600.0,595.9,616.3,840.0,4,K
210058719089,2,F,3,0,1.0,0,Duque de Caxias,477.5,494.4,481.6,453.8,520.0,3,F
210059159608,2,M,1,0,1.0,0,Nova Iguaçu,470.0,577.9,571.1,488.9,500.0,4,G
210061088454,2,F,1,0,1.0,0,São João de Meriti,524.7,489.5,424.7,518.2,780.0,8,B
210059172720,3,F,2,0,1.0,0,Belford Roxo,481.7,573.4,533.3,513.3,900.0,2,B
210059080278,2,F,3,0,1.0,0,Duque de Caxias,596.7,611.1,598.6,594.6,720.0,4,D
210058447774,5,F,2,0,1.0,0,Duque de Caxias,518.1,592.9,532.2,430.8,560.0,5,C
210059186026,2,F,1,0,1.0,0,São João de Meriti,442.2,603.5,541.8,588.8,820.0,4,D
210058990061,3,M,1,0,1.0,0,Nova Iguaçu,587.1,545.4,570.2,393.5,640.0,4,D
210058990042,3,F,3,0,1.0,0,São João de Meriti,489.5,505.1,528.6,543.2,720.0,3,C
210060482477,3,F,3,0,1.0,0,Nova Iguaçu,421.5,407.5,478.3,436.2,480.0,3,B
210058430139,3,M,1,0,1.0,0,São João de Meriti,515.2,440.3,404.4,456.1,600.0,4,B
210060634450,3,F,1,0,1.0,0,Nova Iguaçu,490.8,538.4,514.9,527.6,700.0,2,B
210060830799,2,F,1,0,1.0,0,Niterói,445.2,543.6,544.5,466.3,780.0,5,E
210059157980,2,F,2,0,1.0,0,Duque de Caxias,457.7,444.2,389.3,382.4,280.0,2,B
210061418861,2,M,1,0,1.0,0,São João de Meriti,517.6,494.9,527.8,636.3,560.0,3,C
210059157982,2,F,1,0,1.0,0,Duque de Caxias,584.7,657.3,591.3,605.4,720.0,3,I
210059069706,2,M,1,0,1.0,0,Nova Iguaçu,566.4,540.2,561.8,677.5,600.0,3,C
210058196284,3,M,1,0,1.0,0,Niterói,553.3,671.6,605.5,706.9,560.0,4,N
210059424434,3,F,1,0,1.0,0,Nova Iguaçu,469.1,495.5,502.5,530.7,580.0,4,E
210060902297,2,F,3,0,1.0,0,Belford Roxo,458.7,561.0,583.4,399.3,820.0,4,E
210060705724,3,M,1,0,1.0,0,Nova Iguaçu,562.7,612.8,599.1,656.8,740.0,4,D
210060871466,2,F,2,0,1.0,0,Maricá,495.2,517.2,535.2,469.8,640.0,4,D
210059067350,2,M,3,0,1.0,0,Nilópolis,391.2,346.3,307.0,372.1,360.0,3,C
210059185987,2,F,1,0,1.0,0,Maricá,388.6,472.0,441.8,450.5,600.0,4,M
210060715600,3,F,3,0,1.0,0,Nova Iguaçu,451.9,500.4,477.4,393.3,680.0,7,F
210060224242,2,F,3,0,1.0,0,Nova Iguaçu,592.9,622.8,610.5,556.9,780.0,4,B
210061439789,2,M,1,0,1.0,0,Nilópolis,547.8,647.5,601.9,589.9,420.0,7,J
210059227193,3,M,1,0,1.0,0,Niterói,601.2,527.2,421.9,572.0,700.0,5,E
210059411319,3,F,1,0,1.0,0,Niterói,635.3,636.4,590.1,786.7,860.0,4,K
210061439833,4,M,3,0,1.0,0,Belford Roxo,466.0,486.0,515.5,469.3,440.0,4,B
210060861617,2,M,1,0,1.0,0,Duque de Caxias,409.3,323.0,313.1,490.5,540.0,4,C
210060944349,3,M,1,0,1.0,0,São João de Meriti,530.2,610.7,535.9,642.3,860.0,4,I
210058289329,3,F,3,0,1.0,0,Nova Iguaçu,472.4,391.9,424.8,383.6,680.0,4,E
210060616514,2,M,3,0,1.0,0,Duque de Caxias,461.3,438.8,423.3,435.1,520.0,3,C
210061357127,3,F,3,0,1.0,0,Duque de Caxias,598.0,481.6,609.7,548.7,680.0,6,G
210060776983,3,F,1,0,1.0,0,Niterói,498.5,594.3,553.0,661.1,940.0,4,C
210059322568,3,F,2,0,1.0,0,Duque de Caxias,425.7,458.2,461.9,387.2,680.0,2,B
210061326170,2,F,2,0,1.0,0,São João de Meriti,474.2,576.4,530.0,513.0,960.0,6,B
210058412554,3,F,2,0,1.0,0,Maricá,580.4,588.2,614.4,564.4,860.0,4,C
210059069576,2,F,4,0,1.0,0,Nova Iguaçu,491.6,582.0,523.1,503.3,700.0,2,C
210058522448,2,M,1,0,1.0,0,Niterói,734.3,731.6,675.2,861.7,960.0,4,Q
210059508795,3,F,2,0,1.0,0,Duque de Caxias,476.1,509.8,490.4,359.3,580.0,3,D
210058300471,3,F,2,0,1.0,0,Nova Iguaçu,483.2,603.7,620.5,602.7,840.0,4,C
210060765909,3,M,3,0,1.0,0,São João de Meriti,583.6,575.2,523.4,703.7,760.0,2,E
210060736460,2,M,3,0,1.0,0,Duque de Caxias,576.7,620.6,633.1,743.1,800.0,4,O
210061337371,2,M,3,0,1.0,0,São João de Meriti,403.9,470.5,426.4,348.4,400.0,4,D
210060585824,4,M,3,0,1.0,0,Duque de Caxias,656.7,611.1,650.0,755.7,880.0,3,J
210061337332,2,F,3,0,1.0,0,Duque de Caxias,409.9,505.9,540.2,411.6,800.0,2,B
210061357139,3,F,1,0,1.0,0,Duque de Caxias,519.5,490.0,542.6,368.8,720.0,5,E
210061347170,2,F,1,0,1.0,0,Niterói,568.6,616.4,614.3,692.5,960.0,4,J
210058412515,3,M,1,0,1.0,0,São João de Meriti,363.4,493.8,522.9,529.2,640.0,4,H
210058184466,3,F,3,0,1.0,0,Duque de Caxias,400.3,441.0,465.4,436.2,520.0,4,A
210059398222,2,F,1,0,1.0,0,Duque de Caxias,419.8,388.3,355.1,365.6,540.0,2,F
210060482442,3,F,3,0,1.0,0,Maricá,540.9,553.8,537.8,550.4,500.0,3,C
210059563026,2,F,5,0,1.0,0,Duque de Caxias,458.7,518.1,508.8,378.4,360.0,4,B
210058439532,3,F,1,0,1.0,0,Maricá,445.6,484.4,493.9,438.4,880.0,4,H
210060776970,2,F,3,0,1.0,0,Duque de Caxias,521.7,589.1,565.4,594.2,720.0,3,B
210059322533,3,M,1,0,1.0,0,Niterói,579.8,458.8,531.0,703.7,880.0,5,N
210058141371,2,F,2,0,1.0,0,Nilópolis,417.1,475.6,527.7,421.9,760.0,5,B
210059119328,4,F,3,0,1.0,0,Belford Roxo,341.4,321.2,447.7,384.6,500.0,2,B
210060830724,2,F,1,0,1.0,0,Duque de Caxias,473.6,556.0,590.3,503.5,700.0,4,Q
210059383219,3,F,2,0,1.0,0,Duque de Caxias,491.6,512.5,488.3,483.4,300.0,4,D
210061378133,3,M,3,0,1.0,0,Niterói,509.8,643.2,582.5,693.6,940.0,2,N
210060126869,3,F,1,0,1.0,0,Niterói,505.5,567.4,606.9,594.4,660.0,4,Q
210060786750,2,F,3,0,1.0,0,Nilópolis,479.8,532.0,600.8,559.6,580.0,5,C
210059065045,2,M,4,0,1.0,0,Nova Iguaçu,403.0,505.2,510.1,522.1,860.0,5,D
210060080876,3,F,2,0,1.0,0,São João de Meriti,393.0,422.1,393.9,405.6,300.0,3,B
210059106212,2,M,3,0,1.0,0,Belford Roxo,385.0,452.9,448.5,390.9,560.0,2,B
210058621993,3,F,3,0,1.0,0,Belford Roxo,533.1,570.8,588.6,650.2,720.0,3,E
210060569231,3,F,1,0,1.0,0,Belford Roxo,475.2,502.9,437.8,534.5,660.0,5,C
210058573670,2,M,1,0,1.0,0,Belford Roxo,359.1,585.2,534.6,382.6,560.0,3,B
210058622029,2,M,1,0,1.0,0,Niterói,594.4,722.2,661.3,684.3,940.0,2,I
210058616450,3,M,1,0,1.0,0,São João de Meriti,792.3,669.9,602.6,876.5,920.0,4,G
210059298610,3,F,1,0,1.0,0,Nova Iguaçu,472.8,580.0,547.9,376.1,740.0,4,B
210060547512,3,F,3,0,1.0,0,Nova Iguaçu,486.5,520.2,544.5,346.1,780.0,2,D
210058344901,2,M,3,0,1.0,0,Nilópolis,478.9,493.9,533.9,496.1,600.0,4,G
210059270415,3,F,1,0,1.0,0,Duque de Caxias,456.1,541.7,536.4,343.5,640.0,6,B
210060559487,4,F,2,0,1.0,0,Niterói,456.3,476.1,397.5,331.9,520.0,3,E
210060361974,3,M,0,0,1.0,0,São João de Meriti,494.3,464.2,515.5,429.1,460.0,4,E
210059091163,2,M,2,0,1.0,0,Duque de Caxias,495.0,533.5,546.9,594.4,720.0,5,E
210059298599,3,F,3,0,1.0,0,Nova Iguaçu,486.4,507.9,564.5,568.5,560.0,2,B
210060996521,3,F,3,0,1.0,0,Niterói,455.9,475.6,406.2,569.2,460.0,6,B
210060412446,2,F,1,0,1.0,0,Niterói,602.2,690.7,619.6,729.8,900.0,4,D
210059942571,2,F,3,0,1.0,0,Niterói,550.4,347.7,477.3,480.9,660.0,3,B
210060547501,3,F,1,0,1.0,0,Maricá,541.8,575.4,571.9,569.6,840.0,3,B
210060944445,4,M,1,0,1.0,0,Maricá,517.1,516.8,516.0,433.5,460.0,4,G
210060616578,3,F,2,0,1.0,0,Duque de Caxias,461.6,339.3,417.3,420.3,560.0,7,A
210059576217,3,F,2,0,1.0,0,Nova Iguaçu,458.9,549.3,542.4,458.8,400.0,3,D
210058702601,2,M,3,0,1.0,0,Duque de Caxias,474.8,569.0,554.1,535.9,840.0,3,B
210060596953,2,F,1,0,1.0,0,Nilópolis,400.3,533.3,562.6,537.8,460.0,4,E
210060128919,2,F,1,0,1.0,0,Belford Roxo,487.2,464.8,506.9,388.9,540.0,5,D
210058420743,3,M,1,0,1.0,0,São João de Meriti,732.1,647.2,618.8,845.9,980.0,4,G
210059508869,2,F,3,0,1.0,0,Niterói,481.8,594.5,571.6,602.1,800.0,4,G
210059002898,3,M,1,0,1.0,0,Maricá,507.2,457.6,479.1,444.4,600.0,2,B
210059281449,3,F,1,0,1.0,0,Nova Iguaçu,442.1,469.1,497.6,517.3,560.0,6,C
210060606804,3,F,1,0,1.0,0,Niterói,514.6,477.5,564.3,657.1,720.0,4,P
210061347308,2,F,2,0,1.0,0,Nova Iguaçu,456.7,474.0,521.0,406.6,620.0,5,J
210059999101,2,F,1,0,1.0,0,Niterói,496.6,547.7,470.6,511.3,640.0,4,D
210058156434,2,F,3,0,1.0,0,Belford Roxo,461.5,542.6,489.7,579.1,660.0,6,E
210059296471,3,F,3,0,1.0,0,Duque de Caxias,506.8,647.2,603.1,574.1,760.0,3,B
210061358439,4,F,3,0,1.0,0,Nova Iguaçu,456.3,373.4,385.4,414.4,540.0,1,A
210059791828,3,F,3,0,1.0,0,Duque de Caxias,451.1,464.8,513.4,363.4,540.0,3,C
210059791829,5,F,3,0,1.0,0,Duque de Caxias,333.4,376.5,405.8,439.5,400.0,1,A
210060273506,2,M,3,0,2.0,0,Nilópolis,530.7,613.8,555.0,621.9,720.0,3,C
210059268399,4,M,3,0,1.0,0,Maricá,393.5,484.8,445.1,371.1,620.0,4,F
210059550051,3,F,1,0,1.0,0,Nilópolis,453.6,560.9,558.3,458.7,660.0,5,C
210059322610,2,F,2,0,1.0,0,Belford Roxo,472.1,590.4,614.7,510.8,500.0,4,C
210061326239,3,F,2,0,1.0,0,São João de Meriti,433.2,329.6,480.4,414.8,360.0,4,D
210059050016,3,M,2,0,1.0,0,Belford Roxo,573.9,503.1,583.5,506.5,900.0,3,A
210060012256,2,F,1,0,1.0,0,Niterói,587.1,638.5,641.5,641.8,840.0,4,H
210058724485,3,F,2,0,1.0,0,Niterói,432.4,575.4,542.1,623.1,600.0,3,A
210059214050,3,M,3,0,1.0,0,Nova Iguaçu,362.0,446.3,457.4,444.7,460.0,3,C
210060513591,2,F,1,0,1.0,0,Niterói,563.5,640.5,621.2,764.4,960.0,3,K
210060316683,3,F,3,0,1.0,0,Nova Iguaçu,339.0,466.4,464.6,425.0,500.0,4,B
210060301621,2,F,3,0,1.0,0,Duque de Caxias,527.6,436.5,461.5,409.5,700.0,7,B
210060490451,2,F,1,0,1.0,0,Niterói,475.6,594.6,604.5,567.8,660.0,3,B
210058616313,4,F,1,0,1.0,0,Nova Iguaçu,435.3,536.6,506.3,455.6,560.0,2,B
210059172748,3,F,1,0,1.0,0,Nilópolis,469.7,485.9,519.1,396.5,600.0,5,B
210059599302,2,F,1,0,1.0,0,Nova Iguaçu,546.4,646.2,633.0,631.1,840.0,4,G
210058573607,3,F,2,0,1.0,0,Niterói,515.6,430.2,378.8,403.3,540.0,3,B
210059586229,2,F,3,0,1.0,0,Niterói,503.7,610.3,612.6,670.2,940.0,3,C
210059199100,3,F,3,0,1.0,0,São João de Meriti,441.5,434.0,488.3,414.0,740.0,7,B
210059452611,3,F,1,0,1.0,0,Nilópolis,361.3,462.6,460.1,336.9,500.0,4,E
210059214176,3,M,3,0,1.0,0,São João de Meriti,447.0,518.9,521.3,346.2,480.0,3,E
210059240342,2,F,1,0,1.0,0,Maricá,421.3,510.8,497.1,494.4,620.0,4,G
210060033924,3,F,2,0,1.0,0,Belford Roxo,437.5,425.9,495.7,377.0,520.0,5,C
210061316351,3,M,1,0,1.0,0,Niterói,605.0,610.7,592.9,700.2,800.0,3,J
210058258550,3,F,3,0,1.0,0,Maricá,396.9,561.8,614.1,546.6,740.0,3,B
210060715622,2,F,1,0,1.0,0,Niterói,510.2,538.6,565.8,587.8,920.0,5,B
210060549480,4,F,3,0,1.0,0,Nova Iguaçu,506.0,485.3,510.5,457.6,700.0,3,E
210060705816,3,M,1,0,1.0,0,Niterói,683.1,645.9,615.0,912.3,900.0,4,Q
210058503484,3,F,1,0,1.0,0,Niterói,645.1,622.9,594.4,762.2,960.0,3,N
210059493844,3,F,1,0,1.0,0,Niterói,336.7,395.1,457.5,384.3,460.0,2,C
210060715612,3,F,1,0,1.0,0,Niterói,571.3,591.3,607.4,652.4,840.0,4,Q
210059452627,3,F,2,0,1.0,0,Nova Iguaçu,428.8,496.2,407.7,467.3,780.0,3,E
210059586315,3,F,1,0,1.0,0,Niterói,605.8,622.2,611.8,756.2,900.0,4,Q
210058587579,3,M,2,0,1.0,0,Niterói,550.1,555.1,544.4,627.1,760.0,2,B
210060490568,3,M,1,0,1.0,0,Nilópolis,561.7,530.8,574.5,637.7,580.0,4,J
210058632529,3,F,1,0,1.0,0,Duque de Caxias,470.5,485.6,492.9,339.0,360.0,3,C
210059791900,2,F,2,0,1.0,0,Nova Iguaçu,345.8,387.2,487.4,372.0,700.0,2,B
210058995787,2,F,3,0,1.0,0,Duque de Caxias,491.7,563.6,550.9,531.9,640.0,3,C
210059791902,3,F,1,0,1.0,0,Nova Iguaçu,439.8,374.8,439.6,479.7,400.0,3,B
210058702704,3,M,1,0,1.0,0,Niterói,390.1,609.9,613.0,624.8,440.0,2,E
210058967659,3,F,1,0,1.0,0,Niterói,565.6,549.7,540.4,719.2,760.0,4,M
210060040410,2,F,1,0,1.0,0,Nova Iguaçu,509.5,498.6,521.1,514.4,520.0,2,B
210060547558,3,F,3,0,1.0,0,Niterói,382.3,539.2,440.6,575.9,640.0,2,B
210060490540,2,F,1,0,1.0,0,Nova Iguaçu,383.4,500.8,513.9,506.0,540.0,5,C
210060513665,3,M,2,0,1.0,0,Niterói,510.6,581.0,523.2,489.8,620.0,2,B
210059901500,2,F,1,0,1.0,0,Niterói,677.6,671.7,607.5,825.0,960.0,4,L
210060092108,3,M,1,0,1.0,0,Niterói,682.5,601.1,653.0,859.0,900.0,5,Q
210059187869,2,F,1,0,1.0,0,Duque de Caxias,501.5,472.0,469.8,390.9,940.0,3,D
210060547567,4,F,1,0,1.0,0,Duque de Caxias,537.4,573.5,565.3,427.1,920.0,3,B
210059036971,3,M,2,0,1.0,0,Niterói,482.7,427.9,406.9,454.5,280.0,3,E
210060501092,4,M,1,0,1.0,0,Maricá,603.2,510.3,495.7,412.8,920.0,4,H
210059065057,3,F,3,0,1.0,0,Niterói,500.6,567.2,535.6,420.4,900.0,4,C
210059257292,3,F,3,0,1.0,0,São João de Meriti,463.0,552.8,554.6,583.8,640.0,4,E
210060490517,2,F,3,0,1.0,0,São João de Meriti,392.9,399.8,406.8,425.2,620.0,3,C
210058730468,2,F,3,0,1.0,0,Duque de Caxias,445.3,478.5,439.5,451.2,640.0,3,B
210061027387,2,F,4,0,1.0,0,Duque de Caxias,459.4,558.0,554.3,549.1,940.0,4,E
210060603847,3,F,3,0,1.0,0,Belford Roxo,543.6,564.6,643.3,742.7,880.0,4,I
210058686929,2,M,1,0,1.0,0,São João de Meriti,546.0,654.4,636.8,713.8,760.0,4,I
210059106234,3,M,3,0,1.0,0,Nova Iguaçu,541.0,574.1,475.4,454.1,500.0,4,J
210058681718,2,F,1,0,1.0,0,Niterói,443.0,480.6,478.4,445.6,780.0,2,A
210061017603,3,F,3,0,1.0,0,Duque de Caxias,584.9,639.4,623.2,678.0,960.0,3,C
210060148186,2,F,1,0,1.0,0,Maricá,447.1,473.8,516.9,543.8,560.0,4,D
210058630773,2,M,3,0,1.0,0,São João de Meriti,509.0,449.1,468.8,524.3,600.0,3,C
210059339845,2,F,1,0,1.0,0,Nilópolis,406.4,561.5,544.0,464.1,420.0,3,D
210059709650,2,F,2,0,1.0,0,Nova Iguaçu,529.3,583.2,615.7,596.9,640.0,3,C
210059999193,4,M,1,0,1.0,0,Niterói,537.4,600.7,605.9,727.4,800.0,4,E
210059776866,2,M,1,0,1.0,0,Niterói,524.5,555.8,520.2,599.1,580.0,3,F
210059791880,2,F,2,0,1.0,0,Nilópolis,472.1,581.3,518.7,350.1,820.0,2,C
210061057611,3,F,2,0,1.0,0,Maricá,535.3,494.6,507.9,664.7,800.0,5,J
210061057596,3,F,1,0,1.0,0,Nova Iguaçu,404.3,516.7,494.5,553.2,880.0,3,D
210061078651,3,F,2,0,1.0,0,Niterói,508.5,548.9,590.3,505.0,540.0,6,E
210061046421,3,F,1,0,1.0,0,Nova Iguaçu,551.1,557.3,589.4,513.8,780.0,5,E
210061067433,3,F,1,0,1.0,0,Niterói,448.5,546.6,554.0,668.7,920.0,4,K
210058141487,3,M,1,0,1.0,0,Nova Iguaçu,520.9,590.9,605.2,690.8,680.0,3,I
210060830857,3,F,3,0,1.0,0,Niterói,390.6,481.4,523.1,558.0,660.0,2,B
210060183281,3,F,2,0,1.0,0,Belford Roxo,471.1,456.3,421.5,490.4,460.0,4,A
210060647383,2,F,1,0,1.0,0,Duque de Caxias,379.0,469.8,522.2,499.5,560.0,3,C
210058422089,4,F,3,0,1.0,0,São João de Meriti,423.3,496.5,488.7,380.7,520.0,3,B
210058184627,3,F,2,0,1.0,0,Nova Iguaçu,432.0,509.8,490.9,380.1,460.0,5,D
210060647385,2,F,3,0,1.0,0,Nilópolis,497.2,507.5,455.6,408.8,520.0,3,C
210060155113,3,F,1,0,1.0,0,Nova Iguaçu,380.8,481.5,417.8,390.2,720.0,5,D
210059550122,2,F,1,0,1.0,0,Nova Iguaçu,421.9,592.8,575.5,521.6,700.0,4,B
210060497481,2,F,3,0,1.0,0,Duque de Caxias,434.1,378.9,521.8,492.4,700.0,3,E
210059578242,3,F,3,0,1.0,0,Maricá,582.3,636.7,582.4,610.9,640.0,4,M
210059133225,3,F,1,0,1.0,0,Niterói,638.7,730.0,666.7,730.5,900.0,4,K
210060715660,3,F,1,0,1.0,0,Belford Roxo,416.0,425.5,457.3,386.5,520.0,4,B
210060211288,2,F,2,0,1.0,0,Nilópolis,591.9,637.4,644.9,714.4,820.0,4,I
210060224386,2,F,3,0,1.0,0,São João de Meriti,559.8,566.0,548.6,795.3,920.0,3,E
210060675074,4,F,1,0,1.0,0,Nova Iguaçu,652.1,713.6,568.2,655.7,880.0,4,E
210058485743,3,F,3,0,1.0,0,Nova Iguaçu,558.0,624.3,605.9,662.1,920.0,4,D
210060841981,3,F,1,0,1.0,0,Duque de Caxias,461.3,431.1,361.8,380.7,640.0,5,B
210058227741,2,F,3,0,1.0,0,Maricá,448.8,548.9,514.1,541.2,640.0,4,D
210061439891,4,M,1,0,1.0,0,Niterói,410.3,474.4,543.9,504.6,580.0,2,B
210060892591,2,F,1,0,1.0,0,Nova Iguaçu,480.3,445.8,494.8,408.0,660.0,5,E
210060705839,4,F,3,0,1.0,0,Nova Iguaçu,522.4,501.2,515.4,693.2,460.0,3,C
210058494004,2,F,2,0,1.0,0,Duque de Caxias,553.5,591.8,564.5,581.0,680.0,4,B
210060861682,2,F,2,0,1.0,0,São João de Meriti,480.8,562.2,541.5,622.0,740.0,7,F
210059017906,2,F,3,0,1.0,0,Maricá,439.4,380.2,522.2,491.6,580.0,5,D
210060523500,2,F,3,0,1.0,0,Niterói,400.6,457.1,470.4,392.2,620.0,6,B
210058476260,2,M,1,0,1.0,0,Niterói,559.5,543.0,554.0,755.4,800.0,3,P
210060665286,2,M,3,0,1.0,0,Nilópolis,488.4,609.5,583.7,483.6,560.0,4,G
210060482515,2,M,3,0,1.0,0,Nova Iguaçu,364.8,546.2,559.9,609.4,880.0,5,E
210061399253,1,F,1,0,1.0,0,Nova Iguaçu,477.0,505.8,531.9,486.2,380.0,4,C
210061389390,3,F,2,0,1.0,0,São João de Meriti,429.5,502.3,562.7,383.6,760.0,3,C
210059158032,2,M,1,0,1.0,0,Duque de Caxias,541.7,641.6,459.9,627.9,720.0,5,M
210059480828,3,F,3,0,1.0,0,Duque de Caxias,468.3,513.5,512.0,509.7,680.0,4,B
210061316419,2,M,1,0,1.0,0,Maricá,474.6,565.6,510.7,421.9,240.0,4,E
210060965434,2,F,4,0,1.0,0,Nova Iguaçu,505.7,544.9,541.8,475.9,600.0,7,A
210058403270,3,F,1,0,1.0,0,Nova Iguaçu,411.2,523.9,477.6,460.9,520.0,3,B
210058522565,3,M,3,0,1.0,0,Duque de Caxias,563.2,489.9,476.3,562.8,580.0,4,E
210060756162,2,F,3,0,1.0,0,Niterói,434.3,474.2,442.9,439.9,580.0,3,B
210059028738,2,F,0,0,1.0,0,Niterói,627.6,636.6,625.0,688.1,880.0,3,D
210058503507,3,M,1,0,1.0,0,Niterói,455.6,560.3,516.9,494.5,360.0,2,C
210060113897,3,F,3,0,1.0,0,Nova Iguaçu,504.2,535.6,516.7,677.1,820.0,5,I
210058522571,2,F,1,0,1.0,0,Duque de Caxias,504.7,563.3,514.5,564.8,820.0,3,C
210060725439,3,F,1,0,1.0,0,Nova Iguaçu,440.3,519.3,450.7,411.6,700.0,3,B
210060075234,2,F,1,0,1.0,0,Niterói,684.0,713.5,707.4,821.4,960.0,3,M
210061327578,3,F,1,0,1.0,0,Duque de Caxias,542.9,529.0,558.2,597.8,840.0,3,B
210061347314,2,F,1,0,1.0,0,Maricá,513.1,579.2,559.4,617.0,800.0,4,D
210060923426,2,F,1,0,1.0,0,Duque de Caxias,553.5,596.4,600.8,702.5,900.0,4,G
210060841941,2,M,3,0,1.0,0,Nova Iguaçu,448.4,484.0,525.8,540.6,700.0,4,E
210058592917,2,F,3,0,1.0,0,Niterói,341.5,453.5,463.0,478.3,640.0,6,B
210058654599,2,F,2,0,1.0,0,Nova Iguaçu,503.8,502.8,498.6,381.2,520.0,2,B
210060559603,2,M,1,0,1.0,0,Nova Iguaçu,556.5,333.1,378.1,592.4,520.0,3,B
210061129287,2,F,1,0,1.0,0,Niterói,622.7,709.0,625.8,729.2,900.0,4,M
210059914596,2,F,3,0,1.0,0,São João de Meriti,460.7,499.9,460.6,481.5,900.0,3,B
210060647337,2,M,1,0,1.0,0,Nilópolis,537.4,734.8,619.3,706.5,840.0,3,I
210059093210,3,F,2,0,1.0,0,Niterói,401.3,365.2,349.9,415.3,340.0,4,C
210060593987,4,F,3,0,1.0,0,Niterói,397.2,340.5,328.2,360.7,200.0,3,A
210061461072,3,F,1,0,1.0,0,Niterói,419.9,457.3,516.5,630.5,600.0,4,P
210061017631,3,F,1,0,1.0,0,Niterói,522.7,642.1,597.9,652.6,820.0,5,H
210060603858,4,F,3,0,1.0,0,Belford Roxo,443.2,456.3,446.3,407.7,340.0,3,D
210059439680,3,F,2,0,1.0,0,Nova Iguaçu,550.7,524.6,564.9,517.8,600.0,4,G
210059041569,3,F,1,0,1.0,0,Niterói,548.5,571.4,586.6,585.0,880.0,2,D
210059955769,2,F,3,0,1.0,0,Niterói,453.1,402.1,476.4,513.4,760.0,6,B
210059709680,3,F,3,0,1.0,0,Duque de Caxias,445.3,510.0,436.6,338.4,680.0,4,B
210060120203,4,F,3,0,1.0,0,Duque de Caxias,381.8,499.9,496.6,381.1,520.0,5,D
210058141539,2,F,3,0,1.0,0,Maricá,395.6,490.8,517.4,456.1,500.0,3,B
210060786997,3,F,1,0,1.0,0,Nova Iguaçu,460.6,536.8,546.2,551.2,700.0,2,G
210061327625,3,F,1,0,1.0,0,Nilópolis,436.3,474.8,474.3,489.0,740.0,4,D
210058300651,3,M,2,0,1.0,0,São João de Meriti,522.1,490.5,516.5,578.2,320.0,6,D
210059508948,3,F,1,0,1.0,0,Duque de Caxias,469.1,371.0,494.9,451.2,520.0,5,E
210058279648,3,F,1,0,1.0,0,Nova Iguaçu,455.5,516.9,528.0,513.2,280.0,5,B
210059550177,3,F,1,0,1.0,0,Duque de Caxias,422.7,508.4,475.2,582.7,620.0,4,C
210060606886,3,F,1,0,1.0,0,Maricá,637.5,678.3,642.3,729.1,980.0,4,P
210059537067,3,M,1,0,1.0,0,Nova Iguaçu,399.7,537.6,529.5,360.3,640.0,3,G
210059537047,2,F,1,0,1.0,0,Maricá,504.9,555.4,575.9,389.9,640.0,3,I
210060647454,3,M,1,0,1.0,0,Maricá,498.5,511.1,548.3,415.5,620.0,3,B
210058964260,5,M,3,0,1.0,0,Niterói,495.8,517.4,494.6,524.7,540.0,4,G
210059121303,3,F,1,0,1.0,0,Niterói,517.8,463.4,548.0,627.0,920.0,4,M
210058964264,3,F,3,0,1.0,0,Nova Iguaçu,474.5,525.1,568.9,534.2,740.0,5,E
210059121484,2,F,1,0,1.0,0,Niterói,498.0,559.3,617.7,557.7,480.0,4,L
210059357241,3,F,1,0,1.0,0,Nova Iguaçu,572.6,639.6,631.3,741.7,860.0,2,E
210059133314,3,F,3,0,1.0,0,Duque de Caxias,569.3,568.3,575.3,557.3,600.0,5,B
210058171587,2,F,3,0,1.0,0,Nova Iguaçu,410.2,485.5,452.2,420.6,680.0,3,B
210060686302,2,F,1,0,1.0,0,Nova Iguaçu,660.2,645.9,629.1,775.0,940.0,3,L
210060675217,2,M,1,0,1.0,0,Nova Iguaçu,471.1,537.9,510.8,546.2,640.0,8,F
210061420339,3,M,2,0,1.0,0,Niterói,477.7,500.5,469.0,429.7,760.0,4,H
210059578270,3,F,1,0,1.0,0,Niterói,402.2,527.8,519.1,592.6,940.0,4,K
210060872988,2,F,3,0,1.0,0,Duque de Caxias,502.8,552.8,474.6,371.0,780.0,3,B
210059385342,3,F,1,0,1.0,0,Nilópolis,569.2,616.7,596.5,658.5,620.0,4,D
210059370288,2,M,1,0,1.0,0,Niterói,525.8,510.5,538.9,654.0,800.0,4,C
210059385362,2,M,3,0,1.0,0,Niterói,461.3,521.0,334.4,440.1,600.0,3,C
210059494497,2,F,3,0,1.0,0,Niterói,494.9,522.0,488.1,516.3,680.0,4,E
210060821099,3,F,1,0,1.0,0,Niterói,697.4,718.3,685.5,816.9,900.0,2,J
210060686241,2,F,1,0,1.0,0,Nova Iguaçu,496.4,553.4,479.0,521.9,800.0,2,B
210058476314,3,M,1,0,1.0,0,Maricá,561.4,644.2,574.3,625.7,680.0,3,E
210059030903,4,F,3,0,1.0,0,Maricá,388.3,516.0,418.9,408.4,680.0,2,A
210058513088,2,F,1,0,1.0,0,Duque de Caxias,506.4,552.4,504.9,431.6,580.0,3,C
210060736622,3,F,1,0,1.0,0,Nilópolis,542.0,555.5,490.7,615.2,900.0,5,G
210060224446,2,M,2,0,1.0,0,Niterói,632.5,660.4,555.7,762.9,880.0,2,C
210061420267,2,F,1,0,1.0,0,Duque de Caxias,405.7,363.3,454.5,417.3,440.0,3,C
210058218010,4,M,3,0,1.0,0,Nova Iguaçu,425.0,406.4,385.4,698.1,660.0,4,E
210060913595,4,F,4,0,1.0,0,Nova Iguaçu,400.6,490.8,468.8,464.6,500.0,3,B
210060062173,3,F,3,0,1.0,0,Niterói,507.0,554.5,516.1,540.3,640.0,6,C
210058248842,3,F,3,0,1.0,0,Maricá,440.6,544.8,565.6,530.8,540.0,4,B
210058217998,3,F,2,0,1.0,0,Nilópolis,398.7,499.2,538.5,530.7,680.0,4,C
210061451162,2,F,3,0,1.0,0,Belford Roxo,378.8,505.8,467.9,420.5,580.0,2,C
210060510512,2,F,1,0,1.0,0,São João de Meriti,426.7,421.6,491.2,357.3,480.0,3,A
210058645780,2,M,1,0,1.0,0,Niterói,605.3,657.7,494.3,761.1,940.0,3,G
210058645735,2,F,1,0,1.0,0,Duque de Caxias,531.6,498.9,582.0,707.0,860.0,4,B
210058645812,2,F,3,0,1.0,0,Duque de Caxias,512.9,576.2,558.9,491.8,600.0,3,B
210059792024,3,F,2,0,1.0,0,São João de Meriti,477.3,544.7,583.5,589.0,820.0,4,B
210059834379,3,F,3,0,1.0,0,Nova Iguaçu,451.7,582.0,589.6,644.0,520.0,3,B
210059601435,2,F,1,0,1.0,0,Niterói,479.7,561.8,531.5,553.0,920.0,4,B
210060301843,2,M,2,0,1.0,0,Niterói,396.8,355.7,397.1,328.4,600.0,3,B
210058692274,2,F,1,0,1.0,0,Niterói,457.8,528.4,566.6,568.7,840.0,4,L
210058941487,3,F,3,0,1.0,0,São João de Meriti,410.3,434.5,449.2,347.3,440.0,4,B
210060260645,3,F,2,0,1.0,0,Niterói,455.2,491.7,495.4,350.5,640.0,3,B
210059916565,3,F,2,0,1.0,0,Nova Iguaçu,549.3,567.1,648.0,537.7,780.0,4,B
210060301788,3,F,1,0,1.0,0,Niterói,509.5,624.1,574.3,803.6,920.0,4,K
210059999310,3,F,2,0,1.0,0,São João de Meriti,463.5,579.3,546.5,408.5,360.0,11,D
210061098443,3,F,3,0,1.0,0,Nova Iguaçu,385.5,465.3,464.5,512.1,320.0,4,B
210059010882,2,M,1,0,1.0,0,Duque de Caxias,474.8,543.8,487.7,577.1,640.0,4,D
210059052112,2,M,1,0,1.0,0,Duque de Caxias,488.4,456.2,525.0,605.3,600.0,3,F
210060536977,4,F,1,0,1.0,0,Duque de Caxias,398.9,558.2,502.4,480.7,820.0,6,D
210060501232,2,F,1,0,1.0,0,Nova Iguaçu,395.6,484.6,514.0,415.6,880.0,2,B
210059737801,2,F,1,0,1.0,0,Niterói,632.1,765.2,643.9,755.1,900.0,4,F
210058654648,3,F,1,0,1.0,0,Nova Iguaçu,578.2,589.3,617.9,619.5,860.0,4,C
210059311828,12,F,2,0,1.0,0,Duque de Caxias,594.2,577.3,563.2,643.2,640.0,2,B
210059270545,3,M,2,0,1.0,0,São João de Meriti,470.1,559.7,552.5,537.4,580.0,8,C
210060094161,5,M,3,0,1.0,0,Duque de Caxias,523.3,527.8,482.3,518.4,620.0,2,B
210058654641,3,F,1,0,1.0,0,Nova Iguaçu,445.7,400.2,423.3,398.8,340.0,5,B
210058645680,2,F,2,0,1.0,0,Maricá,591.5,574.9,635.9,660.5,820.0,5,K
210060450025,2,F,1,0,1.0,0,Nova Iguaçu,386.0,494.1,489.4,424.7,560.0,4,B
210058593038,2,F,2,0,1.0,0,Nova Iguaçu,502.6,535.1,482.4,525.7,800.0,4,B
210060450026,3,F,2,0,1.0,0,Maricá,385.5,544.9,558.8,606.1,720.0,5,B
210060421913,3,M,2,0,1.0,0,Niterói,492.4,516.2,569.2,480.2,720.0,4,B
210059737753,2,M,3,0,1.0,0,Maricá,489.3,409.6,453.1,332.5,560.0,4,B
210060260597,3,F,3,0,1.0,0,Duque de Caxias,462.9,603.7,576.0,482.1,680.0,3,F
210060189401,3,F,5,0,1.0,0,Nova Iguaçu,519.8,614.3,583.7,567.9,540.0,4,B
210059806236,4,F,1,0,1.0,0,Maricá,612.5,640.2,590.6,604.9,900.0,3,D
210058639770,4,M,3,0,1.0,0,Maricá,431.3,500.9,526.4,564.3,820.0,5,G
210058639819,3,M,1,0,1.0,0,Maricá,595.7,623.5,639.0,655.1,940.0,4,H
210060624978,3,M,3,0,1.0,0,Nilópolis,551.9,508.4,588.6,658.2,660.0,4,F
210058702747,2,M,2,0,1.0,0,Duque de Caxias,462.4,546.9,463.9,436.4,380.0,3,B
210058593120,3,F,3,0,1.0,0,Niterói,535.2,594.0,593.0,561.8,760.0,3,B
210061337535,2,F,1,0,1.0,0,Niterói,447.9,541.1,412.0,627.6,900.0,5,P
210060581724,2,F,3,0,1.0,0,Belford Roxo,483.8,374.0,537.6,382.3,600.0,3,D
210059537137,2,F,3,0,1.0,0,Belford Roxo,552.2,564.0,572.6,528.7,620.0,4,C
210060832278,3,F,1,0,1.0,0,São João de Meriti,561.2,604.8,603.8,598.5,900.0,3,E
210059509004,3,F,3,0,1.0,0,Nova Iguaçu,439.1,438.1,453.8,455.5,560.0,3,C
210060647497,2,F,2,0,1.0,0,Duque de Caxias,479.8,456.1,454.4,434.0,580.0,2,B
210061368518,6,F,1,0,1.0,0,Nilópolis,544.8,651.3,612.0,582.5,820.0,6,B
210060183360,3,M,1,0,1.0,0,Maricá,584.8,550.3,528.0,596.0,840.0,4,G
210060965576,3,F,3,0,1.0,0,Niterói,392.9,387.7,354.5,381.4,600.0,6,B
210060767379,2,F,3,0,1.0,0,Maricá,511.3,557.7,495.2,558.1,680.0,3,B
210059054471,2,M,1,0,1.0,0,Duque de Caxias,568.0,602.0,560.2,569.6,600.0,4,D
210060620321,2,F,1,0,1.0,0,Nilópolis,460.6,538.6,483.5,377.7,660.0,3,C
210059709781,2,M,3,0,1.0,0,Maricá,562.6,616.5,674.7,766.7,800.0,5,D
210059970889,2,M,1,0,1.0,0,Nova Iguaçu,468.5,406.2,368.4,453.4,600.0,4,C
210059080302,2,F,3,0,1.0,0,Niterói,416.9,422.5,471.4,391.2,380.0,4,B
210060605281,2,F,3,0,1.0,0,Duque de Caxias,566.9,603.6,562.5,516.7,900.0,3,I
210059750924,4,M,3,0,1.0,0,Belford Roxo,402.2,442.1,441.6,452.5,520.0,6,E
210059765094,2,F,1,0,1.0,0,Niterói,445.0,526.8,531.3,638.6,840.0,4,E
210059709771,3,M,3,0,1.0,0,Maricá,589.5,595.6,576.3,751.7,720.0,2,C
210061007866,2,M,3,0,1.0,0,Duque de Caxias,538.7,616.5,563.7,685.7,360.0,5,M
210060605270,3,F,1,0,1.0,0,Niterói,561.3,613.9,606.4,603.5,740.0,5,P
210059052210,2,F,1,0,1.0,0,Duque de Caxias,478.4,486.5,540.8,384.7,520.0,4,C
210060615196,2,F,2,0,1.0,0,Duque de Caxias,506.0,543.9,545.0,538.7,640.0,3,C
210058568231,3,F,3,0,1.0,0,Nova Iguaçu,448.3,475.0,489.7,440.0,680.0,5,B
210059834434,3,F,3,0,1.0,0,Nilópolis,605.3,596.4,547.9,722.2,720.0,4,G
210059847510,2,F,3,0,1.0,0,São João de Meriti,512.1,516.9,534.3,575.2,660.0,6,H
210060587320,2,M,1,0,1.0,0,Belford Roxo,479.0,496.1,494.3,398.0,500.0,3,A
210059043681,2,F,1,0,1.0,0,São João de Meriti,418.2,513.2,503.4,456.2,600.0,3,B
210059242404,2,M,1,0,1.0,0,Duque de Caxias,631.7,632.9,575.7,596.5,820.0,2,F
210059043630,3,M,3,0,1.0,0,Belford Roxo,419.1,391.4,481.8,495.0,520.0,6,C
210059627567,3,F,3,0,1.0,0,Duque de Caxias,488.0,587.5,538.5,399.6,700.0,3,J
210058600237,2,F,1,0,1.0,0,Duque de Caxias,444.6,524.4,556.4,537.4,840.0,4,B
210058561164,3,M,1,0,1.0,0,Niterói,382.7,504.4,574.8,591.4,880.0,3,P
210059229292,2,F,3,0,1.0,0,Nova Iguaçu,493.8,407.4,564.6,530.3,780.0,4,F
210058649384,3,F,3,0,1.0,0,Duque de Caxias,389.7,385.5,407.6,336.4,360.0,2,A
210060341143,3,F,3,0,1.0,0,Niterói,455.7,449.8,478.1,379.2,300.0,4,E
210060055562,2,F,1,0,1.0,0,Maricá,516.4,600.7,617.8,602.1,740.0,3,F
210058719344,3,M,3,0,1.0,0,Belford Roxo,582.6,576.7,606.8,596.4,760.0,3,D
210059078334,2,M,1,0,1.0,0,Duque de Caxias,528.7,543.0,489.9,484.1,680.0,3,D
210060549628,2,M,1,0,1.0,0,Maricá,571.6,625.2,560.1,681.4,760.0,2,E
210060572299,2,F,1,0,1.0,0,Nova Iguaçu,422.0,542.2,439.0,599.2,840.0,3,K
210060903897,3,F,1,0,1.0,0,Duque de Caxias,525.9,511.1,486.6,592.8,920.0,5,E
210060049351,4,F,3,0,1.0,0,Nilópolis,408.4,455.2,453.0,397.0,360.0,2,B
210059426693,3,F,2,0,1.0,0,Niterói,453.0,577.5,527.3,460.6,540.0,4,E
210060873052,3,F,3,0,1.0,0,São João de Meriti,485.7,500.5,368.7,514.3,340.0,4,B
210060706094,3,F,3,0,1.0,0,Maricá,501.5,509.7,525.6,437.0,500.0,3,D
210060077383,4,M,3,0,1.0,0,Nova Iguaçu,575.0,664.4,630.0,746.2,680.0,3,D
210061279884,2,M,3,0,1.0,0,Duque de Caxias,484.7,466.2,400.0,378.3,580.0,4,B
210060903927,3,F,1,0,1.0,0,São João de Meriti,468.7,583.7,529.7,610.1,320.0,2,B
210059227492,2,M,1,0,1.0,0,Belford Roxo,645.8,664.0,661.8,728.5,880.0,4,G
210060873083,3,F,4,0,1.0,0,Duque de Caxias,559.0,536.8,557.1,646.1,760.0,5,D
210060500600,2,F,3,0,1.0,0,Nova Iguaçu,469.4,484.0,480.9,400.4,480.0,7,B
210058248918,3,F,1,0,1.0,0,Niterói,574.0,603.5,524.8,707.7,860.0,3,K
210058573754,3,M,2,0,1.0,0,Maricá,474.7,578.4,573.0,560.7,740.0,5,B
210060756308,12,F,3,0,1.0,0,Duque de Caxias,488.4,551.4,509.7,440.9,440.0,7,A
210061461111,3,F,3,0,1.0,0,Maricá,482.5,551.8,507.8,649.8,820.0,3,D
210060554510,3,F,1,0,1.0,0,Niterói,559.6,588.8,653.9,670.9,920.0,3,B
210060944613,4,F,1,0,1.0,0,Belford Roxo,493.1,569.0,565.0,506.4,760.0,2,A
210058300767,3,F,2,0,1.0,0,Nova Iguaçu,538.9,575.7,560.2,679.9,500.0,4,O
210060934733,1,M,2,0,1.0,0,Duque de Caxias,487.7,492.9,504.1,446.5,460.0,2,C
210061316560,3,F,1,0,1.0,0,Niterói,529.2,555.4,499.9,623.0,900.0,4,P
210058581042,3,F,1,0,1.0,0,Duque de Caxias,543.5,551.4,570.3,507.3,760.0,4,E
210060736702,3,F,2,0,1.0,0,Nova Iguaçu,372.8,404.6,388.4,333.1,360.0,10,A
210061470993,2,F,1,0,1.0,0,Niterói,454.7,679.2,606.2,584.3,920.0,4,D
210059522155,2,F,1,0,1.0,0,Nova Iguaçu,414.1,564.4,564.7,579.6,560.0,5,E
210060021160,3,F,2,0,1.0,0,Nova Iguaçu,502.9,564.0,572.1,385.0,720.0,3,B
210060580153,2,M,1,0,1.0,0,Belford Roxo,584.4,568.6,553.5,717.1,880.0,4,N
210059283581,3,M,1,0,1.0,0,São João de Meriti,563.9,578.4,518.6,680.9,720.0,4,B
210060554542,2,F,3,0,1.0,0,Nova Iguaçu,523.2,345.2,573.6,382.4,860.0,2,B
210060497659,3,F,2,0,1.0,0,Duque de Caxias,480.6,573.6,535.7,678.6,680.0,4,H
210060600772,2,F,1,0,1.0,0,Nova Iguaçu,560.8,640.1,669.0,668.1,780.0,5,M
210061389568,3,F,3,0,1.0,0,Nova Iguaçu,425.3,466.6,496.6,523.8,360.0,5,B
210061410613,4,F,3,0,1.0,0,Maricá,456.4,412.2,499.9,418.8,400.0,4,D
210059309753,3,F,3,0,1.0,0,Belford Roxo,519.6,429.2,374.5,418.9,340.0,2,A
210060832353,3,F,3,0,1.0,0,Nova Iguaçu,593.5,494.0,503.5,471.0,680.0,5,B
210060620378,3,F,1,0,1.0,0,Duque de Caxias,522.7,583.3,608.9,589.2,760.0,3,C
210060600764,2,F,1,0,1.0,0,Niterói,503.8,577.2,538.7,616.2,640.0,4,E
210058239082,3,F,2,0,1.0,0,Duque de Caxias,442.6,511.6,490.7,417.1,660.0,2,B
210061389544,3,F,1,0,1.0,0,Niterói,550.3,637.4,560.5,692.5,880.0,4,I
210059201256,3,F,1,0,1.0,0,Niterói,460.2,517.3,558.1,466.7,740.0,3,D
210061410542,6,F,1,0,1.0,0,Duque de Caxias,417.1,464.1,407.9,362.4,440.0,2,A
210059398536,2,M,0,0,1.0,0,São João de Meriti,472.4,474.1,439.3,475.0,540.0,4,F
210059121424,3,M,2,0,1.0,0,Duque de Caxias,565.3,562.7,487.7,606.2,340.0,4,B
210060523633,2,M,3,0,1.0,0,Nova Iguaçu,606.5,632.1,571.6,740.2,600.0,4,E
210059173200,2,F,2,0,1.0,0,São João de Meriti,399.2,395.8,319.6,461.2,920.0,2,C
210060665399,3,F,2,0,1.0,0,Duque de Caxias,515.4,600.0,556.2,479.9,720.0,4,B
210060198387,3,F,1,0,1.0,0,Maricá,444.7,451.4,513.8,525.8,440.0,4,B
210059121431,2,F,1,0,1.0,0,São João de Meriti,496.1,567.3,547.9,604.4,600.0,2,A
210060894022,3,M,3,0,1.0,0,Belford Roxo,570.3,613.9,532.6,410.3,900.0,3,B
210060641243,3,F,1,0,1.0,0,Duque de Caxias,481.1,570.5,538.5,673.7,800.0,3,J
210061069013,4,F,3,0,1.0,0,Nova Iguaçu,372.9,436.1,506.8,471.2,580.0,3,C
210061267951,2,F,3,0,1.0,0,Maricá,472.5,547.6,440.6,574.7,740.0,3,H
210060176495,4,F,3,0,1.0,0,Nilópolis,504.0,568.7,577.7,576.5,700.0,3,K
210059313852,5,F,0,0,1.0,0,Nilópolis,493.2,535.5,493.2,584.8,500.0,3,H
210060422070,2,F,3,0,1.0,0,Maricá,464.3,551.7,504.0,590.9,820.0,6,D
210059326958,4,F,3,0,1.0,0,Niterói,480.9,494.2,444.5,406.0,560.0,3,A
210059340080,2,F,1,0,1.0,0,Belford Roxo,475.6,495.8,542.9,437.9,920.0,3,G
210058345309,3,F,2,0,1.0,0,Duque de Caxias,460.8,502.6,507.7,522.3,720.0,3,C
210059159949,2,F,2,0,1.0,0,Duque de Caxias,519.4,612.4,544.7,672.0,840.0,3,C
210059326963,3,F,1,0,1.0,0,São João de Meriti,518.3,609.1,612.3,584.1,860.0,4,G
210061206282,3,M,1,0,1.0,0,Niterói,638.9,695.2,632.2,760.0,920.0,4,G
210059737889,2,F,3,0,1.0,0,Belford Roxo,537.2,560.2,547.7,618.8,500.0,4,D
210059326945,2,F,1,0,2.0,0,Nova Iguaçu,442.9,500.8,528.9,556.4,920.0,4,E
210061154510,3,M,2,0,1.0,0,Niterói,491.1,634.3,557.0,700.1,760.0,4,C
210059080387,3,M,1,0,1.0,0,Niterói,383.4,397.7,485.3,485.6,580.0,3,C
210061109718,3,M,3,0,1.0,0,Maricá,561.7,593.5,590.3,637.7,840.0,4,F
210060100951,3,F,3,0,1.0,0,Duque de Caxias,446.3,426.0,492.6,462.2,400.0,5,C
210061260167,2,F,1,0,1.0,0,Niterói,464.8,456.4,535.1,399.6,860.0,5,B
210058719424,3,M,3,0,1.0,0,São João de Meriti,512.0,587.8,499.2,552.2,680.0,4,C
210060832378,3,F,3,0,1.0,0,Duque de Caxias,510.0,520.9,511.9,501.1,600.0,3,G
210059860532,3,F,1,0,1.0,0,Duque de Caxias,376.4,472.5,524.3,575.5,640.0,4,N
210059563401,2,F,1,0,1.0,0,Maricá,498.5,506.8,514.8,589.3,720.0,4,C
210059065340,3,F,3,0,1.0,0,Niterói,519.0,477.2,516.6,517.9,900.0,2,D
210061399592,3,M,3,0,1.0,0,Belford Roxo,514.4,503.3,507.1,476.2,260.0,5,F
210061260163,3,F,1,0,1.0,0,Maricá,485.5,493.7,481.3,542.4,700.0,5,C
210058714083,2,F,1,0,1.0,0,Nilópolis,680.6,668.3,679.3,789.9,940.0,2,B
210060021412,3,F,1,0,1.0,0,Nova Iguaçu,486.7,553.9,550.1,493.2,860.0,4,F
210060100991,2,F,3,0,1.0,0,Niterói,476.0,537.3,569.8,582.3,420.0,3,B
210060594114,2,F,1,0,1.0,0,Nova Iguaçu,512.1,530.0,529.5,580.8,580.0,2,G
210059024237,3,F,2,0,1.0,0,São João de Meriti,409.8,497.8,547.6,441.3,660.0,2,B
210058649447,2,M,3,0,1.0,0,Nova Iguaçu,462.9,544.3,540.9,434.8,700.0,4,B
210059257557,3,F,1,0,1.0,0,Maricá,485.2,552.7,462.0,540.2,820.0,4,K
210058606723,3,F,1,0,1.0,0,Duque de Caxias,586.2,636.5,636.6,657.4,920.0,2,E
210059655651,3,F,1,0,1.0,0,Niterói,529.2,605.2,611.0,479.5,920.0,3,L
210059257539,2,M,3,0,1.0,0,Nova Iguaçu,394.7,372.1,411.4,430.8,640.0,4,B
210058606789,3,F,1,0,1.0,0,Niterói,452.0,386.4,424.7,343.7,440.0,6,B
210059942822,2,F,3,0,1.0,0,Belford Roxo,486.0,409.6,457.7,448.6,900.0,4,A
210061027608,3,M,1,0,1.0,0,Nova Iguaçu,593.4,601.0,578.1,707.9,720.0,3,H
210058646626,3,F,3,0,1.0,0,Maricá,530.7,595.6,551.1,627.7,620.0,3,D
210060094239,3,M,3,0,1.0,0,Duque de Caxias,435.6,380.9,507.5,574.9,700.0,5,C
210060934806,5,M,2,0,1.0,0,Duque de Caxias,638.6,620.1,581.3,651.2,900.0,3,D
210061358806,4,F,2,0,1.0,0,Duque de Caxias,562.5,658.0,572.8,640.9,880.0,3,B
210059255561,3,M,2,0,1.0,0,Niterói,611.8,611.6,586.5,620.3,880.0,4,D
210060580200,3,F,1,0,1.0,0,Niterói,529.3,700.0,567.4,744.2,920.0,5,J
210059255563,3,F,3,0,1.0,0,Duque de Caxias,487.3,382.1,480.1,464.1,760.0,3,G
210060036344,2,F,3,0,1.0,0,Maricá,401.0,516.0,548.6,454.1,560.0,6,D
210061368672,2,M,1,0,1.0,0,Nova Iguaçu,672.4,693.7,613.6,907.3,820.0,3,G
210061318011,3,F,2,0,1.0,0,Duque de Caxias,588.1,628.6,579.2,573.6,880.0,1,B
210059242516,3,F,3,0,1.0,0,Niterói,494.5,544.9,493.1,591.4,820.0,4,P
210061187304,2,F,1,0,1.0,0,Niterói,606.7,688.1,646.8,771.6,960.0,3,G
210060077406,2,M,1,0,1.0,0,Niterói,434.5,543.2,463.8,546.7,340.0,5,Q
210058654833,3,F,1,0,1.0,0,Niterói,623.6,670.7,619.0,661.9,640.0,5,M
210060503357,2,F,2,0,1.0,0,Duque de Caxias,455.5,426.1,472.6,446.6,600.0,6,B
210059903737,3,F,1,0,1.0,0,São João de Meriti,480.0,468.4,498.2,566.9,820.0,2,H
210058730762,3,F,3,0,1.0,0,Maricá,512.6,654.9,614.5,702.9,940.0,4,G
210059668830,3,M,3,0,1.0,0,São João de Meriti,399.8,520.8,562.8,404.6,360.0,2,C
210058725493,2,F,3,0,1.0,0,São João de Meriti,452.9,530.6,520.3,516.1,640.0,4,F
210061298965,4,F,1,0,1.0,0,Niterói,450.3,572.9,563.3,588.4,700.0,3,D
210061130817,2,F,1,0,1.0,0,Duque de Caxias,464.1,555.7,535.9,477.2,540.0,3,B
210059655741,6,F,1,0,1.0,0,Nova Iguaçu,565.3,570.1,451.0,407.9,500.0,5,J
210061175511,3,M,3,0,1.0,0,Niterói,551.7,554.3,577.0,607.1,600.0,4,C
210061008006,2,F,3,0,1.0,0,Duque de Caxias,535.1,445.1,533.6,671.0,800.0,4,E
210061048011,2,M,4,0,1.0,0,Nova Iguaçu,492.4,313.6,334.3,443.8,260.0,3,B
210059929854,3,F,3,0,1.0,0,Belford Roxo,453.9,559.2,554.0,551.1,640.0,3,B
210059257615,3,M,3,0,1.0,0,Niterói,546.6,619.4,499.4,685.3,940.0,4,E
210059737957,2,F,1,0,1.0,0,Niterói,527.9,567.1,556.8,634.5,940.0,5,O
210059751037,3,M,2,0,1.0,0,Belford Roxo,343.0,489.7,480.8,531.3,400.0,2,A
210061027681,3,F,1,0,1.0,0,Maricá,449.2,461.6,427.8,412.2,520.0,4,E
210059916763,3,F,1,0,1.0,0,São João de Meriti,454.2,472.1,498.0,409.3,620.0,3,B
210058654822,3,F,1,0,1.0,0,Nilópolis,573.3,488.9,525.0,465.8,660.0,4,D
210058671199,2,F,1,0,1.0,0,Niterói,602.5,641.2,586.0,736.6,880.0,4,M
210058660716,2,M,1,0,1.0,0,São João de Meriti,566.0,623.1,486.9,695.6,760.0,4,G
210058671202,3,M,1,0,1.0,0,Niterói,681.6,655.1,599.2,734.1,880.0,4,Q
210061155845,3,F,3,0,1.0,0,São João de Meriti,401.3,540.3,513.8,365.1,580.0,7,A
210061185355,3,M,4,0,1.0,0,Belford Roxo,385.0,498.8,543.7,371.1,600.0,2,B
210060094316,2,F,2,0,1.0,0,Belford Roxo,570.7,710.1,626.7,690.4,940.0,4,G
210058681958,2,F,3,0,1.0,0,Nova Iguaçu,559.1,478.4,564.4,682.9,700.0,3,E
210060460247,3,F,2,0,1.0,0,Nova Iguaçu,527.6,591.2,581.6,513.3,760.0,3,D
210060014539,2,M,3,0,1.0,0,São João de Meriti,450.0,459.0,534.6,526.7,400.0,5,E
210059614661,3,F,2,0,1.0,0,Nova Iguaçu,474.2,508.2,543.0,428.7,540.0,4,F
210061057917,3,F,1,0,1.0,0,Niterói,566.4,630.6,597.9,783.2,940.0,3,J
210060014541,2,F,3,0,1.0,0,Duque de Caxias,607.3,466.3,551.9,657.9,720.0,3,E
210061048039,3,F,1,0,1.0,0,São João de Meriti,388.6,505.3,508.7,402.0,700.0,5,D
210059175079,2,F,3,0,1.0,0,Nova Iguaçu,501.8,587.0,537.8,338.9,540.0,4,B
210061048042,2,F,3,0,1.0,0,Nilópolis,563.2,572.1,604.4,577.6,780.0,3,D
210059175062,3,M,1,0,1.0,0,Maricá,632.5,632.6,619.4,666.3,820.0,3,B
210060189607,2,M,1,0,1.0,0,Nova Iguaçu,548.4,600.8,579.9,556.6,500.0,3,F
210058970067,2,F,3,0,1.0,0,Duque de Caxias,490.0,514.9,522.5,553.8,660.0,4,K
210058687186,3,M,1,0,1.0,0,Nilópolis,662.2,662.7,592.8,762.9,640.0,3,L
210058998159,2,M,3,0,1.0,0,Nova Iguaçu,347.5,417.8,354.3,656.5,620.0,4,C
210059779134,2,M,3,0,1.0,0,Duque de Caxias,379.3,561.2,494.7,410.2,520.0,3,E
210058335485,2,F,1,0,1.0,0,Duque de Caxias,470.0,441.8,603.9,588.5,760.0,3,C
210058708855,2,F,1,0,1.0,0,Maricá,487.7,529.0,510.8,483.4,680.0,3,B
210059627647,2,F,1,0,1.0,0,São João de Meriti,331.4,477.6,491.6,397.7,620.0,5,A
210058719450,2,F,1,0,1.0,0,Nova Iguaçu,445.6,453.5,482.7,457.6,500.0,3,B
210060503287,3,M,2,0,1.0,0,Niterói,411.4,385.9,476.3,407.8,560.0,8,D
210060468285,3,F,1,0,1.0,0,Niterói,533.4,631.0,626.1,735.7,960.0,3,F
210061155821,3,M,1,0,1.0,0,Niterói,558.1,591.4,585.0,708.2,980.0,2,I
210060480168,5,F,4,0,1.0,0,Niterói,531.9,548.5,473.5,696.3,720.0,3,J
210059039279,2,F,1,0,1.0,0,Maricá,501.6,579.6,613.9,675.8,820.0,4,H
210060480170,2,F,4,0,1.0,0,Belford Roxo,485.9,497.4,443.8,334.3,820.0,5,A
210060027594,2,M,3,0,1.0,0,São João de Meriti,478.4,517.8,462.2,461.5,560.0,3,C
210058714156,3,F,1,0,1.0,0,Niterói,570.2,626.6,613.7,658.6,800.0,4,D
210061289059,3,F,1,0,1.0,0,Nova Iguaçu,509.1,495.9,527.3,457.7,680.0,4,C
210058725438,3,M,3,0,1.0,0,Niterói,407.5,333.6,428.8,486.0,540.0,4,D
210059916754,2,F,3,0,1.0,0,São João de Meriti,402.5,484.8,491.6,454.9,400.0,4,G
210059147249,3,F,2,0,1.0,0,Duque de Caxias,425.8,546.3,534.4,361.8,640.0,3,B
210060077579,2,F,1,0,1.0,0,Nova Iguaçu,516.1,590.7,573.7,527.6,840.0,3,H
210060497777,3,F,2,0,1.0,0,Belford Roxo,365.8,453.7,438.6,371.0,400.0,4,C
210060487707,2,F,1,0,1.0,0,Maricá,537.3,640.1,541.3,566.9,840.0,4,D
210060049542,3,M,3,0,1.0,0,Belford Roxo,494.8,611.5,539.1,492.9,880.0,3,D
210060036477,3,F,3,0,1.0,0,Nova Iguaçu,487.1,557.9,524.3,400.8,340.0,3,B
210058250355,2,F,3,0,1.0,0,Nilópolis,426.4,388.2,498.9,456.7,640.0,3,A
210058239251,3,M,2,0,1.0,0,Niterói,414.6,455.7,441.6,407.5,320.0,4,C
210058239193,3,M,2,0,1.0,0,Nova Iguaçu,507.7,516.7,485.8,489.9,360.0,4,M
210060528612,3,F,2,0,1.0,0,Nova Iguaçu,406.6,507.0,523.7,378.4,580.0,2,B
210058229338,4,F,1,0,1.0,0,Niterói,511.1,509.4,588.8,430.9,560.0,3,G
210058270037,3,F,1,0,1.0,0,Duque de Caxias,413.9,510.4,512.6,354.8,700.0,4,D
210060087971,2,F,1,0,1.0,0,Nilópolis,525.7,603.1,616.0,628.1,720.0,4,H
210060554636,2,M,1,0,1.0,0,Niterói,449.7,484.2,477.5,528.3,560.0,3,I
210060541646,2,F,1,0,1.0,0,São João de Meriti,422.4,429.3,441.3,466.7,440.0,6,B
210060757717,3,F,2,0,1.0,0,Belford Roxo,448.5,390.8,421.1,418.8,600.0,3,B
210060538709,3,F,1,0,1.0,0,Maricá,572.1,568.5,570.0,618.8,920.0,3,C
210061291104,2,M,3,0,1.0,0,Duque de Caxias,729.7,634.9,632.7,806.4,940.0,3,M
210061157874,2,F,1,0,1.0,0,Niterói,597.1,602.0,592.4,678.6,680.0,4,K
210060944720,4,M,1,0,1.0,0,Niterói,587.8,603.9,587.7,559.0,660.0,4,P
210060566720,2,M,3,0,1.0,0,Nilópolis,520.8,602.2,590.4,687.8,900.0,2,E
210059227551,3,F,3,0,1.0,0,Belford Roxo,480.4,357.5,427.7,463.7,380.0,4,B
210060965697,3,F,3,0,1.0,0,Nova Iguaçu,469.9,587.5,535.1,545.3,660.0,4,C
210060628025,2,M,3,0,1.0,0,Maricá,491.2,530.4,546.4,474.6,640.0,4,C
210061208336,2,M,2,0,1.0,0,Niterói,636.3,663.8,629.7,806.0,900.0,5,K
210060077527,3,F,1,0,1.0,0,Nova Iguaçu,521.3,561.5,555.6,367.7,580.0,3,B
210061379981,2,F,3,0,1.0,0,Duque de Caxias,446.6,399.0,512.8,419.3,780.0,3,B
210059268698,3,F,1,0,1.0,0,Niterói,440.9,495.3,511.4,405.4,600.0,4,A
210060636071,3,F,1,0,1.0,0,Duque de Caxias,512.4,568.9,515.0,420.9,760.0,4,B
210060975570,3,M,1,0,1.0,0,Duque de Caxias,614.8,607.6,626.7,485.6,840.0,3,G
210059108612,3,F,1,0,1.0,0,Maricá,432.8,576.7,567.8,480.7,640.0,3,E
210061410812,3,F,1,0,1.0,0,Nova Iguaçu,560.3,586.3,621.7,591.3,620.0,5,B
210058186777,3,F,3,0,1.0,0,Duque de Caxias,450.2,445.4,413.1,384.6,520.0,4,A
210061188645,3,F,1,0,1.0,0,São João de Meriti,472.2,480.2,519.1,350.9,720.0,4,E
210061410817,2,F,3,0,1.0,0,Nova Iguaçu,567.4,590.2,555.4,513.9,900.0,2,G
210061229345,3,F,1,0,1.0,0,Niterói,528.0,562.2,474.7,502.3,900.0,2,C
210060561469,3,M,3,0,1.0,0,São João de Meriti,539.8,537.9,544.9,613.7,680.0,4,E
210060686478,2,M,3,0,1.0,0,Belford Roxo,420.6,418.3,475.7,528.9,540.0,4,B
210058665996,2,F,2,0,1.0,0,Duque de Caxias,470.2,577.1,569.7,469.7,540.0,3,B
210058219477,3,F,2,0,1.0,0,Maricá,501.1,552.0,542.5,581.3,880.0,2,B
210060615355,2,F,1,0,1.0,0,Duque de Caxias,523.0,562.8,605.5,650.8,780.0,3,K
210061260192,2,F,2,0,1.0,0,Nova Iguaçu,411.9,536.7,536.7,556.0,620.0,4,C
210060676656,3,M,3,0,1.0,0,Nova Iguaçu,596.1,624.1,579.5,635.7,920.0,3,E
210059957988,2,F,3,0,1.0,0,Nova Iguaçu,438.2,490.3,522.8,430.2,720.0,2,C
210060497720,3,F,1,0,1.0,0,Nilópolis,456.4,453.5,477.8,402.1,620.0,2,B
210060487633,3,F,3,0,1.0,0,Nova Iguaçu,455.0,426.0,458.4,489.8,420.0,4,B
210059313952,3,F,1,0,1.0,0,Nova Iguaçu,474.0,462.2,515.7,546.9,460.0,3,E
210060414106,2,M,3,0,1.0,0,Duque de Caxias,524.3,600.6,574.2,548.4,660.0,4,C
210060882993,2,M,3,0,1.0,0,Nova Iguaçu,515.2,580.4,563.4,462.6,820.0,4,G
210059765285,2,F,1,0,1.0,0,Nilópolis,590.3,609.6,640.6,505.7,700.0,3,C
210060049468,2,F,3,0,1.0,0,Nova Iguaçu,384.7,487.1,493.8,469.4,600.0,3,B
210059313979,2,F,1,0,1.0,0,Nova Iguaçu,493.3,515.2,529.2,360.6,480.0,2,D
210060676670,3,M,2,0,1.0,0,Niterói,430.4,562.6,573.8,676.5,600.0,7,D
210059724925,2,F,1,0,1.0,0,São João de Meriti,436.8,427.0,469.2,426.6,520.0,3,D
210061156007,4,M,3,0,1.0,0,Duque de Caxias,507.5,560.2,533.8,413.9,640.0,3,B
210060510720,3,F,3,0,1.0,0,Nova Iguaçu,436.7,492.1,467.1,452.7,320.0,5,B
210060757845,3,F,3,0,1.0,0,Maricá,514.4,527.7,515.3,422.2,600.0,3,D
210060566819,2,F,1,0,1.0,0,Niterói,505.8,595.8,564.0,618.9,920.0,3,O
210058281268,2,F,2,0,1.0,0,Nilópolis,508.2,567.9,472.6,562.9,880.0,4,D
210059067566,2,F,3,0,1.0,0,São João de Meriti,576.1,557.2,559.7,494.4,760.0,3,A
210060077692,4,M,1,0,1.0,0,Duque de Caxias,504.6,541.3,471.8,537.3,580.0,2,C
210059509251,2,M,1,0,1.0,0,Nova Iguaçu,519.1,603.4,568.6,699.4,720.0,4,F
210059270723,2,M,1,0,1.0,0,Nova Iguaçu,588.4,614.7,589.9,490.0,900.0,3,H
210059242656,4,F,1,0,1.0,0,Niterói,549.2,420.5,435.1,408.0,620.0,4,B
210059093705,2,M,1,0,1.0,0,Nova Iguaçu,590.1,625.2,547.0,603.6,840.0,2,B
210060262790,3,F,1,0,1.0,0,Niterói,553.6,620.4,610.5,770.7,920.0,2,G
210061420818,3,F,1,0,1.0,0,São João de Meriti,555.1,423.0,523.4,491.2,520.0,3,B
210058682032,2,M,1,0,1.0,0,Nova Iguaçu,653.4,584.5,590.5,750.6,920.0,4,N
210061175585,3,M,3,0,1.0,0,Belford Roxo,472.9,467.1,438.9,649.4,640.0,4,N
210058335666,6,M,2,0,1.0,0,Niterói,409.5,462.1,490.8,473.5,560.0,3,D
210060247724,3,F,1,0,1.0,0,Duque de Caxias,628.0,641.1,588.3,818.7,880.0,3,N
210060626513,3,F,3,0,1.0,0,Nova Iguaçu,482.8,505.3,576.7,593.3,700.0,4,D
210059372513,2,F,1,0,1.0,0,Nilópolis,459.8,552.6,557.3,546.9,800.0,4,E
210059565427,2,M,3,0,1.0,0,Duque de Caxias,510.8,592.8,584.6,482.2,680.0,4,D
210060116167,3,M,1,0,1.0,0,Niterói,670.9,696.1,584.4,815.1,940.0,4,K
210061359031,2,F,1,0,1.0,0,Maricá,490.0,454.0,528.1,328.4,840.0,5,B
210059357474,3,F,3,0,1.0,0,Niterói,397.9,448.1,463.3,347.5,700.0,4,E
210061219544,2,M,1,0,1.0,0,Maricá,588.6,607.5,579.7,582.0,580.0,4,B
210060620535,3,M,1,0,1.0,0,Niterói,752.2,714.9,647.2,834.9,840.0,4,I
210058260295,3,F,1,0,1.0,0,Maricá,443.9,477.0,527.1,403.0,680.0,4,B
210061410962,3,F,3,0,1.0,0,Nova Iguaçu,476.8,467.2,454.4,438.3,340.0,4,C
210059173377,2,M,1,0,1.0,0,Niterói,716.4,706.6,687.1,928.1,960.0,4,M
210061328122,4,F,2,0,1.0,0,Duque de Caxias,550.1,556.9,499.0,419.0,480.0,1,B
210060563243,3,F,1,0,1.0,0,Maricá,518.4,573.8,586.1,522.7,700.0,3,C
210061318249,3,F,3,0,1.0,0,Niterói,436.8,544.7,551.5,593.5,880.0,2,Q
210061301040,2,M,3,0,1.0,0,Nova Iguaçu,490.5,395.5,451.3,465.6,620.0,3,C
210061410972,2,M,2,0,1.0,0,Duque de Caxias,379.6,543.4,551.7,453.4,500.0,6,G
210059454984,2,F,3,0,1.0,0,Belford Roxo,410.1,482.6,493.5,366.8,700.0,6,B
210061441761,2,F,1,0,1.0,0,Nilópolis,548.8,389.6,491.0,485.5,820.0,4,C
210060884415,2,M,1,0,1.0,0,Niterói,452.6,499.2,453.0,414.0,520.0,3,I
210060736937,3,F,3,0,1.0,0,Nova Iguaçu,405.1,443.5,386.1,418.8,540.0,4,C
210060581932,2,F,3,0,1.0,0,Duque de Caxias,468.9,526.8,560.1,631.6,680.0,15,B
210060608427,2,F,1,0,1.0,0,São João de Meriti,496.3,625.3,618.6,582.0,800.0,5,N
210060587528,3,F,2,0,1.0,0,Nova Iguaçu,474.2,424.5,479.2,452.0,540.0,4,A
210060580312,3,M,1,0,1.0,0,Nova Iguaçu,512.2,595.3,599.7,643.8,840.0,4,C
210059255658,5,F,2,0,1.0,0,Niterói,553.2,505.2,478.0,406.8,540.0,5,B
210060767589,3,M,1,0,1.0,0,Maricá,528.3,475.8,568.7,529.1,600.0,3,H
210059255663,2,F,1,0,1.0,0,Duque de Caxias,516.2,565.5,505.9,421.2,540.0,3,B
210061177568,3,F,4,0,1.0,0,Belford Roxo,424.9,526.4,517.0,500.9,840.0,5,C
210060101102,3,F,3,0,1.0,0,Maricá,462.4,482.9,496.5,521.8,800.0,5,E
210060591080,2,F,2,0,1.0,0,Nova Iguaçu,468.4,513.1,558.2,514.0,660.0,5,G
210059496157,3,F,1,0,1.0,0,Niterói,491.3,597.5,609.0,559.0,540.0,5,C
210058998400,3,F,2,0,1.0,0,Duque de Caxias,473.3,553.2,387.6,470.6,520.0,3,C
210058819804,3,F,1,0,1.0,0,Duque de Caxias,559.6,629.5,606.6,699.1,960.0,3,E
210061156208,2,F,1,0,1.0,0,Niterói,517.1,554.3,481.8,432.5,880.0,6,B
210061140822,3,F,1,0,1.0,0,Niterói,546.8,584.0,604.9,567.0,880.0,3,C
210060001556,2,M,1,0,1.0,0,Niterói,435.5,513.2,536.6,544.6,700.0,5,F
210058766494,2,F,1,0,1.0,0,Nova Iguaçu,447.6,499.5,538.3,545.4,640.0,3,B
210058044252,3,M,1,0,1.0,0,Niterói,589.8,669.1,651.1,711.1,840.0,5,H
210060001560,2,F,1,0,1.0,0,Nova Iguaçu,562.0,509.8,540.7,487.0,840.0,3,D
210061121082,3,M,3,0,1.0,0,Maricá,440.0,539.1,505.1,611.4,600.0,5,C
210059655881,3,F,1,0,1.0,0,Niterói,459.8,530.4,491.6,695.6,920.0,5,K
210059862671,2,F,2,0,1.0,0,Duque de Caxias,454.8,510.1,530.8,453.5,860.0,4,B
210060389878,3,F,1,0,1.0,0,São João de Meriti,487.1,574.2,481.9,571.4,540.0,4,E
210059668864,2,F,1,0,1.0,0,São João de Meriti,384.0,435.3,507.7,466.0,740.0,4,E
210059285884,2,M,1,0,1.0,0,Niterói,617.4,610.5,611.6,785.5,940.0,4,E
210061156151,2,F,2,0,1.0,0,Nova Iguaçu,535.5,520.6,544.1,564.1,580.0,6,A
210060605456,3,F,3,0,1.0,0,São João de Meriti,547.2,528.3,434.5,621.9,740.0,4,F
210061196546,2,M,1,0,1.0,0,Belford Roxo,585.7,556.9,544.0,575.2,840.0,3,D
210059944946,2,F,3,0,1.0,0,Nilópolis,395.5,566.2,559.4,510.8,720.0,3,H
210058649627,2,F,1,0,1.0,0,São João de Meriti,453.2,622.4,585.7,695.7,720.0,4,L
210060122441,3,F,1,0,1.0,0,Niterói,539.4,583.0,569.7,508.4,840.0,4,I
210059725018,3,F,1,0,1.0,0,Nilópolis,557.7,505.6,497.3,586.5,580.0,4,D
210058970235,2,F,3,0,1.0,0,Duque de Caxias,407.2,446.2,487.2,377.3,520.0,3,A
210060352498,4,F,1,0,1.0,0,Niterói,340.5,512.8,510.9,410.8,600.0,1,B
210060460385,3,M,1,0,1.0,0,Nova Iguaçu,645.3,644.8,665.0,762.0,740.0,5,E
210059095761,3,F,3,0,1.0,0,Duque de Caxias,399.4,441.0,484.9,511.6,540.0,4,B
210059792278,4,F,2,0,1.0,0,Duque de Caxias,474.7,417.6,468.0,465.7,540.0,4,B
210060148595,3,F,1,0,1.0,0,Nilópolis,451.1,520.7,501.8,405.0,600.0,3,D
210059342118,2,M,3,0,1.0,0,Nova Iguaçu,720.7,591.2,515.9,764.3,780.0,4,G
210061186775,3,F,1,0,1.0,0,Maricá,386.9,487.5,473.9,501.7,840.0,4,D
210059067646,2,M,3,0,1.0,0,Nova Iguaçu,500.4,567.5,545.9,610.6,920.0,3,D
210060626582,3,F,2,0,1.0,0,São João de Meriti,412.8,487.1,469.4,478.4,560.0,7,A
210060247776,2,M,3,0,1.0,0,Duque de Caxias,420.1,412.6,446.2,472.2,420.0,5,I
210058316000,3,F,1,0,1.0,0,Maricá,478.2,564.2,519.9,555.5,800.0,4,B
210061038258,5,M,5,0,1.0,0,Duque de Caxias,493.0,487.3,498.5,391.2,400.0,5,B
210061146420,3,M,1,0,1.0,0,Niterói,710.9,645.3,637.7,851.6,920.0,3,M
210059039494,3,M,1,0,1.0,0,Maricá,552.4,311.8,319.5,468.5,460.0,3,B
210059162001,4,F,3,0,1.0,0,São João de Meriti,446.3,604.0,603.0,563.8,800.0,4,D
210059188221,3,F,3,0,1.0,0,São João de Meriti,568.7,501.3,523.3,572.3,740.0,4,D
210061175625,5,F,2,0,1.0,0,Duque de Caxias,498.2,448.3,427.4,438.0,460.0,4,D
210058698391,3,F,1,0,1.0,0,Duque de Caxias,512.4,566.8,550.0,581.0,840.0,3,C
210060014613,3,F,1,0,1.0,0,Nova Iguaçu,437.3,470.9,474.2,601.1,920.0,3,K
210060055751,3,F,1,0,1.0,0,Nilópolis,475.2,693.5,620.7,536.1,580.0,3,B
210060666976,3,F,1,0,1.0,0,São João de Meriti,413.7,472.3,517.5,475.9,800.0,3,B
210060489754,3,F,3,0,1.0,0,Duque de Caxias,486.8,489.0,480.2,424.7,460.0,4,H
210060641476,2,F,1,0,1.0,0,Duque de Caxias,611.2,565.6,612.0,791.2,980.0,3,L
210059147343,3,M,1,0,1.0,0,Nilópolis,470.0,506.7,482.0,662.2,440.0,4,D
210059400707,4,F,3,0,1.0,0,Duque de Caxias,495.4,346.4,423.0,373.5,600.0,2,C
210060563297,4,M,3,0,1.0,0,Nova Iguaçu,420.9,478.6,461.8,559.2,400.0,4,D
210060676798,3,F,3,0,1.0,0,Duque de Caxias,408.4,503.4,494.4,488.9,580.0,4,D
210059173445,2,M,3,0,1.0,0,Niterói,529.8,447.0,512.8,552.8,880.0,4,F
210059357534,2,M,3,0,1.0,0,Niterói,448.1,621.2,536.5,636.0,680.0,3,B
210060525870,2,F,1,0,1.0,0,Duque de Caxias,542.0,500.2,537.4,622.5,500.0,4,B
210061239320,2,F,3,0,1.0,0,Duque de Caxias,530.4,482.7,464.8,535.4,380.0,3,C
210059121818,3,F,1,0,1.0,0,Niterói,599.2,622.1,608.8,757.9,960.0,4,K
210060502740,3,F,3,0,1.0,0,Duque de Caxias,427.6,462.4,440.2,451.7,440.0,5,B
210058171867,3,M,3,0,1.0,0,Nova Iguaçu,523.5,529.5,574.2,551.5,860.0,2,B
210059372568,3,F,1,0,1.0,0,Duque de Caxias,421.2,346.7,396.3,427.7,660.0,6,D
210059849678,3,F,4,0,1.0,0,Maricá,510.3,533.4,531.0,595.8,640.0,6,B
210058742636,2,F,2,0,1.0,0,Niterói,634.7,650.8,642.6,781.6,920.0,4,K
210058806580,3,F,2,0,1.0,0,Nilópolis,445.0,465.2,496.0,429.1,480.0,2,B
210059793532,3,F,1,0,1.0,0,São João de Meriti,536.7,502.2,536.0,422.5,600.0,5,C
210060176736,2,F,3,0,1.0,0,Niterói,511.8,544.3,576.0,529.2,920.0,4,E
210058703796,3,M,1,0,1.0,0,Niterói,545.5,553.5,516.0,676.5,840.0,4,J
210058745973,3,F,3,0,1.0,0,São João de Meriti,499.0,563.5,522.5,403.0,360.0,4,B
210058785962,2,F,3,0,1.0,0,Duque de Caxias,460.4,544.4,575.1,486.0,560.0,6,E
210058337147,3,F,3,0,1.0,0,Duque de Caxias,467.2,376.6,479.9,448.6,940.0,4,F
210058972304,2,F,2,0,1.0,0,Maricá,499.5,586.4,617.7,590.9,680.0,3,F
210061156295,3,F,3,0,1.0,0,Niterói,509.2,572.8,527.5,512.0,880.0,2,E
210058768317,2,F,3,0,1.0,0,Duque de Caxias,380.0,450.9,529.1,557.1,600.0,3,H
210058764269,3,M,1,0,1.0,0,Duque de Caxias,473.7,507.7,523.0,491.4,460.0,5,D
210061177173,6,M,2,0,1.0,0,Duque de Caxias,438.9,462.8,433.4,464.0,540.0,3,C
210060636204,2,F,3,0,1.0,0,Maricá,447.1,318.2,368.8,338.8,640.0,2,B
210058725645,4,M,2,0,1.0,0,Nova Iguaçu,401.4,435.1,374.7,356.2,440.0,4,A
210058300983,3,F,3,0,1.0,0,Nova Iguaçu,510.6,587.6,454.8,623.7,880.0,4,D
210060822719,2,F,2,0,1.0,0,Niterói,482.5,498.2,484.4,580.4,560.0,4,F
210060832596,3,F,3,0,1.0,0,Niterói,524.5,523.8,527.1,528.4,560.0,5,C
210060788571,4,F,3,0,1.0,0,Nova Iguaçu,401.1,347.4,470.7,452.4,340.0,3,B
210059537389,3,M,1,0,1.0,0,Niterói,772.2,746.6,691.9,902.1,960.0,4,Q
210060618277,3,F,3,0,1.0,0,São João de Meriti,440.3,367.7,404.0,396.5,360.0,4,B
210059216482,2,M,3,0,1.0,0,Niterói,538.7,567.1,551.0,679.5,380.0,3,F
210059655921,3,M,1,0,1.0,0,Nova Iguaçu,389.9,516.9,508.7,348.9,520.0,3,E
210059203381,3,M,1,0,1.0,0,Duque de Caxias,447.9,527.8,525.5,419.9,600.0,4,H
210058768303,2,M,1,0,1.0,0,Niterói,479.7,479.0,473.4,523.7,480.0,5,E
210061038292,2,M,1,0,1.0,0,Maricá,500.7,517.5,526.6,488.4,580.0,3,B
210058766574,3,F,2,0,1.0,0,Nilópolis,373.5,480.9,472.4,382.2,380.0,4,C
210060148625,2,M,3,0,1.0,0,Nova Iguaçu,505.6,583.1,556.6,411.8,540.0,4,B
210060082678,3,M,1,0,1.0,0,Niterói,383.9,401.5,466.2,504.0,600.0,2,B
210058671339,2,M,1,0,1.0,0,Nilópolis,565.0,633.2,667.0,650.9,660.0,2,B
210059314095,2,F,1,0,1.0,0,Nilópolis,517.1,614.6,583.9,640.3,920.0,4,E
210058126270,3,F,2,0,1.0,0,Maricá,521.6,538.9,491.9,495.2,840.0,3,C
210058768281,2,F,2,0,1.0,0,São João de Meriti,552.6,627.0,549.0,428.3,680.0,6,B
210059054700,2,M,1,0,1.0,0,Duque de Caxias,524.2,498.5,501.0,480.0,460.0,4,C
210061048164,2,M,1,0,1.0,0,Nova Iguaçu,473.8,418.5,414.1,454.2,360.0,2,B
210058930317,2,F,3,0,1.0,0,Belford Roxo,480.9,484.4,531.1,456.3,440.0,6,B
210059725030,3,F,3,0,1.0,0,Duque de Caxias,438.3,558.7,532.8,439.7,620.0,3,F
210059092100,2,M,3,0,1.0,0,Duque de Caxias,578.0,500.3,541.4,485.2,680.0,3,B
210059296985,4,F,1,0,1.0,0,Duque de Caxias,403.3,370.9,452.8,374.7,580.0,3,D
210060556781,2,F,2,0,1.0,0,São João de Meriti,526.3,470.7,589.5,627.7,560.0,4,I
210060198940,3,M,2,0,1.0,0,Nova Iguaçu,421.8,563.9,463.9,495.6,860.0,7,B
210060601050,2,F,3,0,2.0,0,Maricá,392.2,547.9,503.1,443.3,380.0,3,E
210059242770,3,M,3,0,1.0,0,Nova Iguaçu,490.9,535.1,453.7,472.2,460.0,6,B
210060767746,3,F,3,0,1.0,0,Duque de Caxias,408.1,490.9,511.0,405.8,480.0,4,D
210060484967,3,F,3,0,1.0,0,Duque de Caxias,454.4,527.3,495.8,604.0,840.0,5,A
210059051326,3,M,3,0,1.0,0,Nova Iguaçu,453.7,512.2,509.3,610.7,660.0,3,B
210059537442,2,F,1,0,1.0,0,Nova Iguaçu,440.3,490.2,456.0,425.1,500.0,3,B
210060646076,3,M,1,0,1.0,0,Niterói,529.8,573.0,552.6,833.0,800.0,3,O
210058144472,2,F,1,0,1.0,0,Nova Iguaçu,419.4,406.3,378.4,489.8,580.0,3,E
210061411120,4,M,3,0,1.0,0,Duque de Caxias,371.7,403.0,436.3,430.9,540.0,5,G
210059550526,3,F,3,0,1.0,0,Duque de Caxias,482.0,523.1,470.9,428.1,400.0,2,B
210060777539,4,F,3,0,1.0,0,Niterói,502.5,559.7,540.2,335.9,640.0,7,B
210060620606,3,M,1,0,1.0,0,Nova Iguaçu,579.6,649.0,555.0,675.5,560.0,2,B
210060198797,2,M,1,0,1.0,0,Niterói,606.0,565.3,508.5,738.8,840.0,4,Q
210060697808,3,F,1,0,1.0,0,Niterói,612.6,599.8,608.9,747.1,920.0,5,N
210060198781,3,F,3,0,1.0,0,Nova Iguaçu,394.3,460.9,467.2,408.8,500.0,5,C
210060707642,4,F,3,0,1.0,0,Duque de Caxias,389.3,508.0,500.6,455.5,520.0,4,B
210060587678,3,M,1,0,1.0,0,Nova Iguaçu,520.0,643.1,624.7,522.3,920.0,2,B
210059147368,4,F,3,0,1.0,0,Nova Iguaçu,438.3,562.4,545.2,441.5,560.0,4,A
210059012619,3,M,3,0,1.0,0,São João de Meriti,471.2,517.6,417.5,356.2,560.0,3,A
210060696492,3,M,1,0,1.0,0,Niterói,643.2,620.3,596.0,723.3,920.0,5,N
210060915441,3,M,2,0,1.0,0,Niterói,526.2,562.7,571.7,591.6,760.0,3,G
210061441944,2,F,1,0,1.0,0,Duque de Caxias,504.1,546.1,438.3,555.9,640.0,3,D
210060904290,2,M,2,0,1.0,0,Belford Roxo,462.6,513.0,480.1,419.7,600.0,5,C
210060144293,2,M,1,0,1.0,0,Maricá,539.3,597.2,613.5,582.1,720.0,2,E
210060717402,3,F,1,0,1.0,0,Nova Iguaçu,476.4,413.3,538.2,528.1,600.0,4,A
210060587644,3,F,3,0,1.0,0,Nova Iguaçu,514.0,588.8,530.5,490.4,720.0,4,C
210061441921,2,F,2,0,1.0,0,Nova Iguaçu,437.3,493.9,522.6,446.0,600.0,3,B
210061422219,3,M,3,0,1.0,0,Niterói,599.6,589.9,560.8,501.3,620.0,7,B
210060580374,2,F,0,0,1.0,0,Duque de Caxias,570.4,608.4,599.7,699.8,660.0,3,C
210061167836,3,F,3,0,1.0,0,Belford Roxo,498.7,611.2,634.9,437.6,540.0,3,E
210060528803,2,M,3,0,1.0,0,Maricá,567.0,660.3,585.1,651.0,860.0,3,B
210060574763,3,F,1,0,1.0,0,Nova Iguaçu,552.0,607.5,586.6,528.2,840.0,2,B
210061167840,3,F,1,0,1.0,0,Maricá,432.6,493.5,469.7,414.0,540.0,3,B
210059441912,2,M,3,0,1.0,0,Nova Iguaçu,595.5,591.0,529.1,686.8,980.0,5,C
210059849745,5,F,3,0,1.0,0,São João de Meriti,520.3,431.7,437.5,350.0,360.0,2,B
210061121163,2,F,2,0,1.0,0,Nova Iguaçu,446.5,450.8,473.2,348.3,580.0,4,B
210058799967,3,F,3,0,1.0,0,São João de Meriti,378.7,482.7,546.2,521.7,600.0,4,C
210058044359,11,F,3,0,1.0,0,Nova Iguaçu,473.1,368.2,412.9,457.4,320.0,1,A
210060001657,2,F,1,0,1.0,0,Nova Iguaçu,498.2,572.3,548.6,350.6,760.0,3,C
210059834741,2,M,3,0,1.0,0,Maricá,540.8,594.6,501.7,655.5,800.0,5,D
210061100174,3,F,2,0,1.0,0,Belford Roxo,408.2,540.1,477.3,450.2,660.0,3,C
210058703815,2,F,1,0,1.0,0,Maricá,603.1,655.2,607.1,746.4,760.0,4,G
210060068992,2,M,1,0,1.0,0,Niterói,561.0,619.6,603.0,629.7,860.0,6,B
210058770850,2,F,1,0,1.0,0,Niterói,413.4,464.4,464.1,473.9,600.0,4,C
210058820571,2,F,1,0,1.0,0,Nova Iguaçu,531.1,574.5,620.9,721.9,800.0,5,D
210061237314,4,F,3,0,1.0,0,Niterói,457.6,483.9,451.5,574.1,360.0,3,B
210060042845,2,F,1,0,1.0,0,Nilópolis,431.0,507.5,514.9,475.2,580.0,4,G
210061008219,2,F,3,0,1.0,0,Nova Iguaçu,575.4,619.5,610.5,619.5,820.0,4,F
210060515825,3,F,3,0,1.0,0,São João de Meriti,450.9,628.5,614.9,539.0,660.0,4,B
210060915518,3,F,1,0,1.0,0,Duque de Caxias,591.7,591.0,600.2,552.0,680.0,3,D
210059188552,3,F,1,0,1.0,0,Nova Iguaçu,423.1,521.2,514.3,401.8,500.0,3,A
210059067837,2,M,2,0,1.0,0,Nova Iguaçu,500.8,521.8,477.2,713.7,640.0,3,B
210058229575,3,F,2,0,1.0,0,São João de Meriti,492.3,401.5,458.7,649.0,660.0,3,D
210061140858,3,M,3,0,1.0,0,Niterói,450.4,543.1,508.4,518.1,680.0,7,D
210059767332,2,F,1,0,1.0,0,Nova Iguaçu,591.4,633.8,573.6,689.1,960.0,4,F
210058682166,3,M,2,0,1.0,0,Niterói,550.5,510.6,552.6,663.2,900.0,3,C
210058748649,2,F,3,0,1.0,0,São João de Meriti,394.9,510.7,582.7,470.2,480.0,3,D
210061186988,3,M,3,0,1.0,0,Niterói,555.6,416.1,446.1,426.9,640.0,4,G
210061472415,3,M,2,0,1.0,0,Duque de Caxias,498.0,566.7,519.7,559.8,820.0,2,A
210061146560,3,M,1,0,1.0,0,Niterói,577.4,537.6,524.9,622.0,420.0,2,D
210058671385,3,F,3,0,1.0,0,São João de Meriti,460.7,575.8,499.4,447.9,880.0,5,B
210058746028,3,F,3,0,1.0,0,Duque de Caxias,456.3,610.2,616.2,520.8,760.0,3,B
210060200919,3,F,1,0,1.0,0,São João de Meriti,495.4,574.1,511.2,547.8,540.0,4,B
210061219667,3,M,1,0,1.0,0,São João de Meriti,690.7,694.3,657.5,748.9,960.0,2,A
210061443357,2,F,3,0,1.0,0,Belford Roxo,461.5,486.7,448.8,491.4,580.0,5,G
210060631811,3,M,3,0,1.0,0,São João de Meriti,488.1,475.4,490.3,475.0,340.0,3,B
210061250575,3,F,1,0,1.0,0,Niterói,539.7,555.4,545.7,578.2,840.0,2,G
210058960968,1,F,1,0,1.0,0,Nova Iguaçu,448.2,559.3,581.1,595.5,640.0,5,C
210060211769,4,F,1,0,1.0,0,Nova Iguaçu,447.9,527.6,522.2,556.5,560.0,3,B
210060636309,4,F,1,0,1.0,0,Duque de Caxias,332.7,345.9,477.1,418.7,440.0,4,B
210061028622,2,M,3,0,1.0,0,Nova Iguaçu,518.6,453.9,525.1,503.8,480.0,4,F
210058661048,2,F,2,0,1.0,0,São João de Meriti,443.5,432.7,436.3,398.5,500.0,4,B
210059301125,3,F,3,0,1.0,0,Nova Iguaçu,524.5,599.0,584.9,576.6,620.0,2,B
210059725191,2,F,3,0,1.0,0,Nova Iguaçu,503.6,602.7,573.5,520.5,760.0,6,G
210061248924,2,M,3,0,1.0,0,Niterói,437.6,459.9,422.9,435.2,340.0,4,F
210058661055,6,M,2,0,1.0,0,Nova Iguaçu,414.8,480.9,477.5,525.3,280.0,5,A
210059301115,3,F,1,0,1.0,0,Niterói,620.5,688.7,660.5,792.5,960.0,5,Q
210060150741,3,F,2,0,1.0,0,Nova Iguaçu,400.4,499.8,512.0,410.1,780.0,3,D
210060122658,3,M,3,0,1.0,0,Duque de Caxias,473.6,347.3,492.6,356.3,420.0,5,C
210060148747,2,F,1,0,1.0,0,Nova Iguaçu,407.3,482.6,520.0,401.0,740.0,4,B
210059793625,2,F,1,0,1.0,0,Belford Roxo,480.6,569.6,580.8,525.0,900.0,5,G
210058743393,4,F,3,0,1.0,0,Nova Iguaçu,520.4,391.0,439.5,560.9,500.0,3,B
210060001671,3,F,1,0,1.0,0,Niterói,704.4,662.7,599.0,748.7,600.0,7,Q
210058698613,2,F,1,0,1.0,0,Nova Iguaçu,392.6,447.9,323.5,371.3,540.0,2,E
210058800014,2,M,1,0,1.0,0,Duque de Caxias,631.1,605.7,562.5,738.2,880.0,3,D
210058779436,3,M,1,0,1.0,0,Niterói,485.7,531.7,567.1,704.6,920.0,5,Q
210058792699,3,M,3,0,1.0,0,Niterói,461.5,526.7,570.5,417.1,720.0,3,G
210058682901,3,M,3,0,1.0,0,Niterói,553.6,584.6,600.9,637.7,560.0,3,C
210059067973,3,F,3,0,1.0,0,Nova Iguaçu,396.3,402.8,490.8,390.1,360.0,2,B
210058792725,3,F,1,0,1.0,0,Niterói,336.5,371.8,404.5,413.3,620.0,4,B
210059175315,3,F,1,0,1.0,0,Nova Iguaçu,457.2,461.1,536.6,456.7,540.0,2,B
210058056853,4,M,1,0,1.0,0,Duque de Caxias,469.3,547.5,525.4,455.5,600.0,4,B
210061157746,3,M,2,0,1.0,0,Nova Iguaçu,484.2,546.4,452.3,478.1,320.0,5,F
210059656014,2,M,2,0,1.0,0,Duque de Caxias,437.4,527.1,482.9,448.2,400.0,3,B
210059890905,2,F,3,0,1.0,0,Duque de Caxias,591.5,664.8,587.7,700.8,780.0,3,D
210061289382,3,F,2,0,1.0,0,Nova Iguaçu,457.0,557.7,564.9,595.2,820.0,3,C
210061156398,4,M,3,0,1.0,0,Nilópolis,638.2,456.4,564.9,749.2,840.0,5,D
210058748802,3,M,3,0,1.0,0,Duque de Caxias,355.0,572.1,527.2,592.7,480.0,2,E
210060055960,2,F,3,0,1.0,0,Niterói,495.1,541.9,508.6,536.6,680.0,3,D
210058739875,3,M,3,0,1.0,0,Nova Iguaçu,395.6,493.4,462.0,445.7,400.0,3,D
210058737152,2,F,3,0,1.0,0,Duque de Caxias,476.5,570.2,578.3,683.4,880.0,2,B
210061018097,3,M,2,0,1.0,0,Maricá,513.1,482.3,456.6,610.9,460.0,3,D
210059932014,3,F,1,0,1.0,0,Niterói,591.1,614.9,589.0,725.5,940.0,4,K
210061279518,3,M,1,0,1.0,0,Niterói,466.0,423.4,448.9,415.5,580.0,2,C
210061140930,3,M,2,0,1.0,0,Niterói,568.7,601.2,494.8,498.1,520.0,4,C
210059697120,3,F,1,0,1.0,0,São João de Meriti,592.3,659.8,663.5,635.3,780.0,2,G
210061008278,3,M,1,0,1.0,0,Nova Iguaçu,447.7,458.3,400.1,374.7,460.0,3,B
210059725179,2,F,1,0,1.0,0,Nova Iguaçu,517.7,568.5,539.7,477.2,600.0,4,M
210058985539,4,M,3,0,1.0,0,Niterói,413.2,462.6,427.2,563.9,280.0,2,B
210060485083,3,F,3,0,1.0,0,Niterói,486.2,477.5,483.0,601.5,640.0,4,C
210060090383,2,F,1,0,1.0,0,Nova Iguaçu,534.4,533.1,401.4,649.6,740.0,5,G
210059229786,3,F,3,0,1.0,0,Belford Roxo,501.9,561.2,510.5,544.9,620.0,3,D
210060567046,2,F,3,0,1.0,0,Duque de Caxias,435.1,574.4,523.0,641.4,600.0,4,C
210058240792,2,F,2,0,1.0,0,Niterói,441.2,451.4,472.5,480.9,560.0,3,C
210059201674,3,F,1,0,1.0,0,Maricá,572.2,607.7,595.2,700.9,860.0,2,H
210060543832,2,F,1,0,1.0,0,São João de Meriti,567.4,663.6,641.1,739.6,880.0,4,F
210061463152,4,M,1,0,1.0,0,Niterói,570.6,578.1,591.3,508.1,600.0,4,E
210061179065,2,M,3,0,1.0,0,Nova Iguaçu,478.8,437.3,404.3,486.6,380.0,5,D
210060636376,2,F,1,0,1.0,0,Nova Iguaçu,435.8,475.6,473.9,375.7,700.0,4,B
210060567007,2,F,1,0,1.0,0,Niterói,688.4,630.7,652.4,766.8,900.0,3,G
210060582773,3,F,2,0,1.0,0,Belford Roxo,410.2,428.1,478.9,530.6,360.0,4,A
210061360727,3,F,2,0,1.0,0,São João de Meriti,494.4,570.1,533.0,545.9,700.0,4,C
210060863725,2,F,1,0,1.0,0,Nova Iguaçu,445.2,435.9,478.0,426.7,600.0,2,B
210060636369,3,F,2,0,1.0,0,Nova Iguaçu,398.8,312.9,383.8,357.9,640.0,5,B
210059283952,3,M,1,0,1.0,0,Duque de Caxias,541.8,556.8,559.2,390.0,780.0,4,F
210059297006,3,F,1,0,1.0,0,Nova Iguaçu,408.5,350.9,528.2,422.5,620.0,4,B
210059160524,3,F,3,0,1.0,0,Nova Iguaçu,484.0,551.2,533.2,398.4,560.0,3,C
210061250640,3,M,3,0,1.0,0,Nilópolis,343.4,548.3,493.3,597.3,600.0,3,D
210061319986,2,F,3,0,1.0,0,Nova Iguaçu,455.7,471.3,470.2,396.6,380.0,2,B
210060185463,3,F,3,0,1.0,0,Niterói,421.8,431.5,458.8,355.4,240.0,2,B
210060090326,3,F,2,0,1.0,0,Duque de Caxias,462.5,517.6,516.9,388.7,520.0,4,C
210060502892,3,F,1,0,1.0,0,São João de Meriti,545.0,614.4,616.8,791.5,720.0,5,B
210060686794,2,F,2,0,1.0,0,Duque de Caxias,518.1,492.9,492.5,444.9,880.0,2,B
210061240748,2,F,1,0,1.0,0,Duque de Caxias,392.7,496.1,430.3,426.3,780.0,5,E
210059160521,2,F,1,0,1.0,0,Maricá,527.9,574.5,551.6,589.9,840.0,4,C
210060078001,2,M,1,0,1.0,0,Niterói,592.7,576.8,560.1,768.6,800.0,3,O
210060598833,2,F,1,0,1.0,0,Nova Iguaçu,473.1,510.5,528.1,535.5,620.0,2,B
210061412570,5,M,1,0,2.0,0,Nilópolis,402.9,436.1,415.0,372.7,340.0,2,C
210061472511,3,M,1,0,1.0,0,Belford Roxo,343.4,479.5,477.6,364.4,440.0,2,B
210059808698,2,F,3,0,1.0,0,Nova Iguaçu,546.0,580.9,589.9,769.2,800.0,3,D
210060598806,2,F,1,0,1.0,0,São João de Meriti,472.9,558.7,504.2,334.2,640.0,3,C
210059203529,4,M,1,0,1.0,0,Niterói,439.5,529.9,461.9,455.2,580.0,4,B
210060014889,3,F,1,0,1.0,0,Nova Iguaçu,489.6,537.5,496.3,489.6,420.0,5,C
210058144688,3,M,2,0,1.0,0,Duque de Caxias,440.1,442.3,458.9,418.2,580.0,4,F
210060646276,3,F,1,0,1.0,0,Duque de Caxias,514.4,501.4,491.5,458.2,480.0,5,A
210059862905,3,M,3,0,1.0,0,Niterói,522.8,489.0,529.8,573.9,620.0,4,F
210061100307,3,F,2,0,1.0,0,Niterói,398.4,368.5,440.0,375.8,440.0,3,C
210060717581,2,F,3,0,1.0,0,Duque de Caxias,416.7,514.7,473.3,424.7,540.0,4,A
210060946705,3,F,3,0,1.0,0,Duque de Caxias,476.2,507.2,541.5,538.8,640.0,5,B
210059299082,2,F,3,0,1.0,0,Nova Iguaçu,436.4,539.6,510.9,552.2,780.0,4,H
210060567114,2,F,2,0,1.0,0,Nova Iguaçu,385.0,503.4,505.1,435.0,600.0,4,A
210060116340,2,M,2,0,1.0,0,Nilópolis,383.8,459.0,415.2,420.0,900.0,2,B
210059079346,2,M,2,0,1.0,0,São João de Meriti,549.9,622.5,618.9,615.2,800.0,2,D
210058312365,3,M,3,0,1.0,0,Niterói,546.8,509.2,559.4,486.9,680.0,4,N
210060526114,2,F,2,0,1.0,0,Nova Iguaçu,430.0,422.8,454.4,515.7,720.0,2,C
210059284048,3,F,3,0,1.0,0,Duque de Caxias,415.8,362.2,417.9,387.5,480.0,5,B
210060788849,3,F,2,0,1.0,0,Niterói,532.9,544.7,572.8,633.5,840.0,6,C
210060103305,3,F,3,0,1.0,0,Niterói,518.6,512.5,575.1,724.6,840.0,4,F
210059118095,4,M,1,0,1.0,0,Nilópolis,497.3,595.7,550.6,511.0,740.0,4,B
210060657347,3,F,1,0,1.0,0,Duque de Caxias,557.7,599.6,537.2,679.1,880.0,5,E
210059131045,2,F,3,0,1.0,0,Duque de Caxias,388.4,415.6,410.2,434.3,500.0,6,G
210061240818,3,M,1,0,1.0,0,Niterói,534.5,651.6,534.8,686.7,760.0,4,G
210059118105,4,M,3,0,1.0,0,Nova Iguaçu,415.9,504.9,513.6,351.9,780.0,5,B
210059712222,3,F,2,0,1.0,0,Nova Iguaçu,388.9,381.5,362.5,426.6,360.0,4,A
210060988663,2,M,2,0,1.0,0,Niterói,583.3,676.5,638.2,750.4,920.0,2,G
210059301251,3,F,3,0,1.0,0,Niterói,416.6,461.3,450.3,429.4,420.0,5,C
210058079886,2,M,1,0,1.0,0,Niterói,465.5,499.7,506.5,445.8,640.0,3,C
210058056949,2,M,1,0,1.0,0,Duque de Caxias,632.7,659.8,596.5,635.5,560.0,2,C
210058126487,3,F,3,0,1.0,0,Duque de Caxias,487.4,610.8,511.9,648.6,800.0,3,C
210061269718,5,F,1,0,1.0,0,Nova Iguaçu,455.6,399.0,342.4,332.7,120.0,4,B
210061268335,3,M,3,0,1.0,0,Niterói,645.0,659.4,628.3,821.3,800.0,3,E
210059314297,3,F,1,0,1.0,0,Niterói,381.0,475.4,490.4,424.2,640.0,5,L
210059301174,3,M,3,0,1.0,0,Niterói,491.8,530.5,510.0,606.2,480.0,3,C
210059738316,2,F,1,0,1.0,0,Belford Roxo,434.2,599.0,584.7,673.2,880.0,3,D
210059849893,1,M,2,0,1.0,0,Nilópolis,484.7,577.3,597.9,578.1,520.0,2,B
210058800130,2,M,1,0,1.0,0,Duque de Caxias,508.7,584.3,583.1,585.9,560.0,4,F
210058704010,4,F,3,0,1.0,0,Nova Iguaçu,374.7,467.3,473.1,406.6,440.0,7,B
210060001802,3,F,2,0,1.0,0,São João de Meriti,384.1,418.7,462.4,413.1,460.0,4,C
210058720527,3,F,2,0,1.0,0,Nova Iguaçu,532.4,385.2,313.3,428.9,700.0,5,C
210058327883,2,F,3,0,1.0,0,Niterói,650.1,609.6,678.6,763.4,800.0,2,G
210058827331,4,M,1,0,1.0,0,Duque de Caxias,545.7,586.8,589.6,516.8,620.0,4,M
210058946595,3,F,2,0,1.0,0,Niterói,452.2,540.6,319.2,380.5,740.0,3,C
210059259907,2,F,3,0,1.0,0,Duque de Caxias,556.1,595.6,585.5,679.4,860.0,4,G
210061142308,3,F,1,0,1.0,0,Niterói,518.1,546.0,516.5,657.2,440.0,3,C
210058666329,4,M,1,0,1.0,0,Niterói,477.4,529.6,535.5,397.1,640.0,4,G
210058091659,2,M,1,0,1.0,0,Niterói,496.3,456.6,546.5,697.3,840.0,5,K
210060618588,3,F,1,0,1.0,0,Maricá,533.7,545.9,520.5,500.8,420.0,4,L
210059066431,4,M,1,0,1.0,0,Duque de Caxias,467.1,498.2,518.2,512.6,320.0,5,C
210060516019,2,M,3,0,1.0,0,São João de Meriti,564.2,621.8,568.7,755.4,420.0,3,D
210060748357,3,F,3,0,1.0,0,Nova Iguaçu,449.9,416.6,455.7,340.5,540.0,3,B
210060906048,3,F,1,0,1.0,0,Nova Iguaçu,421.8,596.9,570.5,515.1,820.0,2,B
210061142387,2,M,3,0,1.0,0,São João de Meriti,539.8,570.2,516.8,467.3,540.0,4,F
210059904169,2,M,1,0,1.0,0,Nova Iguaçu,534.9,570.4,534.0,631.2,460.0,3,A
210060056131,2,F,3,0,1.0,0,Nilópolis,474.4,533.4,531.5,541.5,360.0,2,D
210058762863,3,F,1,0,1.0,0,Niterói,587.3,650.7,647.3,706.7,940.0,4,P
210059160637,3,F,3,0,1.0,0,São João de Meriti,434.9,395.4,464.6,331.4,520.0,3,B
210058961090,2,F,1,0,1.0,0,Duque de Caxias,423.9,514.2,504.8,454.5,580.0,5,B
210059960314,3,F,3,0,1.0,0,São João de Meriti,407.1,495.5,451.7,392.3,280.0,4,B
210060564841,3,F,2,0,1.0,0,Nova Iguaçu,471.4,558.1,592.1,351.2,840.0,3,D
210061240867,2,F,3,0,1.0,0,Nova Iguaçu,454.7,502.7,403.5,469.0,460.0,5,B
210058806856,3,F,2,0,1.0,0,São João de Meriti,425.0,445.7,444.9,349.2,600.0,6,B
210059342456,3,F,3,0,1.0,0,Niterói,504.2,488.5,500.3,398.4,520.0,3,C
210058762836,2,F,3,0,1.0,0,São João de Meriti,522.9,597.7,601.7,639.9,640.0,3,D
210061217873,3,F,1,0,1.0,0,Niterói,613.8,675.8,640.3,700.9,920.0,3,L
210061472614,2,F,2,0,1.0,0,Nova Iguaçu,463.3,489.5,519.4,598.8,940.0,5,A
210059821846,3,M,1,0,1.0,0,São João de Meriti,565.7,487.6,489.3,521.1,660.0,2,B
210061059602,3,F,1,0,1.0,0,Niterói,417.9,476.5,479.0,345.5,560.0,3,B
210058126526,3,F,3,0,1.0,0,Belford Roxo,428.6,514.6,547.4,495.4,420.0,4,D
210059149299,2,F,3,0,1.0,0,São João de Meriti,353.5,482.0,565.8,604.6,740.0,3,C
210059995547,5,M,2,0,1.0,0,Maricá,515.8,433.3,535.1,477.1,500.0,7,D
210060667385,3,F,2,0,1.0,0,Maricá,420.5,320.1,527.0,431.0,660.0,5,B
210058974126,2,M,3,0,1.0,0,Niterói,478.8,607.7,584.6,625.3,800.0,4,M
210061240973,3,F,2,0,1.0,0,São João de Meriti,487.0,521.5,473.4,511.3,760.0,4,D
210060677164,3,F,1,0,1.0,0,São João de Meriti,565.8,562.1,561.3,583.8,680.0,3,B
210058161118,2,M,3,0,1.0,0,Belford Roxo,492.2,632.7,574.1,748.5,560.0,4,C
210060907535,3,M,2,0,1.0,0,Duque de Caxias,582.6,556.0,578.8,449.5,520.0,2,C
210059969328,4,M,3,0,1.0,0,Nilópolis,443.8,468.8,369.8,409.8,660.0,3,C
210060516048,2,F,1,0,1.0,0,Nova Iguaçu,616.7,613.5,609.6,700.4,900.0,4,G
210060688236,3,F,2,0,1.0,0,São João de Meriti,436.4,347.4,447.3,345.4,460.0,3,A
210061271792,3,M,1,0,1.0,0,Nilópolis,539.3,500.7,317.3,548.6,540.0,3,F
210060717690,2,F,1,0,1.0,0,Nilópolis,495.4,619.6,585.2,518.0,660.0,5,C
210060865480,3,M,3,0,1.0,0,São João de Meriti,522.0,499.3,433.9,619.4,480.0,3,B
210060978984,3,F,1,0,1.0,0,Maricá,408.0,434.0,461.4,418.7,480.0,4,C
210060599059,4,F,1,0,1.0,0,Maricá,389.5,428.3,487.3,470.1,440.0,5,B
210060844414,3,M,3,0,1.0,0,Nilópolis,494.7,534.1,582.9,615.0,620.0,3,B
210058187243,4,F,1,0,1.0,0,São João de Meriti,466.1,373.8,307.1,617.8,520.0,4,C
210058987009,2,F,3,0,1.0,0,Maricá,622.7,634.3,605.2,591.9,820.0,6,D
210059014797,3,F,1,0,1.0,0,Niterói,565.7,565.1,545.9,442.5,860.0,3,G
210060580726,5,F,2,0,1.0,0,Niterói,342.8,478.8,477.8,412.5,240.0,2,B
210061414462,3,F,1,0,1.0,0,Niterói,574.8,572.1,542.6,630.4,680.0,5,E
210059066506,3,F,3,0,1.0,0,Nilópolis,450.8,428.7,541.9,455.2,580.0,4,B
210058292768,2,F,1,0,1.0,0,Niterói,543.0,471.2,471.6,390.8,580.0,3,C
210061424192,2,F,3,0,1.0,0,Duque de Caxias,526.9,585.5,558.8,459.4,660.0,4,C
210060582999,3,F,3,0,1.0,0,Nilópolis,481.2,543.9,495.6,604.3,640.0,2,B
210059271023,3,M,3,0,1.0,0,Nilópolis,395.3,518.3,500.0,500.7,320.0,5,B
210058312395,3,F,1,0,1.0,0,São João de Meriti,459.6,565.2,559.6,464.3,720.0,6,C
210059312199,2,M,1,0,1.0,0,Nova Iguaçu,614.0,659.1,577.9,772.2,940.0,5,G
210060513127,2,F,1,0,1.0,0,São João de Meriti,433.3,533.7,534.2,568.5,520.0,4,B
210059899926,3,M,3,0,1.0,0,Belford Roxo,574.1,624.1,548.7,569.3,560.0,2,B
210060539208,2,F,1,0,1.0,0,São João de Meriti,455.8,568.4,592.7,586.4,700.0,6,E
210060612352,3,F,1,0,1.0,0,Nova Iguaçu,504.9,493.6,563.1,364.4,840.0,2,E
210059299133,3,F,2,0,1.0,0,Belford Roxo,460.6,480.5,399.8,529.6,660.0,4,B
210060576329,2,M,1,0,1.0,0,Nova Iguaçu,475.3,526.8,526.7,432.2,480.0,3,E
210058762956,3,M,3,0,1.0,0,São João de Meriti,524.2,315.0,420.5,668.8,560.0,3,D
210060083043,3,F,1,0,1.0,0,Duque de Caxias,462.2,508.5,504.6,521.5,680.0,2,B
210058339286,2,F,1,0,1.0,0,Duque de Caxias,593.3,601.1,603.8,596.8,860.0,3,C
210059699287,3,M,1,0,1.0,0,Nilópolis,603.5,669.0,597.4,748.4,860.0,3,E
210061227756,3,M,3,0,1.0,0,Nova Iguaçu,545.0,354.8,456.3,603.1,740.0,3,J
210058756666,2,F,3,0,1.0,0,Duque de Caxias,485.1,548.1,495.3,485.4,540.0,4,D
210061059653,2,M,1,0,1.0,0,Duque de Caxias,607.8,662.2,585.3,817.7,660.0,4,I
210058271811,3,F,3,0,1.0,0,Nilópolis,612.9,588.5,612.6,666.1,720.0,4,C
210059342506,3,M,3,0,1.0,0,Nova Iguaçu,474.2,603.4,568.0,705.5,640.0,2,C
210061299012,3,F,3,0,1.0,0,Niterói,441.7,541.2,536.0,526.6,660.0,4,C
210059836973,3,M,1,0,1.0,0,Maricá,575.3,600.0,592.6,785.1,640.0,5,K
210058766895,4,M,2,0,1.0,0,Duque de Caxias,465.5,362.1,458.8,355.5,260.0,4,C
210058814185,3,M,2,0,1.0,0,Duque de Caxias,429.1,449.6,521.8,485.1,420.0,4,D
210058771718,2,F,1,0,1.0,0,Duque de Caxias,395.1,536.0,511.5,434.5,700.0,3,H
210059085509,3,F,1,0,1.0,0,Nova Iguaçu,418.8,493.9,424.9,453.2,760.0,4,B
210058704726,3,M,1,0,1.0,0,Niterói,540.1,511.0,520.5,526.6,580.0,3,I
210060728793,2,M,3,0,1.0,0,Maricá,430.8,458.7,370.0,442.7,420.0,5,B
210059830673,3,F,1,0,1.0,0,Nilópolis,578.0,629.5,628.9,731.7,900.0,3,K
210059040679,3,M,2,0,1.0,0,Nova Iguaçu,426.7,506.3,578.9,622.8,540.0,2,B
210060619984,1,M,0,0,1.0,0,Nova Iguaçu,567.8,569.3,543.7,702.3,440.0,3,J
210060017060,4,M,2,0,1.0,0,Duque de Caxias,438.7,426.0,427.9,449.3,720.0,3,C
210059499829,3,F,3,0,1.0,0,Duque de Caxias,472.2,550.8,453.4,441.2,600.0,2,C
210059850125,3,F,2,0,1.0,0,Niterói,395.2,458.4,481.5,444.8,540.0,6,B
210059795869,2,F,1,0,1.0,0,Duque de Caxias,432.1,525.8,534.5,433.1,680.0,2,A
210061187101,3,M,3,0,1.0,0,Duque de Caxias,551.0,567.9,536.6,610.7,660.0,4,C
210058045945,2,F,3,0,1.0,0,Niterói,523.3,636.1,581.7,669.5,840.0,4,Q
210058761472,3,F,3,0,1.0,0,São João de Meriti,494.1,525.7,516.0,462.6,620.0,4,C
210061300722,3,F,3,0,1.0,0,São João de Meriti,460.7,573.5,534.8,577.0,400.0,3,C
210058765244,3,F,3,0,1.0,0,São João de Meriti,528.5,572.9,524.1,407.5,840.0,3,C
210059535718,3,M,3,0,1.0,0,Maricá,532.7,509.0,532.3,653.7,940.0,2,C
210058765251,2,F,2,0,1.0,0,Nova Iguaçu,556.2,613.2,645.6,615.4,780.0,3,C
210059837002,2,F,1,0,1.0,0,Duque de Caxias,535.1,558.0,475.3,423.7,860.0,3,N
210059348087,4,F,2,0,1.0,0,Niterói,495.1,613.7,405.5,427.7,900.0,2,B
210059361196,4,F,2,0,1.0,0,São João de Meriti,408.6,537.5,501.9,356.8,600.0,3,C
210061238989,3,M,1,0,1.0,0,Duque de Caxias,619.1,582.2,573.7,706.8,480.0,6,L
210058113608,3,M,1,0,1.0,0,Niterói,695.3,612.0,627.9,800.2,860.0,3,Q
210058763016,6,F,1,0,1.0,0,Niterói,629.1,669.3,544.4,723.3,600.0,4,I
210058068224,2,M,1,0,1.0,0,Niterói,586.1,625.0,580.9,765.4,760.0,4,O
210058740834,3,M,2,0,1.0,0,São João de Meriti,493.6,577.3,562.0,590.6,580.0,2,B
210058743668,4,F,3,0,1.0,0,Niterói,468.6,529.8,476.7,404.9,680.0,3,A
210059029043,3,F,3,0,1.0,0,Niterói,564.1,525.1,544.1,466.1,800.0,3,E
210059342558,2,F,2,0,1.0,0,Niterói,457.9,577.5,543.8,421.5,560.0,4,B
210061070916,2,M,2,0,1.0,0,Nova Iguaçu,626.6,667.7,564.5,743.7,880.0,3,N
210059794611,3,F,2,0,1.0,0,Duque de Caxias,547.3,499.0,567.3,468.1,580.0,4,B
210058946731,1,M,3,0,1.0,0,Duque de Caxias,453.4,511.7,513.8,458.1,960.0,4,D
210059753529,2,F,4,0,1.0,0,Nova Iguaçu,480.4,604.1,552.2,641.6,760.0,4,E
210061351347,2,M,0,0,1.0,0,Maricá,493.6,469.3,542.2,572.9,600.0,6,F
210060769451,4,F,2,0,1.0,0,Maricá,446.8,470.8,507.8,480.5,680.0,5,B
210060526333,3,F,3,0,1.0,0,Maricá,483.2,488.2,537.0,503.1,720.0,3,E
210060612534,3,M,3,0,1.0,0,Nova Iguaçu,461.0,514.6,480.6,581.6,420.0,4,C
210060636646,5,M,3,0,1.0,0,Nilópolis,602.6,586.6,569.7,657.4,460.0,4,C
210058302747,2,F,1,0,1.0,0,Maricá,532.9,495.0,523.7,553.7,840.0,2,C
210061189226,5,F,3,0,1.0,0,Nova Iguaçu,437.3,426.6,343.3,466.4,300.0,4,B
210058147453,3,F,1,0,1.0,0,Nova Iguaçu,481.6,492.5,479.2,542.1,800.0,2,C
210060647756,2,M,3,0,1.0,0,Nilópolis,609.7,616.3,564.6,716.0,680.0,5,B
210059982506,3,M,3,0,1.0,0,Maricá,418.1,521.0,482.8,402.2,540.0,4,B
210059109147,2,F,3,0,1.0,0,Niterói,541.1,600.4,587.0,631.1,800.0,3,P
210058976136,4,F,3,0,1.0,0,Nova Iguaçu,438.8,451.5,411.6,394.6,560.0,3,B
210058200353,2,F,1,0,1.0,0,Niterói,521.8,446.9,531.7,551.1,940.0,2,J
210059203884,3,F,3,0,1.0,0,Niterói,577.5,527.6,491.2,580.1,860.0,3,B
210060620014,3,F,1,0,1.0,0,Duque de Caxias,525.8,571.7,607.9,549.3,840.0,3,G
210059230083,3,F,2,0,1.0,0,Belford Roxo,446.1,472.1,467.9,388.3,460.0,4,G
210060815086,3,M,2,0,1.0,0,Maricá,430.7,560.4,462.9,538.7,640.0,3,B
210061210152,2,F,3,0,1.0,0,Maricá,510.6,520.5,594.1,609.9,580.0,3,B
210059941276,2,F,2,0,1.0,0,Nova Iguaçu,517.0,560.8,521.8,471.2,920.0,3,D
210058144865,2,F,3,0,1.0,0,Duque de Caxias,437.4,372.4,352.8,437.6,560.0,3,B
210059120227,3,M,1,0,1.0,0,Niterói,572.8,567.0,590.4,780.4,760.0,5,Q
210060487208,2,F,3,0,1.0,0,São João de Meriti,524.0,557.5,569.1,576.5,680.0,5,F
210059271121,2,M,3,0,1.0,0,Nova Iguaçu,489.4,364.4,438.1,414.3,240.0,3,B
210058715415,3,M,1,0,1.0,0,Nilópolis,660.4,669.1,609.1,776.5,780.0,5,F
210060557122,2,M,3,0,1.0,0,Nova Iguaçu,498.0,514.7,434.2,504.4,500.0,2,H
210059299222,2,F,2,0,1.0,0,Nova Iguaçu,446.9,527.9,368.7,569.5,600.0,4,B
210060030116,2,M,3,0,1.0,0,Maricá,376.8,332.2,401.4,490.1,600.0,4,B
210060769374,2,M,3,0,1.0,0,Duque de Caxias,525.5,544.3,528.7,388.2,300.0,4,C
210058732022,4,F,1,0,1.0,0,Duque de Caxias,594.1,542.3,577.3,622.0,740.0,3,C
210058765308,2,M,3,0,1.0,0,Belford Roxo,518.6,583.4,591.6,680.9,840.0,3,B
210058068278,3,M,3,0,1.0,0,Maricá,495.5,558.9,537.6,559.7,620.0,3,F
210061142563,3,M,3,0,1.0,0,Nova Iguaçu,468.6,404.1,512.3,430.5,680.0,3,B
210058767038,3,F,3,0,1.0,0,Nova Iguaçu,395.9,520.7,419.8,356.2,500.0,2,B
210061248580,9,M,1,0,1.0,0,Maricá,529.0,553.4,508.4,348.0,340.0,3,B
210059541082,2,M,1,0,1.0,0,Belford Roxo,505.7,554.4,526.0,656.1,760.0,4,G
210059686320,2,F,3,0,1.0,0,Nilópolis,470.2,455.1,555.7,597.4,520.0,4,O
210058057195,2,M,1,0,1.0,0,Maricá,341.9,542.2,469.0,382.2,740.0,3,M
210059053698,2,M,3,0,1.0,0,Duque de Caxias,500.9,483.0,506.3,646.9,600.0,2,E
210058241108,3,F,1,0,1.0,0,Belford Roxo,534.2,485.7,450.1,498.6,580.0,4,E
210059900144,3,M,1,0,1.0,0,Duque de Caxias,572.4,512.7,550.1,626.7,560.0,4,D
210061169640,2,F,1,0,1.0,0,Duque de Caxias,663.9,649.4,662.9,836.2,960.0,4,I
210060867159,3,F,3,0,1.0,0,Nova Iguaçu,386.4,429.1,413.5,343.4,420.0,4,B
210058189390,3,F,3,0,1.0,0,Duque de Caxias,617.5,666.6,589.5,778.7,960.0,3,O
210060789120,2,M,1,0,1.0,0,Nova Iguaçu,585.5,524.7,474.0,606.5,680.0,3,D
210061231265,2,F,4,0,1.0,0,São João de Meriti,399.9,400.9,460.9,486.5,560.0,5,G
210060959645,2,M,3,0,1.0,0,São João de Meriti,524.4,481.7,463.3,482.4,640.0,4,C
210059003143,2,F,3,0,1.0,0,Duque de Caxias,534.9,691.5,583.5,553.1,780.0,5,G
210059928340,3,M,2,0,1.0,0,Nilópolis,503.5,551.8,536.9,593.4,640.0,3,B
210060592960,3,M,1,0,1.0,0,Nova Iguaçu,551.7,590.5,605.6,689.7,600.0,3,C
210060626864,3,F,1,0,1.0,0,Duque de Caxias,460.1,477.8,500.9,554.0,740.0,4,B
210058975024,3,F,3,0,1.0,0,Niterói,433.9,487.3,483.6,408.6,600.0,3,B
210061262132,3,M,2,0,1.0,0,Nova Iguaçu,442.7,500.1,454.4,356.6,660.0,3,B
210060789117,3,F,3,0,1.0,0,Nova Iguaçu,358.4,443.5,439.3,416.2,740.0,4,D
210060626865,2,M,2,0,1.0,0,Nova Iguaçu,394.8,507.8,512.8,558.5,600.0,4,D
210060599187,3,F,2,0,1.0,0,Nova Iguaçu,462.6,505.6,478.8,441.5,620.0,3,B
210060948467,3,F,1,0,1.0,0,Niterói,571.3,618.1,592.2,677.4,940.0,3,J
210060620069,2,F,3,0,1.0,0,Nilópolis,391.4,528.3,548.2,396.5,440.0,4,H
210060643231,5,M,1,0,1.0,0,Duque de Caxias,672.8,666.1,645.2,821.0,720.0,3,D
210059014951,3,F,2,0,1.0,0,Duque de Caxias,383.1,515.3,516.1,440.6,720.0,6,B
210060599218,2,F,2,0,1.0,0,Duque de Caxias,428.7,528.7,507.8,350.7,700.0,7,B
210060117451,2,F,3,0,1.0,0,Duque de Caxias,496.3,598.1,561.2,710.0,900.0,3,D
210058989133,2,F,3,0,1.0,0,Duque de Caxias,488.8,346.0,344.6,384.1,720.0,2,A
210059989054,3,F,3,0,1.0,0,Nova Iguaçu,533.3,623.1,584.7,727.2,820.0,3,B
210060767013,3,M,1,0,1.0,0,Niterói,500.6,622.3,595.9,634.3,560.0,2,G
210058667390,3,F,1,0,1.0,0,Belford Roxo,473.2,487.9,582.0,480.6,640.0,3,C
210059481596,2,F,1,0,2.0,0,Duque de Caxias,563.5,551.8,516.6,396.2,580.0,3,B
210058749842,2,F,3,0,1.0,0,Duque de Caxias,591.8,660.1,648.1,641.1,680.0,2,H
210061050009,4,F,3,0,1.0,0,Duque de Caxias,446.9,536.2,516.9,478.3,680.0,1,B
210059468459,3,F,1,0,1.0,0,Nova Iguaçu,516.4,542.7,544.7,500.6,720.0,4,B
210060726280,3,M,1,0,1.0,0,Niterói,524.1,597.2,595.9,728.1,920.0,3,Q
210058651732,2,M,1,0,1.0,0,Niterói,663.1,652.2,596.1,858.3,920.0,3,H
210058672590,3,F,1,0,1.0,0,Maricá,651.1,635.2,581.3,737.2,900.0,3,L
210059440324,6,F,3,0,1.0,0,Belford Roxo,475.1,529.0,446.5,479.6,860.0,3,D
210058656996,2,F,1,0,1.0,0,Belford Roxo,433.5,409.1,497.3,392.3,480.0,3,B
210061071066,3,F,2,0,1.0,0,São João de Meriti,472.9,466.4,485.1,396.5,520.0,3,C
210058656976,3,F,1,0,1.0,0,Duque de Caxias,504.2,565.1,515.4,459.8,840.0,3,F
210059537761,2,F,2,0,1.0,0,Duque de Caxias,346.6,483.4,523.6,381.3,320.0,4,B
210058746499,3,M,1,0,1.0,0,Nilópolis,551.8,611.5,578.9,643.5,520.0,2,D
210059794713,2,M,1,0,1.0,0,Duque de Caxias,506.5,468.1,507.5,448.7,560.0,3,B
210059499904,4,M,1,0,1.0,0,Niterói,473.7,550.4,472.0,603.9,860.0,7,C
210058820963,2,F,3,0,1.0,0,Nova Iguaçu,430.2,484.1,499.0,605.1,760.0,4,A
210059468458,2,F,1,0,1.0,0,Niterói,519.3,566.7,531.6,731.6,920.0,4,J
210058662059,3,M,2,0,1.0,0,Niterói,601.6,630.3,585.8,627.0,700.0,4,F
210058091976,3,F,0,0,1.0,0,Belford Roxo,594.6,585.1,444.6,672.6,960.0,6,G
210059671401,4,M,1,0,1.0,0,São João de Meriti,419.6,471.2,531.4,693.6,880.0,2,D
210060979134,4,F,3,0,1.0,0,São João de Meriti,431.3,411.7,433.0,408.0,540.0,5,C
210059712496,3,F,2,0,1.0,0,Duque de Caxias,384.0,340.1,460.7,364.1,360.0,4,E
210060715087,2,M,1,0,1.0,0,Maricá,528.9,509.4,448.5,387.9,560.0,4,C
210060663050,4,F,1,0,1.0,0,Duque de Caxias,332.8,429.7,438.9,376.3,400.0,4,C
210059919371,2,F,1,0,1.0,0,Niterói,511.9,566.1,539.2,593.1,900.0,4,E
210060071355,3,F,3,0,1.0,0,Maricá,543.6,525.4,525.3,485.5,560.0,3,C
210059335180,3,F,3,0,1.0,0,Niterói,489.8,566.7,565.9,482.3,820.0,4,K
210060137989,3,M,2,0,1.0,0,Belford Roxo,423.2,513.4,526.5,451.4,540.0,3,B
210059781686,4,M,1,0,1.0,0,Duque de Caxias,613.8,669.6,691.1,709.2,760.0,3,B
210060541379,2,F,3,0,1.0,0,Nilópolis,400.5,414.1,403.5,397.6,560.0,3,B
210059900173,3,M,1,0,1.0,0,Duque de Caxias,558.4,612.9,589.8,642.1,700.0,4,C
210058318304,2,M,3,0,1.0,0,Duque de Caxias,384.5,425.8,554.3,578.3,580.0,2,B
210059111482,3,F,2,0,1.0,0,Duque de Caxias,530.0,615.2,541.4,564.6,720.0,6,E
210061159858,2,M,3,0,1.0,0,São João de Meriti,533.9,606.1,536.8,598.1,700.0,4,D
210060938787,4,F,1,0,1.0,0,Duque de Caxias,398.3,340.5,456.2,484.7,500.0,3,B
210059928400,2,F,3,0,1.0,0,Maricá,461.6,480.4,352.7,478.7,760.0,3,B
210060474348,3,M,2,0,1.0,0,Duque de Caxias,496.6,410.4,340.0,425.2,320.0,3,A
210060125021,2,F,1,0,1.0,0,Maricá,413.6,530.2,526.1,538.8,720.0,5,C
210059458834,2,F,2,0,1.0,0,Nova Iguaçu,554.6,558.6,577.3,489.2,760.0,2,B
210059427302,7,M,1,0,1.0,0,Nilópolis,462.7,497.7,479.2,479.1,740.0,6,B
210061000189,2,F,3,0,1.0,0,São João de Meriti,510.4,570.3,563.4,411.4,840.0,3,D
210060728980,2,F,1,0,1.0,0,Duque de Caxias,437.4,478.3,440.4,414.8,620.0,3,A
210060518210,2,M,1,0,1.0,0,Niterói,680.1,629.6,619.1,832.1,900.0,4,J
210060856039,3,M,1,0,1.0,0,Nilópolis,543.6,304.2,419.8,531.5,560.0,3,C
210060709399,2,F,3,0,1.0,0,Duque de Caxias,445.0,495.1,502.8,410.2,540.0,3,B
210058757509,4,F,3,0,1.0,0,Belford Roxo,422.4,470.4,433.1,400.6,420.0,3,C
210058662251,4,F,3,0,1.0,0,Nilópolis,585.7,575.7,580.7,546.4,760.0,4,B
210058755045,5,F,2,0,1.0,0,Duque de Caxias,487.4,386.9,330.9,410.7,420.0,5,B
210060004068,3,F,1,0,1.0,0,Nova Iguaçu,576.3,576.4,593.3,680.7,720.0,4,I
210058755049,3,F,1,0,1.0,0,São João de Meriti,656.5,606.0,622.8,762.1,780.0,3,K
210060045225,3,M,3,0,1.0,0,Niterói,478.8,448.4,565.1,628.3,840.0,5,G
210060809156,5,F,3,0,1.0,0,Nilópolis,602.7,578.0,616.7,753.5,960.0,3,D
210060589544,2,M,1,0,1.0,0,Nova Iguaçu,482.5,555.7,527.0,529.6,680.0,3,J
210058189496,3,F,3,0,1.0,0,Duque de Caxias,419.6,446.4,544.7,398.2,580.0,4,B
210059015106,3,F,3,0,1.0,0,Maricá,478.0,540.4,517.0,518.5,680.0,6,G
210058988254,2,F,3,0,1.0,0,Niterói,596.5,641.3,628.1,734.2,780.0,4,L
210060600673,5,F,1,0,1.0,0,Nova Iguaçu,530.1,532.6,586.3,435.4,600.0,3,B
210058231409,3,M,3,0,1.0,0,Nova Iguaçu,505.7,570.1,538.8,507.1,600.0,3,B
210061159888,2,F,1,0,1.0,0,São João de Meriti,528.0,529.4,571.0,678.5,800.0,3,D
210060867315,3,F,1,0,1.0,0,Niterói,663.4,672.1,638.0,698.1,920.0,3,H
210060544270,2,F,1,0,1.0,0,Nova Iguaçu,472.5,517.1,485.7,399.0,760.0,3,C
210061179546,3,F,1,0,1.0,0,Niterói,552.9,586.4,545.6,558.0,680.0,3,A
210060698354,1,M,1,0,1.0,0,Belford Roxo,387.7,486.3,465.0,450.6,860.0,3,C
210058252370,4,F,1,0,1.0,0,Duque de Caxias,445.8,556.8,517.6,438.2,320.0,4,D
210061179568,3,F,2,0,1.0,0,Duque de Caxias,538.9,566.5,575.5,575.1,600.0,3,J
210060729050,3,M,1,0,1.0,0,Niterói,348.5,533.9,422.8,612.6,560.0,5,B
210060639824,2,F,1,0,1.0,0,Niterói,562.6,685.2,634.2,663.3,780.0,2,G
210058241222,3,F,3,0,1.0,0,Duque de Caxias,512.5,554.5,510.9,552.5,680.0,3,C
210058934479,3,F,2,0,1.0,0,Nova Iguaçu,468.6,538.6,572.8,508.6,720.0,3,B
210060554418,3,F,1,0,1.0,0,Duque de Caxias,443.9,483.5,510.5,511.8,880.0,3,E
210059150053,3,M,2,0,1.0,0,Duque de Caxias,513.1,551.3,524.6,508.4,500.0,3,F
210061190713,4,F,3,0,1.0,0,Duque de Caxias,480.7,625.5,487.6,601.7,820.0,5,E
210058314034,3,F,1,0,1.0,0,Nova Iguaçu,653.9,672.0,615.7,757.5,960.0,4,C
210060513467,3,F,2,0,1.0,0,São João de Meriti,474.9,355.4,447.2,438.6,680.0,2,C
210060969739,3,F,2,0,1.0,0,Duque de Caxias,427.2,414.5,459.4,439.3,600.0,3,B
210059107516,3,M,1,0,1.0,0,Niterói,513.1,500.9,476.5,469.2,440.0,4,B
210059150024,2,M,2,0,1.0,0,São João de Meriti,513.7,565.1,630.9,651.0,920.0,3,B
210060593071,3,M,1,0,1.0,0,Nova Iguaçu,434.8,416.4,480.1,371.6,660.0,3,B
210060589486,2,F,3,0,1.0,0,Nova Iguaçu,437.9,444.7,506.5,440.6,620.0,3,B
210059982678,3,F,1,0,1.0,0,Nova Iguaçu,446.6,375.0,480.7,428.4,400.0,4,A
210060622443,2,F,3,0,1.0,0,Duque de Caxias,403.2,388.9,452.9,485.6,680.0,5,C
210059969566,2,M,3,0,1.0,0,Nova Iguaçu,363.1,416.4,418.0,401.9,340.0,4,A
210058200512,2,F,2,0,1.0,0,Nova Iguaçu,586.5,314.1,505.5,451.0,360.0,6,C
210059111533,5,M,1,0,1.0,0,Nilópolis,556.0,624.0,626.3,732.6,580.0,3,E
210059143739,2,M,3,0,1.0,0,Duque de Caxias,398.6,399.7,508.2,392.3,500.0,3,B
210058950397,3,M,2,0,1.0,0,Nilópolis,421.1,315.3,485.3,586.3,500.0,3,D
210059162932,3,F,1,0,1.0,0,Maricá,498.1,448.8,490.5,347.3,460.0,2,A
210058975096,2,F,2,0,1.0,0,Nova Iguaçu,483.0,322.4,383.8,455.5,520.0,3,C
210058210364,3,F,3,0,1.0,0,Niterói,424.7,389.6,530.4,448.5,880.0,2,B
210059956477,2,M,1,0,1.0,0,Niterói,444.4,572.2,531.6,702.8,640.0,3,J
210060151188,3,F,1,0,1.0,0,Maricá,471.4,436.3,495.1,412.2,600.0,4,B
210058699623,3,F,0,0,1.0,0,Niterói,676.7,650.2,745.9,796.0,860.0,3,K
210060166216,2,F,2,0,1.0,0,Duque de Caxias,515.8,559.7,564.4,679.0,840.0,7,C
210058126852,3,F,2,0,1.0,0,Maricá,417.7,388.8,531.1,498.2,600.0,2,B
210059445869,4,F,3,0,1.0,0,Belford Roxo,404.6,417.6,435.5,358.8,440.0,3,B
210058103267,2,F,3,0,1.0,0,Belford Roxo,496.9,539.1,524.6,532.2,740.0,3,G
210060125059,2,F,3,0,1.0,0,Nova Iguaçu,564.7,617.5,598.3,648.0,600.0,2,B
210059865256,3,M,1,0,1.0,0,Maricá,473.2,591.9,586.8,743.4,660.0,3,D
210058741056,2,F,3,0,1.0,0,São João de Meriti,429.3,456.2,385.6,442.5,840.0,4,A
210060746007,3,M,3,0,1.0,0,Duque de Caxias,448.9,483.2,523.7,380.3,480.0,2,B
210058759263,2,F,1,0,1.0,0,Nova Iguaçu,581.0,590.5,619.7,357.5,720.0,4,C
210060798021,3,M,3,0,1.0,0,Nova Iguaçu,477.9,404.3,318.6,481.5,860.0,3,B
210059632312,4,F,1,0,1.0,0,Nova Iguaçu,387.3,529.2,502.0,432.8,660.0,2,A
210058057322,2,F,1,0,1.0,0,Nilópolis,477.6,413.7,508.8,613.7,520.0,2,E
210059537863,4,F,1,0,1.0,0,São João de Meriti,465.9,502.9,510.3,461.7,420.0,4,D
210060071482,3,F,2,0,1.0,0,Niterói,440.9,454.5,466.9,373.0,760.0,6,G
210059947528,2,F,1,0,1.0,0,Duque de Caxias,460.0,518.9,512.3,495.4,420.0,3,F
210060071485,2,M,3,0,1.0,0,Duque de Caxias,448.3,436.3,537.3,617.5,740.0,4,B
210060653273,3,M,1,0,1.0,0,Niterói,474.7,501.2,484.9,452.9,580.0,4,G
210059891381,2,M,3,0,1.0,0,Nilópolis,438.7,430.4,292.9,329.4,480.0,5,B
210058329525,3,M,1,0,1.0,0,Belford Roxo,611.3,598.8,573.7,710.1,760.0,3,G
210058272117,3,M,4,0,1.0,0,Niterói,413.2,327.6,429.5,457.6,300.0,2,B
210058302917,3,M,3,0,1.0,0,Niterói,490.7,459.9,339.3,369.9,620.0,4,L
210059753731,3,F,1,0,1.0,0,Duque de Caxias,530.2,516.1,516.7,451.5,800.0,3,G
210060759814,2,F,3,0,1.0,0,Nova Iguaçu,502.4,544.5,490.3,349.2,660.0,5,B
210060738892,3,F,3,0,1.0,0,Nova Iguaçu,520.5,510.2,482.6,378.9,540.0,4,C
210059915364,1,F,3,0,1.0,0,Duque de Caxias,429.6,566.9,511.2,501.6,640.0,4,C
210059509880,3,F,2,0,1.0,0,Nilópolis,547.5,672.9,605.6,670.7,940.0,3,C
210060674402,3,F,2,0,1.0,0,Maricá,571.6,613.4,588.2,617.0,840.0,4,D
210060138178,5,M,3,0,1.0,0,Belford Roxo,525.5,465.8,450.0,556.6,520.0,3,C
210058057344,2,F,0,0,1.0,0,Duque de Caxias,458.6,509.8,504.1,452.9,400.0,5,B
210059432897,2,F,2,0,1.0,0,Duque de Caxias,413.7,499.9,401.5,430.9,600.0,3,B
210061019982,3,M,1,0,1.0,0,Maricá,495.9,475.2,462.6,455.5,600.0,2,B
210060674391,2,F,3,0,1.0,0,Nilópolis,503.1,548.2,536.1,449.0,620.0,5,F
210060664481,3,F,3,0,1.0,0,Duque de Caxias,400.5,447.1,446.8,492.8,520.0,3,B
210059348519,4,F,3,0,1.0,0,Niterói,428.9,458.6,457.4,386.5,580.0,4,D
210058761791,3,F,3,0,1.0,0,Nova Iguaçu,428.0,572.9,538.2,510.6,780.0,3,H
210058765542,2,F,1,0,1.0,0,Nilópolis,495.3,473.7,530.1,399.5,340.0,5,B
210060695461,2,F,1,0,1.0,0,São João de Meriti,413.9,464.4,391.3,409.1,700.0,4,C
210059335498,2,M,3,0,1.0,0,Nova Iguaçu,406.6,496.2,480.1,572.2,540.0,4,D
210060726407,4,F,2,0,1.0,0,Niterói,518.5,525.1,482.9,516.4,520.0,3,B
210058721598,2,F,1,0,1.0,0,Nova Iguaçu,505.1,461.6,558.0,486.8,600.0,3,B
210060151270,3,F,3,0,1.0,0,Duque de Caxias,450.6,527.9,527.0,424.2,660.0,5,B
210058772076,2,M,3,0,1.0,0,Maricá,503.3,527.8,650.8,693.4,680.0,6,D
210060726418,3,F,1,0,1.0,0,Nova Iguaçu,441.1,549.0,516.3,567.5,700.0,5,F
210060004214,3,F,1,0,1.0,0,Niterói,661.3,681.5,663.3,745.0,920.0,3,N
210059496779,5,M,2,0,1.0,0,Niterói,505.8,489.7,503.6,385.3,400.0,2,B
210058662445,4,F,3,0,1.0,0,Nova Iguaçu,510.1,564.9,622.1,757.9,820.0,3,G
210058814500,2,F,1,0,1.0,0,Belford Roxo,519.4,546.8,606.1,563.5,680.0,3,E
210059459039,3,M,3,0,1.0,0,Nova Iguaçu,498.6,506.1,557.1,464.2,560.0,2,C
210058678230,2,M,3,0,1.0,0,Belford Roxo,442.0,598.1,576.7,379.5,580.0,3,E
210058760061,3,M,3,0,1.0,0,Maricá,419.1,629.2,554.1,650.5,860.0,6,P
210061071143,3,F,1,0,1.0,0,Niterói,516.6,548.2,577.1,603.4,680.0,4,M
210061102063,3,F,3,0,1.0,0,Maricá,435.2,487.6,484.1,454.9,540.0,5,C
210061081049,3,M,3,0,1.0,0,Duque de Caxias,483.7,512.6,490.1,566.9,400.0,3,B
210058769572,2,M,1,0,1.0,0,Nova Iguaçu,477.5,487.4,470.9,520.6,540.0,3,G
210060017279,3,M,1,0,1.0,0,Belford Roxo,469.2,431.5,390.4,422.3,280.0,2,A
210058821795,2,F,0,0,1.0,0,São João de Meriti,381.6,485.9,448.2,382.8,680.0,5,D
210059445902,3,M,5,0,1.0,0,Maricá,478.1,347.6,448.2,425.9,420.0,2,B
210058161480,3,M,1,0,1.0,0,Niterói,565.3,420.6,433.7,543.3,640.0,2,C
210060898331,2,F,3,0,1.0,0,Nova Iguaçu,606.7,643.9,605.1,609.6,860.0,3,G
210059997841,3,F,3,0,1.0,0,Nova Iguaçu,557.7,515.1,481.4,517.7,660.0,3,H
210059002307,3,M,3,0,1.0,0,Nova Iguaçu,483.4,535.7,506.7,505.7,400.0,5,E
210058990249,3,F,2,0,1.0,0,Nova Iguaçu,406.4,500.7,427.4,395.8,340.0,2,B
210060492391,3,F,0,0,1.0,0,Duque de Caxias,553.1,618.9,609.3,572.0,880.0,4,G
210059804791,2,F,3,0,1.0,0,Duque de Caxias,443.7,447.5,492.8,442.6,540.0,5,D
210058177155,3,F,3,0,1.0,0,Nova Iguaçu,537.9,621.4,547.8,589.4,840.0,3,D
210059625898,3,F,2,0,1.0,0,Maricá,480.3,470.5,467.9,416.7,400.0,4,B
210061252506,3,F,3,0,1.0,0,Belford Roxo,534.7,585.4,539.7,536.0,620.0,3,B
210060888513,2,M,3,0,1.0,0,Nova Iguaçu,504.1,539.3,507.2,409.6,340.0,5,C
210059002299,3,F,3,0,1.0,0,Nova Iguaçu,522.7,589.1,608.0,613.3,680.0,6,G
210059638776,2,F,1,0,1.0,0,Duque de Caxias,477.5,553.2,544.7,558.0,700.0,3,G
210059044576,2,M,3,0,1.0,0,Belford Roxo,494.5,616.8,501.3,672.1,520.0,4,D
210060505340,3,F,2,0,1.0,0,Duque de Caxias,550.5,616.9,567.2,563.0,940.0,4,G
210059690699,3,M,1,0,1.0,0,Niterói,570.8,588.1,565.2,652.3,720.0,3,M
210060688601,4,M,1,0,1.0,0,Nova Iguaçu,516.9,406.3,526.1,514.2,720.0,3,G
210058221605,3,M,1,0,1.0,0,Nova Iguaçu,528.9,621.2,525.0,587.9,680.0,3,D
210060919231,2,F,2,0,1.0,0,São João de Meriti,514.7,552.7,565.1,550.0,700.0,3,E
210059286327,2,M,1,0,1.0,0,Duque de Caxias,594.2,623.9,564.9,760.6,760.0,1,A
210060719367,2,F,3,0,1.0,0,Nova Iguaçu,469.6,541.2,534.6,503.9,780.0,3,E
210060888382,3,F,2,0,1.0,0,Nova Iguaçu,531.5,561.7,529.5,602.1,840.0,3,B
210059286430,3,F,3,0,1.0,0,Nova Iguaçu,484.2,502.3,514.0,450.7,440.0,3,F
210059915436,2,M,1,0,1.0,0,Niterói,613.6,571.9,615.7,581.3,660.0,3,G
210059731602,3,F,1,0,1.0,0,Duque de Caxias,534.8,548.0,552.8,467.7,520.0,4,B
210059299304,2,M,3,0,1.0,0,Duque de Caxias,512.6,584.4,573.3,601.7,780.0,4,B
210058161465,3,F,1,0,1.0,0,Maricá,471.4,558.8,516.7,511.2,920.0,4,J
210061180948,3,F,1,0,1.0,0,Niterói,476.9,492.2,526.8,606.1,720.0,3,B
210059094669,2,F,1,0,1.0,0,Duque de Caxias,497.9,539.5,537.0,556.2,900.0,3,C
210060738937,2,F,1,0,1.0,0,Niterói,447.6,450.3,416.0,476.8,720.0,3,B
210059286485,3,F,3,0,1.0,0,Duque de Caxias,477.0,491.9,469.8,396.4,640.0,5,B
210059068812,3,F,1,0,1.0,0,Nilópolis,543.6,586.1,516.1,521.9,760.0,4,F
210060919252,2,M,2,0,1.0,0,Duque de Caxias,568.1,515.5,582.5,718.5,800.0,4,C
210058303009,3,M,1,0,1.0,0,Maricá,394.6,420.6,354.9,392.7,440.0,4,A
210060816869,3,F,3,0,1.0,0,Duque de Caxias,455.6,510.9,546.6,511.2,800.0,2,B
210060584014,2,M,1,0,1.0,0,Nova Iguaçu,698.5,617.2,625.3,772.8,900.0,2,G
210058147683,3,F,1,0,1.0,0,Niterói,509.2,596.0,590.8,563.5,860.0,2,C
210060647984,3,F,3,0,1.0,0,Nova Iguaçu,537.9,533.6,538.5,387.1,500.0,9,E
210058211714,3,F,1,0,1.0,0,Duque de Caxias,438.3,493.1,533.0,413.6,620.0,5,E
210059120527,3,F,1,0,1.0,0,Belford Roxo,480.0,514.9,534.4,405.3,560.0,5,C
210058947085,2,F,1,0,1.0,0,Niterói,646.7,628.6,676.6,914.5,920.0,3,G
210060627043,2,M,1,0,1.0,0,Niterói,706.7,687.3,616.9,836.6,900.0,4,Q
210060826640,3,F,2,0,1.0,0,Duque de Caxias,445.7,483.3,525.1,520.9,620.0,3,B
210061221565,2,F,1,0,1.0,0,Nova Iguaçu,536.8,529.5,484.1,575.8,740.0,3,A
210058147706,3,F,1,0,1.0,0,Maricá,505.3,507.7,481.5,481.9,840.0,4,B
210059982770,3,F,1,0,1.0,0,Niterói,440.3,435.9,436.4,470.9,520.0,6,B
210060959912,3,M,1,0,1.0,0,São João de Meriti,594.8,645.6,614.9,707.8,560.0,2,H
210060959933,2,M,1,0,1.0,0,São João de Meriti,387.6,489.2,513.8,443.8,500.0,6,C
210060138264,4,F,2,0,1.0,0,Niterói,439.7,418.1,440.3,338.0,360.0,3,B
210060125171,3,M,1,0,1.0,0,Niterói,677.1,652.2,626.8,780.5,980.0,3,Q
210059947668,2,M,3,0,1.0,0,Maricá,601.5,660.8,617.8,655.7,560.0,2,E
210060112123,3,M,3,0,1.0,0,Nova Iguaçu,374.9,380.9,468.8,493.0,600.0,2,B
210058081653,3,F,2,0,1.0,0,Niterói,446.1,536.6,589.6,432.0,840.0,3,G
210060138241,2,M,1,0,1.0,0,Niterói,502.2,598.6,568.8,697.1,880.0,4,B
210059744646,3,F,2,0,1.0,0,Belford Roxo,475.5,514.6,525.9,403.4,480.0,4,B
210058950612,2,F,3,0,1.0,0,São João de Meriti,413.5,434.7,456.1,476.0,560.0,3,B
210059258276,2,F,3,0,1.0,0,Nova Iguaçu,548.7,562.5,547.1,561.1,540.0,3,C
210059598032,3,F,2,0,1.0,0,Duque de Caxias,432.3,525.7,518.7,527.5,940.0,4,L
210060817174,2,F,1,0,1.0,0,Niterói,405.9,590.7,548.7,713.9,940.0,4,O
210058934649,2,F,3,0,1.0,0,São João de Meriti,559.4,548.8,546.8,472.6,720.0,4,C
210060612828,2,M,2,0,1.0,0,Niterói,434.8,543.8,546.5,466.9,520.0,2,B
210060769775,3,F,2,0,1.0,0,Nova Iguaçu,589.0,697.5,625.5,686.3,860.0,3,J
210060838049,2,F,3,0,1.0,0,Nova Iguaçu,504.3,343.9,314.2,447.1,400.0,3,D
210060817216,3,M,3,0,1.0,0,Niterói,517.7,604.4,591.2,645.9,600.0,3,D
210060612839,4,F,3,0,1.0,0,Nova Iguaçu,439.3,530.4,545.9,509.0,760.0,5,B
210058339552,3,M,1,0,1.0,0,Niterói,634.1,622.9,612.3,857.3,960.0,4,O
210060623969,3,M,1,0,1.0,0,Nova Iguaçu,412.1,384.9,495.2,489.0,640.0,3,G
210060084679,3,F,3,0,1.0,0,Belford Roxo,479.5,558.0,504.4,428.7,640.0,5,E
210058772173,2,F,3,0,1.0,0,São João de Meriti,483.8,572.4,507.3,540.4,820.0,4,D
210059638915,2,F,3,0,1.0,0,Duque de Caxias,490.9,616.9,620.5,413.8,860.0,3,C
210060477482,4,F,1,0,1.0,0,Niterói,492.2,517.7,499.5,463.1,600.0,4,K
210060857769,2,F,3,0,1.0,0,Duque de Caxias,429.3,515.3,492.3,510.2,720.0,3,B
210060633763,3,F,3,0,1.0,0,São João de Meriti,467.3,508.1,449.6,413.8,780.0,5,G
210059984793,3,F,1,0,1.0,0,Niterói,623.7,583.1,641.3,758.2,940.0,5,Q
210060659262,3,M,1,0,1.0,0,Niterói,633.4,590.8,606.4,805.1,880.0,3,N
210059258415,2,F,2,0,1.0,0,Duque de Caxias,426.0,436.0,479.4,455.4,400.0,5,C
210059258436,3,F,1,0,1.0,0,Niterói,401.5,495.9,538.7,437.6,740.0,2,P
210058293214,2,F,1,0,1.0,0,Duque de Caxias,450.7,459.1,497.4,389.3,920.0,7,A
210061252525,5,F,3,0,1.0,0,Duque de Caxias,384.3,422.0,470.3,372.2,340.0,4,B
210059817937,3,M,1,0,1.0,0,Niterói,630.3,680.1,655.3,811.4,920.0,4,Q
210060084697,3,M,2,0,1.0,0,Nova Iguaçu,460.6,537.6,485.4,609.6,500.0,3,G
210060633789,3,F,1,0,1.0,0,Niterói,768.5,720.8,701.1,779.4,920.0,3,P
210058318476,3,F,3,0,1.0,0,Maricá,468.4,614.7,626.8,647.6,920.0,4,F
210061181020,2,M,3,0,1.0,0,Niterói,498.5,532.4,519.2,372.6,660.0,4,B
210059015247,2,M,1,0,1.0,0,São João de Meriti,506.7,522.8,537.5,610.9,440.0,3,B
210059664808,2,M,2,0,1.0,0,Nova Iguaçu,459.7,390.6,506.2,491.0,600.0,3,C
210058262375,3,M,1,0,1.0,0,Niterói,696.6,678.6,652.4,819.1,820.0,5,Q
210059081804,3,M,3,0,1.0,0,Nova Iguaçu,504.7,515.4,534.1,401.3,560.0,5,C
210060576793,2,M,2,0,1.0,0,Duque de Caxias,482.9,596.0,495.7,613.9,820.0,4,E
210059874174,3,M,1,0,1.0,0,Niterói,425.8,574.7,534.8,540.0,600.0,3,G
210060558752,3,M,2,0,1.0,0,Maricá,519.1,512.5,582.9,528.1,580.0,3,G
210060699788,2,M,1,0,1.0,0,Niterói,653.3,630.5,701.4,815.0,900.0,4,Q
210061180994,3,F,1,0,1.0,0,Niterói,750.0,639.8,622.8,862.2,940.0,3,Q
210059245534,4,F,3,0,1.0,0,Belford Roxo,428.6,406.9,451.2,365.3,320.0,3,B
210061160058,2,M,1,0,1.0,0,Duque de Caxias,608.1,635.2,586.2,730.6,720.0,3,G
210060709617,2,F,2,0,1.0,0,Maricá,460.0,507.7,474.6,374.7,480.0,5,B
210059664823,2,F,2,0,1.0,0,Maricá,473.3,463.8,454.4,498.2,620.0,4,C
210061092385,2,F,1,0,1.0,0,Belford Roxo,467.3,534.9,469.3,507.9,600.0,3,C
210058768102,2,F,2,0,1.0,0,Belford Roxo,423.3,489.5,468.2,480.1,480.0,3,F
210059991215,4,F,1,0,1.0,0,Belford Roxo,514.5,559.8,526.0,578.9,720.0,4,C
210060788316,4,M,4,0,1.0,0,São João de Meriti,625.5,607.3,588.8,764.8,920.0,5,F
210059591416,2,M,1,0,1.0,0,São João de Meriti,511.5,490.5,485.1,546.5,680.0,4,F
210059566230,3,M,1,0,1.0,0,Nova Iguaçu,560.9,531.4,473.8,496.0,500.0,6,C
210058715469,3,M,1,0,1.0,0,Niterói,720.2,665.3,580.5,769.0,900.0,3,P
210058679126,3,F,3,0,1.0,0,Niterói,576.4,498.7,441.6,627.1,960.0,4,E
210060788318,3,F,3,0,1.0,0,Duque de Caxias,516.0,466.4,540.5,378.3,440.0,3,B
210059906599,3,M,3,0,1.0,0,Belford Roxo,417.6,476.0,484.0,405.8,460.0,4,C
210059837412,3,F,1,0,1.0,0,Niterói,506.9,605.1,558.5,676.0,880.0,3,K
210061102202,2,M,1,0,1.0,0,Duque de Caxias,640.3,687.8,664.9,822.7,820.0,4,B
210059878544,2,M,2,0,1.0,0,Niterói,329.5,494.8,359.2,482.5,760.0,2,J
210058750092,3,F,1,0,1.0,0,Duque de Caxias,439.8,423.7,475.2,377.3,480.0,4,B
210060799495,2,F,1,0,1.0,0,Niterói,528.7,621.9,601.5,687.2,920.0,3,Q
210059796970,2,F,1,0,1.0,0,Niterói,594.0,613.4,598.2,671.2,900.0,3,O
210058750072,2,M,3,0,1.0,0,Duque de Caxias,546.6,540.6,543.9,578.2,580.0,4,E
210061123184,3,M,1,0,1.0,0,Niterói,638.1,620.1,587.7,841.6,940.0,4,Q
210059865495,3,M,1,0,1.0,0,Maricá,413.3,510.0,494.9,485.9,580.0,5,D
210060809377,3,F,1,0,1.0,0,São João de Meriti,486.3,456.3,505.9,493.0,600.0,4,B
210059852398,2,F,1,0,1.0,0,Niterói,554.0,649.4,625.7,712.1,940.0,3,N
210059538073,3,F,1,0,1.0,0,Duque de Caxias,561.6,423.1,476.5,483.4,640.0,5,C
210060990515,3,M,1,0,1.0,0,Niterói,598.1,589.3,577.8,610.4,900.0,3,D
210058070550,3,M,2,0,1.0,0,Nova Iguaçu,524.3,535.6,517.2,483.2,800.0,4,B
210059686634,2,M,1,0,1.0,0,Niterói,530.1,565.3,527.8,702.6,660.0,4,I
210060685631,2,F,1,0,1.0,0,Niterói,443.8,543.5,575.3,763.1,920.0,4,Q
210058741209,2,F,1,0,1.0,0,Niterói,604.2,617.0,621.2,751.5,960.0,4,O
210059934625,3,F,2,0,1.0,0,São João de Meriti,380.6,493.1,499.8,466.7,360.0,3,E
210059947690,2,M,1,0,1.0,0,Niterói,503.9,645.1,626.9,837.1,980.0,4,Q
210059947672,2,F,2,0,1.0,0,Nova Iguaçu,393.0,425.8,430.8,534.0,340.0,3,B
210060685639,5,F,2,0,1.0,0,Nova Iguaçu,597.8,619.5,558.6,681.8,640.0,2,A
210059893475,3,F,1,0,1.0,0,Niterói,484.4,503.1,570.1,653.4,880.0,4,F
210058747339,2,F,3,0,1.0,0,Duque de Caxias,466.4,434.6,536.4,407.5,600.0,3,C
210058673611,6,M,2,0,1.0,0,Nova Iguaçu,552.7,436.5,567.9,416.6,380.0,3,D
210061111991,2,M,1,0,1.0,0,Nova Iguaçu,451.8,422.7,502.3,484.6,560.0,2,D
210059337642,2,M,1,0,1.0,0,Duque de Caxias,518.7,549.9,497.5,681.7,460.0,4,D
210061000399,2,F,1,0,1.0,0,Duque de Caxias,481.8,520.5,550.0,597.4,740.0,4,G
210059427526,2,M,1,0,1.0,0,Nova Iguaçu,375.7,498.1,546.4,645.6,540.0,5,C
210059427546,2,F,1,0,1.0,0,Niterói,532.2,556.9,523.1,705.4,940.0,3,Q
210059783119,2,F,1,0,1.0,0,Duque de Caxias,568.1,646.3,533.6,529.0,920.0,3,F
210058787416,3,M,1,0,1.0,0,Niterói,604.0,551.3,557.5,725.5,880.0,5,Q
210058710433,3,F,1,0,1.0,0,Nova Iguaçu,526.0,553.0,525.8,587.0,900.0,2,B
210059391897,2,F,1,0,1.0,0,Niterói,637.0,671.6,612.4,793.4,980.0,4,Q
210058093524,3,F,1,0,1.0,0,Nova Iguaçu,501.7,553.8,490.2,663.2,720.0,3,F
210059781926,2,M,3,0,1.0,0,São João de Meriti,455.7,329.3,481.8,376.9,320.0,3,H
210058657290,3,M,0,0,1.0,0,Maricá,559.4,569.5,573.3,628.0,460.0,4,O
210059468715,3,M,2,0,1.0,0,Niterói,518.5,412.1,344.7,364.6,480.0,4,E
210060778407,2,F,1,0,1.0,0,São João de Meriti,431.6,523.5,474.7,521.3,700.0,4,G
210061102127,3,F,3,0,1.0,0,Duque de Caxias,506.5,530.2,530.9,494.0,620.0,3,D
210058744588,3,F,3,0,1.0,0,Nilópolis,508.1,645.9,458.5,771.1,700.0,5,I
210059543556,3,M,1,0,1.0,0,Duque de Caxias,678.5,597.2,582.4,730.5,820.0,3,C
210058950647,2,M,3,0,1.0,0,Duque de Caxias,550.6,580.1,520.7,405.4,560.0,3,B
210060818752,3,M,1,0,1.0,0,Niterói,684.2,678.7,663.1,757.1,900.0,4,P
210060869050,4,F,1,0,1.0,0,Nova Iguaçu,466.3,548.6,510.6,432.4,580.0,4,C
210058273583,3,M,3,0,1.0,0,Niterói,560.0,607.3,535.4,566.0,540.0,3,E
210059273341,2,M,1,0,1.0,0,Nova Iguaçu,522.7,506.9,504.0,570.1,640.0,4,H
210059260649,3,F,3,0,1.0,0,Nova Iguaçu,399.2,544.5,493.8,463.6,720.0,2,A
210059178305,2,F,3,0,1.0,0,Nova Iguaçu,585.2,618.3,596.2,642.3,880.0,4,J
210060624017,3,F,1,0,1.0,0,Niterói,578.4,574.8,608.0,630.7,920.0,4,I
210058115942,2,F,3,0,1.0,0,Nova Iguaçu,409.9,539.5,598.0,653.2,600.0,2,B
210059782052,2,F,3,0,1.0,0,Duque de Caxias,390.4,481.2,515.0,391.9,400.0,7,D
210059664869,3,F,3,0,1.0,0,Nova Iguaçu,334.8,495.3,457.5,362.7,600.0,4,D
210061040470,3,M,2,0,1.0,0,São João de Meriti,593.6,606.9,547.7,614.6,640.0,4,E
210060531492,3,F,1,0,1.0,0,Duque de Caxias,603.8,577.4,618.7,566.0,780.0,3,E
210059727817,2,M,2,0,1.0,0,Duque de Caxias,461.7,565.9,543.7,532.5,480.0,4,G
210060719446,3,F,2,0,1.0,0,Duque de Caxias,517.8,420.0,573.6,614.0,440.0,3,B
210059420057,3,F,2,0,1.0,0,Duque de Caxias,454.7,485.7,479.6,400.4,720.0,5,C
210060719447,3,M,1,0,1.0,0,Belford Roxo,484.2,514.5,529.6,540.1,740.0,3,B
210059468827,2,F,2,0,1.0,0,Duque de Caxias,490.0,503.3,499.3,488.2,560.0,3,C
210059846075,2,M,1,0,1.0,0,Duque de Caxias,606.6,629.2,593.3,741.2,880.0,3,E
210058716422,2,M,3,0,1.0,0,Nova Iguaçu,541.2,450.8,499.9,560.2,320.0,2,B
210059461274,2,M,1,0,1.0,0,Belford Roxo,517.3,456.0,434.8,402.3,440.0,3,B
210060867608,3,F,1,0,1.0,0,Nova Iguaçu,631.1,671.0,592.3,767.8,900.0,4,A
210061304481,3,M,1,0,1.0,0,Niterói,637.9,546.8,584.2,776.0,920.0,4,O
210060757440,2,F,1,0,1.0,0,Duque de Caxias,444.1,510.2,540.0,406.4,700.0,4,H
210058684325,2,F,3,0,1.0,0,Belford Roxo,515.2,517.3,508.0,501.6,500.0,5,C
210059468820,2,F,2,0,1.0,0,Maricá,509.4,597.8,583.8,514.2,700.0,5,B
210060838259,2,F,3,0,1.0,0,Duque de Caxias,466.7,568.1,618.2,519.8,520.0,3,B
210060546443,3,F,2,0,1.0,0,Duque de Caxias,454.0,502.7,542.6,556.3,460.0,3,A
210059043039,2,M,1,0,1.0,0,Duque de Caxias,484.5,550.5,507.5,612.4,580.0,2,B
210061190875,2,M,2,0,1.0,0,Nova Iguaçu,517.4,600.6,566.3,618.0,660.0,4,L
210059068915,2,F,3,0,1.0,0,Nova Iguaçu,426.6,477.6,429.4,519.7,340.0,3,B
210061160114,3,F,1,0,1.0,0,Niterói,517.4,555.6,584.4,475.2,680.0,4,O
210059677870,2,M,3,0,1.0,0,Nova Iguaçu,450.6,497.9,531.2,444.5,500.0,3,A
210061200731,3,M,1,0,1.0,0,Niterói,607.7,710.2,636.1,740.6,680.0,4,I
210060576842,2,M,1,0,1.0,0,Duque de Caxias,455.6,467.7,494.6,469.4,540.0,3,E
210060828443,2,M,1,0,1.0,0,Duque de Caxias,547.9,571.4,459.4,567.6,760.0,3,J
210059874272,2,F,1,0,1.0,0,Nova Iguaçu,539.8,637.2,560.0,659.9,840.0,3,K
210059401397,3,F,3,0,1.0,0,São João de Meriti,414.8,381.0,439.4,408.2,460.0,4,B
210059401360,3,F,1,0,1.0,0,Nova Iguaçu,473.4,354.6,537.2,438.8,620.0,3,B
210059401399,3,M,5,0,1.0,0,Niterói,464.9,528.1,425.6,457.6,740.0,5,C
210058046360,3,F,3,0,1.0,0,Nova Iguaçu,482.3,548.4,471.5,553.1,500.0,3,B
210060084819,3,F,3,0,1.0,0,Niterói,605.9,643.7,661.5,672.2,900.0,4,F
210059386354,2,M,3,0,1.0,0,São João de Meriti,440.1,585.4,588.0,591.6,740.0,3,B
210059566258,3,M,2,0,1.0,0,Duque de Caxias,406.9,355.2,449.6,354.9,280.0,3,C
210058081733,3,F,3,0,1.0,0,Niterói,559.3,489.9,377.1,398.5,320.0,4,B
210058755215,3,F,3,0,1.0,0,Duque de Caxias,590.0,599.8,586.0,635.4,900.0,3,G
210058738480,2,F,1,0,1.0,0,Niterói,555.0,567.2,486.5,525.6,820.0,4,K
210059094871,2,F,1,0,1.0,0,Niterói,458.9,519.8,509.1,523.3,900.0,4,H
210060577615,3,M,1,0,1.0,0,Duque de Caxias,532.0,622.8,623.0,633.7,640.0,3,E
210061160202,3,F,1,0,1.0,0,Niterói,548.4,626.4,593.5,607.6,960.0,5,L
210060577593,3,M,3,0,1.0,0,Niterói,505.9,569.8,472.9,497.0,580.0,3,B
210059217273,2,F,1,0,1.0,0,Nova Iguaçu,486.2,534.7,552.6,589.9,740.0,5,G
210059043113,2,F,3,0,1.0,0,São João de Meriti,491.6,510.3,474.4,535.3,740.0,3,C
210060740456,3,M,1,0,1.0,0,Nova Iguaçu,611.8,607.0,589.6,748.3,620.0,5,G
210058242903,3,M,1,0,1.0,0,Duque de Caxias,588.0,596.8,554.8,647.7,700.0,3,G
210058242947,2,M,3,0,1.0,0,Duque de Caxias,487.6,598.6,576.3,624.4,680.0,3,E
210059679903,3,M,3,0,1.0,0,Nova Iguaçu,389.9,493.1,493.6,526.5,380.0,5,E
210061150351,2,F,2,0,1.0,0,São João de Meriti,491.3,540.9,599.0,469.2,840.0,4,D
210060558937,3,M,3,0,1.0,0,Maricá,552.1,667.4,560.1,660.1,880.0,4,C
210060569077,2,F,1,0,1.0,0,Duque de Caxias,555.1,556.8,578.5,710.7,800.0,4,B
210059072821,2,F,4,0,1.0,0,Duque de Caxias,550.6,559.2,607.1,421.3,640.0,5,C
210059219259,4,F,1,0,1.0,0,Niterói,415.3,345.9,514.2,375.4,460.0,3,B
210060533521,3,M,1,0,1.0,0,Nilópolis,459.7,495.1,420.8,708.6,560.0,3,D
210059915557,2,M,3,0,1.0,0,Duque de Caxias,580.6,583.6,516.6,691.5,800.0,4,D
210059559203,2,F,3,0,1.0,0,Nilópolis,541.4,605.7,581.2,615.0,640.0,4,K
210058319868,3,F,3,0,1.0,0,Belford Roxo,440.8,480.5,549.5,569.4,600.0,4,B
210058221875,3,F,2,0,1.0,0,Nova Iguaçu,435.5,502.0,561.9,512.3,700.0,2,D
210058177367,2,F,1,0,1.0,0,Nova Iguaçu,605.3,466.1,688.4,752.0,920.0,3,L
210059731743,3,M,1,0,1.0,0,Niterói,780.7,693.0,758.8,914.6,980.0,3,Q
210059874284,2,F,3,0,1.0,0,Nova Iguaçu,538.3,673.6,640.2,647.0,880.0,6,D
210059204144,2,M,2,0,1.0,0,Nilópolis,562.5,614.7,599.6,653.7,560.0,4,G
210060492548,2,M,1,0,1.0,0,Nova Iguaçu,497.8,464.9,524.8,498.9,660.0,4,B
210059204445,3,F,1,0,1.0,0,Nova Iguaçu,400.7,402.8,415.0,415.2,460.0,2,C
210059004431,4,F,2,0,1.0,0,São João de Meriti,468.6,547.4,446.8,514.8,860.0,3,B
210058950709,2,F,2,0,1.0,0,Nova Iguaçu,438.0,503.4,508.2,580.8,520.0,3,D
210059626026,2,F,1,0,1.0,0,Niterói,580.1,548.0,543.5,496.7,960.0,4,J
210060719562,4,M,1,0,1.0,0,Maricá,458.4,511.7,551.1,587.7,580.0,3,G
210061221791,2,F,3,0,1.0,0,Niterói,439.1,572.2,620.5,637.6,800.0,4,P
210060960241,2,M,1,0,1.0,0,São João de Meriti,641.0,547.9,582.1,740.8,620.0,5,D
210059998013,4,M,2,0,1.0,0,Duque de Caxias,377.4,513.6,397.5,463.8,360.0,3,C
210059997996,3,M,1,0,1.0,0,Duque de Caxias,520.6,505.2,498.6,507.9,640.0,3,B
210059572190,3,M,1,0,1.0,0,Niterói,499.1,345.8,568.9,660.1,780.0,4,M
210060709728,3,F,2,0,1.0,0,Maricá,499.5,543.8,554.4,631.5,880.0,4,G
210061150301,5,M,1,0,1.0,0,Maricá,496.4,460.6,505.6,432.6,640.0,2,C
210059638969,2,F,3,0,1.0,0,Nova Iguaçu,629.0,616.2,551.6,563.2,740.0,3,B
210059677881,3,F,1,0,1.0,0,São João de Meriti,389.3,379.4,445.0,517.5,720.0,4,A
210061304532,3,M,1,0,1.0,0,Niterói,541.7,606.1,562.7,709.0,840.0,3,G
210059692801,2,F,1,0,1.0,0,São João de Meriti,481.2,543.1,553.1,502.3,500.0,4,D
210059638932,2,F,2,0,1.0,0,São João de Meriti,555.1,564.4,536.8,594.9,520.0,4,G
210059651922,2,F,3,0,1.0,0,Nova Iguaçu,568.6,616.1,564.9,604.2,760.0,3,D
210059056010,3,F,3,0,1.0,0,Belford Roxo,419.5,427.3,461.2,436.1,440.0,4,B
210059286248,3,F,2,0,1.0,0,Duque de Caxias,446.9,504.2,480.5,497.5,680.0,4,E
210059030160,2,F,3,0,1.0,0,Nova Iguaçu,484.2,566.6,570.1,541.4,580.0,4,C
210059692806,3,F,1,0,1.0,0,Duque de Caxias,503.6,539.8,527.0,587.4,820.0,3,C
210060678956,3,F,1,0,1.0,0,Duque de Caxias,436.1,497.3,511.1,361.6,760.0,2,E
210059043087,2,F,1,0,1.0,0,Duque de Caxias,569.0,648.5,575.3,609.5,920.0,4,E
210059055991,5,F,3,0,1.0,0,Nova Iguaçu,383.1,486.4,538.7,437.1,660.0,4,C
210059017258,3,F,0,0,1.0,0,Belford Roxo,559.2,589.1,530.6,687.5,760.0,5,E
210059273438,4,F,1,0,1.0,0,Niterói,420.2,430.7,474.1,401.8,520.0,3,G
210059002454,4,F,1,0,1.0,0,Maricá,481.7,634.8,552.8,507.6,920.0,3,C
210060878893,3,F,3,0,1.0,0,Nova Iguaçu,524.5,612.7,604.4,540.7,720.0,5,H
210061304544,3,F,1,0,1.0,0,Niterói,583.4,594.6,613.0,690.3,940.0,3,I
210058147924,5,M,3,0,1.0,0,Niterói,538.3,530.5,534.8,585.7,800.0,4,C
210059852490,3,F,2,0,1.0,0,Nilópolis,403.8,471.0,520.5,428.2,540.0,4,B
210061102295,2,F,3,0,1.0,0,Niterói,519.4,585.1,587.2,609.9,920.0,4,J
210059455777,2,F,3,0,1.0,0,Nova Iguaçu,462.4,537.0,477.1,592.7,340.0,4,E
210059824444,3,F,1,0,1.0,0,Maricá,631.0,554.2,589.4,665.9,720.0,1,B
210059470790,2,F,2,0,1.0,0,Belford Roxo,395.9,477.0,510.6,559.5,640.0,6,B
210059538165,4,M,1,0,1.0,0,Belford Roxo,382.9,383.2,394.8,340.3,660.0,2,K
210058780862,3,M,1,0,1.0,0,Niterói,702.8,695.5,656.2,931.7,920.0,4,H
210058764120,2,F,1,0,1.0,0,Niterói,567.0,594.9,567.1,650.4,960.0,5,N
210059798261,3,M,1,0,1.0,0,Niterói,527.0,615.6,609.1,626.8,940.0,4,M
210060799592,3,M,1,0,1.0,0,Niterói,555.1,475.4,494.7,607.2,580.0,4,H
210058738580,2,F,3,0,1.0,0,Nova Iguaçu,333.9,496.1,514.1,629.0,620.0,3,E
210060073671,2,M,2,0,1.0,0,Nova Iguaçu,385.9,444.5,490.0,509.1,720.0,2,B
210059363895,2,F,1,0,1.0,0,Niterói,590.6,602.6,562.4,603.2,780.0,3,E
210058689330,2,F,1,0,1.0,0,São João de Meriti,553.6,604.8,550.5,701.6,860.0,5,C
210059489442,2,M,2,0,1.0,0,Belford Roxo,577.1,568.4,517.9,389.0,800.0,3,F
210058815379,2,F,2,0,1.0,0,Belford Roxo,404.6,347.9,485.4,348.0,540.0,4,C
210060979508,3,F,3,0,1.0,0,Duque de Caxias,472.4,503.8,473.3,529.0,640.0,3,C
210059865518,3,F,3,0,1.0,0,Niterói,516.7,633.9,604.6,688.3,940.0,4,G
210058046397,3,F,1,0,1.0,0,Nova Iguaçu,524.0,575.8,532.5,634.4,900.0,3,B
210059511982,2,F,3,0,1.0,0,Niterói,478.1,588.1,553.3,648.5,880.0,4,D
210059538139,3,M,3,0,1.0,0,São João de Meriti,515.9,504.5,539.7,665.5,440.0,4,C
210058742081,3,M,3,0,1.0,0,Duque de Caxias,608.3,515.4,545.2,686.8,940.0,3,D
210060097305,3,F,3,0,1.0,0,São João de Meriti,488.8,520.2,482.5,559.6,540.0,3,C
210059714800,2,F,2,0,1.0,0,Duque de Caxias,452.1,522.3,576.3,382.1,600.0,4,C
210058742048,11,F,3,0,1.0,0,Nova Iguaçu,436.1,445.3,456.7,380.8,440.0,2,C
210059322792,3,F,2,0,1.0,0,Duque de Caxias,460.7,520.5,497.4,559.1,860.0,4,B
210058721983,2,F,2,0,1.0,0,Nova Iguaçu,395.5,445.7,484.9,526.5,820.0,4,B
210059783240,3,F,1,0,1.0,0,Niterói,598.0,632.2,623.0,697.5,960.0,4,Q
210060706869,2,M,1,0,1.0,0,Nilópolis,470.0,555.0,507.7,590.9,680.0,3,G
210060716745,3,F,3,0,1.0,0,São João de Meriti,484.6,598.0,608.8,679.1,620.0,6,D
210058780847,2,F,1,0,1.0,0,Nova Iguaçu,437.7,594.1,545.3,613.0,580.0,4,C
210059578355,4,F,3,0,1.0,0,Duque de Caxias,436.0,450.0,495.2,357.7,560.0,3,B
210058949283,3,M,3,0,1.0,0,Duque de Caxias,526.0,588.9,527.3,641.9,820.0,3,C
210058684380,2,F,3,0,1.0,0,Belford Roxo,462.8,486.9,476.1,563.1,580.0,5,E
210061082543,4,F,2,0,1.0,0,Nilópolis,698.3,655.7,636.3,706.2,960.0,2,C
210060869162,3,F,3,0,1.0,0,São João de Meriti,399.9,536.6,513.4,481.5,500.0,3,C
210058684368,3,F,1,0,1.0,0,Duque de Caxias,496.1,577.8,562.0,572.9,820.0,4,D
210059094908,3,M,1,0,1.0,0,Nilópolis,440.3,470.2,472.1,481.1,600.0,3,L
210058808056,3,M,1,0,1.0,0,Niterói,605.3,629.7,604.2,727.0,900.0,3,K
210060685838,3,F,3,0,1.0,0,Belford Roxo,391.9,500.5,490.1,496.1,480.0,5,B
210058757885,2,M,3,0,1.0,0,Duque de Caxias,497.6,567.0,572.0,493.1,680.0,4,J
210060060675,3,M,2,0,1.0,0,Niterói,556.7,574.5,600.2,703.8,800.0,5,G
210059373413,3,M,2,0,1.0,0,Niterói,619.4,628.1,641.8,680.1,960.0,5,Q
210058252851,2,F,3,0,1.0,0,São João de Meriti,523.2,573.5,546.3,673.6,880.0,3,D
210061000612,3,F,1,0,1.0,0,Duque de Caxias,403.8,426.3,347.3,400.4,880.0,4,I
210061242862,2,F,1,0,1.0,0,Nova Iguaçu,556.9,667.6,587.5,712.1,580.0,2,D
210058070764,2,F,1,0,1.0,0,Duque de Caxias,548.3,599.8,659.5,626.9,940.0,3,G
210059906767,3,F,1,0,1.0,0,Niterói,567.5,662.6,620.8,710.2,940.0,4,O
210060706879,3,M,1,0,1.0,0,Niterói,469.8,512.2,498.7,560.1,840.0,6,D
210058694884,3,M,2,0,1.0,0,Niterói,587.2,544.3,552.9,564.6,600.0,4,N
210058787542,3,F,1,0,1.0,0,Maricá,400.8,373.9,434.7,393.8,540.0,4,C
210059962881,2,M,1,0,1.0,0,Niterói,718.2,600.9,611.3,945.2,940.0,3,C
210058732170,3,F,3,0,1.0,0,Nova Iguaçu,551.3,561.2,552.2,430.0,880.0,3,C
210061030710,2,M,2,0,1.0,0,Belford Roxo,532.6,541.5,487.1,630.4,740.0,3,C
210060032572,2,M,1,0,1.0,0,Duque de Caxias,627.1,689.7,634.1,845.0,900.0,4,J
210059784096,3,F,3,0,1.0,0,Duque de Caxias,611.5,584.0,561.4,641.8,800.0,4,K
210058753578,2,M,1,0,1.0,0,Niterói,656.6,631.6,665.2,737.2,920.0,4,J
210060045658,3,F,1,0,1.0,0,Duque de Caxias,502.0,523.9,540.5,454.6,500.0,3,C
210059784115,3,F,2,0,1.0,0,Duque de Caxias,579.9,589.4,569.8,628.0,820.0,3,C
210059852578,3,F,2,0,1.0,0,Belford Roxo,448.7,456.6,490.5,451.5,700.0,3,C
210060045681,2,F,2,0,1.0,0,Nova Iguaçu,452.9,481.9,526.3,430.6,480.0,3,B
210060004499,3,F,1,0,1.0,0,Nova Iguaçu,399.7,507.7,462.3,591.8,700.0,4,B
210059497011,2,F,1,0,1.0,0,Niterói,636.5,672.5,635.6,778.8,960.0,3,O
210059497033,3,F,3,0,1.0,0,Niterói,583.5,586.0,629.6,585.9,940.0,4,E
210061092521,3,F,1,0,1.0,0,Nova Iguaçu,571.0,659.3,615.1,696.9,760.0,3,J
210059947841,3,F,1,0,1.0,0,Nilópolis,547.9,604.7,595.7,586.5,600.0,4,B
210060032530,2,F,3,0,1.0,0,Duque de Caxias,580.3,591.6,645.7,654.2,920.0,2,B
210059360201,2,F,1,0,1.0,0,Duque de Caxias,508.8,511.8,558.6,365.7,660.0,4,G
210058694838,3,F,1,0,1.0,0,Belford Roxo,417.3,618.9,578.9,691.8,720.0,5,D
210058744936,3,F,2,0,1.0,0,São João de Meriti,423.1,424.4,384.4,420.2,600.0,4,D
210061113443,2,F,1,0,1.0,0,Niterói,436.9,486.2,525.1,545.2,500.0,5,M
210060695744,3,F,2,0,1.0,0,Nova Iguaçu,538.1,617.5,573.7,412.2,360.0,4,C
210060058719,3,F,1,0,1.0,0,Maricá,537.7,635.1,561.9,605.1,960.0,2,G
210059686779,3,F,1,0,1.0,0,Nova Iguaçu,466.0,544.7,539.4,534.1,920.0,2,B
210059921738,7,F,3,0,1.0,0,São João de Meriti,523.8,518.0,562.8,613.4,940.0,4,B
210059947861,5,F,3,0,1.0,0,Duque de Caxias,402.7,395.6,416.3,376.9,440.0,4,B
210059666981,2,F,3,0,1.0,0,Maricá,482.8,564.2,507.4,501.1,720.0,2,C
210059059872,2,F,1,0,1.0,0,Maricá,540.9,508.0,592.8,472.8,860.0,4,I
210059833193,2,F,3,0,1.0,0,Nova Iguaçu,405.1,507.3,514.0,473.1,560.0,4,B
210060559043,3,M,3,0,1.0,0,Nova Iguaçu,481.6,545.9,457.8,365.7,380.0,4,F
210060838501,2,F,3,0,1.0,0,Nova Iguaçu,377.3,470.6,499.5,484.0,640.0,4,D
210059017438,3,M,3,0,1.0,0,Nova Iguaçu,674.4,590.5,610.5,771.7,920.0,4,D
210059705892,2,M,1,0,1.0,0,Niterói,537.0,575.6,625.1,660.1,660.0,2,B
210058163888,3,F,1,0,1.0,0,Niterói,534.0,622.7,483.8,675.1,940.0,3,J
210059692958,3,F,3,0,1.0,0,São João de Meriti,427.7,465.9,487.5,388.4,400.0,4,B
210059072953,2,F,3,0,1.0,0,Nova Iguaçu,428.2,357.4,392.8,431.6,340.0,5,B
210060781053,3,M,1,0,1.0,0,Nilópolis,595.9,514.9,547.4,626.7,620.0,5,I
210061181211,3,F,1,0,1.0,0,Maricá,525.2,613.1,625.7,702.7,880.0,4,G
210059100989,2,F,3,0,1.0,0,São João de Meriti,523.8,438.4,491.6,504.7,720.0,3,D
210060638478,2,F,1,0,1.0,0,Nova Iguaçu,445.8,636.1,618.8,558.0,840.0,3,J
210060638461,3,M,3,0,1.0,0,Niterói,422.6,515.8,479.7,519.4,640.0,2,D
210059692932,2,M,1,0,1.0,0,Belford Roxo,505.3,501.5,528.4,530.8,480.0,5,D
210059043203,2,M,2,0,1.0,0,Duque de Caxias,543.8,486.6,444.6,577.6,680.0,4,C
210060888757,2,F,3,0,1.0,0,Duque de Caxias,492.0,501.2,483.4,343.4,660.0,5,B
210060771244,2,M,1,0,1.0,0,Niterói,647.7,624.1,650.7,741.6,860.0,5,L
210059731833,3,F,1,0,1.0,0,Duque de Caxias,609.1,606.1,607.6,704.0,800.0,2,B
210060890145,2,F,1,0,1.0,0,São João de Meriti,574.7,593.8,573.7,632.2,900.0,3,B
210061233022,7,M,1,0,2.0,0,Duque de Caxias,419.6,350.2,515.4,509.3,960.0,3,B
210059600209,3,F,1,0,1.0,0,Niterói,394.2,402.1,382.9,480.7,500.0,4,B
210060961777,2,M,1,0,1.0,0,Niterói,647.8,653.9,588.0,775.1,900.0,4,Q
210059559322,3,F,2,0,1.0,0,Nilópolis,441.4,535.7,485.3,466.3,560.0,3,C
210060614309,2,F,3,0,1.0,0,Duque de Caxias,567.9,706.5,620.7,694.4,880.0,3,E
210059572307,2,F,1,0,1.0,0,Maricá,531.3,601.7,533.6,568.4,740.0,3,D
210059150328,3,F,2,0,1.0,0,Niterói,534.2,448.2,444.6,543.2,880.0,5,E
210060690227,3,F,3,0,1.0,0,Nilópolis,481.0,554.1,553.8,504.6,780.0,3,C
210058950849,2,M,1,0,1.0,0,Duque de Caxias,510.1,577.6,526.8,620.6,840.0,5,A
210060479619,3,F,1,0,1.0,0,Niterói,640.4,668.7,586.9,780.8,920.0,4,P
210058962415,2,M,3,0,1.0,0,Nilópolis,587.0,596.3,582.0,665.4,440.0,4,C
210059232185,2,M,2,0,1.0,0,Belford Roxo,444.9,507.4,459.7,537.3,560.0,5,C
210059314659,2,M,1,0,1.0,0,Niterói,559.7,608.2,608.7,673.5,880.0,3,G
210059559330,3,F,3,0,1.0,0,Nilópolis,449.2,541.5,499.8,584.1,900.0,4,C
210060614299,3,F,1,0,1.0,0,Niterói,620.0,674.2,622.4,681.7,920.0,3,J
210058264078,3,F,2,0,1.0,0,Niterói,471.0,435.0,438.4,433.3,420.0,4,D
210059679922,3,F,2,0,1.0,0,Duque de Caxias,387.8,444.2,400.3,479.0,380.0,4,A
210059031738,2,M,1,0,1.0,0,Nova Iguaçu,469.2,508.9,557.4,533.4,760.0,3,B
210058283663,3,F,2,0,1.0,0,Niterói,433.5,418.3,477.3,504.1,800.0,2,B
210059665037,3,F,3,0,1.0,0,Nova Iguaçu,437.0,509.6,452.5,467.0,320.0,2,D
210059044831,2,F,3,0,1.0,0,Niterói,532.2,448.4,547.7,566.7,840.0,6,G
210059232158,3,F,1,0,1.0,0,Nova Iguaçu,604.3,678.0,602.9,726.0,920.0,3,J
210059018657,3,F,1,0,1.0,0,Niterói,578.8,644.0,580.9,623.5,860.0,4,D
210060878965,3,F,1,0,1.0,0,Belford Roxo,502.2,528.1,361.4,402.9,480.0,7,D
210058963748,3,M,2,0,1.0,0,São João de Meriti,527.9,585.7,561.0,557.8,600.0,2,B
210059137829,3,M,1,0,1.0,0,Maricá,540.2,522.5,600.2,686.2,620.0,3,H
210060750342,2,F,3,0,1.0,0,Duque de Caxias,456.0,478.9,472.3,411.7,560.0,5,F
210060778657,3,M,3,0,1.0,0,Nilópolis,427.3,515.5,521.5,481.2,560.0,4,F
210060140443,2,M,1,0,1.0,0,Nova Iguaçu,599.6,572.0,563.2,441.3,800.0,3,G
210058757945,2,F,3,0,1.0,0,Duque de Caxias,594.4,607.5,609.4,640.1,940.0,3,D
210059442750,4,M,1,0,1.0,0,Duque de Caxias,547.8,561.6,599.6,619.9,880.0,4,D
210059476626,4,F,1,0,1.0,0,Niterói,620.8,574.0,613.3,792.8,940.0,4,B
210059591599,2,F,2,0,1.0,0,Nova Iguaçu,477.9,501.1,491.0,484.6,660.0,3,B
210059476593,3,F,1,0,1.0,0,Niterói,659.2,684.8,650.7,813.3,920.0,3,P
210059379181,3,M,1,0,1.0,0,Nova Iguaçu,439.4,529.6,420.0,392.2,440.0,3,B
210058699977,3,M,1,0,1.0,0,Niterói,628.8,679.9,624.7,787.2,940.0,4,Q
210058700060,3,F,1,0,1.0,0,Duque de Caxias,501.6,540.5,497.8,596.9,320.0,3,A
210060166573,3,M,3,0,1.0,0,Niterói,537.1,649.6,576.1,601.5,580.0,4,G
210058780966,2,M,2,0,1.0,0,Belford Roxo,521.0,624.4,582.3,628.3,520.0,3,C
210058760294,2,F,1,0,1.0,0,Nova Iguaçu,522.9,637.0,566.3,594.2,940.0,4,C
210058757921,4,F,3,0,1.0,0,Nova Iguaçu,441.3,553.5,542.1,388.5,340.0,4,H
210059820105,2,F,2,0,1.0,0,Duque de Caxias,463.8,516.6,448.0,335.1,780.0,4,E
210058180281,2,M,1,0,1.0,0,São João de Meriti,547.5,593.5,577.9,618.8,620.0,4,E
210060690238,2,F,1,0,1.0,0,São João de Meriti,434.3,371.1,437.1,404.9,540.0,3,D
210059314841,3,F,3,0,1.0,0,Belford Roxo,598.6,539.8,635.2,460.8,800.0,2,C
210060492712,2,M,1,0,1.0,0,Nova Iguaçu,368.8,485.7,448.8,477.0,500.0,5,B
210061263961,2,F,3,0,1.0,0,Nova Iguaçu,498.4,574.2,529.8,640.2,740.0,4,B
210059652111,3,F,3,0,1.0,0,Nova Iguaçu,556.0,611.6,626.4,676.7,900.0,3,E
210060505702,3,F,2,0,1.0,0,Maricá,530.0,531.2,534.6,428.5,420.0,6,B
210059805134,2,F,2,0,1.0,0,Nilópolis,486.2,518.1,584.4,433.0,860.0,2,A
210061242952,3,F,2,0,1.0,0,Maricá,509.5,577.0,543.6,443.7,680.0,2,J
210058770662,3,F,2,0,1.0,0,São João de Meriti,453.1,483.3,522.0,455.6,740.0,4,C
210058760222,3,F,3,0,1.0,0,Nova Iguaçu,447.0,490.3,505.2,468.9,780.0,5,C
210059714908,2,M,1,0,1.0,0,Maricá,594.0,536.5,517.4,704.1,580.0,3,K
210058770647,2,F,3,0,1.0,0,Nova Iguaçu,402.5,502.6,546.5,440.0,700.0,4,C
210059846360,2,M,2,0,1.0,0,Maricá,624.7,660.5,615.6,770.3,640.0,4,G
210059693017,3,F,2,0,1.0,0,São João de Meriti,421.6,449.9,424.2,349.0,480.0,7,B
210059667067,3,F,2,0,1.0,0,Maricá,426.0,557.7,522.2,439.4,700.0,5,A
210060771361,2,F,1,0,1.0,0,Niterói,480.8,539.4,487.3,403.4,600.0,4,B
210060559082,2,F,2,0,1.0,0,São João de Meriti,488.2,529.6,448.2,409.3,540.0,3,C
210060112393,2,F,3,0,1.0,0,Duque de Caxias,450.2,509.4,526.2,503.0,480.0,4,F
210060716847,4,F,1,0,1.0,0,Duque de Caxias,486.7,463.7,381.4,411.6,380.0,5,D
210060125431,2,F,4,0,1.0,0,Nova Iguaçu,483.4,451.0,406.3,550.1,660.0,4,B
210058223525,4,M,2,0,1.0,0,Niterói,355.0,438.3,492.4,368.0,560.0,2,B
210059938492,4,M,1,0,1.0,0,Niterói,561.1,611.2,578.2,535.3,520.0,5,D
210060546672,3,M,1,0,1.0,0,Niterói,576.6,605.9,592.7,559.5,640.0,5,L
210060781149,3,F,3,0,1.0,0,Duque de Caxias,414.2,533.9,543.7,526.7,620.0,5,C
210060669334,3,F,3,0,1.0,0,Duque de Caxias,433.1,459.6,483.6,428.9,580.0,4,B
210060638515,4,F,1,0,1.0,0,Nova Iguaçu,534.5,566.4,486.2,622.2,360.0,4,E
210059082099,2,M,3,0,1.0,0,Nilópolis,552.9,565.6,525.9,560.8,480.0,4,C
210060910015,3,F,3,0,1.0,0,Nova Iguaçu,411.8,482.7,491.3,361.4,400.0,3,A
210058949406,3,M,3,0,1.0,0,Maricá,426.9,407.6,475.2,466.5,540.0,4,E
210059746837,2,F,2,0,1.0,0,Belford Roxo,447.8,529.7,560.6,540.5,320.0,3,B
210059902577,2,F,2,0,1.0,0,Duque de Caxias,394.5,499.5,476.5,438.2,720.0,4,C
210058212334,3,F,3,0,1.0,0,Duque de Caxias,473.0,511.5,529.6,388.2,580.0,4,C
210059163148,3,M,3,0,1.0,0,Belford Roxo,446.2,441.7,459.1,424.1,520.0,3,B
210058304833,2,M,3,0,1.0,0,Duque de Caxias,526.1,561.1,549.0,726.9,600.0,4,D
210059902619,2,F,1,0,1.0,0,Niterói,749.8,706.9,631.8,874.0,980.0,3,G
210060638554,3,F,1,0,1.0,0,Nova Iguaçu,408.2,510.8,483.0,404.2,640.0,2,B
210059947996,3,M,3,0,1.0,0,Niterói,594.5,633.4,639.7,655.2,880.0,3,B
210058829503,2,F,1,0,1.0,0,Duque de Caxias,592.8,571.6,613.2,672.3,900.0,4,C
210058047942,3,M,1,0,1.0,0,Niterói,637.4,625.0,579.0,655.5,940.0,4,K
210060664938,2,F,1,0,1.0,0,Nova Iguaçu,524.6,592.3,623.8,571.2,840.0,2,J
210059647757,2,F,1,0,1.0,0,Duque de Caxias,473.1,574.6,610.6,679.1,680.0,5,I
210058093823,3,M,1,0,1.0,0,Nova Iguaçu,430.8,454.1,467.3,492.2,620.0,3,C
210059108549,4,F,3,0,1.0,0,São João de Meriti,446.9,465.4,498.3,389.5,620.0,4,B
210059673874,2,F,1,0,1.0,0,Niterói,517.9,609.3,589.4,679.3,920.0,3,N
210058070870,2,F,2,0,1.0,0,Nova Iguaçu,531.8,515.3,522.5,593.4,720.0,6,D
210059435564,2,M,2,0,1.0,0,Nova Iguaçu,441.1,611.1,578.1,630.9,440.0,4,C
210058070853,3,F,1,0,1.0,0,Duque de Caxias,551.4,549.7,475.0,500.6,800.0,4,B
210058733237,2,M,2,0,1.0,0,São João de Meriti,533.8,476.1,575.1,585.4,660.0,3,D
210059701929,3,M,3,0,1.0,0,Niterói,646.1,619.8,640.4,791.4,860.0,3,P
210058116121,3,F,3,0,1.0,0,Belford Roxo,522.6,388.5,497.6,535.0,560.0,5,A
210059388519,2,F,3,0,1.0,0,Nova Iguaçu,405.8,503.9,526.7,380.2,360.0,7,C
210059728052,3,F,1,0,1.0,0,Niterói,519.6,628.3,638.7,666.5,940.0,3,P
210059414692,2,M,1,0,1.0,0,Niterói,604.6,608.0,564.2,768.6,900.0,3,O
210059429740,2,F,2,0,1.0,0,Nova Iguaçu,546.6,585.8,530.4,493.5,360.0,2,B
210058739438,2,F,2,0,1.0,0,Duque de Caxias,382.2,405.7,484.7,415.2,700.0,5,B
210060728039,2,M,1,0,1.0,0,Belford Roxo,506.4,312.3,450.8,492.0,500.0,2,F
210058705017,4,M,1,0,1.0,0,Niterói,539.7,557.0,505.7,711.5,900.0,5,M
210060019628,2,F,2,0,1.0,0,Duque de Caxias,402.1,507.1,492.1,505.8,700.0,4,B
210059798425,3,F,2,0,1.0,0,Nova Iguaçu,585.5,664.2,572.7,744.6,940.0,3,J
210059497131,2,F,3,0,1.0,0,Nova Iguaçu,508.8,556.7,629.6,634.9,660.0,4,C
210061072885,4,F,1,0,1.0,0,Niterói,515.6,527.0,514.6,557.3,780.0,4,G
210060019657,2,M,2,0,1.0,0,Nova Iguaçu,445.3,459.7,403.4,426.1,560.0,6,E
210059484059,3,F,1,0,1.0,0,Niterói,449.0,395.3,383.2,496.4,640.0,3,A
210061061687,2,F,1,0,1.0,0,Niterói,478.5,578.4,570.2,580.4,940.0,3,C
210059043862,2,F,1,0,1.0,0,Niterói,611.8,693.1,636.3,619.3,920.0,2,D
210059489831,3,M,1,0,1.0,0,Niterói,698.7,660.7,605.7,802.5,900.0,3,K
210058736125,3,M,1,0,1.0,0,Nova Iguaçu,481.3,569.2,509.4,633.4,320.0,4,C
210059784208,2,M,3,0,1.0,0,Nova Iguaçu,561.8,552.7,490.0,615.3,540.0,4,I
210059540248,2,F,3,0,1.0,0,Duque de Caxias,448.4,497.0,529.2,590.9,820.0,4,B
210060758941,2,F,1,0,1.0,0,Belford Roxo,628.3,585.8,483.3,705.8,900.0,5,H
210058705071,3,M,1,0,1.0,0,Duque de Caxias,572.4,618.5,548.7,591.7,720.0,3,C
210058705111,3,M,2,0,1.0,0,Nova Iguaçu,468.3,494.0,442.4,412.6,320.0,5,C
210060019574,2,F,1,0,1.0,0,Belford Roxo,577.4,524.3,541.7,688.3,940.0,4,H
210059530911,2,M,3,0,1.0,0,Maricá,606.5,581.5,553.6,711.3,800.0,4,J
210058705281,2,M,3,0,1.0,0,São João de Meriti,502.2,421.6,520.2,417.4,560.0,7,C
210059906806,3,F,1,0,1.0,0,Maricá,516.3,535.6,529.7,474.0,920.0,5,C
210060685882,3,M,1,0,1.0,0,São João de Meriti,584.7,494.1,533.2,611.4,740.0,3,I
210059338025,2,M,2,0,1.0,0,Duque de Caxias,501.0,575.2,598.1,590.9,580.0,6,C
210058828812,2,M,1,0,1.0,0,Niterói,650.8,672.4,649.6,835.3,880.0,4,K
210058705200,3,F,1,0,1.0,0,Duque de Caxias,505.7,422.6,403.1,417.7,300.0,3,C
210058828834,4,F,3,0,1.0,0,São João de Meriti,382.2,437.9,304.8,396.0,600.0,5,F
210061113554,3,F,1,0,1.0,0,Niterói,527.3,604.3,609.0,461.6,740.0,2,A
210059606602,3,F,1,0,1.0,0,Niterói,574.4,583.7,595.2,685.1,920.0,3,K
210060019611,2,F,1,0,1.0,0,Niterói,536.6,550.4,539.5,648.6,840.0,4,F
210058760319,2,F,1,0,1.0,0,Duque de Caxias,461.2,579.5,591.1,546.7,680.0,2,A
210060750458,3,M,2,0,1.0,0,Nova Iguaçu,588.8,608.0,574.7,723.8,940.0,3,Q
210059043347,2,M,3,0,1.0,0,Duque de Caxias,459.9,511.9,500.9,386.4,580.0,4,D
210059031870,3,F,1,0,1.0,0,Niterói,722.7,717.4,671.1,894.8,820.0,4,P
210058978761,4,F,1,0,1.0,0,Duque de Caxias,564.9,538.1,555.5,508.4,500.0,7,A
210061331945,2,F,3,0,1.0,0,Nova Iguaçu,476.3,514.5,439.2,543.6,520.0,5,D
210059060010,2,M,1,0,1.0,0,Nilópolis,578.0,629.1,554.7,645.6,960.0,4,F
210058295141,3,M,1,0,1.0,0,Niterói,557.4,545.5,377.0,710.8,740.0,5,D
210058223618,3,F,2,0,1.0,0,Maricá,421.5,459.0,448.4,411.0,600.0,2,B
210058295144,3,F,3,0,1.0,0,Duque de Caxias,513.6,543.0,534.8,596.1,460.0,5,C
210060533731,3,F,3,0,1.0,0,São João de Meriti,488.4,536.0,536.7,433.8,480.0,4,C
210060700164,4,M,2,0,1.0,0,São João de Meriti,486.6,587.9,501.4,519.2,860.0,3,C
210059017515,2,F,2,0,1.0,0,Belford Roxo,519.0,530.8,490.3,591.8,600.0,3,F
210060750471,2,F,3,0,1.0,0,Nova Iguaçu,542.3,567.1,497.0,549.3,960.0,3,B
210061252862,1,F,2,0,1.0,0,Duque de Caxias,515.7,461.9,532.9,627.4,740.0,3,B
210059827881,3,F,1,0,1.0,0,Maricá,496.8,592.7,569.6,433.1,760.0,3,E
210058180418,3,F,1,0,1.0,0,Duque de Caxias,580.9,595.5,577.6,539.2,880.0,4,D
210060013282,3,M,1,0,1.0,0,Duque de Caxias,449.1,442.8,523.0,395.8,540.0,2,B
210060577756,3,M,1,0,1.0,0,Niterói,555.2,572.9,571.0,691.3,880.0,2,E
210060570518,3,F,3,0,1.0,0,Nova Iguaçu,437.4,372.4,486.4,359.6,480.0,3,B
210059512251,2,M,2,0,1.0,0,Nova Iguaçu,415.0,416.3,437.6,502.9,380.0,6,E
210058808985,2,M,1,0,1.0,0,Niterói,368.4,479.4,455.8,357.6,580.0,4,G
210059082749,3,F,1,0,1.0,0,Maricá,455.6,520.8,535.8,530.6,580.0,5,E
210061072959,3,F,3,0,1.0,0,Duque de Caxias,564.3,561.0,582.9,682.4,940.0,3,G
210060799821,2,F,1,0,1.0,0,Nova Iguaçu,649.9,632.7,586.2,705.4,820.0,4,C
210059043915,3,F,2,0,1.0,0,Niterói,442.7,498.9,500.4,369.1,740.0,3,B
210058758046,2,M,2,0,1.0,0,Duque de Caxias,603.1,662.8,607.0,740.5,760.0,2,F
210059839679,2,M,3,0,1.0,0,Maricá,495.8,614.7,426.9,680.7,880.0,4,D
210061092715,2,M,2,0,1.0,0,Belford Roxo,562.7,495.0,377.3,612.4,720.0,4,F
210061414742,2,M,2,0,1.0,0,São João de Meriti,464.0,568.8,568.1,525.1,400.0,4,C
210059525294,3,F,3,0,1.0,0,Niterói,546.0,630.2,582.9,612.6,760.0,3,C
210060032708,3,M,3,0,1.0,0,Belford Roxo,393.7,539.4,464.0,486.3,480.0,4,E
210059964662,2,F,3,0,1.0,0,Duque de Caxias,544.6,579.9,440.9,505.5,740.0,4,B
210059619761,3,M,3,0,1.0,0,Duque de Caxias,468.2,583.3,520.9,609.6,580.0,5,D
210059056872,3,F,1,0,1.0,0,Niterói,468.4,511.7,540.4,536.9,860.0,3,G
210058213703,2,F,2,0,1.0,0,Nilópolis,544.4,618.0,602.4,535.5,520.0,4,E
210059146184,2,F,3,0,1.0,0,Belford Roxo,491.4,498.3,540.3,373.6,860.0,2,A
210059134540,3,F,3,0,1.0,0,Niterói,466.8,468.8,477.6,456.7,780.0,4,B
210059799752,3,F,3,0,1.0,0,Belford Roxo,556.8,615.9,561.6,561.7,800.0,3,G
210060624274,3,F,3,0,1.0,0,Niterói,511.5,577.9,568.2,625.0,880.0,4,C
210060638606,3,M,2,0,1.0,0,Duque de Caxias,516.6,512.6,547.6,450.7,760.0,6,C
210061191184,2,F,3,0,1.0,0,Duque de Caxias,434.5,531.2,506.8,430.7,540.0,2,C
210060593529,3,F,2,0,1.0,0,São João de Meriti,443.5,530.6,548.6,631.9,620.0,3,B
210059799756,2,F,2,0,1.0,0,Duque de Caxias,430.4,488.9,612.9,372.2,640.0,2,B
210060669386,3,F,3,0,1.0,0,Duque de Caxias,379.6,506.0,444.1,433.2,540.0,2,G
210059992801,2,M,1,0,1.0,0,Belford Roxo,508.1,525.2,519.8,449.7,500.0,5,B
210058990628,3,M,1,0,1.0,0,São João de Meriti,451.1,532.8,540.0,376.2,460.0,5,B
210061424561,3,F,1,0,1.0,0,Niterói,609.2,662.9,665.6,740.1,860.0,3,Q
210058949446,3,M,1,0,1.0,0,Nova Iguaçu,617.5,592.7,603.1,661.9,600.0,2,C
210061061762,3,M,3,0,1.0,0,Niterói,602.6,660.2,654.8,810.8,940.0,5,P
210060728105,3,F,1,0,1.0,0,Maricá,467.0,381.1,462.4,527.4,620.0,4,C
210059366278,3,F,0,0,1.0,0,Niterói,477.4,552.9,546.8,671.3,600.0,3,C
210059770366,2,F,3,0,1.0,0,Nilópolis,456.3,402.2,445.4,418.6,580.0,4,A
210058977330,2,F,2,0,1.0,0,Duque de Caxias,500.7,497.0,511.1,484.7,860.0,4,I
210060716939,3,F,2,0,1.0,0,Nilópolis,530.7,461.5,519.4,440.3,700.0,3,C
210059769247,2,F,3,0,1.0,0,Nilópolis,595.9,627.3,620.1,668.1,920.0,3,I
210060112482,3,F,3,0,1.0,0,Nilópolis,562.5,600.2,563.8,518.0,760.0,3,J
210059728072,1,M,3,0,1.0,0,Duque de Caxias,460.4,461.8,476.7,525.7,620.0,3,G
210060728097,3,M,3,0,1.0,0,Niterói,508.0,611.1,593.8,717.0,760.0,3,M
210058129291,3,M,1,0,1.0,0,Niterói,651.3,764.6,643.7,835.7,980.0,3,M
210060181675,2,F,1,0,1.0,0,Niterói,644.7,624.1,652.6,723.6,940.0,4,L
210060758978,4,M,3,0,1.0,0,Duque de Caxias,532.0,551.5,536.3,406.1,680.0,4,E
210060716969,2,F,1,0,1.0,0,Nova Iguaçu,556.3,621.5,588.2,646.3,820.0,3,I
210059429779,4,F,3,0,1.0,0,Niterói,434.7,514.1,537.8,535.2,720.0,3,B
210060747822,2,M,1,0,1.0,0,Nova Iguaçu,601.5,577.1,607.9,634.6,740.0,3,J
210060768835,2,M,3,0,1.0,0,Belford Roxo,623.1,659.9,618.5,767.2,940.0,4,G
210060570617,3,M,2,0,1.0,0,Nova Iguaçu,543.7,597.4,581.8,616.9,920.0,4,G
210059874633,3,F,3,0,1.0,0,Belford Roxo,436.8,449.7,444.1,385.2,340.0,4,G
210058134976,2,F,3,0,1.0,0,Niterói,472.9,540.4,377.2,448.7,880.0,2,B
210059869262,3,M,1,0,1.0,0,Niterói,548.3,522.8,531.9,720.8,640.0,3,G
210059874638,4,F,1,0,1.0,0,Nova Iguaçu,406.0,456.4,439.9,424.1,680.0,3,C
210060781296,2,F,3,0,1.0,0,Nova Iguaçu,441.1,466.1,434.9,403.0,680.0,5,C
210059134633,3,F,1,0,1.0,0,São João de Meriti,607.0,682.9,637.9,700.1,900.0,4,G
210061223367,2,F,2,0,1.0,0,Niterói,466.5,503.7,522.4,428.1,940.0,3,B
210059097085,2,F,2,0,1.0,0,Niterói,648.2,666.4,652.7,864.3,700.0,4,I
210061312328,3,F,2,0,1.0,0,Niterói,390.5,536.8,547.2,557.8,680.0,3,C
210059856170,3,F,5,0,1.0,0,Niterói,428.3,507.3,438.4,435.9,440.0,4,D
210061181430,3,F,1,0,1.0,0,Nova Iguaçu,578.9,615.3,552.9,585.4,720.0,2,H
210058949559,2,F,1,0,1.0,0,Niterói,578.3,676.9,619.9,798.9,960.0,3,L
210061466705,3,M,1,0,1.0,0,Belford Roxo,488.8,463.9,492.2,588.4,600.0,3,B
210058135027,2,F,1,0,1.0,0,Niterói,508.8,551.2,590.2,475.0,820.0,4,D
210060604747,3,F,1,0,1.0,0,São João de Meriti,506.7,604.9,632.0,552.3,840.0,5,B
210058135049,3,M,1,0,1.0,0,Maricá,458.0,605.8,573.4,643.4,720.0,3,G
210059005747,3,F,3,0,1.0,0,Nova Iguaçu,471.0,534.7,423.0,347.6,340.0,5,C
210060604711,3,M,3,0,1.0,0,Niterói,647.4,626.9,600.6,715.8,960.0,6,Q
210059146223,2,M,1,0,1.0,0,Nova Iguaçu,530.8,494.0,549.5,574.3,700.0,4,B
210060721104,4,F,1,0,1.0,0,Nova Iguaçu,403.8,506.9,523.1,563.7,940.0,4,C
210058991732,3,F,2,0,1.0,0,Nilópolis,465.8,558.7,436.7,473.5,280.0,5,B
210059869176,2,F,1,0,1.0,0,Nilópolis,338.7,356.0,372.7,377.3,540.0,3,A
210060669446,3,F,2,0,1.0,0,São João de Meriti,470.3,493.1,453.7,421.2,480.0,4,C
210060669424,3,F,1,0,1.0,0,Nova Iguaçu,465.5,536.8,567.4,512.2,560.0,5,D
210060690388,3,M,1,0,1.0,0,Niterói,595.9,576.5,602.7,723.2,580.0,5,H
210060711320,3,F,3,0,1.0,0,Nova Iguaçu,456.8,560.5,539.7,361.7,600.0,3,A
210059848394,4,F,3,0,1.0,0,Niterói,480.4,532.1,518.7,595.0,740.0,3,B
210061384007,3,M,1,0,1.0,0,Belford Roxo,374.8,489.6,493.5,390.1,540.0,4,D
210059667189,2,M,3,0,1.0,0,Niterói,543.8,565.9,551.9,639.9,640.0,4,D
210059856125,2,M,3,0,1.0,0,Niterói,536.4,595.4,602.2,597.2,500.0,3,D
210059882267,2,M,1,0,1.0,0,Niterói,663.0,657.1,612.2,819.0,920.0,4,Q
210061295015,2,F,1,0,1.0,0,Nova Iguaçu,585.9,646.4,593.3,688.8,920.0,4,E
210059667172,3,F,1,0,1.0,0,Belford Roxo,423.2,493.6,429.7,533.2,560.0,3,C
210060781263,3,F,1,0,1.0,0,Maricá,508.6,612.6,591.5,596.7,860.0,3,B
210059056308,2,F,1,0,1.0,0,São João de Meriti,597.0,636.0,598.1,653.5,820.0,7,C
210061374097,3,F,1,0,1.0,0,Duque de Caxias,411.5,615.8,599.6,685.2,880.0,2,C
210059088133,2,F,3,0,1.0,0,São João de Meriti,522.1,623.6,613.8,532.0,840.0,3,I
210061295000,3,M,3,0,1.0,0,Niterói,576.5,518.4,563.0,375.3,400.0,5,D
210060761613,3,F,3,0,1.0,0,Niterói,523.6,581.0,582.5,548.6,840.0,2,G
210059820250,3,M,1,0,1.0,0,Niterói,636.9,543.4,536.4,723.6,800.0,6,G
210061353043,3,F,3,0,1.0,0,Maricá,524.3,534.9,540.1,367.0,880.0,2,C
210060584413,4,M,2,0,1.0,0,Nova Iguaçu,557.6,611.6,561.4,625.6,520.0,4,C
210058320174,3,F,3,0,1.0,0,Duque de Caxias,475.2,534.1,532.4,494.7,560.0,4,E
210059693058,3,M,1,0,1.0,0,São João de Meriti,526.4,498.1,546.2,553.5,700.0,5,D
210058254470,3,M,3,0,1.0,0,Niterói,621.3,651.6,619.9,689.9,900.0,3,H
210060781227,2,F,1,0,1.0,0,São João de Meriti,509.0,469.0,465.1,471.7,700.0,2,B
210059841069,2,M,3,0,1.0,0,Belford Roxo,542.2,500.1,507.9,459.9,580.0,3,D
210061383933,2,F,1,0,1.0,0,Nova Iguaçu,422.2,562.0,581.2,496.3,680.0,3,H
210060086447,2,F,3,0,1.0,0,Nova Iguaçu,620.7,649.0,592.8,699.2,840.0,4,N
210059852796,2,F,1,0,1.0,0,Duque de Caxias,486.3,385.0,463.2,337.7,620.0,5,D
210059880867,4,F,3,0,1.0,0,Nova Iguaçu,554.6,590.3,526.1,594.8,500.0,4,F
210059426932,3,M,1,0,1.0,0,São João de Meriti,735.7,744.8,676.4,884.7,960.0,4,P
210058430286,3,F,1,0,1.0,0,Niterói,470.9,579.7,535.8,438.5,640.0,4,L
210059373615,2,F,3,0,1.0,0,Duque de Caxias,448.4,510.6,556.5,524.1,880.0,4,J
210061103866,3,F,1,0,1.0,0,Duque de Caxias,438.6,520.2,531.6,524.9,920.0,4,E
210060686054,3,F,1,0,1.0,0,Nova Iguaçu,418.7,500.7,473.8,566.0,860.0,5,G
210058829644,3,F,1,0,1.0,0,Maricá,514.1,554.7,502.2,600.9,740.0,3,B
210059110593,3,M,3,0,1.0,0,Nova Iguaçu,552.3,567.7,525.1,578.0,620.0,2,D
210061113714,3,M,1,0,1.0,0,Nova Iguaçu,554.7,515.1,452.5,545.5,540.0,6,B
210059839743,3,M,2,0,1.0,0,Duque de Caxias,364.5,469.9,424.6,720.5,540.0,4,B
210059512302,3,M,3,0,1.0,0,Nova Iguaçu,422.2,511.6,388.2,380.5,640.0,5,C
210060666327,2,M,1,0,1.0,0,Nova Iguaçu,577.9,572.4,575.4,696.6,540.0,4,F
210060707116,2,F,1,0,1.0,0,Duque de Caxias,553.9,574.4,542.9,699.4,900.0,4,G
210060981056,3,M,2,0,2.0,0,Maricá,578.4,679.6,619.6,647.0,720.0,3,F
210059489941,2,M,1,0,1.0,0,Niterói,612.1,633.5,590.9,732.9,800.0,5,K
210058742406,3,F,1,0,1.0,0,Duque de Caxias,481.8,549.3,529.5,429.8,760.0,3,F
210059963117,4,F,3,0,1.0,0,Duque de Caxias,462.1,581.1,604.6,365.5,560.0,4,B
210058059130,2,M,1,0,1.0,0,São João de Meriti,653.7,634.4,602.7,750.6,860.0,3,A
210058047987,3,F,1,0,1.0,0,Niterói,594.2,620.9,600.4,708.0,940.0,4,Q
210060125579,2,F,1,0,1.0,0,Niterói,486.6,610.4,450.8,377.4,940.0,3,E
210060707111,3,F,2,0,1.0,0,Maricá,461.5,485.0,516.1,580.1,660.0,3,J
210059429836,3,F,3,0,1.0,0,Nilópolis,521.6,596.4,506.5,552.9,660.0,3,B
210058977333,3,F,1,0,1.0,0,Duque de Caxias,442.3,535.6,539.3,636.1,700.0,4,B
210058742522,3,F,1,0,1.0,0,São João de Meriti,482.1,509.4,567.5,593.2,740.0,2,B
210058742421,3,F,1,0,1.0,0,Duque de Caxias,430.6,553.4,587.4,388.7,800.0,4,C
210059353294,2,F,1,0,1.0,0,Nova Iguaçu,428.6,529.7,518.5,411.6,660.0,4,C
210058781131,4,M,2,0,1.0,0,Duque de Caxias,341.8,421.0,371.5,387.3,360.0,4,D
210059771242,2,M,2,0,1.0,0,Duque de Caxias,325.9,410.9,461.4,396.5,520.0,3,D
210059005151,2,M,1,0,1.0,0,Duque de Caxias,604.7,609.2,581.7,668.8,920.0,5,E
210058788401,2,F,1,0,1.0,0,Duque de Caxias,555.9,590.0,582.4,658.3,840.0,3,G
210059785462,3,F,1,0,1.0,0,Niterói,610.1,662.6,693.6,744.0,900.0,4,N
210058795056,3,M,1,0,1.0,0,Niterói,519.4,555.0,489.5,744.2,840.0,5,Q
210061030918,4,F,1,0,1.0,0,Nova Iguaçu,376.2,482.3,510.3,516.7,580.0,4,C
210058751087,2,F,1,0,1.0,0,Niterói,498.7,614.4,630.1,541.2,640.0,4,D
210060728175,3,M,1,0,1.0,0,Niterói,503.0,648.7,630.1,663.6,900.0,7,C
210059798518,2,M,1,0,1.0,0,Niterói,543.2,604.4,623.2,675.6,840.0,4,I
210059839724,3,F,3,0,1.0,0,Duque de Caxias,543.3,627.2,609.7,697.6,780.0,6,L
210059978478,2,M,1,0,1.0,0,Niterói,603.6,705.9,668.5,769.4,820.0,4,H
210058952986,3,M,1,0,1.0,0,Duque de Caxias,495.0,495.6,497.8,640.6,480.0,2,B
210058739615,3,M,2,0,1.0,0,Maricá,534.7,509.1,509.8,529.6,600.0,5,J
210058978840,2,F,3,0,1.0,0,Duque de Caxias,476.9,367.1,342.4,603.2,660.0,3,B
210059082772,3,M,3,0,1.0,0,Duque de Caxias,445.2,589.0,501.4,544.6,640.0,4,D
210059540340,2,M,1,0,1.0,0,São João de Meriti,444.5,519.9,581.4,491.2,680.0,4,E
210060045845,2,F,1,0,1.0,0,Duque de Caxias,542.2,568.2,548.0,590.0,640.0,5,C
210061243097,2,M,2,0,1.0,0,Nova Iguaçu,496.8,444.5,470.9,513.4,360.0,3,B
210061113675,4,F,1,0,1.0,0,São João de Meriti,391.4,404.0,392.3,349.8,420.0,3,A
210059880803,2,F,1,0,1.0,0,Duque de Caxias,514.8,595.4,585.6,644.5,740.0,2,C
210060624368,3,M,2,0,1.0,0,Duque de Caxias,497.4,563.2,556.3,614.7,660.0,5,K
210061395179,2,F,1,0,1.0,0,São João de Meriti,505.2,475.0,486.9,418.9,680.0,3,B
210059985233,2,F,3,0,1.0,0,Belford Roxo,563.5,601.5,574.9,609.6,560.0,4,B
210059882316,2,F,3,0,1.0,0,Niterói,464.8,527.8,578.6,562.3,800.0,5,E
210060690450,3,F,4,0,1.0,0,Nilópolis,605.3,580.9,482.9,737.2,840.0,5,H
210058166323,3,F,2,0,1.0,0,Maricá,621.4,623.2,596.6,659.1,760.0,5,H
210060700283,3,M,1,0,1.0,0,Niterói,646.0,697.8,656.5,768.8,780.0,3,Q
210060690452,2,M,1,0,1.0,0,Niterói,680.4,646.0,646.8,852.2,900.0,4,J
210059018890,3,M,3,0,1.0,0,Belford Roxo,469.9,517.1,479.7,507.5,540.0,2,E
210061123542,4,F,1,0,1.0,0,Duque de Caxias,468.5,530.1,522.3,503.0,560.0,4,P
210061285198,3,F,1,0,1.0,0,Niterói,519.4,626.2,590.2,604.3,880.0,4,L
210059639303,2,F,3,0,1.0,0,Nova Iguaçu,531.5,591.6,598.9,631.9,880.0,4,B
210058458724,2,F,2,0,1.0,0,Niterói,507.3,618.7,639.2,544.5,840.0,4,G
210060740784,2,F,2,0,1.0,0,Nova Iguaçu,379.9,423.6,414.7,414.2,580.0,4,F
210060507816,2,M,1,0,1.0,0,Nilópolis,531.5,638.5,654.8,489.3,520.0,3,F
210060730967,4,M,3,0,1.0,0,Maricá,439.5,447.7,412.6,512.2,620.0,3,H
210059533338,3,F,3,0,1.0,0,Nova Iguaçu,469.7,520.9,482.3,361.2,560.0,2,B
210059639292,3,F,3,0,1.0,0,São João de Meriti,455.6,456.7,466.7,421.0,600.0,4,G
210059031988,4,M,1,0,1.0,0,Niterói,446.9,533.5,521.3,522.5,620.0,3,E
210059950113,3,F,1,0,1.0,0,São João de Meriti,473.5,575.6,551.7,628.7,680.0,4,C
210060981265,3,F,1,0,1.0,0,Duque de Caxias,427.3,480.8,489.8,344.9,900.0,3,B
210059005236,2,F,2,0,1.0,0,Niterói,433.4,444.9,503.2,468.4,700.0,4,G
210061343253,2,F,1,0,1.0,0,Niterói,555.9,635.5,580.4,778.7,960.0,4,Q
210058801815,3,M,1,0,1.0,0,Niterói,640.4,686.9,634.2,795.7,940.0,2,Q
210059565567,2,F,2,0,1.0,0,Nova Iguaçu,568.4,676.5,677.3,676.6,900.0,4,G
210060759095,1,F,1,0,1.0,0,Duque de Caxias,516.8,518.0,508.7,510.4,640.0,3,B
210059492029,4,F,3,0,1.0,0,Niterói,453.7,540.1,498.9,482.1,660.0,2,D
210059565589,4,M,1,0,1.0,0,Nova Iguaçu,494.6,550.1,530.7,563.0,320.0,4,D
210061082921,2,F,1,0,1.0,0,Niterói,586.1,571.1,515.8,657.3,840.0,3,G
210060811076,2,M,3,0,1.0,0,Nova Iguaçu,402.8,486.2,416.2,706.2,700.0,4,H
210059826697,2,M,1,0,1.0,0,Niterói,623.6,604.5,602.4,715.1,920.0,5,M
210059826699,2,M,3,0,1.0,0,Niterói,489.3,599.8,583.6,525.5,620.0,4,C
210060780162,3,F,1,0,1.0,0,Nova Iguaçu,497.0,465.1,546.2,476.4,560.0,3,F
210058485828,4,M,2,0,1.0,0,Duque de Caxias,568.0,572.8,569.9,612.6,760.0,3,D
210061073061,4,M,0,0,1.0,0,Duque de Caxias,468.7,514.7,425.8,571.1,340.0,4,E
210060799967,3,F,3,0,1.0,0,Niterói,551.0,637.2,583.2,625.2,700.0,3,L
210061061819,2,M,1,0,1.0,0,Nova Iguaçu,513.6,522.9,518.2,675.4,440.0,3,A
210060006697,3,F,1,0,1.0,0,Nova Iguaçu,500.6,561.9,549.4,597.0,720.0,6,A
210058059259,2,M,2,0,1.0,0,São João de Meriti,453.0,539.2,491.0,532.7,680.0,5,E
210060086503,3,M,3,0,1.0,0,Nova Iguaçu,523.1,485.9,526.7,431.0,540.0,3,B
210060074031,2,F,3,0,1.0,0,Duque de Caxias,454.3,593.2,598.1,526.9,760.0,2,B
210060099594,2,M,3,0,1.0,0,Belford Roxo,581.9,660.4,627.2,698.1,840.0,4,D
210058829688,3,F,3,0,1.0,0,Duque de Caxias,489.6,549.3,532.0,478.6,740.0,4,H
210059441998,2,M,1,0,1.0,0,Belford Roxo,462.0,586.1,587.8,683.5,940.0,3,F
210058048083,3,F,3,0,1.0,0,Nova Iguaçu,458.2,294.3,297.7,477.8,360.0,5,A
210058422187,2,M,1,0,1.0,0,Niterói,497.1,596.1,598.7,612.4,700.0,5,K
210059375611,3,M,3,0,1.0,0,Duque de Caxias,517.6,578.8,445.4,470.5,640.0,3,C
210060099598,3,F,2,0,1.0,0,Nilópolis,363.0,442.2,507.0,344.9,460.0,4,F
210058449227,3,M,2,0,1.0,0,Duque de Caxias,533.3,604.1,481.9,637.0,760.0,2,B
210061031000,3,M,3,0,1.0,0,Nova Iguaçu,660.7,731.1,579.4,766.3,940.0,3,E
210060747903,4,M,3,0,1.0,0,Niterói,512.6,415.8,450.4,537.8,340.0,3,C
210060099552,2,F,3,0,1.0,0,Nilópolis,561.4,603.4,554.9,554.5,800.0,5,E
210060990926,3,F,2,0,1.0,0,Belford Roxo,534.0,575.4,567.0,467.3,560.0,3,G
210059950048,2,M,4,0,1.0,0,Duque de Caxias,454.2,516.5,519.8,478.7,460.0,4,B
210059757345,4,M,2,0,1.0,0,Nilópolis,634.3,589.8,635.9,749.5,600.0,3,B
210059483207,3,M,2,0,1.0,0,Belford Roxo,487.9,383.5,435.0,514.0,380.0,3,B
210061021825,3,F,3,0,1.0,0,Niterói,411.0,614.7,574.8,577.3,940.0,5,H
210059394608,2,F,1,0,1.0,0,Duque de Caxias,397.4,470.9,439.8,422.1,400.0,3,L
210059935084,3,M,3,0,1.0,0,Nova Iguaçu,417.5,509.5,427.0,357.5,620.0,3,A
210061011931,2,F,1,0,1.0,0,Nova Iguaçu,527.0,531.4,445.1,479.6,880.0,4,F
210060099506,2,F,2,0,1.0,0,Duque de Caxias,479.9,443.8,490.8,501.3,680.0,4,B
210059110142,2,M,1,0,1.0,0,Duque de Caxias,581.8,609.5,547.8,661.5,560.0,2,C
210059123094,3,M,3,0,1.0,0,Maricá,440.3,499.2,381.0,405.6,600.0,3,C
210058214173,3,F,3,0,1.0,0,Niterói,556.9,587.0,530.3,624.0,920.0,6,D
210060630318,2,M,2,0,1.0,0,Nova Iguaçu,644.1,647.9,660.5,725.1,860.0,3,K
210059848532,2,F,3,0,1.0,0,Maricá,457.0,499.7,478.3,338.1,560.0,2,C
210061405215,2,F,1,0,1.0,0,Duque de Caxias,530.4,625.9,609.7,496.9,840.0,3,K
210058331431,2,F,1,0,1.0,0,São João de Meriti,563.9,660.5,573.0,419.5,780.0,3,D
210061343435,3,F,1,0,1.0,0,Duque de Caxias,409.6,455.6,412.7,366.0,600.0,5,A
210059931041,2,F,3,0,1.0,0,Duque de Caxias,441.3,503.3,493.8,526.3,540.0,5,C
210061457063,3,F,3,0,1.0,0,Duque de Caxias,433.7,603.8,624.2,448.4,680.0,5,C
210060595034,3,F,3,0,1.0,0,Maricá,459.5,498.6,512.0,442.3,460.0,3,B
210061161836,4,F,1,0,1.0,0,São João de Meriti,525.6,563.6,510.7,527.8,740.0,3,B
210060630266,4,M,1,0,1.0,0,Niterói,495.8,586.5,560.5,495.1,460.0,2,B
210061192650,3,F,3,0,1.0,0,Duque de Caxias,426.3,548.2,517.2,478.9,640.0,3,B
210060578007,2,F,1,0,1.0,0,Duque de Caxias,589.1,612.8,574.4,649.1,580.0,2,B
210061322300,2,F,1,0,1.0,0,Nova Iguaçu,701.6,689.3,645.2,797.8,960.0,3,F
210061243185,4,M,3,0,1.0,0,Nova Iguaçu,435.2,461.7,454.3,499.0,300.0,5,C
210059574492,3,F,1,0,1.0,0,Belford Roxo,522.8,580.7,526.0,584.5,680.0,4,B
210061202438,2,M,3,0,1.0,0,Nova Iguaçu,443.3,469.6,483.9,518.2,500.0,2,C
210060594985,2,F,3,0,1.0,0,Nova Iguaçu,401.3,482.4,541.9,360.9,380.0,4,C
210059985275,2,F,2,0,1.0,0,Nova Iguaçu,446.2,371.2,498.3,458.7,560.0,5,B
210060700311,3,F,1,0,1.0,0,Nilópolis,603.7,649.0,653.3,744.0,920.0,6,K
210058213969,3,F,1,0,1.0,0,Niterói,490.8,546.8,518.1,460.0,800.0,3,B
210061202446,3,F,3,0,1.0,0,Niterói,493.1,506.1,462.5,472.3,760.0,2,B
210059123008,2,M,1,0,1.0,0,Niterói,547.7,613.1,549.6,709.5,760.0,2,B
210060659711,1,F,1,0,1.0,0,Nova Iguaçu,537.5,571.3,546.8,489.3,900.0,2,E
210061212289,3,F,3,0,1.0,0,Nova Iguaçu,398.3,477.4,452.5,482.9,340.0,3,B
210058153510,3,F,3,0,1.0,0,Niterói,530.5,542.1,523.2,580.5,600.0,4,D
210060614583,3,F,3,0,1.0,0,Niterói,394.8,498.5,491.9,481.3,320.0,3,B
210059123032,3,M,1,0,1.0,0,Nova Iguaçu,484.9,577.3,564.6,485.3,400.0,4,B
210059910466,3,M,2,0,1.0,0,Niterói,451.0,488.1,539.3,550.5,540.0,4,B
210061295086,1,F,1,0,1.0,0,São João de Meriti,557.8,548.6,612.1,408.4,660.0,4,D
210058978895,3,F,3,0,1.0,0,Nova Iguaçu,524.2,517.1,510.2,471.2,700.0,2,B
210059017677,3,M,1,0,1.0,0,Niterói,682.6,598.1,555.5,640.7,720.0,4,B
210059815282,3,F,1,0,1.0,0,Nova Iguaçu,608.0,611.6,540.9,697.0,720.0,4,J
210060533925,3,F,1,0,1.0,0,Niterói,563.2,657.5,609.4,702.1,900.0,3,N
210059897411,2,F,3,0,1.0,0,Maricá,581.1,536.5,527.6,604.9,800.0,4,I
210060479900,3,M,1,0,1.0,0,Niterói,578.1,641.3,585.7,673.7,880.0,5,B
210061304973,4,F,2,0,1.0,0,Nova Iguaçu,462.8,394.5,534.8,405.1,400.0,3,C
210059667219,3,M,2,0,1.0,0,Duque de Caxias,560.5,553.3,535.4,469.5,540.0,4,B
210059030537,4,F,1,0,1.0,0,Belford Roxo,539.4,590.1,623.4,541.4,700.0,3,E
210059030538,3,F,1,0,1.0,0,Niterói,658.5,598.3,554.6,749.2,920.0,4,M
210059030499,11,M,1,0,2.0,0,Nova Iguaçu,531.4,532.5,562.1,635.6,520.0,4,B
210059680191,3,F,1,0,1.0,0,Duque de Caxias,491.5,511.9,529.8,367.0,680.0,3,B
210060520834,4,F,1,0,1.0,0,Nova Iguaçu,656.1,653.6,612.9,735.6,940.0,5,M
210061171631,4,F,3,0,1.0,0,Duque de Caxias,464.6,485.3,498.4,492.1,600.0,3,C
210061435919,2,F,1,0,1.0,0,Niterói,583.4,607.0,604.2,677.0,920.0,4,N
210059073143,2,F,1,0,1.0,0,Duque de Caxias,554.3,630.3,562.9,642.9,940.0,4,B
210059056397,3,F,3,0,1.0,0,Nilópolis,499.8,456.0,463.3,382.1,760.0,3,K
210061161813,3,M,1,0,1.0,0,Niterói,523.0,545.5,597.0,721.5,660.0,3,E
210059861562,2,M,1,0,1.0,0,Nova Iguaçu,609.0,668.6,664.1,743.6,960.0,2,E
210061445764,3,F,2,0,1.0,0,Niterói,538.4,550.3,568.9,586.4,660.0,2,C
210061304874,3,M,2,0,1.0,0,Duque de Caxias,439.5,481.3,491.8,403.8,520.0,3,C
210060781306,4,F,2,0,1.0,0,Niterói,477.8,534.9,541.8,487.8,580.0,5,A
210059512377,2,M,2,0,1.0,0,Nova Iguaçu,480.4,519.3,488.5,346.1,560.0,2,B
210060790131,2,F,1,0,1.0,0,Niterói,540.4,608.6,611.2,751.4,960.0,4,P
210058815786,2,F,3,0,1.0,0,Maricá,425.6,557.6,509.3,682.7,760.0,3,B
210060981353,2,F,3,0,1.0,0,Nova Iguaçu,327.8,442.0,442.3,490.7,440.0,6,C
210059499299,2,F,2,0,1.0,0,Duque de Caxias,510.3,625.5,602.1,607.0,680.0,4,C
210058385749,2,M,1,0,1.0,0,Niterói,565.5,575.0,567.3,567.9,540.0,3,C
210058513218,3,F,3,0,1.0,0,Duque de Caxias,497.3,575.7,571.7,534.9,860.0,3,B
210058809173,2,M,3,0,1.0,0,Duque de Caxias,480.0,556.1,551.9,632.6,760.0,3,D
210061436129,3,F,3,0,1.0,0,Belford Roxo,410.2,364.6,359.5,390.9,480.0,5,B
210060494921,2,F,1,0,1.0,0,Nova Iguaçu,450.0,477.1,486.9,336.2,360.0,3,A
210059869453,3,M,1,0,1.0,0,Nilópolis,420.1,455.7,454.6,437.5,360.0,4,D
210060494923,2,F,1,0,1.0,0,Nova Iguaçu,516.8,512.4,505.9,576.6,920.0,2,B
210059680305,2,F,3,0,1.0,0,Niterói,516.3,354.9,476.1,532.2,640.0,3,D
210060570761,4,F,3,0,1.0,0,Nilópolis,571.2,639.3,600.1,621.4,800.0,3,C
210059060213,3,M,1,0,1.0,0,Duque de Caxias,523.1,458.3,431.4,454.4,300.0,5,C
210059034044,2,F,1,0,1.0,0,Duque de Caxias,390.9,502.1,436.4,421.3,600.0,3,G
210059017759,3,M,2,0,1.0,0,São João de Meriti,603.8,536.5,571.2,576.2,600.0,3,D
210059833555,3,F,3,0,1.0,0,Niterói,476.3,608.0,554.3,460.0,880.0,4,G
210061161903,2,F,3,0,1.0,0,Niterói,497.3,601.0,574.7,697.5,860.0,4,G
210060533940,3,M,3,0,1.0,0,Niterói,521.8,536.1,517.5,597.9,540.0,4,C
210059071377,4,F,3,0,1.0,0,Niterói,535.6,569.9,633.3,624.6,600.0,4,C
210059708148,3,M,2,0,1.0,0,Nova Iguaçu,392.5,309.3,379.3,372.9,320.0,2,B
210059654318,5,M,2,0,1.0,0,Duque de Caxias,433.5,542.2,535.9,378.8,480.0,6,D
210061161912,3,M,3,0,1.0,0,São João de Meriti,572.3,607.2,605.5,551.0,720.0,3,G
210059923635,2,F,2,0,1.0,0,Nova Iguaçu,384.4,487.3,407.1,370.2,720.0,5,I
210059667354,3,F,3,0,1.0,0,Niterói,592.7,606.7,640.8,769.6,920.0,3,O
210058256488,2,F,1,0,1.0,0,Belford Roxo,368.8,423.1,421.9,350.5,360.0,2,B
210060560943,3,M,1,0,1.0,0,Maricá,613.9,597.1,601.1,741.9,840.0,5,O
210059910527,3,F,1,0,1.0,0,Niterói,566.5,612.8,610.0,419.6,760.0,4,F
210059951664,2,F,3,0,1.0,0,Nova Iguaçu,552.8,451.1,398.2,487.4,780.0,4,D
210059484271,2,F,1,0,1.0,0,Niterói,518.1,511.2,581.1,658.4,840.0,4,L
210061182895,3,M,1,0,1.0,0,Nova Iguaçu,576.2,601.4,573.9,679.9,560.0,4,G
210061354711,2,M,1,0,1.0,0,São João de Meriti,504.4,499.3,515.0,436.3,640.0,4,B
210059978580,3,F,1,0,1.0,0,Niterói,577.1,601.1,564.7,575.4,860.0,3,O
210060991094,3,F,1,0,1.0,0,Maricá,488.5,555.3,564.9,481.0,860.0,2,G
210058341395,3,F,1,0,1.0,0,Nova Iguaçu,581.3,591.2,542.5,621.8,920.0,2,C
210061274089,2,F,1,0,1.0,0,Niterói,672.6,654.4,639.3,858.3,940.0,5,Q
210058991916,2,F,0,0,1.0,0,Niterói,485.0,594.7,565.0,635.8,920.0,5,H
210058949674,3,M,3,0,1.0,0,Belford Roxo,531.4,591.8,554.4,461.9,660.0,3,C
210060630401,2,M,3,0,1.0,0,Duque de Caxias,456.8,529.1,537.8,591.9,620.0,4,G
210058296654,3,M,2,0,1.0,0,Nova Iguaçu,607.9,588.5,562.1,668.0,480.0,4,G
210058964687,2,M,2,0,1.0,0,São João de Meriti,506.6,556.8,392.7,608.0,500.0,5,E
210061243256,3,F,1,0,1.0,0,Nilópolis,390.4,521.0,535.6,405.5,600.0,5,G
210061212381,2,F,3,0,1.0,0,Nova Iguaçu,472.4,587.6,557.1,426.0,760.0,3,D
210061223469,2,M,1,0,1.0,0,Niterói,614.6,649.9,613.9,804.3,920.0,3,J
210061385598,2,M,1,0,1.0,0,Nova Iguaçu,555.5,607.4,620.3,647.1,680.0,3,C
210059587565,3,M,1,0,1.0,0,Niterói,678.7,702.0,692.8,786.1,900.0,3,N
210061436094,3,F,1,0,1.0,0,Nova Iguaçu,512.4,540.3,511.6,557.1,640.0,2,B
210061274106,2,F,1,0,1.0,0,Duque de Caxias,439.0,542.8,615.9,517.9,540.0,5,C
210060645394,3,F,1,0,1.0,0,Niterói,537.5,632.7,572.5,663.1,940.0,3,E
210059355850,3,F,1,0,1.0,0,São João de Meriti,500.2,550.5,574.3,479.2,760.0,4,B
210059018289,2,M,3,0,1.0,0,Niterói,592.8,616.8,669.1,653.0,940.0,3,E
210059005352,2,M,1,0,1.0,0,São João de Meriti,615.7,609.5,583.4,677.0,880.0,3,J
210059785677,3,F,1,0,1.0,0,Niterói,644.8,577.0,552.2,754.2,960.0,8,J
210059785660,3,F,3,0,1.0,0,Nova Iguaçu,423.7,478.9,457.8,410.3,780.0,3,B
210058485991,3,M,3,0,1.0,0,Duque de Caxias,633.3,623.5,592.1,634.5,740.0,4,I
210058992418,3,M,3,0,1.0,0,São João de Meriti,460.1,479.5,462.8,466.2,340.0,3,E
210059018298,3,F,1,0,1.0,0,Niterói,475.3,570.2,475.3,480.0,600.0,2,B
210059483356,2,F,1,0,1.0,0,Maricá,380.2,431.8,357.3,379.4,800.0,2,G
210060728379,3,F,3,0,1.0,0,Nova Iguaçu,459.4,410.4,505.6,413.4,560.0,6,B
210059511445,3,M,1,0,1.0,0,São João de Meriti,585.7,569.1,537.7,648.1,520.0,4,G
210058979494,2,M,1,0,1.0,0,Niterói,495.6,589.5,612.9,823.0,860.0,4,O
210059496431,2,M,3,0,1.0,0,Nova Iguaçu,610.4,614.3,608.4,744.3,740.0,3,H
210059524531,3,M,1,0,1.0,0,São João de Meriti,501.1,484.5,538.5,584.4,560.0,4,G
210060697474,3,F,3,0,1.0,0,Nova Iguaçu,476.6,520.6,512.5,398.5,860.0,4,E
210058966622,3,F,3,0,1.0,0,Duque de Caxias,522.4,607.7,601.0,620.1,680.0,3,F
210061032347,3,M,3,0,1.0,0,Niterói,648.0,679.0,561.8,681.0,620.0,4,H
210060749320,3,M,3,0,1.0,0,Duque de Caxias,476.4,449.2,413.6,519.7,480.0,4,A
210061002349,2,F,2,0,1.0,0,Nova Iguaçu,404.3,377.2,509.2,411.1,440.0,6,B
210061012162,2,F,3,0,1.0,0,Niterói,422.8,467.2,451.6,464.9,460.0,2,B
210059381737,3,F,1,0,1.0,0,Niterói,700.0,634.3,650.4,858.9,940.0,4,M
210059537563,2,M,3,0,1.0,0,Nilópolis,512.9,558.4,553.0,621.8,320.0,3,B
210060168840,2,M,1,0,1.0,0,Niterói,785.3,594.4,618.5,804.6,920.0,5,Q
210058513245,2,F,3,0,1.0,0,Nova Iguaçu,549.4,554.1,523.9,502.6,740.0,3,D
210058788571,2,F,3,0,1.0,0,Maricá,407.8,407.1,494.3,530.0,600.0,4,F
210060769087,3,M,2,0,1.0,0,São João de Meriti,560.7,531.6,554.8,586.6,700.0,3,F
210059826794,3,F,1,0,1.0,0,Nova Iguaçu,386.2,373.0,449.9,425.8,760.0,3,D
210059044121,3,F,1,0,1.0,0,Nova Iguaçu,549.3,616.6,577.9,617.4,880.0,5,E
210059978657,2,F,2,0,1.0,0,Niterói,485.8,424.6,392.3,531.3,720.0,5,D
210060168832,2,F,3,0,1.0,0,Nova Iguaçu,455.2,502.2,510.5,517.8,900.0,2,C
210059372792,3,M,3,0,1.0,0,Niterói,618.6,671.3,614.4,824.8,880.0,4,D
210059409800,2,M,1,0,1.0,0,Nova Iguaçu,546.3,571.7,587.4,707.5,760.0,5,E
210060666469,4,M,3,0,1.0,0,Duque de Caxias,362.9,341.5,402.4,479.2,360.0,4,C
210059381834,3,M,3,0,1.0,0,Nova Iguaçu,548.7,522.0,583.3,621.1,640.0,4,G
210059909057,2,F,1,0,1.0,0,Duque de Caxias,557.6,551.7,572.6,530.9,860.0,3,N
210059355799,3,F,1,0,1.0,0,Nova Iguaçu,431.0,383.4,468.7,470.2,620.0,4,C
210059110783,2,M,1,0,1.0,0,Niterói,606.3,637.1,639.8,757.9,960.0,4,Q
210060061039,3,F,1,0,1.0,0,Niterói,629.3,598.7,651.9,690.3,920.0,3,P
210059084871,2,M,1,0,1.0,0,Niterói,642.5,627.2,622.2,696.6,940.0,4,H
210060800057,2,F,2,0,1.0,0,São João de Meriti,414.8,458.4,465.4,392.9,600.0,2,D
210059909083,3,F,1,0,1.0,0,Niterói,545.2,573.1,622.9,660.7,820.0,4,G
210059568733,3,F,3,0,1.0,0,Maricá,562.7,558.5,542.3,592.8,760.0,2,B
210059381855,2,F,1,0,1.0,0,Niterói,613.2,636.9,597.2,709.0,960.0,4,N
210059396833,2,F,1,0,1.0,0,Duque de Caxias,620.9,580.1,598.6,698.0,800.0,3,D
210060666480,3,M,1,0,1.0,0,Duque de Caxias,455.0,565.0,551.9,704.5,680.0,5,H
210059442095,2,F,1,0,1.0,0,Niterói,608.7,658.5,638.0,655.3,980.0,3,Q
210058412905,3,M,1,0,1.0,0,Niterói,624.1,668.3,617.1,797.0,900.0,3,H
210059922075,2,F,3,0,1.0,0,Duque de Caxias,537.1,517.8,519.9,583.0,660.0,4,B
210060140745,3,M,1,0,1.0,0,Duque de Caxias,539.8,526.4,455.2,354.8,360.0,3,B
210059353619,3,F,1,0,1.0,0,Niterói,521.3,579.8,545.2,695.3,940.0,3,E
210059483333,3,M,3,0,1.0,0,Nilópolis,488.6,520.4,562.2,623.9,860.0,3,M
210059388749,3,M,1,0,1.0,0,Niterói,647.4,648.9,577.4,701.6,860.0,2,M
210059327669,4,F,1,0,1.0,0,Duque de Caxias,550.6,605.6,571.0,531.1,900.0,4,C
210059511370,2,F,3,0,1.0,0,Maricá,528.4,495.2,505.5,540.3,640.0,5,G
210058953795,3,M,1,0,1.0,0,Nova Iguaçu,649.6,765.4,601.0,731.8,760.0,5,M
210060112696,3,F,1,0,1.0,0,Niterói,639.0,645.4,610.5,735.0,920.0,4,O
210059340512,2,M,3,0,1.0,0,Duque de Caxias,559.9,627.4,580.7,645.6,880.0,4,C
210061012086,3,F,3,0,1.0,0,Duque de Caxias,517.5,611.8,528.3,674.3,920.0,4,J
210059368649,2,F,3,0,1.0,0,Duque de Caxias,545.3,546.7,573.9,556.5,620.0,4,C
210059483308,3,F,1,0,1.0,0,Duque de Caxias,593.8,671.4,592.0,702.1,840.0,3,B
210060680836,3,F,2,0,1.0,0,Nova Iguaçu,435.2,432.9,350.5,458.0,760.0,4,B
210059043603,2,F,3,0,1.0,0,Duque de Caxias,438.4,489.3,527.9,473.5,760.0,3,C
210059101448,3,M,3,0,1.0,0,São João de Meriti,407.3,428.1,399.3,400.7,560.0,2,B
210061305031,3,M,3,0,1.0,0,Maricá,517.0,394.1,446.2,468.4,880.0,3,B
210058235212,3,M,0,0,1.0,0,Niterói,548.1,585.5,530.0,573.3,760.0,4,G
210060548929,3,M,1,0,1.0,0,Niterói,618.7,654.2,611.2,719.1,960.0,3,M
210060661281,2,F,3,0,1.0,0,Niterói,427.4,586.7,533.3,635.4,840.0,4,D
210060520988,2,F,1,0,1.0,0,Duque de Caxias,465.2,390.3,484.8,485.3,580.0,5,B
210061447391,3,M,1,0,1.0,0,Niterói,456.4,527.8,497.3,513.0,640.0,5,L
210059680350,3,F,1,0,1.0,0,Niterói,596.5,668.5,655.1,640.2,960.0,3,N
210061152126,3,F,1,0,1.0,0,Maricá,554.9,429.4,572.6,579.0,840.0,4,E
210059058465,3,F,1,0,1.0,0,Nilópolis,550.8,566.2,552.4,540.3,940.0,4,G
210061395577,2,F,1,0,1.0,0,Nova Iguaçu,434.2,439.2,460.4,462.7,360.0,3,B
210060630657,3,M,1,0,1.0,0,Niterói,559.0,633.1,607.6,746.4,880.0,4,C
210059123748,3,F,3,0,1.0,0,Maricá,541.4,594.8,575.2,525.4,660.0,2,B
210058412965,2,F,1,0,1.0,0,Duque de Caxias,442.5,544.4,514.0,513.8,720.0,3,E
210058048266,3,F,2,0,1.0,0,Nova Iguaçu,381.0,441.2,451.5,490.7,540.0,2,C
210060680712,3,F,2,0,1.0,0,Nova Iguaçu,418.3,382.4,430.7,409.9,840.0,4,E
210060630568,3,M,3,0,1.0,0,Niterói,586.1,599.8,525.7,638.2,840.0,5,I
210059843433,2,F,3,0,1.0,0,Nova Iguaçu,604.8,630.3,553.5,709.3,940.0,2,E
210059555687,3,M,2,0,1.0,0,Duque de Caxias,648.6,649.5,638.0,802.5,900.0,4,D
210060595122,2,M,3,0,1.0,0,Nova Iguaçu,567.5,635.3,605.8,633.5,660.0,2,D
210059123764,3,M,3,0,1.0,0,São João de Meriti,383.2,442.7,390.2,338.0,620.0,4,D
210059881059,2,M,1,0,1.0,0,Niterói,523.9,532.9,516.5,499.3,660.0,4,I
210059807381,2,M,1,0,1.0,0,Nilópolis,544.6,593.2,562.7,690.9,760.0,4,K
210060680757,3,M,1,0,1.0,0,Niterói,389.1,367.8,319.1,556.8,940.0,4,Q
210059034099,2,F,2,0,1.0,0,Belford Roxo,609.8,545.1,517.1,439.6,460.0,4,B
210059820447,5,F,3,0,1.0,0,Duque de Caxias,472.7,545.5,573.3,614.4,440.0,4,C
210058990855,4,F,3,0,1.0,0,Duque de Caxias,652.0,628.1,518.7,755.0,960.0,2,G
210059030652,3,M,1,0,1.0,0,Niterói,669.0,703.9,655.2,853.6,800.0,3,N
210058991955,3,M,1,0,1.0,0,Niterói,587.4,610.2,599.7,594.6,760.0,3,K
210059925653,5,F,3,0,1.0,0,Nova Iguaçu,505.5,422.5,523.7,391.3,360.0,6,B
210059884577,2,M,1,0,1.0,0,Duque de Caxias,512.3,595.0,610.7,624.5,540.0,3,C
210060680764,2,F,3,0,1.0,0,Niterói,516.8,523.9,558.8,622.0,580.0,4,D
210061426385,2,M,2,0,1.0,0,Nova Iguaçu,531.1,615.4,614.6,586.3,620.0,5,E
210060670961,2,M,1,0,1.0,0,Nova Iguaçu,635.0,690.6,575.8,743.0,760.0,3,D
210061385707,3,F,1,0,1.0,0,Niterói,745.1,681.2,653.7,816.9,940.0,5,Q
210061275465,3,F,3,0,1.0,0,Duque de Caxias,388.2,507.6,520.5,417.1,440.0,4,B
210059537658,3,F,2,0,1.0,0,Niterói,461.0,409.1,506.4,552.7,940.0,3,B
210059342908,1,M,1,0,1.0,0,Nilópolis,717.1,678.0,642.3,862.1,920.0,5,B
210059031276,2,M,1,0,1.0,0,Niterói,324.3,474.7,484.9,599.6,940.0,4,Q
210059329898,3,M,3,0,1.0,0,Maricá,514.8,412.8,426.7,526.4,220.0,5,C
210058788643,3,M,3,0,1.0,0,Nilópolis,548.1,542.2,551.1,566.8,620.0,5,D
210059813749,2,M,3,0,1.0,0,Nova Iguaçu,456.1,478.7,494.6,428.4,400.0,4,B
210061032483,3,F,1,0,1.0,0,Maricá,575.2,595.9,582.5,424.3,800.0,3,H
210059342882,3,F,4,0,1.0,0,Duque de Caxias,522.3,609.5,617.1,690.6,720.0,4,G
210059527522,2,F,1,0,1.0,0,Niterói,692.3,628.0,608.0,835.3,960.0,5,Q
210060181960,4,F,3,0,1.0,0,São João de Meriti,513.6,425.8,488.8,570.0,500.0,4,C
210061063202,3,M,1,0,1.0,0,Niterói,502.1,532.4,510.2,610.2,900.0,4,O
210059372806,2,F,2,0,1.0,0,Duque de Caxias,456.4,401.7,420.8,375.4,540.0,3,B
210059031249,2,F,1,0,1.0,0,Niterói,545.8,590.2,553.3,636.9,920.0,2,L
210059018329,3,F,3,0,1.0,0,Nova Iguaçu,486.8,472.9,407.5,489.9,300.0,1,B
210060482066,3,F,3,0,1.0,0,Belford Roxo,438.5,542.1,576.6,463.0,360.0,4,A
210059615536,3,F,1,0,1.0,0,Maricá,431.5,651.4,622.9,493.0,800.0,3,G
210060000545,2,M,3,0,1.0,0,Duque de Caxias,466.0,485.4,502.8,406.2,500.0,4,D
210059946237,3,M,3,0,1.0,0,Duque de Caxias,447.8,485.7,507.3,390.9,480.0,3,B
210060635757,3,M,1,0,1.0,0,Niterói,529.9,606.9,537.6,716.5,720.0,4,H
210061447564,2,M,3,0,1.0,0,Niterói,516.7,583.2,326.6,508.8,720.0,4,D
210059574709,2,M,3,0,1.0,0,Nova Iguaçu,523.3,512.8,530.8,538.7,540.0,4,D
210060482055,2,F,1,0,1.0,0,Nova Iguaçu,653.9,651.0,631.4,713.3,940.0,4,L
210059021121,2,M,3,0,1.0,0,Nova Iguaçu,457.9,553.3,580.0,577.3,800.0,4,D
210061324070,2,M,1,0,1.0,0,Nova Iguaçu,562.9,639.6,592.8,665.2,620.0,3,B
210060007934,2,M,1,0,1.0,0,Niterói,577.0,639.1,605.5,719.8,900.0,4,N
210060635724,4,M,3,0,1.0,0,Maricá,510.8,570.3,576.1,645.3,640.0,5,D
210059982299,3,M,1,0,1.0,0,Niterói,644.9,684.3,695.3,725.8,940.0,4,P
210059641451,2,F,2,0,1.0,0,Duque de Caxias,485.1,550.1,547.9,384.0,300.0,3,B
210058182333,2,F,3,0,1.0,0,Nova Iguaçu,430.5,501.3,483.3,427.3,600.0,6,C
210059034133,3,M,2,0,1.0,0,Maricá,449.7,418.5,521.7,529.5,540.0,4,D
210061437621,4,F,2,0,1.0,0,São João de Meriti,534.0,533.3,623.1,651.2,900.0,3,C
210061468550,3,F,1,0,1.0,0,Nova Iguaçu,531.9,512.3,537.3,568.2,600.0,3,B
210059992951,3,M,2,0,1.0,0,Nova Iguaçu,536.4,560.3,584.4,605.0,720.0,4,A
210059807430,3,M,3,0,1.0,0,Nova Iguaçu,552.3,646.3,584.5,577.6,560.0,3,A
210060561081,2,M,3,0,1.0,0,Nilópolis,453.6,470.6,498.1,608.3,660.0,6,D
210058341488,3,M,3,0,1.0,0,Nova Iguaçu,467.9,379.4,465.4,420.5,700.0,4,B
210061202684,2,M,3,0,1.0,0,Duque de Caxias,575.9,551.4,546.3,684.1,800.0,3,E
210059815417,2,F,1,0,1.0,0,Nova Iguaçu,584.2,609.4,567.4,648.6,700.0,3,C
210058182461,3,F,3,0,1.0,0,Nova Iguaçu,513.9,458.9,468.2,351.8,620.0,4,B
210058246622,3,F,3,0,1.0,0,Niterói,602.2,625.9,605.8,664.8,940.0,7,K
210058246627,3,F,1,0,1.0,0,Maricá,424.1,476.1,513.0,458.3,440.0,5,F
210059931217,2,M,3,0,1.0,0,Nova Iguaçu,377.1,380.3,479.1,489.1,520.0,4,E
210060680922,3,M,3,0,1.0,0,Duque de Caxias,473.8,509.0,485.3,603.3,560.0,3,C
210061437708,3,F,1,0,1.0,0,Nova Iguaçu,645.9,679.7,600.0,744.1,940.0,4,K
210059561701,3,M,3,0,1.0,0,São João de Meriti,525.1,501.2,498.1,380.9,500.0,3,B
210061333832,3,M,3,0,1.0,0,Nova Iguaçu,494.6,534.3,501.1,508.0,520.0,4,B
210059918047,3,M,1,0,1.0,0,Nova Iguaçu,436.8,613.8,568.7,452.5,580.0,3,D
210060595151,2,F,1,0,1.0,0,Duque de Caxias,373.0,500.5,525.7,425.4,540.0,4,E
210060614731,3,M,1,0,1.0,0,Maricá,574.7,587.5,514.9,630.2,340.0,5,H
210059587654,2,M,3,0,1.0,0,Maricá,606.7,579.6,569.9,761.2,880.0,4,I
210059548755,3,F,1,0,1.0,0,Nova Iguaçu,550.3,540.9,583.1,603.9,800.0,4,B
210059967228,3,F,1,0,1.0,0,Nova Iguaçu,497.3,562.9,543.7,498.4,900.0,4,G
210058235390,4,M,3,0,1.0,0,Duque de Caxias,573.0,613.3,541.4,719.6,760.0,4,C
210059587637,3,F,2,0,1.0,0,São João de Meriti,475.0,547.1,571.9,660.3,900.0,2,C
210058431870,3,F,1,0,1.0,0,São João de Meriti,658.0,628.2,595.5,688.4,940.0,3,D
210058458942,3,F,1,0,1.0,0,Niterói,529.5,642.4,613.5,726.3,880.0,3,J
210060140887,3,F,3,0,1.0,0,Maricá,549.0,578.7,601.0,603.6,840.0,4,I
210059909201,2,F,1,0,1.0,0,Nova Iguaçu,482.4,334.7,517.0,365.0,400.0,4,D
210059123837,3,F,1,0,1.0,0,Niterói,466.4,511.1,527.5,475.0,760.0,4,C
210059757598,2,F,3,0,1.0,0,Duque de Caxias,497.7,536.9,527.3,551.9,880.0,3,C
210058992510,2,F,1,0,1.0,0,São João de Meriti,476.9,534.2,554.2,435.7,560.0,5,C
210059410138,3,F,1,0,1.0,0,Nova Iguaçu,560.2,620.1,617.6,534.4,560.0,3,C
210060707431,3,F,1,0,1.0,0,Niterói,672.7,689.5,668.1,787.2,960.0,4,Q
210059492344,3,M,1,0,1.0,0,São João de Meriti,481.4,591.8,578.5,626.6,560.0,4,H
210058413014,3,F,3,0,1.0,0,Maricá,492.4,392.5,466.2,425.8,520.0,4,D
210059511557,2,F,1,0,1.0,0,Niterói,607.7,595.9,631.2,746.2,940.0,2,H
210061105637,2,F,1,0,1.0,0,Niterói,607.9,670.3,589.6,784.7,960.0,4,Q
210059388953,3,F,3,0,1.0,0,Nilópolis,329.4,466.3,472.8,366.1,300.0,7,B
210060127868,3,F,1,0,1.0,0,Nova Iguaçu,379.1,349.2,400.6,388.2,420.0,4,B
210060708742,3,M,4,0,1.0,0,Niterói,576.4,578.6,524.2,669.0,800.0,4,L
210058992464,2,M,1,0,1.0,0,Belford Roxo,494.4,532.3,443.2,388.6,600.0,3,C
210060155869,3,F,2,0,1.0,0,Nova Iguaçu,437.1,605.8,510.6,500.5,840.0,4,C
210060738251,3,F,2,0,1.0,0,Belford Roxo,525.0,518.7,508.7,399.0,300.0,4,C
210059813780,2,F,3,0,1.0,0,Nova Iguaçu,468.7,524.8,569.9,472.6,660.0,4,B
210059565821,1,M,3,0,1.0,0,Belford Roxo,474.4,574.6,606.0,632.4,700.0,4,C
210060718564,3,M,1,0,1.0,0,Duque de Caxias,592.2,511.5,518.9,678.0,860.0,3,H
210059520385,2,F,3,0,1.0,0,Belford Roxo,435.6,542.2,547.5,496.5,560.0,4,C
210059798795,3,M,2,0,1.0,0,Belford Roxo,578.3,599.3,579.6,528.5,360.0,3,D
210060992756,3,M,1,0,1.0,0,Niterói,414.2,412.9,392.7,369.7,480.0,6,D
210059524579,2,M,3,0,1.0,0,Duque de Caxias,594.2,519.7,566.3,723.1,880.0,2,B
210059486354,3,M,3,0,1.0,0,Duque de Caxias,383.7,541.5,550.9,454.2,500.0,4,D
210059458232,3,M,1,0,1.0,0,Duque de Caxias,562.4,609.1,558.1,710.6,600.0,2,C
210059031279,3,F,2,0,1.0,0,Niterói,438.8,487.3,548.4,417.8,660.0,7,B
210058788677,3,F,3,0,1.0,0,Duque de Caxias,419.9,472.8,447.6,348.0,640.0,5,A
210058979551,2,F,1,0,1.0,0,Niterói,470.2,540.1,500.2,675.6,940.0,3,Q
210059524587,3,F,3,0,1.0,0,Nilópolis,412.4,446.6,423.6,363.2,380.0,3,B
210060759294,3,F,3,0,1.0,0,Niterói,425.4,489.4,483.2,479.3,860.0,3,B
210058795330,17,F,2,0,1.0,0,Nova Iguaçu,451.0,495.7,507.2,349.4,260.0,2,B
210059492230,2,M,2,0,1.0,0,Maricá,501.9,554.9,543.2,597.4,660.0,4,C
210059397256,4,F,3,0,1.0,0,Nova Iguaçu,436.7,487.6,507.9,447.3,620.0,3,C
210059401031,2,F,1,0,1.0,0,Nilópolis,451.0,625.8,608.9,626.3,960.0,3,G
210060801426,4,M,2,0,1.0,0,Duque de Caxias,484.8,430.0,452.9,459.7,400.0,4,B
210059097937,2,M,1,0,1.0,0,Nova Iguaçu,644.1,627.6,597.1,739.5,820.0,4,J
210059429129,3,M,2,0,1.0,0,Nova Iguaçu,510.9,554.5,506.3,443.2,340.0,3,H
210059401017,2,M,3,0,1.0,0,Duque de Caxias,459.6,418.0,488.6,498.7,280.0,3,E
210058404875,3,M,1,0,1.0,0,Niterói,565.8,608.5,583.8,721.0,920.0,3,Q
210060780410,3,F,3,0,1.0,0,Nova Iguaçu,561.3,508.6,463.0,492.1,380.0,4,A
210059372862,2,F,1,0,1.0,0,Nova Iguaçu,570.1,530.7,588.7,425.4,740.0,3,F
210059123805,7,F,3,0,1.0,0,Duque de Caxias,397.1,452.5,361.2,488.1,260.0,2,B
210061042394,2,F,1,0,1.0,0,Duque de Caxias,438.7,424.3,508.6,511.3,580.0,5,F
210059097928,2,M,3,0,1.0,0,Nilópolis,612.9,632.9,579.4,882.1,600.0,3,G
210059856576,3,F,2,0,1.0,0,Nova Iguaçu,342.6,397.3,448.9,336.3,400.0,4,C
210060707369,3,F,1,0,1.0,0,Niterói,550.6,617.7,575.4,617.0,580.0,3,H
210058449417,2,F,1,0,1.0,0,Niterói,510.7,597.9,640.0,663.2,760.0,3,F
210059807464,3,F,1,0,1.0,0,Niterói,593.5,613.3,607.5,694.1,960.0,4,N
210058940801,3,F,1,0,1.0,0,Nova Iguaçu,446.7,531.6,510.1,507.8,620.0,4,E
210059388870,2,F,2,0,1.0,0,Nova Iguaçu,551.6,593.8,581.0,575.9,940.0,4,F
210059494576,2,F,1,0,1.0,0,Niterói,623.6,578.3,624.7,730.8,940.0,3,G
210059941109,3,M,1,0,1.0,0,Maricá,536.8,556.3,567.7,650.6,600.0,4,D
210059004981,2,M,3,0,1.0,0,Nova Iguaçu,557.1,669.9,627.7,609.0,560.0,4,F
210059820537,3,M,1,0,1.0,0,Duque de Caxias,478.6,606.6,550.6,557.2,500.0,3,G
210059047305,2,M,0,0,1.0,0,São João de Meriti,443.8,441.3,390.5,498.2,440.0,3,E
210058953912,3,M,1,0,1.0,0,Niterói,606.9,628.8,635.3,774.5,920.0,4,O
210060495080,4,F,1,0,1.0,0,Nilópolis,447.1,593.1,522.1,648.4,600.0,6,E
210059375765,2,M,3,0,1.0,0,Nova Iguaçu,442.0,566.9,498.7,528.1,800.0,4,E
210060561116,2,M,1,0,1.0,0,Belford Roxo,377.1,509.9,466.3,342.9,460.0,3,C
210061162089,2,M,1,0,1.0,0,Niterói,659.6,636.7,620.8,785.4,940.0,4,Q
210059045652,2,F,1,0,1.0,0,Niterói,404.1,405.9,505.2,471.4,580.0,7,E
210060711564,3,M,1,0,1.0,0,Niterói,693.2,640.4,640.7,830.7,860.0,3,J
210061355018,2,M,3,0,1.0,0,Nova Iguaçu,414.4,478.5,510.4,544.1,500.0,2,B
210059075356,4,M,3,0,1.0,0,São João de Meriti,485.3,520.2,505.8,406.2,780.0,7,D
210059813926,2,F,1,0,1.0,0,Maricá,486.0,582.9,574.6,660.0,860.0,4,N
210059856613,3,F,2,0,1.0,0,Duque de Caxias,463.6,501.3,436.8,520.2,720.0,4,B
210060744138,2,M,3,0,1.0,0,Nova Iguaçu,438.5,515.1,438.8,440.6,680.0,4,C
210059473382,3,M,1,0,1.0,0,Maricá,528.8,577.6,566.4,545.9,720.0,3,N
210061162079,3,F,1,0,1.0,0,Niterói,587.8,596.9,655.3,692.3,960.0,4,Q
210059033348,2,F,3,0,1.0,0,Duque de Caxias,611.3,652.2,584.1,709.6,920.0,3,K
210061173190,4,M,1,0,1.0,0,Niterói,480.2,542.6,566.8,594.2,920.0,4,I
210060753911,2,M,1,0,1.0,0,Duque de Caxias,483.5,612.2,546.8,605.5,680.0,2,C
210059708319,2,F,3,0,1.0,0,Niterói,551.5,583.9,615.3,557.2,940.0,4,P
210059473392,3,F,3,0,1.0,0,São João de Meriti,469.3,483.1,501.4,462.0,820.0,4,D
210059800848,3,M,4,0,1.0,0,Niterói,714.4,660.5,667.8,793.5,720.0,3,Q
210060723223,2,F,1,0,1.0,0,Maricá,501.3,661.8,646.2,587.8,900.0,3,B
210061084724,3,F,0,0,1.0,0,Duque de Caxias,430.0,393.2,349.6,387.8,520.0,3,B
210059123868,1,M,1,0,1.0,0,Duque de Caxias,488.4,536.4,475.8,669.4,820.0,7,Q
210059085047,2,F,3,0,1.0,0,São João de Meriti,535.6,518.4,404.1,528.2,880.0,3,C
210060687699,2,M,2,0,1.0,0,São João de Meriti,516.8,568.3,519.5,578.9,520.0,2,E
210059520884,3,F,1,0,1.0,0,Nilópolis,530.5,642.5,649.7,507.4,600.0,3,B
210060048116,3,F,3,0,1.0,0,Nilópolis,481.9,483.5,474.1,462.9,540.0,7,B
210059429190,3,F,1,0,1.0,0,Niterói,483.3,595.7,564.7,488.6,920.0,2,C
210059524699,3,F,2,0,1.0,0,Nilópolis,594.0,631.0,607.6,720.4,780.0,3,G
210059430227,2,F,1,0,1.0,0,Duque de Caxias,482.7,592.7,575.0,585.4,740.0,3,C
210059539731,4,F,1,0,1.0,0,Niterói,552.4,616.6,595.3,444.4,640.0,6,F
210059533785,3,M,1,0,1.0,0,Nova Iguaçu,542.5,562.9,580.9,687.9,860.0,4,O
210060169023,3,F,1,0,1.0,0,Nilópolis,427.6,461.6,479.3,418.5,640.0,4,B
210059533790,3,M,2,0,1.0,0,São João de Meriti,490.2,585.9,516.3,569.3,580.0,2,D
210059535751,2,F,1,0,1.0,0,Duque de Caxias,559.0,545.8,541.9,670.1,700.0,4,C
210060140976,3,F,1,0,1.0,0,Duque de Caxias,560.6,398.7,501.4,461.9,780.0,5,B
210058796076,2,M,1,0,1.0,0,Duque de Caxias,603.1,594.9,553.2,622.0,820.0,2,C
210058449555,3,F,1,0,1.0,0,Maricá,533.2,583.8,547.5,649.1,720.0,3,E
210061125117,2,F,1,0,1.0,0,Duque de Caxias,497.3,531.3,572.9,657.4,940.0,4,C
210060168997,3,F,3,0,1.0,0,Nova Iguaçu,374.4,382.0,397.6,345.5,360.0,4,C
210059552771,3,F,3,0,1.0,0,Duque de Caxias,513.3,505.7,495.8,368.3,560.0,3,A
210059841973,2,F,3,0,1.0,0,Duque de Caxias,459.5,542.3,592.8,375.1,900.0,5,B
210059445148,2,M,1,0,1.0,0,Nova Iguaçu,556.4,358.8,503.4,540.0,520.0,5,D
210060790305,3,F,1,0,1.0,0,Maricá,586.0,583.2,606.7,602.5,680.0,4,G
210058505187,2,M,3,0,1.0,0,Duque de Caxias,496.5,586.9,472.0,570.3,560.0,5,C
210060790323,3,F,1,0,1.0,0,Duque de Caxias,522.4,518.9,575.8,457.8,760.0,3,B
210060759370,2,M,3,0,1.0,0,Belford Roxo,523.8,333.9,479.9,648.3,480.0,4,H
210058823260,2,F,1,0,1.0,0,Nova Iguaçu,437.6,339.7,425.2,425.3,540.0,3,B
210059524657,2,M,3,0,1.0,0,São João de Meriti,478.5,528.3,560.8,432.8,620.0,2,B
210059425277,2,F,3,0,1.0,0,Nova Iguaçu,581.8,564.4,550.0,658.5,880.0,3,F
210061105745,4,M,3,0,1.0,0,Duque de Caxias,581.4,595.3,614.8,587.1,440.0,4,D
210059438205,3,M,2,0,1.0,0,Belford Roxo,390.2,470.9,443.2,393.8,400.0,4,C
210060759336,2,F,3,0,1.0,0,Nova Iguaçu,432.4,494.2,431.0,357.6,540.0,2,B
210059425338,4,M,1,0,1.0,0,Duque de Caxias,546.2,611.3,556.7,589.8,700.0,5,C
210059524664,2,M,3,0,1.0,0,Niterói,610.4,475.0,561.5,686.2,920.0,5,Q
210060759359,2,F,1,0,1.0,0,Niterói,483.4,612.2,574.8,444.2,640.0,4,F
210058505158,2,M,1,0,1.0,0,Niterói,527.5,585.9,590.6,657.4,820.0,4,C
210059966950,2,M,1,0,1.0,0,Niterói,538.4,551.7,514.8,703.8,660.0,4,I
210058937387,3,F,3,0,1.0,0,Duque de Caxias,470.5,526.7,545.0,553.8,620.0,4,B
210060642152,4,F,1,0,1.0,0,Maricá,449.4,403.6,428.9,345.6,500.0,2,A
210061233622,2,M,3,0,1.0,0,Duque de Caxias,357.4,418.9,492.1,578.9,440.0,4,B
210061324259,2,M,1,0,1.0,0,Niterói,578.4,581.4,568.8,738.3,920.0,5,G
210061335417,3,F,1,0,1.0,0,Maricá,483.6,484.7,416.9,429.3,580.0,6,B
210059884582,2,M,2,0,2.0,0,Duque de Caxias,514.5,565.2,595.5,574.0,560.0,4,C
210058341611,4,M,3,0,1.0,0,Belford Roxo,548.1,526.2,519.9,563.7,340.0,2,B
210058951864,4,M,3,0,1.0,0,Niterói,488.3,484.9,354.5,354.5,660.0,4,B
210060632350,2,F,1,0,1.0,0,São João de Meriti,399.3,570.3,575.1,353.5,460.0,5,C
210060626053,2,F,3,0,1.0,0,Duque de Caxias,428.5,468.7,507.1,628.4,560.0,4,B
210059931317,2,F,1,0,1.0,0,Nova Iguaçu,516.6,576.9,538.6,607.5,700.0,3,B
210061458953,4,F,1,0,1.0,0,Niterói,498.6,579.2,612.9,450.6,660.0,6,F
210060605107,2,M,3,0,1.0,0,Maricá,469.4,477.3,474.4,492.0,720.0,4,B
210061285475,4,M,1,0,1.0,0,Duque de Caxias,506.5,651.5,615.1,596.7,500.0,4,E
210059032763,2,M,1,0,1.0,0,Nova Iguaçu,477.0,443.2,441.1,644.4,480.0,5,F
210060635806,3,F,1,0,1.0,0,Nilópolis,518.9,598.3,432.9,696.0,800.0,3,C
210059062331,2,F,3,0,1.0,0,Nova Iguaçu,602.4,597.0,536.0,630.6,840.0,3,G
210060761867,3,F,2,0,1.0,0,Duque de Caxias,566.8,704.7,628.7,758.3,720.0,4,J
210058992109,3,F,3,0,1.0,0,São João de Meriti,416.4,494.0,523.3,431.2,560.0,4,B
210058966229,2,M,1,0,1.0,0,Nova Iguaçu,411.3,490.3,460.1,574.9,400.0,5,E
210059954097,2,M,3,0,1.0,0,Duque de Caxias,391.8,432.5,475.9,410.2,420.0,2,B
210060692571,3,F,3,0,1.0,0,Duque de Caxias,438.4,523.1,511.4,437.8,900.0,2,B
210060661777,5,F,3,0,1.0,0,Duque de Caxias,377.9,458.8,374.9,405.8,360.0,4,B
210060015653,2,F,3,0,1.0,0,Nova Iguaçu,428.6,513.7,502.3,585.3,880.0,3,B
210061428006,3,F,2,0,1.0,0,Duque de Caxias,558.7,618.6,657.6,671.0,740.0,3,B
210061264457,2,F,1,0,1.0,0,Nova Iguaçu,548.4,595.2,624.4,686.9,920.0,4,K
210060495091,3,F,1,0,1.0,0,Maricá,529.9,534.1,491.2,365.8,800.0,4,G
210059641583,3,M,1,0,1.0,0,Niterói,603.0,610.3,605.8,731.3,600.0,3,B
210059954037,5,M,3,0,1.0,0,Nilópolis,396.8,492.1,556.9,337.6,540.0,3,D
210060763819,2,M,1,0,1.0,0,Nova Iguaçu,623.7,644.0,580.0,725.6,880.0,5,H
210059695429,3,F,1,0,1.0,0,Nilópolis,450.5,488.2,362.2,396.6,520.0,3,C
210060571014,3,M,1,0,1.0,0,Niterói,563.3,628.7,617.9,673.8,900.0,3,Q
210060771693,3,F,2,0,1.0,0,Niterói,459.6,521.6,599.6,616.3,800.0,3,I
210061306474,3,F,3,0,1.0,0,Duque de Caxias,450.2,573.8,571.8,377.5,760.0,3,B
210059905051,3,F,1,0,1.0,0,Nilópolis,539.2,562.5,608.7,673.8,580.0,3,C
210061386087,2,F,1,0,1.0,0,Duque de Caxias,469.9,519.5,510.8,359.7,680.0,3,D
210060762118,2,F,1,0,1.0,0,Niterói,687.5,631.0,603.4,799.8,820.0,3,H
210061387378,2,M,1,0,1.0,0,Niterói,600.0,629.1,602.6,680.2,760.0,4,E
210060570982,3,F,1,0,1.0,0,Niterói,405.5,478.6,480.0,483.2,520.0,4,K
210061447728,2,F,2,0,1.0,0,Nova Iguaçu,432.3,577.5,551.0,503.1,860.0,3,B
210059953927,3,M,3,0,1.0,0,Duque de Caxias,554.4,546.4,577.6,603.1,620.0,3,C
210058951833,3,F,2,0,1.0,0,Nova Iguaçu,575.9,649.4,617.1,628.0,480.0,4,D
210058964882,3,F,1,0,1.0,0,Nova Iguaçu,473.5,554.5,572.4,496.4,740.0,2,C
210058331677,2,F,1,0,1.0,0,Niterói,613.0,677.0,666.9,758.3,960.0,3,Q
210059123281,3,M,3,0,1.0,0,Niterói,638.3,686.9,631.5,867.3,680.0,4,I
210060605085,2,M,1,0,1.0,0,Niterói,705.4,652.8,648.8,894.2,920.0,4,Q
210061202737,6,M,1,0,1.0,0,São João de Meriti,556.0,505.5,599.6,557.4,560.0,4,E
210059548844,2,F,1,0,1.0,0,Duque de Caxias,451.8,444.1,435.2,400.6,620.0,5,B
210058951788,5,F,4,0,1.0,0,Belford Roxo,431.3,324.1,507.0,430.9,500.0,5,C
210058331693,3,M,1,0,1.0,0,Niterói,582.3,660.4,657.5,776.3,920.0,4,O
210058782216,2,M,1,0,1.0,0,Nova Iguaçu,555.3,559.0,539.1,647.8,660.0,4,C
210060086831,2,F,2,0,1.0,0,Nilópolis,606.7,529.2,589.4,612.0,520.0,4,D
210060090482,3,F,1,0,1.0,0,Duque de Caxias,523.2,608.2,594.1,621.6,620.0,7,B
210061023701,1,M,1,0,1.0,0,Belford Roxo,575.4,488.7,510.3,583.7,620.0,4,D
210058929313,2,M,1,0,1.0,0,Niterói,389.3,455.6,473.7,462.2,560.0,6,B
210059535858,2,F,1,0,1.0,0,Niterói,467.6,528.7,600.9,575.4,880.0,4,D
210058105517,2,M,1,0,1.0,0,Duque de Caxias,530.9,569.2,606.0,662.9,840.0,3,E
210058422509,3,F,4,0,1.0,0,Duque de Caxias,397.8,480.9,471.8,401.0,560.0,6,C
210059909271,2,M,2,0,1.0,0,Nova Iguaçu,597.0,657.9,643.7,713.6,900.0,3,E
210061094289,2,F,1,0,1.0,0,Niterói,568.7,538.0,610.3,758.0,960.0,5,I
210059555832,3,F,3,0,1.0,0,Nilópolis,397.5,395.5,408.3,427.7,640.0,3,E
210059555833,3,M,3,0,1.0,0,São João de Meriti,519.1,609.0,547.0,626.3,680.0,5,G
210058085052,2,F,3,0,1.0,0,Nova Iguaçu,396.9,462.6,469.6,353.5,520.0,4,D
210058085071,2,F,2,0,1.0,0,Nova Iguaçu,452.3,498.6,535.2,377.1,620.0,4,B
210061094293,2,M,5,0,1.0,0,Nova Iguaçu,440.9,437.4,408.2,379.8,460.0,3,D
210059905123,3,M,1,0,1.0,0,Nova Iguaçu,562.1,501.7,580.9,521.4,620.0,2,D
210061183151,2,F,2,0,1.0,0,Niterói,535.3,553.7,430.2,604.2,740.0,5,D
210061204091,3,M,3,0,1.0,0,Niterói,453.9,575.7,501.7,720.4,660.0,5,D
210060784833,2,M,1,0,1.0,0,Niterói,568.4,550.0,534.9,701.6,780.0,4,J
210059749346,2,M,1,0,1.0,0,Duque de Caxias,516.3,588.7,681.4,683.3,760.0,3,H
210059918248,2,M,3,0,1.0,0,São João de Meriti,481.9,581.0,585.2,526.4,400.0,3,G
210059527683,3,M,1,0,1.0,0,Nova Iguaçu,533.7,449.9,575.3,685.8,800.0,4,G
210058522974,3,M,3,0,1.0,0,Nova Iguaçu,417.9,511.0,524.0,488.6,520.0,3,B
210061084778,6,M,3,0,1.0,0,Duque de Caxias,620.5,610.3,490.2,694.2,660.0,6,E
210059842012,3,F,3,0,1.0,0,Nilópolis,446.1,610.2,491.4,368.0,880.0,2,B
210059466327,3,F,3,0,1.0,0,Duque de Caxias,466.1,487.8,530.7,457.3,540.0,3,B
210059416123,3,F,3,0,1.0,0,Nova Iguaçu,458.4,503.8,540.3,511.9,760.0,3,B
210060780520,3,F,3,0,1.0,0,Niterói,473.7,561.6,539.6,577.5,840.0,4,B
210059451329,3,M,1,0,1.0,0,Niterói,638.0,638.9,662.4,747.5,860.0,4,P
210059946382,3,F,1,0,1.0,0,Nova Iguaçu,441.3,446.8,521.8,393.1,620.0,5,C
210059021208,3,M,1,0,1.0,0,Maricá,445.8,493.6,471.2,353.3,500.0,4,E
210059062393,3,M,1,0,1.0,0,São João de Meriti,575.4,570.5,489.4,758.0,640.0,5,L
210059021177,3,M,1,0,1.0,0,Nova Iguaçu,390.5,487.4,549.5,501.9,560.0,5,B
210059615671,2,M,1,0,1.0,0,Duque de Caxias,484.3,549.3,556.4,443.1,780.0,2,B
210060754028,2,M,1,0,1.0,0,Duque de Caxias,572.9,573.1,560.7,558.3,680.0,3,C
210060186053,3,M,4,0,1.0,0,São João de Meriti,444.3,513.1,532.8,532.3,500.0,3,B
210060127942,4,M,1,0,1.0,0,Duque de Caxias,498.9,365.2,525.5,724.9,580.0,3,B
210058602705,4,F,4,0,1.0,0,Niterói,451.1,521.7,473.8,378.4,580.0,3,B
210058169475,5,M,1,0,1.0,0,Duque de Caxias,505.0,564.9,566.7,348.1,520.0,3,E
210059615348,2,F,1,0,1.0,0,Nilópolis,502.4,524.1,586.8,419.6,600.0,4,D
210058232521,3,F,3,0,1.0,0,São João de Meriti,473.7,507.5,473.0,506.0,520.0,5,A
210061553980,3,F,1,0,1.0,0,Duque de Caxias,523.7,579.0,604.9,383.4,620.0,3,B
210059710233,3,M,1,0,1.0,0,Nova Iguaçu,577.8,601.8,577.1,592.9,500.0,3,B
210060628992,3,F,2,0,1.0,0,Duque de Caxias,504.5,607.1,564.7,547.8,720.0,4,C
210060824242,4,F,1,0,1.0,0,Duque de Caxias,509.9,530.3,306.6,603.1,760.0,4,B
210060347012,3,F,1,0,1.0,0,Niterói,784.6,669.4,635.6,829.9,920.0,2,G
210058469603,3,M,1,0,1.0,0,Niterói,559.1,569.2,588.3,810.9,900.0,2,P
210061011635,2,F,1,0,1.0,0,Duque de Caxias,532.4,541.6,508.5,594.5,480.0,2,B
210058602665,2,M,1,0,1.0,0,Maricá,590.4,640.4,615.3,743.7,900.0,4,N
210058532738,2,F,2,0,1.0,0,Niterói,382.3,329.4,494.2,372.7,580.0,2,D
210060116904,3,F,2,0,1.0,0,Nilópolis,496.6,411.6,529.0,486.1,660.0,5,H
210058315501,3,M,1,0,1.0,0,Maricá,503.2,535.8,469.3,644.9,360.0,3,B
210058851704,2,M,3,0,1.0,0,Duque de Caxias,366.6,443.8,485.8,541.5,400.0,5,C
210061419592,2,M,3,0,1.0,0,Niterói,621.1,661.7,597.8,727.4,720.0,3,E
210058867474,3,F,2,0,1.0,0,Duque de Caxias,469.8,485.4,442.1,374.8,680.0,2,A
210058323243,2,F,3,0,1.0,0,Niterói,697.9,666.4,601.4,743.1,940.0,3,O
210061097702,3,F,3,0,1.0,0,Nova Iguaçu,509.4,487.3,440.8,494.2,520.0,2,B
210060585171,3,M,3,0,1.0,0,Duque de Caxias,417.2,428.5,501.7,451.6,600.0,5,G
210060551025,3,F,1,0,1.0,0,Niterói,592.3,605.1,569.4,748.8,920.0,4,Q
210060426952,3,M,3,0,1.0,0,Duque de Caxias,433.9,406.1,516.0,419.3,580.0,5,A
210060317976,3,F,1,0,1.0,0,Niterói,600.6,660.3,635.0,706.5,940.0,4,P
210060147732,2,M,1,0,1.0,0,São João de Meriti,428.6,319.3,298.4,342.2,340.0,4,A
210059582230,3,M,1,0,1.0,0,Nova Iguaçu,622.4,559.8,498.4,588.3,920.0,3,Q
210058376775,2,F,3,0,1.0,0,Nova Iguaçu,481.4,436.6,407.5,362.3,560.0,4,B
210058622319,3,M,1,0,1.0,0,Belford Roxo,397.4,527.2,462.1,469.1,340.0,4,D
210060426946,3,M,3,0,1.0,0,Belford Roxo,459.6,437.5,454.7,416.0,400.0,2,B
210058350673,4,F,2,0,1.0,0,Nova Iguaçu,495.4,547.8,545.4,433.7,560.0,4,A
210058470938,3,F,2,0,1.0,0,São João de Meriti,520.3,490.5,522.1,447.9,720.0,5,D
210061088075,3,M,1,0,1.0,0,Niterói,563.1,550.8,537.7,419.3,680.0,2,C
210060520151,2,M,3,0,1.0,0,Nilópolis,519.5,662.9,550.1,623.2,640.0,3,C
210058955675,2,F,3,0,1.0,0,Maricá,447.0,528.3,416.9,408.9,640.0,3,D
210058547327,3,M,1,0,1.0,0,Niterói,506.7,562.2,540.6,570.9,720.0,4,C
210060337897,2,M,1,0,1.0,0,Nova Iguaçu,360.1,411.1,373.8,666.7,400.0,3,A
210061484421,4,F,1,0,1.0,0,Nova Iguaçu,475.5,447.2,412.2,469.6,520.0,4,G
210058520329,3,M,3,0,1.0,0,Nilópolis,612.6,600.5,595.0,714.3,680.0,4,B
210060675357,3,F,1,0,1.0,0,Duque de Caxias,364.8,320.7,413.0,357.3,460.0,4,B
210058670681,2,F,1,0,1.0,0,Duque de Caxias,581.2,635.0,606.0,700.5,960.0,3,A
210058581957,3,M,2,0,1.0,0,Duque de Caxias,482.6,663.1,537.7,556.7,580.0,3,G
210058228686,2,F,2,0,1.0,0,São João de Meriti,492.7,557.9,545.5,427.7,500.0,3,D
210058409350,4,F,2,0,1.0,0,São João de Meriti,419.4,452.8,349.1,354.6,620.0,5,B
210059900724,3,M,3,0,1.0,0,Niterói,582.4,486.7,474.8,451.7,580.0,3,H
210058046982,2,M,3,0,1.0,0,Nova Iguaçu,568.4,469.1,415.3,560.7,780.0,3,D
210058382230,3,M,1,0,1.0,0,Belford Roxo,459.1,494.6,480.7,599.0,560.0,4,C
210060606182,5,F,2,0,1.0,0,Nilópolis,607.0,599.7,581.4,615.7,700.0,4,G
210061107086,3,F,3,0,1.0,0,Nova Iguaçu,485.9,428.0,543.0,372.6,600.0,5,E
210061527927,3,M,1,0,1.0,0,Niterói,561.8,626.1,574.4,716.1,780.0,4,H
210058314934,3,M,1,0,1.0,0,Nilópolis,450.9,539.7,554.8,633.3,620.0,3,B
210058865175,2,F,3,0,1.0,0,Duque de Caxias,498.6,441.9,511.6,353.6,360.0,3,A
210059139100,3,F,3,0,1.0,0,São João de Meriti,526.7,576.7,515.5,472.1,780.0,3,C
210061490954,4,M,3,0,1.0,0,Nova Iguaçu,380.2,397.4,351.2,532.3,360.0,2,C
210058521478,2,M,1,0,1.0,0,Belford Roxo,505.9,562.6,617.9,625.0,600.0,3,E
210060901373,3,F,3,0,1.0,0,Duque de Caxias,595.5,623.3,634.4,626.5,960.0,3,H
210058870902,2,M,3,0,1.0,0,Nova Iguaçu,486.1,315.9,551.0,524.0,540.0,3,B
210058230275,2,F,1,0,1.0,0,Nova Iguaçu,574.5,600.8,562.9,606.4,700.0,4,G
210058695670,3,M,3,0,1.0,0,Maricá,552.0,554.3,577.6,552.1,880.0,4,I
210060824511,2,F,1,0,1.0,0,Nova Iguaçu,572.9,664.1,564.4,697.5,840.0,3,H
210058169693,3,F,3,0,1.0,0,Nova Iguaçu,470.1,475.9,475.1,556.5,500.0,4,A
210058382277,3,F,3,0,1.0,0,Nova Iguaçu,424.7,442.3,384.0,396.8,320.0,2,B
210058779057,3,F,1,0,1.0,0,Duque de Caxias,435.0,636.1,634.6,558.2,800.0,4,C
210058364522,2,F,3,0,1.0,0,Nova Iguaçu,520.7,557.2,529.8,602.3,440.0,3,D
210059975570,2,F,1,0,1.0,0,Maricá,475.9,563.6,546.3,564.0,860.0,5,C
210058305055,3,M,1,0,1.0,0,Niterói,591.6,671.4,579.9,799.9,920.0,3,P
210058314921,2,M,1,0,1.0,0,Niterói,387.4,429.4,464.8,533.7,340.0,3,F
210058462235,3,M,3,0,1.0,0,São João de Meriti,608.7,581.0,567.8,673.0,840.0,4,D
210058314928,2,F,3,0,1.0,0,Nova Iguaçu,375.4,524.2,509.8,438.0,560.0,4,D
210058834033,3,M,3,0,1.0,0,Nova Iguaçu,468.3,410.2,471.1,415.6,360.0,4,B
210060694633,2,M,1,0,1.0,0,Maricá,517.7,605.5,576.8,666.8,860.0,2,B
210059099864,4,F,2,0,1.0,0,Nilópolis,425.8,557.0,546.2,404.0,680.0,4,B
210058825100,2,M,1,0,1.0,0,Duque de Caxias,534.2,598.0,533.3,730.6,680.0,4,G
210058113003,3,F,2,0,1.0,0,Nova Iguaçu,481.8,560.1,550.1,505.7,640.0,3,D
210061462562,4,F,2,0,1.0,0,São João de Meriti,349.9,313.8,391.8,354.4,480.0,4,B
210058062973,2,M,2,0,1.0,0,Nilópolis,345.6,562.9,535.3,621.5,560.0,2,B
210060704360,3,F,2,0,1.0,0,Nova Iguaçu,436.5,380.2,466.0,390.7,500.0,9,A
210059903690,5,M,3,0,1.0,0,Duque de Caxias,334.0,403.4,345.9,435.2,260.0,5,E
210058483206,3,F,3,0,1.0,0,São João de Meriti,477.7,523.1,563.3,481.5,420.0,4,C
210059798097,3,F,3,0,1.0,0,Duque de Caxias,408.0,500.9,493.0,564.9,480.0,3,B
210058148796,3,M,2,0,1.0,0,Nova Iguaçu,517.2,584.9,564.5,603.8,580.0,3,C
210058793140,3,F,3,0,1.0,0,Duque de Caxias,454.4,481.2,452.9,429.3,460.0,4,B
210060731870,3,F,2,0,1.0,0,São João de Meriti,353.5,507.5,519.5,374.8,500.0,2,B
210058541018,3,F,3,0,1.0,0,Niterói,584.8,565.5,485.1,484.6,560.0,3,B
210060078489,2,F,1,0,1.0,0,Nova Iguaçu,422.7,482.7,498.6,512.8,580.0,4,G
210058527565,2,M,3,0,1.0,0,Duque de Caxias,405.0,439.6,490.0,529.3,560.0,2,A
210058516430,3,M,3,0,1.0,0,Nova Iguaçu,532.4,488.4,551.3,552.5,800.0,3,A
210060078520,2,F,1,0,1.0,0,Nova Iguaçu,503.8,588.8,529.5,608.7,820.0,4,G
210059643226,3,M,2,0,1.0,0,Nova Iguaçu,332.1,396.2,349.6,364.8,260.0,2,A
210058407764,3,M,1,0,1.0,0,Belford Roxo,474.6,435.7,559.4,405.5,520.0,3,B
210060359032,2,F,3,0,1.0,0,Duque de Caxias,553.0,537.7,510.4,512.4,840.0,2,O
210059259350,3,M,1,0,1.0,0,Duque de Caxias,522.4,581.3,542.6,628.0,880.0,4,H
210058176248,2,F,1,0,1.0,0,Duque de Caxias,499.6,577.0,589.2,580.7,560.0,4,C
210058042743,2,F,3,0,1.0,0,Duque de Caxias,599.2,637.8,611.7,459.3,840.0,3,B
210059798075,2,F,3,0,1.0,0,Duque de Caxias,507.9,467.7,524.4,527.6,880.0,3,E
210059061054,3,M,1,0,1.0,0,Belford Roxo,381.5,332.6,415.1,353.0,260.0,3,D
210060479282,3,F,3,0,1.0,0,Nova Iguaçu,478.6,507.0,497.2,476.2,620.0,2,F
210058110757,3,M,2,0,1.0,0,Belford Roxo,537.3,610.4,564.6,514.2,560.0,3,B
210061344760,3,F,3,0,1.0,0,Belford Roxo,511.3,463.9,435.8,421.1,460.0,5,C
210059284947,2,M,1,0,1.0,0,Nova Iguaçu,495.3,516.4,560.4,586.3,380.0,2,D
210059775027,2,M,3,0,1.0,0,São João de Meriti,457.6,518.5,525.0,443.1,540.0,5,B
210059261710,3,F,1,0,1.0,0,Nova Iguaçu,385.0,502.2,484.5,561.2,840.0,4,B
210058305807,2,F,3,0,1.0,0,Duque de Caxias,413.3,472.1,506.7,514.8,680.0,4,E
210058162611,2,M,3,0,1.0,0,Maricá,424.1,446.3,476.6,383.4,580.0,3,C
210059741813,2,M,2,0,1.0,0,Belford Roxo,586.1,617.2,593.1,702.0,740.0,3,F
210058858509,2,F,1,0,1.0,0,São João de Meriti,491.8,535.9,427.2,515.0,780.0,3,C
210059074470,5,M,3,0,1.0,0,São João de Meriti,583.1,610.4,644.5,714.0,680.0,4,C
210058359784,2,M,2,0,1.0,0,Nova Iguaçu,425.7,522.1,423.8,591.1,680.0,4,B
210060638753,3,M,3,0,1.0,0,Maricá,568.5,653.3,547.4,687.9,740.0,8,C
210058139710,2,M,1,0,1.0,0,Maricá,569.5,648.0,615.9,730.0,920.0,5,E
210060479304,3,M,1,0,1.0,0,Niterói,438.6,442.0,576.6,538.4,500.0,4,G
210058345561,2,F,2,0,1.0,0,Nova Iguaçu,559.1,524.3,499.6,447.9,600.0,3,C
210060479322,3,F,1,0,1.0,0,Maricá,524.5,622.6,583.5,460.3,680.0,5,G
210060945474,2,F,3,0,1.0,0,Niterói,500.4,474.5,512.3,635.5,920.0,3,D
210058402616,2,F,2,0,1.0,0,Nilópolis,391.4,520.9,458.7,579.7,500.0,5,E
210058560201,4,M,1,0,1.0,0,Niterói,465.5,465.7,386.2,623.6,620.0,4,B
210059323953,3,F,3,0,1.0,0,Nova Iguaçu,500.4,568.3,518.6,396.1,740.0,3,A
210061540973,3,F,3,0,1.0,0,Nova Iguaçu,479.7,496.9,470.2,484.4,720.0,4,D
210060246513,2,M,3,0,1.0,0,Duque de Caxias,487.6,507.8,521.5,521.9,620.0,6,C
210059697332,2,M,3,0,1.0,0,São João de Meriti,570.8,531.9,516.3,587.3,480.0,6,I
210058548829,4,F,2,0,1.0,0,Nova Iguaçu,384.6,387.1,413.9,353.2,440.0,2,C
210058852205,4,M,2,0,1.0,0,Nova Iguaçu,453.7,540.9,596.4,509.1,560.0,3,C
210061504871,3,F,1,0,1.0,0,Nova Iguaçu,516.7,541.8,539.6,463.5,620.0,2,B
210061267363,2,F,1,0,1.0,0,Nilópolis,479.9,584.4,581.8,634.4,760.0,3,E
210060183626,3,M,1,0,1.0,0,Duque de Caxias,601.4,659.7,571.9,686.1,660.0,5,F
210059169333,3,M,2,0,1.0,0,Nova Iguaçu,433.2,650.1,572.2,524.3,660.0,4,C
210058785644,2,F,1,0,1.0,0,Nilópolis,582.3,636.8,590.3,707.5,720.0,4,D
210058352308,2,M,2,0,1.0,0,Nova Iguaçu,418.5,467.4,419.1,363.4,440.0,2,D
210060142733,4,M,2,0,1.0,0,São João de Meriti,583.8,544.6,474.5,492.4,520.0,5,J
210058799796,2,M,2,0,1.0,0,Niterói,577.1,484.1,536.1,624.1,720.0,5,J
210059735894,3,M,1,0,1.0,0,Duque de Caxias,505.9,550.3,519.1,642.7,760.0,4,M
210058785625,3,F,2,0,1.0,0,Duque de Caxias,463.6,543.3,583.0,545.3,800.0,4,C
210060220088,2,F,2,0,1.0,0,Niterói,438.0,523.5,500.9,448.9,940.0,4,C
210059646907,2,M,1,0,1.0,0,Niterói,611.9,672.1,627.4,717.9,840.0,3,B
210058175236,2,M,3,0,1.0,0,São João de Meriti,502.4,517.2,537.6,558.6,640.0,4,C
210061400826,2,F,3,0,1.0,0,Belford Roxo,404.3,550.6,446.7,531.5,560.0,4,B
210061560746,2,F,3,0,1.0,0,Duque de Caxias,366.3,436.7,375.9,587.5,580.0,2,B
210058570063,2,F,1,0,1.0,0,Nova Iguaçu,554.7,481.0,557.1,534.2,800.0,6,E
210058479853,2,F,3,0,1.0,0,Nova Iguaçu,467.8,567.2,555.1,440.2,820.0,5,B
210058378375,3,F,3,0,1.0,0,Nova Iguaçu,462.5,499.2,484.8,501.0,580.0,4,B
210058552427,2,M,1,0,1.0,0,Niterói,533.6,565.3,568.3,685.5,480.0,3,D
210060564348,3,F,3,0,1.0,0,Nova Iguaçu,390.8,427.0,371.2,388.3,480.0,5,C
210060307029,4,M,3,0,1.0,0,Maricá,516.7,592.4,575.3,488.9,760.0,6,E
210058702965,3,M,1,0,1.0,0,Nova Iguaçu,501.2,559.8,601.9,524.8,500.0,3,C
210060704402,3,M,1,0,1.0,0,Niterói,705.4,579.2,626.5,776.4,820.0,3,K
210058714396,3,F,2,0,1.0,0,Nova Iguaçu,363.2,377.9,433.7,359.0,460.0,4,B
210058336076,3,M,1,0,1.0,0,São João de Meriti,571.9,588.8,618.5,731.6,700.0,4,C
210059010087,3,M,2,0,1.0,0,São João de Meriti,506.9,480.0,419.3,480.0,380.0,3,D
210060993987,3,F,3,0,1.0,0,Maricá,562.6,620.6,529.5,585.5,880.0,4,E
210058702993,3,M,3,0,1.0,0,Duque de Caxias,545.7,595.2,599.7,634.5,880.0,4,D
210058184840,3,F,2,0,1.0,0,Nilópolis,482.5,444.4,446.6,356.0,560.0,3,B
210060540359,3,F,3,0,1.0,0,Niterói,451.8,496.3,534.7,456.9,460.0,2,B
210059723365,3,M,1,0,1.0,0,Nova Iguaçu,488.8,553.2,506.0,435.2,540.0,3,B
210058680173,10,F,4,0,1.0,0,São João de Meriti,437.2,429.5,466.2,430.8,500.0,2,A
210059236255,2,M,3,0,1.0,0,Niterói,601.9,590.0,504.4,593.0,680.0,4,E
210061478907,2,F,2,0,1.0,0,Maricá,559.7,467.7,521.3,470.1,500.0,3,D
210060003949,2,M,3,0,1.0,0,Belford Roxo,521.3,621.9,625.8,559.7,540.0,2,B
210060196702,2,F,2,0,1.0,0,Duque de Caxias,576.6,617.1,519.8,531.3,640.0,3,E
210058460166,3,F,1,0,1.0,0,Nova Iguaçu,451.3,404.1,406.9,332.8,360.0,4,B
210060155824,1,F,1,0,1.0,0,Belford Roxo,525.1,586.0,582.2,587.5,620.0,2,A
210058564739,5,F,3,0,1.0,0,Nova Iguaçu,608.4,601.5,676.4,722.5,940.0,5,H
210060417265,2,F,1,0,1.0,0,Maricá,456.7,577.7,563.8,498.2,800.0,3,C
210059821166,3,F,3,0,1.0,0,Nilópolis,465.7,422.9,456.6,395.6,260.0,3,B
210058643795,2,F,1,0,1.0,0,Duque de Caxias,596.4,682.7,637.9,710.4,880.0,3,E
210060427001,4,F,3,0,1.0,0,Duque de Caxias,403.3,426.1,472.7,351.1,760.0,2,C
210058227940,3,M,2,0,1.0,0,São João de Meriti,494.4,535.4,576.1,426.1,560.0,2,B
210058435279,4,M,1,0,1.0,0,Nilópolis,449.8,442.1,463.9,423.1,480.0,5,B
210058577268,3,M,3,0,1.0,0,Niterói,410.4,507.9,518.3,474.9,680.0,2,B
210058368357,2,F,3,0,1.0,0,Nova Iguaçu,537.0,557.9,540.5,606.9,580.0,4,G
210058711808,2,F,3,0,1.0,0,Nilópolis,469.2,550.8,555.2,362.6,360.0,4,D
210061559736,2,F,2,0,1.0,0,Nova Iguaçu,393.6,452.5,397.8,435.1,500.0,4,C
210059785114,4,F,1,0,1.0,0,Duque de Caxias,579.8,619.9,593.2,656.6,660.0,2,G
210058600931,3,F,1,0,1.0,0,Nova Iguaçu,528.1,537.5,504.1,377.8,600.0,5,C
210059125833,3,F,4,0,1.0,0,Duque de Caxias,616.2,603.2,588.5,657.5,820.0,4,J
210060052595,3,F,3,0,1.0,0,Nova Iguaçu,436.2,514.5,522.1,633.3,840.0,3,C
210061107211,3,F,3,0,1.0,0,Niterói,457.7,585.1,568.4,644.3,940.0,3,B
210058661782,4,F,2,0,1.0,0,Nova Iguaçu,446.7,422.2,464.6,397.9,460.0,3,D
210059246526,3,F,1,0,1.0,0,Belford Roxo,430.6,533.6,507.5,330.4,560.0,5,C
210058222662,3,F,1,0,1.0,0,Niterói,509.2,561.7,512.6,452.9,920.0,3,N
210061477787,2,F,1,0,1.0,0,Nova Iguaçu,445.8,518.0,425.7,356.2,760.0,4,G
210059630330,2,M,1,0,1.0,0,Nova Iguaçu,541.6,544.7,507.9,412.7,480.0,3,A
210060564598,2,F,3,0,1.0,0,Nova Iguaçu,538.0,657.9,598.1,597.8,820.0,2,D
210061097495,2,M,2,0,1.0,0,Duque de Caxias,461.8,387.6,329.3,446.0,480.0,2,D
210058506310,4,F,1,0,1.0,0,Duque de Caxias,505.9,594.2,551.6,692.8,680.0,4,B
210058844125,3,M,2,0,1.0,0,Nilópolis,420.2,493.8,540.1,547.7,340.0,4,B
210058729870,3,M,3,0,1.0,0,Maricá,512.4,672.3,645.3,705.5,840.0,3,G
210058248327,2,M,3,0,1.0,0,Niterói,537.9,591.4,556.1,625.5,600.0,3,D
210058274990,4,F,1,0,1.0,0,Nova Iguaçu,418.0,472.6,434.1,376.7,580.0,7,B
210061394738,2,F,1,0,1.0,0,São João de Meriti,427.4,429.1,502.3,545.1,560.0,4,B
210058698013,2,F,1,0,1.0,0,São João de Meriti,428.4,518.5,548.8,510.3,500.0,2,B
210058259047,3,F,1,0,1.0,0,Niterói,492.6,539.2,489.8,586.7,740.0,4,B
210058643758,2,F,1,0,1.0,0,Niterói,479.4,589.0,590.9,585.8,720.0,4,H
210058042311,3,F,3,0,1.0,0,Duque de Caxias,324.8,369.7,448.3,421.7,540.0,4,C
210058523903,3,F,1,0,1.0,0,Duque de Caxias,415.4,417.1,498.4,401.4,620.0,4,B
210058248315,4,F,1,0,1.0,0,Nilópolis,481.3,512.8,535.5,446.7,720.0,2,A
210058259071,3,M,3,0,1.0,0,Duque de Caxias,435.0,495.7,435.2,347.7,580.0,4,B
210059959821,5,F,5,0,1.0,0,Niterói,517.1,534.1,549.1,573.3,480.0,2,B
210058201857,3,F,1,0,1.0,0,Niterói,633.9,685.3,632.5,664.5,920.0,3,I
210061128392,2,M,1,0,1.0,0,Duque de Caxias,507.9,350.2,290.3,364.1,500.0,4,E
210059617781,2,F,2,0,1.0,0,Nova Iguaçu,482.7,589.6,580.5,578.9,980.0,3,D
210058836549,5,M,3,0,1.0,0,Nova Iguaçu,566.0,549.0,513.2,605.7,660.0,3,B
210060946013,3,M,1,0,1.0,0,Duque de Caxias,464.9,505.5,518.8,569.0,560.0,3,B
210061307684,3,M,3,0,1.0,0,Niterói,489.1,605.8,600.5,587.4,340.0,2,D
210060065721,3,M,3,0,1.0,0,Belford Roxo,488.3,433.6,342.9,406.4,440.0,2,B
210060117131,4,M,3,0,1.0,0,Nova Iguaçu,471.6,531.6,473.0,518.0,500.0,8,C
210059666592,3,M,1,0,1.0,0,Niterói,604.3,644.1,615.7,817.2,940.0,5,O
210059567142,2,F,1,0,1.0,0,Duque de Caxias,549.1,604.2,460.1,660.0,900.0,3,M
210061236760,2,F,4,0,1.0,0,Belford Roxo,342.3,434.1,397.7,421.4,520.0,5,B
210058848261,3,F,3,0,1.0,0,Duque de Caxias,478.4,530.0,493.4,383.9,560.0,4,C
210059697215,2,M,1,0,1.0,0,Nova Iguaçu,474.7,490.0,484.5,443.4,480.0,7,C
210061227069,2,M,3,0,1.0,0,Niterói,500.3,399.4,296.5,538.1,620.0,2,J
210058563838,3,F,1,0,1.0,0,Duque de Caxias,476.3,412.4,390.6,480.5,460.0,5,B
210059586865,3,M,1,0,1.0,0,Nova Iguaçu,653.3,582.2,570.7,707.6,880.0,3,O
210058102557,2,M,1,0,1.0,0,São João de Meriti,423.5,453.2,481.6,353.8,520.0,3,G
210058114603,3,M,5,0,1.0,0,Niterói,523.7,486.0,530.8,459.6,500.0,3,C
210058334541,2,M,1,0,1.0,0,Belford Roxo,453.5,413.1,521.6,531.2,920.0,5,I
210058718450,2,F,2,0,1.0,0,Belford Roxo,444.8,481.3,398.3,426.7,340.0,4,B
210058225855,3,M,1,0,1.0,0,Duque de Caxias,535.6,502.1,526.3,591.0,600.0,4,A
210058761133,2,F,1,0,1.0,0,Niterói,678.7,665.4,636.8,760.5,920.0,2,P
210059061240,4,F,1,0,1.0,0,São João de Meriti,436.9,471.4,452.3,385.3,660.0,4,E
210059615474,4,F,1,0,1.0,0,Niterói,441.7,437.7,518.3,450.5,620.0,4,A
210058628494,3,F,2,0,1.0,0,Belford Roxo,362.6,472.8,433.5,425.4,600.0,4,B
210060501390,2,F,3,0,1.0,0,Niterói,536.8,577.2,586.6,640.5,700.0,3,G
210060467709,3,F,3,0,1.0,0,Maricá,445.1,507.5,500.4,559.6,680.0,3,B
210058402680,1,M,1,0,1.0,0,Nova Iguaçu,570.5,564.9,544.8,580.3,580.0,4,C
210058756900,3,F,2,0,1.0,0,Belford Roxo,439.5,459.1,468.1,458.4,560.0,4,B
210058848201,2,F,2,0,1.0,0,Nova Iguaçu,413.4,579.9,544.3,576.2,560.0,4,D
210058129627,3,M,1,0,1.0,0,Nilópolis,439.6,537.1,518.3,362.4,580.0,4,C
210058848197,2,M,3,0,1.0,0,Nova Iguaçu,488.2,461.2,482.4,519.9,580.0,3,E
210060550682,3,F,2,0,1.0,0,Duque de Caxias,422.9,583.5,551.8,357.2,560.0,4,B
210058853921,3,F,2,0,1.0,0,Nova Iguaçu,489.4,572.3,545.3,499.7,660.0,4,C
210058844224,3,M,1,0,1.0,0,Nova Iguaçu,519.6,599.2,584.0,683.5,880.0,2,B
210058600959,4,M,1,0,1.0,0,Niterói,553.8,568.3,567.9,694.3,880.0,4,J
210060407475,2,F,1,0,1.0,0,São João de Meriti,629.5,588.6,476.2,633.4,760.0,4,I
210060157999,2,M,1,0,1.0,0,Niterói,445.0,489.3,502.2,517.8,340.0,3,A
210058036915,3,M,1,0,1.0,0,Duque de Caxias,429.5,537.8,484.9,479.5,440.0,3,D
210060357670,3,M,2,0,1.0,0,Duque de Caxias,621.1,523.8,418.2,585.1,520.0,3,H
210059772329,3,F,2,0,1.0,0,Duque de Caxias,402.1,509.9,503.4,392.9,780.0,4,A
210060423014,3,F,3,0,1.0,0,Duque de Caxias,395.9,496.0,470.9,386.1,920.0,3,C
210058790641,2,M,1,0,1.0,0,Niterói,392.6,360.0,449.6,400.9,580.0,2,N
210058059752,3,M,1,0,1.0,0,Duque de Caxias,440.7,471.5,447.6,404.3,340.0,3,C
210058698119,2,M,3,0,1.0,0,Belford Roxo,467.0,467.2,483.6,420.1,640.0,3,A
210058094212,4,F,2,0,1.0,0,Belford Roxo,414.2,550.9,505.7,395.7,740.0,6,D
210058827620,2,F,3,0,1.0,0,Duque de Caxias,455.6,519.4,606.7,398.4,640.0,3,C
210058585235,2,M,3,0,1.0,0,Nova Iguaçu,392.6,506.9,546.8,373.6,640.0,3,G
210058827613,2,F,2,0,1.0,0,São João de Meriti,408.6,526.5,535.0,489.9,440.0,3,C
210058585231,2,M,1,0,1.0,0,Belford Roxo,582.1,529.1,509.0,585.9,900.0,4,H
210061547712,3,M,1,0,1.0,0,Niterói,437.0,562.9,385.9,396.0,760.0,4,L
210060478143,2,F,1,0,1.0,0,Nilópolis,473.2,512.9,509.9,565.9,580.0,3,D
210061277341,3,F,1,0,1.0,0,São João de Meriti,400.7,410.1,513.3,521.0,720.0,6,C
210060248415,2,M,1,0,1.0,0,Niterói,660.2,667.8,602.8,759.5,940.0,3,H
210058431542,3,F,3,0,1.0,0,Duque de Caxias,446.0,544.2,533.7,501.7,680.0,6,E
210058263150,3,M,3,0,1.0,0,Nova Iguaçu,429.8,345.4,338.3,344.8,340.0,4,B
210061255882,2,F,1,0,1.0,0,Duque de Caxias,538.9,470.9,444.5,390.4,440.0,3,C
210058490762,2,M,2,0,1.0,0,Nova Iguaçu,511.7,531.8,495.3,603.7,480.0,4,D
210058651203,5,M,3,0,1.0,0,Nova Iguaçu,416.6,385.6,414.1,403.0,340.0,2,D
210060080208,4,F,1,0,1.0,0,Niterói,490.1,506.4,494.3,411.5,260.0,4,B
210058741450,3,M,3,0,1.0,0,Niterói,506.5,376.0,411.4,538.0,340.0,3,B
210058736558,3,F,2,0,1.0,0,Nova Iguaçu,438.5,489.4,536.0,380.1,760.0,3,B
210060469326,2,F,2,0,1.0,0,Belford Roxo,456.2,457.6,477.9,457.9,820.0,3,B
210061492195,3,F,3,0,1.0,0,São João de Meriti,437.3,470.3,494.2,496.9,440.0,3,B
210058801120,3,M,1,0,1.0,0,Niterói,602.9,621.2,629.1,757.6,720.0,3,H
210058210844,3,F,2,0,1.0,0,Nova Iguaçu,432.8,436.6,380.1,397.6,300.0,5,E
210058800813,3,M,1,0,1.0,0,Belford Roxo,519.6,584.6,471.9,630.8,940.0,3,C
210058577316,3,M,1,0,1.0,0,São João de Meriti,434.2,550.8,535.7,629.5,540.0,4,E
210061492180,3,F,4,0,1.0,0,Duque de Caxias,562.4,537.2,599.1,553.1,920.0,4,B
210058770070,2,F,3,0,1.0,0,Nova Iguaçu,394.9,470.4,480.7,457.6,800.0,4,C
210061448903,2,F,3,0,1.0,0,Duque de Caxias,422.5,478.3,510.4,346.7,540.0,3,G
210058870933,2,M,2,0,1.0,0,Belford Roxo,519.6,629.1,581.4,598.1,820.0,3,C
210061481603,3,M,1,0,1.0,0,Duque de Caxias,597.2,614.7,625.7,721.3,700.0,4,G
210058044594,2,F,3,0,1.0,0,Duque de Caxias,562.7,618.0,616.4,557.5,580.0,4,N
210059022519,2,F,1,0,1.0,0,São João de Meriti,461.4,565.6,514.7,551.3,380.0,4,H
210060129778,2,F,3,0,1.0,0,Duque de Caxias,530.4,627.6,607.3,632.2,800.0,4,E
210060427291,3,F,2,0,1.0,0,Belford Roxo,378.0,434.5,412.4,355.7,520.0,4,C
210058845556,3,M,1,0,1.0,0,Duque de Caxias,373.0,547.7,517.3,377.3,560.0,2,A
210059352088,2,M,1,0,1.0,0,Niterói,572.0,513.4,615.0,654.8,780.0,4,F
210061356381,3,M,2,0,1.0,0,Belford Roxo,579.6,558.0,533.6,445.0,600.0,5,B
210058945655,2,F,3,0,1.0,0,Nova Iguaçu,458.6,474.5,466.4,440.3,480.0,4,A
210058660202,6,M,3,0,1.0,0,Belford Roxo,634.3,682.6,607.1,753.5,440.0,4,B
210058053807,3,M,1,0,1.0,0,Niterói,537.9,530.3,569.5,539.9,500.0,5,G
210060564541,2,F,1,0,1.0,0,Duque de Caxias,443.9,516.4,465.4,603.0,560.0,2,A
210058845540,4,F,3,0,1.0,0,Belford Roxo,504.5,524.8,400.7,540.7,600.0,2,A
210060588589,2,M,3,0,1.0,0,Duque de Caxias,558.1,627.4,565.8,681.7,760.0,3,C
210058772576,2,F,1,0,1.0,0,Belford Roxo,428.1,523.9,515.2,432.7,360.0,3,B
210059556460,4,M,1,0,1.0,0,Niterói,387.5,456.9,439.7,490.7,680.0,4,F
210058852024,2,F,3,0,1.0,0,Nova Iguaçu,501.1,516.2,496.2,619.6,660.0,3,K
210060212509,3,F,1,0,1.0,0,Niterói,355.9,547.1,527.6,686.1,900.0,4,G
210058094543,3,M,3,0,1.0,0,Duque de Caxias,552.9,580.2,584.3,513.8,560.0,4,B
210061356403,3,M,2,0,1.0,0,Duque de Caxias,472.1,514.2,445.2,472.7,360.0,4,B
210060222413,3,M,1,0,1.0,0,Niterói,546.5,592.0,553.4,713.1,600.0,4,L
210060054938,3,M,1,0,1.0,0,Duque de Caxias,671.2,641.4,618.2,722.8,900.0,3,G
210058738846,2,F,2,0,1.0,0,Belford Roxo,447.6,515.6,537.7,540.8,380.0,5,B
210059826458,3,F,3,0,1.0,0,Nova Iguaçu,509.2,508.3,480.5,448.7,600.0,3,A
210058642142,2,M,3,0,1.0,0,Belford Roxo,405.4,411.4,397.4,604.9,680.0,4,F
210060276851,1,M,1,0,1.0,0,Duque de Caxias,676.7,618.5,559.0,835.7,600.0,3,O
210058666790,2,M,3,0,1.0,0,Nova Iguaçu,383.2,482.9,456.6,528.3,520.0,3,B
210058187764,3,F,1,0,1.0,0,Maricá,551.0,592.5,567.6,486.8,760.0,4,G
210058703047,4,F,1,0,1.0,0,Maricá,403.5,435.4,387.3,414.3,380.0,2,B
210058703038,3,F,2,0,1.0,0,Duque de Caxias,437.0,536.0,523.7,426.7,840.0,4,C
210058590797,3,M,0,0,1.0,0,São João de Meriti,511.4,493.3,442.8,549.8,600.0,5,K
210060478277,3,F,1,0,1.0,0,Niterói,400.5,525.9,489.6,509.3,660.0,4,B
210061346651,3,F,1,0,1.0,0,Niterói,469.2,525.4,559.8,542.3,800.0,4,C
210060212485,3,F,2,0,1.0,0,Niterói,458.1,581.6,355.7,437.6,620.0,4,B
210058562623,2,M,3,0,1.0,0,Duque de Caxias,582.5,604.6,598.8,724.0,580.0,4,D
210060212482,3,M,3,0,1.0,0,Niterói,509.6,537.0,545.5,454.0,500.0,2,B
210059592047,3,F,1,0,1.0,0,Niterói,599.0,602.3,626.4,724.5,800.0,4,F
210058352334,3,M,1,0,1.0,0,Niterói,593.9,632.9,614.3,708.5,920.0,4,E
210060248442,3,F,3,0,1.0,0,Belford Roxo,538.1,399.4,462.5,544.7,920.0,3,C
210058700639,3,F,3,0,1.0,0,Niterói,491.8,384.8,456.2,351.9,520.0,3,C
210058156807,2,M,1,0,1.0,0,Duque de Caxias,403.8,480.7,552.4,647.1,860.0,4,D
210058040257,2,F,1,0,1.0,0,Niterói,700.3,620.0,596.3,773.9,880.0,3,Q
210059592053,2,M,2,0,1.0,0,Duque de Caxias,480.2,633.9,575.7,651.8,920.0,3,D
210058652966,3,F,1,0,1.0,0,São João de Meriti,525.6,569.9,546.5,499.3,520.0,4,A
210058600996,3,F,3,0,1.0,0,Duque de Caxias,374.8,508.1,424.1,461.5,420.0,2,B
210058958183,3,F,2,0,1.0,0,Duque de Caxias,397.2,410.5,440.7,397.8,260.0,5,B
210058074356,3,M,1,0,1.0,0,Nilópolis,403.3,659.4,627.6,607.2,760.0,4,C
210059151515,5,F,3,0,1.0,0,Duque de Caxias,461.9,543.5,525.9,432.3,580.0,3,B
210058305074,3,F,3,0,1.0,0,Niterói,482.4,353.1,346.1,410.5,520.0,2,A
210060370042,3,F,1,0,1.0,0,Nova Iguaçu,491.5,663.1,565.9,778.4,700.0,5,Q
210061346386,3,F,1,0,1.0,0,Nova Iguaçu,534.8,605.3,572.5,502.3,520.0,3,B
210058799839,3,F,3,0,1.0,0,Belford Roxo,472.3,535.1,512.9,470.2,540.0,6,A
210058475972,2,M,1,0,1.0,0,Niterói,603.2,618.9,617.0,760.8,360.0,3,H
210059197545,3,F,1,0,1.0,0,Duque de Caxias,462.4,425.8,490.4,372.9,760.0,4,C
210058475973,2,M,2,0,1.0,0,Maricá,585.5,617.6,558.6,545.6,720.0,4,H
210058262997,4,M,2,0,1.0,0,Niterói,487.2,436.5,502.9,483.2,620.0,3,B
210061147717,2,M,1,0,1.0,0,Niterói,576.6,651.7,629.7,666.5,780.0,5,G
210058592435,2,F,3,0,1.0,0,São João de Meriti,470.9,578.4,584.6,539.6,660.0,5,D
210058748006,3,M,3,0,1.0,0,São João de Meriti,597.9,608.5,538.8,622.2,860.0,4,C
210061520790,3,F,1,0,1.0,0,Duque de Caxias,586.5,596.7,615.4,643.3,800.0,3,B
210060455458,2,M,3,0,1.0,0,São João de Meriti,567.5,579.3,515.4,671.3,420.0,3,B
210058089936,2,M,1,0,1.0,0,Niterói,609.5,621.1,594.4,737.3,820.0,4,G
210060395972,3,M,2,0,1.0,0,Duque de Caxias,428.3,462.5,457.1,395.4,440.0,4,D
210058201738,4,F,1,0,1.0,0,Niterói,435.8,501.2,476.8,495.3,720.0,3,C
210058139343,3,F,2,0,1.0,0,Duque de Caxias,552.2,602.2,571.0,621.1,740.0,5,B
210058200792,3,F,1,0,1.0,0,Nilópolis,471.1,472.2,506.2,443.6,380.0,3,H
210059220978,2,F,3,0,1.0,0,Nilópolis,479.8,516.6,494.0,521.4,860.0,2,D
210058386064,3,F,1,0,1.0,0,Niterói,559.9,494.5,556.6,568.6,760.0,3,G
210059735973,2,F,1,0,1.0,0,Niterói,533.1,527.5,480.0,487.4,880.0,4,C
210058745482,3,M,2,0,1.0,0,Nova Iguaçu,591.3,514.0,625.7,565.7,440.0,5,B
210061488061,2,M,1,0,1.0,0,Nova Iguaçu,606.4,611.8,602.9,779.2,880.0,3,Q
210058262870,2,F,1,0,1.0,0,Niterói,501.3,547.7,522.2,511.0,780.0,4,C
210061553908,4,M,3,0,1.0,0,Duque de Caxias,392.5,480.3,466.8,414.8,280.0,3,A
210060994229,3,M,3,0,1.0,0,Niterói,565.6,580.0,600.7,700.0,920.0,2,M
210058284613,3,F,3,0,1.0,0,Nilópolis,718.5,729.9,642.9,820.5,960.0,3,M
210058352930,2,M,2,0,1.0,0,Niterói,406.6,420.4,494.4,396.9,540.0,4,B
210058490807,2,M,2,0,1.0,0,Duque de Caxias,475.8,404.6,460.1,583.1,560.0,4,B
210061109080,4,F,2,0,1.0,0,São João de Meriti,417.6,507.7,491.4,489.2,640.0,6,B
210058606539,3,F,2,0,1.0,0,Nilópolis,463.0,520.8,503.3,517.3,640.0,4,C
210058094574,2,F,2,0,1.0,0,Nilópolis,469.6,538.9,509.2,355.5,440.0,3,C
210060145173,4,F,2,0,1.0,0,Duque de Caxias,400.8,440.0,451.3,365.6,440.0,2,B
210058353377,3,F,1,0,1.0,0,Duque de Caxias,442.6,460.6,539.6,489.7,320.0,3,B
210058859256,3,F,2,0,1.0,0,Nova Iguaçu,461.3,440.3,449.9,572.2,580.0,3,C
210058768401,3,F,3,0,1.0,0,Nova Iguaçu,470.9,574.0,529.3,369.5,520.0,5,C
210058756963,3,M,1,0,1.0,0,Niterói,365.2,401.9,414.3,498.1,560.0,2,B
210058429254,2,F,3,0,1.0,0,Duque de Caxias,389.3,402.2,487.2,564.7,300.0,4,B
210058860757,4,M,1,0,1.0,0,Duque de Caxias,426.7,411.1,503.0,493.0,540.0,3,F
210061485579,2,F,3,0,1.0,0,Nova Iguaçu,548.1,578.0,556.1,567.9,680.0,2,B
210061485588,3,F,2,0,1.0,0,Niterói,450.3,627.5,557.7,549.7,820.0,5,C
210061609982,2,M,1,0,1.0,0,Niterói,612.3,635.4,606.8,746.4,800.0,2,I
210058064601,3,F,3,0,1.0,0,Duque de Caxias,569.5,618.8,648.6,566.9,880.0,3,G
210058542613,2,F,3,0,1.0,0,Niterói,425.4,478.8,482.8,590.5,400.0,7,E
210060502202,2,F,2,0,1.0,0,Maricá,466.8,553.6,518.2,437.8,700.0,3,B
210058648713,3,F,2,0,1.0,0,Nova Iguaçu,520.8,526.3,459.3,404.9,580.0,4,C
210060326756,2,F,1,0,1.0,0,Duque de Caxias,501.3,544.9,583.8,576.0,660.0,3,B
210058381047,3,F,2,0,1.0,0,Niterói,545.6,510.2,589.7,549.5,860.0,4,B
210061109059,3,F,1,0,1.0,0,Maricá,549.8,544.9,586.1,721.5,840.0,5,C
210059592125,12,F,3,0,1.0,0,Nova Iguaçu,433.0,416.2,437.6,393.7,380.0,2,B
210058116836,2,M,3,0,1.0,0,Belford Roxo,572.8,547.7,559.2,627.0,460.0,3,E
210060276863,3,M,3,0,1.0,0,Duque de Caxias,675.9,663.5,611.1,759.9,920.0,5,E
210061317296,2,F,3,0,1.0,0,Nova Iguaçu,469.3,521.0,576.0,541.1,880.0,3,B
210058670766,3,F,2,0,1.0,0,Nova Iguaçu,483.1,382.2,453.9,465.3,440.0,3,C
210060945618,2,F,1,0,1.0,0,Niterói,551.2,577.0,535.8,611.1,860.0,4,C
210059847082,3,F,3,0,1.0,0,Niterói,653.7,632.3,582.2,609.5,940.0,4,N
210060361660,2,F,2,0,1.0,0,Nova Iguaçu,332.3,443.8,377.0,456.2,320.0,5,B
210060314991,3,M,1,0,1.0,0,Niterói,475.5,452.1,569.1,477.2,360.0,4,B
210058139067,3,F,3,0,1.0,0,Nilópolis,461.7,515.5,410.1,506.8,280.0,4,B
210058563918,3,M,4,0,1.0,0,Niterói,437.0,485.5,450.0,569.3,640.0,5,D
210061248380,2,F,1,0,1.0,0,Niterói,532.9,616.6,644.3,643.9,740.0,3,K
210058687440,3,F,1,0,1.0,0,Maricá,620.3,671.5,663.1,839.0,980.0,4,J
210060334200,4,F,2,0,1.0,0,Nova Iguaçu,510.5,543.2,546.5,633.5,720.0,5,K
210058604126,2,M,1,0,1.0,0,Duque de Caxias,671.9,625.5,615.2,844.0,900.0,2,B
210058256078,2,M,3,0,1.0,0,Nova Iguaçu,568.8,570.7,579.3,615.4,480.0,3,J
210058470183,4,F,1,0,1.0,0,Belford Roxo,497.2,503.3,511.0,519.5,540.0,3,B
210058218316,2,F,2,0,1.0,0,Duque de Caxias,528.1,581.8,661.1,660.8,780.0,3,C
210058739069,3,F,3,0,1.0,0,São João de Meriti,458.3,452.9,494.9,456.3,600.0,4,G
210060329626,2,F,2,0,1.0,0,Duque de Caxias,457.2,494.7,515.4,474.2,940.0,3,C
210058532796,3,F,3,0,1.0,0,Duque de Caxias,579.8,574.0,539.6,690.3,860.0,3,E
210061479207,4,M,1,0,1.0,0,Nilópolis,637.3,696.5,614.1,798.9,960.0,4,B
210058671641,1,F,3,0,1.0,0,Nova Iguaçu,506.8,443.7,436.2,534.7,740.0,3,F
210058781653,2,F,3,0,1.0,0,Duque de Caxias,528.2,642.8,684.3,588.7,880.0,5,E
210060413294,3,F,2,0,1.0,0,São João de Meriti,528.8,626.3,615.7,707.6,880.0,3,G
210058864302,3,M,3,0,1.0,0,Duque de Caxias,594.4,644.5,571.0,707.9,760.0,4,I
210058148225,2,F,1,0,1.0,0,Belford Roxo,441.5,503.3,443.1,544.1,760.0,5,B
210058477491,3,M,1,0,1.0,0,Duque de Caxias,395.0,543.4,587.2,587.7,420.0,5,C
210061479225,2,F,3,0,1.0,0,Niterói,440.1,423.5,476.5,406.9,780.0,4,J
210060457174,4,M,3,0,1.0,0,Nova Iguaçu,455.5,516.9,570.3,550.4,440.0,4,B
210058973589,3,M,3,0,1.0,0,Duque de Caxias,491.6,571.3,554.0,493.4,680.0,3,B
210058739037,3,M,1,0,1.0,0,Duque de Caxias,597.1,539.5,574.4,497.8,760.0,2,C
210061479183,2,F,2,0,1.0,0,Duque de Caxias,385.8,512.4,397.9,546.3,620.0,4,B
210059759376,3,F,1,0,1.0,0,Niterói,512.4,612.3,584.1,698.0,880.0,4,Q
210059300900,3,M,3,0,1.0,0,Duque de Caxias,546.5,470.1,573.8,639.7,680.0,4,E
210058481287,2,M,3,0,1.0,0,Nilópolis,567.9,592.0,603.6,710.9,820.0,8,D
210058386453,4,M,2,0,1.0,0,Duque de Caxias,642.8,574.1,535.9,698.3,880.0,4,C
210058267086,2,F,3,0,1.0,0,São João de Meriti,650.6,680.6,656.4,663.5,920.0,4,K
210058043528,4,F,3,0,1.0,0,Duque de Caxias,551.0,610.5,563.7,565.0,900.0,5,E
210058043531,3,M,1,0,1.0,0,Nova Iguaçu,608.8,440.4,503.0,544.9,640.0,2,G
210060911351,2,M,3,0,1.0,0,Niterói,518.9,484.7,477.6,445.4,580.0,3,C
210060555366,3,F,1,0,1.0,0,Duque de Caxias,539.2,600.9,614.7,560.3,880.0,5,C
210058243515,2,F,3,0,1.0,0,Belford Roxo,680.8,618.3,561.1,786.9,860.0,5,G
210059326524,2,M,3,0,1.0,0,São João de Meriti,495.5,619.8,608.9,674.4,780.0,4,D
210060321086,2,M,3,0,1.0,0,Duque de Caxias,463.4,569.9,610.3,548.3,860.0,4,F
210058867723,3,M,3,0,1.0,0,Niterói,428.5,358.8,429.7,488.4,400.0,4,B
210059759396,2,F,0,0,1.0,0,Niterói,638.0,629.0,621.8,726.9,920.0,3,L
210059671657,2,F,1,0,1.0,0,Duque de Caxias,652.5,631.9,615.7,644.4,900.0,5,E
210058588352,2,F,1,0,1.0,0,São João de Meriti,516.5,581.9,562.3,573.2,820.0,4,E
210058777517,3,M,3,0,1.0,0,Duque de Caxias,596.8,647.7,601.4,718.4,920.0,2,H
210061248352,2,M,1,0,1.0,0,Duque de Caxias,592.2,571.2,661.8,749.6,840.0,3,I
210058801945,2,F,2,0,1.0,0,Nova Iguaçu,517.3,487.4,569.8,471.6,620.0,5,B
210059671672,2,M,1,0,1.0,0,Duque de Caxias,575.7,570.2,529.5,752.1,920.0,4,D
210058267114,2,F,1,0,1.0,0,Duque de Caxias,424.9,500.7,458.5,369.3,500.0,4,B
210058801940,3,F,1,0,1.0,0,Niterói,521.2,576.2,601.2,629.3,960.0,3,G
210059313743,2,M,1,0,1.0,0,Duque de Caxias,633.2,608.3,578.6,704.2,840.0,4,G
210058497193,2,M,1,0,1.0,0,Duque de Caxias,555.5,488.8,541.0,710.3,720.0,2,C
210058862689,2,M,2,0,1.0,0,Nilópolis,567.0,626.7,560.2,608.8,780.0,4,F
210060266820,2,M,1,0,1.0,0,Belford Roxo,509.3,321.7,396.2,464.6,360.0,3,E
210060457170,3,F,1,0,1.0,0,São João de Meriti,510.6,549.1,521.3,498.8,800.0,3,B
210061470151,2,F,3,0,1.0,0,São João de Meriti,655.4,628.7,625.9,741.8,880.0,4,E
210060903045,2,F,2,0,1.0,0,Niterói,583.6,483.3,473.5,628.7,760.0,4,E
210058574190,3,F,1,0,1.0,0,Niterói,654.5,736.1,660.3,740.6,940.0,2,I
210060329606,2,F,2,0,1.0,0,Niterói,522.5,590.8,533.5,591.0,840.0,4,G
210058352956,2,F,3,0,1.0,0,Duque de Caxias,438.7,562.6,578.2,498.0,700.0,5,E
210060222532,3,F,1,0,1.0,0,Nova Iguaçu,507.2,543.1,551.6,489.0,340.0,3,B
210058207177,2,M,3,0,1.0,0,Nilópolis,457.9,499.8,496.5,628.4,600.0,3,C
210058196795,3,F,3,0,1.0,0,Nova Iguaçu,407.4,355.0,406.4,436.9,580.0,5,C
210058106505,3,M,3,0,1.0,0,Duque de Caxias,680.4,688.6,585.6,762.1,920.0,3,C
210058190794,2,F,1,0,1.0,0,Duque de Caxias,565.0,621.2,589.8,710.0,880.0,4,G
210058687335,4,F,2,0,1.0,0,Nova Iguaçu,543.4,375.4,364.7,375.8,340.0,5,B
210058445187,4,F,1,0,1.0,0,Nova Iguaçu,425.2,467.6,460.2,462.0,860.0,2,B
210061238328,3,M,1,0,1.0,0,Niterói,594.1,621.4,584.9,723.9,740.0,4,I
210058594817,3,F,3,0,1.0,0,Duque de Caxias,524.5,553.6,551.0,555.0,520.0,3,C
210058175473,3,M,3,0,1.0,0,Belford Roxo,548.4,585.3,600.5,696.0,820.0,2,A
210058867588,4,F,2,0,1.0,0,Duque de Caxias,389.1,418.9,488.6,393.0,540.0,5,B
210060525141,3,F,1,0,1.0,0,Duque de Caxias,615.9,648.7,628.3,706.3,720.0,5,H
210060529947,3,F,3,0,1.0,0,Nova Iguaçu,465.2,534.5,504.2,459.3,600.0,3,B
210061440779,4,F,3,0,1.0,0,Nova Iguaçu,387.7,498.6,454.2,344.8,540.0,4,B
210058446493,3,F,1,0,1.0,0,São João de Meriti,477.1,542.0,504.5,546.0,540.0,4,E
210060299939,6,F,1,0,1.0,0,Niterói,392.8,562.8,514.4,458.1,260.0,3,E
210058848813,4,M,2,0,1.0,0,Niterói,491.3,481.5,467.9,527.4,400.0,4,C
210060348606,3,M,3,0,1.0,0,Nova Iguaçu,495.5,581.7,568.4,618.9,560.0,4,E
210061336714,6,F,1,0,1.0,0,São João de Meriti,382.0,397.1,424.7,349.6,760.0,2,A
210058848809,2,F,2,0,1.0,0,Belford Roxo,491.0,548.1,533.7,505.8,740.0,3,B
210058763553,3,F,3,0,1.0,0,Maricá,523.0,548.4,546.1,669.7,660.0,4,D
210058359810,2,M,1,0,1.0,0,Niterói,589.6,577.7,565.5,704.1,700.0,5,O
210060787280,2,F,1,0,1.0,0,Niterói,565.7,589.4,583.5,617.4,900.0,3,C
210060370085,3,M,3,0,1.0,0,Niterói,383.3,571.3,494.8,713.2,880.0,3,B
210060481582,2,F,2,0,1.0,0,Duque de Caxias,453.6,558.1,534.8,430.7,540.0,5,B
210060205308,2,F,3,0,1.0,0,Nova Iguaçu,454.7,459.5,496.2,360.2,680.0,4,A
210058404524,3,F,1,0,1.0,0,Niterói,589.3,651.5,618.4,726.9,900.0,2,K
210058865213,2,F,3,0,1.0,0,Duque de Caxias,429.2,496.6,464.0,484.2,760.0,4,F
210061429825,2,F,2,0,1.0,0,Niterói,543.1,551.2,550.4,489.6,840.0,2,C
210058161767,2,M,3,0,1.0,0,Nova Iguaçu,506.7,550.2,573.6,653.9,920.0,4,D
210061620042,2,F,3,0,1.0,0,São João de Meriti,566.1,595.6,617.0,557.7,840.0,3,C
210059261844,3,F,1,0,1.0,0,Belford Roxo,493.6,481.9,513.7,463.6,480.0,4,B
210059926765,3,F,2,0,1.0,0,Niterói,528.9,608.1,590.2,499.2,720.0,3,C
210061620035,2,M,1,0,1.0,0,Duque de Caxias,584.3,626.8,580.3,618.6,800.0,4,G
210058301257,2,M,3,0,1.0,0,Maricá,615.1,604.6,581.0,793.7,720.0,3,H
210058781551,2,M,2,0,1.0,0,Duque de Caxias,352.6,444.6,500.0,429.4,500.0,3,D
210058216811,3,F,3,0,1.0,0,Maricá,537.1,592.1,584.2,582.6,920.0,4,B
210059128275,3,F,3,0,1.0,0,Duque de Caxias,487.9,586.3,565.6,447.9,800.0,5,M
210058106488,3,F,3,0,1.0,0,Duque de Caxias,563.1,635.2,626.6,621.3,700.0,4,E
210061278759,3,M,3,0,1.0,0,São João de Meriti,469.1,447.7,445.1,506.7,360.0,4,B
210060438453,3,F,1,0,1.0,0,Duque de Caxias,534.9,585.9,564.7,514.6,560.0,2,B
210061327016,3,M,1,0,1.0,0,Maricá,585.6,680.9,587.2,661.4,640.0,3,E
210058804824,2,M,1,0,1.0,0,Nova Iguaçu,511.1,525.6,534.1,602.1,320.0,3,B
210058521990,3,M,2,0,1.0,0,Maricá,407.8,474.4,413.9,439.3,680.0,3,B
210059064118,3,F,3,0,1.0,0,Nova Iguaçu,604.7,591.2,564.3,665.7,800.0,2,B
210060142955,3,M,1,0,1.0,0,Nilópolis,387.4,391.3,459.2,361.3,360.0,4,B
210058848787,3,M,3,0,1.0,0,Duque de Caxias,553.2,541.1,512.4,479.1,640.0,2,H
210059692658,2,F,3,0,1.0,0,Maricá,547.6,624.7,583.5,716.2,920.0,4,F
210060315167,3,F,1,0,1.0,0,Niterói,681.3,674.5,639.6,696.5,960.0,4,O
210060302229,2,F,4,0,1.0,0,Duque de Caxias,658.9,666.4,602.8,754.3,860.0,3,D
210058508332,2,F,1,0,1.0,0,São João de Meriti,345.2,549.9,513.7,679.5,720.0,3,C
210059264290,3,M,3,0,1.0,0,Duque de Caxias,572.8,668.1,609.1,677.1,860.0,3,D
210061118912,3,F,1,0,1.0,0,Niterói,743.8,716.7,665.7,885.7,920.0,3,Q
210058531803,2,M,1,0,1.0,0,Duque de Caxias,660.1,645.7,592.9,737.3,900.0,3,D
210061278750,2,F,1,0,1.0,0,Nilópolis,467.3,570.4,557.7,597.4,640.0,3,D
210058518153,3,M,3,0,1.0,0,Niterói,612.9,637.2,647.2,883.3,920.0,3,K
210058439110,2,F,3,0,1.0,0,Nova Iguaçu,456.5,467.9,511.1,459.8,640.0,2,A
210060677337,3,M,3,0,1.0,0,Duque de Caxias,656.0,660.3,584.7,740.4,880.0,3,B
210060238617,2,M,3,0,1.0,0,Duque de Caxias,350.3,533.7,531.1,557.9,960.0,3,G
210060003901,3,M,3,0,1.0,0,Duque de Caxias,591.6,606.8,562.0,688.5,860.0,3,B
210059630701,3,F,3,0,1.0,0,Belford Roxo,443.8,401.3,513.1,444.2,560.0,3,B
210061437081,5,F,1,0,1.0,0,Belford Roxo,563.2,470.7,510.2,395.0,720.0,2,A
210058071526,3,M,1,0,1.0,0,Duque de Caxias,495.3,474.5,498.3,488.6,660.0,3,M
210060372301,2,M,1,0,1.0,0,Duque de Caxias,590.6,597.5,549.9,733.6,720.0,4,B
210058745688,3,M,3,0,1.0,0,Duque de Caxias,560.1,612.1,610.7,584.0,820.0,4,F
210058507720,3,F,3,0,1.0,0,Duque de Caxias,559.3,594.6,593.1,653.6,840.0,2,D
210058418145,3,M,0,0,1.0,0,São João de Meriti,583.8,565.4,641.3,658.7,760.0,2,C
210058622405,3,M,2,0,1.0,0,Duque de Caxias,524.0,566.5,549.9,426.1,540.0,3,G
210060338255,2,M,3,0,1.0,0,Duque de Caxias,627.8,690.2,573.0,805.5,720.0,4,G
210060469318,3,F,1,0,1.0,0,Duque de Caxias,508.3,608.8,593.0,512.5,640.0,4,C
210058839476,2,M,1,0,1.0,0,Duque de Caxias,482.9,578.3,571.6,550.3,740.0,3,C
210061288352,3,M,1,0,1.0,0,Duque de Caxias,379.9,372.0,373.9,393.9,720.0,4,H
210059630676,3,F,1,0,1.0,0,Duque de Caxias,577.4,663.2,611.2,698.0,840.0,6,H
210060302701,4,M,1,0,1.0,0,Niterói,624.8,606.3,589.3,676.3,720.0,4,H
210058707153,3,F,2,0,1.0,0,Duque de Caxias,563.4,614.8,626.1,700.7,940.0,2,D
210060238593,2,M,1,0,1.0,0,Duque de Caxias,562.1,550.3,491.9,671.0,740.0,3,K
210058765966,3,M,1,0,1.0,0,Duque de Caxias,556.6,612.8,583.3,632.9,840.0,3,B
210058220656,3,F,3,0,1.0,0,Duque de Caxias,672.4,576.5,530.0,674.5,840.0,3,E
210058112264,3,M,3,0,1.0,0,Belford Roxo,473.0,453.1,541.6,489.8,580.0,4,E
210058798087,3,M,2,0,1.0,0,Nilópolis,565.9,651.6,657.3,717.4,880.0,3,F
210058476929,5,F,1,0,1.0,0,Nova Iguaçu,562.5,592.7,614.1,615.9,760.0,3,D
210059197706,2,F,1,0,1.0,0,Nova Iguaçu,391.4,476.8,437.7,398.1,460.0,2,B
210059749223,2,M,3,0,1.0,0,Duque de Caxias,356.5,512.7,599.6,419.3,500.0,4,A
210058497012,3,M,2,0,1.0,0,São João de Meriti,538.0,637.5,556.5,700.2,780.0,4,F
210058613208,2,F,1,0,1.0,0,Niterói,701.9,714.0,638.2,792.2,960.0,4,P
210059035858,2,F,1,0,1.0,0,Niterói,557.2,619.4,584.9,685.4,860.0,5,L
210059985741,2,F,2,0,1.0,0,Nova Iguaçu,455.9,497.4,522.4,404.9,540.0,3,L
210058466206,2,M,3,0,1.0,0,Duque de Caxias,437.5,459.2,394.9,477.9,480.0,4,A
210058574147,2,M,3,0,1.0,0,Nova Iguaçu,555.8,610.9,564.6,748.7,720.0,5,D
210058071503,2,F,3,0,1.0,0,Belford Roxo,524.6,581.1,581.8,689.9,880.0,3,D
210058346178,3,F,1,0,1.0,0,Niterói,584.4,648.4,620.7,770.3,960.0,3,O
210058071522,3,F,1,0,1.0,0,São João de Meriti,392.4,347.5,329.9,411.6,420.0,3,B
210058567660,2,F,3,0,1.0,0,Nova Iguaçu,425.0,404.8,470.5,435.1,520.0,6,C
210058415971,2,F,1,0,1.0,0,Nova Iguaçu,404.4,576.3,538.4,422.8,340.0,3,B
210058346184,2,F,3,0,1.0,0,Nova Iguaçu,487.1,568.7,534.5,344.9,620.0,3,D
210058574149,3,M,3,0,1.0,0,Niterói,544.7,658.2,622.1,612.8,760.0,4,K
210058270282,2,F,1,0,1.0,0,Niterói,524.4,645.0,561.3,718.8,940.0,4,H
210061551341,1,F,3,0,1.0,0,Duque de Caxias,606.9,621.4,598.7,716.9,960.0,3,C
210058687376,2,M,3,0,1.0,0,Duque de Caxias,445.3,494.5,504.1,407.5,440.0,3,C
210059736257,4,F,1,0,1.0,0,Duque de Caxias,420.6,477.6,474.9,547.3,360.0,4,G
210061450466,2,M,1,0,1.0,0,São João de Meriti,548.1,558.7,386.7,757.1,900.0,4,L
210058752087,3,F,1,0,1.0,0,Niterói,553.6,532.8,508.5,499.9,740.0,3,H
210060235238,3,M,3,0,1.0,0,São João de Meriti,440.4,571.5,407.1,679.6,580.0,5,D
210058798064,2,F,1,0,1.0,0,Nova Iguaçu,399.5,486.2,491.4,380.9,360.0,6,B
210060248751,2,F,3,0,1.0,0,Niterói,460.0,597.7,549.0,542.0,840.0,2,B
210058855407,3,F,1,0,1.0,0,Niterói,631.4,639.3,601.2,797.9,900.0,4,P
210059287547,3,M,3,0,1.0,0,Nova Iguaçu,475.1,528.9,499.8,461.0,740.0,3,C
210058053641,2,F,3,0,1.0,0,Nova Iguaçu,379.6,473.6,493.5,345.8,660.0,4,G
210058449990,2,F,1,0,1.0,0,Nova Iguaçu,569.1,600.8,635.0,669.2,860.0,3,G
210060220358,3,M,1,0,1.0,0,Maricá,558.1,587.9,508.8,653.9,600.0,5,C
210061581342,3,F,3,0,1.0,0,Niterói,591.9,568.9,587.1,618.1,840.0,4,B
210058084193,3,F,1,0,1.0,0,Nova Iguaçu,487.2,589.6,527.1,469.0,720.0,4,I
210061519044,2,M,1,0,1.0,0,Niterói,538.8,614.2,594.2,644.7,520.0,4,I
210060461671,3,M,1,0,1.0,0,São João de Meriti,583.6,621.8,581.8,626.1,760.0,4,F
210058074423,3,F,1,0,1.0,0,Niterói,565.1,628.5,650.5,639.0,900.0,2,N
210061265646,2,F,1,0,1.0,0,Nova Iguaçu,626.5,563.8,578.0,694.6,940.0,5,F
210060289301,3,F,1,0,1.0,0,Duque de Caxias,537.6,491.4,571.4,531.9,560.0,5,B
210058844608,2,F,3,0,1.0,0,Nilópolis,569.6,562.7,555.8,406.3,800.0,4,E
210058642200,3,M,3,0,1.0,0,Niterói,620.5,622.6,597.2,688.3,760.0,4,C
210061494812,2,F,1,0,1.0,0,Duque de Caxias,552.9,542.7,534.3,581.6,900.0,5,D
210061519024,3,F,1,0,1.0,0,Nova Iguaçu,545.9,599.2,526.1,622.9,660.0,3,C
210059980709,3,M,1,0,1.0,0,Nova Iguaçu,523.6,552.1,566.4,531.2,880.0,4,M
210060014307,4,M,3,0,1.0,0,Nova Iguaçu,480.1,489.6,468.5,547.4,280.0,3,C
210059212950,2,F,1,0,1.0,0,São João de Meriti,478.7,556.9,581.8,620.0,780.0,4,C
210058707237,3,F,1,0,1.0,0,Belford Roxo,433.0,514.9,573.7,411.3,540.0,4,C
210058253831,2,M,1,0,1.0,0,Maricá,490.7,548.6,471.9,640.3,920.0,2,F
210058752198,3,M,3,0,1.0,0,São João de Meriti,450.2,426.9,531.4,606.2,880.0,5,D
210058112768,2,F,2,0,1.0,0,Duque de Caxias,538.2,615.3,595.3,599.2,840.0,4,K
210058039070,3,M,2,0,1.0,0,Belford Roxo,453.2,433.0,405.1,431.4,480.0,4,B
210058077506,3,F,2,0,1.0,0,Niterói,539.3,664.9,561.2,566.3,760.0,4,D
210058827975,3,M,1,0,1.0,0,São João de Meriti,602.3,625.4,662.8,738.6,880.0,3,J
210058855917,3,F,3,0,1.0,0,Duque de Caxias,504.1,507.3,473.3,406.4,620.0,4,C
210058523148,3,F,3,0,1.0,0,Niterói,462.6,567.1,525.1,384.3,640.0,4,E
210058855920,2,F,3,0,1.0,0,Nova Iguaçu,384.7,430.6,336.4,440.8,540.0,6,C
210060220504,2,M,3,0,1.0,0,São João de Meriti,619.8,670.9,628.3,849.3,740.0,3,D
210061139729,2,F,3,0,1.0,0,Belford Roxo,505.8,596.2,579.8,538.1,580.0,4,B
210058096950,4,F,1,0,1.0,0,Nova Iguaçu,444.6,464.9,490.0,428.3,480.0,5,C
210060573667,3,F,2,0,1.0,0,Duque de Caxias,431.7,484.7,523.8,429.8,460.0,4,B
210058096935,4,F,2,0,1.0,0,Duque de Caxias,366.9,341.6,396.0,385.6,360.0,3,B
210061600845,3,F,2,0,1.0,0,Duque de Caxias,459.7,535.9,479.1,369.6,820.0,3,C
210061594184,15,F,2,0,1.0,0,Belford Roxo,498.5,527.0,509.6,425.5,500.0,4,E
210061197798,3,F,2,0,1.0,0,Belford Roxo,455.8,526.9,477.9,464.2,560.0,3,B
210060375535,3,M,2,0,1.0,0,São João de Meriti,520.3,483.8,446.1,583.6,400.0,4,B
210060375508,2,F,1,0,1.0,0,Niterói,531.8,633.9,647.2,708.1,980.0,4,P
210060199059,6,M,3,0,1.0,0,Duque de Caxias,531.3,585.1,561.5,572.0,520.0,6,B
210060509799,2,F,3,0,1.0,0,Nova Iguaçu,472.0,574.6,545.1,357.1,560.0,5,C
210058590707,2,M,1,0,1.0,0,Nova Iguaçu,563.1,473.4,528.6,680.9,680.0,8,F
210058804844,2,M,0,0,1.0,0,Nilópolis,687.9,664.2,613.6,862.6,780.0,5,L
210061288368,2,M,3,0,1.0,0,Belford Roxo,453.5,605.5,565.0,500.2,600.0,3,D
210058811423,2,M,1,0,1.0,0,Duque de Caxias,510.7,631.8,561.5,675.2,620.0,4,B
210060380746,3,F,2,0,1.0,0,Nova Iguaçu,488.6,580.5,578.8,424.9,640.0,5,K
210058833486,4,F,2,0,1.0,0,Nova Iguaçu,430.7,512.4,418.1,353.5,340.0,1,A
210058557922,3,M,1,0,1.0,0,Belford Roxo,502.7,541.6,459.8,579.2,480.0,2,B
210059326263,2,F,1,0,1.0,0,Duque de Caxias,469.2,553.4,480.0,596.2,700.0,3,F
210059854261,2,M,1,0,1.0,0,Belford Roxo,491.9,566.7,511.8,571.6,680.0,4,B
210060723592,3,F,1,0,1.0,0,Niterói,521.9,585.8,547.8,558.9,960.0,4,J
210058288085,2,F,2,0,1.0,0,Maricá,386.6,377.4,355.5,490.4,520.0,4,D
210058429051,2,M,1,0,1.0,0,Niterói,546.2,582.5,504.7,652.3,700.0,3,K
210060400440,2,F,2,0,1.0,0,Niterói,518.2,579.2,580.6,622.7,880.0,4,K
210060892004,2,F,2,0,1.0,0,São João de Meriti,491.7,546.3,536.3,371.1,680.0,4,B
210061216923,3,F,2,0,1.0,0,Maricá,350.8,443.6,468.1,368.9,560.0,3,G
210060220707,2,F,5,0,1.0,0,Niterói,555.6,553.9,490.2,598.4,740.0,2,A
210060302860,3,F,1,0,1.0,0,São João de Meriti,433.6,543.3,531.9,585.0,580.0,2,C
210058606620,2,F,1,0,1.0,0,Duque de Caxias,491.8,536.2,496.7,382.0,640.0,2,D
210058378618,2,F,1,0,1.0,0,Maricá,424.6,520.6,521.9,552.6,880.0,4,H
210058327004,3,F,1,0,1.0,0,Duque de Caxias,398.6,407.1,497.0,385.3,640.0,5,E
210059315771,2,F,3,0,1.0,0,Nilópolis,530.7,569.1,526.5,656.5,760.0,4,H
210061534865,2,F,3,0,1.0,0,Nova Iguaçu,454.0,496.7,417.4,468.0,480.0,4,C
210058404231,4,F,1,0,1.0,0,Maricá,568.7,629.6,590.7,500.8,560.0,3,G
210058264608,3,M,3,0,1.0,0,Nova Iguaçu,474.7,536.5,533.2,516.4,500.0,2,B
210058843248,3,M,1,0,1.0,0,Nova Iguaçu,486.3,529.4,536.7,529.5,520.0,5,B
210058606488,3,F,3,0,1.0,0,Nilópolis,491.3,495.3,495.3,448.0,540.0,2,B
210059225927,3,F,1,0,1.0,0,Duque de Caxias,575.2,594.8,600.3,558.5,880.0,3,E
210059326166,3,M,0,0,1.0,0,Niterói,427.4,474.6,336.5,617.3,920.0,3,B
210058399704,3,F,1,0,1.0,0,Niterói,534.9,503.0,475.3,626.3,680.0,3,H
210060360644,2,M,1,0,1.0,0,Niterói,367.3,522.0,465.8,446.1,640.0,3,H
210058326978,2,M,1,0,1.0,0,Belford Roxo,553.4,600.9,629.3,675.4,740.0,2,D
210058119865,2,F,2,0,1.0,0,Belford Roxo,513.7,488.2,475.3,591.8,640.0,4,B
210061567623,3,F,1,0,1.0,0,Niterói,498.8,519.7,544.3,486.6,680.0,5,D
210058157062,2,M,3,0,1.0,0,Niterói,552.2,571.0,580.3,705.3,820.0,3,J
210060289798,3,M,1,0,1.0,0,Nova Iguaçu,363.2,471.1,463.1,532.4,380.0,4,B
210060461674,2,M,2,0,1.0,0,São João de Meriti,551.2,563.1,527.0,620.6,580.0,2,B
210060917000,4,F,3,0,1.0,0,Nova Iguaçu,635.0,614.5,613.1,727.7,820.0,3,G
210060274789,3,M,3,0,1.0,0,Nova Iguaçu,335.7,384.9,385.4,361.3,460.0,4,E
210060993795,2,M,3,0,1.0,0,Nova Iguaçu,562.2,674.4,655.8,670.7,940.0,3,I
210061567629,4,M,1,0,1.0,0,Maricá,487.5,573.3,596.6,421.2,520.0,3,J
210058869561,2,F,3,0,1.0,0,Nova Iguaçu,468.7,511.8,495.2,620.2,800.0,4,D
210058869380,2,F,1,0,1.0,0,Nova Iguaçu,576.4,625.6,602.3,655.2,680.0,3,E
210058864226,3,F,3,0,1.0,0,Maricá,535.0,546.0,527.2,499.3,920.0,5,C
210058384842,2,F,3,0,1.0,0,Duque de Caxias,474.2,515.5,521.9,406.1,480.0,3,C
210058781631,3,M,3,0,1.0,0,Nova Iguaçu,464.0,368.0,469.2,336.2,500.0,8,F
210058378419,2,M,1,0,1.0,0,Niterói,605.4,616.4,605.9,685.4,820.0,2,M
210060675527,4,M,1,0,1.0,0,São João de Meriti,569.5,565.3,588.8,635.2,300.0,3,D
210059608337,3,M,1,0,1.0,0,Niterói,622.1,601.2,594.3,743.9,920.0,2,K
210060261230,3,F,3,0,1.0,0,Nova Iguaçu,523.2,542.5,567.7,550.0,620.0,3,F
210058459940,6,F,2,0,1.0,0,Nova Iguaçu,400.6,420.4,340.5,346.8,420.0,3,B
210060527625,2,M,1,0,1.0,0,Nova Iguaçu,618.8,582.9,555.3,622.9,720.0,4,K
210058781584,2,F,1,0,1.0,0,Niterói,654.0,667.0,646.2,750.8,900.0,3,K
210060459650,3,M,3,0,1.0,0,Duque de Caxias,389.0,373.1,351.0,424.9,320.0,3,C
210058609538,3,F,2,0,1.0,0,Nova Iguaçu,518.9,600.7,584.6,491.9,660.0,4,H
210060541084,2,F,1,0,1.0,0,Nova Iguaçu,485.2,638.6,558.1,572.3,880.0,4,J
210061356312,4,M,2,0,1.0,0,São João de Meriti,495.0,481.1,504.9,630.7,660.0,7,E
210058537801,3,M,3,0,1.0,0,Niterói,581.3,353.1,524.2,633.7,880.0,3,C
210058757033,2,M,1,0,1.0,0,Belford Roxo,477.8,454.5,568.1,381.9,640.0,5,B
210061003706,3,F,1,0,1.0,0,Niterói,464.4,442.6,584.1,555.9,560.0,4,B
210060541080,2,F,1,0,1.0,0,Belford Roxo,522.8,663.0,545.6,646.3,760.0,5,D
210059959830,3,F,3,0,1.0,0,Nova Iguaçu,549.2,547.3,462.3,513.4,840.0,3,E
210058325429,2,F,1,0,1.0,0,Maricá,533.7,542.7,593.5,531.4,720.0,4,G
210058768461,3,F,2,0,1.0,0,Duque de Caxias,459.0,438.5,533.3,592.7,760.0,4,C
210060994078,3,F,0,0,1.0,0,Duque de Caxias,510.1,524.4,473.9,484.3,880.0,3,B
210060183912,3,M,1,0,1.0,0,São João de Meriti,521.5,554.2,571.2,680.0,860.0,3,C
210058763634,3,M,1,0,1.0,0,Duque de Caxias,538.7,610.1,609.4,591.9,700.0,6,H
210060438291,2,F,3,0,1.0,0,Nova Iguaçu,572.2,629.3,606.9,641.9,940.0,5,G
210058232611,2,F,1,0,1.0,0,Nova Iguaçu,532.5,647.3,572.6,728.6,820.0,5,H
210060108939,3,M,3,0,1.0,0,Duque de Caxias,468.3,575.3,465.2,416.1,660.0,6,B
210058336524,3,M,3,0,1.0,0,Nova Iguaçu,437.9,552.4,537.8,634.8,820.0,3,J
210060108943,2,F,3,0,1.0,0,Duque de Caxias,507.3,541.0,555.9,623.9,680.0,3,H
210060212439,3,F,0,0,1.0,0,Duque de Caxias,558.6,580.1,546.4,517.5,800.0,4,C
210059195391,2,M,3,0,1.0,0,Maricá,582.4,543.8,578.6,606.0,780.0,3,D
210061599927,3,F,1,0,1.0,0,Duque de Caxias,557.4,587.6,563.8,726.0,820.0,5,I
210060438304,3,M,3,0,1.0,0,Belford Roxo,572.4,499.8,475.4,679.7,920.0,3,B
210060385099,3,M,3,0,1.0,0,Nilópolis,608.5,655.5,613.0,667.2,620.0,4,G
210059738808,4,F,3,0,1.0,0,Nova Iguaçu,418.7,468.9,444.2,351.0,620.0,7,A
210058523057,3,F,3,0,1.0,0,Duque de Caxias,459.9,563.0,610.6,623.5,940.0,3,B
210058096789,3,F,1,0,1.0,0,Nilópolis,480.2,565.0,582.5,575.8,820.0,6,M
210058848942,3,F,3,0,1.0,0,Duque de Caxias,480.7,517.7,433.8,367.6,440.0,6,B
210060400447,2,F,3,0,1.0,0,Belford Roxo,513.1,635.5,660.2,763.2,940.0,2,D
210058315754,3,M,1,0,1.0,0,Niterói,566.3,667.3,624.7,688.5,840.0,4,B
210060080017,5,F,2,0,1.0,0,Nova Iguaçu,549.7,615.8,588.3,612.8,660.0,4,D
210061118660,2,M,3,0,1.0,0,Nova Iguaçu,490.5,481.1,510.5,622.3,760.0,3,F
210058821348,2,F,3,0,1.0,0,Niterói,447.3,528.4,510.3,583.9,520.0,5,D
210060261619,3,F,3,0,1.0,0,Belford Roxo,554.2,538.0,500.4,520.5,760.0,4,B
210059723380,3,F,1,0,1.0,0,Nova Iguaçu,500.7,552.7,588.1,529.6,360.0,4,G
210058232578,3,M,1,0,1.0,0,Nova Iguaçu,493.6,545.4,519.6,625.6,700.0,4,H
210058096755,2,M,1,0,1.0,0,Duque de Caxias,541.6,590.5,647.2,525.4,740.0,6,D
210059578922,3,F,1,0,1.0,0,Nova Iguaçu,532.5,490.6,517.7,515.1,600.0,4,C
210058854026,2,F,3,0,1.0,0,Maricá,503.4,580.7,541.2,511.5,520.0,3,K
210058315777,2,F,3,0,1.0,0,Belford Roxo,427.0,494.1,535.9,395.7,720.0,4,B
210061519128,2,M,3,0,1.0,0,Niterói,562.3,592.5,463.8,669.5,880.0,4,B
210058784086,3,F,2,0,1.0,0,Niterói,454.3,342.4,433.1,352.3,680.0,2,B
210058588402,2,F,0,0,1.0,0,Niterói,598.8,617.2,655.7,630.8,900.0,4,K
210059854595,3,M,3,0,1.0,0,Nova Iguaçu,531.1,563.0,551.9,410.9,440.0,3,F
210060263470,2,F,1,0,1.0,0,Niterói,665.2,629.4,697.0,782.4,940.0,3,O
210058296608,2,M,2,0,1.0,0,Duque de Caxias,516.5,392.5,391.3,440.0,480.0,3,I
210060329922,3,M,1,0,1.0,0,Niterói,606.8,620.7,643.1,707.9,680.0,4,D
210061519127,2,M,3,0,1.0,0,Belford Roxo,586.6,645.2,564.3,663.6,960.0,3,E
210058582134,3,M,1,0,1.0,0,Duque de Caxias,462.1,536.9,508.3,544.0,420.0,4,C
210058177763,3,F,1,0,1.0,0,Niterói,566.7,526.2,550.0,451.4,740.0,4,C
210059223194,4,F,3,0,1.0,0,Nova Iguaçu,449.2,576.1,565.3,437.8,480.0,4,C
210060274187,3,F,1,0,1.0,0,Niterói,622.6,660.6,636.0,773.8,900.0,2,C
210060145132,2,F,1,0,1.0,0,Nova Iguaçu,567.2,574.8,611.6,591.7,560.0,4,H
210060338379,2,M,2,0,1.0,0,Belford Roxo,339.2,461.5,403.6,381.6,560.0,4,B
210061521978,4,F,1,0,1.0,0,Niterói,708.1,707.2,660.3,868.8,920.0,2,M
210058339995,3,M,2,0,1.0,0,Niterói,542.4,574.5,552.6,611.8,560.0,2,F
210061506150,3,F,1,0,1.0,0,Niterói,490.5,536.9,506.1,433.2,720.0,3,E
210060344611,2,M,2,0,1.0,0,Duque de Caxias,552.0,489.7,524.5,564.4,540.0,4,B
210061053349,2,M,3,0,1.0,0,Niterói,642.5,703.0,553.5,678.2,720.0,2,E
210059185076,3,F,3,0,1.0,0,Nova Iguaçu,481.9,592.0,556.0,497.4,560.0,5,B
210058721071,4,F,3,0,1.0,0,Belford Roxo,566.5,603.6,562.4,640.4,600.0,3,D
210058514276,3,F,1,0,1.0,0,Niterói,502.5,541.8,535.8,464.0,800.0,3,E
210059298178,2,F,1,0,1.0,0,Duque de Caxias,593.4,624.6,553.4,600.2,900.0,3,E
210058460390,5,F,1,0,1.0,0,Niterói,608.2,428.6,460.6,544.1,560.0,2,B
210058867775,2,F,2,0,1.0,0,Nilópolis,505.8,570.6,506.3,445.7,880.0,3,C
210060281980,2,F,2,0,1.0,0,Niterói,564.8,311.5,460.6,387.6,680.0,3,G
210060250563,2,M,1,0,1.0,0,Duque de Caxias,517.7,602.1,561.0,626.7,360.0,4,E
210061454572,3,F,3,0,1.0,0,Nova Iguaçu,491.8,499.4,480.0,467.0,500.0,5,B
210061541324,2,M,3,0,1.0,0,Duque de Caxias,364.0,514.2,481.3,409.9,240.0,5,B
210059238758,3,F,1,0,1.0,0,São João de Meriti,409.0,503.1,454.3,334.2,800.0,4,B
210060199128,2,F,1,0,1.0,0,Nova Iguaçu,548.3,600.1,517.9,644.4,680.0,6,E
210058986388,2,F,2,0,1.0,0,Nova Iguaçu,479.7,567.2,510.3,482.9,540.0,5,B
210058651138,2,M,3,0,1.0,0,Nova Iguaçu,524.1,543.4,529.1,455.9,740.0,2,C
210060067870,2,F,1,0,1.0,0,Niterói,508.0,551.9,550.1,404.3,720.0,4,K
210058602773,3,F,1,0,1.0,0,Duque de Caxias,522.7,585.7,601.9,699.9,920.0,5,F
210058296312,2,M,0,0,1.0,0,Niterói,560.3,529.2,546.8,514.2,680.0,3,G
210061267632,2,F,1,0,1.0,0,Nova Iguaçu,487.4,492.6,532.0,510.6,560.0,5,N
210058190013,2,F,3,0,1.0,0,São João de Meriti,467.4,479.7,389.1,426.8,560.0,4,C
210058415178,3,F,1,0,1.0,0,Niterói,581.0,634.0,613.4,713.6,860.0,5,I
210058845748,2,M,1,0,1.0,0,Nova Iguaçu,581.6,628.0,601.1,785.9,700.0,4,J
210060186197,2,M,1,0,1.0,0,Niterói,621.8,628.1,591.4,729.5,680.0,4,J
210058707978,2,M,3,0,1.0,0,Maricá,550.7,436.9,569.3,638.1,660.0,3,D
210058562321,2,F,1,0,1.0,0,Duque de Caxias,426.3,512.9,488.1,347.2,400.0,6,A
210058718753,3,F,1,0,1.0,0,Maricá,460.1,540.8,556.0,557.4,760.0,4,Q
210059841634,4,M,1,0,1.0,0,Duque de Caxias,393.1,483.9,411.8,391.0,600.0,4,B
210058213027,3,M,1,0,1.0,0,Niterói,610.4,575.6,580.8,676.6,900.0,3,E
210058511915,3,M,1,0,1.0,0,Niterói,436.0,491.7,506.6,354.2,380.0,2,B
210060222746,4,F,5,0,1.0,0,Duque de Caxias,433.4,378.9,492.9,394.2,560.0,3,A
210060588562,2,F,3,0,1.0,0,Nova Iguaçu,397.7,493.1,474.7,396.1,580.0,5,C
210059954820,4,F,3,0,1.0,0,Duque de Caxias,384.1,509.9,463.1,538.6,800.0,3,C
210058145354,2,M,3,0,1.0,0,Duque de Caxias,326.1,493.1,491.9,425.1,520.0,5,C
210058092238,3,F,1,0,1.0,0,Nilópolis,489.2,521.2,488.1,382.7,600.0,5,B
210058512197,3,F,3,0,1.0,0,Niterói,569.4,661.5,641.9,640.3,920.0,4,I
210060341091,3,F,1,0,1.0,0,São João de Meriti,530.9,452.3,457.3,492.8,600.0,4,H
210058489401,2,F,1,0,1.0,0,Duque de Caxias,470.1,514.5,480.1,567.4,640.0,3,D
210060339973,2,F,1,0,1.0,0,Duque de Caxias,534.2,553.1,593.6,604.2,720.0,4,C
210061614036,2,M,3,0,1.0,0,São João de Meriti,524.4,629.7,576.4,607.3,680.0,4,H
210058212390,3,M,3,0,1.0,0,Nova Iguaçu,510.3,541.4,512.2,630.0,600.0,3,B
210059697833,3,M,3,0,1.0,0,Belford Roxo,483.1,494.3,508.1,469.9,540.0,4,B
210060821993,3,F,2,0,1.0,0,Nilópolis,394.6,466.8,459.8,450.1,580.0,5,B
210058201284,3,F,3,0,1.0,0,Niterói,643.4,549.8,530.0,635.7,880.0,4,M
210061035892,3,F,1,0,1.0,0,Niterói,548.0,575.2,543.9,636.8,960.0,4,G
210058567863,2,M,1,0,1.0,0,Maricá,354.9,475.8,354.3,380.5,560.0,3,B
210058566163,2,M,1,0,1.0,0,Niterói,584.4,641.0,621.3,764.0,880.0,3,I
210060315220,2,F,3,0,1.0,0,Belford Roxo,523.2,511.8,620.0,519.9,840.0,3,F
210060438580,4,M,1,0,1.0,0,Nova Iguaçu,598.2,622.4,669.0,722.0,760.0,3,C
210058425769,3,F,1,0,1.0,0,Duque de Caxias,446.6,507.9,500.6,497.1,520.0,4,B
210058316652,3,F,2,0,1.0,0,São João de Meriti,430.9,469.5,519.2,427.0,600.0,4,A
210058653722,3,F,2,0,1.0,0,Nilópolis,398.1,424.7,457.9,437.7,420.0,3,F
210058622554,3,M,3,0,1.0,0,Duque de Caxias,506.1,553.7,586.9,478.1,740.0,6,J
210058551174,2,F,3,0,1.0,0,Duque de Caxias,418.5,572.4,554.4,452.2,680.0,4,B
210058406032,3,M,3,0,1.0,0,Niterói,536.3,603.9,601.2,660.8,320.0,3,B
210060457399,2,F,3,0,1.0,0,São João de Meriti,434.7,360.6,435.4,467.8,720.0,3,B
210060517108,3,F,1,0,1.0,0,Niterói,724.0,716.8,689.8,811.5,960.0,4,Q
210058450256,2,F,1,0,1.0,0,Nova Iguaçu,496.7,568.1,605.1,489.0,600.0,2,I
210059610447,2,F,1,0,1.0,0,São João de Meriti,495.6,505.0,503.4,452.3,680.0,3,E
210061568415,3,F,2,0,1.0,0,Duque de Caxias,465.8,388.0,391.9,627.9,800.0,4,G
210059697800,3,M,1,0,1.0,0,Nova Iguaçu,519.0,565.1,465.4,660.8,680.0,4,C
210059697821,2,F,3,0,1.0,0,Nova Iguaçu,527.5,475.1,439.8,489.2,940.0,4,I
210059627947,2,F,3,0,1.0,0,Nova Iguaçu,554.0,407.1,586.8,643.2,920.0,4,E
210058178640,4,M,1,0,1.0,0,Niterói,623.0,674.7,629.6,724.1,740.0,2,H
210060080526,3,F,3,0,1.0,0,Niterói,377.3,428.2,450.0,427.3,820.0,4,B
210058406055,2,M,1,0,1.0,0,Niterói,588.9,528.3,517.2,590.2,840.0,5,G
210058190224,2,F,1,0,1.0,0,Duque de Caxias,442.7,468.1,443.5,343.4,380.0,3,B
210060328967,2,F,1,0,1.0,0,Niterói,488.1,573.7,467.4,622.0,900.0,3,D
210059947173,4,M,2,0,1.0,0,Niterói,507.6,480.6,426.3,457.8,700.0,4,B
210059187139,2,F,3,0,1.0,0,Maricá,570.4,553.3,564.8,632.9,680.0,4,M
210058577387,4,M,1,0,1.0,0,Maricá,545.3,532.9,519.9,653.4,680.0,4,O
210060484373,3,M,1,0,1.0,0,Niterói,631.2,613.1,584.2,701.0,940.0,5,O
210058815149,2,M,3,0,1.0,0,Niterói,616.5,621.1,609.6,817.1,720.0,4,K
210058815131,3,F,3,0,1.0,0,Duque de Caxias,507.9,599.0,594.3,508.7,940.0,3,G
210061607207,2,F,1,0,1.0,0,Niterói,496.4,512.1,561.6,459.2,420.0,3,I
210058190064,3,F,4,0,1.0,0,Nova Iguaçu,441.4,310.2,317.5,489.3,440.0,4,B
210058220484,2,F,1,0,1.0,0,Duque de Caxias,533.5,549.0,562.5,622.5,900.0,3,G
210058743219,2,F,1,0,1.0,0,Nilópolis,595.8,687.1,671.3,697.4,940.0,4,D
210061188001,3,F,1,0,1.0,0,Duque de Caxias,421.2,413.5,456.4,374.6,300.0,3,B
210058241868,3,M,3,0,1.0,0,Duque de Caxias,533.3,619.8,567.8,656.7,640.0,4,C
210058440207,5,F,3,0,1.0,0,Nova Iguaçu,419.5,371.3,450.6,362.7,420.0,4,D
210058267040,3,F,1,0,1.0,0,Niterói,555.2,579.6,591.5,625.3,940.0,4,G
210059187154,2,F,3,0,1.0,0,Nilópolis,352.4,365.1,423.8,444.4,540.0,4,F
210060158057,4,F,3,0,1.0,0,Niterói,565.2,581.4,500.8,627.5,940.0,4,M
210058837237,2,M,1,0,1.0,0,Maricá,568.0,567.1,600.4,701.1,840.0,4,N
210058491077,3,F,3,0,1.0,0,Niterói,382.9,464.1,446.9,368.1,820.0,4,B
210058866052,2,F,1,0,1.0,0,São João de Meriti,522.8,611.4,574.6,705.7,640.0,2,D
210060158041,3,F,3,0,1.0,0,Niterói,536.6,524.8,485.4,459.0,560.0,6,B
210058201966,3,F,1,0,1.0,0,São João de Meriti,573.3,562.2,555.1,503.6,860.0,4,D
210058491084,5,F,1,0,1.0,0,Niterói,557.0,510.9,482.5,505.7,660.0,4,D
210058491112,3,M,1,0,1.0,0,São João de Meriti,539.0,528.6,476.8,559.1,760.0,5,E
210058175654,2,F,3,0,1.0,0,Nova Iguaçu,459.7,417.3,473.4,401.3,800.0,4,E
210060334123,3,M,3,0,1.0,0,Niterói,518.8,669.2,553.3,642.2,880.0,3,G
210061187989,3,M,3,0,1.0,0,São João de Meriti,416.5,446.9,523.1,544.3,600.0,3,E
210060484351,2,M,3,0,1.0,0,Niterói,611.5,585.7,513.7,752.7,840.0,3,F
210058415808,2,F,3,0,1.0,0,Duque de Caxias,502.1,565.9,519.8,401.8,740.0,3,C
210060065783,2,M,1,0,1.0,0,Niterói,611.8,635.8,603.5,749.5,860.0,3,P
210060945770,2,F,1,0,1.0,0,Duque de Caxias,637.0,686.6,672.2,723.7,920.0,4,F
210060535667,4,M,1,0,1.0,0,Nova Iguaçu,559.0,385.0,512.7,535.0,500.0,2,A
210058273399,3,M,1,0,1.0,0,Niterói,575.0,640.1,618.6,732.1,880.0,5,Q
210058730063,2,F,3,0,1.0,0,São João de Meriti,582.3,642.5,626.7,790.4,840.0,5,J
210060209505,2,M,2,0,1.0,0,Nova Iguaçu,651.9,766.7,616.0,705.3,760.0,4,H
210058080267,3,F,3,0,1.0,0,Belford Roxo,549.6,522.9,531.8,467.4,640.0,2,B
210058617060,3,M,3,0,1.0,0,Niterói,442.0,526.6,491.9,532.8,540.0,4,B
210058419204,3,F,2,0,1.0,0,Nova Iguaçu,390.5,496.4,470.5,391.1,480.0,5,B
210060315253,3,F,1,0,1.0,0,Niterói,683.0,721.1,649.4,855.4,940.0,2,M
210058352395,2,F,2,0,1.0,0,São João de Meriti,441.9,434.0,464.2,495.1,500.0,4,D
210059841657,2,F,3,0,1.0,0,Belford Roxo,483.6,593.6,598.3,604.8,580.0,5,B
210061090069,3,F,3,0,1.0,0,Nova Iguaçu,440.3,512.5,487.9,525.3,520.0,6,B
210058590914,3,M,1,0,1.0,0,Niterói,516.8,347.0,511.1,527.2,520.0,4,A
210060340898,2,F,3,0,1.0,0,Duque de Caxias,443.6,558.3,510.0,435.8,460.0,3,B
210058542650,2,M,1,0,1.0,0,Niterói,453.8,569.7,602.8,549.0,900.0,2,N
210058419376,4,M,1,0,2.0,0,Niterói,520.5,569.7,546.9,721.3,640.0,3,C
210058714535,2,M,3,0,1.0,0,Maricá,466.6,366.2,473.2,384.4,560.0,2,B
210058385089,2,F,1,0,1.0,0,Duque de Caxias,595.3,663.0,688.5,714.5,640.0,3,G
210058736709,2,M,2,0,1.0,0,Nova Iguaçu,500.7,557.6,517.0,550.7,780.0,2,D
210060496906,3,F,3,0,1.0,0,Belford Roxo,376.6,424.4,499.3,485.4,780.0,4,B
210058481029,3,M,3,0,1.0,0,São João de Meriti,501.4,548.2,516.8,429.2,700.0,4,D
210058759569,3,F,3,0,1.0,0,Nova Iguaçu,501.8,585.9,529.9,478.1,480.0,5,C
210061275352,2,M,1,0,1.0,0,Niterói,568.7,665.0,659.7,694.4,860.0,4,G
210060509826,2,F,0,0,1.0,0,Nova Iguaçu,396.6,525.0,487.8,500.2,400.0,4,G
210058191043,3,M,1,0,1.0,0,Nova Iguaçu,527.3,569.6,629.5,657.0,720.0,3,B
210060199101,2,M,2,0,1.0,0,São João de Meriti,527.1,569.4,605.4,527.1,820.0,3,B
210058779238,2,F,1,0,1.0,0,Nilópolis,496.5,463.1,490.6,536.4,480.0,4,D
210059012374,3,F,3,0,1.0,0,Duque de Caxias,544.8,576.2,548.5,626.9,900.0,4,C
210060350826,2,F,1,0,1.0,0,Niterói,464.8,597.0,521.9,615.2,800.0,7,E
210058124908,4,F,3,0,1.0,0,Duque de Caxias,484.4,589.9,587.4,412.1,560.0,3,C
210058552830,7,M,3,0,1.0,0,Nova Iguaçu,386.8,328.6,350.0,525.7,300.0,2,D
210058191021,3,F,3,0,1.0,0,Duque de Caxias,536.1,575.9,544.2,540.8,880.0,4,D
210058606505,1,F,3,0,1.0,0,Nova Iguaçu,410.7,509.7,541.1,559.6,440.0,3,C
210058570216,3,M,1,0,1.0,0,Nova Iguaçu,587.2,593.3,519.1,621.0,340.0,3,B
210058156859,3,M,2,0,1.0,0,Nilópolis,504.2,536.9,520.5,446.8,540.0,5,B
210058183906,2,F,1,0,1.0,0,Nilópolis,484.8,539.9,586.3,629.7,820.0,3,H
210058670884,3,M,1,0,1.0,0,Niterói,629.7,622.5,601.7,821.2,840.0,2,Q
210060481860,3,F,1,0,1.0,0,Maricá,512.2,558.9,538.8,509.5,760.0,4,E
210059828478,4,F,3,0,2.0,0,São João de Meriti,401.0,418.0,442.8,463.3,420.0,3,B
210059645772,2,F,3,0,1.0,0,Nova Iguaçu,449.3,485.6,499.4,527.6,520.0,5,D
210058181513,3,F,2,0,1.0,0,Nova Iguaçu,393.5,492.6,457.3,364.3,400.0,3,B
210058241901,3,M,1,0,1.0,0,Nilópolis,551.0,602.1,595.5,678.2,720.0,4,H
210060529721,4,F,2,0,1.0,0,São João de Meriti,434.5,453.2,440.4,360.8,580.0,3,D
210058124885,2,M,1,0,1.0,0,Maricá,497.4,551.5,587.0,367.1,640.0,3,M
210058675739,3,M,3,0,1.0,0,Nova Iguaçu,565.3,539.9,503.9,569.6,680.0,4,B
210058675746,3,M,2,0,1.0,0,Belford Roxo,554.3,635.2,587.3,477.1,620.0,3,L
210061613757,3,M,1,0,1.0,0,Niterói,477.8,491.8,466.2,604.6,500.0,3,C
210058850643,3,F,2,0,1.0,0,Belford Roxo,444.8,514.2,534.1,522.9,540.0,2,B
210058524033,2,F,1,0,1.0,0,Niterói,456.3,572.2,596.7,648.8,940.0,4,O
210058850653,2,F,3,0,1.0,0,Maricá,578.1,454.4,559.7,641.1,800.0,5,B
210060528154,3,F,1,0,1.0,0,Niterói,554.2,521.5,491.7,611.0,700.0,2,H
210060222496,2,F,1,0,1.0,0,Duque de Caxias,605.9,588.1,553.2,703.8,940.0,4,N
210059828690,3,M,1,0,1.0,0,Maricá,497.9,506.9,496.9,513.8,600.0,4,D
210059815792,2,F,1,0,1.0,0,Niterói,632.2,703.7,686.1,783.2,960.0,3,I
210058662642,3,F,2,0,1.0,0,Nova Iguaçu,515.8,615.7,523.0,585.7,820.0,4,D
210058440414,2,M,3,0,1.0,0,Belford Roxo,424.6,563.5,564.4,371.2,560.0,3,B
210058752996,3,F,1,0,1.0,0,Belford Roxo,514.8,572.6,571.3,739.5,600.0,3,D
210061614732,2,F,1,0,1.0,0,Nova Iguaçu,563.7,575.4,534.4,487.5,480.0,4,J
210058734973,2,M,1,0,1.0,0,Nova Iguaçu,517.6,530.8,530.8,591.4,440.0,4,G
210058330231,4,F,2,0,1.0,0,Belford Roxo,445.3,325.9,348.7,401.8,500.0,5,C
210060209830,4,F,4,0,1.0,0,Nova Iguaçu,485.6,472.1,422.7,473.4,600.0,4,B
210059226063,2,F,1,0,1.0,0,Nova Iguaçu,560.1,559.9,572.4,592.7,780.0,4,H
210058662655,3,M,1,0,1.0,0,Duque de Caxias,443.0,554.9,490.7,533.2,540.0,4,G
210058330228,1,F,1,0,1.0,0,Nova Iguaçu,528.4,594.7,545.6,584.8,800.0,5,B
210058228389,3,M,3,0,1.0,0,Duque de Caxias,531.9,524.9,564.6,678.1,680.0,4,F
210058369422,3,F,3,0,1.0,0,Nova Iguaçu,547.1,625.8,538.9,525.3,720.0,6,B
210058467764,2,F,3,0,1.0,0,Nova Iguaçu,444.5,531.7,450.0,335.6,600.0,3,B
210060329028,3,F,3,0,1.0,0,Duque de Caxias,478.5,562.8,473.5,436.3,600.0,5,C
210058648848,2,M,2,0,1.0,0,São João de Meriti,531.9,608.4,609.2,637.7,620.0,4,D
210058487610,3,M,1,0,1.0,0,Niterói,460.6,609.1,533.9,622.5,760.0,4,H
210058739200,3,F,3,0,1.0,0,Nova Iguaçu,485.2,496.0,407.8,515.4,600.0,5,D
210058680983,3,F,1,0,1.0,0,Niterói,397.9,535.8,484.7,423.3,440.0,4,C
210060042421,3,F,3,0,1.0,0,Nova Iguaçu,529.6,551.7,521.8,535.9,720.0,3,G
210060566281,2,F,2,0,1.0,0,Belford Roxo,389.1,453.1,466.2,416.7,680.0,5,C
210060957602,4,M,2,0,1.0,0,São João de Meriti,401.3,350.0,304.2,330.1,600.0,3,B
210059712665,4,F,1,0,1.0,0,Duque de Caxias,435.5,451.9,356.6,333.2,500.0,4,C
210058133048,3,F,1,0,1.0,0,Nova Iguaçu,430.5,474.8,404.8,372.4,440.0,7,E
210060334322,4,M,1,0,1.0,0,Niterói,593.6,574.6,502.4,654.0,700.0,10,F
210060093707,2,M,1,0,1.0,0,Maricá,512.9,533.6,560.8,473.2,720.0,3,D
210058866274,3,F,3,0,1.0,0,Nova Iguaçu,415.2,502.0,365.8,335.1,600.0,4,C
210060573942,3,F,1,0,1.0,0,Duque de Caxias,465.9,548.4,509.3,510.4,600.0,4,B
210058456621,3,M,1,0,1.0,0,Maricá,516.5,579.0,615.6,556.1,520.0,4,F
210059303127,3,M,1,0,1.0,0,São João de Meriti,571.3,560.7,575.5,479.1,460.0,3,C
210058456613,3,M,3,0,1.0,0,Duque de Caxias,457.9,497.2,520.0,396.5,600.0,3,C
210061561278,4,M,3,0,1.0,0,Maricá,445.1,464.5,523.5,443.5,540.0,5,J
210060267017,2,F,1,0,1.0,0,Nova Iguaçu,619.7,639.3,596.9,614.5,720.0,4,E
210060555686,2,F,3,0,1.0,0,São João de Meriti,491.7,571.8,575.3,502.0,940.0,4,I
210060948011,2,M,1,0,1.0,0,Duque de Caxias,481.3,572.3,539.8,607.9,500.0,2,D
210060352036,3,M,1,0,1.0,0,Duque de Caxias,625.1,522.3,443.9,688.9,500.0,4,M
210061392877,3,F,2,0,1.0,0,São João de Meriti,402.2,542.9,536.2,436.8,760.0,5,C
210058212350,4,M,1,0,1.0,0,Duque de Caxias,579.0,629.8,633.4,717.5,680.0,4,G
210058678331,5,M,1,0,1.0,0,Duque de Caxias,663.0,673.2,624.0,859.9,840.0,4,H
210060352009,2,F,1,0,1.0,0,Nova Iguaçu,417.1,534.8,518.9,417.2,380.0,4,E
210058196922,4,F,0,0,1.0,0,Niterói,482.2,481.1,493.9,362.2,760.0,5,D
210058477558,4,F,3,0,1.0,0,Duque de Caxias,423.4,501.2,397.8,486.6,560.0,4,B
210058577452,2,M,1,0,1.0,0,Nova Iguaçu,482.4,528.5,445.4,446.0,720.0,3,D
210060070388,3,M,3,0,1.0,0,Niterói,460.3,527.5,512.8,371.1,580.0,5,D
210058595018,3,M,1,0,1.0,0,Duque de Caxias,443.6,451.3,477.0,513.1,580.0,3,A
210060322586,3,M,2,0,1.0,0,Nilópolis,467.1,543.8,520.6,498.2,640.0,2,E
210060889640,2,F,2,0,1.0,0,Niterói,504.9,465.0,511.4,466.4,540.0,4,B
210060029391,3,M,3,0,1.0,0,Nova Iguaçu,448.7,522.4,549.7,352.4,360.0,6,B
210058784155,3,F,2,0,1.0,0,São João de Meriti,492.0,564.9,420.4,465.1,660.0,7,D
210060480800,2,F,3,0,1.0,0,Nova Iguaçu,492.3,478.7,500.3,352.2,640.0,7,B
210060360950,2,M,3,0,1.0,0,São João de Meriti,537.4,540.6,507.7,629.0,500.0,3,E
210058040312,2,F,1,0,1.0,0,Niterói,772.4,732.1,671.2,865.3,940.0,4,I
210058789034,2,F,2,0,1.0,0,Belford Roxo,577.1,586.8,550.6,646.5,860.0,4,D
210058698995,3,F,2,0,1.0,0,Belford Roxo,392.9,534.1,460.4,335.1,440.0,3,B
210058314865,2,M,3,0,1.0,0,Maricá,487.6,601.7,562.4,704.9,960.0,4,F
210058549366,3,F,2,0,1.0,0,São João de Meriti,534.4,620.1,623.6,600.1,820.0,5,F
210058243757,3,F,1,0,1.0,0,Niterói,582.1,534.6,549.1,495.0,640.0,3,A
210060044855,3,F,1,0,1.0,0,Niterói,594.1,615.5,617.4,759.6,920.0,5,O
210058822533,3,M,3,0,1.0,0,Duque de Caxias,467.7,455.2,343.4,370.3,460.0,4,B
210061168841,2,F,2,0,1.0,0,Duque de Caxias,450.7,565.9,566.6,417.4,560.0,5,J
210060240497,2,M,3,0,1.0,0,Nova Iguaçu,609.8,602.6,491.0,674.2,880.0,3,E
210058191174,3,F,3,0,1.0,0,Nilópolis,537.7,435.9,558.2,481.3,620.0,3,B
210058753036,2,F,2,0,1.0,0,Niterói,562.9,596.6,619.8,712.9,920.0,3,H
210058698251,2,F,2,0,1.0,0,Duque de Caxias,425.8,389.0,460.0,567.9,580.0,2,B
210058815976,3,M,3,0,1.0,0,Niterói,568.8,492.2,464.1,522.1,480.0,4,B
210058772643,4,M,3,0,1.0,0,Belford Roxo,483.1,516.5,519.2,536.5,400.0,4,B
210060224729,3,F,3,0,1.0,0,São João de Meriti,439.5,525.4,470.1,400.0,680.0,4,B
210058759642,2,M,3,0,1.0,0,Nilópolis,341.0,344.7,355.7,472.7,460.0,2,B
210058609656,3,F,2,0,1.0,0,Nilópolis,496.4,597.1,601.1,585.2,680.0,3,D
210060240790,3,M,2,0,1.0,0,Duque de Caxias,414.5,530.7,439.4,470.4,540.0,6,C
210060955485,2,F,3,0,1.0,0,Duque de Caxias,563.6,404.2,424.9,495.4,620.0,4,C
210058528101,3,M,1,0,1.0,0,São João de Meriti,424.0,547.9,589.1,608.8,680.0,3,C
210058518207,3,M,1,0,1.0,0,Niterói,468.2,602.1,603.8,726.0,960.0,4,F
210060207463,3,M,1,0,1.0,0,Niterói,577.2,658.2,630.9,642.8,940.0,2,F
210058651290,3,F,2,0,1.0,0,Duque de Caxias,456.8,447.6,533.7,382.3,720.0,3,B
210058104143,2,F,1,0,1.0,0,São João de Meriti,500.3,523.0,538.9,656.3,700.0,4,H
210058849128,2,F,1,0,1.0,0,Nova Iguaçu,547.9,548.8,564.4,621.1,840.0,3,B
210058860926,2,F,1,0,1.0,0,Belford Roxo,533.5,584.7,570.3,429.5,860.0,4,H
210061444889,2,F,3,0,1.0,0,Maricá,400.5,509.5,542.7,494.3,480.0,4,K
210058860943,1,M,1,0,1.0,0,Duque de Caxias,473.8,549.3,521.8,513.8,600.0,7,D
210060947859,4,F,3,0,1.0,0,Niterói,459.2,480.8,432.3,429.6,540.0,3,B
210058518230,3,F,3,0,1.0,0,Nilópolis,538.3,496.8,436.3,525.1,900.0,2,D
210060171235,3,M,3,0,1.0,0,Niterói,526.0,382.9,446.9,503.8,600.0,3,C
210058860951,3,M,2,0,1.0,0,Nova Iguaçu,449.9,439.4,466.7,555.3,700.0,3,C
210058973809,2,M,1,0,1.0,0,Nova Iguaçu,465.3,502.1,395.5,566.4,640.0,2,C
210059285488,3,F,3,0,1.0,0,São João de Meriti,550.0,540.0,504.7,525.9,460.0,4,E
210060947852,2,M,3,0,1.0,0,São João de Meriti,432.8,443.8,475.6,516.1,600.0,3,B
210058154116,2,M,1,0,1.0,0,Niterói,717.2,687.1,628.6,802.5,920.0,5,M
210058601176,3,M,3,0,1.0,0,Nova Iguaçu,526.6,531.3,465.8,579.9,600.0,3,D
210058678408,3,F,1,0,1.0,0,Belford Roxo,489.6,598.9,525.6,492.0,880.0,3,D
210061421922,2,M,2,0,1.0,0,Duque de Caxias,562.5,498.1,509.2,588.7,480.0,4,E
210058154077,2,F,3,0,1.0,0,Duque de Caxias,579.6,575.5,579.2,546.7,920.0,3,E
210061554476,3,F,1,0,1.0,0,Niterói,585.3,627.7,583.1,688.4,940.0,4,N
210061022837,2,F,3,0,1.0,0,Duque de Caxias,407.2,401.7,494.7,509.3,720.0,3,B
210061554499,3,F,2,0,1.0,0,Niterói,420.6,427.5,458.2,586.7,580.0,5,D
210058217280,4,F,3,0,1.0,0,Niterói,435.0,491.3,457.2,350.5,720.0,4,B
210060380772,3,M,1,0,1.0,0,Niterói,581.1,698.6,623.1,743.5,940.0,4,P
210058511879,2,M,1,0,1.0,0,Belford Roxo,579.4,607.1,537.9,710.1,840.0,2,B
210061178521,3,F,1,0,1.0,0,Niterói,523.0,428.2,530.0,483.3,840.0,3,C
210058854109,3,F,3,0,1.0,0,Nilópolis,572.4,513.0,516.8,569.7,480.0,4,D
210058750555,4,F,2,0,1.0,0,Nova Iguaçu,454.4,519.4,555.2,530.8,540.0,3,B
210060147570,2,F,3,0,1.0,0,Belford Roxo,437.2,490.9,440.2,379.6,520.0,2,B
210060380938,3,F,3,0,1.0,0,Maricá,477.6,582.3,582.3,640.5,800.0,3,J
210058132143,3,F,2,0,1.0,0,Maricá,542.8,589.7,620.7,466.4,780.0,4,F
210060367890,3,F,1,0,1.0,0,São João de Meriti,516.9,656.6,619.0,537.0,860.0,7,E
210058622614,3,F,1,0,1.0,0,Niterói,432.0,508.1,401.8,372.1,480.0,5,B
210058451653,3,F,3,0,1.0,0,Duque de Caxias,610.2,621.1,603.2,632.4,900.0,2,E
210058844680,2,M,1,0,1.0,0,Nova Iguaçu,513.3,556.3,527.2,609.4,780.0,4,C
210058712211,2,F,1,0,1.0,0,Duque de Caxias,512.2,560.2,611.9,574.7,620.0,7,B
210059226231,6,M,3,0,1.0,0,Duque de Caxias,546.7,612.4,520.3,647.3,760.0,5,B
210060387526,2,M,3,0,1.0,0,São João de Meriti,568.6,640.3,611.9,638.0,560.0,3,C
210061188501,3,M,1,0,1.0,0,Niterói,564.1,594.8,603.8,789.4,800.0,3,Q
210058567926,3,M,3,0,1.0,0,Maricá,547.1,525.4,539.4,612.6,320.0,2,C
210058613417,3,M,2,0,1.0,0,Niterói,493.5,376.0,324.4,481.6,360.0,4,C
210059738563,1,M,1,0,1.0,0,Niterói,611.3,548.4,530.5,674.0,880.0,4,E
210058514290,2,M,1,0,1.0,0,Niterói,700.5,653.4,660.8,958.6,980.0,4,Q
210061610893,3,F,2,0,1.0,0,Duque de Caxias,610.8,647.2,604.5,763.4,920.0,4,J
210058369024,2,M,1,0,1.0,0,Belford Roxo,535.3,509.4,613.9,727.9,840.0,3,P
210059921354,4,F,3,0,1.0,0,Nova Iguaçu,366.7,559.4,503.9,350.3,600.0,7,B
210058766232,3,F,1,0,1.0,0,Niterói,462.9,543.0,485.2,382.4,560.0,5,C
210059738449,2,F,2,0,1.0,0,Nilópolis,504.7,437.9,523.8,488.9,440.0,4,D
210058766219,2,M,3,0,1.0,0,Niterói,604.4,582.7,627.2,694.9,600.0,3,I
210059725545,2,F,1,0,1.0,0,Nova Iguaçu,505.7,603.9,584.5,512.9,780.0,4,B
210060566498,3,F,1,0,1.0,0,Nova Iguaçu,509.3,606.8,598.8,646.6,740.0,3,G
210059213390,2,F,1,0,1.0,0,São João de Meriti,623.4,588.2,600.8,692.6,920.0,4,H
210058711973,2,F,2,0,1.0,0,Nilópolis,449.9,561.5,532.2,541.7,940.0,4,C
210060831754,4,M,1,0,1.0,0,Niterói,542.2,585.8,571.0,692.0,560.0,2,B
210060317343,2,F,3,0,1.0,0,Duque de Caxias,481.5,542.6,549.5,640.1,740.0,3,C
210058492294,2,F,2,0,1.0,0,Niterói,386.4,478.5,495.5,391.6,400.0,4,B
210058182926,2,M,1,0,1.0,0,Nova Iguaçu,547.6,542.6,514.6,514.7,600.0,3,G
210058653770,2,M,3,0,1.0,0,Maricá,539.9,483.0,530.0,704.4,760.0,5,I
210058285838,2,F,3,0,1.0,0,São João de Meriti,551.6,535.7,484.7,480.3,720.0,4,B
210060248802,3,F,3,0,1.0,0,Nova Iguaçu,420.9,527.6,457.7,458.2,920.0,5,B
210058789062,2,M,3,0,1.0,0,Duque de Caxias,429.0,499.3,503.7,519.1,520.0,5,B
210059908540,3,F,1,0,1.0,0,Niterói,442.4,563.0,516.8,653.3,460.0,3,M
210061554812,3,M,2,0,1.0,0,Belford Roxo,341.0,408.1,395.2,594.7,400.0,4,C
210058285836,2,F,1,0,1.0,0,Duque de Caxias,471.1,413.7,494.8,472.2,440.0,5,B
210058471361,2,F,1,0,1.0,0,Nova Iguaçu,525.4,522.3,490.7,524.8,720.0,4,D
210060274845,3,M,1,0,1.0,0,Nova Iguaçu,607.8,626.7,512.4,716.0,620.0,4,D
210060209667,2,F,1,0,1.0,0,Maricá,634.5,595.4,611.3,733.6,920.0,4,J
210058277147,2,F,3,0,1.0,0,Nova Iguaçu,490.3,501.5,473.5,438.3,840.0,4,E
210059742193,2,F,2,0,1.0,0,Duque de Caxias,427.0,393.2,451.4,454.3,580.0,3,H
210058549169,3,F,1,0,1.0,0,Nova Iguaçu,355.6,539.5,444.3,455.1,440.0,3,B
210058529577,2,F,2,0,1.0,0,Duque de Caxias,535.2,598.7,560.2,657.2,840.0,3,J
210058543137,3,F,1,0,1.0,0,São João de Meriti,559.2,524.7,519.1,681.9,880.0,4,E
210058080447,4,F,2,0,1.0,0,São João de Meriti,437.8,423.9,507.4,333.5,500.0,6,C
210058213324,3,F,1,0,1.0,0,Niterói,540.9,488.4,415.8,424.3,920.0,5,L
210061548891,3,M,1,0,1.0,0,Niterói,573.5,575.8,547.3,656.5,600.0,4,M
210059841668,3,M,1,0,1.0,0,Duque de Caxias,507.0,389.8,491.9,413.7,500.0,3,B
210058132123,3,M,3,0,1.0,0,São João de Meriti,551.0,596.5,592.4,639.7,800.0,3,C
210058846015,2,F,1,0,1.0,0,Nova Iguaçu,624.0,671.3,651.6,593.8,860.0,3,D
210060409610,2,M,1,0,1.0,0,São João de Meriti,588.6,518.9,511.0,669.8,700.0,3,B
210058468025,2,M,2,0,1.0,0,São João de Meriti,501.1,547.2,512.7,516.7,500.0,3,J
210061007467,2,M,1,0,1.0,0,Nova Iguaçu,584.2,574.3,568.4,490.0,800.0,3,D
210060317703,2,M,1,0,1.0,0,Nilópolis,558.3,484.6,538.9,658.4,720.0,5,E
210061017149,2,M,1,0,1.0,0,Maricá,662.4,682.7,580.4,787.4,820.0,3,K
210060094008,3,F,1,0,1.0,0,Nova Iguaçu,426.1,454.6,526.6,384.3,480.0,5,D
210061375282,3,F,2,0,1.0,0,Belford Roxo,595.6,470.5,417.4,442.8,880.0,4,D
210058642273,1,F,1,0,1.0,0,Duque de Caxias,491.4,509.9,522.1,537.6,560.0,4,C
210060225929,3,M,3,0,1.0,0,Nilópolis,522.1,358.4,576.4,587.6,560.0,4,H
210058633107,2,M,1,0,1.0,0,Niterói,611.7,673.5,667.6,816.6,940.0,4,Q
210060939830,2,M,1,0,1.0,0,São João de Meriti,416.7,552.2,497.9,597.9,600.0,4,G
210058410027,2,F,1,0,1.0,0,Duque de Caxias,445.1,481.2,482.5,441.9,680.0,4,G
210059569686,2,F,3,0,1.0,0,Nova Iguaçu,641.0,649.5,648.8,774.6,840.0,4,D
210061209197,3,F,1,0,1.0,0,Niterói,447.8,523.3,489.2,338.1,420.0,3,B
210058757278,2,F,3,0,1.0,0,Niterói,492.7,581.6,478.5,528.4,960.0,3,G
210060468883,4,F,1,0,1.0,0,Duque de Caxias,593.4,644.3,589.7,655.3,720.0,2,C
210058116692,2,M,3,0,1.0,0,Duque de Caxias,429.4,412.4,559.0,486.3,560.0,3,M
210061452776,3,M,3,0,1.0,0,Belford Roxo,508.9,439.6,482.8,575.8,360.0,4,B
210061601991,3,F,1,0,1.0,0,Duque de Caxias,544.2,594.2,574.3,695.1,780.0,4,E
210059210585,3,F,3,0,1.0,0,Niterói,653.1,660.6,612.1,737.6,980.0,4,K
210060568069,3,F,3,0,1.0,0,Duque de Caxias,401.2,546.6,532.4,502.6,540.0,5,D
210058560555,3,M,2,0,1.0,0,Niterói,536.8,474.2,492.2,702.0,820.0,3,N
210060093971,3,F,3,0,1.0,0,Nova Iguaçu,521.4,491.6,543.3,470.5,680.0,2,D
210059803148,2,F,3,0,1.0,0,São João de Meriti,444.0,489.1,516.2,580.0,880.0,3,C
210058482619,2,F,1,0,1.0,0,Niterói,693.3,631.8,610.9,705.6,940.0,4,Q
210060082287,3,F,2,0,1.0,0,Duque de Caxias,485.4,518.3,461.5,343.7,560.0,3,C
210059584749,3,F,3,0,1.0,0,Duque de Caxias,536.6,533.7,507.4,652.3,840.0,4,C
210058593410,3,M,1,0,1.0,0,Nilópolis,566.0,578.3,628.6,623.2,660.0,5,C
210060304710,3,F,3,0,1.0,0,Duque de Caxias,533.5,642.1,556.6,700.0,780.0,3,D
210058666916,3,F,3,0,1.0,0,Maricá,616.4,604.0,592.3,712.1,640.0,3,K
210058622639,2,F,1,0,1.0,0,Niterói,528.2,626.0,578.3,620.4,820.0,4,J
210058427263,5,M,1,0,1.0,0,Niterói,632.8,648.5,701.1,763.6,760.0,4,E
210058444371,3,F,3,0,1.0,0,Nova Iguaçu,406.5,463.7,462.6,561.4,500.0,3,B
210059751292,3,M,1,0,1.0,0,Niterói,617.7,586.6,569.9,693.1,920.0,4,P
210059802907,3,F,1,0,1.0,0,Nilópolis,347.2,444.1,496.8,477.7,820.0,3,D
210060267055,2,F,3,0,1.0,0,Belford Roxo,413.5,447.1,507.3,373.9,720.0,4,C
210060016621,3,F,1,0,1.0,0,Maricá,411.7,463.2,493.1,360.8,640.0,4,M
210060468534,3,F,1,0,1.0,0,São João de Meriti,500.0,497.8,503.8,409.3,880.0,4,E
210060996156,4,M,1,0,1.0,0,São João de Meriti,467.2,531.5,518.3,414.7,540.0,4,D
210058117781,3,F,3,0,1.0,0,Nova Iguaçu,478.6,392.2,360.4,349.8,260.0,3,B
210061070648,3,F,2,0,1.0,0,Niterói,596.3,589.2,554.2,633.1,940.0,3,G
210059802872,2,M,1,0,1.0,0,Nova Iguaçu,396.7,558.3,586.8,729.1,480.0,2,C
210058419400,3,M,1,0,1.0,0,Nova Iguaçu,535.4,583.5,528.1,585.5,560.0,4,B
210058378779,4,M,3,0,1.0,0,Maricá,520.1,538.5,534.6,450.2,760.0,4,D
210060158351,2,F,1,0,1.0,0,Niterói,723.3,676.9,697.5,785.0,880.0,3,O
210058609707,2,F,1,0,1.0,0,Belford Roxo,478.4,574.3,523.2,533.0,760.0,4,G
210058682736,3,M,3,0,1.0,0,Duque de Caxias,504.6,614.5,585.7,549.5,760.0,5,D
210058762046,3,F,1,0,1.0,0,Duque de Caxias,485.2,515.6,542.0,512.6,780.0,2,C
210059602142,7,F,2,0,1.0,0,São João de Meriti,448.0,500.1,529.4,381.9,540.0,3,C
210058368334,2,F,3,0,1.0,0,Belford Roxo,429.1,481.5,577.3,655.4,900.0,4,D
210058779998,3,M,1,0,1.0,0,São João de Meriti,532.3,545.3,523.5,497.7,840.0,4,A
210058553035,3,F,3,0,1.0,0,Nova Iguaçu,521.0,577.0,546.4,515.9,600.0,5,B
210058336442,2,F,1,0,1.0,0,Nova Iguaçu,581.9,652.8,608.4,683.3,920.0,2,K
210061554800,3,M,3,0,1.0,0,Niterói,720.4,713.8,642.7,800.4,960.0,3,O
210060397879,2,F,1,0,1.0,0,Duque de Caxias,495.8,488.3,458.0,502.8,620.0,4,B
210061045674,3,F,1,0,1.0,0,São João de Meriti,496.0,536.6,445.8,611.1,640.0,7,C
210061415885,4,F,1,0,1.0,0,Duque de Caxias,436.9,473.3,508.6,358.8,620.0,4,E
210060261973,2,F,1,0,1.0,0,Nova Iguaçu,588.3,585.7,559.2,699.2,800.0,3,G
210058762056,3,M,1,0,1.0,0,São João de Meriti,405.6,539.5,533.9,589.7,660.0,4,E
210058834006,2,F,1,0,1.0,0,Niterói,596.4,596.6,601.3,641.1,800.0,4,I
210058436981,2,M,3,0,1.0,0,São João de Meriti,569.0,605.6,577.1,671.3,820.0,3,D
210058780005,2,M,2,0,1.0,0,Nova Iguaçu,667.9,605.9,555.8,670.4,580.0,4,H
210058392653,2,M,1,0,1.0,0,Nova Iguaçu,516.2,664.7,591.3,691.7,800.0,4,O
210060773984,2,F,3,0,1.0,0,São João de Meriti,532.1,559.9,568.6,601.4,760.0,4,K
210060093606,3,F,1,0,1.0,0,Nova Iguaçu,606.5,578.6,564.3,686.9,920.0,4,D
210058465351,3,F,3,0,1.0,0,Duque de Caxias,463.6,557.8,529.3,483.5,780.0,4,B
210058580616,3,M,3,0,1.0,0,Nova Iguaçu,385.3,530.5,472.4,402.3,240.0,6,B
210058529604,3,M,1,0,1.0,0,São João de Meriti,648.2,664.9,580.1,651.3,920.0,4,B
210058049049,3,F,3,0,1.0,0,Maricá,428.0,443.3,477.0,673.5,840.0,3,N
210058854188,2,M,1,0,1.0,0,Duque de Caxias,612.9,509.3,496.9,605.6,420.0,3,C
210061480415,3,F,1,0,1.0,0,Niterói,616.0,627.9,589.7,692.0,880.0,3,N
210058559037,3,F,3,0,1.0,0,Duque de Caxias,569.0,577.3,567.6,572.9,720.0,2,B
210060289904,3,F,2,0,1.0,0,São João de Meriti,491.5,591.6,520.5,583.0,900.0,6,E
210059210400,3,M,2,0,1.0,0,Niterói,547.1,638.9,626.5,391.3,660.0,3,K
210058084958,3,M,3,0,1.0,0,Niterói,521.0,580.6,530.8,660.5,680.0,4,E
210060347416,2,F,1,0,1.0,0,Niterói,491.6,425.2,542.3,507.9,640.0,2,D
210058477720,2,M,2,0,1.0,0,Duque de Caxias,500.8,551.3,547.3,590.8,620.0,4,A
210059941987,3,F,3,0,1.0,0,Nilópolis,531.1,540.0,551.2,516.4,920.0,3,F
210058609811,3,F,1,0,1.0,0,São João de Meriti,542.0,550.3,601.4,658.1,780.0,4,K
210058655485,3,M,1,0,1.0,0,Niterói,572.8,566.4,594.8,754.5,900.0,5,O
210058129734,3,M,1,0,1.0,0,Nova Iguaçu,392.2,416.8,362.1,553.3,540.0,4,H
210058492363,2,M,1,0,1.0,0,Niterói,638.6,644.7,684.8,672.2,960.0,4,G
210060949825,3,M,1,0,1.0,0,Duque de Caxias,682.0,654.3,650.9,764.5,940.0,3,N
210058347168,3,M,3,0,1.0,0,São João de Meriti,502.3,565.5,520.9,542.7,760.0,4,D
210058506063,2,M,1,0,1.0,0,Duque de Caxias,399.7,477.1,508.6,454.3,560.0,4,B
210058232810,3,M,1,0,1.0,0,Niterói,687.5,652.7,610.1,730.9,940.0,4,K
210060240971,2,M,1,0,1.0,0,Niterói,479.2,535.7,556.8,762.8,880.0,5,Q
210060329828,3,F,5,0,1.0,0,Nova Iguaçu,395.8,433.5,407.4,372.2,440.0,7,B
210058528903,2,F,3,0,1.0,0,São João de Meriti,588.3,638.2,607.5,724.0,920.0,4,K
210058419873,3,M,3,0,1.0,0,Niterói,598.1,610.1,595.2,681.4,860.0,4,K
210058590950,2,F,1,0,1.0,0,Nilópolis,563.6,625.8,578.3,752.2,880.0,3,G
210059751405,3,F,1,0,1.0,0,Duque de Caxias,552.0,624.3,605.8,557.7,760.0,4,G
210060042253,3,M,3,0,1.0,0,Duque de Caxias,568.9,587.0,575.7,668.3,580.0,5,D
210060042261,2,F,3,0,1.0,0,Maricá,494.5,517.9,539.7,456.6,360.0,3,B
210058590946,3,F,4,0,1.0,0,Nova Iguaçu,471.6,437.2,436.8,393.9,520.0,5,B
210061045789,2,M,1,0,1.0,0,Duque de Caxias,544.6,609.1,610.3,705.9,640.0,4,G
210060003700,2,F,2,0,1.0,0,Niterói,557.1,607.4,645.9,559.1,960.0,3,D
210058437001,2,F,1,0,1.0,0,Nova Iguaçu,540.3,545.8,553.0,632.2,640.0,4,D
210060822269,2,M,3,0,1.0,0,São João de Meriti,445.7,387.3,452.8,627.3,500.0,4,C
210058528896,3,F,2,0,1.0,0,São João de Meriti,587.2,586.8,612.1,709.1,760.0,4,D
210058304140,2,F,1,0,1.0,0,Duque de Caxias,533.8,615.0,550.4,570.3,900.0,4,D
210058859560,2,M,1,0,1.0,0,Niterói,732.3,635.5,620.1,864.3,940.0,3,N
210058048939,2,F,1,0,1.0,0,Niterói,450.7,551.7,542.9,400.7,760.0,6,B
210060297584,3,M,1,0,1.0,0,Niterói,634.1,674.5,619.9,712.3,740.0,2,I
210058723623,2,M,1,0,1.0,0,Nilópolis,567.7,615.4,560.4,663.6,520.0,2,F
210058869777,3,M,3,0,1.0,0,Belford Roxo,557.0,495.3,459.6,664.9,760.0,4,G
210058437120,4,M,1,0,1.0,0,Nova Iguaçu,478.4,464.3,443.1,370.0,320.0,3,C
210058304137,2,F,2,0,1.0,0,Duque de Caxias,350.6,315.8,353.7,428.5,420.0,5,B
210058818855,8,F,3,0,1.0,0,Duque de Caxias,482.3,387.8,501.7,532.5,840.0,3,B
210059300464,2,M,2,0,1.0,0,São João de Meriti,512.7,455.1,431.5,414.6,520.0,6,D
210060532280,3,F,2,0,1.0,0,Nova Iguaçu,560.7,528.2,465.3,440.5,640.0,3,C
210058721184,2,M,1,0,1.0,0,Niterói,639.6,658.4,578.4,683.6,780.0,4,G
210058721187,2,F,2,0,1.0,0,Duque de Caxias,420.4,574.9,512.9,664.9,680.0,3,J
210059316263,2,F,1,0,1.0,0,São João de Meriti,464.0,525.4,572.1,445.4,640.0,2,A
210058399761,3,M,1,0,1.0,0,Niterói,576.5,567.8,580.8,595.9,480.0,4,B
210061149825,3,M,3,0,1.0,0,Nova Iguaçu,516.1,442.7,481.5,645.3,720.0,2,A
210060042315,3,M,1,0,1.0,0,Niterói,552.3,504.9,453.5,634.5,620.0,4,K
210058267467,3,M,1,0,1.0,0,Niterói,620.8,598.3,614.0,735.2,600.0,3,Q
210058254037,3,F,1,0,1.0,0,Nova Iguaçu,429.1,526.4,506.2,481.4,540.0,3,B
210058588422,2,F,3,0,1.0,0,Maricá,402.3,394.7,463.8,334.7,520.0,2,C
210059815842,2,M,1,0,1.0,0,Duque de Caxias,375.6,493.7,461.5,461.3,560.0,3,B
210058094302,2,F,1,0,1.0,0,Nova Iguaçu,458.2,579.0,603.8,696.7,940.0,5,N
210059882617,2,F,1,0,1.0,0,Niterói,732.0,600.6,646.2,877.5,960.0,4,Q
210058708036,2,F,3,0,1.0,0,Duque de Caxias,433.6,318.6,543.9,547.9,680.0,3,D
210058786511,2,F,1,0,1.0,0,Duque de Caxias,559.5,478.6,516.8,686.4,900.0,4,C
210058477683,3,F,1,0,1.0,0,São João de Meriti,552.2,567.4,543.5,554.2,600.0,4,E
210061423420,2,F,2,0,1.0,0,Duque de Caxias,514.1,556.5,577.9,341.1,780.0,3,C
210058446287,3,F,3,0,2.0,0,Nilópolis,404.7,580.5,597.7,594.1,460.0,6,B
210058125351,2,M,2,0,1.0,0,Nova Iguaçu,597.1,620.0,625.8,684.5,960.0,4,G
210059594666,2,F,4,0,1.0,0,Nova Iguaçu,458.4,475.6,522.1,550.1,520.0,2,D
210060346998,2,F,3,0,1.0,0,Duque de Caxias,433.5,560.6,555.0,681.0,620.0,4,D
210059671996,1,M,1,0,1.0,0,Niterói,533.0,512.9,565.9,436.9,720.0,5,Q
210058699108,2,M,3,0,1.0,0,Duque de Caxias,505.4,594.0,570.6,712.0,520.0,5,B
210058539543,2,F,1,0,1.0,0,Nova Iguaçu,554.5,499.6,533.4,373.0,520.0,5,E
210058699104,3,F,1,0,1.0,0,Niterói,587.8,704.7,643.4,715.6,900.0,5,Q
210060400794,2,M,1,0,1.0,0,Niterói,411.1,459.2,485.0,570.6,880.0,4,H
210058791798,5,F,1,0,1.0,0,Belford Roxo,422.7,545.7,495.2,348.8,620.0,5,D
210058791793,3,F,1,0,1.0,0,Niterói,424.4,580.8,572.5,542.7,680.0,2,B
210061337128,3,F,1,0,1.0,0,Nova Iguaçu,388.3,364.2,462.7,472.0,560.0,3,F
210060959485,2,F,1,0,1.0,0,Duque de Caxias,493.9,629.9,601.0,629.9,860.0,3,G
210059659151,2,M,1,0,1.0,0,Niterói,592.9,630.7,550.9,806.0,640.0,5,Q
210058125323,4,F,1,0,1.0,0,Duque de Caxias,404.2,521.0,458.8,520.1,640.0,3,C
210058786740,3,M,1,0,1.0,0,Niterói,644.3,648.0,591.0,803.9,960.0,3,I
210060353574,3,M,1,0,1.0,0,Niterói,614.0,718.5,656.0,757.7,820.0,4,O
210059726116,2,M,3,0,1.0,0,Duque de Caxias,516.5,628.3,610.7,672.2,780.0,2,F
210058864517,2,M,1,0,1.0,0,Niterói,563.5,573.2,529.1,696.7,560.0,5,Q
210059215748,3,F,3,0,1.0,0,Nova Iguaçu,369.3,429.4,307.6,399.2,320.0,3,B
210058558186,2,M,3,0,1.0,0,Niterói,539.4,533.9,609.0,514.1,940.0,4,M
210059620136,3,F,1,0,1.0,0,Maricá,515.8,591.9,603.5,666.4,720.0,3,F
210059228567,2,F,3,0,1.0,0,Duque de Caxias,479.1,562.0,543.8,349.4,680.0,4,D
210059620149,3,M,1,0,1.0,0,Nova Iguaçu,513.3,535.5,524.5,642.7,620.0,2,C
210060334564,4,F,3,0,2.0,0,São João de Meriti,584.6,558.6,513.1,459.1,660.0,3,B
210058639355,2,M,2,0,1.0,0,Duque de Caxias,606.3,561.6,545.7,719.3,880.0,5,I
210058421921,3,F,3,0,1.0,0,Niterói,494.2,503.5,543.3,461.3,800.0,5,C
210058789160,2,M,3,0,1.0,0,Duque de Caxias,579.7,553.4,430.1,548.5,720.0,3,B
210058193336,3,F,2,0,1.0,0,São João de Meriti,549.0,638.3,522.3,546.6,560.0,4,G
210060459441,2,M,2,0,1.0,0,São João de Meriti,413.9,602.4,577.9,696.8,640.0,5,F
210058629545,2,F,3,0,1.0,0,Niterói,528.6,511.1,465.6,574.1,900.0,4,F
210061568820,2,F,1,0,1.0,0,São João de Meriti,519.3,659.1,562.2,511.6,600.0,4,B
210058498862,2,M,3,0,1.0,0,São João de Meriti,573.0,602.3,583.1,712.1,780.0,4,C
210060109230,3,M,1,0,1.0,0,Nova Iguaçu,499.2,372.5,432.0,562.6,540.0,4,C
210058558150,1,F,1,0,1.0,0,Niterói,594.1,515.7,464.1,623.7,760.0,4,D
210058420041,3,F,3,0,1.0,0,São João de Meriti,430.1,493.2,511.5,593.2,860.0,4,I
210058476740,4,F,3,0,1.0,0,Nilópolis,574.4,561.1,521.4,558.5,800.0,3,B
210058839373,3,F,1,0,1.0,0,Niterói,572.1,641.6,538.9,700.9,940.0,4,K
210058488974,3,F,2,0,1.0,0,Duque de Caxias,444.9,530.1,496.9,458.2,420.0,4,G
210058353822,3,M,3,0,1.0,0,Nilópolis,503.6,494.6,534.9,573.0,520.0,5,C
210058051039,3,F,3,0,1.0,0,Nova Iguaçu,554.1,536.9,526.8,633.1,780.0,3,B
210060390395,2,F,1,0,1.0,0,Nova Iguaçu,441.7,578.9,540.7,550.2,800.0,5,C
210058736769,2,F,1,0,1.0,0,São João de Meriti,384.8,472.6,503.1,525.7,340.0,3,C
210058802193,2,M,3,0,1.0,0,Belford Roxo,562.2,566.3,560.6,671.0,840.0,3,C
210059764210,3,F,2,0,1.0,0,São João de Meriti,380.4,370.0,439.0,448.8,480.0,2,A
210061487103,3,M,1,0,1.0,0,Nova Iguaçu,589.1,619.8,663.4,719.5,860.0,5,D
210061588109,3,F,1,0,1.0,0,Niterói,697.1,667.4,667.0,824.1,960.0,5,Q
210060393920,3,M,1,0,1.0,0,Nova Iguaçu,501.7,454.2,496.8,390.8,480.0,4,E
210058471732,2,F,2,0,1.0,0,Duque de Caxias,408.0,493.8,487.7,441.7,560.0,5,E
210060468711,2,M,3,0,1.0,0,Duque de Caxias,655.3,641.4,586.1,795.1,820.0,3,N
210058662709,3,F,3,0,1.0,0,Nova Iguaçu,536.9,582.0,546.4,486.3,440.0,3,E
210058802207,3,M,2,0,1.0,0,Nova Iguaçu,433.1,554.5,505.8,513.2,500.0,3,D
210058795587,2,F,2,0,1.0,0,Belford Roxo,330.5,494.4,442.7,521.5,520.0,7,D
210058129759,3,F,3,0,1.0,0,Niterói,493.5,635.1,556.4,673.5,920.0,2,B
210061623944,2,F,3,0,1.0,0,Niterói,640.0,676.6,632.4,680.7,940.0,3,O
210060387815,2,M,1,0,1.0,0,Nova Iguaçu,577.3,577.0,579.7,696.8,760.0,4,I
210059831112,4,F,3,0,1.0,0,Niterói,425.3,498.1,504.5,570.2,940.0,4,C
210060264015,2,M,1,0,1.0,0,Duque de Caxias,659.6,629.8,361.5,649.1,860.0,4,H
210061026894,3,F,1,0,1.0,0,Maricá,429.2,489.0,526.0,484.6,640.0,4,A
210059687382,2,F,1,0,1.0,0,Duque de Caxias,433.3,514.0,473.8,555.5,500.0,3,C
210059936643,3,M,1,0,1.0,0,Niterói,667.2,635.0,595.4,796.1,960.0,3,P
210058178057,2,F,1,0,1.0,0,Duque de Caxias,432.8,493.6,495.8,614.7,800.0,4,G
210059936632,3,M,3,0,1.0,0,Duque de Caxias,545.9,550.4,483.7,459.3,620.0,5,G
210061269176,2,F,1,0,1.0,0,Niterói,470.8,528.2,488.6,531.1,700.0,5,L
210060264031,5,M,1,0,1.0,0,Duque de Caxias,538.3,602.7,632.3,655.4,740.0,4,E
210058570299,2,F,1,0,1.0,0,Niterói,549.4,605.1,610.4,606.5,840.0,3,Q
210059241130,2,M,3,0,1.0,0,Duque de Caxias,339.8,366.3,552.6,585.8,960.0,3,F
210061502513,2,M,1,0,1.0,0,Niterói,581.0,482.5,577.5,374.3,680.0,4,K
210061278842,3,M,0,0,1.0,0,Duque de Caxias,463.0,372.2,510.6,380.0,560.0,6,B
210058795547,2,F,1,0,1.0,0,Nilópolis,445.1,515.4,471.7,509.2,560.0,3,D
210058660435,3,F,1,0,1.0,0,Belford Roxo,503.4,605.9,525.5,431.6,620.0,3,D
210058570300,2,M,1,0,1.0,0,Niterói,580.6,654.5,576.3,712.7,660.0,3,E
210058513558,2,M,2,0,1.0,0,São João de Meriti,546.7,568.0,579.8,696.2,820.0,3,A
210059674155,3,F,2,0,1.0,0,Nova Iguaçu,412.3,347.0,398.1,401.2,520.0,6,B
210058062038,3,M,1,0,1.0,0,Nova Iguaçu,477.3,562.6,537.0,557.4,640.0,3,D
210060387834,3,M,1,0,1.0,0,Nilópolis,429.2,556.7,509.9,522.7,300.0,3,D
210061423800,2,F,2,0,1.0,0,São João de Meriti,466.5,594.3,539.2,579.3,520.0,2,B
210060816789,3,M,2,0,1.0,0,Niterói,594.2,580.4,596.9,524.6,820.0,4,Q
210058694249,3,M,1,0,1.0,0,Niterói,662.7,694.7,619.5,811.6,700.0,3,P
210059672020,2,M,3,0,1.0,0,São João de Meriti,498.6,598.2,560.3,409.9,720.0,3,A
210058622735,3,F,1,0,1.0,0,Niterói,541.2,574.3,543.7,722.1,880.0,3,B
210058414972,3,M,3,0,1.0,0,São João de Meriti,479.3,483.0,464.5,379.4,360.0,2,C
210061615118,3,M,3,0,1.0,0,Nova Iguaçu,469.9,464.5,500.7,562.7,580.0,4,G
210060237674,2,M,3,0,1.0,0,Niterói,477.8,581.9,580.8,597.5,640.0,4,H
210058889585,3,M,1,0,1.0,0,Duque de Caxias,478.4,616.8,562.9,494.2,540.0,2,F
210060451257,4,M,1,0,1.0,0,Niterói,610.7,566.4,409.0,426.6,800.0,3,G
210061442944,4,F,2,0,1.0,0,São João de Meriti,504.5,481.2,541.0,577.4,580.0,5,B
210058177912,3,M,3,0,1.0,0,Maricá,541.7,640.3,657.6,741.6,800.0,2,H
210058872041,3,M,1,0,1.0,0,Duque de Caxias,525.2,315.5,298.6,518.3,580.0,2,C
210059189838,3,M,1,0,1.0,0,Niterói,413.9,552.4,526.1,613.2,760.0,4,F
210059751700,3,F,2,0,1.0,0,Nova Iguaçu,578.2,539.2,541.1,625.0,760.0,2,B
210061364216,3,M,1,0,1.0,0,Duque de Caxias,490.8,567.6,504.1,574.0,680.0,4,E
210058455578,3,M,3,0,1.0,0,São João de Meriti,453.8,510.6,512.7,539.0,520.0,3,D
210061442934,15,F,3,0,1.0,0,São João de Meriti,398.9,487.1,426.6,350.7,240.0,3,E
210058513395,3,M,3,0,1.0,0,Belford Roxo,526.1,618.4,580.7,614.1,520.0,4,B
210059774449,2,F,2,0,1.0,0,São João de Meriti,515.1,550.2,542.9,613.8,880.0,2,B
210058393823,3,F,3,0,1.0,0,São João de Meriti,434.7,487.8,486.5,369.9,560.0,8,H
210059869712,4,M,1,0,1.0,0,Nilópolis,593.9,584.0,576.0,672.7,520.0,5,C
210059223358,5,F,1,0,1.0,0,Niterói,336.0,432.1,368.9,401.1,760.0,4,K
210061169230,3,F,3,0,1.0,0,São João de Meriti,467.6,470.6,457.9,460.5,380.0,8,H
210058477837,3,F,1,0,1.0,0,Niterói,529.4,608.8,598.7,558.2,340.0,4,G
210060357801,3,F,3,0,1.0,0,Niterói,556.5,623.0,606.9,473.6,720.0,3,D
210058344407,3,F,1,0,1.0,0,Belford Roxo,394.6,479.5,403.5,389.1,740.0,7,C
210059779721,3,M,1,0,1.0,0,Nova Iguaçu,381.4,475.1,391.5,353.6,400.0,3,B
210060471182,4,M,1,0,1.0,0,Nova Iguaçu,546.2,614.0,573.5,537.7,440.0,3,J
210058766257,2,F,1,0,1.0,0,Duque de Caxias,454.4,504.5,454.0,387.0,660.0,4,B
210058305020,3,F,3,0,1.0,0,São João de Meriti,572.0,568.1,499.3,665.6,880.0,3,G
210060212877,2,M,1,0,1.0,0,Niterói,544.2,568.4,468.9,488.7,460.0,4,B
210059176936,3,F,3,0,1.0,0,Duque de Caxias,533.3,506.0,511.1,355.6,480.0,5,C
210059236195,3,F,2,0,1.0,0,Belford Roxo,435.1,537.6,476.3,450.8,760.0,2,H
210058161686,3,F,3,0,1.0,0,Niterói,455.3,549.2,530.6,552.4,940.0,3,I
210060042563,3,F,3,0,1.0,0,Duque de Caxias,433.6,403.6,379.4,394.5,540.0,4,C
210060042551,3,F,1,0,1.0,0,Niterói,597.1,560.4,559.7,704.1,860.0,4,K
210058522247,2,F,3,0,1.0,0,Nilópolis,481.9,510.9,540.3,397.2,760.0,5,E
210058178841,2,M,1,0,1.0,0,Belford Roxo,572.4,571.6,558.2,651.2,580.0,2,B
210058744028,3,M,3,0,1.0,0,São João de Meriti,565.7,416.9,509.7,506.9,300.0,4,G
210058106039,3,F,1,0,1.0,0,Niterói,327.7,437.0,525.2,599.3,600.0,4,E
210058837408,3,F,3,0,1.0,0,Duque de Caxias,571.9,653.6,629.1,672.8,600.0,3,G
210058735054,2,M,1,0,1.0,0,Duque de Caxias,432.0,597.0,578.2,660.2,840.0,2,D
210058735048,3,F,3,0,1.0,0,Nilópolis,462.5,568.4,570.1,347.3,540.0,2,C
210060803021,3,M,1,0,1.0,0,Nova Iguaçu,586.0,609.4,642.9,698.9,720.0,3,E
210058577559,2,F,3,0,1.0,0,Nova Iguaçu,449.1,505.1,443.6,436.2,760.0,3,B
210060793452,3,M,1,0,1.0,0,Nilópolis,408.7,485.7,472.6,583.2,480.0,2,C
210058106018,1,F,3,0,1.0,0,Nova Iguaçu,489.0,564.5,565.7,405.5,840.0,3,G
210058726185,2,M,3,0,1.0,0,Nova Iguaçu,352.9,414.6,405.7,421.6,520.0,4,C
210060055049,3,F,3,0,1.0,0,São João de Meriti,577.5,545.9,514.2,687.0,920.0,3,C
210060057689,2,M,1,0,1.0,0,Niterói,736.1,706.9,678.4,822.6,800.0,6,C
210058717128,3,M,3,0,1.0,0,Nova Iguaçu,590.2,585.4,582.1,576.3,600.0,6,G
210058226200,3,M,2,0,1.0,0,Niterói,596.7,628.1,577.8,655.6,920.0,5,G
210059581741,3,M,2,0,1.0,0,Niterói,464.1,379.2,458.3,361.6,460.0,2,B
210058197168,2,F,3,0,1.0,0,Duque de Caxias,532.5,616.6,542.6,522.6,700.0,4,J
210058038202,2,F,1,0,1.0,0,Duque de Caxias,454.9,568.6,536.7,488.1,920.0,2,B
210060870575,2,F,1,0,1.0,0,Nova Iguaçu,525.8,557.7,595.6,373.8,800.0,2,H
210058456765,3,F,1,0,1.0,0,Nova Iguaçu,461.0,446.5,496.9,485.6,740.0,4,F
210060250686,2,M,1,0,1.0,0,Niterói,638.6,671.9,628.0,759.3,920.0,2,Q
210061348212,2,F,1,0,1.0,0,Niterói,543.3,538.2,587.8,639.0,840.0,3,P
210058580585,2,M,2,0,1.0,0,São João de Meriti,468.7,570.4,543.0,658.8,960.0,3,D
210058708100,4,F,1,0,1.0,0,Niterói,638.8,670.7,631.0,721.6,840.0,3,I
210061037890,2,F,2,0,1.0,0,São João de Meriti,401.5,504.0,504.5,384.0,620.0,2,B
210060044679,2,F,1,0,1.0,0,Duque de Caxias,518.5,569.0,560.6,590.7,780.0,2,D
210058591048,3,F,1,0,1.0,0,Nilópolis,425.0,418.9,452.9,362.4,420.0,4,B
210060978687,2,M,0,0,1.0,0,Niterói,690.9,696.3,639.1,800.0,960.0,4,P
210059923758,3,F,2,0,1.0,0,São João de Meriti,435.8,553.9,468.4,390.5,880.0,3,B
210058719553,2,F,1,0,1.0,0,Maricá,574.6,521.9,463.6,508.2,580.0,2,D
210058726158,2,F,1,0,1.0,0,Niterói,569.4,680.6,624.2,721.5,900.0,2,G
210061545184,3,F,1,0,1.0,0,Duque de Caxias,567.7,515.8,354.3,526.9,520.0,5,D
210060225179,2,M,1,0,1.0,0,São João de Meriti,664.8,673.1,620.8,778.1,940.0,3,N
210061562317,2,F,3,0,1.0,0,Duque de Caxias,559.4,615.3,649.1,670.0,840.0,8,E
210060852901,2,F,3,0,1.0,0,São João de Meriti,460.8,602.6,523.0,448.3,940.0,3,F
210059836431,3,F,1,0,1.0,0,Niterói,588.0,623.6,494.1,587.1,780.0,4,K
210060600618,3,F,3,0,1.0,0,Nilópolis,544.2,613.0,580.6,661.6,700.0,2,C
210060238084,2,M,1,0,1.0,0,Nilópolis,426.4,595.1,484.1,712.4,640.0,2,D
210059779975,3,F,3,0,1.0,0,Nova Iguaçu,466.5,557.5,497.5,642.0,900.0,3,G
210059303501,4,M,2,0,1.0,0,Nilópolis,451.5,542.9,528.4,602.9,480.0,4,B
210060430710,3,F,2,0,1.0,0,Nova Iguaçu,433.6,528.6,495.0,545.9,820.0,3,E
210061120736,2,F,1,0,1.0,0,Niterói,332.1,568.0,459.1,483.3,680.0,7,Q
210061489441,2,M,3,0,1.0,0,Maricá,674.1,689.9,608.0,849.4,900.0,2,B
210058212798,4,M,3,0,1.0,0,Maricá,487.5,367.1,447.7,457.0,480.0,3,B
210061481672,3,F,2,0,1.0,0,Nilópolis,370.3,401.4,434.9,428.0,620.0,3,B
210058895544,3,F,3,0,1.0,0,Belford Roxo,498.2,603.5,592.3,427.2,700.0,3,E
210061018808,2,M,3,0,1.0,0,Nova Iguaçu,482.3,454.5,507.1,512.5,400.0,3,B
210058465671,2,F,1,0,1.0,0,Nova Iguaçu,472.4,501.5,519.7,448.7,740.0,3,D
210058710569,3,F,2,0,1.0,0,Duque de Caxias,500.5,570.0,539.8,500.8,860.0,4,B
210060891668,2,F,3,0,1.0,0,São João de Meriti,551.6,578.3,606.6,663.2,860.0,3,F
210059648636,2,M,3,0,1.0,0,Nova Iguaçu,440.2,484.5,461.3,405.1,380.0,4,D
210060521925,3,F,2,0,1.0,0,Duque de Caxias,547.9,558.7,571.4,591.4,860.0,5,C
210058074622,3,M,1,0,1.0,0,Niterói,616.0,618.9,632.2,748.5,880.0,4,K
210058583187,3,M,1,0,1.0,0,Duque de Caxias,586.2,575.4,521.9,627.7,620.0,6,C
210061529810,3,F,3,0,1.0,0,Nova Iguaçu,535.8,567.3,526.7,561.8,620.0,4,C
210060277189,2,M,5,0,1.0,0,Nova Iguaçu,470.7,525.1,511.1,712.7,560.0,4,E
210061571337,2,F,1,0,1.0,0,São João de Meriti,480.4,495.6,439.4,558.1,580.0,4,C
210058690148,3,F,1,0,1.0,0,Niterói,558.8,636.4,622.0,579.3,640.0,4,F
210058164416,3,M,3,0,1.0,0,Nova Iguaçu,450.5,559.0,544.4,553.8,520.0,2,C
210060444127,3,M,1,0,1.0,0,Niterói,637.3,650.0,708.9,862.2,820.0,4,H
210058317070,4,M,1,0,1.0,0,Nova Iguaçu,505.8,566.6,610.4,652.2,940.0,2,G
210059728245,3,F,1,0,1.0,0,Niterói,619.7,678.3,631.0,659.3,940.0,4,E
210060006054,4,F,1,0,1.0,0,Duque de Caxias,407.6,439.9,498.2,339.5,600.0,2,A
210058543543,3,F,1,0,1.0,0,Maricá,543.1,541.2,537.5,607.6,820.0,2,C
210058660484,2,F,1,0,1.0,0,Belford Roxo,380.8,529.1,532.9,505.4,620.0,4,E
210060119365,2,M,1,0,1.0,0,Maricá,586.3,629.3,650.1,727.5,760.0,5,H
210061288799,3,F,1,0,1.0,0,Maricá,408.4,605.8,527.4,458.7,860.0,4,B
210058370171,2,F,3,0,1.0,0,Niterói,464.0,442.3,520.3,580.7,720.0,3,F
210058818977,3,F,1,0,1.0,0,Nilópolis,568.8,577.0,542.0,654.5,900.0,3,L
210060317436,2,F,1,0,1.0,0,Niterói,585.1,572.0,540.9,626.1,920.0,5,L
210061571330,3,M,1,0,1.0,0,Niterói,457.7,619.2,545.6,766.4,940.0,4,I
210060291931,3,F,1,0,1.0,0,São João de Meriti,390.8,482.6,489.5,407.6,660.0,3,D
210061066934,3,M,1,0,1.0,0,Niterói,594.3,586.2,607.3,751.2,900.0,4,Q
210061425742,2,F,1,0,1.0,0,Nova Iguaçu,564.0,510.6,557.4,639.5,820.0,5,G
210061066938,2,M,3,0,1.0,0,Nova Iguaçu,546.0,529.8,441.1,500.7,640.0,6,J
210058354375,2,F,2,0,1.0,0,Duque de Caxias,496.8,579.1,589.8,380.4,360.0,4,B
210059792451,2,F,3,0,1.0,0,Nova Iguaçu,448.5,371.2,479.9,485.4,900.0,3,B
210060281461,2,M,1,0,1.0,0,Niterói,546.1,629.3,549.7,665.7,640.0,3,H
210059331585,2,M,2,0,1.0,0,Nilópolis,608.4,717.2,614.7,725.3,720.0,4,N
210061057335,2,F,1,0,1.0,0,Niterói,604.6,579.1,564.7,454.8,860.0,3,H
210058354379,2,M,1,0,1.0,0,Niterói,580.5,602.0,590.0,759.4,920.0,4,E
210058297328,2,F,1,0,1.0,0,Maricá,541.4,606.7,628.4,738.8,900.0,5,F
210058568710,2,F,3,0,1.0,0,Nova Iguaçu,415.3,513.7,543.5,343.4,520.0,4,B
210060509193,3,M,3,0,1.0,0,Niterói,521.4,480.6,544.3,600.3,800.0,3,J
210058354435,2,M,1,0,1.0,0,Niterói,399.9,438.1,518.3,610.7,560.0,4,I
210061335191,2,M,3,0,1.0,0,Belford Roxo,454.0,437.5,492.2,609.9,780.0,2,B
210058518413,3,M,3,0,1.0,0,Nova Iguaçu,573.1,575.4,497.9,625.4,620.0,3,D
210058548159,2,M,1,0,1.0,0,Niterói,605.6,588.6,605.3,656.2,720.0,3,H
210059674058,3,M,1,0,1.0,0,Nova Iguaçu,457.1,585.3,314.9,464.4,780.0,2,C
210059954920,3,F,3,0,1.0,0,Niterói,371.9,514.1,459.9,417.4,360.0,2,K
210060109162,3,F,1,0,1.0,0,Duque de Caxias,548.7,593.5,595.2,620.4,940.0,4,E
210059674060,2,M,3,0,1.0,0,São João de Meriti,425.9,390.7,365.0,387.7,480.0,3,B
210060512460,7,M,1,0,1.0,0,Niterói,474.7,508.6,493.3,395.7,340.0,3,C
210058096194,3,M,1,0,1.0,0,Niterói,354.6,454.5,474.0,537.1,660.0,4,F
210058869860,4,M,1,0,1.0,0,Duque de Caxias,453.9,435.9,461.9,531.0,620.0,4,B
210061472035,3,M,1,0,1.0,0,Maricá,491.5,590.0,643.4,478.4,840.0,3,Q
210060545194,2,F,1,0,1.0,0,Niterói,478.1,512.4,441.9,483.3,720.0,2,C
210058816155,2,F,1,0,1.0,0,São João de Meriti,661.9,733.9,657.1,818.0,920.0,3,F
210061536036,4,F,3,0,1.0,0,Niterói,454.5,559.0,611.5,576.2,680.0,2,A
210059764440,2,F,1,0,1.0,0,Nova Iguaçu,459.3,427.4,448.0,454.0,520.0,3,D
210060530300,3,M,3,0,1.0,0,Belford Roxo,437.8,511.9,465.6,450.0,560.0,5,F
210058777650,4,F,2,0,1.0,0,Nova Iguaçu,484.5,471.4,476.7,511.7,520.0,2,B
210058685189,2,M,3,0,1.0,0,Duque de Caxias,459.5,537.2,547.1,558.8,520.0,3,B
210058450758,2,F,3,0,1.0,0,Niterói,643.3,686.7,648.7,782.2,960.0,3,H
210059753858,2,M,1,0,1.0,0,São João de Meriti,638.5,617.9,608.7,733.2,960.0,4,G
210060959246,3,F,1,0,1.0,0,São João de Meriti,519.3,504.6,424.0,516.4,660.0,4,B
210059988327,4,F,2,0,1.0,0,Nova Iguaçu,485.6,515.5,556.5,462.3,560.0,4,B
210060880210,3,M,3,0,1.0,0,Duque de Caxias,457.1,435.1,512.7,478.3,560.0,2,B
210060409491,2,M,1,0,1.0,0,Nilópolis,534.4,611.3,596.0,499.8,800.0,3,G
210058200909,2,M,1,0,1.0,0,Niterói,594.3,591.5,581.3,825.7,860.0,3,D
210058866407,2,F,2,0,1.0,0,Duque de Caxias,449.1,552.5,503.0,401.0,780.0,2,C
210058880743,3,M,1,0,1.0,0,Maricá,587.7,582.4,533.9,514.8,820.0,4,C
210058152091,3,F,2,0,1.0,0,Duque de Caxias,563.0,542.1,568.1,555.9,660.0,6,C
210061614961,2,M,1,0,1.0,0,Nova Iguaçu,487.9,537.1,547.8,617.9,620.0,3,D
210058210721,3,F,1,0,1.0,0,Nova Iguaçu,537.8,618.3,571.2,631.7,780.0,3,E
210061614958,2,F,3,0,1.0,0,Maricá,596.4,627.6,608.7,553.6,840.0,5,M
210060959282,2,F,1,0,1.0,0,Duque de Caxias,534.1,582.8,586.2,618.2,780.0,2,A
210061614970,2,F,2,0,1.0,0,Nova Iguaçu,457.9,571.2,574.6,501.9,900.0,4,I
210059351905,3,F,1,0,1.0,0,Nova Iguaçu,478.0,523.4,453.5,590.2,780.0,6,B
210058233579,3,F,2,0,1.0,0,Niterói,397.1,503.4,510.8,468.7,760.0,5,C
210058369596,3,F,1,0,1.0,0,Niterói,521.0,579.8,541.4,480.4,660.0,3,G
210058786676,3,M,1,0,1.0,0,Duque de Caxias,515.2,595.4,514.7,633.0,560.0,5,C
210059975383,3,F,1,0,1.0,0,São João de Meriti,474.8,481.3,515.1,444.9,540.0,4,C
210058369597,3,M,1,0,1.0,0,Niterói,517.0,333.2,514.5,603.9,580.0,3,O
210061016948,2,F,1,0,1.0,0,Belford Roxo,441.2,605.2,544.8,558.7,920.0,3,D
210060440439,3,F,1,0,1.0,0,Niterói,614.7,655.3,632.8,737.1,880.0,4,K
210060575609,3,M,3,0,1.0,0,Niterói,554.4,415.0,442.4,388.8,700.0,3,C
210058467897,2,M,3,0,1.0,0,Duque de Caxias,432.4,439.7,489.1,459.7,520.0,4,B
210058456775,2,F,3,0,1.0,0,Nova Iguaçu,402.0,410.0,498.1,501.7,700.0,4,D
210061199636,2,M,1,0,1.0,0,São João de Meriti,544.5,600.2,549.6,729.0,720.0,4,D
210058088128,2,F,1,0,1.0,0,Nova Iguaçu,600.6,556.0,514.5,433.7,740.0,4,E
210058329113,3,M,1,0,1.0,0,Niterói,734.1,686.6,631.4,797.4,920.0,4,N
210060253111,4,F,1,0,1.0,0,Duque de Caxias,357.6,434.3,407.6,390.1,360.0,2,B
210058721342,3,F,1,0,1.0,0,Nova Iguaçu,479.1,530.8,498.2,422.6,600.0,3,D
210058599649,4,M,2,0,1.0,0,Nova Iguaçu,595.2,647.4,643.4,702.4,520.0,2,G
210058726228,3,M,1,0,1.0,0,Nova Iguaçu,585.1,624.1,588.2,722.5,760.0,3,K
210060409892,2,M,2,0,1.0,0,Nova Iguaçu,338.0,525.2,505.4,427.1,380.0,3,G
210060558362,1,F,2,0,1.0,0,Duque de Caxias,452.7,297.2,423.1,462.6,440.0,3,B
210060409879,3,F,1,0,1.0,0,Niterói,507.1,547.4,467.8,380.6,740.0,3,M
210060901300,3,F,1,0,1.0,0,Niterói,604.2,646.1,621.3,693.1,940.0,4,P
210059172185,3,F,1,0,1.0,0,Niterói,589.3,612.5,613.0,749.0,960.0,4,O
210058705674,3,M,1,0,1.0,0,Niterói,587.6,524.0,546.9,692.4,620.0,2,B
210060122140,2,F,1,0,1.0,0,Niterói,568.2,579.2,516.6,608.1,460.0,2,F
210058207500,3,F,3,0,1.0,0,Duque de Caxias,391.4,495.0,512.3,418.7,460.0,6,B
210058865794,2,F,1,0,1.0,0,Niterói,379.3,491.9,472.1,462.8,620.0,3,H
210059177001,2,M,3,0,1.0,0,Niterói,705.3,631.2,630.6,841.4,900.0,3,G
210060357441,3,F,2,0,1.0,0,Niterói,539.6,579.0,589.5,526.8,740.0,2,B
210059764496,3,F,2,0,1.0,0,São João de Meriti,450.6,584.7,503.1,439.3,540.0,5,D
210061549074,2,M,3,0,1.0,0,Duque de Caxias,471.7,496.3,501.4,474.3,340.0,3,C
210058622676,2,F,3,0,1.0,0,São João de Meriti,585.2,660.3,661.8,664.7,840.0,2,B
210058444448,2,M,3,0,1.0,0,Nilópolis,609.1,404.6,609.4,594.2,800.0,3,E
210060276967,2,F,1,0,1.0,0,São João de Meriti,396.3,451.0,463.1,495.2,400.0,3,B
210058434627,2,F,1,0,1.0,0,Niterói,565.0,551.5,529.6,564.5,800.0,4,P
210058694235,3,F,3,0,1.0,0,Duque de Caxias,435.9,527.8,562.4,433.0,880.0,4,D
210060346969,3,M,1,0,1.0,0,Maricá,451.0,555.9,584.5,747.3,600.0,2,D
210058502630,2,F,1,0,1.0,0,Duque de Caxias,372.1,575.7,558.7,720.9,680.0,4,L
210058392697,3,F,1,0,1.0,0,Niterói,618.2,607.1,610.3,704.0,980.0,4,H
210058264881,2,M,1,0,1.0,0,Nova Iguaçu,575.5,550.7,548.8,644.4,560.0,4,G
210060171019,2,M,1,0,1.0,0,Niterói,440.9,467.6,441.1,696.8,600.0,4,K
210059936506,3,M,1,0,1.0,0,Niterói,570.8,628.4,595.0,791.6,840.0,5,J
210061480683,2,M,2,0,1.0,0,Duque de Caxias,425.7,492.4,532.6,421.2,420.0,5,C
210058106050,2,M,1,0,1.0,0,Maricá,529.5,559.6,597.3,444.9,720.0,5,G
210061066493,3,M,2,0,1.0,0,São João de Meriti,585.7,626.0,606.6,503.1,920.0,4,G
210060199570,2,M,3,0,1.0,0,Niterói,623.0,560.8,579.2,757.8,900.0,4,C
210060220782,3,F,1,0,1.0,0,Niterói,611.4,616.6,583.5,754.0,920.0,3,Q
210058424736,2,F,2,0,1.0,0,Duque de Caxias,415.0,481.4,480.2,374.8,360.0,2,B
210058257881,3,M,3,0,1.0,0,Maricá,545.9,493.4,484.5,388.6,440.0,3,C
210060364576,3,F,0,0,1.0,0,Niterói,606.8,680.6,606.1,772.2,920.0,3,J
210059715386,3,F,3,0,1.0,0,São João de Meriti,546.8,534.8,565.3,636.8,940.0,2,B
210058255241,2,M,1,0,1.0,0,Maricá,562.1,524.7,571.3,731.2,900.0,5,I
210060951527,3,F,3,0,1.0,0,São João de Meriti,343.8,485.7,477.4,350.1,300.0,5,B
210058085996,2,M,5,0,1.0,0,Duque de Caxias,550.3,470.8,526.8,561.3,680.0,2,B
210058626588,3,M,3,0,1.0,0,São João de Meriti,532.3,558.4,618.6,656.3,800.0,3,B
210058452315,3,F,1,0,1.0,0,Duque de Caxias,470.2,591.7,569.1,352.8,640.0,4,B
210058394068,3,M,2,0,1.0,0,Duque de Caxias,527.7,589.4,585.6,564.2,540.0,4,E
210060891708,2,M,3,0,1.0,0,Niterói,384.4,571.2,540.5,621.2,640.0,4,B
210059702502,4,F,3,0,1.0,0,Duque de Caxias,406.9,423.3,434.1,354.2,600.0,4,B
210058255262,3,F,2,0,1.0,0,Niterói,567.8,547.9,551.3,550.8,660.0,3,D
210060304994,3,M,1,0,1.0,0,Nilópolis,372.8,481.1,459.3,478.1,560.0,2,B
210058676056,2,M,0,0,1.0,0,Niterói,608.4,635.9,654.2,761.2,660.0,2,G
210058739412,3,M,3,0,1.0,0,Niterói,512.7,584.6,539.9,410.7,720.0,2,C
210058517501,3,M,1,0,1.0,0,Niterói,456.2,562.7,555.6,567.9,820.0,4,I
210058387011,2,M,1,0,1.0,0,São João de Meriti,503.2,584.1,533.0,483.5,440.0,4,G
210058849552,2,F,3,0,1.0,0,Duque de Caxias,497.6,438.8,471.7,461.9,560.0,3,A
210060814578,3,F,1,0,1.0,0,Nova Iguaçu,415.0,424.5,492.4,608.0,520.0,5,G
210061404582,2,F,1,0,1.0,0,São João de Meriti,516.0,544.1,560.5,466.2,780.0,3,B
210058728621,2,F,2,0,1.0,0,Nova Iguaçu,459.7,554.7,547.8,429.8,600.0,4,B
210060989856,2,F,1,0,1.0,0,Niterói,572.8,657.7,662.4,712.3,900.0,3,O
210060559922,2,F,1,0,1.0,0,Niterói,404.3,479.6,498.7,440.0,600.0,4,D
210058338901,2,M,1,0,1.0,0,São João de Meriti,512.4,623.3,573.7,504.1,300.0,2,B
210060882080,3,F,1,0,1.0,0,Duque de Caxias,568.9,633.1,611.1,567.7,840.0,4,E
210058245406,3,M,1,0,1.0,0,Belford Roxo,442.5,469.8,490.8,422.1,600.0,3,B
210060292067,2,M,1,0,1.0,0,Nilópolis,668.5,594.3,600.2,741.2,980.0,3,N
210060941839,3,F,3,0,1.0,0,Niterói,617.8,642.7,639.5,701.4,860.0,3,G
210058152311,3,M,1,0,1.0,0,Niterói,557.7,556.1,524.2,746.2,880.0,4,G
210061328994,3,M,3,0,1.0,0,Duque de Caxias,576.9,673.0,684.3,723.6,880.0,3,C
210058120416,3,F,1,0,1.0,0,São João de Meriti,434.6,525.1,560.6,513.2,760.0,3,L
210058329076,2,F,1,0,1.0,0,São João de Meriti,505.2,606.1,583.0,533.1,720.0,3,L
210058855673,3,F,1,0,1.0,0,Niterói,716.5,738.5,669.9,809.9,920.0,3,I
210059305979,2,M,1,0,1.0,0,Niterói,514.3,583.2,551.2,666.5,920.0,5,I
210058846132,2,M,3,0,1.0,0,Nova Iguaçu,409.5,542.2,596.7,515.2,720.0,3,C
210058507633,3,F,1,0,1.0,0,São João de Meriti,611.6,582.8,586.2,664.0,840.0,4,B
210058721376,3,M,1,0,1.0,0,Maricá,558.2,485.4,519.7,746.8,640.0,4,F
210060494136,3,F,1,0,1.0,0,Niterói,690.9,733.7,648.8,757.0,940.0,3,N
210060804953,3,M,2,0,1.0,0,São João de Meriti,545.0,538.9,565.2,477.9,560.0,3,C
210058721373,3,F,1,0,1.0,0,Nova Iguaçu,590.1,615.5,674.7,588.3,880.0,3,G
210060980238,3,F,3,0,1.0,0,Maricá,553.4,578.2,437.7,558.1,580.0,5,B
210061159582,3,F,1,0,1.0,0,São João de Meriti,493.3,597.1,574.9,374.9,620.0,4,N
210060538083,2,F,3,0,1.0,0,Nova Iguaçu,418.6,531.2,552.4,404.8,660.0,3,D
210059841931,2,M,2,0,1.0,0,Niterói,509.1,620.5,564.6,678.9,760.0,4,B
210061462443,3,F,3,0,1.0,0,Maricá,524.8,550.1,482.8,426.6,700.0,2,D
210061026742,2,F,2,0,1.0,0,Niterói,454.5,480.7,511.3,447.3,480.0,7,B
210060341106,2,M,2,0,1.0,0,Duque de Caxias,602.6,591.8,566.9,579.1,760.0,5,C
210058446997,3,M,2,0,1.0,0,São João de Meriti,494.2,527.9,565.4,613.1,520.0,4,B
210058849429,3,F,1,0,1.0,0,Niterói,479.4,636.9,598.2,554.8,900.0,4,L
210058714619,4,F,2,0,1.0,0,Duque de Caxias,380.2,378.3,459.1,340.6,540.0,4,C
210058327389,3,M,1,0,1.0,0,Nova Iguaçu,609.9,747.1,587.1,692.2,900.0,3,J
210058431086,2,F,1,0,1.0,0,Nova Iguaçu,520.4,618.7,618.8,659.8,840.0,4,F
210058086752,3,M,2,0,1.0,0,Maricá,412.5,477.2,450.9,504.1,700.0,3,D
210060303151,3,M,2,0,1.0,0,Niterói,516.9,386.6,333.7,488.7,280.0,2,A
210058086766,3,F,3,0,1.0,0,Duque de Caxias,391.1,491.3,354.5,387.3,560.0,3,A
210060448342,3,F,1,0,1.0,0,Nova Iguaçu,539.3,606.9,595.2,646.1,880.0,4,E
210058648924,3,F,1,0,1.0,0,Nova Iguaçu,523.1,600.9,602.3,652.0,500.0,4,B
210061101230,3,F,2,0,1.0,0,Nova Iguaçu,618.3,596.8,529.1,602.0,420.0,2,B
210060240754,4,F,3,0,1.0,0,São João de Meriti,444.0,449.6,421.0,418.8,640.0,4,C
210061269493,2,F,1,0,1.0,0,Nilópolis,387.0,425.6,472.7,333.9,720.0,5,F
210060365542,4,F,3,0,1.0,0,Nilópolis,544.2,608.9,534.3,438.9,520.0,4,F
210060903605,2,F,1,0,1.0,0,Niterói,544.8,626.5,576.8,759.6,880.0,3,O
210058586245,3,M,1,0,1.0,0,Niterói,565.9,615.6,592.8,633.8,860.0,4,G
210060070908,2,F,1,0,1.0,0,Duque de Caxias,481.9,541.5,573.7,424.8,580.0,4,E
210060380444,2,F,1,0,1.0,0,Niterói,523.4,581.4,571.5,765.0,920.0,3,J
210060752904,3,F,1,0,1.0,0,Niterói,530.3,615.0,582.9,542.7,600.0,2,G
210060290093,2,F,2,0,1.0,0,Niterói,570.7,600.9,577.7,737.4,800.0,5,M
210058719527,2,F,2,0,1.0,0,Belford Roxo,513.5,525.4,588.0,498.4,860.0,2,E
210059753881,3,M,1,0,1.0,0,Duque de Caxias,520.0,505.1,380.1,564.8,260.0,5,D
210060951554,2,M,3,0,1.0,0,Nova Iguaçu,503.8,516.5,535.4,585.4,520.0,6,D
210059949895,3,F,1,0,1.0,0,Maricá,557.3,541.1,536.2,378.1,600.0,4,M
210058850930,2,M,1,0,1.0,0,Nova Iguaçu,392.0,481.9,494.6,523.5,340.0,4,M
210058170399,3,M,1,0,1.0,0,Niterói,520.0,546.5,546.0,631.0,640.0,4,F
210061488239,2,F,1,0,1.0,0,Maricá,530.3,560.6,590.8,674.6,920.0,3,G
210058297359,3,F,1,0,1.0,0,Belford Roxo,516.3,539.7,518.4,556.5,600.0,3,B
210058577668,2,F,2,0,1.0,0,Maricá,624.7,668.7,677.6,642.3,760.0,6,B
210058735080,3,F,3,0,1.0,0,Belford Roxo,551.1,583.0,560.6,554.7,700.0,4,D
210058517820,4,F,3,0,1.0,0,Niterói,442.7,533.8,520.9,418.3,680.0,3,B
210059707817,3,F,1,0,1.0,0,Belford Roxo,468.2,497.3,476.6,558.4,960.0,3,F
210058669366,3,F,2,0,1.0,0,São João de Meriti,424.5,407.4,476.7,417.9,460.0,5,B
210059254158,3,M,1,0,1.0,0,Nilópolis,677.3,679.3,583.5,822.1,800.0,5,K
210058471441,2,F,1,0,1.0,0,Niterói,599.5,626.9,510.5,657.1,840.0,4,N
210060468876,3,M,4,0,1.0,0,Nova Iguaçu,381.3,458.2,404.0,484.5,620.0,5,C
210058369646,2,F,2,0,1.0,0,Belford Roxo,392.7,360.8,343.8,474.9,480.0,3,C
210058732705,3,M,1,0,1.0,0,Nova Iguaçu,481.6,584.5,517.3,644.8,920.0,4,K
210059777345,2,F,2,0,1.0,0,Nilópolis,425.3,372.3,467.8,392.2,460.0,3,C
210058730225,3,F,3,0,1.0,0,Duque de Caxias,479.4,472.7,512.8,545.0,380.0,5,C
210060284553,3,M,1,0,1.0,0,Niterói,504.3,535.9,531.3,678.8,860.0,3,C
210060978469,4,M,3,0,1.0,0,Nilópolis,548.8,562.4,594.4,595.8,540.0,3,B
210058537014,2,F,1,0,1.0,0,São João de Meriti,400.3,563.1,540.0,377.9,520.0,3,C
210060978513,3,M,1,0,1.0,0,São João de Meriti,456.7,336.0,491.1,383.4,460.0,4,G
210060484250,3,F,1,0,1.0,0,Niterói,542.6,578.1,477.2,537.4,780.0,5,E
210059707798,4,M,2,0,1.0,0,Nova Iguaçu,563.9,530.5,473.0,538.6,480.0,3,F
210059895758,2,M,3,0,1.0,0,Nova Iguaçu,464.0,518.8,471.9,482.0,540.0,3,B
210060459281,3,M,2,0,1.0,0,Niterói,563.0,637.3,577.2,742.4,760.0,4,N
210060423260,2,F,3,0,1.0,0,Niterói,573.4,551.1,486.8,687.5,900.0,2,C
210058133236,4,M,1,0,1.0,0,Niterói,412.6,345.4,495.9,350.8,460.0,2,C
210058458097,2,M,3,0,1.0,0,Maricá,551.1,613.8,556.5,786.5,500.0,3,C
210058857845,2,F,3,0,1.0,0,Maricá,597.1,617.4,619.8,671.4,660.0,3,I
210059256829,3,F,3,0,1.0,0,Duque de Caxias,534.6,558.6,528.7,618.8,960.0,5,G
210060284738,3,F,1,0,1.0,0,Duque de Caxias,452.6,663.4,588.9,368.2,760.0,4,B
210058645026,3,M,3,0,1.0,0,Duque de Caxias,437.0,408.5,442.7,467.1,500.0,3,B
210060639001,3,M,3,0,1.0,0,Nova Iguaçu,474.2,470.1,470.2,376.0,580.0,4,B
210060638792,2,F,1,0,1.0,0,Niterói,708.6,743.4,703.0,815.5,940.0,4,L
210060833926,3,M,3,0,1.0,0,Nova Iguaçu,492.8,536.2,548.5,621.5,660.0,2,B
210058424945,2,M,1,0,1.0,0,Niterói,531.8,506.0,555.0,634.3,800.0,3,E
210058857773,3,M,1,0,1.0,0,Nilópolis,474.0,386.8,362.5,431.7,540.0,2,C
210060922580,2,M,1,0,1.0,0,Niterói,655.5,670.6,610.9,818.3,480.0,4,M
210058766437,3,F,2,0,1.0,0,Niterói,536.5,458.5,526.2,585.7,720.0,3,D
210058482860,4,F,1,0,1.0,0,Nova Iguaçu,654.1,633.6,585.7,768.4,780.0,4,M
210058448502,4,F,3,0,1.0,0,Belford Roxo,458.9,293.5,566.4,523.2,500.0,5,C
210059218042,2,F,1,0,1.0,0,Duque de Caxias,534.7,543.6,444.6,465.3,880.0,4,H
210060380459,2,F,1,0,1.0,0,Nilópolis,430.0,480.9,506.8,594.3,580.0,5,G
210060576968,2,F,3,0,1.0,0,Duque de Caxias,442.3,515.4,502.8,477.2,580.0,3,B
210060297490,2,F,3,0,1.0,0,Niterói,503.3,494.4,424.9,461.5,620.0,3,B
210058183178,2,F,1,0,1.0,0,Nova Iguaçu,512.6,602.3,509.6,568.4,680.0,4,B
210060390622,3,M,1,0,1.0,0,Niterói,533.7,621.4,577.6,715.3,880.0,4,F
210058749105,2,F,3,0,1.0,0,Maricá,576.1,611.1,595.0,642.2,940.0,3,J
210058318514,3,M,1,0,1.0,0,Duque de Caxias,481.2,540.3,508.9,694.7,540.0,2,A
210059661809,2,F,1,0,1.0,0,Duque de Caxias,624.0,623.1,620.6,805.3,980.0,3,D
210060227425,2,F,2,0,1.0,0,Nilópolis,486.1,484.1,463.3,513.7,520.0,3,C
210061250244,2,F,1,0,1.0,0,Duque de Caxias,562.6,625.8,322.2,600.8,840.0,4,G
210061589392,2,F,3,0,1.0,0,Duque de Caxias,613.9,609.8,582.1,695.9,880.0,3,L
210061084321,4,M,2,0,1.0,0,Nilópolis,695.0,699.6,680.1,820.7,740.0,3,H
210059164251,6,M,2,0,1.0,0,Nilópolis,568.7,537.3,519.3,592.0,680.0,2,D
210058298268,3,F,3,0,1.0,0,Belford Roxo,389.8,529.9,492.3,371.4,560.0,4,B
210060336852,2,F,3,0,1.0,0,Niterói,487.3,585.7,647.8,653.3,800.0,3,M
210058298257,2,M,3,0,1.0,0,Maricá,593.2,629.0,603.9,710.7,620.0,2,D
210061066624,3,F,3,0,1.0,0,Duque de Caxias,422.2,461.4,529.6,389.0,500.0,3,C
210058119231,3,F,2,0,1.0,0,Belford Roxo,455.9,481.0,488.2,545.1,600.0,4,D
210061111184,3,M,3,0,1.0,0,Nova Iguaçu,498.3,539.1,441.3,537.8,480.0,3,D
210058672021,3,F,4,0,1.0,0,Nova Iguaçu,455.8,502.3,424.5,442.1,460.0,2,C
210060194949,3,F,2,0,1.0,0,Niterói,454.1,587.2,595.8,616.8,860.0,4,C
210059295458,2,F,2,0,1.0,0,Nova Iguaçu,418.1,592.1,549.3,514.6,820.0,2,C
210058541237,2,F,3,0,1.0,0,Niterói,609.4,655.8,634.6,736.7,620.0,4,G
210060173396,3,M,3,0,1.0,0,Duque de Caxias,421.2,374.4,515.6,381.8,260.0,4,B
210058390363,3,M,3,0,1.0,0,Maricá,490.8,493.5,442.0,446.1,580.0,4,B
210058880943,3,M,1,0,1.0,0,Niterói,578.9,604.9,592.9,744.0,780.0,5,L
210058234288,3,F,2,0,1.0,0,São João de Meriti,430.3,496.1,524.1,381.3,840.0,3,F
210058041015,2,F,1,0,1.0,0,Niterói,577.1,640.2,556.0,668.4,900.0,3,O
210061009522,2,F,2,0,1.0,0,Belford Roxo,520.2,602.0,553.8,585.5,920.0,6,G
210060006335,2,M,1,0,1.0,0,Duque de Caxias,499.7,574.6,570.1,622.8,620.0,3,G
210060204112,3,F,1,0,1.0,0,Duque de Caxias,488.3,545.7,497.6,570.8,640.0,5,C
210058554807,2,M,1,0,1.0,0,Duque de Caxias,574.0,517.9,580.0,644.9,940.0,3,C
210058544648,3,F,3,0,1.0,0,Nilópolis,486.0,555.6,570.4,628.3,840.0,3,C
210060324660,3,F,2,0,1.0,0,Nilópolis,396.1,459.8,389.6,391.0,340.0,2,B
210058864661,2,F,3,0,1.0,0,Duque de Caxias,497.6,599.8,575.9,416.2,740.0,4,C
210059200135,2,M,1,0,1.0,0,Niterói,557.1,639.7,578.2,687.1,820.0,4,E
210058541205,2,F,1,0,1.0,0,Duque de Caxias,488.8,544.9,465.8,475.7,680.0,4,C
210061219210,2,F,1,0,1.0,0,Niterói,655.8,663.1,611.6,771.4,940.0,4,H
210060331814,2,F,2,0,1.0,0,São João de Meriti,547.5,591.8,511.1,515.2,920.0,4,C
210061009473,3,F,3,0,1.0,0,São João de Meriti,516.1,535.0,502.8,463.3,660.0,2,C
210061602453,4,F,3,0,1.0,0,Nova Iguaçu,390.8,405.6,449.2,392.8,480.0,4,H
210061464301,3,M,1,0,1.0,0,Duque de Caxias,682.7,627.8,558.6,832.1,860.0,4,D
210058047245,3,F,2,0,1.0,0,Belford Roxo,457.5,456.1,510.9,389.7,680.0,3,B
210058238454,3,F,1,0,1.0,0,São João de Meriti,558.9,603.7,568.1,489.0,760.0,5,G
210059166964,3,F,1,0,1.0,0,Duque de Caxias,616.0,642.1,618.9,549.1,720.0,4,N
210060240452,3,M,1,0,1.0,0,Nova Iguaçu,389.3,379.0,472.1,431.2,340.0,3,B
210058589362,2,F,3,0,1.0,0,Nova Iguaçu,549.5,692.1,612.1,660.7,960.0,4,G
210061375535,2,F,1,0,1.0,0,Niterói,511.3,587.8,521.3,516.2,840.0,5,K
210060284764,2,F,1,0,1.0,0,Duque de Caxias,591.2,423.4,469.8,540.6,840.0,3,J
210060284757,3,M,1,0,1.0,0,Nova Iguaçu,555.2,590.0,575.2,473.8,500.0,3,C
210060932485,3,F,1,0,1.0,0,Duque de Caxias,397.3,447.5,434.9,397.7,500.0,4,B
210060619510,3,F,1,0,1.0,0,São João de Meriti,489.9,518.8,520.9,578.0,800.0,4,M
210058265008,2,F,2,0,1.0,0,Duque de Caxias,402.1,360.6,429.5,365.7,500.0,2,B
210058669422,2,F,1,0,1.0,0,Maricá,476.3,581.1,637.3,382.2,760.0,3,E
210058626494,2,M,1,0,1.0,0,Nilópolis,562.2,664.0,568.5,631.0,740.0,2,B
210060502497,3,M,3,0,1.0,0,Duque de Caxias,565.8,638.0,643.8,668.5,740.0,6,I
210058843421,2,F,2,0,1.0,0,Nova Iguaçu,373.8,383.9,348.4,352.1,360.0,5,B
210060769947,3,M,1,0,1.0,0,Niterói,585.8,583.2,643.3,833.6,980.0,3,Q
210059687412,2,F,3,0,1.0,0,Duque de Caxias,595.2,565.6,580.2,628.6,540.0,3,F
210058737529,2,F,3,0,1.0,0,Nilópolis,450.1,507.6,439.8,351.8,760.0,4,C
210058451902,3,F,1,0,1.0,0,São João de Meriti,568.6,610.3,607.8,590.9,900.0,4,C
210058388222,2,F,1,0,1.0,0,Nova Iguaçu,445.6,503.5,458.3,476.9,560.0,5,B
210060891539,2,F,3,0,1.0,0,Belford Roxo,447.3,560.1,552.5,456.6,660.0,3,E
210060341762,2,M,1,0,1.0,0,Niterói,685.9,644.7,644.7,809.6,820.0,4,Q
210060931959,3,M,1,0,1.0,0,Niterói,538.5,627.1,595.7,529.4,680.0,4,B
210058379652,3,M,1,0,1.0,0,Maricá,488.6,545.1,485.1,554.3,680.0,4,D
210058109193,4,M,3,0,1.0,0,São João de Meriti,447.7,577.6,504.7,360.6,480.0,3,E
210061602107,2,M,3,0,1.0,0,Niterói,641.6,613.0,621.8,683.5,600.0,5,B
210060377877,3,F,2,0,1.0,0,Nilópolis,486.4,653.4,615.2,557.2,980.0,4,I
210058681120,2,M,1,0,1.0,0,Niterói,497.9,548.3,555.5,607.4,520.0,4,G
210060997979,3,M,3,0,1.0,0,São João de Meriti,579.5,559.5,556.8,683.8,620.0,6,C
210058420091,3,F,3,0,1.0,0,Duque de Caxias,417.9,420.4,352.4,498.8,400.0,3,B
210059215838,2,F,2,0,1.0,0,Niterói,422.3,425.0,401.4,428.8,700.0,4,B
210058561837,2,F,1,0,1.0,0,Duque de Caxias,603.8,628.7,610.0,699.1,940.0,4,D
210060450547,4,M,3,0,1.0,0,Nilópolis,596.1,632.7,679.1,644.8,580.0,5,H
210058062255,3,F,3,0,1.0,0,Duque de Caxias,511.6,584.4,583.4,498.8,580.0,3,B
210060451276,3,M,1,0,1.0,0,Nova Iguaçu,595.7,602.3,562.1,758.4,600.0,3,C
210058901446,3,F,3,0,1.0,0,Duque de Caxias,429.7,450.1,434.7,486.3,340.0,8,B
210059962657,2,M,3,0,1.0,0,Nova Iguaçu,602.5,635.5,591.0,740.4,640.0,2,B
210058165325,2,F,3,0,1.0,0,Niterói,555.0,624.6,562.1,605.1,940.0,5,O
210058420960,3,F,1,0,1.0,0,Niterói,612.3,615.3,611.5,795.9,900.0,3,P
210058869275,3,M,1,0,1.0,0,Niterói,637.8,631.3,620.8,732.9,940.0,3,G
210060804743,2,M,3,0,1.0,0,Duque de Caxias,456.8,450.1,419.0,441.0,440.0,4,D
210060291776,3,M,3,0,1.0,0,Niterói,448.2,468.8,460.2,410.4,500.0,4,B
210059988431,3,M,2,0,1.0,0,Maricá,427.0,422.5,315.1,520.3,620.0,4,D
210060363474,2,M,3,0,1.0,0,Niterói,623.0,580.7,529.8,633.7,860.0,3,M
210058295843,3,F,2,0,1.0,0,Nova Iguaçu,541.7,555.8,577.6,401.2,540.0,2,G
210060841856,3,F,1,0,1.0,0,Nova Iguaçu,483.3,501.7,509.7,585.2,480.0,3,H
210058324956,2,M,3,0,1.0,0,Duque de Caxias,425.3,491.7,375.0,483.2,620.0,4,F
210061436973,3,F,1,0,1.0,0,Nilópolis,590.6,654.8,607.5,714.1,840.0,3,G
210060714438,3,M,2,0,1.0,0,Nova Iguaçu,607.2,710.3,633.6,672.8,880.0,4,K
210058541357,3,F,1,0,1.0,0,Duque de Caxias,576.9,658.7,585.7,668.4,880.0,3,D
210059769338,2,F,1,0,1.0,0,Nova Iguaçu,489.7,560.2,536.8,661.9,520.0,4,B
210060320164,2,F,1,0,1.0,0,Niterói,535.1,578.5,587.0,721.8,960.0,5,H
210059859497,3,M,1,0,1.0,0,Nova Iguaçu,565.3,640.6,612.8,692.7,580.0,5,C
210060932577,3,F,1,0,1.0,0,Nova Iguaçu,526.3,572.0,547.1,539.1,540.0,2,E
210060194956,3,M,1,0,1.0,0,Nova Iguaçu,563.5,620.0,611.1,624.6,580.0,4,B
210058892687,3,M,3,0,1.0,0,Niterói,634.1,604.2,501.0,767.3,660.0,3,D
210058849749,3,F,3,0,1.0,0,São João de Meriti,446.4,434.2,346.4,406.1,580.0,4,B
210060463525,2,F,3,0,1.0,0,Niterói,727.1,743.2,646.0,811.7,940.0,4,Q
210058812451,3,F,1,0,1.0,0,Nova Iguaçu,474.7,513.7,537.6,502.6,340.0,4,D
210058164662,3,F,2,0,1.0,0,Niterói,549.6,608.3,516.3,560.8,880.0,3,J
210058486782,2,M,3,0,1.0,0,Niterói,541.6,558.4,500.2,707.9,820.0,4,N
210058649785,3,F,1,0,1.0,0,Niterói,476.2,540.9,425.0,553.2,620.0,3,A
210058048777,2,F,3,0,1.0,0,Duque de Caxias,405.3,497.2,491.9,402.1,740.0,6,C
210061230420,2,F,3,0,1.0,0,Nova Iguaçu,586.6,602.4,592.5,586.2,960.0,5,M
210058224778,2,M,2,0,1.0,0,Nova Iguaçu,551.8,630.3,576.9,689.3,740.0,3,E
210058554449,3,M,3,0,1.0,0,Nilópolis,468.0,531.3,492.7,405.1,580.0,3,C
210058151321,2,M,1,0,1.0,0,Maricá,430.9,533.3,525.4,566.3,600.0,5,K
210060235977,2,M,2,0,1.0,0,Duque de Caxias,547.9,641.7,636.0,680.1,520.0,4,I
210059761597,2,M,2,0,1.0,0,Maricá,482.7,503.2,516.2,543.9,660.0,4,G
210059843902,4,F,2,0,1.0,0,Nova Iguaçu,366.9,498.6,356.0,505.2,400.0,7,B
210060551213,2,M,2,0,1.0,0,Nova Iguaçu,507.2,472.6,512.9,425.5,560.0,3,O
210058539599,2,F,3,0,1.0,0,Duque de Caxias,635.1,691.9,618.6,693.9,920.0,4,H
210060470522,3,F,3,0,1.0,0,São João de Meriti,421.2,607.0,594.3,610.8,540.0,4,H
210060235985,3,M,3,0,1.0,0,Nova Iguaçu,523.3,479.7,548.9,554.8,480.0,4,E
210058586207,2,F,3,0,1.0,0,Duque de Caxias,432.9,465.1,379.7,380.3,640.0,4,E
210058759786,3,F,1,0,1.0,0,Nilópolis,600.4,614.1,606.5,658.2,920.0,4,G
210058759813,3,M,1,0,1.0,0,São João de Meriti,442.7,559.2,555.3,672.2,560.0,3,C
210060843366,2,M,2,0,1.0,0,Duque de Caxias,550.5,607.5,518.9,577.3,760.0,3,I
210059923850,3,F,1,0,1.0,0,Nova Iguaçu,552.8,715.6,670.0,647.8,920.0,5,P
210058651472,3,M,2,0,1.0,0,São João de Meriti,423.8,496.2,536.2,426.4,380.0,3,B
210058234621,3,F,2,0,1.0,0,Nova Iguaçu,484.5,573.9,576.8,602.0,720.0,4,E
210061515509,2,F,1,0,1.0,0,Niterói,680.5,623.8,567.1,757.8,780.0,4,I
210061589111,2,F,2,0,1.0,0,Maricá,378.1,581.3,525.9,461.3,820.0,2,H
210058317044,3,F,2,0,1.0,0,Nova Iguaçu,441.3,573.3,535.9,588.9,460.0,4,J
210059843948,3,M,1,0,1.0,0,Nova Iguaçu,501.9,632.4,629.1,663.8,820.0,3,G
210060538273,3,F,1,0,1.0,0,Niterói,633.4,649.5,676.9,633.3,920.0,3,H
210058744124,7,F,2,0,1.0,0,Duque de Caxias,418.8,499.7,500.1,484.9,640.0,4,B
210058106201,2,M,0,0,1.0,0,São João de Meriti,391.9,463.1,428.4,536.0,600.0,3,G
210059687418,2,M,2,0,1.0,0,Duque de Caxias,457.5,446.9,513.7,445.5,360.0,3,A
210061257441,3,M,1,0,1.0,0,Nova Iguaçu,471.4,571.4,533.7,438.4,580.0,5,E
210058856338,3,M,3,0,1.0,0,São João de Meriti,585.3,534.1,503.5,600.2,680.0,3,C
210058461613,2,F,1,0,1.0,0,Niterói,549.9,642.7,602.9,740.8,960.0,4,P
210058106236,3,M,3,0,1.0,0,Nova Iguaçu,547.6,488.5,548.9,631.9,760.0,2,B
210058741727,2,F,1,0,1.0,0,São João de Meriti,572.4,635.9,616.2,642.6,720.0,4,F
210060460912,3,F,2,0,1.0,0,Nova Iguaçu,520.6,570.8,550.6,671.5,940.0,3,A
210058486591,2,M,1,0,1.0,0,Nova Iguaçu,761.4,777.3,647.6,871.3,980.0,7,N
210058143171,3,M,2,0,1.0,0,Niterói,497.6,577.3,575.7,701.1,620.0,4,C
210059687434,3,F,1,0,1.0,0,Niterói,397.3,478.6,585.5,709.6,900.0,2,D
210060235972,3,M,2,0,1.0,0,Duque de Caxias,574.0,557.5,569.8,657.7,900.0,4,D
210060442200,3,M,1,0,1.0,0,Niterói,469.7,617.3,613.7,750.9,780.0,4,O
210061248041,3,F,1,0,1.0,0,Duque de Caxias,559.2,615.4,580.2,606.6,880.0,7,D
210058562009,3,F,1,0,1.0,0,Duque de Caxias,415.2,365.8,468.2,366.9,560.0,2,C
210058822433,3,F,3,0,1.0,0,São João de Meriti,566.1,626.6,576.4,696.1,920.0,3,F
210061569980,1,F,2,0,1.0,0,Duque de Caxias,505.2,579.1,535.0,498.2,540.0,3,B
210061569998,3,F,2,0,1.0,0,Duque de Caxias,353.5,519.0,528.0,396.6,700.0,5,B
210058740161,3,F,3,0,1.0,0,Nova Iguaçu,542.8,549.6,522.3,626.0,780.0,5,D
210058362037,2,F,1,0,1.0,0,Niterói,430.5,503.5,501.3,588.3,760.0,5,I
210058362038,3,F,1,0,1.0,0,Niterói,534.0,646.6,651.1,677.4,940.0,4,D
210059099909,2,F,3,0,1.0,0,Nova Iguaçu,411.5,501.5,447.2,633.2,720.0,3,G
210060781471,3,M,1,0,1.0,0,Niterói,615.2,602.5,523.8,768.2,780.0,5,I
210058669578,3,F,2,0,1.0,0,São João de Meriti,465.3,484.4,461.4,391.2,740.0,3,C
210058677040,3,M,1,0,1.0,0,Maricá,615.0,615.0,519.9,698.0,820.0,4,J
210058681276,2,F,3,0,1.0,0,Nova Iguaçu,430.0,448.8,443.6,487.2,700.0,8,B
210059978074,2,F,1,0,1.0,0,Nilópolis,529.1,429.6,448.1,525.4,600.0,3,B
210058502993,3,F,1,0,1.0,0,Niterói,491.2,532.3,534.1,672.5,700.0,4,N
210058136250,3,F,1,0,2.0,0,São João de Meriti,451.7,469.7,494.7,454.4,360.0,3,B
210061556913,3,F,1,0,1.0,0,Niterói,483.7,432.1,489.7,414.9,500.0,3,B
210058529280,3,F,3,0,1.0,0,São João de Meriti,641.4,651.3,622.7,779.2,880.0,4,F
210058551224,4,F,1,0,1.0,0,Niterói,490.7,587.0,577.7,587.4,840.0,4,H
210058591872,3,M,1,0,1.0,0,Niterói,651.3,641.9,614.6,835.8,940.0,4,Q
210058551231,3,M,2,0,1.0,0,Nova Iguaçu,697.5,702.9,650.1,787.6,960.0,2,G
210061585323,2,F,0,0,1.0,0,São João de Meriti,400.1,631.2,589.8,724.0,560.0,3,G
210060768157,3,M,4,0,1.0,0,Duque de Caxias,365.8,495.4,552.0,535.2,620.0,4,B
210058731076,3,F,1,0,1.0,0,São João de Meriti,427.0,517.4,554.3,555.3,580.0,5,A
210058534825,2,M,1,0,1.0,0,Maricá,524.3,587.8,425.4,549.2,700.0,5,B
210058088447,3,M,3,0,1.0,0,Duque de Caxias,601.6,543.9,596.2,548.7,680.0,2,B
210059983257,2,F,2,0,1.0,0,Duque de Caxias,531.3,513.2,551.6,679.7,820.0,4,E
210059328844,2,F,1,0,1.0,0,Maricá,619.6,586.3,586.0,646.7,880.0,3,E
210058681260,3,M,2,0,1.0,0,Duque de Caxias,489.4,468.5,476.0,432.9,540.0,2,B
210059648957,2,M,1,0,1.0,0,Nilópolis,446.1,443.7,443.9,497.0,580.0,4,C
210058348175,3,M,3,0,1.0,0,Duque de Caxias,482.3,520.5,543.5,539.0,640.0,3,G
210058859999,4,M,1,0,1.0,0,Duque de Caxias,427.5,512.4,498.4,441.3,840.0,4,F
210060238226,2,M,3,0,1.0,0,Nova Iguaçu,401.2,505.5,525.9,651.7,620.0,4,B
210059872433,3,M,2,0,1.0,0,Nova Iguaçu,470.6,461.0,309.8,370.6,360.0,7,B
210058819108,3,M,1,0,1.0,0,Niterói,585.9,617.2,632.8,827.7,900.0,3,P
210060320171,3,M,1,0,1.0,0,Niterói,546.5,657.1,586.7,818.8,920.0,5,J
210060806634,2,F,3,0,1.0,0,Niterói,499.0,594.5,589.4,703.8,900.0,3,H
210060084122,3,M,3,0,1.0,0,Niterói,445.8,497.7,477.0,483.6,600.0,4,D
210059328821,3,M,3,0,1.0,0,Duque de Caxias,477.5,480.1,506.1,440.1,480.0,4,C
210059316028,3,F,3,0,1.0,0,Nova Iguaçu,554.4,583.0,555.5,619.8,900.0,3,N
210059872448,3,M,2,0,1.0,0,Nova Iguaçu,551.2,619.4,565.1,605.9,720.0,5,C
210058448673,2,F,3,0,1.0,0,Nilópolis,443.2,490.2,484.1,430.1,660.0,3,E
210060197294,2,F,3,0,1.0,0,Nova Iguaçu,383.8,516.4,503.8,355.8,380.0,5,B
210058583335,2,M,1,0,1.0,0,Niterói,649.7,648.4,637.0,749.2,980.0,4,O
210058472155,2,F,1,0,1.0,0,Nova Iguaçu,455.8,532.9,539.3,406.4,640.0,5,C
210059346904,3,F,1,0,1.0,0,Duque de Caxias,466.4,573.8,542.3,552.9,400.0,3,E
210058857746,4,F,1,0,1.0,0,Duque de Caxias,456.7,454.5,487.3,413.2,360.0,5,C
210058771161,2,F,2,0,1.0,0,São João de Meriti,419.2,463.5,506.2,616.8,540.0,2,B
210058354596,3,M,3,0,1.0,0,Niterói,545.9,412.2,544.2,653.6,640.0,2,J
210058875040,2,F,3,0,1.0,0,Duque de Caxias,438.2,517.4,475.8,435.5,640.0,3,F
210058535440,3,M,1,0,1.0,0,Nova Iguaçu,427.8,478.7,418.9,483.7,580.0,4,E
210058069075,2,M,1,0,1.0,0,Belford Roxo,553.9,551.6,583.2,523.6,600.0,4,B
210058872148,3,M,3,0,1.0,0,Nilópolis,479.3,574.5,528.7,591.9,540.0,3,E
210058771168,3,M,3,0,1.0,0,São João de Meriti,513.9,577.5,529.0,498.1,560.0,5,B
210059818253,4,F,3,0,1.0,0,São João de Meriti,452.9,518.4,504.2,472.0,520.0,5,B
210058665308,3,F,2,0,1.0,0,Duque de Caxias,480.1,353.3,479.0,426.5,500.0,3,C
210060297992,2,M,1,0,1.0,0,São João de Meriti,671.5,662.5,643.2,876.4,760.0,5,G
210060084023,4,F,2,0,1.0,0,Niterói,354.5,440.6,501.3,467.4,400.0,3,D
210060855400,3,M,2,0,1.0,0,Duque de Caxias,395.3,436.1,414.1,373.7,540.0,4,D
210060297684,3,M,3,0,1.0,0,Duque de Caxias,658.3,607.5,568.4,691.7,760.0,4,E
210058696873,2,F,1,0,1.0,0,Nova Iguaçu,550.0,553.9,583.3,666.1,620.0,4,L
210058118172,2,F,1,0,1.0,0,Niterói,547.3,522.3,585.5,656.9,740.0,3,N
210060883787,2,F,1,0,1.0,0,Niterói,669.6,643.5,592.3,817.1,880.0,4,E
210060368081,2,M,2,0,1.0,0,Duque de Caxias,443.1,455.7,516.8,440.2,540.0,4,E
210060294334,3,F,1,0,1.0,0,São João de Meriti,568.6,585.4,517.4,524.1,840.0,5,C
210058762163,3,F,1,0,1.0,0,São João de Meriti,581.2,655.9,631.1,724.0,840.0,3,C
210058425108,3,F,1,0,1.0,0,Nova Iguaçu,375.5,377.9,411.8,384.3,620.0,3,B
210060630975,3,F,3,0,1.0,0,Nova Iguaçu,403.9,503.7,504.8,586.8,560.0,3,G
210058719743,3,F,3,0,1.0,0,Duque de Caxias,530.8,550.8,487.7,515.3,780.0,3,C
210058863201,3,M,1,0,1.0,0,Nova Iguaçu,572.0,570.8,538.8,750.3,500.0,4,G
210061394821,2,M,1,0,1.0,0,Niterói,510.4,527.6,491.6,692.3,640.0,3,N
210058168321,3,F,2,0,1.0,0,Niterói,495.8,549.5,516.9,590.8,560.0,4,E
210059280134,2,F,3,0,1.0,0,Duque de Caxias,476.9,443.4,465.1,486.3,820.0,4,G
210059280130,3,F,1,0,1.0,0,Duque de Caxias,482.9,472.2,528.9,431.6,560.0,3,B
210061602128,3,M,1,0,1.0,0,Maricá,531.3,531.7,492.4,618.7,520.0,4,C
210060121992,3,M,1,0,1.0,0,Niterói,579.5,638.7,608.1,697.4,720.0,4,J
210058535424,3,M,1,0,1.0,0,Niterói,696.6,669.3,737.2,781.9,820.0,4,K
210058514097,2,F,1,0,1.0,0,Niterói,662.5,685.2,637.1,765.4,900.0,4,Q
210058744289,4,F,2,0,1.0,0,Niterói,414.6,457.0,298.3,467.8,440.0,4,E
210058415243,2,F,3,0,1.0,0,Nova Iguaçu,490.8,609.5,610.4,707.9,760.0,3,B
210058213451,3,F,3,0,1.0,0,Niterói,738.7,674.6,634.8,796.6,940.0,2,E
210059741557,2,M,2,0,1.0,0,Niterói,471.0,576.3,548.7,454.3,500.0,3,D
210058118152,4,M,3,0,1.0,0,Nilópolis,481.2,453.7,439.3,586.1,520.0,4,F
210060872338,2,F,3,0,1.0,0,Nova Iguaçu,451.6,494.4,438.3,393.8,720.0,4,D
210059767105,2,F,1,0,1.0,0,Nova Iguaçu,569.1,616.6,482.7,579.9,860.0,3,G
210058403860,3,M,1,0,1.0,0,Niterói,487.7,626.3,595.0,681.2,900.0,2,H
210060228077,4,F,3,0,1.0,0,Nova Iguaçu,498.5,402.0,387.5,393.9,440.0,3,C
210058096393,2,F,1,0,1.0,0,Niterói,618.1,615.0,559.5,649.6,900.0,2,B
210059179371,2,M,3,0,1.0,0,Nova Iguaçu,532.1,504.9,536.0,555.2,620.0,4,C
210058683519,3,M,3,0,1.0,0,Nova Iguaçu,454.4,588.4,510.8,540.5,660.0,4,B
210060096154,2,M,1,0,1.0,0,Nova Iguaçu,462.5,578.3,566.8,621.9,560.0,4,D
210058216368,3,F,1,0,1.0,0,Niterói,515.6,583.1,530.5,619.0,940.0,4,J
210058558242,3,F,3,0,1.0,0,São João de Meriti,487.9,525.5,465.2,380.0,540.0,5,B
210060096144,2,F,3,0,1.0,0,Nova Iguaçu,535.2,484.7,534.1,595.4,640.0,4,C
210060291856,2,F,1,0,1.0,0,Belford Roxo,499.5,549.3,543.3,551.0,840.0,4,B
210058809703,4,F,3,0,1.0,0,Duque de Caxias,402.5,401.0,518.0,598.0,560.0,4,A
210060237730,3,F,1,0,1.0,0,Nova Iguaçu,524.7,547.5,570.8,553.8,820.0,3,D
210060461070,2,M,3,0,1.0,0,Duque de Caxias,440.4,506.5,466.3,378.9,440.0,3,C
210061543437,2,M,2,0,1.0,0,Nova Iguaçu,556.7,555.8,526.1,654.8,760.0,4,L
210059754134,2,F,1,0,1.0,0,Niterói,444.7,457.9,494.8,431.9,320.0,5,G
210061543452,2,F,1,0,1.0,0,Nova Iguaçu,506.7,543.1,546.0,617.9,880.0,4,L
210060538317,3,F,1,0,1.0,0,Niterói,550.7,555.9,555.6,590.3,620.0,3,K
210060525331,3,M,3,0,1.0,0,Duque de Caxias,456.5,458.7,374.7,382.6,380.0,4,D
210060525604,3,M,1,0,1.0,0,São João de Meriti,555.4,542.6,538.5,493.7,600.0,2,B
210059674513,2,F,1,0,1.0,0,Nova Iguaçu,537.4,519.6,548.3,496.4,560.0,5,B
210058877932,3,M,5,0,1.0,0,Duque de Caxias,512.4,532.6,561.9,552.0,360.0,4,G
210058864564,3,M,3,0,1.0,0,Nilópolis,529.9,637.1,615.9,625.4,680.0,3,D
210058259413,3,M,1,0,1.0,0,Niterói,742.1,680.8,678.3,906.4,940.0,3,Q
210058596505,2,F,3,0,1.0,0,Duque de Caxias,492.7,490.7,505.8,460.6,440.0,2,B
210058320583,3,F,1,0,1.0,0,São João de Meriti,583.6,555.1,528.1,678.2,680.0,3,D
210060470669,3,F,1,0,1.0,0,Maricá,376.8,518.3,483.6,407.5,580.0,4,E
210060525633,3,M,2,0,1.0,0,Nilópolis,452.2,554.3,578.7,458.5,740.0,6,B
210060377934,3,M,1,0,1.0,0,Niterói,389.3,490.5,555.9,500.0,620.0,4,Q
210058080800,3,F,1,0,1.0,0,Nova Iguaçu,562.6,556.1,531.7,378.9,680.0,3,D
210060031840,3,F,3,0,1.0,0,Nova Iguaçu,520.0,515.2,436.3,611.9,840.0,3,B
210058104300,4,M,1,0,1.0,0,Nova Iguaçu,395.6,452.6,436.2,409.3,480.0,3,C
210058864547,2,F,1,0,1.0,0,São João de Meriti,549.9,597.0,572.4,734.6,880.0,3,H
210058609876,3,M,1,0,1.0,0,Niterói,645.7,660.8,627.7,753.3,780.0,3,J
210061463990,3,F,1,0,1.0,0,Maricá,403.5,471.3,475.9,363.3,320.0,4,B
210060706253,2,F,1,0,1.0,0,Niterói,706.4,749.0,627.0,812.8,960.0,4,I
210058259389,3,F,1,0,1.0,0,Niterói,641.6,600.2,609.6,735.8,900.0,5,I
210058058150,4,F,1,0,1.0,0,Niterói,606.6,639.7,606.6,640.2,900.0,4,L
210061007697,3,M,1,0,1.0,0,Niterói,566.5,590.6,611.4,631.1,680.0,5,B
210060353724,3,F,2,0,1.0,0,Duque de Caxias,479.9,485.7,579.7,517.3,880.0,4,D
210058671899,1,F,3,0,1.0,0,Belford Roxo,433.4,454.8,405.1,434.8,840.0,3,D
210060775995,3,F,3,0,1.0,0,Maricá,512.8,564.2,521.0,591.8,860.0,4,G
210058780202,2,F,3,0,1.0,0,Duque de Caxias,436.7,452.2,475.5,496.1,880.0,3,C
210060304909,2,M,1,0,1.0,0,Nova Iguaçu,467.3,509.2,441.7,406.3,360.0,2,E
210058795764,2,M,3,0,1.0,0,Duque de Caxias,394.7,609.0,344.3,345.6,320.0,2,G
210058098733,4,F,2,0,1.0,0,Duque de Caxias,463.2,425.9,390.4,362.0,420.0,3,F
210061367817,2,F,2,0,1.0,0,São João de Meriti,587.5,575.0,468.1,741.8,760.0,5,D
210060934137,3,M,1,0,1.0,0,Niterói,571.8,657.9,606.9,634.8,700.0,2,E
210058396069,3,F,1,0,1.0,0,Niterói,664.6,712.3,614.4,700.0,960.0,4,K
210058102844,2,F,3,0,1.0,0,Duque de Caxias,480.3,499.7,512.9,506.7,840.0,4,D
210058099061,3,M,1,0,1.0,0,Niterói,538.9,625.4,597.0,684.5,700.0,5,P
210058540471,3,F,1,0,1.0,0,Nova Iguaçu,388.4,459.4,403.0,498.0,660.0,4,B
210060721367,2,F,1,0,1.0,0,Duque de Caxias,414.8,562.9,536.1,544.5,360.0,5,F
210058704147,3,M,1,0,1.0,0,Maricá,535.0,587.9,548.4,535.7,620.0,3,B
210060782850,3,M,1,0,1.0,0,Belford Roxo,494.7,584.2,594.5,571.8,620.0,6,A
210060342382,3,F,1,0,1.0,0,Duque de Caxias,455.1,529.8,473.2,493.1,800.0,4,E
210058719789,2,M,3,0,1.0,0,Nova Iguaçu,475.4,465.3,524.5,531.4,540.0,3,B
210061132446,3,F,3,0,1.0,0,Niterói,487.4,657.6,602.2,726.0,880.0,4,Q
210059753924,3,M,1,0,1.0,0,Niterói,544.8,588.4,519.0,669.8,700.0,4,Q
210061300394,2,M,3,0,1.0,0,Nova Iguaçu,598.5,617.7,619.8,763.2,840.0,4,J
210061406418,2,F,1,0,1.0,0,Duque de Caxias,499.3,522.4,491.3,437.6,640.0,4,J
210058892744,3,M,1,0,1.0,0,Nilópolis,402.8,531.6,528.5,609.6,300.0,4,B
210060223360,3,F,1,0,1.0,0,Duque de Caxias,482.8,474.8,545.9,438.8,340.0,7,F
210058726412,2,F,1,0,1.0,0,Duque de Caxias,441.2,434.2,441.0,451.4,640.0,3,D
210058513938,5,F,3,0,1.0,0,Nova Iguaçu,425.9,550.4,546.5,415.7,720.0,3,B
210059151149,2,F,3,0,1.0,0,São João de Meriti,574.0,672.0,629.5,530.1,680.0,5,C
210059151152,2,F,1,0,1.0,0,Niterói,628.3,644.0,583.5,662.3,940.0,3,N
210058576109,2,M,3,0,1.0,0,Nova Iguaçu,496.8,494.4,341.6,536.1,700.0,4,E
210058309744,2,M,2,0,1.0,0,Duque de Caxias,465.7,430.4,525.1,332.5,80.0,5,B
210058255737,2,M,3,0,1.0,0,Duque de Caxias,570.7,537.9,506.9,588.3,800.0,5,I
210060411705,3,F,1,0,1.0,0,São João de Meriti,518.9,490.2,491.9,429.5,880.0,4,D
210058424980,3,F,3,0,1.0,0,Duque de Caxias,441.5,486.8,463.0,561.5,780.0,4,C
210058162146,3,F,2,0,1.0,0,Duque de Caxias,517.9,444.9,537.4,373.7,680.0,7,C
210061358263,2,M,1,0,1.0,0,Duque de Caxias,485.9,598.2,550.3,530.6,580.0,4,A
210058560676,2,F,3,0,1.0,0,São João de Meriti,485.6,455.3,476.4,376.4,620.0,4,A
210061406394,3,F,3,0,1.0,0,Niterói,449.9,487.9,540.3,385.9,740.0,3,K
210058203028,2,M,1,0,1.0,0,Duque de Caxias,540.0,572.4,528.5,605.7,480.0,5,E
210060804874,3,F,3,0,1.0,0,Nova Iguaçu,393.6,514.7,431.1,416.8,780.0,3,C
210058203027,3,M,1,0,1.0,0,Nilópolis,525.9,617.4,605.0,537.9,280.0,2,B
210058550885,3,F,3,0,1.0,0,Niterói,593.6,541.6,479.9,546.8,560.0,2,C
210058049270,3,F,1,0,1.0,0,São João de Meriti,514.9,610.2,560.3,633.4,680.0,3,E
210061018968,3,M,2,0,1.0,0,Nova Iguaçu,552.6,402.3,492.8,503.1,500.0,4,D
210061321144,3,M,1,0,1.0,0,Duque de Caxias,408.9,366.7,412.1,494.9,520.0,4,B
210058038820,3,F,2,0,1.0,0,Belford Roxo,461.1,525.2,499.1,449.3,600.0,4,B
210060332591,2,F,3,0,1.0,0,Niterói,583.9,533.7,583.9,716.7,920.0,3,J
210058319441,3,M,1,0,1.0,0,Duque de Caxias,607.0,580.5,605.3,747.1,820.0,3,D
210058434803,2,F,1,0,2.0,0,Duque de Caxias,506.9,531.6,594.2,559.3,880.0,5,H
210061230494,3,F,2,0,1.0,0,Maricá,501.3,527.9,408.2,482.1,900.0,3,G
210060343725,3,M,2,0,1.0,0,Niterói,383.9,496.6,521.8,407.3,520.0,2,B
210058851114,3,F,1,0,1.0,0,Duque de Caxias,433.4,475.8,405.2,341.6,680.0,7,A
210058839760,4,F,1,0,1.0,0,Niterói,594.6,601.2,632.8,663.2,860.0,2,K
210061321148,2,M,2,0,1.0,0,Duque de Caxias,461.9,458.8,446.7,466.6,420.0,9,A
210058300374,3,F,2,0,1.0,0,Duque de Caxias,433.6,447.5,504.1,368.6,560.0,2,B
210058154568,3,M,1,0,1.0,0,Niterói,597.9,687.6,597.2,740.2,920.0,4,N
210058388875,3,M,3,0,1.0,0,Nilópolis,383.9,498.3,408.8,621.7,500.0,3,H
210060332072,2,F,3,0,1.0,0,São João de Meriti,421.6,412.9,456.0,371.8,420.0,6,P
210058391832,2,F,1,0,1.0,0,Nilópolis,571.2,625.2,584.5,464.6,760.0,4,G
210058051523,3,M,1,0,1.0,0,Duque de Caxias,543.2,528.9,479.5,501.9,700.0,4,G
210058503073,2,F,3,0,1.0,0,Nova Iguaçu,478.8,580.1,574.3,591.1,940.0,2,J
210061583099,3,F,1,0,1.0,0,Maricá,386.3,442.3,496.9,524.0,600.0,4,A
210061220988,3,F,3,0,1.0,0,Nova Iguaçu,520.0,528.7,542.7,495.5,700.0,2,B
210060006595,3,F,2,0,1.0,0,São João de Meriti,588.4,540.5,389.1,569.4,800.0,3,B
210060387924,3,M,1,0,1.0,0,Niterói,549.1,586.2,542.4,595.1,780.0,5,M
210060034465,2,F,1,0,1.0,0,Nova Iguaçu,555.2,493.3,509.5,425.1,820.0,3,E
210058098045,2,M,1,0,1.0,0,Niterói,508.9,305.2,450.9,475.0,420.0,3,B
210060332096,2,F,1,0,1.0,0,Duque de Caxias,489.3,440.0,357.5,470.9,360.0,3,B
210058130811,3,M,1,0,1.0,0,Nilópolis,721.9,697.6,619.0,848.4,880.0,4,H
210058159721,4,F,3,0,1.0,0,Niterói,583.1,624.1,511.0,570.6,900.0,6,F
210058555923,2,M,1,0,1.0,0,Nova Iguaçu,600.6,576.7,566.3,666.2,640.0,5,I
210061572401,2,F,3,0,1.0,0,Duque de Caxias,406.1,406.3,485.3,686.5,600.0,3,E
210058735377,2,M,1,0,1.0,0,Nilópolis,536.8,586.5,562.2,661.7,820.0,4,C
210058741960,2,F,1,0,1.0,0,Nilópolis,428.1,526.4,421.1,472.9,360.0,4,H
210058898678,3,F,3,0,1.0,0,Belford Roxo,458.9,493.1,480.6,419.1,720.0,4,A
210058841063,2,M,1,0,1.0,0,Niterói,601.3,726.1,610.1,834.2,980.0,4,N
210059805915,4,M,3,0,1.0,0,Niterói,560.4,639.5,699.1,747.8,920.0,4,G
210058607669,3,F,1,0,1.0,0,Nova Iguaçu,520.3,634.7,645.3,590.9,880.0,4,L
210058099091,3,F,3,0,1.0,0,Duque de Caxias,444.0,404.1,432.0,537.3,520.0,4,E
210061367839,2,F,3,0,1.0,0,Nova Iguaçu,561.2,681.6,615.0,772.4,800.0,4,N
210058177817,2,F,1,0,1.0,0,Duque de Caxias,598.1,651.1,623.6,692.7,640.0,3,E
210061583075,3,M,1,0,1.0,0,Niterói,720.4,604.5,599.1,891.8,920.0,4,Q
210060383182,4,F,2,0,1.0,0,Nova Iguaçu,431.6,328.9,447.4,348.1,420.0,1,B
210061562615,3,M,1,0,1.0,0,Niterói,563.7,607.1,549.8,728.2,920.0,4,N
210059754336,3,F,1,0,1.0,0,Nova Iguaçu,498.8,613.5,620.6,672.0,540.0,4,E
210058108307,2,M,3,0,1.0,0,Nilópolis,559.3,546.2,558.5,801.8,920.0,4,K
210058388389,3,M,2,0,1.0,0,Niterói,435.6,557.6,550.5,642.7,420.0,4,B
210060421091,3,M,1,0,1.0,0,Duque de Caxias,517.0,553.5,609.8,647.0,680.0,7,F
210058388394,16,F,3,0,1.0,0,Belford Roxo,422.2,375.6,338.6,386.3,540.0,4,C
210060222945,5,M,3,0,1.0,0,Nova Iguaçu,506.7,456.7,517.9,448.1,520.0,9,D
210058181773,3,M,1,0,1.0,0,Niterói,487.4,503.5,531.8,550.8,520.0,3,B
210058683569,3,F,3,0,1.0,0,Maricá,510.4,560.1,572.0,422.7,860.0,3,H
210060891812,2,F,1,0,1.0,0,Niterói,622.0,607.8,558.4,693.2,880.0,5,J
210059949931,2,M,1,0,1.0,0,Niterói,563.6,594.7,594.0,588.5,700.0,6,I
210060029226,3,M,2,0,1.0,0,Niterói,464.0,520.8,548.0,618.7,900.0,3,C
210058534668,3,F,3,0,1.0,0,Duque de Caxias,510.4,554.2,543.5,387.9,540.0,4,B
210058122373,2,M,3,0,1.0,0,Nova Iguaçu,408.2,443.8,516.7,411.3,640.0,2,B
210059295233,3,F,3,0,1.0,0,Duque de Caxias,499.6,442.1,459.1,375.2,640.0,5,D
210060370112,2,F,3,0,1.0,0,Nova Iguaçu,564.2,578.4,578.4,668.1,860.0,3,F
210058194830,3,F,2,0,1.0,0,Belford Roxo,524.0,526.9,515.1,527.9,320.0,3,B
210061523353,2,M,1,0,1.0,0,Nova Iguaçu,435.8,497.7,514.7,397.9,340.0,6,D
210058864624,2,M,1,0,1.0,0,Niterói,679.6,660.6,607.4,821.0,900.0,3,P
210059295242,2,M,1,0,1.0,0,Niterói,580.2,622.7,605.5,754.8,860.0,5,J
210058814991,3,F,2,0,1.0,0,São João de Meriti,386.8,412.9,392.4,513.2,760.0,3,B
210058354682,3,M,3,0,1.0,0,Duque de Caxias,430.7,567.4,518.7,599.3,740.0,3,C
210058455869,2,F,1,0,1.0,0,Nova Iguaçu,457.0,386.5,551.4,401.6,500.0,6,B
210058604453,3,F,3,0,1.0,0,Niterói,441.1,490.6,490.3,457.2,780.0,4,G
210058045659,3,F,1,0,1.0,0,Nilópolis,625.6,670.4,740.2,753.6,860.0,3,H
210061110993,3,F,1,0,1.0,0,Niterói,510.6,518.4,606.9,564.7,960.0,4,K
210061039566,2,F,1,0,1.0,0,Nova Iguaçu,467.0,438.9,462.3,520.9,480.0,4,C
210061299974,4,F,2,0,1.0,0,Duque de Caxias,415.5,397.1,510.2,431.4,540.0,3,B
210058379845,3,M,3,0,1.0,0,Duque de Caxias,597.9,569.6,557.1,534.3,660.0,2,B
210058878013,3,F,1,0,1.0,0,Niterói,579.1,609.2,584.4,608.3,780.0,4,J
210058601418,2,M,1,0,1.0,0,São João de Meriti,598.9,522.4,506.3,469.8,520.0,4,H
210058479387,2,M,1,0,1.0,0,Maricá,436.0,520.8,611.0,489.0,800.0,3,B
210058780232,4,M,1,0,1.0,0,Duque de Caxias,639.6,659.8,622.2,855.8,820.0,5,P
210058109324,2,M,1,0,1.0,0,Nova Iguaçu,546.5,573.9,569.0,695.5,920.0,3,G
210058109317,3,M,1,0,1.0,0,Belford Roxo,618.5,629.9,605.5,771.4,920.0,2,G
210060486543,3,M,2,0,1.0,0,São João de Meriti,565.1,560.9,571.2,565.4,740.0,4,B
210059857332,3,M,2,0,1.0,0,Nilópolis,474.2,549.0,571.9,441.8,440.0,3,G
210060577002,3,M,1,0,1.0,0,Nilópolis,518.3,566.3,554.4,622.4,360.0,2,A
210058665360,2,F,3,0,1.0,0,Nova Iguaçu,552.5,613.8,591.6,727.3,860.0,4,C
210061029882,4,F,1,0,1.0,0,Nova Iguaçu,580.9,641.4,654.5,632.1,900.0,3,F
210061496180,2,F,3,0,1.0,0,Belford Roxo,597.3,620.9,572.6,688.9,920.0,3,G
210060582466,3,F,3,0,1.0,0,São João de Meriti,466.8,383.0,388.4,467.4,560.0,4,J
210058771218,2,F,1,0,1.0,0,Duque de Caxias,455.5,448.3,541.9,500.9,560.0,3,E
210059597289,3,F,1,0,1.0,0,Duque de Caxias,432.8,324.0,559.6,446.7,600.0,3,D
210058143406,2,F,2,0,1.0,0,Nova Iguaçu,487.9,512.5,471.8,538.3,580.0,3,G
210058157878,3,M,1,0,1.0,0,Duque de Caxias,562.7,607.5,639.4,714.1,520.0,3,D
210058637232,2,M,2,0,1.0,0,Duque de Caxias,564.0,601.5,571.8,505.6,640.0,4,D
210058755767,3,F,1,0,1.0,0,Nova Iguaçu,581.2,618.4,591.1,622.8,960.0,2,E
210060972661,3,M,3,0,1.0,0,Niterói,547.3,599.5,618.9,598.3,560.0,3,G
210058456094,3,F,2,0,1.0,0,Niterói,486.7,569.6,541.0,468.8,660.0,2,B
210058690213,4,M,3,0,1.0,0,Nova Iguaçu,545.3,493.7,499.8,532.8,520.0,4,D
210058568731,2,M,1,0,1.0,0,Duque de Caxias,475.7,433.5,438.1,531.5,380.0,3,D
210060106459,3,M,2,0,1.0,0,Belford Roxo,730.0,706.9,646.6,862.6,940.0,3,C
210058543591,2,M,3,0,1.0,0,Maricá,543.5,603.7,555.1,657.8,880.0,3,M
210058805779,2,F,3,0,1.0,0,São João de Meriti,419.6,520.5,488.8,529.2,400.0,3,B
210058094494,3,M,1,0,1.0,0,Niterói,681.6,657.3,638.3,811.9,980.0,5,Q
210060600263,2,F,2,0,1.0,0,Nova Iguaçu,529.9,505.7,495.8,509.9,620.0,2,B
210060236079,2,M,3,0,1.0,0,Nova Iguaçu,585.4,691.3,621.0,670.4,940.0,4,A
210060359276,2,M,3,0,1.0,0,Duque de Caxias,469.6,599.9,522.4,611.8,600.0,3,B
210060150093,3,F,1,0,1.0,0,Nova Iguaçu,518.7,613.5,557.1,648.9,920.0,2,D
210060540617,3,F,1,0,1.0,0,Nova Iguaçu,485.0,534.9,514.5,515.0,680.0,4,I
210060951701,2,M,3,0,1.0,0,Maricá,490.9,439.8,431.9,424.1,600.0,3,D
210058568725,2,F,1,0,1.0,0,Nilópolis,557.9,611.8,560.6,660.8,880.0,2,B
210058889687,3,F,2,0,1.0,0,Duque de Caxias,336.6,503.8,402.8,346.8,560.0,3,A
210059622795,3,F,1,0,1.0,0,São João de Meriti,444.5,517.5,521.6,498.1,680.0,4,B
210058436391,3,M,1,0,1.0,0,Duque de Caxias,527.7,639.0,573.6,607.3,580.0,3,E
210058223068,3,M,2,0,1.0,0,Belford Roxo,463.7,592.1,486.1,539.4,800.0,4,B
210060268957,2,M,1,0,1.0,0,Duque de Caxias,491.1,586.3,582.2,596.1,680.0,2,B
210059831427,2,M,3,0,1.0,0,Nova Iguaçu,507.8,569.0,553.0,635.3,540.0,2,I
210060961281,2,F,3,0,1.0,0,Niterói,529.8,591.2,605.3,671.9,620.0,4,A
210061230501,4,F,1,0,1.0,0,São João de Meriti,504.1,587.0,587.4,630.3,800.0,4,B
210060045136,2,F,1,0,1.0,0,Duque de Caxias,646.6,576.9,591.0,669.3,760.0,3,C
210058082500,3,M,2,0,1.0,0,Niterói,437.0,502.7,478.5,442.0,600.0,3,C
210060731212,3,M,2,0,1.0,0,Duque de Caxias,574.9,564.1,571.2,600.0,600.0,3,B
210058839766,2,M,1,0,1.0,0,Duque de Caxias,573.5,629.3,629.4,774.8,900.0,4,H
210059913437,3,M,3,0,1.0,0,Nova Iguaçu,553.9,521.7,562.7,686.4,560.0,8,E
210058297402,4,M,2,0,1.0,0,Nova Iguaçu,435.5,437.2,343.0,456.8,500.0,5,B
210061041453,5,F,1,0,1.0,0,Niterói,522.1,574.4,489.8,566.4,740.0,3,D
210058744369,4,M,3,0,1.0,0,Nilópolis,522.6,537.7,530.6,523.7,640.0,3,O
210060999650,3,F,2,0,1.0,0,Nilópolis,443.1,454.7,556.7,497.2,700.0,3,B
210060375165,3,F,1,0,1.0,0,Niterói,565.7,606.8,581.8,648.4,960.0,3,Q
210060375184,3,M,3,0,1.0,0,Nova Iguaçu,488.2,597.0,495.3,669.0,520.0,4,B
210061199563,3,M,2,0,1.0,0,Maricá,516.3,525.2,489.7,659.3,780.0,4,M
210061444785,3,M,1,0,1.0,0,Niterói,445.3,549.3,547.7,714.1,700.0,4,D
210058892793,4,M,1,0,1.0,0,Nova Iguaçu,490.9,518.1,498.3,390.4,540.0,2,B
210060383532,1,F,3,0,1.0,0,Nova Iguaçu,611.8,613.9,585.7,483.8,780.0,3,C
210058040552,3,F,2,0,1.0,0,Niterói,479.1,553.2,494.4,418.0,480.0,2,B
210058204667,3,M,1,0,1.0,0,Duque de Caxias,505.2,549.1,563.2,593.3,740.0,3,C
210058719848,2,F,1,0,1.0,0,Nova Iguaçu,380.5,484.7,496.8,450.2,660.0,3,B
210061021002,3,M,1,0,1.0,0,Niterói,489.6,505.7,508.9,442.8,360.0,2,A
210058823886,2,F,3,0,1.0,0,São João de Meriti,473.5,527.8,513.8,582.3,640.0,3,B
210061238472,2,F,3,0,1.0,0,Duque de Caxias,557.1,520.5,556.0,539.1,660.0,6,G
210058872359,3,M,2,0,1.0,0,Belford Roxo,537.2,633.0,586.4,594.0,720.0,4,E
210058437480,3,F,1,0,1.0,0,Nova Iguaçu,458.3,421.8,392.2,338.2,540.0,3,D
210060924552,3,F,1,0,1.0,0,Niterói,501.8,465.6,455.6,565.3,900.0,4,F
210061583144,2,M,3,0,1.0,0,Duque de Caxias,553.3,538.4,576.1,657.9,660.0,3,D
210058172830,3,M,1,0,1.0,0,Niterói,440.2,496.4,546.6,690.2,840.0,4,D
210058591963,3,F,3,0,1.0,0,Nova Iguaçu,567.0,532.3,530.0,594.4,600.0,3,C
210058127769,4,M,2,0,1.0,0,Duque de Caxias,473.7,455.3,456.7,385.9,580.0,5,B
210058443253,3,F,1,0,1.0,0,São João de Meriti,462.0,634.5,578.3,715.8,940.0,3,L
210058041493,3,F,2,0,1.0,0,Belford Roxo,488.9,580.6,504.9,611.4,860.0,4,B
210058209371,3,M,3,0,1.0,0,Niterói,543.0,651.0,601.5,690.1,760.0,5,D
210059885614,3,M,3,0,1.0,0,Duque de Caxias,571.6,483.8,487.1,575.3,760.0,3,B
210058589478,2,F,1,0,1.0,0,Niterói,508.5,578.4,550.5,609.6,800.0,4,B
210058504138,3,M,3,0,1.0,0,Niterói,329.5,414.9,424.8,393.8,460.0,3,D
210058380479,3,F,3,0,1.0,0,São João de Meriti,430.2,464.6,496.2,514.5,880.0,4,B
210060320458,2,M,1,0,1.0,0,Maricá,519.8,544.3,571.9,663.4,600.0,5,G
210059702940,2,F,1,0,1.0,0,Duque de Caxias,471.8,529.3,527.4,551.0,760.0,5,J
210061340624,2,F,1,0,1.0,0,Duque de Caxias,471.6,547.9,496.5,431.2,640.0,4,C
210058596692,3,M,1,0,1.0,0,Nova Iguaçu,396.0,475.5,524.3,543.9,660.0,5,D
210060359254,3,M,3,0,1.0,0,Duque de Caxias,483.1,463.4,498.9,448.1,540.0,5,D
210060897296,2,F,1,0,1.0,0,Niterói,595.3,646.4,642.8,681.3,920.0,3,H
210059851801,5,F,2,0,1.0,0,Niterói,422.9,429.7,488.0,525.2,480.0,3,C
210059239099,2,F,2,0,1.0,0,Nova Iguaçu,543.9,532.4,552.3,375.3,700.0,3,C
210060701864,3,M,1,0,1.0,0,Niterói,537.1,626.9,639.3,599.7,620.0,4,D
210059838854,4,F,2,0,1.0,0,Duque de Caxias,453.9,474.9,489.3,423.6,780.0,5,B
210060540568,3,M,1,0,1.0,0,Maricá,501.5,529.4,460.5,690.5,660.0,5,Q
210058844823,3,M,3,0,1.0,0,São João de Meriti,554.2,548.7,531.7,504.6,800.0,4,B
210059903327,3,F,1,0,1.0,0,São João de Meriti,543.1,585.0,529.7,421.3,600.0,3,D
210059924083,2,M,1,0,1.0,0,Nilópolis,593.0,611.7,650.4,737.9,780.0,2,F
210058309769,1,F,2,0,1.0,0,Niterói,439.6,418.6,474.3,439.0,500.0,5,E
210058837732,2,F,1,0,1.0,0,Nova Iguaçu,362.5,480.3,504.0,410.3,580.0,3,B
210058442768,3,M,2,0,1.0,0,São João de Meriti,437.9,496.8,476.3,490.6,500.0,4,G
210060601998,2,F,3,0,1.0,0,São João de Meriti,488.3,580.9,531.0,683.2,580.0,3,E
210058477973,3,M,1,0,1.0,0,Maricá,461.9,532.0,582.7,683.1,360.0,2,G
210058853043,3,F,1,0,1.0,0,Duque de Caxias,500.7,595.4,563.5,516.6,660.0,2,B
210058192677,3,M,3,0,1.0,0,Duque de Caxias,576.2,591.2,564.4,530.5,560.0,6,A
210061550354,5,F,2,0,1.0,0,Nova Iguaçu,654.6,644.6,676.9,698.1,680.0,6,J
210060282467,3,F,2,0,1.0,0,Duque de Caxias,476.1,525.3,563.3,476.8,660.0,5,B
210060210040,4,M,2,0,1.0,0,Maricá,513.9,551.6,557.3,619.1,460.0,4,B
210058564621,3,M,1,0,1.0,0,Nova Iguaçu,381.6,492.9,460.5,554.0,580.0,6,E
210058819030,4,F,1,0,1.0,0,Niterói,379.0,411.2,477.9,399.6,520.0,2,B
210061122406,3,F,3,0,1.0,0,Nova Iguaçu,553.3,593.4,550.9,611.6,720.0,5,F
210058726433,2,F,3,0,1.0,0,Duque de Caxias,488.6,437.7,467.0,458.0,560.0,4,E
210059651206,3,F,1,0,1.0,0,São João de Meriti,574.0,508.4,555.0,567.6,800.0,4,C
210059213424,4,F,3,0,1.0,0,Nova Iguaçu,570.6,562.8,649.2,609.5,720.0,3,B
210058357528,2,M,3,0,1.0,0,Belford Roxo,329.9,508.5,500.8,564.7,400.0,4,C
210059767293,3,F,1,0,1.0,0,Nova Iguaçu,470.3,526.1,499.4,547.1,620.0,5,B
210061039709,3,M,3,0,1.0,0,Nova Iguaçu,467.6,490.1,451.2,586.6,600.0,5,G
210058746729,2,F,1,0,1.0,0,Maricá,622.5,635.9,638.2,648.9,720.0,3,K
210060439772,2,M,1,0,1.0,0,Niterói,536.1,574.1,500.2,677.2,880.0,3,P
210058607570,2,F,1,0,1.0,0,Nova Iguaçu,563.4,595.2,564.6,594.2,820.0,4,I
210061481879,2,M,1,0,1.0,0,Belford Roxo,477.1,527.2,471.8,654.4,860.0,2,D
210058732860,2,M,1,0,1.0,0,Niterói,617.4,634.4,606.2,747.3,840.0,3,E
210061481894,3,F,3,0,1.0,0,São João de Meriti,437.2,484.2,487.5,480.2,680.0,6,D
210058662908,4,F,1,0,1.0,0,Duque de Caxias,542.0,654.2,478.1,756.6,880.0,3,D
210059641181,3,F,3,0,1.0,0,Nova Iguaçu,541.1,527.4,524.2,481.9,620.0,5,C
210058548431,3,F,1,0,1.0,0,São João de Meriti,433.9,536.0,481.0,353.7,320.0,2,F
210058795863,3,M,3,0,1.0,0,São João de Meriti,602.5,702.0,639.8,692.2,960.0,5,D
210058591185,2,F,3,0,1.0,0,Maricá,449.6,451.3,386.1,465.4,240.0,4,E
210060357707,2,M,3,0,1.0,0,Duque de Caxias,478.6,547.4,438.1,385.1,800.0,5,G
210058421523,3,M,2,0,1.0,0,Maricá,428.4,568.5,555.4,484.0,560.0,3,C
210058548397,3,F,3,0,1.0,0,Niterói,575.1,588.4,639.0,714.7,780.0,5,D
210060499794,3,F,1,0,1.0,0,Belford Roxo,539.5,537.4,512.2,462.2,880.0,4,B
210060932374,3,M,1,0,1.0,0,Niterói,541.7,593.7,546.7,645.5,460.0,3,E
210059983026,3,F,1,0,1.0,0,Niterói,626.4,373.4,481.2,700.2,920.0,2,K
210060446068,5,M,1,0,1.0,0,Duque de Caxias,659.8,632.6,624.0,771.0,680.0,3,C
210058109414,3,F,1,0,1.0,0,Nilópolis,617.1,628.9,660.7,662.0,820.0,3,J
210059166882,2,F,3,0,1.0,0,Duque de Caxias,400.3,490.6,455.5,568.4,560.0,3,B
210060694947,2,M,3,0,1.0,0,Niterói,591.5,560.8,540.8,521.1,600.0,3,D
210058379860,3,M,1,0,1.0,0,Niterói,615.9,669.6,613.6,730.1,880.0,3,E
210058096543,3,F,3,0,1.0,0,São João de Meriti,598.1,616.0,596.8,682.8,920.0,5,E
210061269616,3,F,2,0,1.0,0,Duque de Caxias,386.3,522.0,499.3,613.8,800.0,4,C
210058233943,3,M,3,0,1.0,0,Niterói,571.5,525.9,516.4,714.8,720.0,6,E
210059628239,3,M,2,0,1.0,0,São João de Meriti,577.4,630.9,585.5,598.9,820.0,4,J
210061348628,2,M,2,0,1.0,0,Duque de Caxias,436.3,461.3,444.2,366.7,600.0,3,G
210058098855,2,F,1,0,1.0,0,São João de Meriti,414.2,531.5,621.3,604.9,800.0,3,C
210058656370,3,F,3,0,1.0,0,Nova Iguaçu,604.2,618.8,604.2,558.1,980.0,4,B
210059983002,2,F,1,0,1.0,0,São João de Meriti,522.7,599.6,575.6,432.0,880.0,4,G
210058662899,3,M,1,0,1.0,0,São João de Meriti,492.5,530.9,494.7,591.0,620.0,6,L
210060766615,2,M,1,0,1.0,0,Niterói,536.1,491.7,623.0,641.8,800.0,7,O
210058380203,2,F,2,0,1.0,0,Duque de Caxias,502.1,608.7,554.6,552.1,880.0,2,E
210060489115,3,F,1,0,1.0,0,Niterói,593.1,647.5,639.5,789.0,940.0,4,G
210058849883,2,F,1,0,1.0,0,Niterói,536.6,635.7,497.1,713.2,920.0,3,Q
210058291666,3,F,1,0,1.0,0,Belford Roxo,467.2,531.4,466.5,366.1,600.0,4,C
210061544716,2,M,3,0,1.0,0,Maricá,612.1,636.3,579.1,715.2,520.0,5,H
210059631574,2,M,1,0,1.0,0,Niterói,659.0,643.8,638.4,836.9,780.0,4,Q
210061001692,3,M,3,0,1.0,0,Duque de Caxias,610.0,643.3,593.8,705.9,840.0,4,L
210060669716,4,F,1,0,1.0,0,Belford Roxo,410.2,353.2,435.7,350.5,440.0,5,H
210058677177,3,F,1,0,1.0,0,Duque de Caxias,523.2,295.1,550.7,384.4,880.0,3,A
210058753434,3,F,3,0,1.0,0,Belford Roxo,437.9,488.7,451.6,548.3,640.0,3,G
210058808677,4,M,2,0,1.0,0,Nova Iguaçu,503.7,466.5,462.1,462.8,600.0,4,G
210060378154,2,F,1,0,1.0,0,Maricá,534.6,619.0,584.2,603.0,840.0,3,B
210059846832,2,F,1,0,1.0,0,Belford Roxo,423.8,393.9,395.2,512.1,720.0,5,C
210058411661,2,M,1,0,1.0,0,Niterói,746.5,682.0,646.8,909.4,940.0,4,P
210058040607,3,M,2,0,1.0,0,Niterói,442.9,396.6,476.6,460.9,600.0,4,E
210058835195,3,M,2,0,1.0,0,Belford Roxo,568.6,536.0,525.0,428.9,600.0,2,C
210058206807,3,F,3,0,1.0,0,Niterói,488.5,339.4,486.7,415.3,600.0,4,C
210060411872,2,M,2,0,1.0,0,Niterói,643.1,614.4,616.9,736.2,920.0,4,H
210060893917,3,M,3,0,1.0,0,Duque de Caxias,481.2,504.2,530.1,381.0,320.0,2,B
210058373619,3,F,1,0,1.0,0,São João de Meriti,627.6,656.2,636.8,740.4,960.0,4,H
210059730845,2,F,1,0,1.0,0,Duque de Caxias,464.9,579.8,581.4,506.4,800.0,2,D
210060365267,3,F,2,0,1.0,0,Nova Iguaçu,493.7,525.2,540.0,465.6,540.0,4,A
210061348464,3,F,1,0,1.0,0,Niterói,522.1,628.1,565.4,514.3,940.0,4,K
210058677142,3,F,3,0,1.0,0,Nova Iguaçu,487.2,464.6,431.1,390.6,600.0,5,E
210058250002,2,F,1,0,1.0,0,São João de Meriti,527.9,579.0,528.1,688.4,640.0,4,C
210058271196,2,F,3,0,1.0,0,Nova Iguaçu,435.7,539.9,484.1,598.9,900.0,4,B
210060903509,3,M,1,0,1.0,0,Niterói,554.6,663.3,668.6,753.6,840.0,3,A
210058746840,3,F,3,0,1.0,0,Duque de Caxias,533.8,513.7,510.1,674.3,760.0,5,F
210058463325,3,F,1,0,1.0,0,Niterói,557.1,633.5,677.3,636.3,680.0,4,A
210058405594,3,F,1,0,1.0,0,Niterói,724.7,695.9,625.7,818.0,880.0,5,O
210060243583,3,F,1,0,1.0,0,Niterói,649.8,665.9,631.7,718.0,920.0,5,O
210058075880,1,M,3,0,1.0,0,Niterói,485.3,559.6,507.9,656.5,760.0,4,J
210058260720,2,M,1,0,1.0,0,Maricá,527.5,662.5,661.1,668.6,560.0,4,C
210060365335,3,F,1,0,1.0,0,São João de Meriti,647.7,639.3,624.6,766.4,980.0,3,K
210058677159,2,M,1,0,1.0,0,Maricá,419.0,563.9,517.1,450.9,720.0,3,D
210061199967,3,F,3,0,1.0,0,Duque de Caxias,497.6,539.2,458.3,540.4,480.0,4,F
210058901705,3,M,3,0,1.0,0,Duque de Caxias,597.6,594.4,560.4,627.0,720.0,3,B
210060098696,3,F,3,0,1.0,0,Nova Iguaçu,530.8,578.9,611.5,540.3,700.0,5,D
210058136432,4,F,1,0,1.0,0,Nova Iguaçu,370.2,494.6,474.2,381.3,520.0,4,B
210058249129,2,M,3,0,1.0,0,Niterói,688.2,582.6,590.2,853.4,780.0,4,G
210060660142,2,M,1,0,1.0,0,Niterói,570.8,658.0,615.1,797.4,880.0,4,N
210058473161,2,F,3,0,2.0,0,Belford Roxo,537.7,575.4,558.1,546.2,780.0,3,C
210060256068,2,F,1,0,1.0,0,São João de Meriti,535.5,550.7,608.3,723.3,720.0,6,G
210058355739,3,F,1,0,1.0,0,Niterói,612.3,658.2,627.9,699.6,940.0,4,Q
210059980325,2,M,3,0,1.0,0,São João de Meriti,514.1,565.5,543.8,665.7,680.0,4,H
210061565931,3,M,1,0,1.0,0,Maricá,393.4,603.2,542.7,689.3,580.0,3,E
210060215117,3,F,3,0,1.0,0,Niterói,588.6,609.6,624.3,707.9,940.0,3,G
210060868429,2,F,3,0,1.0,0,Maricá,510.3,528.7,480.4,552.3,860.0,4,H
210058110988,3,F,1,0,1.0,0,Niterói,614.4,602.0,619.7,702.6,800.0,2,P
210060924701,3,M,0,0,1.0,0,Belford Roxo,591.1,529.2,509.9,549.3,640.0,3,D
210058434853,2,M,3,0,1.0,0,Nova Iguaçu,426.4,374.1,405.4,483.1,500.0,3,A
210058737667,2,F,3,0,1.0,0,Nova Iguaçu,492.2,586.6,600.3,776.8,880.0,6,F
210058165224,2,F,2,0,1.0,0,Niterói,534.2,549.7,574.7,636.6,940.0,2,B
210058722201,4,M,1,0,1.0,0,Duque de Caxias,333.6,460.4,456.6,376.0,860.0,1,B
210058392916,3,F,1,0,1.0,0,Niterói,494.7,548.1,513.8,576.8,760.0,2,F
210061502720,3,F,3,0,1.0,0,Duque de Caxias,440.5,494.1,585.3,631.8,620.0,5,G
210060242739,2,F,1,0,1.0,0,Maricá,541.7,542.5,538.6,565.2,800.0,3,C
210058175600,2,M,3,0,1.0,0,Nova Iguaçu,474.4,544.2,550.4,497.6,520.0,4,B
210058457550,3,F,2,0,1.0,0,Niterói,508.9,526.2,501.6,557.9,900.0,2,K
210060440659,2,F,1,0,1.0,0,Belford Roxo,508.4,516.8,613.2,511.9,720.0,3,B
210059797748,2,F,1,0,1.0,0,Duque de Caxias,454.2,563.4,562.5,430.8,800.0,4,E
210060372762,3,M,1,0,1.0,0,Nova Iguaçu,646.0,662.7,599.1,775.6,880.0,4,Q
210061609599,3,M,1,0,1.0,0,São João de Meriti,662.3,705.0,603.6,741.8,900.0,4,I
210059646602,3,M,2,0,1.0,0,Nova Iguaçu,526.7,568.4,551.5,652.2,540.0,3,B
210059646586,3,M,1,0,1.0,0,Nilópolis,655.0,669.1,589.6,761.7,840.0,4,N
210060204493,3,F,3,0,1.0,0,Niterói,438.1,497.3,508.2,390.3,720.0,2,A
210058823926,4,F,3,0,1.0,0,Duque de Caxias,507.4,515.1,422.1,426.3,600.0,7,E
210058624346,3,F,3,0,1.0,0,Duque de Caxias,420.0,463.4,496.8,489.0,500.0,2,B
210058699467,3,M,3,0,1.0,0,Duque de Caxias,461.4,497.7,518.2,745.8,600.0,4,D
210060284805,2,F,3,0,1.0,0,Duque de Caxias,460.8,449.3,520.8,557.3,580.0,5,B
210060284793,3,M,2,0,1.0,0,São João de Meriti,333.5,392.5,424.0,366.0,300.0,4,E
210059874760,3,F,1,0,1.0,0,Duque de Caxias,454.4,355.4,441.1,363.2,640.0,2,B
210059874767,3,F,2,0,1.0,0,Duque de Caxias,502.0,455.4,524.9,455.8,440.0,7,F
210058695205,2,M,1,0,1.0,0,Niterói,582.5,589.2,630.9,753.2,740.0,3,I
210059777104,3,F,2,0,1.0,0,Belford Roxo,475.7,510.9,488.0,480.0,620.0,4,B
210061269578,3,M,2,0,1.0,0,Niterói,502.8,358.3,352.6,636.9,480.0,7,D
210059764108,2,F,3,0,1.0,0,Niterói,580.9,532.7,534.1,541.6,880.0,4,K
210061248397,3,F,2,0,1.0,0,Belford Roxo,399.4,416.1,383.8,381.5,480.0,2,D
210061279234,3,F,3,0,1.0,0,Nova Iguaçu,455.6,474.3,532.2,417.7,640.0,5,B
210060403003,2,F,2,0,1.0,0,Nova Iguaçu,572.1,634.6,560.1,721.8,840.0,4,L
210058328681,3,F,1,0,1.0,0,Nova Iguaçu,417.7,442.1,430.4,454.6,500.0,3,D
210058058626,2,M,3,0,1.0,0,Belford Roxo,472.6,467.8,593.3,474.7,600.0,4,B
210059700377,3,F,1,0,1.0,0,Nova Iguaçu,583.4,519.6,502.2,592.5,620.0,3,B
210058373811,2,F,1,0,1.0,0,Duque de Caxias,734.0,723.2,647.7,776.0,900.0,3,M
210058690401,3,M,2,0,1.0,0,Nova Iguaçu,611.3,633.1,626.8,689.7,820.0,2,B
210058301148,2,F,1,0,1.0,0,Maricá,399.6,499.9,484.8,460.5,480.0,2,E
210059874781,3,M,1,0,1.0,0,Niterói,607.0,646.3,626.0,716.6,720.0,3,Q
210058448066,3,F,1,0,1.0,0,Niterói,638.0,594.2,545.9,666.7,960.0,4,G
210059877878,3,M,2,0,1.0,0,São João de Meriti,460.0,555.2,499.9,524.7,560.0,3,D
210060913260,3,M,1,0,1.0,0,Niterói,577.4,612.8,568.8,780.3,820.0,4,J
210058328680,3,M,1,0,1.0,0,Nova Iguaçu,700.7,636.1,619.1,837.4,780.0,5,F
210061438980,3,M,1,0,1.0,0,Niterói,634.4,716.1,605.1,776.4,940.0,4,P
210058640303,3,M,3,0,1.0,0,Niterói,599.1,591.7,562.3,774.9,780.0,3,H
210058881138,2,M,3,0,1.0,0,Duque de Caxias,550.6,424.3,517.1,650.0,420.0,3,I
210058817336,4,F,3,0,1.0,0,Duque de Caxias,442.7,337.0,399.0,365.1,520.0,5,C
210060210423,2,F,1,0,1.0,0,Niterói,700.4,666.3,637.8,820.9,940.0,4,L
210058308960,2,M,1,0,1.0,0,Niterói,593.1,679.1,595.6,742.3,640.0,3,F
210058568957,3,M,2,0,1.0,0,São João de Meriti,493.3,467.4,541.6,481.2,720.0,4,B
210058854579,2,F,3,0,2.0,0,Nova Iguaçu,425.0,481.9,418.5,545.4,460.0,3,D
210060650655,2,M,3,0,1.0,0,Belford Roxo,567.0,546.9,510.7,429.9,760.0,4,B
210058688655,2,F,1,0,1.0,0,Niterói,498.1,547.2,520.7,609.6,800.0,5,E
210060677460,3,M,1,0,1.0,0,São João de Meriti,626.7,623.6,637.8,762.6,920.0,3,K
210058299646,3,M,2,0,1.0,0,Niterói,586.1,624.9,619.0,629.7,600.0,3,G
210060677456,3,F,1,0,1.0,0,Niterói,515.7,543.8,537.9,572.5,860.0,3,G
210058427492,3,F,1,0,1.0,0,Maricá,504.3,563.5,608.6,610.7,640.0,5,H
210059210581,5,M,3,0,1.0,0,Nova Iguaçu,583.4,612.4,556.0,554.0,760.0,4,B
210058446027,2,M,1,0,1.0,0,Niterói,562.5,575.5,552.3,708.7,620.0,4,Q
210058207805,3,M,3,0,1.0,0,São João de Meriti,426.3,314.8,443.4,530.3,460.0,5,D
210059983049,3,M,1,0,1.0,0,Duque de Caxias,492.8,411.7,430.2,492.1,320.0,4,J
210060364920,2,F,3,0,1.0,0,Nova Iguaçu,557.3,526.8,526.2,501.7,440.0,4,A
210061446906,2,F,1,0,1.0,0,São João de Meriti,525.1,576.5,501.1,423.1,920.0,2,E
210059339444,3,F,1,0,1.0,0,Nova Iguaçu,518.5,514.4,494.5,562.4,780.0,2,B
210058477313,3,F,3,0,1.0,0,Belford Roxo,459.9,455.7,544.1,531.7,600.0,4,B
210060320510,3,F,3,0,1.0,0,Duque de Caxias,517.2,537.4,589.0,576.2,740.0,2,F
210058169402,2,M,1,0,1.0,0,Niterói,605.4,622.7,596.8,726.9,880.0,4,J
210061427569,3,F,3,0,1.0,0,Nova Iguaçu,504.9,504.0,509.0,484.5,680.0,2,B
210060374647,2,M,3,0,1.0,0,Duque de Caxias,407.4,467.9,503.3,565.7,500.0,3,C
210059877443,3,M,1,0,1.0,0,Maricá,508.7,538.2,525.2,583.8,800.0,4,E
210060333453,3,F,1,0,1.0,0,Niterói,592.7,610.2,634.6,699.4,900.0,3,E
210058386365,3,M,1,0,1.0,0,Nova Iguaçu,512.9,573.7,505.4,633.5,500.0,3,F
210059890364,4,M,3,0,1.0,0,São João de Meriti,341.1,385.4,372.7,419.1,400.0,3,G
210058294654,3,M,3,0,1.0,0,Nova Iguaçu,489.8,555.4,545.1,594.0,400.0,3,M
210060318376,2,F,1,0,1.0,0,Niterói,598.6,618.0,607.0,668.4,760.0,2,E
210061435203,3,F,1,0,1.0,0,Duque de Caxias,558.9,560.3,508.3,422.2,700.0,3,F
210058830269,2,F,2,0,1.0,0,Maricá,573.1,551.0,515.9,539.6,640.0,3,M
210060917055,2,F,3,0,1.0,0,Nova Iguaçu,547.4,600.0,621.7,570.9,700.0,3,B
210060109446,3,M,3,0,1.0,0,Belford Roxo,444.5,382.3,495.4,488.6,480.0,4,B
210058073530,2,F,1,0,1.0,0,Belford Roxo,509.2,485.8,469.0,458.5,360.0,6,B
210061348667,2,F,1,0,1.0,0,Niterói,757.3,715.8,657.6,879.3,980.0,3,D
210060330143,2,M,1,0,1.0,0,São João de Meriti,506.4,555.2,567.3,584.8,900.0,4,D
210060374679,2,F,3,0,1.0,0,Maricá,502.4,572.7,574.6,403.6,620.0,4,C
210058334939,2,M,1,0,1.0,0,Niterói,346.3,412.5,533.4,603.8,720.0,5,K
210060331787,3,M,1,0,1.0,0,Niterói,533.2,592.4,601.9,571.5,740.0,3,G
210059774658,3,M,1,0,1.0,0,Niterói,518.5,527.0,552.6,603.6,720.0,2,G
210058808408,3,F,1,0,1.0,0,Nova Iguaçu,540.4,513.2,542.1,465.3,840.0,3,K
210058038653,3,F,1,0,1.0,0,São João de Meriti,572.3,641.5,651.0,649.1,940.0,2,D
210060016388,3,F,2,0,1.0,0,São João de Meriti,430.8,366.5,403.1,390.5,640.0,3,B
210058430876,3,F,1,0,1.0,0,Niterói,570.4,619.8,590.2,641.4,920.0,5,H
210058237824,2,F,1,0,1.0,0,Nova Iguaçu,501.5,525.6,524.8,589.3,820.0,5,C
210058477292,3,M,3,0,1.0,0,Nova Iguaçu,459.3,553.8,562.1,437.1,320.0,4,C
210059898270,2,M,1,0,1.0,0,Maricá,412.9,373.8,472.6,495.7,320.0,2,A
210060307531,3,F,0,0,1.0,0,Duque de Caxias,567.3,607.0,574.2,611.9,800.0,3,I
210061267246,2,M,3,0,1.0,0,Nova Iguaçu,506.2,448.6,489.0,410.4,680.0,3,C
210059695089,4,M,2,0,1.0,0,Niterói,377.5,456.4,494.9,373.9,480.0,5,C
210058887025,3,F,3,0,1.0,0,Duque de Caxias,606.7,651.3,640.7,738.9,940.0,5,G
210058062118,3,M,1,0,1.0,0,Nova Iguaçu,565.2,576.4,503.2,503.9,760.0,4,E
210058701877,3,F,1,0,1.0,0,Duque de Caxias,556.1,618.0,600.6,423.5,840.0,2,B
210058510628,4,F,1,0,1.0,0,Nova Iguaçu,401.6,493.9,491.9,509.4,680.0,2,B
210061267704,3,M,3,0,1.0,0,São João de Meriti,416.2,509.5,481.0,551.5,520.0,3,F
210061612332,3,M,1,0,1.0,0,Belford Roxo,461.3,637.5,626.2,603.7,660.0,4,C
210058328720,3,M,2,0,1.0,0,Nova Iguaçu,587.5,755.7,649.9,672.0,640.0,2,D
210058049000,3,M,1,0,1.0,0,Niterói,634.2,542.4,624.8,516.2,820.0,5,Q
210058216730,2,F,1,0,1.0,0,Nova Iguaçu,478.4,496.4,563.0,457.4,720.0,5,B
210058488787,2,M,3,0,1.0,0,Duque de Caxias,522.8,572.3,543.3,429.4,620.0,3,B
210061269029,4,M,1,0,1.0,0,São João de Meriti,490.7,483.5,504.7,575.5,580.0,5,E
210058054849,3,F,1,0,1.0,0,Nova Iguaçu,527.3,512.9,552.3,580.6,340.0,4,B
210061348700,3,F,1,0,1.0,0,São João de Meriti,660.6,621.5,626.7,800.0,660.0,5,E
210058349650,2,F,1,0,1.0,0,Nova Iguaçu,461.0,469.3,541.0,423.6,760.0,5,B
210061141900,3,F,3,0,1.0,0,São João de Meriti,462.8,532.3,534.3,450.1,640.0,3,B
210058433180,2,F,3,0,1.0,0,Niterói,556.5,562.0,531.6,550.0,700.0,4,C
210058349614,2,M,1,0,1.0,0,Nova Iguaçu,464.6,502.7,515.3,387.0,480.0,3,C
210058383217,3,F,3,0,1.0,0,Nova Iguaçu,450.6,365.5,414.8,407.9,400.0,3,B
210058479341,2,F,1,0,1.0,0,Niterói,614.5,659.9,687.6,776.9,940.0,2,O
210058092807,3,M,3,0,1.0,0,Duque de Caxias,465.1,502.0,506.6,547.4,320.0,5,B
210058579033,2,F,1,0,1.0,0,Niterói,478.1,604.8,618.3,665.1,960.0,3,J
210058464392,2,F,3,0,1.0,0,Duque de Caxias,392.5,450.3,424.3,387.8,380.0,4,A
210058383245,1,F,1,0,1.0,0,São João de Meriti,568.6,580.5,557.7,627.4,860.0,4,F
210060619715,2,M,1,0,1.0,0,Niterói,353.2,564.4,500.7,655.8,780.0,4,F
210060385815,3,F,1,0,1.0,0,Nova Iguaçu,556.0,572.0,565.9,642.6,940.0,3,D
210060370478,2,F,1,0,1.0,0,Nova Iguaçu,535.2,546.9,550.1,521.1,560.0,3,C
210058359569,2,F,1,0,1.0,0,Nova Iguaçu,332.4,545.6,571.6,407.9,480.0,4,B
210058086829,3,F,3,0,1.0,0,Duque de Caxias,349.0,357.2,341.7,406.5,340.0,5,B
210058555153,2,F,1,0,1.0,0,Nilópolis,564.2,595.9,553.9,474.4,840.0,4,H
210059715241,2,F,3,0,1.0,0,Duque de Caxias,556.2,635.1,599.7,536.2,780.0,3,C
210059022685,3,F,3,0,1.0,0,Nova Iguaçu,432.7,316.8,403.9,425.4,580.0,2,B
210060085922,2,M,3,0,1.0,0,Nova Iguaçu,651.0,718.2,628.8,754.5,560.0,2,H
210060965315,3,F,2,0,1.0,0,Duque de Caxias,490.3,659.0,622.1,686.0,800.0,5,C
210061356035,4,M,1,0,1.0,0,Duque de Caxias,475.7,537.0,485.8,485.9,520.0,4,C
210059125456,4,F,3,0,1.0,0,Duque de Caxias,441.7,398.6,446.7,335.6,400.0,4,F
210060770175,2,M,3,0,1.0,0,São João de Meriti,542.0,456.7,529.2,652.4,320.0,3,H
210059656186,3,M,1,0,1.0,0,Niterói,461.8,509.8,479.6,603.6,640.0,3,C
210058452103,4,M,1,0,1.0,0,Duque de Caxias,597.2,526.7,465.7,643.2,880.0,4,K
210058566430,2,M,3,0,1.0,0,São João de Meriti,539.4,562.2,589.1,574.6,760.0,2,B
210058081011,2,M,1,0,1.0,0,Maricá,496.1,530.2,553.7,520.9,520.0,3,D
210059125457,3,M,1,0,1.0,0,Nova Iguaçu,604.1,618.7,604.4,627.8,660.0,2,B
210060504565,3,F,1,0,1.0,0,Niterói,593.9,665.0,633.4,720.6,940.0,3,O
210061356011,2,F,2,0,1.0,0,Maricá,476.2,562.6,476.9,452.5,820.0,3,C
210061132161,3,F,1,0,1.0,0,Nova Iguaçu,427.2,492.3,526.0,433.7,760.0,3,C
210058483236,3,F,2,0,1.0,0,Niterói,655.6,653.4,629.4,715.8,920.0,2,O
210059630758,3,M,1,0,1.0,0,Niterói,451.1,550.4,546.1,570.6,880.0,4,P
210061359724,3,F,2,0,1.0,0,São João de Meriti,638.4,647.1,628.6,715.5,940.0,3,C
210060781993,3,F,3,0,1.0,0,Nova Iguaçu,490.8,502.4,485.1,683.5,640.0,3,B
210058295735,3,F,1,0,1.0,0,Niterói,510.7,596.0,562.3,679.1,920.0,3,Q
210059702380,4,F,1,0,1.0,0,Niterói,376.8,430.1,433.2,401.9,380.0,5,A
210061065091,3,F,3,0,1.0,0,Duque de Caxias,544.7,615.6,569.9,664.6,640.0,3,D
210058433590,3,F,1,0,1.0,0,Niterói,595.9,646.3,616.3,646.7,880.0,3,E
210058713287,2,F,3,0,1.0,0,Nova Iguaçu,432.6,523.1,517.1,395.2,600.0,3,B
210059702387,3,M,3,0,1.0,0,Nova Iguaçu,577.0,560.1,540.2,606.8,600.0,5,E
210058704234,5,F,1,0,1.0,0,Nova Iguaçu,612.1,609.8,622.3,732.2,920.0,3,C
210060779730,1,F,3,0,1.0,0,Duque de Caxias,501.4,544.3,504.7,558.0,400.0,4,C
210059630739,2,F,1,0,1.0,0,Nova Iguaçu,662.4,704.0,683.6,734.4,840.0,5,K
210058338990,2,M,3,0,1.0,0,Maricá,497.9,590.1,542.7,629.3,640.0,3,F
210060332679,2,M,1,0,1.0,0,São João de Meriti,601.9,595.6,574.1,691.0,540.0,3,B
210058311357,3,M,3,0,1.0,0,Belford Roxo,518.9,632.3,584.9,708.8,620.0,8,E
210058816034,3,F,1,0,1.0,0,Niterói,592.6,641.4,616.4,734.2,920.0,3,P
210058339816,2,F,1,0,1.0,0,São João de Meriti,605.7,675.3,616.5,699.1,880.0,4,G
210058104401,3,F,2,0,1.0,0,Nova Iguaçu,527.6,638.4,624.7,473.7,780.0,4,C
210058822682,2,F,1,0,1.0,0,Niterói,478.3,511.8,515.3,410.7,480.0,2,C
210060353853,2,F,1,0,1.0,0,Niterói,597.8,638.9,610.3,750.0,880.0,4,P
210058264792,3,M,1,0,1.0,0,Niterói,529.2,633.7,641.5,596.9,900.0,5,O
210058343669,3,F,2,0,1.0,0,Nilópolis,551.2,601.4,581.5,715.2,880.0,3,J
210058080026,2,M,3,0,1.0,0,Nova Iguaçu,502.4,474.4,492.6,545.8,520.0,3,D
210060367097,3,M,1,0,1.0,0,Niterói,612.9,633.6,619.4,663.1,880.0,5,Q
210060878323,4,F,1,0,1.0,0,Maricá,435.2,467.2,501.2,531.3,660.0,2,C
210058159811,3,F,3,0,1.0,0,Duque de Caxias,548.9,638.1,576.9,704.8,880.0,3,F
210060463918,3,F,3,0,1.0,0,Niterói,444.7,399.7,500.3,476.6,800.0,2,B
210060178622,3,F,1,0,1.0,0,Belford Roxo,581.5,559.1,532.0,661.2,760.0,5,E
210059730943,2,M,1,0,1.0,0,São João de Meriti,604.8,556.0,560.8,685.0,900.0,3,D
210060225488,3,F,0,0,1.0,0,Duque de Caxias,570.2,634.3,632.5,731.1,900.0,4,F
210058869743,2,F,3,0,1.0,0,Duque de Caxias,399.9,416.2,472.0,349.6,600.0,5,B
210060479142,3,F,1,0,1.0,0,Niterói,537.5,542.0,529.5,406.8,640.0,4,F
210061290307,3,F,2,0,1.0,0,Nilópolis,564.1,577.2,590.1,595.6,620.0,5,C
210059749268,2,F,3,0,1.0,0,Nova Iguaçu,581.4,590.0,578.3,684.6,940.0,2,D
210058226672,3,M,1,0,1.0,0,Nilópolis,584.2,660.9,570.1,686.1,680.0,3,F
210060111839,2,M,1,0,1.0,0,Niterói,611.8,584.6,620.3,720.7,760.0,3,L
210058169433,3,F,1,0,1.0,0,Nova Iguaçu,642.8,688.0,659.6,727.0,840.0,4,F
210058165009,3,F,3,0,1.0,0,Nova Iguaçu,521.2,525.0,416.4,455.1,580.0,3,B
210060545537,4,F,1,0,1.0,0,Nova Iguaçu,370.9,539.4,508.1,429.6,820.0,4,C
210061503475,2,M,1,0,1.0,0,Duque de Caxias,559.4,547.4,621.3,607.9,760.0,3,F
210060534770,3,F,1,0,1.0,0,Maricá,576.2,598.3,624.1,614.6,720.0,2,G
210058038771,2,F,1,0,1.0,0,Nova Iguaçu,499.9,518.5,551.2,531.2,520.0,3,E
210060096536,3,M,2,0,1.0,0,Duque de Caxias,449.7,500.8,437.0,417.0,740.0,4,B
210058284932,3,F,2,0,1.0,0,Duque de Caxias,494.0,625.2,503.0,457.5,920.0,4,B
210060307575,2,F,1,0,1.0,0,Maricá,518.2,537.6,475.2,634.1,700.0,5,B
210058572896,3,F,1,0,1.0,0,Niterói,548.6,594.9,586.3,738.3,940.0,3,L
210060847356,3,M,3,0,2.0,0,Nova Iguaçu,445.1,387.8,482.7,384.4,300.0,4,B
210058069266,4,F,3,0,1.0,0,Nova Iguaçu,435.3,360.1,312.7,400.2,500.0,4,B
210060937783,3,F,1,0,1.0,0,Maricá,578.0,584.1,609.9,403.4,620.0,3,D
210058490996,3,F,2,0,1.0,0,Duque de Caxias,428.2,337.1,499.1,499.8,520.0,4,E
210059892835,2,F,3,0,1.0,0,Belford Roxo,395.7,456.5,502.4,487.3,600.0,3,D
210061446963,3,F,2,0,1.0,0,Nova Iguaçu,422.4,475.5,468.8,448.9,360.0,4,E
210058239697,2,M,3,0,1.0,0,Niterói,422.8,459.5,474.7,377.4,400.0,5,D
210061247863,3,M,3,0,1.0,0,São João de Meriti,533.3,594.0,572.6,648.9,800.0,5,C
210058080924,3,M,3,0,1.0,0,Duque de Caxias,485.1,439.4,533.1,514.6,500.0,4,C
210058637092,2,M,3,0,1.0,0,Duque de Caxias,589.4,653.1,612.8,690.3,940.0,3,M
210059648831,2,M,2,0,1.0,0,Duque de Caxias,590.8,483.2,511.3,464.3,480.0,2,H
210058348423,2,F,3,0,1.0,0,Niterói,605.6,570.2,603.4,685.4,940.0,4,Q
210061200006,2,F,3,0,1.0,0,Niterói,480.1,628.4,603.6,600.4,800.0,4,H
210060202384,2,F,1,0,1.0,0,Niterói,612.8,674.2,675.6,858.4,960.0,4,L
210058862597,2,M,3,0,1.0,0,Nova Iguaçu,504.8,562.9,512.6,596.8,540.0,3,J
210058368610,2,M,1,0,1.0,0,São João de Meriti,467.3,409.2,508.5,406.3,540.0,4,E
210060990134,3,M,2,0,1.0,0,Duque de Caxias,603.4,622.3,574.3,619.0,640.0,3,D
210058483743,3,M,3,0,1.0,0,Duque de Caxias,522.5,475.2,545.7,504.5,340.0,2,B
210061600868,2,M,1,0,1.0,0,Maricá,491.8,467.8,338.6,668.1,660.0,5,E
210059115243,4,M,1,0,1.0,0,Niterói,478.2,423.7,486.0,399.7,600.0,5,G
210058255629,2,M,3,0,1.0,0,Nilópolis,483.9,521.9,599.8,682.7,480.0,7,E
210058350935,3,M,1,0,1.0,0,Niterói,731.0,720.6,662.3,853.8,940.0,3,G
210058348414,3,F,2,0,1.0,0,Maricá,513.1,556.8,477.4,406.7,600.0,3,E
210058444710,2,M,3,0,1.0,0,Duque de Caxias,488.2,607.4,527.3,487.0,580.0,3,C
210060098927,4,M,2,0,1.0,0,Duque de Caxias,472.5,535.3,496.4,474.3,580.0,2,C
210059658632,2,F,1,0,1.0,0,Nova Iguaçu,572.3,599.2,558.2,556.3,680.0,4,G
210060085969,2,F,3,0,1.0,0,Niterói,642.2,644.9,600.0,711.9,940.0,2,O
210058444730,2,F,3,0,1.0,0,Duque de Caxias,537.9,547.3,501.7,493.5,620.0,3,F
210060202399,2,F,3,0,1.0,0,Duque de Caxias,511.7,501.9,528.6,481.1,400.0,4,B
210058125471,3,M,1,0,1.0,0,São João de Meriti,486.6,608.2,593.4,588.3,520.0,3,F
210061490613,2,M,3,0,1.0,0,Belford Roxo,498.2,528.3,470.3,560.7,560.0,3,E
210059290156,3,M,1,0,1.0,0,Niterói,502.5,514.6,554.3,540.6,800.0,4,L
210058855816,3,M,1,0,1.0,0,Nova Iguaçu,470.8,612.5,597.5,685.4,580.0,4,G
210059823778,4,F,1,0,1.0,0,Nilópolis,468.4,527.8,509.6,519.9,340.0,3,E
210061490619,3,M,1,0,1.0,0,Niterói,691.0,674.4,583.0,863.1,960.0,3,F
210060568385,2,F,3,0,1.0,0,Nova Iguaçu,497.0,321.2,360.4,403.9,560.0,4,E
210058125442,2,F,1,0,1.0,0,Duque de Caxias,501.9,542.0,560.9,668.5,720.0,5,C
210058520022,3,F,3,0,1.0,0,Nova Iguaçu,545.3,570.9,547.9,517.2,580.0,3,C
210060440622,3,M,2,0,1.0,0,Niterói,492.6,508.8,580.1,561.7,820.0,3,C
210058393046,2,F,1,0,1.0,0,Nova Iguaçu,505.5,567.6,557.0,618.3,800.0,4,G
210060238290,2,M,1,0,1.0,0,Niterói,484.3,583.5,545.7,726.9,960.0,3,P
210058678885,3,M,3,0,1.0,0,Duque de Caxias,645.6,613.0,616.1,742.3,660.0,4,I
210058086575,3,M,2,0,1.0,0,Nova Iguaçu,468.1,468.1,531.7,517.7,920.0,3,D
210060351358,3,M,1,0,1.0,0,Niterói,619.6,638.7,498.8,714.4,880.0,4,O
210058791954,2,F,1,0,1.0,0,Nova Iguaçu,595.8,624.0,656.3,749.5,860.0,4,H
210059761800,3,M,1,0,1.0,0,Maricá,501.5,415.1,572.0,569.9,660.0,4,B
210061286776,2,M,2,0,1.0,0,Belford Roxo,543.4,511.3,568.1,544.5,580.0,3,C
210060238283,2,M,3,0,1.0,0,Duque de Caxias,454.2,377.6,483.5,490.5,480.0,4,B
210060876301,2,M,2,0,1.0,0,São João de Meriti,557.8,556.0,505.9,606.3,520.0,3,E
210059643291,4,F,3,0,1.0,0,São João de Meriti,563.2,637.7,579.5,650.8,760.0,4,C
210060215155,4,F,3,0,1.0,0,Nilópolis,504.9,508.2,432.6,748.9,940.0,4,J
210060186258,3,F,3,0,1.0,0,Nova Iguaçu,550.7,503.6,556.2,525.7,700.0,3,B
210059810868,3,M,3,0,1.0,0,Duque de Caxias,557.5,574.7,488.5,620.7,720.0,4,C
210058125429,2,F,3,0,1.0,0,Nova Iguaçu,446.0,473.2,458.3,440.1,540.0,3,C
210058315232,3,M,2,0,1.0,0,Nova Iguaçu,565.3,568.2,537.9,556.9,740.0,3,G
210058169457,3,M,1,0,1.0,0,Niterói,541.1,572.7,545.1,483.4,760.0,4,O
210061120855,2,M,3,0,1.0,0,São João de Meriti,633.2,653.4,596.3,779.7,720.0,4,C
210059187305,2,F,3,0,1.0,0,Duque de Caxias,408.3,432.9,467.3,429.3,460.0,4,D
210060971049,3,F,3,0,1.0,0,Niterói,632.5,659.0,550.1,699.0,940.0,3,I
210061571475,2,M,3,0,1.0,0,Duque de Caxias,526.4,649.1,592.5,615.6,520.0,3,C
210060824487,3,M,1,0,1.0,0,Niterói,582.0,513.4,511.4,658.4,760.0,4,I
210058508162,3,F,3,0,1.0,0,Niterói,449.4,596.9,607.1,476.2,720.0,4,F
210058178724,3,F,2,0,1.0,0,Duque de Caxias,469.8,485.3,461.8,376.7,620.0,4,A
210060866696,2,F,1,0,1.0,0,São João de Meriti,500.6,531.5,446.1,556.9,760.0,4,D
210060006484,2,F,3,0,1.0,0,Duque de Caxias,410.0,565.0,578.6,497.5,600.0,4,B
210061244027,3,F,1,0,1.0,0,Niterói,602.0,597.8,609.5,741.1,700.0,3,G
210060546093,3,F,5,0,1.0,0,Niterói,436.2,440.7,404.3,356.8,380.0,2,B
210060210497,2,M,1,0,1.0,0,Nova Iguaçu,483.8,412.1,490.3,479.3,380.0,4,G
210060259046,4,M,3,0,1.0,0,Nova Iguaçu,478.4,536.1,529.3,605.0,520.0,2,D
210058353711,2,F,1,0,1.0,0,Duque de Caxias,467.0,445.7,521.8,682.0,620.0,2,B
210061060986,3,F,1,0,1.0,0,Niterói,405.4,454.8,469.7,452.9,680.0,3,I
210059905792,2,F,1,0,1.0,0,Niterói,700.3,645.8,646.1,857.1,960.0,2,K
210059661609,2,F,3,0,1.0,0,Nova Iguaçu,428.7,491.1,514.3,426.6,680.0,3,C
210060346345,2,F,2,0,2.0,0,Belford Roxo,422.9,518.4,564.9,349.6,560.0,4,B
210058196524,2,M,3,0,1.0,0,Duque de Caxias,555.5,600.3,573.1,597.6,680.0,3,F
210059939554,2,F,3,0,1.0,0,Duque de Caxias,570.8,573.9,570.2,648.5,800.0,6,F
210061319659,2,F,2,0,1.0,0,São João de Meriti,521.0,462.4,569.2,520.3,840.0,3,G
210058710790,3,F,1,0,1.0,0,Niterói,657.4,657.3,637.7,787.4,940.0,2,E
210058336790,3,F,3,0,1.0,0,Nilópolis,488.6,440.3,412.5,468.8,760.0,5,C
210058411542,2,M,1,0,1.0,0,Niterói,570.9,615.7,558.6,695.6,900.0,3,F
210059592830,3,M,1,0,1.0,0,Niterói,670.7,601.4,603.4,802.0,740.0,4,O
210058473484,2,F,3,0,1.0,0,Nilópolis,547.9,580.1,607.8,643.3,840.0,4,D
210058350950,3,F,1,0,1.0,0,Niterói,600.1,650.0,658.6,737.3,920.0,2,F
210059022811,2,M,2,0,1.0,0,Duque de Caxias,512.3,626.6,523.4,686.4,780.0,6,G
210058479030,3,F,1,0,1.0,0,Nilópolis,508.6,561.2,470.7,566.1,800.0,3,H
210058500822,3,M,3,0,1.0,0,Maricá,516.3,608.8,629.6,650.3,840.0,4,H
210060650281,2,M,1,0,1.0,0,Duque de Caxias,626.4,617.0,628.5,759.7,860.0,4,H
210058076388,3,F,1,0,1.0,0,Belford Roxo,395.3,482.1,446.5,373.3,500.0,2,A
210060344439,4,M,1,0,1.0,0,Nilópolis,402.1,483.9,458.3,493.4,760.0,3,G
210060109412,3,F,1,0,1.0,0,Niterói,483.7,577.2,580.1,717.8,960.0,2,I
210060476227,3,M,2,0,1.0,0,Niterói,531.6,627.6,554.0,669.7,620.0,5,E
210061298260,2,M,2,0,1.0,0,Nova Iguaçu,453.1,470.7,456.5,513.5,520.0,5,D
210061449029,4,F,3,0,1.0,0,Nova Iguaçu,509.9,324.4,443.4,419.7,280.0,2,A
210058325271,2,F,1,0,1.0,0,Belford Roxo,438.9,584.8,512.0,547.3,520.0,3,D
210058381487,3,M,1,0,1.0,0,Nova Iguaçu,584.5,554.4,559.8,615.0,800.0,4,G
210058066068,2,F,3,0,1.0,0,Nova Iguaçu,393.3,489.8,474.9,512.4,580.0,3,B
210060984614,3,F,1,0,1.0,0,São João de Meriti,552.3,562.2,551.5,570.2,760.0,3,D
210058060144,2,F,1,0,1.0,0,Nova Iguaçu,590.3,623.2,580.8,692.4,780.0,5,M
210061365851,3,F,2,0,1.0,0,Duque de Caxias,562.4,603.5,548.5,638.5,940.0,2,B
210058687810,3,F,1,0,1.0,0,São João de Meriti,472.4,589.0,558.1,630.8,800.0,3,G
210061581492,3,F,1,0,1.0,0,Nilópolis,513.9,585.3,630.6,712.0,820.0,3,C
210058276114,3,F,1,0,1.0,0,Nilópolis,536.9,618.9,588.5,521.7,880.0,4,I
210058438377,4,M,3,0,1.0,0,Duque de Caxias,484.6,501.7,518.4,455.3,340.0,4,C
210059037850,2,F,3,0,1.0,0,Niterói,544.5,593.5,479.5,563.9,860.0,3,E
210058148687,3,F,3,0,1.0,0,São João de Meriti,481.6,596.4,543.4,677.6,540.0,6,C
210058843780,3,F,1,0,1.0,0,Niterói,541.0,642.3,605.8,546.5,900.0,3,P
210061535773,2,F,2,0,1.0,0,Duque de Caxias,396.7,476.3,502.7,343.5,560.0,3,B
210060292810,3,F,3,0,1.0,0,Nilópolis,377.9,467.9,502.3,558.0,420.0,2,C
210058234732,2,F,1,0,1.0,0,Belford Roxo,503.6,573.1,590.6,531.8,680.0,3,D
210058276094,2,F,1,0,1.0,0,São João de Meriti,622.8,543.6,560.8,584.9,980.0,3,C
210058515324,3,M,3,0,1.0,0,Maricá,449.6,465.5,438.4,430.2,340.0,4,J
210058235693,2,F,2,0,1.0,0,Duque de Caxias,487.9,563.0,601.2,554.2,880.0,3,G
210061142251,3,M,1,0,1.0,0,Maricá,561.8,514.0,523.2,515.6,700.0,2,G
210060287124,3,M,1,0,1.0,0,Niterói,601.3,644.0,631.8,735.7,920.0,4,O
210059594987,2,M,4,0,1.0,0,Maricá,489.3,491.9,515.4,480.4,400.0,2,E
210059861954,3,M,1,0,1.0,0,Niterói,617.9,633.8,665.1,764.5,920.0,6,F
210061163364,3,M,1,0,1.0,0,Nova Iguaçu,500.4,517.9,529.8,492.7,500.0,3,C
210058459362,2,F,1,0,1.0,0,Maricá,411.0,532.3,418.9,424.5,700.0,4,C
210058164345,3,M,1,0,1.0,0,Niterói,781.0,741.8,636.7,859.2,960.0,3,Q
210058663180,2,F,3,0,1.0,0,Nova Iguaçu,515.8,593.9,545.1,616.3,640.0,2,B
210058060129,4,F,1,0,1.0,0,Nilópolis,580.9,612.2,596.4,620.6,460.0,4,H
210061599412,3,F,3,0,1.0,0,Niterói,615.8,633.6,463.1,737.0,860.0,3,E
210058454702,2,M,2,0,1.0,0,São João de Meriti,538.3,460.2,545.7,701.2,560.0,3,G
210059241525,3,M,3,0,1.0,0,Niterói,558.7,608.4,619.9,672.7,640.0,3,E
210061379323,3,F,1,0,1.0,0,Niterói,533.2,656.6,582.1,647.1,940.0,4,K
210061585702,3,M,3,0,1.0,0,Maricá,449.3,532.3,502.0,438.4,480.0,2,C
210058128059,3,M,3,0,1.0,0,Maricá,363.3,408.1,330.4,381.8,620.0,4,F
210059879950,2,M,1,0,1.0,0,Duque de Caxias,434.4,536.3,533.2,487.2,440.0,3,E
210058413941,3,F,1,0,1.0,0,Niterói,547.3,574.9,469.7,694.6,880.0,3,L
210061535732,4,F,2,0,1.0,0,Belford Roxo,427.8,427.3,490.7,377.3,420.0,2,B
210061230942,3,M,2,0,1.0,0,Niterói,578.9,605.5,599.7,615.2,900.0,4,J
210060727433,2,M,1,0,1.0,0,Niterói,676.3,683.9,630.2,767.2,840.0,3,J
210058251071,2,F,1,0,1.0,0,Niterói,671.1,664.6,627.5,749.3,900.0,3,K
210060727434,2,M,2,0,1.0,0,Maricá,583.2,600.9,594.8,718.6,620.0,4,M
210058674623,3,M,1,0,1.0,0,Nova Iguaçu,571.8,504.3,494.2,645.3,900.0,3,H
210058838509,2,F,1,0,1.0,0,Niterói,494.7,571.0,537.1,616.7,940.0,4,Q
210058834696,2,M,3,0,2.0,0,Maricá,546.0,597.9,539.4,457.4,360.0,5,C
210058413938,5,M,3,0,1.0,0,Niterói,475.0,509.2,495.6,545.9,520.0,4,D
210058096300,3,F,3,0,1.0,0,São João de Meriti,511.5,517.9,520.8,563.4,740.0,6,B
210058199760,3,F,2,0,1.0,0,Nova Iguaçu,520.8,295.4,499.3,390.1,940.0,3,D
210061047266,3,F,1,0,1.0,0,Niterói,441.7,484.3,457.6,469.5,560.0,4,D
210060238049,2,F,1,0,1.0,0,Nilópolis,496.9,399.7,509.7,425.4,400.0,4,B
210060337115,4,F,2,0,1.0,0,São João de Meriti,484.8,441.8,487.7,458.7,520.0,3,A
210060084302,3,F,1,0,1.0,0,Nova Iguaçu,378.5,530.3,533.6,513.4,360.0,2,B
210058223262,2,M,1,0,2.0,0,Maricá,474.9,617.4,528.4,536.1,560.0,5,C
210058151566,3,F,3,0,1.0,0,Nova Iguaçu,541.7,489.8,503.7,506.4,620.0,3,E
210059213142,2,F,1,0,1.0,0,Nilópolis,576.5,670.6,576.7,763.6,820.0,3,I
210058116967,3,M,1,0,1.0,0,Niterói,556.3,631.3,602.7,651.0,760.0,4,P
210060238020,2,F,1,0,1.0,0,Nova Iguaçu,552.4,639.8,619.9,577.6,680.0,2,B
210059264513,5,F,1,0,1.0,0,São João de Meriti,456.4,549.8,511.6,462.6,420.0,4,C
210059929426,3,M,1,0,1.0,0,Niterói,617.2,660.0,567.8,700.9,700.0,4,F
210060947597,2,F,3,0,1.0,0,Duque de Caxias,585.5,675.1,628.7,742.0,800.0,4,C
210058151544,2,F,1,0,1.0,0,Niterói,537.4,577.2,619.9,713.9,800.0,3,F
210058705859,3,M,1,0,1.0,0,Niterói,661.2,710.1,627.9,772.0,940.0,4,O
210058794629,4,M,1,0,1.0,0,Niterói,534.3,586.1,549.6,494.7,780.0,2,B
210059630400,2,F,3,0,1.0,0,Nova Iguaçu,573.1,585.9,557.0,406.5,720.0,3,B
210058798592,3,M,1,0,1.0,0,Niterói,728.9,741.0,652.4,898.2,940.0,3,O
210059991013,2,M,1,0,1.0,0,Niterói,699.4,672.0,612.9,859.0,880.0,4,F
210058798594,3,M,3,0,1.0,0,Niterói,442.9,526.4,502.4,659.5,820.0,4,P
210058266599,2,F,1,0,1.0,0,Niterói,623.6,658.6,591.1,729.5,940.0,4,G
210060760806,6,M,2,0,1.0,0,Niterói,521.4,516.6,530.2,518.5,340.0,1,B
210061220790,3,F,5,0,1.0,0,Duque de Caxias,609.0,609.0,597.4,593.2,900.0,2,G
210058535643,3,F,3,0,1.0,0,Niterói,503.8,651.4,635.4,612.7,640.0,3,D
210058289856,3,F,1,0,1.0,0,Maricá,530.7,552.8,577.6,622.4,880.0,5,G
210060444422,3,F,1,0,1.0,0,Nova Iguaçu,444.1,560.0,512.3,615.1,500.0,3,C
210060582517,3,F,1,0,1.0,0,São João de Meriti,522.3,594.6,559.6,463.7,760.0,4,N
210058102496,3,M,1,0,1.0,0,Niterói,469.3,341.6,509.0,382.7,600.0,2,H
210058100167,3,F,3,0,1.0,0,Duque de Caxias,595.6,591.9,630.4,728.4,760.0,4,G
210058299722,2,F,1,0,1.0,0,Duque de Caxias,627.7,658.3,632.5,600.9,740.0,3,D
210061209826,3,F,3,0,1.0,0,Nova Iguaçu,584.4,495.2,529.4,592.6,660.0,3,B
210060242902,2,M,1,0,1.0,0,São João de Meriti,373.1,451.5,491.8,599.0,700.0,4,E
210058647425,3,F,1,0,1.0,0,Niterói,476.2,400.7,464.5,449.3,620.0,6,J
210060456061,3,M,1,0,1.0,0,São João de Meriti,643.9,574.2,584.7,639.3,600.0,5,E
210058696816,3,F,1,0,1.0,0,São João de Meriti,474.0,487.8,539.9,625.2,680.0,4,J
210058514639,4,F,2,0,1.0,0,São João de Meriti,456.2,568.4,549.9,538.6,800.0,4,B
210058452033,3,F,1,0,1.0,0,Nova Iguaçu,571.7,583.9,608.7,392.3,600.0,4,E
210060340350,3,F,1,0,1.0,0,São João de Meriti,543.9,555.9,521.7,402.3,680.0,3,E
210060189269,2,M,2,0,1.0,0,São João de Meriti,507.2,330.9,455.1,442.3,580.0,4,B
210060569967,2,M,1,0,1.0,0,Belford Roxo,528.6,504.3,523.1,605.5,640.0,4,B
210058361992,3,F,2,0,1.0,0,Niterói,550.3,570.6,555.3,576.6,880.0,4,B
210058485090,4,M,2,0,1.0,0,Nova Iguaçu,435.7,451.6,496.4,563.8,520.0,3,B
210059916427,2,M,2,0,1.0,0,Niterói,630.9,641.5,560.1,734.0,820.0,3,M
210060533160,3,M,1,0,1.0,0,Duque de Caxias,462.5,588.7,540.8,613.7,720.0,4,B
210059661780,2,F,1,0,1.0,0,Niterói,632.1,686.9,677.7,789.6,980.0,3,Q
210058432697,3,M,1,0,1.0,0,Niterói,358.8,379.8,434.8,488.7,360.0,5,C
210060112096,2,F,3,0,1.0,0,Nilópolis,557.8,599.2,632.3,638.3,780.0,4,I
210060462750,4,M,4,0,1.0,0,São João de Meriti,448.9,464.7,477.9,411.6,560.0,3,B
210060009007,3,M,1,0,1.0,0,São João de Meriti,394.5,569.1,566.7,596.7,640.0,2,E
210061076096,2,F,1,0,1.0,0,Niterói,604.9,581.6,576.9,747.9,920.0,4,L
210058120104,2,M,1,0,1.0,0,Nova Iguaçu,492.1,490.4,527.1,498.7,660.0,4,F
210060176343,3,F,1,0,1.0,0,Duque de Caxias,499.6,520.9,560.3,524.6,660.0,3,H
210061267455,2,F,1,0,1.0,0,Maricá,513.4,568.5,626.8,582.6,440.0,4,G
210060329420,3,F,3,0,1.0,0,Belford Roxo,410.7,467.6,516.3,443.1,760.0,4,A
210060305342,3,F,1,0,1.0,0,Niterói,634.6,578.0,570.6,742.6,840.0,5,M
210058855876,3,M,1,0,1.0,0,Niterói,469.8,576.8,538.3,513.6,540.0,2,N
210060886076,3,M,1,0,1.0,0,Duque de Caxias,548.2,632.0,637.4,562.3,640.0,4,I
210061587984,3,F,1,0,1.0,0,Nova Iguaçu,461.7,527.9,514.8,509.9,660.0,4,B
210058088300,3,M,3,0,1.0,0,Niterói,584.7,550.3,542.3,612.5,860.0,3,C
210061007422,2,M,3,0,1.0,0,São João de Meriti,369.3,454.7,463.1,457.3,600.0,4,F
210058041444,4,M,1,0,1.0,0,Niterói,597.5,543.4,525.7,518.8,480.0,4,H
210060232406,2,M,3,0,1.0,0,Nilópolis,386.6,383.4,447.2,425.8,400.0,4,C
210058270649,2,M,0,0,1.0,0,Nova Iguaçu,399.7,351.6,390.8,477.2,540.0,2,H
210060916617,4,M,2,0,1.0,0,Nilópolis,651.8,669.1,637.3,725.7,780.0,4,D
210060522434,2,F,1,0,1.0,0,Nova Iguaçu,479.2,526.3,583.5,668.6,840.0,3,G
210059589619,2,F,1,0,1.0,0,Nova Iguaçu,437.1,485.7,427.2,342.6,500.0,4,I
210061388972,2,F,3,0,1.0,0,Duque de Caxias,507.6,558.6,496.1,604.5,760.0,4,D
210058423441,2,M,3,0,1.0,0,Duque de Caxias,553.7,601.5,601.8,675.5,520.0,2,D
210060317719,3,F,1,0,1.0,0,Niterói,563.1,560.7,541.6,484.7,660.0,3,B
210059354537,3,F,2,0,1.0,0,Maricá,472.2,608.7,558.0,558.3,820.0,7,G
210058981551,3,M,3,0,1.0,0,Niterói,646.1,643.3,606.9,843.8,860.0,5,C
210061598328,2,F,1,0,1.0,0,Nilópolis,503.2,576.1,535.8,539.2,520.0,4,F
210059700088,3,F,3,0,1.0,0,Duque de Caxias,377.9,446.6,487.7,464.6,620.0,3,C
210058968608,3,M,1,0,1.0,0,Nova Iguaçu,396.2,493.2,480.5,569.6,600.0,4,D
210061598287,2,F,2,0,1.0,0,Niterói,533.8,623.6,608.1,682.2,480.0,4,D
210058489367,4,M,1,0,1.0,0,Duque de Caxias,445.5,586.9,546.6,616.1,620.0,4,B
210058476957,3,F,1,0,1.0,0,Maricá,447.9,529.2,541.7,634.0,840.0,3,J
210058240482,2,F,1,0,1.0,0,Duque de Caxias,458.5,535.0,510.1,426.8,680.0,4,E
210058051138,2,M,3,0,1.0,0,Niterói,555.0,533.8,515.2,458.6,620.0,3,H
210061586432,3,F,3,0,1.0,0,Niterói,466.8,520.8,503.6,561.2,600.0,4,B
210060266525,2,M,3,0,1.0,0,Niterói,560.5,418.2,469.1,356.5,580.0,4,C
210058260860,2,M,3,0,1.0,0,Niterói,487.8,520.4,544.3,637.1,760.0,2,G
210061439440,3,M,1,0,1.0,0,Niterói,568.1,699.1,625.2,766.2,940.0,4,N
210058505767,3,M,3,0,1.0,0,Niterói,690.6,609.3,604.7,755.8,940.0,2,F
210058762575,3,F,1,0,1.0,0,Nova Iguaçu,511.8,628.1,618.8,607.2,860.0,5,D
210058428590,2,M,1,0,1.0,0,Nova Iguaçu,562.5,594.5,624.0,747.4,900.0,5,F
210059203152,2,M,4,0,1.0,0,Nova Iguaçu,501.8,506.7,533.4,551.0,680.0,4,G
210060453506,5,M,1,0,1.0,0,Duque de Caxias,392.0,298.7,371.0,544.9,340.0,4,B
210058358436,2,M,2,0,1.0,0,Nova Iguaçu,590.0,671.4,579.7,692.3,880.0,4,G
210060251603,1,F,1,0,1.0,0,Duque de Caxias,525.8,597.3,612.5,599.6,760.0,3,C
210058280179,2,F,1,0,1.0,0,Nova Iguaçu,465.1,485.6,470.9,557.7,500.0,3,C
210059839216,2,M,3,0,1.0,0,Nilópolis,485.2,574.7,573.3,681.7,900.0,4,H
210058255786,3,M,2,0,1.0,0,Duque de Caxias,466.9,524.7,520.7,624.1,540.0,4,D
210058374795,2,M,2,0,1.0,0,Nova Iguaçu,399.3,459.2,423.8,398.7,500.0,4,A
210058202894,2,F,1,0,1.0,0,Nova Iguaçu,570.9,641.2,621.2,765.6,940.0,5,G
210058665693,3,F,1,0,1.0,0,Nova Iguaçu,496.0,610.1,540.7,556.3,920.0,4,B
210060359618,3,M,1,0,1.0,0,Niterói,588.0,542.4,548.4,681.6,840.0,4,M
210059900884,3,F,3,0,1.0,0,Duque de Caxias,493.0,569.3,539.2,385.9,800.0,3,D
210060737164,2,M,1,0,1.0,0,Duque de Caxias,614.7,644.3,604.2,663.9,920.0,4,K
210059857077,3,M,3,0,1.0,0,Nova Iguaçu,493.9,394.5,426.4,677.0,580.0,3,D
210059900876,3,F,3,0,1.0,0,Niterói,685.9,734.1,665.2,830.2,960.0,2,M
210058060188,3,F,3,0,1.0,0,Duque de Caxias,430.8,591.9,636.9,461.2,860.0,3,C
210061429752,2,M,1,0,1.0,0,Nilópolis,435.2,538.0,533.8,441.1,500.0,4,N
210060737172,2,F,1,0,1.0,0,Nova Iguaçu,478.7,505.7,553.3,542.3,600.0,2,B
210058438424,3,F,1,0,1.0,0,Niterói,525.9,623.4,549.5,675.7,940.0,5,J
210060251641,3,M,1,0,1.0,0,Nova Iguaçu,387.6,530.0,492.9,489.9,680.0,4,D
210061222883,3,M,3,0,1.0,0,Nova Iguaçu,521.2,549.4,574.9,633.5,560.0,3,G
210061381430,3,F,2,0,1.0,0,São João de Meriti,482.6,587.3,531.3,529.3,740.0,3,D
210059813366,3,F,3,0,1.0,0,Duque de Caxias,615.0,717.5,612.1,728.9,900.0,3,C
210058377400,2,M,1,0,1.0,0,Niterói,621.6,620.2,574.1,663.0,940.0,3,N
210058439338,3,F,1,0,1.0,0,Niterói,627.8,631.4,599.1,713.7,980.0,4,O
210060008977,3,F,1,0,1.0,0,Niterói,483.0,620.4,587.9,653.7,820.0,3,G
210061485545,2,F,1,0,1.0,0,Belford Roxo,530.2,601.4,543.6,610.0,680.0,2,B
210060114056,3,M,2,0,1.0,0,Nova Iguaçu,521.3,537.0,409.0,483.6,400.0,2,B
210058397651,3,M,3,0,1.0,0,Niterói,677.8,614.0,566.0,765.3,780.0,4,Q
210058159071,3,M,1,0,1.0,0,Nova Iguaçu,543.3,585.0,620.7,609.0,880.0,4,M
210058439331,2,F,1,0,1.0,0,Niterói,617.4,644.0,635.0,770.3,980.0,3,P
210058377414,3,M,3,0,1.0,0,São João de Meriti,360.1,565.5,517.2,723.3,800.0,3,C
210061527039,3,M,3,0,1.0,0,Niterói,443.4,381.9,469.6,413.9,480.0,4,E
210061596056,2,F,1,0,1.0,0,Nova Iguaçu,524.4,637.4,535.7,586.9,860.0,3,D
210059823879,2,F,3,0,1.0,0,Duque de Caxias,530.0,556.4,409.8,510.6,680.0,4,C
210060791151,2,F,1,0,1.0,0,Niterói,571.9,633.9,580.9,636.5,720.0,3,K
210061180821,2,F,3,0,1.0,0,São João de Meriti,510.5,512.2,471.0,397.3,560.0,5,C
210061598377,4,F,1,0,1.0,0,São João de Meriti,460.7,481.9,383.0,524.9,260.0,4,F
210061257789,2,F,2,0,1.0,0,Niterói,534.1,551.9,378.7,406.0,900.0,3,D
210060176367,2,F,2,0,1.0,0,Belford Roxo,450.6,479.6,441.0,439.2,720.0,3,B
210060197318,3,M,1,0,1.0,0,Niterói,717.5,707.5,639.4,829.8,960.0,4,H
210060403070,3,F,1,0,1.0,0,São João de Meriti,347.5,461.8,476.8,447.5,440.0,3,C
210060202088,3,M,1,0,1.0,0,Nova Iguaçu,391.1,485.3,520.5,609.0,560.0,3,L
210061447201,2,F,1,0,1.0,0,Maricá,507.8,566.7,591.1,594.8,880.0,3,D
210060434750,2,F,1,0,1.0,0,Nilópolis,332.9,579.8,386.9,830.6,920.0,4,K
210060398232,3,M,3,0,1.0,0,Nova Iguaçu,451.7,345.0,403.6,431.9,580.0,2,B
210061494955,2,M,1,0,1.0,0,Niterói,735.8,735.0,724.5,873.2,920.0,4,P
210058488564,2,M,1,0,1.0,0,Niterói,758.2,719.6,674.8,898.0,920.0,4,G
210061277155,5,M,1,0,1.0,0,Nilópolis,517.2,562.2,508.4,399.4,780.0,3,E
210060269487,4,F,1,0,1.0,0,São João de Meriti,525.0,609.4,599.7,590.0,940.0,3,D
210058307385,3,M,1,0,1.0,0,Niterói,710.2,713.9,654.3,854.3,900.0,4,O
210058154485,2,M,1,0,1.0,0,Niterói,356.2,495.9,549.2,411.6,600.0,4,G
210058442125,2,F,2,0,1.0,0,Nova Iguaçu,556.8,575.5,554.4,613.4,680.0,4,J
210058875439,2,M,1,0,1.0,0,Niterói,551.1,591.3,514.4,485.4,840.0,4,L
210060047332,2,F,1,0,1.0,0,Duque de Caxias,481.6,504.4,555.6,561.6,480.0,3,F
210061180726,3,F,2,0,1.0,0,Nova Iguaçu,563.6,636.8,557.6,657.3,800.0,3,B
210058219129,2,F,1,0,1.0,0,Maricá,496.2,500.4,601.3,451.8,680.0,5,N
210058866088,3,F,2,0,1.0,0,Niterói,572.2,653.3,612.6,556.0,880.0,3,D
210058473196,3,F,1,0,1.0,0,Niterói,532.7,569.3,525.4,623.1,860.0,3,F
210058185573,2,F,3,0,1.0,0,Niterói,512.5,562.3,567.8,678.7,860.0,5,B
210059931369,2,F,2,0,1.0,0,Maricá,436.3,508.0,498.9,582.3,720.0,4,N
210060791122,2,M,3,0,1.0,0,Duque de Caxias,583.6,633.3,598.3,720.9,620.0,4,C
210058483001,3,M,1,0,1.0,0,Niterói,596.6,597.7,573.7,711.2,960.0,4,Q
210059916517,3,F,3,0,1.0,0,Duque de Caxias,511.9,539.2,592.4,627.4,840.0,2,D
210058307393,2,M,1,0,1.0,0,Niterói,489.1,539.5,516.8,553.0,600.0,3,K
210058889734,2,F,1,0,1.0,0,Niterói,583.3,576.9,564.1,636.7,880.0,4,P
210058228947,2,M,1,0,1.0,0,Nova Iguaçu,370.2,407.4,370.5,338.6,320.0,2,A
210060444452,3,M,1,0,1.0,0,Niterói,498.8,521.7,508.9,676.8,760.0,4,M
210059137415,3,F,1,0,1.0,0,Niterói,615.2,615.6,614.7,710.6,840.0,2,H
210058514660,2,F,1,0,1.0,0,Niterói,667.9,658.8,651.5,771.7,920.0,4,O
210059756451,2,M,3,0,1.0,0,Duque de Caxias,476.7,506.9,529.0,544.4,720.0,4,E
210058421302,2,M,1,0,1.0,0,Niterói,628.4,645.9,630.6,763.6,920.0,3,O
210059949694,2,F,1,0,1.0,0,Maricá,519.5,476.1,497.9,592.2,680.0,3,D
210060930589,4,M,1,0,1.0,0,Niterói,485.8,493.8,488.1,474.1,500.0,2,B
210060086121,3,M,1,0,1.0,0,Niterói,569.5,545.1,519.4,434.8,620.0,5,M
210058355542,2,M,3,0,1.0,0,Nova Iguaçu,580.1,599.2,579.5,678.0,720.0,5,H
210060417066,2,F,1,0,1.0,0,Niterói,618.1,679.0,613.6,700.9,840.0,5,Q
210060537349,2,F,3,0,1.0,0,Maricá,471.1,595.3,494.3,568.5,880.0,3,G
210058062312,2,M,1,0,1.0,0,Maricá,419.5,478.6,483.0,613.2,600.0,5,D
210058240499,2,F,3,0,1.0,0,Nova Iguaçu,427.3,507.8,471.7,395.8,560.0,5,B
210059800436,3,M,1,0,1.0,0,Niterói,537.5,580.8,552.5,716.8,820.0,4,G
210061562020,3,M,3,0,1.0,0,Niterói,445.3,536.9,541.1,621.2,480.0,3,B
210058866523,2,F,3,0,1.0,0,Duque de Caxias,443.0,462.6,528.0,514.8,700.0,3,C
210058236609,3,F,1,0,1.0,0,Niterói,549.4,554.3,425.1,631.8,900.0,4,O
210058483050,3,F,3,0,1.0,0,Duque de Caxias,526.7,310.5,516.8,632.7,880.0,4,D
210061103415,2,M,3,0,1.0,0,Maricá,638.3,626.6,481.7,706.5,700.0,4,C
210058355476,1,F,1,0,1.0,0,Nova Iguaçu,523.8,627.7,532.0,621.5,800.0,3,E
210058421610,3,F,3,0,1.0,0,São João de Meriti,446.8,506.8,523.3,345.4,640.0,4,B
210058755747,4,F,2,0,1.0,0,Duque de Caxias,455.8,321.8,460.0,377.8,300.0,3,C
210058507831,2,F,3,0,1.0,0,Belford Roxo,344.2,431.9,417.4,349.8,640.0,8,C
210058338329,2,F,1,0,1.0,0,Niterói,654.9,701.9,614.3,763.3,920.0,6,H
210060341887,4,F,3,0,1.0,0,Nova Iguaçu,625.5,616.2,585.7,724.7,960.0,2,F
210060390342,2,M,1,0,1.0,0,Belford Roxo,501.2,553.7,538.6,633.5,880.0,3,F
210058168456,3,M,1,0,1.0,0,Niterói,600.4,656.9,620.3,786.3,940.0,3,L
210060111633,3,F,2,0,1.0,0,Duque de Caxias,459.3,507.4,481.9,497.2,840.0,3,B
210059635985,2,F,1,0,1.0,0,São João de Meriti,600.5,522.0,572.9,580.8,940.0,4,M
210058467157,2,F,1,0,1.0,0,Niterói,593.0,674.0,613.9,723.1,940.0,3,O
210059156309,3,F,1,0,1.0,0,Duque de Caxias,515.3,637.7,608.0,719.5,920.0,2,F
210058290425,3,M,1,0,1.0,0,Niterói,520.9,561.8,590.1,595.4,640.0,3,O
210060610272,3,F,2,0,1.0,0,São João de Meriti,484.4,524.2,528.2,447.3,680.0,2,B
210058286402,2,M,1,0,1.0,0,Duque de Caxias,573.0,655.2,612.8,653.7,720.0,3,C
210060256480,3,F,3,0,1.0,0,Niterói,491.7,362.6,431.0,421.8,360.0,6,B
210058297567,2,F,1,0,1.0,0,Duque de Caxias,443.0,529.2,520.3,401.6,700.0,2,C
210060619880,2,F,3,0,1.0,0,Duque de Caxias,449.5,564.5,502.3,399.0,720.0,4,F
210058436717,3,M,1,0,1.0,0,Niterói,586.9,655.0,568.0,694.4,880.0,4,I
210058238626,3,F,3,0,1.0,0,Nova Iguaçu,507.6,636.2,490.3,471.4,840.0,3,G
210058249749,2,F,1,0,1.0,0,Nilópolis,455.9,508.5,512.1,562.3,800.0,4,D
210058463352,2,F,1,0,1.0,0,Nova Iguaçu,522.0,589.4,560.6,494.0,940.0,4,D
210060385642,3,F,1,0,1.0,0,Nova Iguaçu,524.5,550.1,396.7,561.1,500.0,4,H
210061524260,3,F,3,0,1.0,0,Duque de Caxias,503.4,500.3,527.4,536.0,780.0,3,E
210059635998,4,M,2,0,1.0,0,Belford Roxo,484.7,503.5,436.2,559.0,680.0,3,E
210060845318,3,F,3,0,1.0,0,São João de Meriti,494.5,425.7,420.3,505.3,740.0,3,C
210058593599,5,M,1,0,1.0,0,Niterói,539.3,564.4,539.3,483.0,800.0,3,G
210060629552,2,F,3,0,1.0,0,Nova Iguaçu,483.0,447.8,497.0,411.6,520.0,3,B
210058854477,3,F,1,0,1.0,0,Duque de Caxias,481.6,558.8,539.8,484.8,800.0,3,G
210058854470,4,M,2,0,1.0,0,Maricá,445.8,468.3,460.3,359.0,440.0,2,B
210060845320,3,F,1,0,1.0,0,Niterói,649.1,646.5,617.2,816.8,920.0,4,Q
210058479542,3,M,2,0,1.0,0,São João de Meriti,471.7,568.0,552.4,534.2,560.0,2,B
210059048197,3,F,1,0,1.0,0,Niterói,414.0,483.3,465.4,608.1,840.0,4,M
210058418003,2,F,2,0,1.0,0,Duque de Caxias,510.7,517.3,507.0,622.3,780.0,5,D
210060928456,2,F,1,0,1.0,0,Niterói,576.3,589.6,530.4,690.3,760.0,4,M
210060933952,2,F,2,0,1.0,0,Duque de Caxias,445.7,585.4,567.0,514.9,620.0,4,B
210058135285,2,M,3,0,1.0,0,Nova Iguaçu,426.7,437.8,481.8,424.3,560.0,3,E
210058162069,2,M,3,0,1.0,0,São João de Meriti,549.8,580.0,533.9,641.5,720.0,3,D
210058741891,2,F,2,0,1.0,0,Duque de Caxias,523.1,452.6,536.4,518.7,800.0,3,E
210059872459,3,M,3,0,1.0,0,Duque de Caxias,598.1,700.4,633.8,493.6,700.0,3,I
210060370672,2,M,1,0,1.0,0,Nilópolis,547.3,602.8,561.2,637.6,760.0,5,C
210058238598,4,M,1,0,1.0,0,Niterói,576.4,601.7,600.5,646.5,640.0,3,P
210061474095,2,F,0,0,1.0,0,Nova Iguaçu,498.8,524.8,606.5,517.2,620.0,3,H
210058089736,2,F,1,0,1.0,0,Niterói,473.6,458.4,512.0,367.0,940.0,2,O
210058565696,3,F,1,0,1.0,0,Niterói,654.3,648.7,654.2,793.5,920.0,2,M
210058238601,2,M,1,0,1.0,0,Nova Iguaçu,520.4,523.7,497.3,657.1,600.0,4,D
210058444896,3,F,2,0,1.0,0,Nilópolis,432.1,556.5,476.2,474.0,880.0,4,E
210058082886,2,M,2,0,1.0,0,Nova Iguaçu,420.3,470.8,447.1,528.5,280.0,3,B
210058640447,3,M,3,0,1.0,0,São João de Meriti,624.2,637.1,612.8,821.9,840.0,3,I
210059795370,3,M,1,0,1.0,0,Nova Iguaçu,605.3,607.5,641.8,759.5,860.0,3,M
210058068841,3,F,1,0,1.0,0,Nova Iguaçu,595.4,665.4,571.2,719.8,880.0,5,E
210058413194,2,F,1,0,1.0,0,Niterói,507.5,389.6,478.0,543.1,840.0,4,B
210058540865,3,F,1,0,1.0,0,Maricá,456.8,505.0,470.2,623.1,620.0,4,O
210060809026,2,M,1,0,1.0,0,Niterói,608.7,660.6,600.8,779.8,920.0,3,N
210058514559,3,M,3,0,1.0,0,Nova Iguaçu,587.2,549.9,536.0,551.6,620.0,3,B
210058514549,2,M,1,0,1.0,0,São João de Meriti,512.8,543.8,554.8,616.3,580.0,4,E
210060271949,2,M,1,0,1.0,0,São João de Meriti,569.2,598.7,613.3,695.7,920.0,4,H
210058309130,3,F,1,0,1.0,0,Duque de Caxias,528.4,610.1,558.2,685.3,700.0,5,B
210061332849,2,M,1,0,1.0,0,Niterói,527.7,590.6,552.5,573.7,600.0,5,E
210061568560,3,M,1,0,1.0,0,Niterói,652.0,573.1,559.5,737.2,940.0,4,O
210058247777,3,M,1,0,1.0,0,Niterói,558.6,565.0,570.1,572.5,760.0,5,E
210058881226,3,F,1,0,1.0,0,Niterói,504.9,376.2,552.5,346.2,600.0,5,L
210058810912,3,M,1,0,1.0,0,Niterói,534.6,569.3,579.6,649.5,820.0,2,N
210059813391,3,F,1,0,1.0,0,Nova Iguaçu,597.8,634.6,514.0,729.5,780.0,2,G
210061313417,2,F,1,0,1.0,0,Maricá,582.4,610.8,543.2,677.7,900.0,3,D
210060231007,3,F,4,0,1.0,0,Nova Iguaçu,566.8,620.2,651.6,741.3,840.0,4,C
210060476501,2,M,3,0,1.0,0,Niterói,691.1,630.0,616.7,786.0,960.0,3,I
210058167011,2,F,3,0,1.0,0,Duque de Caxias,580.2,649.4,595.7,688.9,920.0,3,J
210060671613,2,M,1,0,1.0,0,Niterói,585.6,542.9,543.0,567.4,740.0,3,H
210060671604,2,M,1,0,1.0,0,Nova Iguaçu,500.9,531.4,559.0,428.4,440.0,2,D
210060178911,3,M,2,0,1.0,0,Niterói,500.7,531.1,517.9,584.9,500.0,4,G
210059318829,3,F,3,0,1.0,0,Niterói,454.1,529.8,489.6,591.7,700.0,3,C
210058606035,2,M,1,0,1.0,0,São João de Meriti,484.3,531.3,484.9,482.5,640.0,4,F
210058075407,3,F,2,0,1.0,0,Niterói,568.8,579.6,534.1,624.4,880.0,3,B
210058240400,3,M,1,0,1.0,0,Maricá,493.1,515.8,554.6,518.4,420.0,3,G
210058640422,2,F,1,0,1.0,0,Niterói,512.4,594.1,636.3,737.3,900.0,4,Q
210058395969,3,M,2,0,1.0,0,Nilópolis,362.9,534.2,492.9,554.4,920.0,5,K
210058229771,2,M,1,0,1.0,0,Niterói,574.1,511.8,527.2,662.1,440.0,4,K
210058272837,2,F,3,0,1.0,0,Niterói,544.2,728.5,668.8,720.9,960.0,4,Q
210060230747,3,M,1,0,1.0,0,Niterói,679.5,654.0,655.8,817.7,840.0,3,Q
210058066661,3,M,1,0,1.0,0,Nova Iguaçu,551.6,503.5,472.3,448.5,600.0,4,C
210061251793,2,M,1,0,1.0,0,Niterói,556.4,577.8,473.6,773.0,800.0,4,J
210058268321,2,F,1,0,1.0,0,Duque de Caxias,600.4,601.5,642.6,813.6,540.0,3,O
210058267456,2,M,1,0,1.0,0,Niterói,487.1,611.1,575.6,581.8,820.0,3,P
210059179417,3,M,1,0,1.0,0,Belford Roxo,429.6,580.6,509.4,624.7,600.0,4,B
210058167008,3,F,2,0,1.0,0,São João de Meriti,527.9,525.0,557.9,664.9,920.0,3,D
210060391640,2,F,1,0,1.0,0,Duque de Caxias,467.8,504.0,470.4,492.3,560.0,2,B
210060279539,3,F,1,0,1.0,0,Niterói,424.4,571.7,520.6,472.6,560.0,5,B
210058611538,2,F,1,0,1.0,0,Nova Iguaçu,401.2,494.5,448.4,378.8,640.0,5,B
210061113121,3,M,1,0,1.0,0,Nilópolis,576.6,666.5,658.3,612.7,860.0,4,Q
210058620712,2,F,3,0,1.0,0,São João de Meriti,473.3,552.8,568.1,489.8,620.0,4,B
210058589635,2,F,3,0,1.0,0,São João de Meriti,506.0,566.5,485.2,556.9,600.0,4,C
210058094734,3,M,1,0,1.0,0,Maricá,582.4,626.4,539.9,687.4,820.0,4,E
210061520560,3,M,1,0,1.0,0,Belford Roxo,494.5,569.1,570.6,522.5,300.0,5,E
210058672271,3,F,1,0,1.0,0,São João de Meriti,567.7,554.7,556.0,511.0,920.0,3,C
210060465478,3,M,3,0,1.0,0,Duque de Caxias,559.8,582.7,515.8,679.6,340.0,4,D
210058787775,3,F,1,0,1.0,0,São João de Meriti,435.2,657.4,651.0,653.8,960.0,4,K
210061556926,2,M,1,0,1.0,0,Niterói,603.0,650.0,614.0,722.3,820.0,2,E
210058462304,3,M,1,0,1.0,0,Niterói,749.6,679.8,635.3,847.2,920.0,3,N
210061039992,3,F,1,0,1.0,0,Niterói,563.4,560.5,547.5,603.9,780.0,3,Q
210058513923,2,M,3,0,1.0,0,Niterói,545.8,586.9,554.0,480.3,660.0,4,I
210058259908,2,M,1,0,1.0,0,Duque de Caxias,545.7,506.8,528.1,498.9,600.0,3,C
210058348215,2,M,3,0,1.0,0,Duque de Caxias,598.4,629.1,594.9,759.2,960.0,4,I
210058120131,2,M,1,0,1.0,0,Niterói,439.7,463.2,452.0,522.2,460.0,3,G
210060281380,3,F,1,0,1.0,0,Duque de Caxias,510.5,524.6,511.9,550.4,920.0,3,D
210058348221,3,M,3,0,1.0,0,Nilópolis,628.9,629.5,666.1,694.3,880.0,2,C
210058701955,3,M,1,0,1.0,0,Niterói,661.3,643.3,615.4,753.9,900.0,4,M
210061532034,2,M,1,0,1.0,0,Duque de Caxias,558.3,660.0,656.7,700.7,700.0,4,F
210058826607,2,F,1,0,1.0,0,Niterói,604.7,660.5,637.7,722.5,960.0,4,N
210060926434,3,M,2,0,1.0,0,Nilópolis,555.6,575.5,570.3,589.8,580.0,4,H
210058701954,3,M,1,0,1.0,0,Nova Iguaçu,643.5,632.6,610.8,816.1,940.0,3,F
210058205326,2,F,1,0,1.0,0,Niterói,494.1,570.1,579.5,482.5,740.0,2,D
210060357026,3,F,3,0,1.0,0,São João de Meriti,525.5,406.6,364.6,395.3,520.0,3,B
210058270341,3,F,2,0,1.0,0,Duque de Caxias,437.8,430.6,489.6,512.5,580.0,6,C
210058584898,3,M,1,0,1.0,0,Niterói,582.5,621.5,626.4,667.1,960.0,3,O
210058566505,4,M,1,0,1.0,0,Niterói,537.1,485.7,545.2,508.1,600.0,5,Q
210058833201,2,F,1,0,1.0,0,Niterói,563.5,526.3,568.1,664.6,700.0,2,F
210058390754,2,F,1,0,1.0,0,Niterói,450.4,664.6,605.3,525.5,940.0,4,J
210061302445,3,M,1,0,1.0,0,Niterói,362.4,383.2,435.7,372.6,480.0,4,E
210059967645,3,M,1,0,1.0,0,Niterói,550.6,570.2,649.1,664.4,820.0,4,Q
210060758393,2,M,1,0,1.0,0,Niterói,709.1,617.4,681.8,859.5,980.0,5,P
210058551988,2,F,1,0,1.0,0,Duque de Caxias,499.1,532.1,498.9,396.0,680.0,2,G
210058078449,2,M,1,0,1.0,0,Niterói,568.1,522.2,510.3,699.4,600.0,3,D
210060926430,2,F,1,0,1.0,0,São João de Meriti,657.0,584.1,531.9,751.6,900.0,3,D
210058695348,3,F,4,0,1.0,0,Duque de Caxias,478.9,478.1,468.3,422.2,540.0,4,B
210058842083,3,M,3,0,1.0,0,Belford Roxo,530.8,579.0,527.2,516.5,700.0,3,D
210060916786,4,M,1,0,1.0,0,Niterói,467.7,522.4,408.3,485.7,520.0,3,D
210060809055,2,M,1,0,1.0,0,São João de Meriti,413.5,508.2,547.3,573.2,640.0,3,C
210060543367,3,F,1,0,1.0,0,Niterói,510.3,560.3,511.3,549.8,800.0,4,O
210060137570,3,M,1,0,1.0,0,Niterói,577.8,677.3,601.0,848.5,820.0,2,P
210058386584,3,F,1,0,1.0,0,Niterói,524.0,559.5,545.9,728.6,860.0,4,N
210060777969,3,M,1,0,1.0,0,Duque de Caxias,546.0,622.7,591.5,694.2,620.0,4,G
210058683704,3,M,3,0,1.0,0,Nova Iguaçu,373.6,396.2,382.1,459.3,200.0,4,B
210058683676,2,F,1,0,1.0,0,Nova Iguaçu,502.6,490.2,526.1,478.0,540.0,4,C
210061120647,3,M,1,0,1.0,0,Niterói,408.9,520.8,488.4,572.7,640.0,2,B
210058683674,2,M,1,0,1.0,0,Niterói,627.8,660.1,673.9,776.9,920.0,4,M
210058640241,4,M,1,0,1.0,0,Niterói,517.5,557.1,561.1,579.3,660.0,3,G
210060253614,2,M,1,0,1.0,0,Niterói,436.2,556.6,492.4,623.3,780.0,4,J
210060240672,2,M,1,0,1.0,0,Maricá,532.4,718.8,650.0,703.2,860.0,3,G
210058776205,3,F,1,0,1.0,0,Niterói,513.2,573.6,514.1,502.0,960.0,4,F
210059334192,3,M,3,0,1.0,0,Niterói,506.1,597.7,545.3,572.5,640.0,4,Q
210058405401,4,M,3,0,1.0,0,Niterói,387.1,381.8,400.8,390.7,240.0,5,C
210058238665,3,M,1,0,1.0,0,Nova Iguaçu,408.6,455.9,495.7,707.2,540.0,4,C
210058629734,2,M,3,0,1.0,0,Nova Iguaçu,505.2,621.2,569.8,559.3,600.0,4,D
210061348330,4,F,1,0,1.0,0,Nilópolis,709.3,667.6,592.7,752.8,960.0,4,G
210058388569,2,M,1,0,1.0,0,Nova Iguaçu,682.0,601.6,606.1,705.7,640.0,4,F
210058380064,3,M,2,0,1.0,0,Maricá,570.4,621.1,572.1,645.3,600.0,3,C
210058478819,2,M,3,0,1.0,0,Maricá,534.7,534.5,529.3,471.2,920.0,5,D
210058340528,4,M,1,0,1.0,0,Niterói,558.6,522.5,509.3,583.8,420.0,3,E
210059334230,3,F,3,0,1.0,0,Nova Iguaçu,566.2,542.9,513.4,597.7,640.0,4,I
210058785152,2,F,2,0,1.0,0,Nova Iguaçu,475.2,385.1,499.6,405.1,600.0,4,H
210059952189,2,M,3,0,1.0,0,Nova Iguaçu,519.6,541.5,511.1,600.2,760.0,3,C
210058678921,2,M,1,0,1.0,0,Maricá,591.7,618.5,627.0,632.9,440.0,2,B
210058613725,3,M,1,0,1.0,0,Duque de Caxias,608.3,626.1,602.9,796.6,940.0,2,B
210058102788,3,F,1,0,1.0,0,Duque de Caxias,419.3,590.6,593.6,401.1,720.0,5,G
210058629761,2,F,1,0,1.0,0,Niterói,626.1,614.5,641.7,811.5,940.0,3,P
210061589531,2,F,1,0,1.0,0,Niterói,461.7,590.6,557.2,608.2,920.0,3,N
210058330758,2,M,2,0,1.0,0,Nova Iguaçu,384.6,508.6,478.5,504.1,680.0,3,B
210058692722,3,F,1,0,1.0,0,Duque de Caxias,517.9,559.4,545.3,543.2,840.0,5,H
210058330773,3,F,1,0,1.0,0,Niterói,516.9,567.7,512.7,522.0,740.0,2,N
210060228381,3,M,1,0,1.0,0,Maricá,561.7,541.7,523.9,562.3,340.0,3,M
210060980806,3,M,3,0,1.0,0,Belford Roxo,416.1,399.7,440.1,369.3,480.0,5,B
210061503730,2,M,1,0,1.0,0,Niterói,652.8,606.1,616.1,735.5,920.0,4,N
210059743526,2,F,3,0,1.0,0,Niterói,571.1,678.2,646.6,577.7,940.0,7,N
210058686092,3,M,3,0,1.0,0,Duque de Caxias,456.6,536.0,536.9,458.0,360.0,3,G
210058596666,2,M,1,0,1.0,0,São João de Meriti,509.6,598.2,520.1,679.9,520.0,2,B
210059926277,3,F,3,0,1.0,0,Duque de Caxias,547.5,588.0,585.6,536.6,580.0,3,D
210061475532,2,F,1,0,1.0,0,Nova Iguaçu,527.7,717.4,691.1,689.0,820.0,3,Q
210058596646,3,M,2,0,1.0,0,Niterói,618.8,615.6,545.6,670.6,840.0,2,D
210058505812,2,F,3,0,1.0,0,Niterói,516.4,549.9,548.9,555.7,820.0,5,D
210060178848,3,M,3,0,1.0,0,Belford Roxo,421.2,558.5,575.2,587.4,560.0,4,C
210058322987,3,F,1,0,1.0,0,Niterói,526.6,559.5,569.7,741.8,960.0,4,N
210058450470,2,F,1,0,1.0,0,Nova Iguaçu,461.0,461.1,474.9,439.4,600.0,3,C
210058132464,3,M,1,0,1.0,0,Niterói,617.7,674.4,625.8,808.2,940.0,3,N
210058443123,2,F,1,0,1.0,0,Duque de Caxias,448.9,476.3,445.5,373.2,600.0,5,F
210060630945,2,M,1,0,1.0,0,Niterói,578.9,584.8,561.8,687.1,620.0,3,H
210058719999,2,M,1,0,1.0,0,Duque de Caxias,545.2,575.6,578.1,571.5,680.0,4,F
210060210341,3,M,1,0,1.0,0,São João de Meriti,520.2,522.0,508.2,539.7,540.0,10,B
210058696844,2,F,1,0,1.0,0,Niterói,572.2,617.7,567.7,733.5,920.0,4,D
210058047412,3,M,3,0,1.0,0,Duque de Caxias,504.3,564.2,579.9,633.8,900.0,2,E
210060268472,2,F,1,0,1.0,0,Niterói,559.9,649.1,621.2,732.9,920.0,3,J
210060866940,2,F,1,0,1.0,0,Nova Iguaçu,416.3,453.0,464.0,437.9,360.0,3,D
210060413588,2,M,1,0,1.0,0,Niterói,664.2,669.8,603.9,849.3,940.0,5,L
210061571289,3,F,1,0,1.0,0,Niterói,600.2,620.6,547.8,510.8,960.0,4,P
210058895929,3,F,3,0,1.0,0,Nilópolis,520.0,424.3,539.2,511.7,640.0,8,B
210058895931,2,M,3,0,1.0,0,Niterói,472.0,428.3,459.9,424.0,560.0,3,B
210059782296,2,M,1,0,1.0,0,Niterói,605.8,688.8,681.9,709.5,760.0,3,P
210058650051,3,F,3,0,1.0,0,Maricá,600.5,438.8,581.3,427.9,400.0,7,B
210058112380,2,F,1,0,1.0,0,Niterói,433.4,533.7,536.9,432.7,920.0,3,B
210058160072,3,F,1,0,1.0,0,Maricá,543.8,580.6,521.0,551.7,800.0,3,C
210058568861,2,F,1,0,1.0,0,São João de Meriti,511.1,547.7,513.7,519.2,680.0,3,C
210058287759,2,F,1,0,1.0,0,Niterói,550.3,609.8,626.9,648.6,920.0,4,K
210060284606,4,M,1,0,1.0,0,São João de Meriti,599.9,660.2,639.1,779.0,700.0,1,B
210060320700,2,M,3,0,1.0,0,Niterói,502.5,541.9,615.7,646.9,880.0,3,H
210058348996,3,M,1,0,1.0,0,Niterói,607.4,647.1,583.5,667.4,760.0,4,H
210058287739,2,M,3,0,1.0,0,Nova Iguaçu,613.6,611.2,516.1,619.5,780.0,4,B
210058633423,3,M,2,0,1.0,0,São João de Meriti,541.0,522.4,566.8,635.7,780.0,3,B
210061596733,1,F,3,0,1.0,0,Duque de Caxias,519.4,488.7,557.7,487.3,680.0,4,E
210058255831,3,M,1,0,1.0,0,Niterói,584.0,642.1,648.8,740.4,920.0,5,N
210061313532,2,M,1,0,1.0,0,São João de Meriti,398.7,333.2,373.0,432.4,400.0,2,B
210061144190,2,M,1,0,1.0,0,Duque de Caxias,555.8,579.0,574.0,762.4,860.0,4,E
210058858126,2,M,1,0,1.0,0,Niterói,695.4,603.0,568.0,769.4,900.0,4,O
210060380021,2,F,2,0,1.0,0,São João de Meriti,376.7,527.1,562.4,454.1,600.0,3,B
210058135737,2,F,1,0,1.0,0,Nova Iguaçu,494.3,545.5,529.0,537.2,600.0,2,B
210060476538,2,F,1,0,1.0,0,Niterói,730.1,609.4,604.5,871.3,800.0,3,M
210058257199,6,F,3,0,1.0,0,Niterói,454.5,335.6,387.5,442.0,540.0,5,F
210058810942,3,F,1,0,1.0,0,Niterói,409.5,505.2,553.2,565.3,720.0,5,C
210060729486,3,M,1,0,1.0,0,Niterói,494.1,610.2,539.6,716.6,840.0,2,Q
210058851308,2,M,1,0,1.0,0,São João de Meriti,619.8,709.3,584.9,710.8,820.0,4,M
210060436639,3,M,1,0,1.0,0,Maricá,442.2,594.1,523.5,391.2,480.0,3,E
210060075880,2,F,1,0,1.0,0,Nova Iguaçu,590.3,645.5,595.9,774.6,920.0,3,E
210058550375,2,M,1,0,1.0,0,São João de Meriti,364.9,583.1,546.3,483.0,580.0,2,B
210058299291,2,M,3,0,1.0,0,Duque de Caxias,476.6,544.8,548.6,668.9,540.0,4,D
210060556372,2,F,1,0,1.0,0,Duque de Caxias,475.9,515.9,495.1,700.1,600.0,3,F
210058175776,3,F,3,0,1.0,0,Nilópolis,467.2,532.2,516.8,406.1,560.0,5,F
210060086251,2,M,1,0,1.0,0,Nilópolis,542.8,564.6,531.8,667.2,520.0,4,I
210060075798,3,F,1,0,2.0,0,São João de Meriti,439.6,509.4,464.0,477.2,700.0,3,I
210058353971,4,F,3,0,1.0,0,São João de Meriti,590.1,626.9,592.8,664.3,980.0,3,I
210058722403,2,F,3,0,1.0,0,Nilópolis,460.1,486.5,493.9,446.7,460.0,2,D
210058422760,2,M,1,0,1.0,0,Duque de Caxias,474.4,624.1,599.6,624.8,900.0,4,K
210060355354,2,M,2,0,1.0,0,Duque de Caxias,432.3,468.2,466.2,520.3,660.0,5,C
210058624302,2,M,1,0,1.0,0,Nilópolis,488.0,568.4,525.3,685.8,780.0,5,K
210060934305,2,M,1,0,1.0,0,Nova Iguaçu,524.6,517.4,388.3,651.0,680.0,2,A
210060816750,3,F,1,0,1.0,0,Nova Iguaçu,416.8,421.6,414.3,400.1,600.0,4,D
210058039674,3,F,1,0,1.0,0,Duque de Caxias,566.0,576.3,516.0,456.3,920.0,3,E
210058297735,3,F,1,0,1.0,0,Nilópolis,475.0,552.6,563.9,588.3,640.0,4,F
210058544858,2,F,1,0,1.0,0,Maricá,590.8,546.3,516.9,580.5,720.0,5,E
210058209339,2,M,2,0,1.0,0,Duque de Caxias,555.1,540.7,544.8,583.0,560.0,5,D
210058374668,4,M,1,0,1.0,0,Niterói,533.0,496.8,603.0,669.2,440.0,4,D
210058513988,3,F,1,0,1.0,0,Nova Iguaçu,438.6,415.7,506.0,387.5,680.0,3,C
210060742596,3,M,2,0,1.0,0,Belford Roxo,451.0,555.9,531.0,605.4,660.0,4,C
210060021529,3,F,3,0,1.0,0,Nilópolis,515.6,596.8,525.5,657.1,800.0,2,B
210061001588,3,F,1,0,1.0,0,Niterói,585.9,647.2,519.0,747.7,820.0,2,I
210061288321,3,F,1,0,1.0,0,Niterói,519.9,533.8,533.4,593.1,500.0,5,G
210058786997,2,M,1,0,1.0,0,Niterói,583.5,573.1,611.9,724.2,720.0,4,O
210060924574,1,M,1,0,1.0,0,Niterói,546.5,606.1,586.2,726.8,760.0,4,P
210058245768,2,F,1,0,1.0,0,Nilópolis,429.4,500.0,506.7,597.6,880.0,3,A
210058672134,3,M,1,0,1.0,0,Niterói,579.9,579.6,537.5,392.9,640.0,6,I
210059931484,3,F,1,0,1.0,0,Niterói,582.1,645.3,577.0,749.8,940.0,8,D
210058493280,2,F,0,0,1.0,0,Duque de Caxias,477.3,575.5,610.5,576.0,560.0,4,D
210061622947,2,F,0,0,1.0,0,Duque de Caxias,529.3,547.7,572.7,542.2,580.0,4,D
210058483451,2,F,3,0,1.0,0,Niterói,559.2,610.8,533.0,471.3,680.0,2,D
210059900526,2,F,1,0,1.0,0,Nova Iguaçu,540.9,600.9,551.9,611.7,600.0,3,B
210060487119,2,F,1,0,1.0,0,Nilópolis,415.3,451.5,469.2,522.6,780.0,3,G
210061157551,11,F,2,0,1.0,0,Niterói,397.8,581.8,593.9,436.1,420.0,2,B
210058409929,3,F,1,0,1.0,0,São João de Meriti,447.2,477.9,458.5,576.2,660.0,4,E
210060354910,3,F,1,0,1.0,0,Niterói,545.3,530.4,500.4,683.7,960.0,3,E
210058854599,2,F,2,0,1.0,0,Nova Iguaçu,382.3,472.4,353.3,369.4,720.0,5,D
210059638216,2,M,1,0,1.0,0,Nova Iguaçu,747.4,701.4,649.0,866.3,860.0,4,H
210059887676,2,F,3,0,1.0,0,Nova Iguaçu,564.0,591.9,569.4,695.3,680.0,3,G
210061112718,2,F,2,0,1.0,0,São João de Meriti,423.5,352.7,470.7,438.9,480.0,3,G
210058215406,3,M,1,0,1.0,0,Duque de Caxias,513.2,567.0,527.0,573.2,580.0,2,G
210058812573,2,M,1,0,1.0,0,São João de Meriti,385.1,556.0,575.4,635.1,760.0,3,L
210058706650,3,F,1,0,1.0,0,Duque de Caxias,529.0,461.9,398.9,333.3,800.0,3,C
210058151753,3,M,1,0,1.0,0,Niterói,628.8,572.4,603.7,684.1,800.0,4,G
210060307514,2,F,2,0,1.0,0,Nova Iguaçu,405.1,453.8,469.3,394.8,280.0,4,B
210058819836,3,F,3,0,1.0,0,São João de Meriti,504.8,614.4,609.2,662.4,700.0,4,G
210058229044,4,F,1,0,1.0,0,Niterói,443.3,513.9,525.7,506.1,780.0,4,O
210059739161,3,M,1,0,1.0,0,Niterói,490.6,669.8,683.8,804.9,940.0,4,P
210058135483,4,M,1,0,1.0,0,Duque de Caxias,390.3,482.1,412.0,521.6,340.0,4,D
210058719815,2,F,1,0,1.0,0,Niterói,391.2,406.6,512.2,639.6,860.0,3,E
210060324600,2,M,1,0,1.0,0,Nilópolis,541.0,524.6,564.6,574.1,600.0,5,G
210058411958,3,M,1,0,1.0,0,Niterói,628.9,605.3,619.8,677.1,900.0,6,O
210058096089,3,F,3,0,1.0,0,Maricá,610.9,637.2,576.0,637.2,940.0,4,I
210058290677,3,F,2,0,1.0,0,Duque de Caxias,488.0,485.0,483.7,515.4,760.0,2,B
210059811025,4,M,3,0,1.0,0,Nova Iguaçu,487.2,545.0,535.7,501.3,560.0,4,E
210061490859,3,M,3,0,1.0,0,Duque de Caxias,586.1,538.6,487.5,755.4,920.0,5,E
210058280953,4,F,2,0,1.0,0,São João de Meriti,409.5,523.6,516.2,352.8,480.0,3,B
210061551206,3,M,3,0,1.0,0,São João de Meriti,562.6,424.2,522.6,630.4,680.0,4,G
210058640283,3,M,1,0,1.0,0,São João de Meriti,532.6,589.6,546.9,724.7,720.0,3,C
210060835982,3,F,1,0,1.0,0,Maricá,576.5,585.5,605.7,713.4,760.0,4,C
210061429247,2,F,1,0,1.0,0,Niterói,592.8,567.9,613.2,444.9,920.0,3,N
210058883995,2,M,2,0,1.0,0,Nova Iguaçu,469.3,522.2,455.4,493.5,680.0,4,G
210058883980,3,M,1,0,1.0,0,Niterói,579.4,630.4,598.3,673.7,880.0,4,G
210061170892,3,M,1,0,1.0,0,Duque de Caxias,522.4,370.7,379.6,478.2,420.0,4,E
210061489544,3,M,1,0,1.0,0,Maricá,552.9,507.6,518.3,639.0,800.0,2,C
210058444203,3,M,1,0,1.0,0,Nilópolis,627.0,590.6,649.8,701.7,920.0,4,G
210058158189,2,M,3,0,1.0,0,Nova Iguaçu,397.9,508.3,447.3,351.1,260.0,2,B
210058863934,3,M,2,0,1.0,0,Nova Iguaçu,569.7,428.6,566.9,606.7,840.0,3,G
210061495945,3,M,3,0,1.0,0,Nova Iguaçu,484.7,515.7,467.3,542.2,500.0,3,A
210060625212,2,F,3,0,1.0,0,Duque de Caxias,631.6,643.2,636.3,705.6,940.0,4,G
210058158168,2,M,3,0,1.0,0,Duque de Caxias,649.1,596.2,545.5,729.3,880.0,4,E
210058046679,4,F,1,0,1.0,0,Duque de Caxias,483.3,523.8,501.4,458.9,560.0,3,B
210058313166,3,M,1,0,1.0,0,São João de Meriti,494.4,495.1,488.7,594.1,640.0,4,B
210061617776,3,M,3,0,1.0,0,São João de Meriti,572.6,524.6,539.9,618.3,700.0,4,F
210058288211,3,F,3,0,1.0,0,Belford Roxo,423.5,625.5,595.4,478.5,860.0,3,D
210058413420,3,M,1,0,1.0,0,Niterói,602.6,629.4,627.3,769.5,940.0,5,P
210061406568,3,M,1,0,1.0,0,Niterói,525.3,647.2,593.5,660.3,940.0,4,G
210058330291,3,F,1,0,1.0,0,Duque de Caxias,592.0,649.3,576.6,737.1,840.0,3,G
210058637498,3,M,1,0,1.0,0,Maricá,434.7,569.4,497.7,638.2,680.0,4,D
210058092555,3,F,3,0,1.0,0,São João de Meriti,512.4,348.2,459.0,489.7,800.0,5,C
210061313732,3,F,1,0,1.0,0,Niterói,529.3,606.1,623.0,633.4,920.0,4,P
210060578245,3,M,3,0,1.0,0,Duque de Caxias,404.2,385.9,387.2,396.8,440.0,4,B
210061039395,2,F,3,0,1.0,0,Nova Iguaçu,492.0,546.2,540.8,573.8,700.0,6,B
210060578257,2,F,1,0,1.0,0,Niterói,587.0,662.2,608.1,684.0,940.0,4,P
210060690734,3,F,3,0,1.0,0,São João de Meriti,568.9,572.3,583.4,554.7,800.0,3,G
210058724867,2,F,1,0,1.0,0,Duque de Caxias,467.7,567.1,604.9,361.8,720.0,3,C
210058303274,2,F,1,0,1.0,0,Niterói,529.3,604.7,551.3,570.6,720.0,10,B
210058122071,3,M,2,0,1.0,0,Maricá,511.9,541.8,437.2,359.6,360.0,2,C
210058131090,2,F,3,0,2.0,0,Nilópolis,436.8,614.3,550.9,711.1,640.0,4,D
210060101246,2,F,1,0,1.0,0,Nova Iguaçu,537.0,536.9,536.4,448.9,900.0,7,G
210058724828,2,F,3,0,1.0,0,Duque de Caxias,588.5,534.4,504.2,379.8,580.0,3,B
210060887779,2,F,1,0,1.0,0,Duque de Caxias,604.6,518.8,599.4,593.0,920.0,4,C
210058240609,2,M,3,0,1.0,0,Duque de Caxias,512.3,478.1,538.6,514.9,320.0,3,B
210058724848,3,F,1,0,1.0,0,Niterói,459.6,484.2,531.2,574.3,840.0,4,B
210058742846,4,M,1,0,1.0,0,São João de Meriti,392.1,538.1,488.6,496.0,520.0,2,A
210058157934,3,M,1,0,1.0,0,Niterói,376.0,447.9,515.9,542.3,860.0,3,K
210061113095,2,M,2,0,1.0,0,Nilópolis,495.8,563.9,520.9,524.8,520.0,3,G
210058047588,3,F,2,0,1.0,0,Nova Iguaçu,499.4,475.9,506.7,443.1,600.0,3,B
210058767272,6,M,1,0,1.0,0,Nova Iguaçu,475.6,548.6,474.8,514.9,500.0,2,B
210060787232,7,M,2,0,1.0,0,Nova Iguaçu,506.8,531.9,518.7,575.7,540.0,4,E
210058473439,3,F,1,0,1.0,0,Nova Iguaçu,456.6,403.7,491.3,493.0,880.0,3,C
210058513832,2,M,1,0,1.0,0,Niterói,538.2,529.6,535.7,530.5,840.0,4,G
210058467363,2,M,1,0,1.0,0,Niterói,549.6,548.2,547.7,631.4,540.0,2,D
210058889484,2,F,3,0,1.0,0,Nova Iguaçu,457.2,509.4,523.2,480.1,680.0,4,D
210058586494,2,F,1,0,1.0,0,Niterói,545.0,578.3,602.4,617.4,800.0,4,J
210061416292,2,M,1,0,1.0,0,São João de Meriti,514.0,575.2,544.0,615.6,680.0,4,E
210060415123,3,F,3,0,1.0,0,São João de Meriti,513.7,478.5,474.6,433.2,700.0,3,B
210061134244,2,M,1,0,1.0,0,Nova Iguaçu,562.7,633.1,619.9,711.9,760.0,3,K
210060434618,2,F,1,0,1.0,0,Maricá,440.0,575.7,533.3,363.8,600.0,4,D
210058334203,1,M,1,0,1.0,0,Duque de Caxias,522.8,594.0,551.0,520.4,360.0,2,A
210061523079,3,F,1,0,1.0,0,Niterói,639.4,625.2,618.1,665.7,920.0,2,E
210058516076,3,F,3,0,1.0,0,Nova Iguaçu,497.4,514.2,463.1,471.0,520.0,3,C
210058787883,3,M,1,0,1.0,0,Duque de Caxias,439.1,504.2,542.7,488.2,480.0,5,D
210058396186,3,F,3,0,1.0,0,Maricá,411.0,482.0,466.7,332.4,640.0,2,E
210058135513,2,M,2,0,1.0,0,Nilópolis,468.7,531.8,484.2,399.5,360.0,6,F
210058684023,2,F,2,0,1.0,0,Duque de Caxias,458.5,576.7,564.2,636.8,440.0,6,F
210060287186,3,M,2,0,1.0,0,Niterói,517.1,551.7,579.1,634.0,780.0,3,D
210060312864,3,M,1,0,1.0,0,Nova Iguaçu,530.2,623.9,587.5,657.9,760.0,4,D
210058068626,2,F,3,0,1.0,0,Nova Iguaçu,548.6,547.3,553.2,413.4,740.0,3,D
210058824296,3,F,1,0,1.0,0,Niterói,455.3,535.7,515.1,511.7,640.0,3,C
210060312862,3,M,3,0,1.0,0,Duque de Caxias,609.2,661.5,529.7,705.2,900.0,3,K
210058312729,2,F,1,0,1.0,0,Duque de Caxias,485.7,533.2,556.2,553.3,660.0,3,D
210058569175,3,F,1,0,1.0,0,Duque de Caxias,445.3,434.6,465.6,432.6,600.0,3,G
210058713477,3,M,1,0,1.0,0,São João de Meriti,327.5,390.5,298.8,455.5,340.0,4,A
210058170716,3,M,1,0,1.0,0,Niterói,587.3,578.7,595.5,687.4,720.0,4,Q
210058448089,2,M,3,0,1.0,0,Duque de Caxias,381.5,591.8,545.0,714.5,600.0,4,E
210061124499,3,F,1,0,2.0,0,Duque de Caxias,576.7,569.1,604.5,735.0,640.0,3,L
210058052185,2,F,1,0,1.0,0,Niterói,584.8,617.2,552.0,684.2,860.0,4,O
210058170720,1,F,1,0,1.0,0,Duque de Caxias,429.0,429.1,504.4,596.7,800.0,4,D
210058867309,3,F,3,0,1.0,0,Duque de Caxias,527.5,598.7,556.6,572.2,500.0,2,C
210058602456,3,M,3,0,1.0,0,Belford Roxo,451.1,485.6,498.9,448.2,420.0,6,B
210058781302,2,F,3,0,1.0,0,São João de Meriti,413.7,451.1,512.1,406.5,700.0,5,A
210058867317,3,F,1,0,1.0,0,Niterói,538.6,571.4,599.6,631.3,900.0,4,N
210058505678,3,F,2,0,1.0,0,Niterói,477.3,542.0,462.0,438.1,680.0,4,F
210060976853,4,F,1,0,1.0,0,Nova Iguaçu,638.5,660.3,671.1,750.8,880.0,3,K
210058234521,2,M,1,0,1.0,0,Niterói,335.3,420.2,327.4,393.1,700.0,4,N
210061072734,2,M,1,0,1.0,0,Duque de Caxias,589.0,660.3,610.7,668.7,880.0,2,L
210058866959,4,M,2,0,1.0,0,Nilópolis,383.2,507.2,501.7,368.3,680.0,8,B
210058395774,2,F,2,0,1.0,0,São João de Meriti,515.7,611.6,554.7,551.2,660.0,5,D
210061544767,3,F,2,0,1.0,0,Nova Iguaçu,541.8,457.8,416.3,505.1,600.0,3,B
210058875341,3,F,1,0,1.0,0,Nova Iguaçu,399.3,364.5,458.0,371.4,520.0,3,C
210058239803,2,M,1,0,1.0,0,Niterói,483.8,535.8,610.1,539.3,560.0,2,B
210058299818,3,F,1,0,1.0,0,Niterói,571.2,578.6,643.2,446.6,780.0,3,H
210061321433,2,F,1,0,1.0,0,Duque de Caxias,527.3,576.1,555.7,358.0,560.0,3,E
210058172883,2,M,3,0,1.0,0,Duque de Caxias,554.4,633.1,564.9,739.0,760.0,4,F
210058168590,3,M,2,0,1.0,0,São João de Meriti,624.3,617.7,542.7,676.3,840.0,3,G
210058204718,2,F,1,0,1.0,0,Nilópolis,437.4,520.8,556.8,491.7,860.0,3,E
210058898368,2,M,1,0,1.0,0,Niterói,658.2,636.8,662.5,790.9,740.0,3,P
210060982476,2,F,1,0,1.0,0,São João de Meriti,431.5,478.4,461.6,524.5,640.0,2,B
210058261501,3,F,3,0,1.0,0,Niterói,561.1,590.7,608.9,529.1,880.0,3,E
210059726122,2,F,2,0,1.0,0,Nova Iguaçu,516.1,534.7,553.3,581.7,860.0,3,J
210058350931,3,M,1,0,1.0,0,Niterói,532.6,400.9,482.1,462.6,480.0,4,H
210061531047,3,F,3,0,1.0,0,Niterói,521.7,652.6,585.7,632.4,640.0,4,D
210058665576,2,F,1,0,1.0,0,Duque de Caxias,492.7,592.5,581.0,561.8,640.0,3,E
210058201396,2,F,2,0,1.0,0,Nova Iguaçu,522.3,623.3,625.2,617.5,820.0,3,C
210058172864,3,M,1,0,1.0,0,Niterói,605.8,539.1,596.1,694.2,680.0,4,H
210058834484,3,F,3,0,1.0,0,Duque de Caxias,505.3,621.4,615.5,643.0,740.0,2,B
210058602279,3,M,2,0,1.0,0,São João de Meriti,562.1,336.9,454.8,506.3,540.0,4,E
210058268869,3,F,3,0,1.0,0,São João de Meriti,508.5,527.4,538.2,627.9,560.0,4,E
210058519212,1,F,1,0,1.0,0,Nilópolis,387.6,475.1,534.6,572.4,480.0,4,C
210058525259,4,M,1,0,1.0,0,Duque de Caxias,535.7,584.3,575.1,476.4,720.0,4,K
210060457609,2,F,3,0,1.0,0,Nova Iguaçu,453.3,475.1,510.1,537.2,520.0,4,B
210058219279,2,M,1,0,1.0,0,Nova Iguaçu,517.6,572.6,343.0,652.3,740.0,3,D
210058611398,3,M,1,0,1.0,0,Nova Iguaçu,538.9,651.8,598.4,693.1,860.0,4,J
210061232737,2,F,3,0,1.0,0,Duque de Caxias,511.0,565.3,519.7,611.9,900.0,5,J
210058776285,2,F,3,0,1.0,0,Duque de Caxias,587.5,567.8,518.4,602.6,980.0,5,J
210060098766,3,F,0,0,1.0,0,Duque de Caxias,509.3,588.8,560.0,413.6,380.0,7,H
210058581612,2,F,2,0,1.0,0,São João de Meriti,392.4,440.5,476.4,454.9,680.0,5,G
210061524539,2,M,1,0,1.0,0,Nova Iguaçu,519.2,551.2,481.2,461.8,580.0,3,K
210061301970,2,M,2,0,1.0,0,Nilópolis,560.9,645.4,589.1,595.1,680.0,3,C
210059730895,3,F,2,0,1.0,0,Niterói,480.3,486.7,470.9,617.3,820.0,4,G
210061596950,3,M,3,0,1.0,0,Nova Iguaçu,503.8,464.0,480.2,448.3,380.0,3,C
210060073453,3,M,1,0,1.0,0,Niterói,501.9,579.9,580.9,722.9,780.0,3,N
210058477231,2,F,3,0,1.0,0,Nova Iguaçu,487.2,587.3,602.4,591.6,700.0,2,D
210059797579,3,F,1,0,1.0,0,Niterói,652.0,640.5,659.0,797.3,700.0,4,I
210058615353,3,M,3,0,1.0,0,Maricá,505.4,564.0,469.4,576.5,600.0,4,I
210060063172,3,F,1,0,1.0,0,São João de Meriti,560.7,542.5,554.7,453.8,860.0,2,C
210059702971,3,M,3,0,1.0,0,Nova Iguaçu,523.6,492.7,511.6,460.6,580.0,4,B
210058119550,2,F,1,0,1.0,0,Niterói,432.7,404.7,486.4,594.2,760.0,3,L
210058281106,3,M,1,0,1.0,0,Nova Iguaçu,544.4,621.7,558.4,557.1,320.0,2,F
210058440871,2,F,1,0,1.0,0,Nova Iguaçu,481.8,326.3,387.3,589.1,440.0,3,E
210060831694,4,M,3,0,1.0,0,Duque de Caxias,480.2,487.7,510.8,455.3,540.0,4,C
210059844455,3,M,1,0,1.0,0,São João de Meriti,455.0,549.0,511.7,599.3,560.0,3,E
210058831548,2,M,1,0,1.0,0,Niterói,747.6,671.4,640.1,910.5,940.0,4,Q
210058833287,2,F,1,0,1.0,0,Niterói,385.1,525.6,460.7,517.7,880.0,4,Q
210059179920,3,F,1,0,1.0,0,Niterói,617.9,694.5,599.0,763.2,920.0,3,J
210058216234,2,F,1,0,1.0,0,Nova Iguaçu,658.1,543.2,515.6,698.3,960.0,4,P
210060818218,2,M,4,0,1.0,0,Niterói,473.0,490.3,480.8,577.7,380.0,3,D
210060413350,4,F,1,0,1.0,0,Niterói,613.2,618.4,641.4,740.6,780.0,4,G
210060385784,2,M,1,0,1.0,0,Duque de Caxias,536.1,515.7,533.9,561.7,760.0,2,I
210058827676,3,F,2,0,1.0,0,Duque de Caxias,556.2,561.9,632.1,635.1,820.0,3,C
210059813016,2,F,3,0,1.0,0,Nova Iguaçu,500.4,558.6,544.6,450.7,760.0,3,E
210058506696,2,F,1,0,1.0,0,Niterói,536.3,491.9,477.9,626.0,800.0,6,C
210058086808,2,F,3,0,1.0,0,Duque de Caxias,417.0,461.6,490.7,382.1,560.0,6,C
210059638072,2,F,1,0,1.0,0,Niterói,426.5,491.9,491.5,553.3,660.0,4,C
210060355853,3,M,2,0,1.0,0,Duque de Caxias,525.9,519.6,521.0,514.5,560.0,3,C
210058506740,4,F,1,0,1.0,0,Niterói,489.6,604.9,598.6,639.6,740.0,5,D
210058833601,3,F,1,0,1.0,0,Niterói,556.2,560.4,586.1,604.9,780.0,4,A
210058506720,4,M,3,0,1.0,0,Belford Roxo,579.5,389.9,472.2,510.2,740.0,4,C
210060849419,3,F,1,0,1.0,0,São João de Meriti,534.9,605.9,553.4,559.6,960.0,4,D
210061155553,2,F,1,0,1.0,0,Niterói,648.5,656.2,636.6,775.6,980.0,4,I
210060604023,4,F,2,0,1.0,0,Nova Iguaçu,559.1,540.8,578.0,374.9,720.0,2,C
210060633248,3,F,2,0,1.0,0,Duque de Caxias,505.4,479.1,503.4,407.6,640.0,3,I
210058429707,2,M,1,0,1.0,0,Niterói,602.4,590.3,592.4,672.9,820.0,3,F
210058429729,3,M,1,0,1.0,0,Niterói,502.4,537.6,555.3,484.7,620.0,3,E
210058182025,4,M,3,0,1.0,0,Niterói,419.9,450.5,454.6,584.7,640.0,4,D
210059167050,2,F,1,0,1.0,0,Nova Iguaçu,595.0,563.5,538.5,679.5,920.0,2,B
210058620636,2,F,1,0,1.0,0,Nova Iguaçu,469.1,380.9,486.6,604.3,960.0,4,G
210058448034,3,F,1,0,1.0,0,Nilópolis,384.0,379.2,498.8,352.6,400.0,3,B
210060191472,3,M,1,0,1.0,0,Niterói,593.3,636.2,606.4,696.9,840.0,3,P
210058064144,2,F,1,0,1.0,0,Nova Iguaçu,483.6,612.3,583.2,605.6,800.0,5,I
210059798133,2,M,3,0,1.0,0,Duque de Caxias,506.6,567.5,636.1,622.2,580.0,4,F
210061299918,4,M,3,0,1.0,0,Duque de Caxias,552.9,573.4,559.2,608.2,580.0,4,B
210058082025,3,F,3,0,1.0,0,Nova Iguaçu,388.8,462.6,459.3,359.0,380.0,3,B
210061562401,2,M,1,0,1.0,0,Niterói,588.8,432.3,537.0,440.6,640.0,5,G
210059623227,3,M,3,0,1.0,0,Nova Iguaçu,563.8,595.3,559.6,638.5,520.0,6,G
210059102751,15,F,3,0,1.0,0,Nova Iguaçu,460.6,498.0,487.7,387.2,480.0,2,A
210060258383,2,F,1,0,1.0,0,Duque de Caxias,538.8,545.5,560.5,514.3,780.0,4,B
210058392329,2,F,1,0,1.0,0,Nova Iguaçu,480.7,498.7,581.9,466.4,720.0,4,C
210061492454,2,M,2,0,1.0,0,Duque de Caxias,551.5,576.3,594.7,602.0,560.0,3,H
210058856749,2,M,1,0,1.0,0,Niterói,546.6,618.1,563.3,725.1,920.0,4,O
210060266898,3,F,1,0,1.0,0,Niterói,488.4,451.5,521.4,500.8,720.0,2,C
210058890096,3,M,1,0,1.0,0,Niterói,582.4,675.8,658.5,743.9,920.0,3,Q
210058288587,3,F,3,0,1.0,0,Duque de Caxias,571.4,540.2,565.2,422.6,660.0,2,G
210058088650,3,F,1,0,1.0,0,Duque de Caxias,454.7,473.4,513.0,648.4,840.0,3,B
210060300532,3,F,3,0,1.0,0,Maricá,594.2,717.1,641.6,714.5,820.0,3,I
210061136134,3,M,0,0,1.0,0,Belford Roxo,517.7,534.3,500.7,501.6,540.0,4,F
210060710315,2,M,2,0,1.0,0,Nilópolis,493.4,365.0,423.7,515.8,520.0,6,H
210060710316,2,M,3,0,1.0,0,São João de Meriti,503.9,441.4,528.9,568.1,480.0,4,E
210058558624,3,F,2,0,1.0,0,Niterói,493.4,431.8,489.1,472.1,720.0,3,C
210059610268,2,M,1,0,1.0,0,Nova Iguaçu,501.4,550.5,556.8,700.3,600.0,4,C
210058558623,2,M,2,0,1.0,0,Nova Iguaçu,525.4,447.9,538.4,524.0,420.0,2,C
210058230925,3,F,3,0,1.0,0,São João de Meriti,564.4,598.9,626.3,496.0,720.0,5,D
210061136136,4,F,1,0,1.0,0,Niterói,382.3,446.8,349.5,334.8,480.0,4,B
210061573772,2,M,1,0,1.0,0,Duque de Caxias,474.7,575.4,547.4,567.9,500.0,5,D
210058251224,2,M,1,0,1.0,0,Belford Roxo,462.5,419.8,375.3,404.9,480.0,2,B
210058203174,2,F,1,0,1.0,0,Niterói,492.3,579.8,577.4,717.5,780.0,3,L
210061573777,3,M,3,0,1.0,0,Maricá,581.0,503.1,528.0,611.9,600.0,5,F
210059346951,2,M,3,0,1.0,0,Duque de Caxias,547.9,514.9,536.5,619.7,560.0,7,B
210058525521,2,F,1,0,1.0,0,Belford Roxo,472.4,620.0,599.8,388.1,720.0,2,D
210061331242,2,F,1,0,1.0,0,São João de Meriti,442.6,502.0,523.6,386.2,580.0,4,B
210058208866,2,M,2,0,1.0,0,Nova Iguaçu,481.7,644.2,588.8,399.6,860.0,3,G
210058102040,3,F,3,0,1.0,0,São João de Meriti,452.2,570.0,551.9,529.9,620.0,6,D
210058833622,5,M,3,0,1.0,0,Duque de Caxias,477.7,308.0,381.3,428.8,360.0,3,C
210060932414,3,F,1,0,1.0,0,São João de Meriti,416.1,482.8,516.2,586.9,380.0,2,B
210059690277,3,F,1,0,1.0,0,Niterói,479.0,495.1,511.1,515.7,720.0,3,F
210058102054,3,F,1,0,1.0,0,Nova Iguaçu,400.9,456.0,428.7,361.9,460.0,2,B
210058397881,3,M,1,0,1.0,0,Niterói,483.9,603.5,518.6,609.0,860.0,6,L
210061521510,3,M,3,0,1.0,0,São João de Meriti,527.2,484.6,454.5,587.0,840.0,3,E
210058504567,2,F,1,0,1.0,0,Duque de Caxias,511.0,542.6,548.3,409.3,920.0,2,H
210058540609,3,M,3,0,1.0,0,Duque de Caxias,494.6,520.8,376.4,475.6,900.0,4,E
210060868590,3,M,3,0,1.0,0,Belford Roxo,450.7,354.3,388.6,529.0,420.0,3,B
210059698468,2,F,1,0,1.0,0,Nova Iguaçu,575.9,554.4,527.3,633.0,920.0,4,M
210061060942,2,F,1,0,1.0,0,Niterói,495.8,600.1,552.8,569.3,940.0,4,F
210061064928,2,F,1,0,1.0,0,Belford Roxo,453.0,378.8,433.6,471.7,420.0,4,B
210059985424,3,F,1,0,1.0,0,Duque de Caxias,443.6,524.3,490.0,361.0,640.0,2,B
210061084115,3,F,2,0,1.0,0,Niterói,413.7,573.2,513.2,483.0,720.0,3,B
210060457907,2,F,1,0,1.0,0,Maricá,484.2,512.9,579.5,556.1,800.0,2,D
210060258899,2,M,1,0,1.0,0,Duque de Caxias,470.3,475.8,552.9,574.3,540.0,3,E
210061410028,3,M,3,0,1.0,0,Nova Iguaçu,400.1,349.4,405.4,483.8,420.0,2,B
210058785249,3,F,1,0,1.0,0,Niterói,504.9,570.9,536.4,478.6,900.0,3,H
210059820973,2,F,3,0,1.0,0,São João de Meriti,459.5,564.8,557.7,518.0,500.0,5,E
210059022634,2,M,3,0,1.0,0,Duque de Caxias,542.0,584.6,559.8,518.0,520.0,3,E
210061240365,2,F,1,0,1.0,0,Niterói,385.0,538.8,462.5,613.5,720.0,4,N
210059777035,3,M,3,0,1.0,0,Niterói,448.6,487.4,542.0,595.3,380.0,3,C
210058329171,3,F,2,0,1.0,0,Duque de Caxias,443.5,567.2,602.7,409.4,840.0,2,B
210058270483,4,F,2,0,1.0,0,Nova Iguaçu,482.4,353.0,490.6,337.6,460.0,2,E
210059620601,3,M,2,0,1.0,0,Duque de Caxias,579.4,591.4,549.3,563.5,640.0,3,C
210060021659,3,F,1,0,1.0,0,São João de Meriti,572.7,526.5,556.8,529.0,560.0,3,B
210060320647,2,F,1,0,1.0,0,Nova Iguaçu,558.9,580.7,597.4,651.2,960.0,4,G
210059777041,2,M,1,0,1.0,0,Duque de Caxias,501.2,569.0,522.7,645.7,560.0,4,I
210058138972,3,F,3,0,1.0,0,Duque de Caxias,493.7,620.1,583.1,525.3,840.0,6,B
210060434988,2,F,3,0,1.0,0,Duque de Caxias,559.0,620.5,535.4,687.0,700.0,4,G
210059713275,4,M,3,0,1.0,0,Niterói,728.6,636.7,639.0,890.2,720.0,4,D
210058509733,3,M,1,0,1.0,0,Niterói,528.1,598.7,619.4,731.6,840.0,3,N
210060762550,3,M,1,0,1.0,0,São João de Meriti,665.4,556.5,585.8,773.7,700.0,3,H
210060434992,4,F,0,0,1.0,0,São João de Meriti,439.2,529.9,516.0,334.9,600.0,2,A
210058405639,2,F,3,0,1.0,0,Duque de Caxias,579.0,619.1,520.9,587.3,620.0,3,B
210058064165,3,M,3,0,1.0,0,São João de Meriti,584.0,566.0,580.9,541.9,840.0,3,D
210058084401,2,M,3,0,1.0,0,Duque de Caxias,513.0,657.3,617.5,659.2,860.0,2,H
210061346760,4,M,1,0,1.0,0,Nova Iguaçu,556.9,549.9,551.0,604.1,640.0,4,C
210058408222,2,M,1,0,1.0,0,Niterói,587.4,591.2,588.3,532.4,660.0,4,K
210061421852,3,F,1,0,1.0,0,Niterói,518.8,583.2,567.1,524.6,720.0,4,K
210060939690,4,M,1,0,1.0,0,Duque de Caxias,516.4,557.7,556.1,619.2,580.0,5,E
210061327301,3,M,3,0,1.0,0,Belford Roxo,473.9,490.0,437.8,459.6,460.0,3,B
210060050263,3,M,0,0,1.0,0,Duque de Caxias,672.1,648.5,614.4,801.1,920.0,3,M
210059344187,2,F,3,0,1.0,0,Niterói,441.8,494.2,474.6,391.0,680.0,3,C
210058833084,3,F,1,0,1.0,0,Duque de Caxias,586.6,604.7,622.6,626.2,780.0,3,D
210060365117,2,F,1,0,1.0,0,Niterói,614.0,509.8,560.7,696.9,920.0,2,O
210060355552,2,M,1,0,1.0,0,Niterói,590.3,611.4,629.7,557.4,720.0,3,E
210061142049,6,F,2,0,1.0,0,Duque de Caxias,413.8,423.7,440.2,404.7,520.0,6,B
210061124400,2,F,1,0,1.0,0,Niterói,497.6,575.9,546.5,467.5,920.0,2,E
210060300113,3,M,3,0,1.0,0,Niterói,546.1,626.2,588.6,701.7,620.0,3,Q
210058055203,3,M,1,0,1.0,0,Niterói,516.3,604.0,561.9,502.7,360.0,4,B
210058127274,3,F,1,0,1.0,0,Nova Iguaçu,431.7,488.5,475.2,470.1,440.0,5,B
210058552729,4,F,3,0,1.0,0,São João de Meriti,458.2,367.9,442.6,354.0,580.0,5,B
210058442890,2,F,1,0,1.0,0,Niterói,599.1,622.9,623.9,725.4,900.0,4,J
210058240310,3,M,1,0,1.0,0,Nova Iguaçu,479.4,360.6,332.6,536.5,460.0,5,B
210058802239,2,F,1,0,1.0,0,Nova Iguaçu,421.0,495.0,486.8,425.6,740.0,3,C
210061559460,3,F,1,0,1.0,0,Duque de Caxias,664.6,690.3,605.6,792.6,940.0,3,D
210058206935,3,F,3,0,1.0,0,São João de Meriti,427.2,435.7,466.5,398.5,540.0,4,C
210060324922,4,M,1,0,1.0,0,Niterói,466.2,398.4,430.6,386.0,480.0,4,D
210058346531,2,M,3,0,1.0,0,Maricá,383.0,413.7,552.8,558.1,600.0,3,C
210060367174,2,F,1,0,1.0,0,Niterói,507.8,544.5,581.0,684.5,920.0,2,P
210060688837,2,M,3,0,1.0,0,Duque de Caxias,423.1,361.1,305.7,431.6,360.0,5,B
210058379501,2,F,1,0,1.0,0,Nilópolis,572.7,488.5,537.2,519.4,640.0,2,B
210058088784,3,F,1,0,1.0,0,Niterói,645.1,630.5,656.6,820.7,960.0,4,N
210058243849,2,F,1,0,1.0,0,Nova Iguaçu,469.9,529.5,535.2,533.7,680.0,4,G
210060677780,2,F,3,0,1.0,0,São João de Meriti,458.9,512.6,475.7,543.2,640.0,4,C
210058799392,3,M,1,0,1.0,0,Niterói,524.4,708.1,671.1,615.2,860.0,3,Q
210060124735,2,M,1,0,1.0,0,Nilópolis,623.0,589.9,580.0,621.2,660.0,3,G
210058427057,3,F,3,0,1.0,0,Maricá,450.2,578.1,510.6,367.1,760.0,5,D
210060320886,3,M,1,0,1.0,0,Maricá,579.6,603.8,677.4,693.5,540.0,3,C
210058817315,4,M,1,0,1.0,0,Niterói,626.1,642.7,618.4,735.0,520.0,4,F
210060827849,2,F,2,0,1.0,0,Niterói,535.1,556.7,565.7,559.0,680.0,4,I
210060313129,2,F,3,0,1.0,0,Belford Roxo,522.8,560.5,593.1,492.0,780.0,3,J
210059998429,3,F,2,0,1.0,0,São João de Meriti,407.0,501.2,562.1,484.4,440.0,4,F
210060764376,3,F,1,0,1.0,0,Niterói,452.5,510.9,472.0,474.4,440.0,4,Q
210058715874,4,F,1,0,1.0,0,Duque de Caxias,623.7,670.3,632.3,654.1,940.0,3,H
210058466117,2,F,1,0,1.0,0,Nova Iguaçu,386.1,422.5,465.3,387.8,680.0,3,E
210060271320,2,M,3,0,1.0,0,São João de Meriti,634.4,588.1,565.8,661.4,540.0,3,E
210058298414,2,F,1,0,1.0,0,Niterói,535.8,454.5,497.7,450.4,580.0,3,B
210061450967,2,F,1,0,1.0,0,Nova Iguaçu,567.7,597.6,323.2,454.8,860.0,5,D
210061030180,2,F,1,0,1.0,0,Niterói,554.1,529.9,537.9,613.9,840.0,2,B
210058303761,2,F,3,0,1.0,0,São João de Meriti,469.0,553.4,478.2,355.4,560.0,3,J
210060443582,4,M,1,0,1.0,0,Nova Iguaçu,511.2,504.9,505.9,488.3,500.0,4,C
210059908350,3,M,3,0,1.0,0,Duque de Caxias,475.7,597.6,543.5,506.0,580.0,2,B
210061126456,3,M,1,0,1.0,0,Duque de Caxias,605.6,570.7,561.8,651.8,840.0,3,D
210058199078,4,F,2,0,1.0,0,Duque de Caxias,445.0,482.1,521.3,343.0,540.0,2,C
210060232900,2,F,1,0,1.0,0,Nova Iguaçu,506.1,602.6,618.1,552.9,720.0,4,A
210061591728,4,F,3,0,1.0,0,Niterói,445.6,495.0,534.9,401.8,640.0,3,O
210060245859,3,F,3,0,1.0,0,Duque de Caxias,555.0,453.5,651.5,488.4,760.0,5,D
210060469373,2,M,1,0,1.0,0,Niterói,565.5,617.6,610.6,616.1,880.0,4,G
210058334134,3,F,2,0,1.0,0,Nova Iguaçu,440.0,494.2,461.8,472.2,560.0,4,C
210058160241,3,M,1,0,1.0,0,Niterói,642.1,649.7,643.0,865.1,940.0,3,Q
210061608702,2,M,1,0,1.0,0,Nova Iguaçu,490.4,526.7,505.5,430.6,580.0,2,D
210058215433,2,M,2,0,1.0,0,Duque de Caxias,594.5,646.0,591.2,639.3,880.0,3,B
210058292722,2,F,3,0,1.0,0,Niterói,566.3,595.0,600.2,663.6,920.0,4,G
210058039117,3,M,1,0,1.0,0,Duque de Caxias,381.3,433.0,448.5,496.7,640.0,2,B
210058704439,3,M,1,0,1.0,0,Niterói,606.6,625.6,557.6,658.8,660.0,3,H
210059880500,3,M,3,0,1.0,0,Niterói,528.5,563.2,550.8,726.4,960.0,3,Q
210059716175,2,M,1,0,1.0,0,Nova Iguaçu,657.0,619.0,597.7,839.5,940.0,5,H
210058245545,3,F,3,0,1.0,0,Maricá,441.5,527.1,531.5,612.3,780.0,3,A
210061126464,2,F,1,0,1.0,0,Niterói,583.2,552.3,530.2,600.6,820.0,3,G
210061213125,3,M,1,0,1.0,0,Niterói,570.1,545.5,512.9,700.2,760.0,6,H
210059880496,4,M,1,0,1.0,0,Duque de Caxias,519.3,591.3,568.9,643.1,660.0,5,D
210058162318,2,M,1,0,1.0,0,Duque de Caxias,511.5,551.6,382.7,507.1,380.0,3,E
210058356121,5,F,2,0,1.0,0,Niterói,460.8,437.8,432.4,577.9,520.0,4,B
210058160251,3,M,3,0,1.0,0,Nova Iguaçu,523.5,541.0,531.2,427.4,660.0,2,D
210059704947,3,M,1,0,1.0,0,Niterói,489.4,489.8,543.4,558.3,900.0,4,I
210061213675,3,M,3,0,1.0,0,São João de Meriti,535.4,562.7,577.0,635.1,500.0,5,G
210060870297,2,M,1,0,1.0,0,Maricá,570.5,601.0,577.0,760.8,740.0,4,N
210058661615,2,F,1,0,1.0,0,Duque de Caxias,561.0,564.2,487.1,659.7,900.0,5,G
210058566724,2,F,1,0,1.0,0,São João de Meriti,558.9,624.9,601.3,503.6,620.0,2,G
210061521566,2,F,2,0,1.0,0,Nova Iguaçu,516.7,520.3,463.4,377.5,580.0,3,C
210059787842,2,M,2,0,1.0,0,Duque de Caxias,545.6,583.9,524.5,525.4,500.0,3,C
210060338880,2,F,1,0,1.0,0,Niterói,604.0,572.4,563.0,580.6,960.0,3,D
210058823992,3,F,3,0,1.0,0,São João de Meriti,476.0,550.3,523.2,634.8,780.0,3,C
210059911261,2,F,2,0,1.0,0,Nova Iguaçu,654.5,630.8,605.7,679.1,520.0,3,D
210058334089,2,F,3,0,1.0,0,São João de Meriti,442.8,376.6,454.3,383.8,400.0,5,B
210060924850,3,F,1,0,1.0,0,Niterói,387.3,450.3,463.9,348.8,820.0,4,L
210058181279,3,F,3,0,1.0,0,Belford Roxo,516.5,608.0,655.5,441.6,740.0,3,G
210058515435,2,F,1,0,1.0,0,Maricá,437.3,372.7,444.5,531.2,360.0,4,C
210058039876,2,F,1,0,1.0,0,Nilópolis,548.6,573.4,498.4,595.6,600.0,2,D
210061600919,2,F,2,0,1.0,0,Maricá,536.6,597.1,512.3,612.3,840.0,4,G
210058538987,2,M,1,0,1.0,0,Nova Iguaçu,569.0,661.9,661.8,676.3,800.0,3,G
210061616655,2,F,1,0,1.0,0,Duque de Caxias,568.6,510.4,541.6,524.6,600.0,4,C
210061371394,2,M,1,0,1.0,0,Maricá,521.7,638.8,594.9,789.4,560.0,3,I
210061623795,2,F,1,0,1.0,0,Maricá,585.9,602.7,549.7,626.7,920.0,4,C
210060202450,3,M,3,0,1.0,0,São João de Meriti,473.5,506.0,509.3,635.4,780.0,4,I
210060264522,2,F,1,0,1.0,0,Nova Iguaçu,381.7,398.8,484.2,520.3,520.0,3,B
210058362401,4,M,1,0,1.0,0,Maricá,570.6,554.8,553.3,804.7,760.0,6,E
210058722288,4,M,2,0,1.0,0,Belford Roxo,350.5,543.6,521.0,405.0,580.0,4,A
210061623784,3,M,0,0,1.0,0,Niterói,562.7,561.5,515.9,604.3,660.0,4,G
210060191523,2,F,1,0,1.0,0,Niterói,575.6,646.4,628.1,654.6,900.0,5,G
210061617307,3,F,3,0,1.0,0,São João de Meriti,438.4,483.1,474.7,445.7,480.0,4,C
210058843988,3,F,3,0,1.0,0,Duque de Caxias,412.6,433.5,522.7,393.1,760.0,3,B
210061344301,2,F,1,0,1.0,0,Nova Iguaçu,437.0,507.1,467.9,420.0,580.0,2,B
210058488837,2,F,1,0,1.0,0,Duque de Caxias,523.3,551.1,534.1,622.3,760.0,4,B
210058262558,3,M,2,0,1.0,0,Nova Iguaçu,493.5,323.7,332.8,464.7,620.0,7,B
210058454455,4,M,1,0,1.0,0,Duque de Caxias,453.5,570.8,551.5,481.6,640.0,4,D
210058650139,3,M,3,0,1.0,0,Nova Iguaçu,477.6,522.0,541.6,412.0,540.0,5,B
210058682283,2,F,3,0,1.0,0,Nova Iguaçu,506.1,416.3,478.2,416.5,660.0,4,I
210058740505,2,F,3,0,1.0,0,Nova Iguaçu,438.4,498.0,507.9,545.7,420.0,4,B
210060284302,3,M,1,0,1.0,0,Niterói,449.3,540.1,554.8,567.0,840.0,3,C
210058600124,3,M,1,0,1.0,0,Niterói,624.6,618.7,573.6,749.9,880.0,2,O
210058600136,3,F,1,0,1.0,0,Niterói,437.1,537.8,514.3,413.7,760.0,3,E
210059597557,3,M,1,0,1.0,0,Maricá,586.7,688.3,618.8,668.6,860.0,4,G
210058041798,4,M,1,0,1.0,0,Nova Iguaçu,410.9,489.9,552.9,428.7,480.0,3,B
210058850307,2,F,1,0,1.0,0,Niterói,538.8,605.6,586.2,726.9,780.0,5,O
210058868797,3,M,1,0,1.0,0,Niterói,650.1,662.9,654.9,775.7,740.0,5,N
210058041804,2,M,2,0,1.0,0,Nova Iguaçu,471.7,469.1,552.9,631.5,780.0,4,E
210060365136,3,F,0,0,1.0,0,Duque de Caxias,533.3,536.0,593.0,637.2,620.0,2,F
210058833098,2,M,1,0,1.0,0,Duque de Caxias,369.7,355.3,436.7,363.4,560.0,4,D
210058321410,2,M,1,0,1.0,0,São João de Meriti,460.2,591.2,592.4,510.7,740.0,3,F
210058088804,2,F,1,0,1.0,0,São João de Meriti,630.1,686.2,672.7,741.8,820.0,3,G
210059759314,3,M,1,0,1.0,0,Duque de Caxias,526.2,552.4,583.0,473.9,500.0,4,B
210061124405,2,F,1,0,1.0,0,Duque de Caxias,460.6,490.1,585.9,459.4,620.0,3,B
210058833095,2,M,1,0,1.0,0,Nova Iguaçu,445.4,461.2,494.2,484.2,580.0,4,G
210058166884,2,F,1,0,1.0,0,Niterói,633.6,705.9,640.7,753.5,880.0,4,Q
210058710824,3,F,1,0,1.0,0,Niterói,692.6,685.4,679.5,794.5,900.0,4,Q
210058895850,4,F,1,0,1.0,0,Niterói,386.6,427.5,395.4,372.6,460.0,2,B
210060718134,2,F,3,0,1.0,0,Duque de Caxias,528.3,532.0,594.5,413.7,820.0,2,B
210060281776,2,F,3,0,1.0,0,São João de Meriti,441.5,485.7,483.7,481.3,460.0,5,C
210058863603,2,M,3,0,1.0,0,São João de Meriti,521.3,443.4,407.7,389.6,900.0,5,C
210058211202,2,F,3,0,1.0,0,São João de Meriti,454.0,575.5,570.1,358.9,880.0,5,C
210058505928,3,M,3,0,1.0,0,Duque de Caxias,601.3,602.9,548.3,667.5,920.0,5,B
210060037327,3,F,2,0,1.0,0,Niterói,421.0,556.7,524.8,380.4,740.0,2,B
210059733424,4,M,1,0,1.0,0,Niterói,422.6,327.5,318.6,411.7,360.0,5,D
210058592231,3,F,3,0,1.0,0,Nova Iguaçu,517.7,589.1,588.0,518.8,620.0,3,Q
210058843966,2,F,2,0,1.0,0,Nova Iguaçu,488.4,500.0,437.7,546.8,660.0,4,E
210058444598,3,F,3,0,1.0,0,Maricá,380.9,469.0,446.1,336.3,360.0,5,C
210061460658,3,M,1,0,1.0,0,Duque de Caxias,476.4,535.0,524.7,430.2,700.0,3,C
210058159330,3,F,1,0,1.0,0,Niterói,574.5,516.0,589.3,605.6,700.0,4,G
210058635054,2,F,2,0,1.0,0,Niterói,590.3,615.1,595.1,752.9,960.0,5,Q
210058272314,3,M,1,0,1.0,0,Niterói,665.2,659.9,617.4,832.4,840.0,2,I
210058376544,3,M,1,0,1.0,0,Niterói,605.2,613.8,448.1,742.1,840.0,3,N
210058311703,3,F,2,0,1.0,0,Nova Iguaçu,408.1,402.6,455.3,484.7,520.0,2,B
210059591898,3,F,1,0,1.0,0,Belford Roxo,604.9,552.1,616.5,639.2,740.0,3,E
210058744489,3,F,3,0,1.0,0,Duque de Caxias,464.8,575.4,563.3,426.4,320.0,5,D
210060279498,3,F,3,0,1.0,0,Nilópolis,482.0,564.4,593.8,520.6,880.0,3,D
210058434935,2,M,1,0,1.0,0,Niterói,611.9,561.6,532.6,757.2,920.0,3,M
210059679227,2,F,1,0,1.0,0,Niterói,618.0,714.6,622.1,754.9,960.0,3,J
210060528278,2,M,3,0,1.0,0,Nova Iguaçu,550.8,562.8,511.7,670.3,740.0,3,B
210058127970,2,F,3,0,1.0,0,Duque de Caxias,398.0,383.6,530.9,422.2,560.0,8,E
210058322713,4,F,1,0,1.0,0,Nova Iguaçu,593.9,589.0,603.0,730.7,840.0,4,I
210060642497,4,M,1,0,1.0,0,Niterói,543.2,519.7,547.2,654.2,640.0,5,H
210058389203,2,F,3,0,1.0,0,São João de Meriti,476.2,468.4,525.4,527.6,480.0,4,D
210058504613,3,M,2,0,1.0,0,Niterói,546.2,588.2,551.6,650.0,900.0,3,D
210058281920,2,F,1,0,1.0,0,Niterói,473.2,406.4,525.1,438.7,620.0,2,F
210058167876,2,M,1,0,1.0,0,Niterói,555.7,621.3,607.2,625.4,680.0,3,F
210060255906,3,F,3,0,1.0,0,Duque de Caxias,597.7,694.6,615.3,564.4,960.0,3,H
210061557318,3,F,1,0,1.0,0,Niterói,614.0,550.5,598.5,510.2,880.0,2,F
210061021191,3,M,1,0,1.0,0,Nilópolis,518.1,534.4,528.1,549.9,760.0,5,G
210059578974,2,F,2,0,1.0,0,São João de Meriti,477.0,517.5,434.4,408.7,360.0,3,G
210060689233,3,M,1,0,1.0,0,Niterói,564.1,549.2,498.9,686.1,360.0,4,F
210061557313,2,F,3,0,1.0,0,Belford Roxo,468.6,510.7,488.5,492.8,520.0,7,C
210060799101,3,F,1,0,1.0,0,Niterói,425.4,581.6,542.0,593.1,900.0,2,P
210058562192,2,F,3,0,1.0,0,São João de Meriti,455.7,511.4,535.2,498.8,660.0,4,C
210059578982,2,M,1,0,1.0,0,Niterói,630.3,633.8,572.8,720.9,840.0,4,E
210060284828,4,M,3,0,1.0,0,Nova Iguaçu,542.8,630.7,532.8,709.6,400.0,7,B
210058204816,3,M,3,0,1.0,0,Niterói,570.1,569.7,544.5,641.3,860.0,4,B
210059879907,2,F,1,0,1.0,0,Duque de Caxias,614.9,599.8,605.8,688.1,940.0,4,I
210061600973,3,F,1,0,1.0,0,Niterói,452.7,574.3,589.6,680.6,800.0,4,D
210061600971,3,M,1,0,1.0,0,Duque de Caxias,449.3,471.0,458.7,405.3,420.0,3,B
210058082742,2,M,1,0,1.0,0,São João de Meriti,702.2,643.0,628.5,872.2,920.0,4,B
210058958266,2,F,1,0,1.0,0,Niterói,473.9,558.5,465.4,616.4,880.0,4,N
210058571361,3,M,1,0,1.0,0,Niterói,586.7,680.2,606.8,419.1,660.0,3,E
210058245800,2,F,1,0,1.0,0,Niterói,615.1,703.9,578.8,772.4,920.0,4,I
210058545295,4,M,3,0,2.0,0,Nilópolis,353.0,350.3,425.5,368.6,360.0,3,B
210058432794,3,M,1,0,1.0,0,Nilópolis,464.9,440.2,477.9,440.7,420.0,2,E
210058047673,3,F,1,0,1.0,0,Niterói,641.0,626.2,578.6,685.9,580.0,4,Q
210061074135,2,F,1,0,1.0,0,Niterói,469.2,569.0,546.6,619.3,780.0,4,Q
210058285922,3,F,1,0,1.0,0,Niterói,570.3,586.6,562.0,557.8,900.0,3,C
210061074148,3,M,1,0,1.0,0,Niterói,613.6,621.6,609.1,744.6,920.0,4,F
210060266499,2,F,3,0,1.0,0,Nilópolis,456.4,552.5,555.7,443.5,420.0,2,B
210059795159,2,F,1,0,1.0,0,Niterói,449.1,455.0,425.9,463.2,560.0,3,E
210060801354,3,M,1,0,1.0,0,Niterói,532.6,599.6,569.2,696.8,640.0,4,H
210058546350,2,M,1,0,1.0,0,Niterói,573.5,628.2,553.1,788.9,920.0,3,L
210060215563,2,F,2,0,1.0,0,Nova Iguaçu,490.7,313.9,421.8,409.3,400.0,2,B
210060127508,2,F,3,0,1.0,0,Maricá,343.9,518.0,437.0,485.2,800.0,3,G
210058138525,3,F,1,0,1.0,0,Niterói,510.0,546.1,599.4,655.7,940.0,3,Q
210058760978,2,M,2,0,1.0,0,Maricá,541.1,454.9,452.8,605.7,580.0,3,C
210058731497,2,M,1,0,1.0,0,Maricá,492.5,455.2,519.3,645.3,520.0,4,K
210059911277,2,M,3,0,1.0,0,Niterói,441.4,574.1,496.4,648.6,680.0,5,J
210061585228,2,F,1,0,1.0,0,Nova Iguaçu,460.0,433.4,485.8,453.2,560.0,3,E
210058571571,2,F,0,0,1.0,0,Belford Roxo,517.2,499.1,567.4,557.3,780.0,2,B
210058282357,5,F,1,0,2.0,0,Niterói,339.0,316.6,380.1,343.7,320.0,4,K
210058579458,2,F,2,0,1.0,0,Nova Iguaçu,508.7,398.6,395.4,401.8,320.0,3,B
210060063130,2,M,1,0,1.0,0,Nilópolis,498.4,483.8,547.1,506.3,520.0,3,I
210058742951,3,M,1,0,1.0,0,Duque de Caxias,557.8,563.6,542.6,400.9,600.0,2,A
210058131138,2,M,2,0,1.0,0,Niterói,512.6,502.0,476.4,505.8,580.0,3,G
210061608733,3,M,3,0,1.0,0,Maricá,523.7,490.4,509.1,484.4,820.0,4,G
210060324320,3,M,1,0,1.0,0,Nova Iguaçu,598.5,609.0,609.4,731.8,780.0,5,N
210058282976,3,F,1,0,1.0,0,Niterói,520.4,537.9,560.3,436.8,800.0,2,G
210060245524,2,F,1,0,1.0,0,Niterói,510.6,637.2,562.0,662.0,800.0,3,D
210058114205,2,F,1,0,1.0,0,Nova Iguaçu,524.9,551.1,571.3,721.6,640.0,5,D
210058338268,4,M,1,0,1.0,0,Duque de Caxias,582.5,618.5,597.2,674.2,680.0,5,D
210061517688,3,F,1,0,1.0,0,Maricá,676.7,623.0,621.7,748.9,960.0,2,E
210058593781,4,M,1,0,1.0,0,Niterói,441.0,436.7,483.3,418.5,480.0,4,K
210058850330,2,M,1,0,1.0,0,Nova Iguaçu,633.6,623.1,605.7,700.1,560.0,3,D
210058136440,3,M,1,0,1.0,0,Niterói,579.7,610.5,559.7,602.9,940.0,4,K
210060181115,3,M,3,0,1.0,0,Niterói,632.9,719.6,623.4,718.7,860.0,4,J
210058479935,2,F,1,0,1.0,0,Nova Iguaçu,687.5,657.7,682.9,778.3,880.0,2,E
210061074162,2,F,1,0,1.0,0,Duque de Caxias,444.0,473.7,509.9,540.3,520.0,2,C
210059592912,2,F,2,0,1.0,0,Duque de Caxias,410.7,525.3,483.9,416.4,560.0,4,B
210058331225,3,M,1,0,1.0,0,Duque de Caxias,609.0,615.2,543.3,689.7,460.0,4,G
210058138514,2,M,2,0,1.0,0,São João de Meriti,450.5,637.4,555.1,698.4,740.0,4,J
210058793305,4,M,3,0,1.0,0,Niterói,529.8,589.2,562.1,613.2,760.0,6,O
210058478653,2,M,1,0,1.0,0,Duque de Caxias,614.5,621.8,651.4,691.9,780.0,7,E
210058751717,2,M,3,0,1.0,0,Niterói,630.6,563.9,580.1,782.4,700.0,2,E
210060978389,3,M,3,0,1.0,0,São João de Meriti,455.8,339.5,585.8,714.0,860.0,5,B
210059764565,3,M,2,0,1.0,0,Niterói,516.5,550.5,573.4,526.2,600.0,2,B
210058858050,2,F,1,0,1.0,0,Duque de Caxias,366.4,473.3,430.6,438.0,500.0,3,C
210058332149,4,F,2,0,1.0,0,Belford Roxo,472.4,539.7,545.7,403.2,660.0,4,D
210061511272,4,F,2,0,1.0,0,Belford Roxo,477.8,462.8,547.4,504.1,580.0,4,D
210061610165,2,F,1,0,1.0,0,Niterói,592.6,545.3,587.8,577.9,860.0,3,L
210058168621,3,F,3,0,1.0,0,Duque de Caxias,554.1,598.3,620.0,542.2,580.0,7,J
210060847303,3,F,1,0,1.0,0,Niterói,545.4,612.1,510.0,686.3,900.0,4,E
210058760777,2,F,1,0,1.0,0,Belford Roxo,402.3,379.7,470.2,451.4,500.0,5,B
210058858017,4,F,1,0,1.0,0,Niterói,476.3,489.8,521.3,586.8,360.0,4,N
210058465227,3,M,2,0,1.0,0,Duque de Caxias,558.5,513.9,538.6,624.8,640.0,4,E
210058573919,3,M,3,0,1.0,0,Niterói,479.1,604.5,585.4,666.9,760.0,4,L
210058465228,2,F,2,0,1.0,0,Maricá,521.0,572.7,539.3,489.0,780.0,4,H
210061105236,5,M,1,0,1.0,0,Duque de Caxias,496.8,529.7,524.0,359.6,340.0,3,B
210058324302,2,F,1,0,1.0,0,Niterói,567.6,630.1,624.0,693.9,900.0,3,J
210060692811,2,M,3,0,1.0,0,Niterói,609.5,709.1,664.8,693.3,940.0,6,G
210061114989,3,M,3,0,1.0,0,Nova Iguaçu,425.8,449.9,409.8,386.1,320.0,3,E
210060338931,3,M,3,0,1.0,0,Duque de Caxias,519.1,572.3,547.0,566.8,820.0,4,G
210058433498,3,M,3,0,1.0,0,São João de Meriti,487.8,565.7,521.1,578.0,600.0,4,G
210058776536,3,M,1,0,1.0,0,São João de Meriti,554.3,524.4,541.6,562.7,540.0,4,E
210058371403,3,M,1,0,1.0,0,Niterói,456.8,446.3,474.4,489.7,480.0,3,E
210058207410,3,M,1,0,1.0,0,Niterói,662.5,640.9,582.3,763.8,800.0,4,Q
210059703309,3,F,1,0,1.0,0,Nilópolis,483.5,560.8,535.1,516.5,760.0,3,G
210058556223,2,M,1,0,1.0,0,Maricá,616.5,660.6,569.8,646.6,800.0,4,N
210058833666,3,M,1,0,1.0,0,Niterói,771.3,730.0,692.2,894.8,920.0,4,Q
210058646056,3,F,1,0,1.0,0,Nova Iguaçu,550.3,544.3,469.6,477.1,660.0,5,M
210061560848,3,M,1,0,1.0,0,São João de Meriti,448.9,536.2,552.7,469.7,640.0,3,D
210060710468,4,F,3,0,1.0,0,São João de Meriti,427.8,446.5,449.1,338.4,640.0,3,A
210058041175,2,M,1,0,1.0,0,Duque de Caxias,568.1,586.3,606.2,673.1,800.0,3,H
210058194770,3,F,3,0,1.0,0,Duque de Caxias,530.0,600.5,583.6,552.6,760.0,7,J
210058763333,3,M,1,0,1.0,0,Niterói,562.9,579.4,630.1,795.8,960.0,2,B
210059867567,2,F,1,0,1.0,0,Niterói,607.5,661.4,602.7,716.9,840.0,5,E
210058139493,2,F,3,0,1.0,0,Nilópolis,571.9,504.5,595.5,471.2,760.0,4,F
210060338903,2,F,1,0,1.0,0,Niterói,679.9,680.3,570.7,858.7,960.0,3,N
210058049604,3,F,1,0,1.0,0,Niterói,547.6,573.9,487.2,515.2,820.0,3,D
210058769917,2,M,2,0,1.0,0,Duque de Caxias,392.0,311.2,540.2,531.9,600.0,3,C
210058130316,3,M,1,0,1.0,0,Niterói,549.0,596.7,572.6,600.6,660.0,4,J
210061489726,3,M,1,0,1.0,0,Maricá,507.0,584.8,603.3,591.0,360.0,3,I
210058817447,2,F,2,0,1.0,0,Niterói,483.1,577.8,588.2,658.1,760.0,5,L
210058324292,3,F,3,0,1.0,0,Nova Iguaçu,513.0,586.7,594.9,458.9,700.0,4,D
210060344799,2,F,2,0,1.0,0,Niterói,528.1,600.3,571.2,686.8,700.0,5,L
210058366710,2,M,3,0,1.0,0,Duque de Caxias,592.0,582.0,545.5,575.4,840.0,2,D
210058817445,3,M,1,0,1.0,0,Niterói,569.4,512.2,487.2,459.0,760.0,4,H
210059955086,3,F,1,0,1.0,0,Niterói,553.5,611.9,605.6,747.8,940.0,4,P
210061354087,3,M,1,0,1.0,0,Niterói,569.1,651.0,624.6,658.0,880.0,3,C
210059716263,2,F,1,0,1.0,0,Niterói,689.9,701.7,681.7,895.6,940.0,5,Q
210058781358,2,F,3,0,1.0,0,São João de Meriti,435.6,463.9,472.6,359.1,500.0,6,B
210058419971,3,F,1,0,1.0,0,Niterói,645.4,679.0,614.2,733.9,760.0,3,J
210058738059,3,F,3,0,1.0,0,Nova Iguaçu,546.2,603.6,633.4,403.3,580.0,4,B
210059653827,2,M,1,0,1.0,0,Niterói,588.7,628.2,620.7,661.3,800.0,5,L
210058283011,2,M,1,0,1.0,0,São João de Meriti,508.6,558.5,570.3,716.4,860.0,5,D
210058380836,3,M,2,0,1.0,0,Nova Iguaçu,500.3,504.0,443.6,535.6,660.0,3,B
210060721653,2,M,1,0,1.0,0,Niterói,381.6,492.4,499.8,485.2,360.0,5,O
210061591778,2,F,1,0,1.0,0,São João de Meriti,538.3,601.7,588.5,606.7,680.0,4,C
210058767572,3,M,2,0,1.0,0,Duque de Caxias,391.4,595.5,557.3,587.7,560.0,5,C
210060888014,2,M,1,0,1.0,0,Maricá,512.0,545.0,554.2,462.4,560.0,5,E
210058086233,2,M,2,0,1.0,0,Niterói,529.9,507.7,557.2,662.4,720.0,4,G
210058767557,3,F,1,0,1.0,0,Niterói,599.8,662.5,619.2,734.5,940.0,4,K
210060491816,2,F,1,0,1.0,0,Duque de Caxias,530.8,541.8,515.0,637.6,880.0,4,C
210061408074,2,F,1,0,1.0,0,Niterói,450.4,507.7,522.4,611.1,840.0,5,P
210059640850,3,M,1,0,1.0,0,Niterói,434.0,351.3,366.9,423.6,780.0,3,H
210059726555,2,M,1,0,1.0,0,Nilópolis,461.1,533.3,564.6,491.8,460.0,4,G
210058881169,3,M,3,0,1.0,0,Nova Iguaçu,645.6,643.0,681.1,654.2,840.0,6,G
210060528298,2,F,1,0,1.0,0,Duque de Caxias,480.9,476.1,526.4,556.8,760.0,2,B
210060727883,2,M,1,0,1.0,0,Nova Iguaçu,434.2,624.9,620.0,684.4,580.0,4,M
210059726553,3,F,3,0,1.0,0,Nova Iguaçu,592.9,601.8,567.0,584.4,700.0,4,H
210060255969,3,F,1,0,1.0,0,São João de Meriti,428.3,582.0,494.8,450.5,660.0,4,E
210058355806,3,F,2,0,1.0,0,Nova Iguaçu,433.3,512.1,463.4,525.8,720.0,4,D
210060243762,2,M,1,0,1.0,0,Niterói,513.6,575.3,540.5,546.4,660.0,2,B
210060828034,2,M,1,0,1.0,0,Niterói,628.7,529.9,551.7,627.4,900.0,2,B
210058778704,4,F,3,0,1.0,0,São João de Meriti,541.4,540.9,465.5,475.6,640.0,2,A
210058183602,3,M,1,0,1.0,0,Maricá,542.5,573.3,590.2,404.1,480.0,5,D
210060202520,3,F,3,0,1.0,0,São João de Meriti,551.0,557.2,452.2,429.5,740.0,6,E
210060152731,2,M,1,0,1.0,0,Niterói,755.9,698.9,578.3,916.2,940.0,6,K
210058776355,3,F,1,0,1.0,0,Niterói,607.6,551.8,570.0,655.1,940.0,3,M
210059771842,2,M,2,0,1.0,0,Niterói,561.5,589.8,613.4,674.2,920.0,3,H
210058870496,2,F,3,0,1.0,0,Nova Iguaçu,454.4,570.1,473.1,433.9,760.0,5,F
210061032194,2,F,0,0,1.0,0,Duque de Caxias,562.5,593.6,554.3,709.0,860.0,5,E
210058041397,3,M,1,0,1.0,0,Niterói,644.7,612.3,569.6,789.2,940.0,4,K
210060378096,4,M,3,0,1.0,0,Nova Iguaçu,464.4,604.7,568.8,654.1,620.0,2,D
210058764875,2,M,1,0,1.0,0,Niterói,640.3,688.6,612.8,753.8,880.0,4,O
210058336836,2,F,3,0,1.0,0,Nilópolis,479.0,495.1,535.2,440.0,580.0,4,B
210060866582,2,M,1,0,1.0,0,Niterói,523.8,564.3,494.6,658.9,600.0,4,P
210061341030,3,M,3,0,1.0,0,Nova Iguaçu,441.0,530.1,528.8,538.5,640.0,4,C
210058380798,3,F,0,0,1.0,0,Niterói,326.1,462.3,453.2,574.8,660.0,2,L
210059713531,2,M,2,0,1.0,0,Niterói,536.2,620.1,456.4,535.3,640.0,3,D
210058348498,3,F,1,0,1.0,0,Niterói,564.3,548.8,594.5,424.1,740.0,4,G
210058620693,2,F,3,0,1.0,0,Nilópolis,493.1,598.8,574.0,350.1,480.0,3,G
210058792126,3,M,1,0,1.0,0,Niterói,576.3,661.4,625.7,785.5,740.0,2,K
210060062634,2,M,1,0,1.0,0,Niterói,519.9,606.0,608.3,740.7,880.0,3,Q
210058535226,3,M,3,0,1.0,0,Nova Iguaçu,507.6,364.8,347.3,513.7,440.0,4,B
210061273072,3,M,3,0,1.0,0,Nilópolis,459.3,488.2,540.7,641.0,520.0,5,F
210058139212,3,M,1,0,1.0,0,Niterói,549.7,580.1,562.7,593.1,880.0,3,G
210060356789,2,F,1,0,1.0,0,Niterói,566.9,657.0,626.5,660.9,860.0,3,L
210059713550,2,M,1,0,1.0,0,Nova Iguaçu,555.2,665.6,633.5,663.7,940.0,4,J
210058260893,2,F,1,0,1.0,0,Belford Roxo,482.8,535.1,558.1,439.7,720.0,4,D
210061294491,2,M,1,0,1.0,0,Niterói,434.8,592.8,613.9,715.9,700.0,5,J
210060465872,2,F,1,0,1.0,0,Niterói,745.7,708.1,625.4,907.5,940.0,4,Q
210061517702,2,M,3,0,1.0,0,Niterói,578.0,610.2,566.2,784.2,780.0,4,J
210060346392,3,M,1,0,1.0,0,Niterói,620.8,660.6,632.9,742.1,900.0,3,I
210061572282,2,F,3,0,1.0,0,Maricá,426.5,507.8,409.3,466.8,740.0,5,F
210061083835,3,M,1,0,1.0,0,Niterói,398.4,581.2,512.2,614.1,800.0,3,Q
210058602301,2,M,1,0,1.0,0,Niterói,610.6,609.9,623.4,769.2,840.0,4,B
210061124687,2,F,0,0,1.0,0,Maricá,491.0,506.3,451.8,461.9,720.0,2,C
210060856944,2,M,1,0,1.0,0,Niterói,572.7,519.6,522.9,616.0,580.0,4,J
210058494498,2,F,1,0,1.0,0,Niterói,550.4,613.1,609.0,657.6,880.0,4,O
210058602297,3,F,1,0,1.0,0,Niterói,529.9,453.5,551.4,512.3,600.0,4,G
210058773920,2,F,1,0,1.0,0,Nova Iguaçu,489.6,541.3,588.4,792.3,660.0,3,B
210058865444,2,M,3,0,1.0,0,São João de Meriti,551.7,544.0,499.9,680.7,640.0,3,E
210058654239,3,M,3,0,1.0,0,Niterói,563.6,675.1,636.6,658.4,920.0,4,D
210058622153,2,M,1,0,1.0,0,Niterói,547.3,620.2,615.9,562.3,960.0,4,N
210058128021,3,F,1,0,1.0,0,Duque de Caxias,441.6,400.1,364.1,466.9,700.0,4,B
210061578795,3,M,1,0,1.0,0,Niterói,563.5,535.7,544.5,583.7,940.0,5,N
210058110443,3,F,3,0,1.0,0,Maricá,394.4,427.9,428.5,421.6,600.0,3,D
210058128029,2,F,1,0,1.0,0,Niterói,668.9,634.3,612.3,844.6,960.0,5,Q
210058865429,3,M,3,0,1.0,0,Nova Iguaçu,522.8,457.2,502.1,456.0,420.0,4,D
210058248030,2,M,1,0,1.0,0,Niterói,506.2,546.8,610.6,809.0,840.0,5,Q
210059664460,3,F,3,0,1.0,0,Belford Roxo,429.5,560.4,546.9,615.2,620.0,3,D
210059757027,2,M,1,0,1.0,0,Niterói,518.6,460.5,534.1,461.7,620.0,5,C
210058199216,2,F,3,0,1.0,0,Nova Iguaçu,486.3,532.7,543.4,454.5,640.0,3,E
210060760679,4,M,3,0,1.0,0,Duque de Caxias,566.7,615.0,601.9,659.2,920.0,4,C
210060920732,2,F,3,0,1.0,0,Belford Roxo,474.7,496.0,462.1,469.5,340.0,3,C
210060034707,3,F,1,0,1.0,0,Niterói,557.0,574.4,552.3,693.1,980.0,4,O
210059985550,3,F,1,0,1.0,0,Niterói,525.3,661.2,600.3,651.2,900.0,2,H
210059318564,3,F,3,0,1.0,0,Niterói,506.0,558.0,503.3,557.0,880.0,4,M
210058356682,2,F,1,0,1.0,0,Niterói,581.2,620.6,562.2,631.3,720.0,3,F
210058699513,3,M,3,0,1.0,0,Nova Iguaçu,519.7,600.2,583.5,658.4,720.0,2,G
210059666371,2,F,2,0,1.0,0,Niterói,442.3,610.1,513.0,438.7,860.0,4,F
210060271818,2,F,3,0,1.0,0,Belford Roxo,409.5,499.6,480.4,493.6,540.0,3,B
210058569020,4,M,1,0,1.0,0,Duque de Caxias,453.2,551.6,527.0,467.6,580.0,3,C
210061112983,3,F,2,0,1.0,0,Duque de Caxias,431.5,484.7,470.7,472.7,880.0,14,B
210058683850,4,M,1,0,1.0,0,Niterói,506.0,603.0,559.4,571.6,840.0,4,L
210061610877,4,F,1,0,1.0,0,Nova Iguaçu,355.4,432.6,512.0,371.7,540.0,5,C
210060945567,2,M,3,0,1.0,0,Niterói,386.3,464.7,541.1,518.6,720.0,4,J
210061514371,4,F,3,0,1.0,0,Niterói,504.9,537.9,526.8,556.8,920.0,3,C
210058701910,2,F,1,0,1.0,0,Nova Iguaçu,467.8,569.6,497.3,492.4,800.0,3,H
210058690411,3,M,2,0,1.0,0,Niterói,470.8,389.4,559.7,475.3,540.0,6,B
210058690419,2,F,2,0,1.0,0,Duque de Caxias,405.4,536.4,508.6,388.2,660.0,3,B
210060770281,3,F,1,0,1.0,0,Niterói,492.1,558.1,597.3,642.3,760.0,4,N
210061610869,2,M,3,0,1.0,0,Duque de Caxias,368.3,491.7,375.0,423.7,620.0,3,E
210058683853,3,F,1,0,1.0,0,Duque de Caxias,524.3,338.1,511.1,357.8,620.0,3,G
210060217079,2,M,3,0,1.0,0,Duque de Caxias,382.3,458.0,516.8,371.6,540.0,3,C
210059839151,4,M,2,0,1.0,0,Duque de Caxias,460.5,599.4,579.2,575.2,680.0,3,F
210058545369,2,F,3,0,1.0,0,Nilópolis,555.4,559.2,558.8,603.8,380.0,4,H
210061400478,2,M,1,0,1.0,0,Nova Iguaçu,540.3,522.8,518.4,514.2,700.0,4,E
210058521882,4,F,0,0,1.0,0,Nova Iguaçu,497.7,449.7,536.8,470.8,280.0,2,G
210059202891,3,F,1,0,1.0,0,Duque de Caxias,525.0,558.0,556.1,667.6,600.0,3,B
210058863022,3,M,1,0,1.0,0,Niterói,486.7,536.9,505.6,618.7,720.0,3,P
210058392084,6,F,2,0,1.0,0,Niterói,550.0,615.7,571.7,714.6,580.0,4,E
210060543195,2,M,3,0,1.0,0,Nova Iguaçu,530.9,561.8,547.2,659.1,740.0,3,B
210058509880,3,M,3,0,1.0,0,São João de Meriti,538.2,594.9,609.3,621.7,360.0,4,B
210061581445,2,M,1,0,1.0,0,Niterói,533.4,571.6,527.4,625.1,700.0,2,F
210061603639,3,M,3,0,1.0,0,Niterói,473.8,576.8,538.3,618.3,640.0,4,C
210058702772,3,F,1,0,1.0,0,Niterói,549.5,619.6,540.0,665.8,860.0,3,I
210058560069,3,F,3,0,1.0,0,Duque de Caxias,463.5,553.2,516.8,516.5,480.0,4,F
210058071050,2,F,3,0,1.0,0,São João de Meriti,504.1,547.0,505.3,574.4,580.0,4,D
210058846569,3,F,3,0,1.0,0,Niterói,668.9,649.8,657.4,737.7,940.0,3,Q
210059342021,10,F,3,0,1.0,0,São João de Meriti,558.8,543.4,526.8,445.0,520.0,4,D
210058702101,3,F,1,0,1.0,0,Niterói,537.0,568.3,579.3,683.9,900.0,2,I
210060011428,3,M,3,0,1.0,0,Maricá,597.6,531.4,511.7,643.3,760.0,4,N
210058266635,4,F,3,0,1.0,0,Nova Iguaçu,508.9,427.5,451.3,352.6,280.0,6,B
210060140359,3,F,3,0,1.0,0,Nova Iguaçu,458.2,455.1,533.0,431.0,520.0,6,D
210058540737,2,M,1,0,1.0,0,Niterói,625.9,655.9,618.9,730.4,720.0,4,M
210058461940,2,M,1,0,1.0,0,Niterói,649.7,645.9,681.7,821.1,760.0,6,Q
210058673089,2,M,3,0,1.0,0,Duque de Caxias,515.0,613.3,608.5,733.6,780.0,4,F
210060729664,3,F,1,0,1.0,0,Niterói,614.6,512.3,609.0,756.8,940.0,4,H
210058242039,4,M,1,0,1.0,0,Niterói,589.6,583.4,613.7,681.4,680.0,4,K
210060387975,13,M,4,0,1.0,0,Niterói,564.4,575.7,470.4,423.3,460.0,2,B
210058242026,3,M,1,0,1.0,0,Duque de Caxias,553.1,502.8,557.3,469.0,520.0,4,C
210060570036,3,M,5,0,1.0,0,Niterói,546.3,618.6,639.1,644.2,680.0,4,C
210060860835,4,F,2,0,1.0,0,São João de Meriti,416.8,449.1,476.5,481.0,480.0,4,C
210058414289,2,F,1,0,1.0,0,Duque de Caxias,595.9,680.9,643.4,694.8,760.0,4,I
210061223008,3,F,3,0,1.0,0,Duque de Caxias,462.0,396.1,473.6,379.6,460.0,2,C
210058057962,3,M,1,0,1.0,0,São João de Meriti,610.7,658.3,538.6,735.4,840.0,6,C
210058167366,2,M,1,0,1.0,0,Niterói,652.6,585.8,565.0,693.0,640.0,3,M
210058807307,3,F,1,0,1.0,0,Duque de Caxias,600.3,624.7,530.2,684.0,840.0,4,G
210058303431,2,F,1,0,1.0,0,Niterói,579.9,551.0,529.6,569.9,820.0,3,G
210058313300,2,M,1,0,1.0,0,Duque de Caxias,492.2,487.7,525.0,493.6,540.0,2,B
210061489757,4,M,2,0,1.0,0,Nova Iguaçu,366.5,499.0,430.0,376.9,440.0,5,B
210058820175,1,M,3,0,1.0,0,Nova Iguaçu,582.7,621.6,639.8,571.7,720.0,5,B
210061550051,2,F,3,0,1.0,0,Maricá,466.1,440.7,483.1,354.1,500.0,5,B
210058693100,2,M,3,0,1.0,0,Duque de Caxias,555.0,597.5,452.3,451.7,600.0,3,G
210060830164,3,F,2,0,1.0,0,Duque de Caxias,474.9,497.6,496.0,452.7,520.0,4,D
210058790374,3,F,1,0,1.0,0,Belford Roxo,410.3,419.1,443.7,399.1,540.0,6,B
210058130423,4,F,3,0,1.0,0,Nova Iguaçu,610.1,393.6,498.2,556.4,860.0,3,B
210058526979,4,M,3,0,1.0,0,Niterói,565.0,499.7,485.5,511.1,760.0,2,C
210058378913,2,F,1,0,1.0,0,Niterói,671.6,634.0,681.2,761.9,960.0,4,J
210060502385,3,F,1,0,1.0,0,Niterói,480.3,576.6,646.5,593.0,660.0,5,E
210060243039,4,F,3,0,1.0,0,Niterói,415.4,463.4,441.2,417.3,300.0,3,D
210060866678,3,F,2,0,1.0,0,Duque de Caxias,439.0,606.6,602.6,598.6,740.0,4,D
210058321548,2,M,3,0,1.0,0,Maricá,588.0,574.9,559.7,515.0,720.0,3,D
210059690534,2,F,2,0,1.0,0,Niterói,508.5,612.0,651.1,627.9,860.0,2,C
210058349548,4,M,3,0,1.0,0,Duque de Caxias,442.7,467.1,485.9,379.2,660.0,4,F
210061126589,3,F,1,0,1.0,0,Duque de Caxias,568.2,603.0,581.7,582.7,740.0,4,A
210058727378,4,M,1,0,1.0,0,Niterói,522.9,548.7,595.3,730.3,840.0,3,H
210058266663,5,M,3,0,1.0,0,São João de Meriti,635.3,624.9,588.1,738.0,700.0,5,C
210059690516,3,M,1,0,1.0,0,Belford Roxo,552.6,652.1,652.0,650.1,840.0,5,G
210060535217,3,M,3,0,1.0,0,Duque de Caxias,533.1,469.6,588.6,525.7,600.0,2,B
210058352168,2,F,1,0,1.0,0,Niterói,577.9,644.9,537.0,490.5,720.0,3,M
210061572301,2,F,1,0,1.0,0,Nilópolis,538.0,597.7,606.0,457.0,920.0,4,G
210061001944,2,M,1,0,1.0,0,Niterói,515.5,527.5,522.9,639.9,320.0,4,C
210058592046,3,F,3,0,1.0,0,Niterói,499.5,538.0,574.3,586.8,760.0,3,G
210058478678,3,M,1,0,1.0,0,Nilópolis,558.4,609.9,525.3,556.0,640.0,4,L
210060124906,2,M,1,0,1.0,0,São João de Meriti,522.6,602.6,571.0,699.9,820.0,3,G
210058330454,2,F,1,0,1.0,0,Niterói,586.9,625.1,642.0,665.7,900.0,4,E
210058684060,2,M,1,0,1.0,0,Niterói,493.8,535.2,543.0,693.9,780.0,3,L
210059970000,3,F,1,0,1.0,0,Nilópolis,449.9,514.6,539.9,416.1,520.0,2,D
210058720804,4,F,3,0,1.0,0,Niterói,532.2,580.7,609.0,569.9,680.0,2,E
210058536838,3,M,3,0,1.0,0,Niterói,492.1,420.2,394.7,439.8,780.0,3,B
210058833322,2,M,2,0,1.0,0,Niterói,328.4,492.3,512.1,579.0,760.0,3,D
210058531219,3,M,1,0,1.0,0,Niterói,544.8,617.3,559.7,671.2,940.0,4,K
210058833335,2,F,1,0,1.0,0,Niterói,568.8,609.8,539.8,612.8,840.0,4,C
210058432876,2,F,2,0,1.0,0,Niterói,517.9,589.4,541.2,641.9,760.0,4,N
210058535533,3,M,1,0,1.0,0,Belford Roxo,553.9,596.4,555.1,704.2,920.0,5,G
210058453694,4,F,3,0,1.0,0,Niterói,607.3,567.1,589.6,722.1,820.0,3,G
210060258839,3,M,1,0,1.0,0,Niterói,617.3,588.5,518.6,687.3,900.0,3,J
210059648758,3,F,1,0,1.0,0,Niterói,467.4,585.0,551.0,545.4,980.0,2,I
210061584199,3,F,3,0,1.0,0,Belford Roxo,553.8,636.4,580.6,523.5,760.0,3,D
210060600556,2,F,2,0,1.0,0,Duque de Caxias,508.8,669.7,604.3,637.4,920.0,3,G
210060099040,3,M,1,0,1.0,0,Niterói,525.2,489.8,509.7,451.1,400.0,2,G
210058250245,2,M,3,0,1.0,0,Maricá,486.8,501.0,480.3,531.8,440.0,6,B
210060403229,2,M,3,0,1.0,0,Nilópolis,674.5,666.9,623.9,843.3,580.0,4,K
210058229729,4,F,3,0,1.0,0,Belford Roxo,502.7,465.7,412.1,458.4,480.0,5,F
210058303071,4,M,3,0,1.0,0,Niterói,544.7,562.9,564.1,641.4,620.0,8,N
210058093352,3,F,3,0,1.0,0,São João de Meriti,503.8,445.4,376.9,514.7,620.0,2,E
210060866692,2,F,3,0,1.0,0,Belford Roxo,536.5,573.1,527.3,549.9,600.0,4,E
210061319645,3,F,2,0,1.0,0,Duque de Caxias,520.4,595.5,584.4,658.3,920.0,3,F
210059607952,2,F,1,0,1.0,0,São João de Meriti,494.6,502.7,580.7,558.4,680.0,3,B
210058118347,3,F,1,0,1.0,0,Niterói,623.2,660.3,653.1,791.4,840.0,4,N
210058199733,3,M,1,0,1.0,0,Nova Iguaçu,559.6,429.9,498.6,391.7,640.0,3,D
210059623715,4,F,3,0,1.0,0,Niterói,512.9,542.3,502.7,489.6,920.0,4,G
210058851469,3,M,1,0,1.0,0,Niterói,522.2,557.4,522.9,555.0,560.0,4,H
210060373248,3,F,3,0,1.0,0,Duque de Caxias,615.2,604.6,539.3,692.6,900.0,5,B
210060369741,2,F,3,0,1.0,0,Nilópolis,472.9,577.8,484.9,629.7,620.0,4,D
210058656804,2,M,3,0,1.0,0,Nova Iguaçu,391.2,397.4,485.9,382.0,520.0,3,B
210060358728,2,F,1,0,1.0,0,Niterói,430.5,541.7,470.4,441.2,960.0,2,C
210058855309,4,F,1,0,1.0,0,Maricá,466.7,607.3,567.8,361.5,640.0,6,F
210061417880,3,F,3,0,1.0,0,Belford Roxo,469.7,469.8,473.9,480.8,440.0,2,B
210059898412,2,F,1,0,1.0,0,São João de Meriti,499.6,582.4,575.7,605.0,900.0,4,H
210058848428,9,M,2,0,1.0,0,Belford Roxo,326.5,340.9,432.6,385.6,260.0,2,A
210061086035,3,M,3,0,1.0,0,São João de Meriti,557.4,539.6,460.4,506.2,560.0,5,C
210058053437,2,F,1,0,1.0,0,Duque de Caxias,557.0,489.1,552.3,491.6,760.0,4,I
210058585052,2,F,1,0,1.0,0,Niterói,684.6,675.1,681.8,809.0,880.0,4,Q
210061136306,3,F,1,0,1.0,0,Nilópolis,508.0,608.5,548.2,553.5,960.0,3,C
210061417877,2,M,1,0,1.0,0,São João de Meriti,426.9,552.2,547.6,495.7,580.0,3,G
210058585038,3,F,1,0,1.0,0,Nova Iguaçu,477.0,541.4,494.1,514.8,500.0,7,B
210059756796,2,M,3,0,1.0,0,Niterói,627.8,564.5,544.5,769.2,840.0,4,O
210058088235,2,M,1,0,1.0,0,Niterói,424.6,515.3,488.8,448.5,740.0,3,C
210058363319,3,F,1,0,1.0,0,Maricá,593.0,606.4,554.0,661.1,940.0,2,E
210058668253,2,M,1,0,1.0,0,Niterói,587.3,598.6,586.2,601.4,640.0,2,D
210058729114,3,M,2,0,1.0,0,Belford Roxo,545.4,634.6,573.1,697.4,720.0,4,D
210058509951,2,M,1,0,1.0,0,Niterói,457.0,519.7,471.7,484.8,760.0,5,N
210061284844,3,F,1,0,1.0,0,Niterói,423.6,531.0,497.8,549.7,760.0,3,B
210058542404,2,M,1,0,1.0,0,Nova Iguaçu,619.8,573.8,604.2,769.4,860.0,4,K
210058433566,3,M,1,0,1.0,0,Duque de Caxias,453.6,433.4,444.1,447.5,500.0,4,E
210058381362,3,M,1,0,1.0,0,Nova Iguaçu,503.6,563.8,599.5,588.6,800.0,3,B
210058645943,4,M,3,0,1.0,0,Belford Roxo,433.5,594.3,487.5,687.3,580.0,4,E
210058516307,2,M,2,0,1.0,0,Niterói,343.9,578.9,514.8,727.2,940.0,4,E
210060701969,3,F,1,0,1.0,0,Duque de Caxias,546.7,642.4,646.9,597.9,800.0,5,J
210060260848,3,F,1,0,1.0,0,Nova Iguaçu,436.5,426.4,460.2,390.0,560.0,5,F
210058444117,2,M,2,0,1.0,0,Duque de Caxias,471.9,435.8,363.5,410.6,480.0,4,B
210061115151,3,F,3,0,1.0,0,São João de Meriti,573.4,554.0,544.6,449.7,660.0,4,B
210061471733,2,F,3,0,1.0,0,Maricá,460.7,446.2,456.3,421.9,260.0,3,E
210058865503,2,F,3,0,1.0,0,Duque de Caxias,396.9,527.3,504.7,473.7,560.0,2,C
210058413505,2,M,1,0,1.0,0,São João de Meriti,407.3,586.7,602.3,587.4,800.0,3,D
210058516230,3,F,3,0,1.0,0,Nilópolis,596.3,648.4,562.8,699.2,640.0,4,D
210060539986,2,F,1,0,1.0,0,Duque de Caxias,531.9,538.3,552.4,584.1,480.0,4,C
210059744433,4,F,1,0,1.0,0,Duque de Caxias,409.5,441.8,410.5,491.2,500.0,5,B
210058272403,2,M,1,0,1.0,0,Nova Iguaçu,458.8,364.0,574.8,443.7,480.0,3,D
210060129480,3,M,3,0,1.0,0,Nilópolis,510.3,469.5,464.8,499.5,400.0,4,J
210060253968,3,F,3,0,1.0,0,Duque de Caxias,465.3,463.6,533.6,383.3,440.0,8,B
210060924253,7,F,2,0,1.0,0,Duque de Caxias,580.5,486.1,595.7,635.1,940.0,5,B
210060417524,3,F,1,0,1.0,0,Duque de Caxias,488.0,375.7,498.1,456.4,540.0,3,C
210058333025,5,F,1,0,1.0,0,Nova Iguaçu,632.2,652.4,638.2,743.8,920.0,3,C
210061586975,3,F,1,0,1.0,0,Nova Iguaçu,501.4,440.2,510.4,476.2,680.0,5,G
210058278561,2,F,1,0,1.0,0,Nova Iguaçu,470.5,496.3,482.9,367.3,660.0,2,B
210058670596,3,M,1,0,1.0,0,Niterói,615.9,598.5,612.4,792.5,880.0,5,O
210058434347,3,F,3,0,1.0,0,Nova Iguaçu,496.5,396.2,503.6,480.3,440.0,2,C
210060604265,3,F,1,0,1.0,0,Duque de Caxias,496.0,579.3,564.2,489.4,560.0,3,F
210058293606,2,M,1,0,1.0,0,Duque de Caxias,446.0,497.2,527.5,593.1,740.0,4,D
210058553266,4,F,1,0,1.0,0,São João de Meriti,441.7,427.4,343.1,404.9,440.0,3,B
210058571583,3,M,2,0,1.0,0,Duque de Caxias,443.1,570.5,384.6,611.0,620.0,4,H
210061354226,3,M,1,0,1.0,0,Niterói,538.2,587.4,560.0,714.4,880.0,3,N
210058724942,3,F,2,0,1.0,0,Belford Roxo,342.7,456.7,467.3,371.9,620.0,4,D
210061146067,3,F,1,0,1.0,0,São João de Meriti,471.3,504.9,480.9,523.8,700.0,3,H
210058862120,4,F,3,0,1.0,0,Nova Iguaçu,456.6,542.0,498.0,538.2,540.0,3,B
210058664042,3,F,1,0,1.0,0,São João de Meriti,503.4,645.8,601.7,613.0,800.0,3,E
210060292862,2,F,3,0,1.0,0,Niterói,594.4,624.1,664.7,735.3,900.0,2,B
210058861563,2,F,1,0,1.0,0,Duque de Caxias,466.9,513.1,465.6,534.7,560.0,4,E
210058291829,2,M,3,0,1.0,0,Niterói,538.9,538.0,573.1,660.4,840.0,3,G
210058767424,2,F,3,0,1.0,0,São João de Meriti,475.4,503.2,473.1,505.1,740.0,3,A
210058842101,2,F,1,0,1.0,0,Niterói,470.7,516.6,552.6,614.0,640.0,3,F
210060386054,2,M,3,0,1.0,0,Nova Iguaçu,458.0,571.9,513.0,432.9,380.0,4,G
210059818287,3,F,1,0,1.0,0,Nova Iguaçu,453.9,538.7,544.4,495.4,820.0,4,H
210058334060,3,F,3,0,1.0,0,São João de Meriti,523.5,546.5,515.0,529.2,520.0,3,B
210058114109,4,F,3,0,1.0,0,São João de Meriti,436.7,527.8,509.3,539.6,640.0,4,B
210058586620,2,F,1,0,1.0,0,Niterói,486.0,576.8,557.9,615.7,780.0,5,Q
210058426988,3,M,1,0,1.0,0,Niterói,467.3,459.9,421.5,597.5,360.0,6,Q
210059867243,2,F,3,0,1.0,0,Duque de Caxias,415.5,476.2,517.9,543.5,680.0,2,B
210058849630,2,M,1,0,1.0,0,Duque de Caxias,438.0,529.3,524.9,489.1,640.0,3,I
210058255853,2,M,1,0,1.0,0,Belford Roxo,627.4,706.4,613.2,716.0,640.0,4,H
210060322127,3,F,1,0,1.0,0,Nova Iguaçu,511.2,537.9,549.9,500.5,840.0,3,C
210058858140,3,M,0,0,1.0,0,Maricá,549.0,438.2,430.9,443.0,480.0,3,C
210061371719,4,F,1,0,1.0,0,Niterói,437.0,537.3,554.2,582.3,920.0,4,K
210060318528,2,M,1,0,1.0,0,Belford Roxo,551.3,549.7,519.5,475.1,580.0,3,C
210058822847,3,M,3,0,1.0,0,Duque de Caxias,598.9,490.6,566.8,476.0,940.0,4,F
210061606110,2,F,1,0,1.0,0,Duque de Caxias,521.9,497.6,502.8,515.9,420.0,4,D
210058467599,3,M,3,0,1.0,0,Nova Iguaçu,511.6,599.3,581.1,728.1,640.0,6,E
210058115118,3,M,3,0,1.0,0,Maricá,444.7,500.2,469.4,468.9,480.0,3,D
210058396407,3,M,1,0,1.0,0,Duque de Caxias,371.7,566.9,419.7,380.9,720.0,5,C
210058645970,2,F,3,0,1.0,0,Maricá,460.6,537.8,530.5,638.8,860.0,3,I
210058496706,2,F,1,0,1.0,0,Nova Iguaçu,506.8,502.5,496.8,417.8,680.0,4,J
210058645966,2,F,2,0,1.0,0,Duque de Caxias,515.9,591.8,575.3,590.1,800.0,3,G
210058202965,3,M,3,0,1.0,0,Niterói,523.4,478.5,557.5,572.6,840.0,7,H
210059648800,2,F,1,0,1.0,0,Niterói,485.2,529.5,511.1,534.6,820.0,4,I
210059115610,3,F,1,0,1.0,0,Maricá,585.2,591.8,560.3,585.0,860.0,5,H
210061586423,3,F,2,0,1.0,0,Duque de Caxias,442.3,510.7,501.2,408.5,560.0,5,C
210058659105,2,F,1,0,1.0,0,Duque de Caxias,452.1,471.4,479.2,555.4,360.0,2,C
210061329484,3,F,3,0,1.0,0,Niterói,528.1,540.6,593.7,610.2,620.0,5,C
210058408434,3,F,1,0,1.0,0,Maricá,592.2,560.4,519.7,508.6,780.0,4,E
210059254466,2,M,3,0,1.0,0,Nova Iguaçu,508.7,527.6,457.9,532.0,340.0,4,H
210058467586,2,F,1,0,1.0,0,Nova Iguaçu,580.5,497.3,518.9,639.4,940.0,4,K
210058085868,2,F,1,0,1.0,0,Belford Roxo,481.7,491.3,472.7,600.1,680.0,2,C
210058104566,4,M,1,0,1.0,0,Nova Iguaçu,585.8,624.8,475.4,547.2,840.0,3,D
210058121936,3,M,1,0,1.0,0,Nilópolis,588.3,617.2,636.5,613.6,620.0,4,F
210060088635,3,M,1,0,1.0,0,Duque de Caxias,542.1,597.0,544.8,603.4,700.0,4,G
210058562720,3,M,3,0,1.0,0,São João de Meriti,490.2,493.6,528.2,384.6,600.0,2,B
210058467571,2,F,3,0,1.0,0,Nova Iguaçu,482.9,611.7,464.2,615.9,900.0,3,C
210058112698,3,M,3,0,1.0,0,São João de Meriti,422.9,465.8,469.6,357.8,440.0,2,B
210060404903,3,M,1,0,1.0,0,São João de Meriti,368.6,492.7,484.3,528.3,640.0,4,H
210060899455,3,M,1,0,1.0,0,Niterói,585.1,577.7,601.3,727.8,780.0,4,Q
210058313664,2,M,1,0,1.0,0,Niterói,402.9,553.4,468.4,678.4,880.0,5,Q
210058441025,2,M,3,0,1.0,0,Maricá,512.9,545.6,538.1,617.2,440.0,5,E
210059544038,2,F,1,0,1.0,0,Nova Iguaçu,398.5,555.5,648.6,744.5,740.0,6,K
210059651310,3,M,1,0,1.0,0,Nova Iguaçu,467.6,520.5,547.2,414.8,580.0,2,D
210061480365,2,M,2,0,1.0,0,Duque de Caxias,468.4,560.3,434.3,574.7,660.0,3,C
210060758775,3,F,1,0,1.0,0,Nova Iguaçu,575.1,626.0,613.4,760.7,720.0,4,H
210058086294,3,M,3,0,1.0,0,Belford Roxo,521.8,568.8,444.7,682.2,680.0,5,D
210058973611,3,M,2,0,1.0,0,Duque de Caxias,479.4,547.2,574.2,496.0,520.0,4,D
210061480355,2,F,3,0,1.0,0,Belford Roxo,513.7,497.7,512.7,559.0,560.0,5,D
210061559817,2,M,3,0,1.0,0,Duque de Caxias,580.3,661.3,639.7,750.8,880.0,3,L
210059038193,2,M,3,0,1.0,0,Nova Iguaçu,557.1,541.7,538.9,571.3,600.0,4,H
210061085985,2,F,3,0,1.0,0,Duque de Caxias,438.2,510.7,502.7,369.9,360.0,3,B
210058145706,5,M,1,0,1.0,0,Nova Iguaçu,403.7,358.0,450.8,446.0,560.0,2,B
210059700934,2,M,3,0,1.0,0,Nilópolis,498.1,473.6,411.5,495.5,340.0,3,E
210058379740,2,F,3,0,1.0,0,Nova Iguaçu,476.3,473.1,432.0,422.0,880.0,10,D
210060036871,2,F,3,0,1.0,0,Niterói,472.5,549.0,480.1,515.9,780.0,3,C
210060926584,3,M,0,0,1.0,0,Nova Iguaçu,632.1,629.0,600.2,790.6,740.0,4,Q
210058463662,3,M,1,0,1.0,0,Niterói,417.4,425.4,403.5,408.5,760.0,5,Q
210060507355,2,F,3,0,1.0,0,Duque de Caxias,429.3,478.2,488.9,335.7,840.0,2,F
210061124315,3,F,2,0,1.0,0,Nova Iguaçu,506.6,604.5,416.9,700.2,800.0,3,B
210058853667,4,M,3,0,1.0,0,Niterói,421.5,551.8,514.4,609.2,500.0,4,D
210058763227,3,F,1,0,1.0,0,Duque de Caxias,419.6,480.6,510.4,352.7,840.0,4,H
210058068477,3,M,2,0,1.0,0,Duque de Caxias,677.4,650.3,623.6,842.6,920.0,4,F
210058774027,2,M,1,0,1.0,0,Niterói,529.0,510.1,510.6,515.6,780.0,3,C
210058108241,3,F,1,0,1.0,0,Nova Iguaçu,595.4,650.6,598.9,769.7,860.0,4,N
210058170657,2,F,3,0,1.0,0,Duque de Caxias,504.7,595.7,599.2,647.9,800.0,4,I
210058348635,2,M,3,0,1.0,0,Duque de Caxias,517.7,560.2,535.6,593.5,560.0,3,D
210058142076,3,M,1,0,1.0,0,Niterói,674.9,643.9,673.2,733.0,840.0,3,P
210060520359,2,F,1,0,1.0,0,Niterói,585.7,633.5,638.4,802.6,940.0,4,O
210058337119,3,F,1,0,1.0,0,Duque de Caxias,446.1,480.0,461.9,440.0,680.0,4,B
210060334037,2,F,3,0,1.0,0,Nova Iguaçu,479.0,422.5,428.0,444.8,540.0,4,B
210061360099,3,M,1,0,1.0,0,Duque de Caxias,468.2,501.5,515.3,533.3,740.0,4,H
210059844183,2,F,1,0,1.0,0,Nova Iguaçu,438.3,520.0,519.7,512.1,600.0,5,D
210058861588,2,M,3,0,1.0,0,Duque de Caxias,554.7,553.6,525.6,661.9,880.0,4,D
210058271058,3,F,2,0,1.0,0,Duque de Caxias,617.8,599.8,539.9,710.1,920.0,4,C
210058136169,2,M,2,0,1.0,0,Nova Iguaçu,501.3,500.4,516.9,566.5,600.0,2,K
210058379715,2,F,3,0,1.0,0,Nova Iguaçu,513.8,435.4,530.9,521.7,760.0,3,G
210061498560,2,F,1,0,1.0,0,Duque de Caxias,554.1,614.6,597.2,727.8,800.0,4,F
210059844191,3,F,1,0,1.0,0,Niterói,501.5,490.1,553.2,561.2,800.0,2,G
210058247832,6,F,1,0,1.0,0,São João de Meriti,596.2,631.0,594.8,721.5,800.0,4,G
210059959848,3,F,1,0,1.0,0,Duque de Caxias,530.4,476.6,519.9,523.9,520.0,2,D
210061382892,3,M,2,0,1.0,0,Duque de Caxias,462.5,459.8,479.9,569.9,660.0,3,B
210058230045,2,F,1,0,1.0,0,Duque de Caxias,516.8,522.4,558.2,506.1,920.0,3,H
210061530570,3,M,1,0,1.0,0,Niterói,806.4,696.2,685.0,867.1,940.0,4,J
210060545824,2,F,1,0,1.0,0,Niterói,549.0,641.1,627.7,622.8,900.0,2,Q
210058459433,2,F,3,0,1.0,0,Maricá,464.7,459.6,450.1,453.4,600.0,3,C
210059605539,4,F,3,0,1.0,0,Niterói,459.0,515.4,516.4,349.9,700.0,4,C
210058435354,3,F,3,0,1.0,0,Nilópolis,522.7,562.9,549.0,554.3,900.0,4,G
210058266714,1,M,1,0,1.0,0,Niterói,566.6,559.3,551.9,702.2,640.0,2,D
210061493367,2,M,3,0,1.0,0,Duque de Caxias,460.7,425.0,487.2,432.0,500.0,4,D
210058230035,3,M,1,0,1.0,0,Nova Iguaçu,421.3,575.1,566.4,632.0,700.0,2,I
210058502706,2,F,3,0,1.0,0,Nova Iguaçu,511.1,429.9,472.9,410.3,620.0,6,P
210058745378,2,F,1,0,1.0,0,Nilópolis,546.2,557.2,567.7,553.2,580.0,4,B
210061537094,3,M,1,0,1.0,0,Belford Roxo,596.8,580.9,540.5,690.9,640.0,4,D
210060577262,2,F,3,0,1.0,0,Nova Iguaçu,526.3,535.8,571.6,537.5,660.0,4,C
210060577255,2,F,1,0,1.0,0,Duque de Caxias,559.3,545.2,556.9,581.4,700.0,3,E
210060514391,3,F,3,0,1.0,0,Niterói,578.4,604.6,593.9,650.3,880.0,4,F
210058417387,3,F,1,0,1.0,0,Niterói,414.4,625.3,620.3,662.6,800.0,5,M
210061135889,2,F,3,0,1.0,0,Niterói,631.3,664.0,638.9,713.7,880.0,2,G
210060348341,3,M,1,0,1.0,0,Maricá,490.9,546.6,489.6,556.6,340.0,4,C
210061604976,3,F,1,0,1.0,0,Belford Roxo,438.0,385.8,509.4,387.2,680.0,4,D
210060358744,2,M,3,0,1.0,0,Nilópolis,466.7,443.3,453.4,550.8,620.0,4,H
210058320695,2,F,3,0,1.0,0,Nova Iguaçu,465.8,519.5,532.8,384.4,620.0,5,G
210058323401,2,M,1,0,1.0,0,Niterói,606.9,693.6,663.7,707.7,980.0,3,J
210058448281,2,F,1,0,1.0,0,Niterói,570.9,617.9,649.4,695.5,800.0,3,H
210058176142,2,M,2,0,1.0,0,Niterói,472.0,465.8,463.1,467.7,800.0,2,F
210060300407,2,M,3,0,1.0,0,Niterói,540.9,479.6,515.2,638.2,760.0,4,F
210060300401,3,F,1,0,1.0,0,São João de Meriti,443.4,554.2,529.1,465.6,620.0,5,C
210058763401,2,F,1,0,1.0,0,Maricá,540.0,640.7,578.0,573.5,920.0,4,G
210058334370,3,M,1,0,1.0,0,Niterói,590.5,613.0,633.9,713.7,760.0,3,P
210060899488,4,M,3,0,1.0,0,Niterói,531.8,574.6,558.9,587.9,760.0,6,C
210060604325,2,M,1,0,1.0,0,Niterói,548.5,574.1,544.8,657.5,920.0,5,E
210058387139,2,M,3,0,1.0,0,Nova Iguaçu,483.1,532.4,556.9,548.7,400.0,4,E
210060517975,2,M,1,0,1.0,0,Niterói,615.7,635.4,612.9,754.0,880.0,3,Q
210058112467,2,F,1,0,1.0,0,Niterói,432.0,506.6,321.6,340.4,540.0,4,E
210058064353,3,M,1,0,1.0,0,Niterói,394.6,488.6,484.2,488.0,560.0,3,J
210058573201,3,F,1,0,1.0,0,Niterói,650.8,576.2,547.3,814.7,800.0,3,H
210058470273,3,M,2,0,1.0,0,Nova Iguaçu,339.5,453.8,467.4,371.5,320.0,3,B
210058417468,4,M,1,0,1.0,0,Belford Roxo,437.6,553.4,524.8,434.9,580.0,4,G
210061442768,3,M,2,0,1.0,0,Nova Iguaçu,543.3,642.3,569.3,647.9,600.0,6,B
210060260885,3,M,4,0,1.0,0,Nova Iguaçu,542.2,561.1,503.8,426.5,480.0,6,D
210058170307,4,M,1,0,1.0,0,Nova Iguaçu,452.8,497.2,547.4,347.7,700.0,4,E
210060194270,2,M,1,0,1.0,0,Duque de Caxias,546.2,520.0,569.6,681.8,840.0,3,H
210058745395,3,F,1,0,1.0,0,Niterói,637.2,649.7,610.2,717.9,920.0,5,P
210060246461,3,F,3,0,1.0,0,Maricá,535.1,488.9,471.0,446.9,720.0,6,C
210058769999,2,F,3,0,1.0,0,Nova Iguaçu,571.8,568.1,524.7,619.3,760.0,4,C
210061136391,5,F,1,0,1.0,0,Duque de Caxias,416.3,427.3,338.7,410.2,420.0,5,A
210058357942,3,F,2,0,1.0,0,Nilópolis,503.1,569.3,543.0,588.8,580.0,4,D
210060261419,2,M,1,0,1.0,0,Nova Iguaçu,544.4,583.9,522.5,592.3,560.0,3,B
210058864992,2,M,1,0,1.0,0,São João de Meriti,451.6,484.6,510.3,508.0,600.0,2,D
210059985828,2,F,2,0,1.0,0,Duque de Caxias,497.8,432.7,561.0,546.0,860.0,4,E
210060258559,2,F,3,0,1.0,0,Nova Iguaçu,580.4,556.5,553.0,526.4,680.0,4,B
210058145800,2,F,3,0,1.0,0,Niterói,513.3,540.3,540.5,411.3,840.0,4,D
210058042425,3,M,2,0,1.0,0,Maricá,544.8,630.4,603.3,472.4,840.0,2,D
210058447952,3,M,1,0,1.0,0,São João de Meriti,488.4,500.5,530.6,579.3,620.0,2,B
210058860320,3,F,3,0,1.0,0,Maricá,486.9,585.5,547.3,445.9,600.0,5,E
210060443769,3,F,2,0,1.0,0,São João de Meriti,358.0,327.1,427.7,334.0,480.0,5,B
210059947332,5,F,2,0,1.0,0,Duque de Caxias,373.4,360.1,380.3,367.1,460.0,3,B
210058170296,4,F,1,0,1.0,0,Nova Iguaçu,472.2,550.3,478.6,476.8,740.0,4,B
210061215211,3,M,1,0,1.0,0,Niterói,391.2,375.2,348.9,375.7,540.0,4,K
210060583617,3,M,2,0,1.0,0,Belford Roxo,475.1,413.8,518.6,441.4,580.0,7,B
210061213454,5,F,1,0,1.0,0,Duque de Caxias,513.3,618.0,596.9,614.9,660.0,3,H
210060282056,2,F,1,0,1.0,0,Duque de Caxias,483.6,549.8,543.3,551.1,660.0,2,B
210060459768,3,M,3,0,1.0,0,Niterói,456.5,639.3,589.6,585.0,760.0,5,F
210058226258,2,F,1,0,1.0,0,Niterói,555.8,509.4,328.3,427.0,640.0,5,G
210060545830,3,M,1,0,1.0,0,Niterói,494.6,437.9,391.3,511.2,920.0,3,F
210058309594,3,M,1,0,1.0,0,Niterói,618.4,638.5,635.9,670.8,820.0,2,P
210060299407,4,M,1,0,1.0,0,Maricá,468.6,567.9,568.5,662.9,600.0,5,Q
210058082168,2,F,3,0,1.0,0,Niterói,389.8,560.1,557.9,653.8,600.0,2,B
210061153549,3,F,1,0,1.0,0,Duque de Caxias,456.5,477.9,487.3,469.7,580.0,5,A
210058046603,3,M,1,0,1.0,0,Duque de Caxias,523.6,511.7,572.8,518.3,480.0,3,C
210061333037,3,M,3,0,1.0,0,Nova Iguaçu,522.7,380.9,475.2,406.9,440.0,3,D
210060936323,3,M,3,0,1.0,0,Nova Iguaçu,391.6,391.9,339.0,352.1,360.0,9,B
210058878392,2,F,3,0,1.0,0,Nova Iguaçu,494.1,385.1,408.2,450.9,560.0,2,B
210058046609,2,M,3,0,1.0,0,Duque de Caxias,396.1,487.2,482.7,695.3,540.0,5,C
210058208857,2,M,3,0,1.0,0,Nova Iguaçu,498.6,337.0,447.7,467.8,600.0,4,C
210061532166,3,F,2,0,1.0,0,Niterói,470.2,375.8,513.4,401.7,540.0,4,G
210058679818,2,M,2,0,1.0,0,São João de Meriti,542.8,448.3,557.4,555.8,460.0,4,D
210060349202,3,F,2,0,1.0,0,Niterói,379.9,516.3,508.2,372.4,560.0,6,B
210058199906,2,F,3,0,1.0,0,Nova Iguaçu,627.4,502.5,581.0,647.2,900.0,4,L
210058218566,4,M,1,0,1.0,0,Nova Iguaçu,396.4,383.5,397.0,355.0,200.0,4,D
210058764971,4,M,1,0,1.0,0,Nova Iguaçu,522.1,513.3,545.2,553.4,680.0,6,G
210058764966,3,F,3,0,1.0,0,Maricá,440.6,523.1,554.3,547.0,320.0,3,G
210058776441,2,M,2,0,1.0,0,Niterói,498.1,434.6,406.4,447.4,620.0,3,D
210058077467,2,F,1,0,1.0,0,Nova Iguaçu,526.2,622.3,628.3,588.8,840.0,3,I
210058184990,3,F,3,0,1.0,0,São João de Meriti,565.6,646.6,606.6,524.2,780.0,3,D
210061333028,3,F,1,0,1.0,0,Niterói,615.3,641.2,603.9,699.0,820.0,3,P
210061333017,3,M,3,0,1.0,0,Belford Roxo,459.3,497.7,542.0,500.6,520.0,3,C
210058611598,2,F,1,0,1.0,0,Duque de Caxias,560.1,506.3,511.4,589.8,880.0,2,A
210061333006,3,F,1,0,1.0,0,Niterói,419.5,456.8,387.8,382.6,340.0,3,B
210061333024,2,F,3,0,1.0,0,Duque de Caxias,428.6,530.0,503.0,469.4,620.0,3,A
210058041892,3,F,1,0,1.0,0,Duque de Caxias,516.8,627.2,614.3,601.6,760.0,3,G
210058199013,2,F,3,0,1.0,0,Nova Iguaçu,412.4,534.6,509.0,338.3,460.0,4,A
210058454766,2,M,3,0,1.0,0,Nilópolis,531.9,625.6,609.4,657.8,940.0,6,D
210058433296,3,F,3,0,1.0,0,São João de Meriti,357.0,347.6,291.1,461.2,240.0,3,B
210060351412,3,F,1,0,1.0,0,Niterói,469.5,574.9,504.9,556.1,900.0,3,F
210061211582,2,F,1,0,1.0,0,Niterói,574.3,648.4,603.8,771.9,940.0,4,N
210061124796,3,M,2,0,1.0,0,São João de Meriti,561.0,586.4,561.9,572.2,700.0,2,C
210061621500,3,F,1,0,1.0,0,Duque de Caxias,379.0,492.9,525.9,507.4,580.0,3,A
210061211586,2,M,2,0,1.0,0,Nova Iguaçu,525.5,551.4,578.1,658.3,360.0,3,C
210058373871,2,M,0,0,1.0,0,São João de Meriti,350.3,553.5,458.3,351.1,400.0,3,B
210060442052,3,F,2,0,1.0,0,Duque de Caxias,584.8,537.3,552.0,534.1,580.0,4,E
210060351413,2,F,3,0,1.0,0,Belford Roxo,497.0,559.6,572.2,619.4,580.0,5,B
210059818331,2,M,1,0,1.0,0,Nilópolis,558.1,551.9,585.2,665.1,680.0,6,K
210058611739,5,F,1,0,1.0,0,Niterói,462.3,502.3,483.6,427.4,620.0,5,B
210058221186,3,M,1,0,1.0,0,Nova Iguaçu,536.7,598.8,541.3,582.3,740.0,3,J
210061304394,3,M,1,0,1.0,0,Duque de Caxias,520.7,622.0,579.1,436.0,580.0,3,K
210058103813,3,F,3,0,1.0,0,Niterói,578.2,607.3,547.2,630.6,780.0,3,C
210058811182,3,M,1,0,1.0,0,Niterói,489.0,568.5,490.6,604.6,600.0,2,C
210058673120,3,M,2,0,1.0,0,Niterói,518.5,615.7,566.2,742.4,760.0,4,P
210061246118,2,F,3,0,1.0,0,Duque de Caxias,515.4,509.2,525.0,627.0,600.0,4,G
210060504994,2,F,3,0,1.0,0,Duque de Caxias,468.3,494.4,483.7,414.3,560.0,4,F
210060088665,2,F,2,0,1.0,0,Duque de Caxias,414.3,477.9,482.4,450.0,720.0,2,F
210058356789,3,F,2,0,1.0,0,Nova Iguaçu,402.5,460.3,514.0,496.1,580.0,4,G
210059677655,4,F,1,0,1.0,0,Nova Iguaçu,482.3,622.8,607.3,684.8,740.0,4,C
210058797000,2,M,1,0,1.0,0,Niterói,595.1,659.9,628.3,690.0,940.0,3,I
210059872556,2,F,1,0,1.0,0,Nova Iguaçu,580.6,539.4,553.8,679.7,660.0,3,O
210060434913,2,M,1,0,1.0,0,Niterói,447.8,508.0,475.7,691.8,600.0,11,I
210058345540,3,F,3,0,1.0,0,Nova Iguaçu,394.7,483.5,496.2,480.4,740.0,4,A
210058043022,2,M,3,0,1.0,0,Belford Roxo,369.7,453.7,489.0,425.3,560.0,5,F
210058352176,3,F,1,0,1.0,0,Nova Iguaçu,438.4,531.4,524.5,396.6,600.0,5,P
210058217349,3,F,1,0,1.0,0,Nilópolis,434.2,491.0,462.8,363.2,440.0,2,H
210060312359,2,F,2,0,1.0,0,Niterói,514.9,593.3,501.2,607.0,860.0,3,D
210058500460,2,F,3,0,1.0,0,Nova Iguaçu,603.0,602.6,534.5,719.4,760.0,3,B
210061136431,3,M,1,0,1.0,0,Niterói,577.2,672.9,629.6,660.3,840.0,3,I
210059797842,3,M,1,0,1.0,0,Nova Iguaçu,595.3,551.9,569.5,575.8,820.0,2,I
210059872578,3,M,3,0,1.0,0,Maricá,516.1,508.6,509.7,370.2,860.0,2,E
210061246079,3,F,3,0,1.0,0,Nova Iguaçu,504.8,542.4,583.4,463.7,640.0,5,B
210058135775,2,M,0,0,1.0,0,Nilópolis,498.7,576.6,558.2,643.8,540.0,2,C
210060202743,3,F,1,0,1.0,0,Nova Iguaçu,530.5,595.7,525.9,506.2,620.0,3,B
210058804432,2,M,3,0,1.0,0,Duque de Caxias,516.9,571.1,585.4,521.0,620.0,4,C
210058302312,3,M,3,0,1.0,0,Duque de Caxias,405.9,495.9,447.9,546.5,500.0,3,D
210058251684,2,F,1,0,1.0,0,Nilópolis,463.8,555.5,529.2,419.2,600.0,4,I
210059929280,2,M,3,0,1.0,0,Duque de Caxias,562.8,627.3,562.7,612.8,560.0,3,B
210061263768,3,M,3,0,1.0,0,Duque de Caxias,564.4,470.1,475.3,618.6,520.0,3,F
210058338070,3,M,3,0,1.0,0,Nova Iguaçu,724.3,666.5,613.6,767.2,920.0,4,H
210060887633,4,M,1,0,1.0,0,Duque de Caxias,536.3,529.0,547.3,508.9,500.0,4,J
210059698335,3,M,1,0,1.0,0,Niterói,616.0,614.4,605.6,689.6,440.0,5,G
210059746690,3,M,1,0,1.0,0,Niterói,698.3,726.2,694.4,813.3,940.0,4,Q
210058230193,3,F,3,0,1.0,0,Niterói,496.4,543.8,490.6,641.7,760.0,4,L
210060453244,2,M,1,0,2.0,0,Duque de Caxias,435.9,520.7,430.4,408.5,520.0,4,B
210060052340,3,M,3,0,1.0,0,Niterói,468.2,526.8,495.5,712.7,740.0,3,I
210059071673,2,F,1,0,1.0,0,São João de Meriti,342.3,526.2,505.5,416.2,640.0,3,A
210058251541,3,M,1,0,1.0,0,Duque de Caxias,449.2,459.1,427.8,480.2,580.0,5,B
210058648509,4,M,2,0,1.0,0,Nova Iguaçu,534.5,557.7,509.0,643.0,660.0,2,E
210058785385,4,M,1,0,1.0,0,Duque de Caxias,558.9,500.7,493.5,496.1,520.0,4,J
210058167912,2,M,3,0,1.0,0,Nova Iguaçu,457.1,565.5,568.6,612.5,640.0,4,I
210058695556,3,M,1,0,1.0,0,Niterói,544.2,538.8,510.5,482.9,600.0,4,F
210060462042,3,F,1,0,1.0,0,Nova Iguaçu,515.0,492.4,450.8,532.1,520.0,5,B
210059952247,2,M,2,0,1.0,0,Duque de Caxias,535.7,517.5,497.8,455.3,800.0,3,C
210059668930,3,M,1,0,1.0,0,Belford Roxo,492.8,511.8,530.6,469.8,540.0,5,B
210061325111,3,F,1,0,1.0,0,Niterói,489.5,497.7,498.3,376.9,660.0,4,E
210058397727,2,M,1,0,1.0,0,São João de Meriti,463.8,581.9,587.0,644.7,840.0,3,H
210058839102,2,F,1,0,1.0,0,Belford Roxo,465.0,484.3,469.5,423.6,420.0,3,B
210060181350,2,F,1,0,1.0,0,Duque de Caxias,540.4,562.9,593.7,580.6,800.0,4,C
210058516272,2,F,3,0,1.0,0,São João de Meriti,538.0,629.5,628.1,725.0,920.0,4,H
210061462175,3,M,1,0,1.0,0,Niterói,645.7,723.7,665.8,800.2,680.0,3,I
210060415461,2,M,1,0,1.0,0,Belford Roxo,581.0,603.3,615.5,518.8,740.0,3,C
210060344934,2,F,1,0,1.0,0,Maricá,579.7,582.2,599.5,541.1,640.0,6,H
210058351437,2,F,2,0,1.0,0,Niterói,561.2,582.5,567.7,596.2,640.0,4,E
210060348421,3,M,1,0,1.0,0,Duque de Caxias,553.1,483.0,448.6,470.8,300.0,2,C
210060274283,3,F,2,0,1.0,0,São João de Meriti,444.6,490.4,487.2,414.4,640.0,4,G
210059916395,4,F,1,0,1.0,0,São João de Meriti,359.4,407.4,496.6,397.2,520.0,3,F
210058384618,3,F,0,0,1.0,0,Niterói,669.0,653.9,574.3,790.0,940.0,3,E
210058258868,3,M,1,0,1.0,0,Duque de Caxias,571.7,489.0,580.3,465.9,660.0,6,B
210058100046,3,M,1,0,1.0,0,Niterói,582.5,586.1,552.7,700.4,940.0,4,P
210061594279,2,F,1,0,1.0,0,Nilópolis,502.6,538.0,578.7,666.7,800.0,3,F
210060945867,3,M,1,0,1.0,0,Duque de Caxias,508.7,588.4,516.7,653.3,500.0,3,K
210058282855,2,M,3,0,1.0,0,São João de Meriti,516.8,457.1,488.8,517.7,520.0,5,C
210060465654,2,M,2,0,1.0,0,Duque de Caxias,525.1,474.0,493.9,546.2,600.0,4,D
210058348704,3,F,1,0,1.0,0,São João de Meriti,541.5,633.8,632.5,648.9,500.0,4,C
210058167550,3,M,3,0,1.0,0,Niterói,633.8,642.0,669.9,695.9,900.0,3,B
210058366537,3,M,1,0,1.0,0,Niterói,389.3,397.9,355.6,336.2,320.0,2,C
210058715789,2,M,1,0,1.0,0,Duque de Caxias,545.5,658.3,586.8,748.9,840.0,3,C
210058358599,2,F,1,0,1.0,0,Nilópolis,543.0,579.9,525.3,483.3,840.0,4,C
210060114210,2,M,1,0,1.0,0,Maricá,505.6,574.4,563.5,569.0,580.0,3,J
210058668116,2,F,3,0,1.0,0,Nilópolis,478.7,493.7,499.8,472.5,700.0,2,D
210058369869,3,M,3,0,1.0,0,Nova Iguaçu,591.5,628.7,571.2,633.8,560.0,3,D
210058327349,3,F,1,0,1.0,0,São João de Meriti,558.4,662.1,606.2,512.1,820.0,3,G
210058546874,2,M,3,0,1.0,0,São João de Meriti,386.0,402.1,453.2,439.7,580.0,5,C
210061163264,3,M,1,0,1.0,0,Nova Iguaçu,679.2,668.8,634.7,802.6,880.0,4,M
210061340756,3,F,1,0,1.0,0,Duque de Caxias,535.7,520.3,503.1,588.6,580.0,5,C
210058615302,3,F,3,0,1.0,0,Nova Iguaçu,431.0,460.7,573.2,452.7,600.0,2,E
210059823316,3,M,1,0,1.0,0,Niterói,459.4,579.7,544.1,710.5,820.0,4,B
210061564868,2,F,1,0,1.0,0,Niterói,583.7,533.7,616.4,635.8,760.0,5,H
210059091953,3,M,1,0,1.0,0,Niterói,693.0,655.6,598.2,860.0,980.0,4,O
210058824234,2,M,1,0,1.0,0,Duque de Caxias,470.2,485.1,397.6,522.1,560.0,3,B
210060945838,2,M,1,0,1.0,0,São João de Meriti,480.5,537.6,576.4,605.6,740.0,3,F
210058697749,2,M,1,0,1.0,0,Nova Iguaçu,595.8,608.4,587.9,676.9,660.0,3,O
210058152567,3,F,3,0,1.0,0,Niterói,412.2,503.4,475.4,526.1,880.0,5,B
210058322788,2,M,2,0,1.0,0,Niterói,450.6,559.4,474.5,591.4,580.0,4,C
210058833239,4,F,1,0,1.0,0,Nova Iguaçu,461.9,349.3,379.7,492.5,520.0,4,C
210058130147,3,F,2,0,1.0,0,Nova Iguaçu,383.0,482.5,378.5,388.7,240.0,4,D
210058207240,2,M,2,0,1.0,0,Duque de Caxias,493.0,496.0,357.3,351.8,480.0,3,D
210058380543,2,F,2,0,1.0,0,Nova Iguaçu,479.0,305.5,415.1,409.6,840.0,2,B
210060465601,2,M,1,0,1.0,0,Duque de Caxias,534.3,630.3,557.9,608.6,680.0,4,E
210058130141,2,F,3,0,1.0,0,Nova Iguaçu,442.7,415.9,467.2,443.6,540.0,4,C
210058427002,3,F,3,0,1.0,0,Niterói,547.6,571.9,460.2,349.9,840.0,4,D
210058288192,2,M,1,0,1.0,0,Niterói,540.4,555.1,537.4,738.8,880.0,4,C
210060348193,2,F,1,0,1.0,0,Maricá,443.5,525.5,529.3,541.9,680.0,3,E
210061340710,2,F,1,0,1.0,0,Niterói,618.3,640.1,588.8,564.9,920.0,3,J
210058606135,2,M,0,0,1.0,0,Niterói,569.7,595.7,547.9,521.9,620.0,2,B
210058515692,4,F,3,0,1.0,0,Nilópolis,459.7,544.0,561.4,444.4,700.0,3,D
210058071832,3,M,0,0,1.0,0,Niterói,635.5,657.4,601.5,770.3,920.0,3,J
210060974560,5,M,3,0,1.0,0,Nova Iguaçu,559.9,587.3,500.4,585.1,880.0,3,D
210059308126,1,F,2,0,1.0,0,Duque de Caxias,487.1,559.8,558.7,540.5,720.0,2,B
210060078272,2,M,1,0,1.0,0,Duque de Caxias,518.7,359.2,514.4,519.0,720.0,4,B
210060899591,3,M,1,0,1.0,0,Duque de Caxias,581.9,584.6,566.5,624.1,620.0,4,C
210058661689,3,M,3,0,1.0,0,Duque de Caxias,656.3,663.7,635.1,740.1,840.0,3,O
210060142560,3,F,1,0,1.0,0,Belford Roxo,476.0,437.7,478.4,480.7,540.0,3,D
210058585066,2,F,1,0,1.0,0,Nova Iguaçu,378.9,445.6,483.1,427.3,440.0,4,D
210061236470,2,F,3,0,1.0,0,Niterói,536.8,513.4,541.8,548.1,740.0,2,C
210059612496,2,F,2,0,1.0,0,São João de Meriti,506.9,534.9,581.4,594.9,860.0,3,E
210058848504,2,M,1,0,1.0,0,Niterói,685.9,645.3,597.3,775.1,980.0,3,J
210058600097,2,M,3,0,1.0,0,Nova Iguaçu,538.7,575.3,573.0,665.3,500.0,2,C
210058847916,2,F,1,0,1.0,0,Duque de Caxias,537.3,506.6,567.2,637.8,700.0,2,B
210058474061,3,F,1,0,1.0,0,Niterói,595.7,562.0,585.3,729.5,920.0,4,G
210059934038,2,M,1,0,1.0,0,Niterói,587.3,594.8,527.8,621.5,920.0,4,L
210058846803,3,F,1,0,1.0,0,Nilópolis,530.7,584.8,568.0,487.7,560.0,4,C
210061552480,3,M,2,0,1.0,0,Nova Iguaçu,426.1,310.2,389.1,580.6,600.0,2,B
210058454182,3,M,3,0,1.0,0,Belford Roxo,385.1,505.2,482.4,548.8,340.0,2,B
210060486580,2,F,1,0,1.0,0,São João de Meriti,487.4,587.0,567.1,673.9,920.0,3,M
210058566053,3,F,1,0,1.0,0,Niterói,540.4,522.3,560.1,552.7,400.0,5,G
210061612711,4,F,3,0,1.0,0,Nova Iguaçu,484.0,562.6,525.9,566.0,820.0,3,B
210060361115,2,F,1,0,1.0,0,Nova Iguaçu,487.8,562.3,601.5,576.7,600.0,4,G
210058216474,2,F,1,0,1.0,0,Niterói,469.8,550.6,568.3,417.0,680.0,4,F
210058276280,2,F,1,0,1.0,0,Maricá,635.6,629.0,608.2,697.0,880.0,3,L
210060011199,2,M,3,0,1.0,0,Nilópolis,500.3,503.0,513.9,445.3,640.0,4,H
210058787917,4,M,3,0,1.0,0,Niterói,352.1,519.3,518.6,742.9,860.0,4,D
210058454156,2,M,1,0,1.0,0,Niterói,427.8,539.9,578.2,526.6,400.0,3,F
210060011189,3,F,1,0,1.0,0,São João de Meriti,617.9,565.5,589.7,701.1,820.0,4,G
210061145677,3,M,1,0,1.0,0,Niterói,513.2,571.2,529.4,667.7,840.0,4,Q
210058895984,2,M,1,0,1.0,0,Nilópolis,513.4,599.9,534.8,379.1,540.0,3,J
210060372868,3,F,3,0,1.0,0,Duque de Caxias,380.8,425.9,443.4,477.3,480.0,3,G
210060556478,3,M,1,0,1.0,0,Niterói,539.8,648.6,683.2,672.4,880.0,2,Q
210060340605,2,M,3,0,1.0,0,Belford Roxo,447.0,517.8,504.4,508.7,700.0,2,E
210061166868,2,F,3,0,1.0,0,Duque de Caxias,544.5,588.4,582.4,698.0,920.0,3,K
210058038710,3,F,3,0,1.0,0,Duque de Caxias,524.2,497.9,476.5,484.7,660.0,3,B
210058496332,3,F,2,0,1.0,0,Duque de Caxias,506.7,480.1,446.8,491.1,560.0,4,B
210060052411,2,M,3,0,1.0,0,Niterói,646.3,634.9,611.2,693.7,940.0,2,B
210060155475,3,F,1,0,1.0,0,Nova Iguaçu,522.1,560.2,462.6,490.0,800.0,8,B
210058236541,3,M,3,0,1.0,0,Maricá,485.2,574.0,498.5,502.5,520.0,4,C
210059731024,3,F,2,0,1.0,0,São João de Meriti,561.0,589.5,576.4,539.1,580.0,3,B
210060870740,5,F,1,0,1.0,0,Nova Iguaçu,518.0,564.2,530.8,416.5,600.0,5,C
210060235006,3,M,2,0,1.0,0,Duque de Caxias,358.4,339.3,378.3,338.0,800.0,3,A
210060615768,3,M,3,0,1.0,0,São João de Meriti,430.2,572.7,503.2,553.2,780.0,2,F
210060592743,3,F,1,0,1.0,0,Duque de Caxias,460.0,540.8,534.7,487.3,720.0,2,B
210058389940,2,F,1,0,1.0,0,São João de Meriti,481.3,530.2,546.8,480.6,820.0,2,J
210058245691,3,F,3,0,1.0,0,Niterói,533.2,680.9,657.4,679.0,800.0,5,N
210059726199,2,F,1,0,1.0,0,Nova Iguaçu,578.1,561.2,604.5,531.9,580.0,5,C
210058207597,3,M,2,0,1.0,0,São João de Meriti,444.7,579.4,409.5,621.1,580.0,6,K
210061203832,3,F,3,0,1.0,0,Nova Iguaçu,394.0,454.4,433.0,338.3,440.0,9,D
210058729821,3,M,3,0,1.0,0,Nova Iguaçu,501.1,366.7,352.8,375.0,560.0,4,L
210058059392,3,M,2,0,1.0,0,Niterói,589.9,495.9,511.4,635.2,840.0,4,P
210058844059,3,F,1,0,1.0,0,Nova Iguaçu,644.0,606.2,558.0,767.8,860.0,2,K
210058455646,3,F,3,0,1.0,0,Duque de Caxias,405.2,430.4,406.7,452.2,740.0,3,G
210058195324,2,F,3,0,1.0,0,Niterói,382.9,543.5,557.8,520.1,800.0,2,C
210059654101,2,F,1,0,1.0,0,Duque de Caxias,575.5,635.4,588.6,598.6,820.0,3,M
210058729823,3,M,1,0,1.0,0,Niterói,615.5,671.1,643.1,814.9,880.0,4,M
210059802981,3,F,3,0,1.0,0,Duque de Caxias,483.7,556.3,550.9,574.8,900.0,4,G
210058862149,2,F,1,0,1.0,0,Niterói,506.4,566.6,549.3,539.1,920.0,4,N
210058650273,2,F,0,0,1.0,0,Nilópolis,478.2,390.5,343.6,400.9,660.0,3,P
210058899058,3,M,1,0,1.0,0,Niterói,553.4,623.4,593.8,668.8,880.0,4,Q
210058836112,3,M,3,0,1.0,0,Nilópolis,534.5,634.7,639.1,667.0,840.0,3,G
210059646471,2,M,3,0,1.0,0,Nilópolis,458.8,346.8,356.1,456.4,340.0,3,C
210058217391,4,M,3,0,1.0,0,São João de Meriti,574.1,596.9,531.0,583.5,520.0,3,D
210059659415,2,M,3,0,1.0,0,Niterói,598.3,636.4,540.3,593.5,820.0,3,Q
210058675518,4,M,2,0,1.0,0,Niterói,417.2,469.1,448.0,395.9,720.0,4,H
210060271631,3,F,2,0,1.0,0,Nova Iguaçu,513.8,547.1,401.4,506.6,860.0,3,B
210058574670,3,F,1,0,1.0,0,Belford Roxo,557.7,672.4,663.1,648.9,700.0,3,F
210058722575,3,F,1,0,1.0,0,Niterói,541.4,535.3,526.9,482.6,860.0,4,F
210058722590,4,M,1,0,1.0,0,Niterói,546.0,631.8,523.2,551.3,640.0,4,N
210059810837,2,F,0,0,1.0,0,Niterói,559.8,552.3,585.9,596.4,900.0,3,G
210059711293,2,F,3,0,1.0,0,Niterói,540.2,683.1,644.1,724.3,940.0,3,I
210058362242,2,F,1,0,1.0,0,São João de Meriti,630.7,626.3,585.1,659.7,960.0,4,J
210058077819,2,M,2,0,1.0,0,Duque de Caxias,423.6,523.5,573.0,671.7,880.0,4,G
210060617415,3,M,3,0,1.0,0,Nova Iguaçu,394.8,421.7,411.2,624.3,560.0,2,B
210058846958,2,F,1,0,1.0,0,São João de Meriti,464.7,488.8,476.0,371.6,460.0,2,F
210058434982,2,F,1,0,1.0,0,Duque de Caxias,478.4,583.2,569.2,604.8,860.0,4,F
210058066047,2,F,3,0,1.0,0,São João de Meriti,402.5,409.9,475.9,351.4,320.0,5,A
210061441049,3,M,1,0,1.0,0,Niterói,595.3,636.4,581.5,548.2,700.0,3,B
210058171953,2,F,1,0,1.0,0,Belford Roxo,386.8,454.4,480.6,597.0,520.0,4,C
210058765043,2,F,4,0,1.0,0,Nova Iguaçu,392.2,518.5,480.5,427.3,520.0,3,E
210058288432,2,F,1,0,1.0,0,Niterói,459.4,586.6,527.1,583.7,720.0,6,K
210060232720,2,F,3,0,1.0,0,Nova Iguaçu,383.5,518.0,458.9,455.0,600.0,4,J
210058856592,4,M,3,0,1.0,0,Niterói,524.0,616.5,604.3,535.5,600.0,4,A
210058046516,3,M,1,0,1.0,0,Niterói,631.0,627.6,602.8,808.4,960.0,4,D
210060592947,3,M,1,0,1.0,0,Niterói,540.8,572.5,483.4,590.5,840.0,4,G
210061194057,3,F,3,0,1.0,0,Niterói,497.4,584.9,543.4,667.4,840.0,4,G
210058510114,2,F,1,0,1.0,0,Niterói,547.9,603.3,671.7,597.7,900.0,4,O
210058620807,3,F,1,0,1.0,0,Duque de Caxias,584.2,529.5,527.5,633.6,720.0,2,D
210058249017,3,M,4,0,1.0,0,Nova Iguaçu,527.1,441.2,546.6,502.2,560.0,3,G
210058540886,2,F,3,0,1.0,0,Niterói,487.3,491.7,456.0,480.8,440.0,4,F
210060205281,3,F,3,0,1.0,0,Duque de Caxias,498.9,434.4,495.6,403.7,400.0,4,B
210060382863,2,M,1,0,1.0,0,Niterói,668.2,660.1,655.1,760.3,860.0,3,H
210058235567,3,M,1,0,1.0,0,Niterói,655.5,623.5,556.0,680.6,780.0,3,H
210060820441,2,F,1,0,1.0,0,Niterói,643.8,626.3,639.3,716.2,880.0,6,L
210058241505,3,M,1,0,1.0,0,Niterói,553.3,595.1,474.5,611.2,920.0,4,N
210058078017,2,M,1,0,1.0,0,Niterói,560.7,526.5,522.3,714.5,600.0,5,K
210058454435,3,F,1,0,1.0,0,Niterói,668.6,639.4,609.9,772.0,920.0,3,G
210058435138,2,M,4,0,1.0,0,São João de Meriti,516.4,503.2,543.6,556.5,380.0,2,B
210058875524,2,F,1,0,1.0,0,Niterói,578.8,614.1,645.0,563.7,940.0,4,K
210058797169,3,F,1,0,1.0,0,Niterói,654.9,722.7,605.7,785.5,940.0,3,I
210058546582,2,M,1,0,1.0,0,Nova Iguaçu,366.1,509.4,451.6,654.3,640.0,4,E
210061612758,2,M,3,0,1.0,0,Nova Iguaçu,551.4,547.8,565.9,646.0,620.0,4,C
210058297692,2,F,1,0,1.0,0,Belford Roxo,453.0,504.9,473.5,365.4,440.0,4,F
210060052427,3,M,1,0,1.0,0,Niterói,689.0,661.4,604.3,830.0,920.0,4,D
210058037032,3,F,1,0,1.0,0,Niterói,590.4,589.5,624.6,677.9,840.0,3,D
210060388370,2,M,1,0,1.0,0,Niterói,682.3,655.6,652.7,785.9,900.0,3,P
210061078265,4,F,3,0,1.0,0,Niterói,476.8,579.8,578.4,677.2,900.0,2,N
210059668996,2,F,1,0,1.0,0,São João de Meriti,622.4,603.0,602.4,674.8,900.0,3,D
210058470993,2,F,2,0,1.0,0,Nova Iguaçu,437.7,533.5,492.9,362.3,560.0,4,D
210060451736,3,M,1,0,1.0,0,Niterói,516.8,623.7,601.3,677.1,660.0,3,D
210058675533,3,F,1,0,1.0,0,São João de Meriti,566.5,572.9,565.5,576.8,860.0,3,C
210058283789,3,F,1,0,1.0,0,Niterói,539.0,552.2,452.5,473.3,560.0,3,H
210058736405,3,M,1,0,1.0,0,Niterói,537.6,648.5,640.7,685.1,880.0,4,Q
210061524082,2,M,1,0,1.0,0,Niterói,470.6,620.3,604.3,587.0,780.0,3,H
210060768475,4,F,3,0,1.0,0,Nova Iguaçu,591.8,634.6,576.2,658.2,820.0,3,B
210058830393,4,F,3,0,1.0,0,São João de Meriti,455.7,470.5,424.3,384.0,300.0,1,A
210061541053,2,M,1,0,1.0,0,Nilópolis,628.7,638.7,638.8,910.3,700.0,4,J
210060114380,2,M,2,0,1.0,0,Duque de Caxias,516.6,425.6,500.2,464.3,440.0,4,C
210060127272,5,F,3,0,1.0,0,São João de Meriti,436.1,453.7,468.3,412.6,540.0,3,A
210059964888,3,M,3,0,1.0,0,Niterói,530.9,487.0,424.1,532.0,720.0,2,G
210060114381,3,M,2,0,1.0,0,Duque de Caxias,471.7,558.4,542.5,440.7,520.0,4,C
210058230801,4,F,1,0,1.0,0,Niterói,590.4,600.3,586.1,681.8,880.0,4,L
210059205532,3,F,1,0,1.0,0,Belford Roxo,421.8,471.1,451.9,550.7,520.0,4,B
210060405263,3,M,3,0,1.0,0,Niterói,454.4,485.9,529.6,442.7,520.0,3,J
210058546633,2,F,1,0,1.0,0,São João de Meriti,583.8,627.5,617.0,685.0,720.0,3,B
210059205493,2,F,2,0,1.0,0,Nova Iguaçu,494.4,669.5,584.9,691.2,620.0,4,H
210058772286,2,F,1,0,1.0,0,Nova Iguaçu,526.4,615.0,622.2,610.1,840.0,4,N
210058546620,3,F,1,0,1.0,0,Nova Iguaçu,566.9,335.0,506.0,574.0,660.0,3,D
210061192400,3,M,1,0,1.0,0,Niterói,508.2,614.4,633.8,561.8,640.0,2,B
210058806198,2,M,1,0,1.0,0,Niterói,582.5,684.6,643.7,758.6,840.0,2,J
210060970676,3,M,0,0,1.0,0,Niterói,507.4,480.5,519.6,621.4,580.0,3,H
210058806194,2,F,1,0,1.0,0,Niterói,698.7,645.6,610.2,842.8,920.0,4,Q
210061518903,3,M,3,0,1.0,0,Niterói,411.7,456.4,530.0,518.6,720.0,4,H
210059921113,3,F,2,0,1.0,0,Duque de Caxias,388.2,346.8,438.8,385.5,600.0,4,A
210058322838,3,F,1,0,1.0,0,Niterói,449.7,591.0,593.5,599.9,440.0,5,E
210058665820,2,M,1,0,1.0,0,São João de Meriti,579.9,529.2,573.7,576.4,820.0,3,K
210060700996,3,F,2,0,1.0,0,Niterói,342.1,483.0,554.1,466.9,780.0,3,G
210058196827,3,M,3,0,1.0,0,Niterói,401.8,464.3,313.2,632.5,720.0,4,D
210058823785,3,F,2,0,1.0,0,São João de Meriti,582.0,671.4,599.7,545.0,820.0,4,D
210059867400,2,F,3,0,1.0,0,Belford Roxo,526.5,378.2,547.2,416.5,480.0,5,B
210060980295,2,F,3,0,1.0,0,Nova Iguaçu,545.3,570.1,537.5,714.8,940.0,4,G
210059885142,3,M,1,0,1.0,0,Maricá,480.5,614.2,616.4,505.7,520.0,5,H
210061541041,2,F,1,0,1.0,0,Nilópolis,657.9,645.1,601.9,758.6,680.0,4,C
210061483111,2,M,1,0,1.0,0,Niterói,478.1,528.4,527.6,694.2,860.0,4,Q
210059756549,3,M,1,0,1.0,0,Duque de Caxias,495.0,432.0,429.7,488.4,600.0,3,F
210060562330,2,F,1,0,1.0,0,Niterói,597.4,639.8,601.4,587.6,780.0,2,N
210058205454,3,M,1,0,1.0,0,Niterói,617.4,577.8,612.8,754.3,900.0,4,J
210061321382,3,M,2,0,1.0,0,Niterói,534.0,571.8,557.7,454.7,580.0,5,F
210060830037,3,F,3,0,1.0,0,Niterói,537.4,582.6,558.0,678.6,900.0,4,B
210058373281,2,M,1,0,1.0,0,Niterói,574.1,668.0,657.7,711.3,920.0,3,N
210059663957,4,F,3,0,1.0,0,Nova Iguaçu,402.2,533.4,477.3,414.6,720.0,4,G
210059346775,3,M,1,0,1.0,0,Niterói,458.9,478.0,360.1,466.4,660.0,6,K
210058469104,2,F,3,0,1.0,0,Nova Iguaçu,463.1,577.4,498.0,394.4,640.0,2,I
210060312423,2,F,1,0,1.0,0,Niterói,529.0,644.3,615.9,708.7,940.0,4,O
210058224060,5,F,2,0,1.0,0,Duque de Caxias,410.8,516.5,515.7,469.7,620.0,3,B
210061144008,3,F,1,0,1.0,0,Niterói,684.5,641.0,617.0,808.0,880.0,4,G
210060385950,2,F,1,0,1.0,0,São João de Meriti,548.2,618.8,574.5,651.1,940.0,3,E
210060431038,3,M,3,0,1.0,0,Niterói,574.5,606.2,605.5,577.3,540.0,3,C
210058345502,3,M,3,0,1.0,0,São João de Meriti,430.0,418.7,355.8,437.8,380.0,3,H
210058249057,1,M,3,0,1.0,0,Nova Iguaçu,615.0,617.2,606.1,741.6,840.0,4,G
210058307819,3,F,3,0,1.0,0,Duque de Caxias,508.0,352.4,337.3,349.2,260.0,3,B
210058444521,3,F,1,0,1.0,0,Duque de Caxias,480.5,523.7,508.2,408.6,580.0,5,E
210059726346,3,F,3,0,1.0,0,Nova Iguaçu,469.5,502.6,519.7,530.0,680.0,3,B
210058419071,2,F,3,0,1.0,0,Niterói,478.8,530.2,523.5,599.9,440.0,3,C
210058376624,2,F,2,0,1.0,0,Niterói,435.1,526.1,545.2,620.5,820.0,3,C
210058409238,2,F,3,0,1.0,0,São João de Meriti,551.9,567.3,480.4,666.4,740.0,3,B
210058968380,3,M,3,0,1.0,0,Niterói,611.3,579.5,565.1,670.7,920.0,3,N
210061452655,3,F,1,0,1.0,0,Duque de Caxias,452.0,521.1,468.1,488.7,560.0,3,E
210058471974,3,F,1,0,1.0,0,Nova Iguaçu,429.3,533.1,439.6,349.5,600.0,3,K
210058853867,2,M,1,0,1.0,0,Niterói,414.3,512.5,499.1,707.2,920.0,4,G
210058848077,2,M,1,0,1.0,0,Niterói,752.7,739.7,686.9,876.4,900.0,3,Q
210058682386,2,F,1,0,1.0,0,Niterói,560.5,651.0,558.6,619.1,960.0,3,N
210058249027,4,F,3,0,1.0,0,Niterói,456.2,559.2,556.8,629.7,620.0,5,M
210061147533,1,M,2,0,1.0,0,Niterói,520.7,564.7,536.7,596.0,600.0,2,E
210061503580,2,M,1,0,1.0,0,Niterói,536.3,563.5,535.5,616.1,720.0,3,N
210059988373,4,M,2,0,1.0,0,Nova Iguaçu,572.6,618.8,623.7,670.3,680.0,4,B
210058332789,2,F,1,0,1.0,0,Niterói,517.6,563.3,495.2,586.5,900.0,2,F
210058154853,3,M,1,0,1.0,0,São João de Meriti,402.5,548.2,479.0,581.4,680.0,4,G
210061342760,3,F,1,0,1.0,0,Nova Iguaçu,586.6,640.5,598.2,714.6,980.0,3,C
210060540682,3,F,1,0,1.0,0,Duque de Caxias,559.8,584.7,523.4,444.6,340.0,4,C
210058899095,4,M,1,0,1.0,0,Niterói,584.3,542.4,566.6,688.3,660.0,3,E
210058217433,2,M,1,0,1.0,0,Niterói,497.4,596.2,561.6,699.8,860.0,5,J
210058371572,2,M,1,0,1.0,0,Nilópolis,566.0,540.7,607.6,702.8,760.0,3,D
210060540696,3,M,3,0,1.0,0,Niterói,720.6,655.5,683.9,827.0,940.0,4,P
210059913474,3,F,3,0,1.0,0,Niterói,368.3,434.6,424.0,425.1,400.0,5,C
210058824223,2,F,1,0,1.0,0,Niterói,579.8,606.8,558.0,587.3,940.0,4,B
210059566780,2,F,1,0,1.0,0,Niterói,500.5,608.3,549.4,661.2,760.0,4,G
210058249037,3,M,1,0,1.0,0,São João de Meriti,592.0,554.2,580.6,681.7,540.0,3,D
210061602485,2,M,1,0,1.0,0,Niterói,547.2,663.1,604.1,684.1,960.0,5,P
210058248224,2,F,1,0,1.0,0,Niterói,666.7,684.8,723.7,809.1,980.0,3,P
210058853852,3,F,3,0,1.0,0,Duque de Caxias,440.2,580.7,574.9,715.3,840.0,5,D
210060527435,2,F,3,0,1.0,0,Duque de Caxias,460.4,494.0,497.6,494.0,840.0,3,G
210058167970,3,F,1,0,1.0,0,Nova Iguaçu,535.6,482.2,487.9,523.9,660.0,4,D
210058334338,3,F,1,0,1.0,0,Niterói,660.8,655.0,684.8,834.1,960.0,4,P
210060346906,3,M,1,0,1.0,0,Belford Roxo,422.1,556.7,563.0,388.9,620.0,4,B
210059713340,2,F,3,0,1.0,0,São João de Meriti,471.6,620.8,559.7,671.2,780.0,3,C
210060605834,3,M,1,0,1.0,0,Niterói,524.1,540.0,542.6,608.9,760.0,5,D
210060194097,3,F,1,0,1.0,0,São João de Meriti,486.1,375.8,509.6,473.9,560.0,3,B
210058693037,2,F,1,0,1.0,0,Duque de Caxias,582.2,578.3,552.2,539.2,580.0,3,B
210058366409,3,F,1,0,1.0,0,Niterói,486.0,388.1,523.0,661.2,640.0,3,E
210058185346,4,F,1,0,1.0,0,Niterói,442.9,397.6,522.7,422.7,400.0,6,P
210058846326,2,F,3,0,1.0,0,Belford Roxo,448.5,459.4,463.0,454.7,640.0,5,B
210058317771,3,F,1,0,1.0,0,Duque de Caxias,517.2,489.2,555.4,542.0,720.0,2,G
210061176595,3,M,3,0,1.0,0,Nova Iguaçu,554.5,535.4,500.9,577.9,640.0,4,A
210059321155,2,F,1,0,1.0,0,Niterói,502.1,515.3,519.8,471.1,780.0,3,E
210058511691,3,F,1,0,1.0,0,Niterói,570.4,593.2,559.1,621.7,820.0,5,P
210060712433,3,F,1,0,1.0,0,Niterói,666.1,548.5,534.1,555.7,880.0,5,H
210060312808,2,F,1,0,1.0,0,Nova Iguaçu,660.0,665.0,641.4,798.7,960.0,3,I
210060509906,2,M,3,0,1.0,0,Nilópolis,614.6,669.6,642.9,704.4,820.0,3,C
210058664115,2,F,1,0,1.0,0,Niterói,569.6,646.1,663.9,717.7,940.0,4,K
210059679352,4,F,3,0,1.0,0,São João de Meriti,544.8,618.8,566.8,671.9,580.0,4,G
210058552048,3,M,3,0,1.0,0,Niterói,597.2,624.8,583.7,674.1,880.0,4,P
210059975401,4,M,3,0,1.0,0,Duque de Caxias,457.9,417.8,428.7,371.0,380.0,4,E
210061126844,2,F,3,0,1.0,0,Nova Iguaçu,508.1,512.9,623.6,528.1,700.0,2,F
210059679367,3,M,1,0,1.0,0,Niterói,697.7,674.3,604.1,946.7,960.0,5,Q
210061382994,6,M,3,0,1.0,0,Nilópolis,566.0,559.4,535.9,646.3,680.0,4,B
210061394495,3,F,1,0,1.0,0,Maricá,439.3,583.8,561.3,569.9,880.0,3,G
210060428758,3,M,1,0,1.0,0,Nova Iguaçu,519.5,482.7,466.5,471.2,480.0,4,G
210060039490,4,F,1,0,1.0,0,Duque de Caxias,471.4,463.7,543.1,643.7,640.0,5,E
210058214603,2,M,1,0,1.0,0,São João de Meriti,541.6,622.1,644.7,703.3,800.0,4,B
210061126827,2,F,1,0,1.0,0,Nova Iguaçu,566.0,607.4,626.9,545.9,760.0,5,B
210061471959,2,M,2,0,1.0,0,Niterói,556.1,584.7,609.6,690.0,580.0,4,L
210060269105,2,F,1,0,1.0,0,Nova Iguaçu,599.1,499.3,542.0,502.4,900.0,5,F
210061145796,2,F,2,0,1.0,0,Niterói,470.8,472.3,533.2,514.2,760.0,4,J
210060702868,2,M,1,0,1.0,0,Niterói,526.0,560.5,543.9,692.9,940.0,3,P
210061137871,3,F,1,0,1.0,0,Niterói,465.4,609.4,589.4,767.5,960.0,4,P
210058235578,2,F,3,0,1.0,0,Nova Iguaçu,358.8,476.1,503.3,415.8,460.0,3,C
210061503626,3,M,1,0,1.0,0,Niterói,620.4,634.2,528.2,686.9,900.0,4,M
210061234699,3,F,1,0,1.0,0,São João de Meriti,460.8,488.2,502.3,518.1,380.0,7,D
210058289818,2,F,1,0,1.0,0,Niterói,680.5,740.7,700.5,762.1,960.0,5,P
210060527734,2,F,3,0,1.0,0,Duque de Caxias,451.7,469.8,463.8,474.4,600.0,3,B
210058293678,3,M,1,0,1.0,0,Niterói,666.2,651.9,652.8,766.9,940.0,3,O
210061315501,3,M,1,0,1.0,0,Niterói,604.3,661.1,600.7,700.4,800.0,4,L
210060741049,3,F,1,0,1.0,0,Niterói,471.3,376.8,540.4,632.4,940.0,3,E
210058224478,2,F,2,0,1.0,0,Duque de Caxias,445.9,429.3,522.0,588.8,720.0,4,G
210058497116,3,F,3,0,1.0,0,Nova Iguaçu,571.6,634.2,584.2,562.5,660.0,5,C
210058232456,3,F,4,0,1.0,0,Nilópolis,571.3,596.8,567.2,515.7,600.0,3,G
210060358558,3,M,1,0,1.0,0,Niterói,618.7,476.6,511.0,561.0,880.0,3,G
210058252060,2,F,1,0,1.0,0,Niterói,511.8,605.2,585.0,745.4,840.0,5,P
210058390014,4,F,2,0,1.0,0,Belford Roxo,571.9,602.8,572.9,706.8,600.0,4,B
210060358544,3,F,2,0,1.0,0,Nilópolis,474.4,446.3,469.2,379.7,680.0,4,C
210058277963,3,F,1,0,1.0,0,Nilópolis,527.8,435.5,528.4,558.4,580.0,4,C
210060358534,3,F,1,0,1.0,0,São João de Meriti,583.7,553.2,566.6,478.3,520.0,4,G
210061225095,3,M,3,0,1.0,0,Niterói,531.4,491.8,554.5,724.6,600.0,7,Q
210061315487,2,M,1,0,1.0,0,Niterói,604.0,660.3,638.1,754.8,740.0,4,K
210059586659,3,M,1,0,1.0,0,Niterói,653.8,679.5,617.7,760.7,900.0,3,I
210059586660,2,F,4,0,1.0,0,Duque de Caxias,542.0,605.5,559.5,781.0,720.0,3,J
210060358540,3,M,1,0,1.0,0,Niterói,572.8,618.0,583.1,779.7,920.0,4,D
210060702114,4,F,1,0,1.0,0,Niterói,593.7,607.3,608.9,618.7,920.0,5,I
210060853021,2,M,1,0,1.0,0,Niterói,402.9,432.4,478.4,460.3,440.0,3,L
210058386826,2,M,3,0,1.0,0,Niterói,562.8,630.1,593.7,729.6,720.0,4,G
210060382585,2,F,1,0,1.0,0,Nova Iguaçu,581.9,599.3,625.8,555.1,740.0,2,G
210060710603,3,M,1,0,1.0,0,Niterói,542.9,610.7,553.3,714.3,940.0,3,N
210058449740,3,M,2,0,1.0,0,Nova Iguaçu,548.8,588.9,603.5,611.6,880.0,5,E
210061489570,3,F,1,0,1.0,0,Niterói,529.0,651.7,613.1,700.5,960.0,2,M
210060253578,3,M,1,0,1.0,0,Duque de Caxias,446.3,448.3,472.2,483.6,680.0,3,M
210059333986,2,F,3,0,1.0,0,São João de Meriti,575.2,584.0,583.7,609.0,800.0,4,D
210058357726,3,M,2,0,1.0,0,Duque de Caxias,552.8,648.2,637.0,644.5,840.0,4,F
210058778862,2,M,1,0,1.0,0,Niterói,562.0,604.8,607.4,652.2,840.0,3,K
210061593231,4,M,2,0,1.0,0,Duque de Caxias,487.1,568.7,524.0,577.7,620.0,3,E
210059233696,2,M,3,0,1.0,0,Duque de Caxias,440.5,526.7,484.8,519.1,360.0,5,B
210059635557,3,M,3,0,1.0,0,Duque de Caxias,522.0,569.8,529.0,543.9,640.0,3,B
210060696547,4,F,1,0,1.0,0,Nova Iguaçu,391.5,563.5,538.9,396.1,640.0,4,D
210061560017,3,M,3,0,1.0,0,Maricá,560.6,606.3,466.9,514.3,820.0,5,B
210059844426,5,F,3,0,1.0,0,Duque de Caxias,435.5,459.5,450.2,331.5,760.0,3,B
210058811061,2,F,1,0,1.0,0,Nilópolis,610.7,613.2,599.3,779.1,920.0,4,G
210059220649,3,F,3,0,1.0,0,Duque de Caxias,408.9,475.3,500.4,424.5,620.0,4,D
210058238079,2,F,1,0,1.0,0,Niterói,572.3,393.6,512.3,484.2,880.0,5,H
210060897783,2,M,2,0,1.0,0,Nova Iguaçu,464.9,469.1,578.5,724.9,640.0,5,B
210060732636,2,F,1,0,1.0,0,Niterói,554.7,541.9,558.8,638.1,760.0,5,H
210058203157,2,M,1,0,1.0,0,Duque de Caxias,562.6,644.8,641.0,686.5,840.0,3,H
210058790323,3,M,1,0,1.0,0,Niterói,711.6,676.5,639.2,845.8,940.0,2,N
210059233426,3,F,3,0,1.0,0,Niterói,441.5,469.8,560.0,494.2,480.0,3,K
210059323520,2,F,3,0,1.0,0,São João de Meriti,570.9,554.1,501.1,435.5,780.0,3,I
210059900801,2,F,1,0,1.0,0,Niterói,576.5,588.5,537.9,553.6,840.0,4,K
210058240621,3,F,1,0,1.0,0,Niterói,523.7,674.9,622.4,684.1,960.0,3,L
210060336533,3,M,1,0,1.0,0,Nova Iguaçu,615.6,585.2,539.3,773.4,640.0,4,D
210058546462,3,F,1,0,1.0,0,Niterói,488.1,522.2,478.5,565.8,800.0,3,G
210060463307,4,M,1,0,1.0,0,São João de Meriti,582.8,614.8,644.0,672.7,820.0,3,G
210059074228,3,M,1,0,1.0,0,Duque de Caxias,531.8,450.1,455.3,484.0,560.0,6,C
210061412108,2,F,1,0,1.0,0,Niterói,472.4,534.1,603.1,701.0,740.0,4,G
210060324243,3,F,1,0,1.0,0,Niterói,707.1,655.7,643.6,764.2,960.0,4,O
210058290776,3,M,3,0,1.0,0,Niterói,700.7,655.3,657.5,790.0,940.0,5,N
210058046536,2,F,1,0,1.0,0,São João de Meriti,393.5,409.7,442.8,446.4,700.0,5,B
210060696525,2,M,1,0,1.0,0,Nova Iguaçu,633.2,654.4,612.2,673.0,540.0,4,Q
210060876370,3,F,1,0,1.0,0,Nilópolis,451.7,547.7,536.7,514.3,560.0,3,G
210060986390,4,M,2,0,1.0,0,Nova Iguaçu,437.8,331.8,459.4,499.8,680.0,3,A
210060453646,3,M,1,0,1.0,0,Niterói,462.0,547.8,467.3,406.0,800.0,6,K
210061431523,5,M,1,0,1.0,0,Duque de Caxias,342.3,318.4,320.7,433.9,520.0,1,A
210060524887,3,M,3,0,1.0,0,Niterói,594.1,573.8,550.1,601.4,660.0,4,D
210060268648,2,M,3,0,1.0,0,Duque de Caxias,506.8,640.7,608.2,738.8,600.0,2,D
210058743051,3,F,1,0,1.0,0,Niterói,554.2,602.2,595.1,470.4,720.0,4,C
210060814389,2,M,3,0,1.0,0,Niterói,531.2,528.9,564.2,709.2,860.0,3,N
210058956035,2,F,3,0,1.0,0,Nilópolis,394.7,415.6,501.7,409.5,620.0,6,B
210060712445,2,F,1,0,1.0,0,Maricá,549.5,500.9,519.1,449.1,720.0,4,E
210059202850,3,F,2,0,1.0,0,São João de Meriti,549.1,545.9,537.9,658.9,640.0,5,G
210058851561,2,F,1,0,1.0,0,Belford Roxo,423.1,542.0,545.2,477.6,720.0,3,E
210058518095,3,M,2,0,1.0,0,São João de Meriti,586.0,645.7,593.9,724.9,580.0,5,B
210061151591,3,M,1,0,1.0,0,Niterói,434.5,523.1,502.8,500.4,700.0,3,M
210060455563,2,F,3,0,1.0,0,Duque de Caxias,433.9,515.2,499.0,443.4,780.0,4,C
210059139050,3,M,1,0,1.0,0,Duque de Caxias,506.3,563.7,561.0,547.4,560.0,4,E
210060762588,4,F,1,0,1.0,0,Duque de Caxias,455.7,531.9,514.1,393.4,540.0,2,D
210058521551,2,F,1,0,1.0,0,Niterói,531.6,633.4,600.2,718.7,960.0,4,P
210060388467,2,F,1,0,1.0,0,Niterói,569.9,617.6,582.7,637.6,920.0,4,G
210059182409,3,M,3,0,1.0,0,Duque de Caxias,642.9,626.5,576.5,767.3,880.0,4,C
210061588344,2,F,1,0,1.0,0,Nova Iguaçu,611.9,484.9,521.6,589.3,580.0,3,E
210058094953,2,M,1,0,1.0,0,Niterói,573.9,579.2,566.4,676.5,620.0,4,K
210060711792,2,F,1,0,1.0,0,Niterói,589.1,616.5,573.3,751.8,820.0,3,H
210060466612,2,M,2,0,1.0,0,Niterói,494.6,561.5,526.7,691.4,680.0,4,H
210060797469,4,M,1,0,1.0,0,Nilópolis,494.8,546.2,564.8,602.6,700.0,3,C
210061213066,2,F,3,0,1.0,0,Nova Iguaçu,409.7,492.9,472.4,343.9,600.0,3,D
210059037981,3,M,0,0,1.0,0,Belford Roxo,381.2,507.8,376.4,529.8,580.0,3,G
210060702133,2,F,2,0,1.0,0,Nova Iguaçu,447.6,494.7,476.1,409.1,620.0,2,B
210060218135,3,M,3,0,1.0,0,Duque de Caxias,648.3,643.0,656.9,785.4,860.0,4,H
210059285032,3,F,1,0,1.0,0,Duque de Caxias,477.8,503.6,506.5,576.6,280.0,5,C
210058102285,3,M,3,0,1.0,0,Niterói,432.8,479.9,506.2,545.4,680.0,4,I
210060702593,2,M,2,0,1.0,0,Duque de Caxias,506.2,470.5,488.6,517.3,600.0,4,H
210061423880,2,F,1,0,1.0,0,Nova Iguaçu,402.2,508.7,492.4,533.5,740.0,3,D
210058553085,4,F,1,0,1.0,0,Nova Iguaçu,447.7,507.7,495.0,438.9,700.0,7,D
210059741118,2,M,1,0,1.0,0,Niterói,558.0,583.4,546.7,657.2,520.0,3,E
210061416032,2,M,1,0,1.0,0,Nova Iguaçu,493.3,470.0,487.1,576.4,560.0,3,E
210060233133,2,M,3,0,1.0,0,Duque de Caxias,569.1,574.4,581.9,737.1,700.0,4,F
210060308015,5,F,1,0,1.0,0,Belford Roxo,448.8,371.1,459.8,485.1,420.0,4,B
210058516059,2,M,1,0,1.0,0,Niterói,506.6,609.2,582.3,642.2,760.0,3,Q
210061018986,3,M,1,0,1.0,0,Niterói,659.7,631.9,608.2,835.8,940.0,5,K
210059959756,3,M,3,0,1.0,0,Duque de Caxias,401.7,519.4,502.6,468.3,560.0,3,C
210060934424,3,F,3,0,1.0,0,Belford Roxo,455.3,412.0,485.5,436.9,800.0,4,D
210058785464,3,M,1,0,1.0,0,Niterói,564.1,571.1,548.2,570.1,720.0,4,H
210061213091,3,M,2,0,1.0,0,Belford Roxo,377.1,458.1,437.2,545.2,260.0,5,C
210060671661,3,F,1,0,1.0,0,Duque de Caxias,466.8,534.1,473.9,559.8,600.0,2,D
210059187675,3,F,1,0,1.0,0,Duque de Caxias,418.2,511.6,525.8,434.3,420.0,4,C
210061353968,2,F,1,0,1.0,0,Nova Iguaçu,581.6,639.2,624.9,689.6,720.0,3,K
210058504979,3,F,1,0,1.0,0,Niterói,555.3,665.7,619.7,727.2,900.0,4,P
210060710240,2,M,2,0,1.0,0,Nova Iguaçu,348.4,398.9,356.0,404.9,540.0,3,B
210058596946,4,F,1,0,1.0,0,São João de Meriti,398.3,558.4,530.8,575.1,860.0,2,E
210060427086,2,F,1,0,1.0,0,Niterói,624.3,700.1,602.1,721.0,900.0,4,H
210058700310,2,F,3,0,1.0,0,Nilópolis,595.8,627.6,601.4,659.0,840.0,3,E
210058078614,2,F,1,0,1.0,0,Niterói,578.6,621.3,625.1,473.3,640.0,4,Q
210061076614,3,F,1,0,1.0,0,Maricá,491.2,532.3,486.7,505.6,460.0,3,B
210059169560,2,M,3,0,1.0,0,Nova Iguaçu,408.9,606.6,391.3,557.7,640.0,4,M
210061030208,3,F,1,0,1.0,0,Maricá,510.0,525.6,557.2,590.9,880.0,3,P
210060155565,4,F,1,0,1.0,0,Maricá,419.9,490.8,528.4,376.6,540.0,5,B
210059025081,2,F,3,0,1.0,0,Nova Iguaçu,437.8,487.9,461.4,352.4,580.0,6,B
210058094933,2,M,2,0,1.0,0,Niterói,415.3,594.9,540.8,434.4,480.0,6,L
210059746362,3,F,3,0,1.0,0,Duque de Caxias,551.3,527.4,475.9,508.0,920.0,3,B
210061551886,2,M,2,0,1.0,0,Duque de Caxias,506.0,588.7,568.9,520.7,620.0,4,G
210061014801,2,F,1,0,1.0,0,Duque de Caxias,477.6,546.6,433.2,538.8,740.0,4,D
210058153181,2,M,1,0,1.0,0,Maricá,624.3,622.1,640.9,836.4,780.0,3,G
210061738169,2,M,3,0,1.0,0,São João de Meriti,541.1,635.4,620.2,706.9,840.0,4,E
210060043708,4,M,3,0,1.0,0,Nova Iguaçu,557.3,649.5,556.9,834.8,920.0,3,E
210059068639,3,F,1,0,1.0,0,Niterói,453.6,550.7,532.2,525.7,540.0,4,G
210061863803,2,M,1,0,1.0,0,São João de Meriti,382.6,355.6,543.2,386.2,840.0,5,M
210061309508,3,F,3,0,1.0,0,Niterói,543.7,521.4,583.7,658.5,940.0,3,P
210061288304,3,F,2,0,1.0,0,Nilópolis,396.5,439.4,484.5,551.2,400.0,3,D
210061491534,3,M,2,0,1.0,0,Duque de Caxias,493.1,410.9,420.4,422.3,820.0,3,B
210061918304,2,M,3,0,1.0,0,Niterói,418.5,515.9,499.6,455.8,420.0,2,B
210060054215,4,F,1,0,1.0,0,Nova Iguaçu,574.3,590.9,594.2,652.8,580.0,3,J
210061467776,3,F,1,0,1.0,0,Niterói,520.6,604.7,591.8,637.6,900.0,4,D
210061896325,2,F,2,0,1.0,0,Niterói,574.4,625.9,553.1,637.3,920.0,3,F
210059582894,2,M,1,0,1.0,0,Nova Iguaçu,644.4,673.2,592.4,732.5,920.0,4,I
210061253346,2,F,3,0,1.0,0,Belford Roxo,468.9,519.5,498.1,463.2,660.0,3,D
210061632224,3,F,1,0,1.0,0,São João de Meriti,453.9,480.4,492.7,448.4,640.0,4,C
210061643241,2,F,1,0,1.0,0,Nova Iguaçu,480.3,555.2,533.0,583.9,840.0,3,G
210061931238,2,M,1,0,1.0,0,Nilópolis,491.3,485.8,568.3,603.0,600.0,3,B
210061994074,3,F,4,0,1.0,0,Duque de Caxias,438.8,449.3,457.3,494.1,540.0,6,C
210061994900,3,F,3,0,1.0,0,Niterói,525.2,610.1,564.7,537.2,900.0,3,J
210061838951,2,F,1,0,1.0,0,Nova Iguaçu,421.3,469.7,475.5,452.8,500.0,3,N
210061713259,3,M,1,0,1.0,0,São João de Meriti,492.0,502.9,567.1,649.3,460.0,4,G
210058918900,4,F,1,0,1.0,0,Niterói,465.0,548.5,561.4,444.3,700.0,4,B
210058871696,2,M,3,0,1.0,0,Nova Iguaçu,514.7,566.2,526.8,553.3,760.0,7,C
210061768212,4,M,3,0,1.0,0,Duque de Caxias,559.4,408.4,506.7,394.9,580.0,4,E
210061367062,3,F,1,0,1.0,0,Niterói,698.8,686.0,657.1,816.6,880.0,3,N
210061929860,3,M,1,0,1.0,0,Niterói,545.1,549.8,539.7,741.4,940.0,2,L
210061508469,3,M,2,0,1.0,0,Belford Roxo,373.2,390.4,428.8,440.3,400.0,4,G
210060218338,2,M,3,0,1.0,0,São João de Meriti,497.2,572.0,588.5,722.2,800.0,2,E
210060033340,2,F,3,0,1.0,0,Duque de Caxias,416.1,538.3,573.1,598.4,880.0,5,I
210061768217,2,M,3,0,1.0,0,Nilópolis,576.2,600.5,591.5,634.1,540.0,4,F
210060937372,3,F,3,0,1.0,0,Niterói,431.8,549.1,555.6,412.4,540.0,3,D
210060277838,3,M,3,0,1.0,0,Niterói,446.9,533.9,519.1,618.0,480.0,4,J
210061863142,2,M,3,0,1.0,0,Maricá,533.8,568.0,601.9,755.7,660.0,4,J
210062029401,3,M,5,0,1.0,0,Nova Iguaçu,349.8,422.0,391.6,480.3,260.0,3,C
210061527267,2,M,3,0,1.0,0,Duque de Caxias,577.4,597.9,579.5,742.0,880.0,4,D
210061062229,3,M,1,0,1.0,0,Duque de Caxias,522.5,625.5,621.3,602.4,600.0,5,G
210061805498,2,F,2,0,1.0,0,Niterói,578.1,583.6,579.2,630.2,580.0,4,D
210062029386,2,F,2,0,1.0,0,Duque de Caxias,479.1,421.7,448.0,379.7,480.0,3,B
210060937371,3,M,2,0,1.0,0,Duque de Caxias,519.4,529.1,509.2,683.3,420.0,4,D
210061579846,2,F,2,0,1.0,0,Duque de Caxias,538.5,548.1,628.6,635.2,800.0,5,D
210061810335,3,F,1,0,1.0,0,Nova Iguaçu,451.9,505.3,567.8,632.6,840.0,3,G
210061626551,4,F,2,0,1.0,0,Nova Iguaçu,396.0,385.0,417.6,348.0,560.0,2,B
210061590023,2,F,1,0,1.0,0,São João de Meriti,471.7,510.4,516.2,478.2,720.0,2,C
210058913624,3,M,1,0,1.0,0,Duque de Caxias,602.4,566.8,591.4,687.5,640.0,3,J
210062019179,4,F,3,0,1.0,0,Duque de Caxias,358.6,457.2,445.8,379.6,440.0,3,C
210061695128,2,F,1,0,1.0,0,Duque de Caxias,472.4,592.8,530.1,625.9,920.0,5,P
210061632802,2,F,1,0,1.0,0,Niterói,472.1,584.0,540.5,563.0,800.0,2,G
210061955576,2,F,3,0,1.0,0,Duque de Caxias,594.9,650.8,636.5,700.0,960.0,4,L
210061634973,2,M,2,0,1.0,0,Duque de Caxias,546.7,579.3,622.2,637.6,740.0,4,G
210061899343,2,F,1,0,1.0,0,Nova Iguaçu,490.0,490.8,419.7,476.1,620.0,3,B
210061056694,4,M,0,0,1.0,0,Nova Iguaçu,544.0,581.9,575.5,568.1,640.0,3,E
210062002042,2,M,2,0,1.0,0,São João de Meriti,554.3,583.2,620.9,738.4,580.0,4,G
210058903783,3,M,1,0,1.0,0,Nilópolis,602.9,617.8,566.9,536.4,560.0,4,G
210061901471,2,F,3,0,1.0,0,Duque de Caxias,421.3,406.3,452.5,448.6,340.0,3,A
210061638379,3,M,1,0,1.0,0,Maricá,569.9,518.9,587.3,630.8,600.0,3,D
210060223817,3,F,2,0,1.0,0,Duque de Caxias,540.8,563.5,565.5,651.0,880.0,4,C
210061847757,2,F,1,0,1.0,0,Duque de Caxias,502.2,427.1,474.6,423.8,600.0,3,E
210058918864,4,F,1,0,1.0,0,Nova Iguaçu,419.1,568.6,558.4,574.2,560.0,6,E
210061497861,3,M,1,0,1.0,0,Duque de Caxias,573.6,614.3,587.9,644.1,500.0,4,D
210061537735,5,M,0,0,1.0,0,Niterói,445.2,609.5,575.5,612.7,820.0,6,N
210061827018,3,M,2,0,1.0,0,Maricá,545.0,393.2,489.5,454.5,700.0,5,E
210061797654,4,M,1,0,1.0,0,Duque de Caxias,478.5,458.6,296.4,333.9,600.0,3,D
210061946317,2,M,2,0,1.0,0,Duque de Caxias,520.9,652.6,596.6,642.9,760.0,5,C
210061909270,2,F,1,0,1.0,0,Duque de Caxias,496.4,574.8,507.5,547.3,560.0,5,C
210061411236,2,F,1,0,1.0,0,Duque de Caxias,569.0,606.3,577.3,477.0,900.0,3,H
210061553426,3,M,2,0,1.0,0,Niterói,423.7,424.6,437.7,416.6,520.0,3,D
210061886578,3,M,3,0,1.0,0,Nova Iguaçu,497.0,584.2,532.5,611.9,520.0,4,C
210061732950,4,M,1,0,1.0,0,Niterói,577.6,480.8,513.9,407.6,440.0,3,O
210060277539,2,F,3,0,1.0,0,Duque de Caxias,380.5,565.1,475.5,358.1,800.0,4,B
210061862202,3,F,3,0,1.0,0,São João de Meriti,397.5,442.5,522.3,449.8,620.0,5,B
210059451635,3,M,1,0,1.0,0,Duque de Caxias,379.5,494.6,448.8,436.9,440.0,4,C
210059279628,14,F,2,0,2.0,0,Belford Roxo,508.1,485.3,520.7,422.7,500.0,4,B
210061644428,2,M,1,0,1.0,0,Niterói,544.0,538.9,613.1,662.4,900.0,5,N
210061906305,2,M,1,0,1.0,0,Nova Iguaçu,369.3,549.2,520.3,423.4,480.0,4,B
210061817820,2,F,1,0,1.0,0,Nilópolis,458.2,563.1,548.2,516.1,560.0,2,C
210061896241,4,F,3,0,1.0,0,Duque de Caxias,390.1,370.3,467.6,454.1,720.0,3,B
210061722153,2,F,1,0,1.0,0,Niterói,338.6,450.3,379.8,328.2,520.0,3,I
210058988312,2,F,1,0,1.0,0,São João de Meriti,575.6,649.0,552.7,742.0,840.0,7,B
210061871780,3,M,1,0,1.0,0,Duque de Caxias,576.0,627.7,547.1,685.8,620.0,4,C
210061906333,3,M,2,0,1.0,0,Nova Iguaçu,546.2,533.0,583.8,687.9,640.0,2,B
210059089254,2,F,1,0,1.0,0,Niterói,444.2,578.1,596.6,552.4,660.0,4,C
210061760183,2,F,3,0,1.0,0,Nilópolis,518.2,571.8,493.4,731.7,780.0,3,C
210061404095,2,M,1,0,1.0,0,Duque de Caxias,542.5,476.8,440.7,485.0,440.0,4,G
210062033564,2,F,3,0,1.0,0,Nilópolis,462.0,530.3,570.7,558.8,740.0,3,B
210061796226,2,M,1,0,1.0,0,Nilópolis,560.2,576.6,578.3,668.9,540.0,3,J
210059261677,2,F,1,0,1.0,0,Duque de Caxias,375.8,518.9,459.9,428.9,700.0,2,B
210061846701,3,M,1,0,1.0,0,Niterói,393.1,453.1,491.3,565.7,640.0,5,C
210061340141,3,F,2,0,1.0,0,Nilópolis,567.2,497.0,522.8,675.4,760.0,2,J
210059987074,3,F,1,0,1.0,0,Niterói,553.0,628.3,581.8,626.6,920.0,4,E
210061790491,2,M,1,0,1.0,0,Duque de Caxias,553.9,578.0,590.8,846.1,880.0,4,G
210061340053,2,M,2,0,1.0,0,Duque de Caxias,469.8,535.8,464.3,518.5,620.0,5,D
210059418354,4,M,2,0,1.0,0,Duque de Caxias,645.1,659.2,650.1,703.5,840.0,2,B
210061892492,2,M,1,0,1.0,0,Nova Iguaçu,446.7,488.7,496.0,422.9,600.0,4,C
210061758218,5,M,1,0,1.0,0,Nova Iguaçu,431.4,343.4,402.0,381.3,540.0,3,B
210061655104,2,F,2,0,1.0,0,Nova Iguaçu,499.0,577.8,530.1,473.8,700.0,4,D
210060020570,2,F,1,0,1.0,0,Duque de Caxias,471.5,517.3,518.8,443.2,920.0,4,G
210059078766,2,M,2,0,1.0,0,Duque de Caxias,472.3,391.2,482.8,487.8,560.0,6,B
210060969974,2,F,3,0,1.0,0,Duque de Caxias,492.1,551.0,521.1,589.2,780.0,3,G
210059441217,3,F,3,0,1.0,0,Duque de Caxias,381.5,463.8,362.5,425.2,560.0,4,B
210061202860,3,M,1,0,1.0,0,Niterói,529.9,456.6,484.2,539.0,360.0,4,L
210060838718,2,F,3,0,1.0,0,Nova Iguaçu,517.3,583.7,504.1,473.3,840.0,3,G
210060159177,4,F,3,0,1.0,0,São João de Meriti,419.7,517.0,451.5,373.5,340.0,4,B
210060910167,4,F,1,0,1.0,0,Nova Iguaçu,441.9,495.3,466.0,361.8,280.0,3,E
210060097434,3,F,3,0,1.0,0,São João de Meriti,445.0,593.9,536.6,504.2,680.0,4,F
210061881275,2,F,3,0,1.0,0,Duque de Caxias,489.1,528.0,471.6,539.5,740.0,2,B
210061083418,2,F,1,0,1.0,0,Niterói,730.4,694.5,706.2,886.8,920.0,4,N
210061845568,2,M,0,0,1.0,0,Duque de Caxias,573.5,572.5,522.6,615.3,740.0,2,B
210061293949,2,F,3,0,1.0,0,Maricá,470.2,559.9,575.4,657.3,720.0,3,L
210061062306,2,F,1,0,1.0,0,Duque de Caxias,566.1,454.0,573.9,400.1,540.0,3,C
210061514849,2,M,1,0,1.0,0,Niterói,523.6,639.7,582.1,638.9,740.0,4,Q
210061878265,3,F,3,0,1.0,0,Duque de Caxias,414.9,463.6,426.1,471.9,500.0,4,B
210061653465,7,M,1,0,1.0,0,Niterói,384.9,581.6,550.9,357.8,620.0,3,C
210061805750,3,F,2,0,1.0,0,Duque de Caxias,461.5,391.1,411.4,354.0,520.0,4,C
210061486129,2,F,1,0,1.0,0,Belford Roxo,453.7,490.3,571.0,458.2,900.0,4,C
210061933024,5,F,1,0,1.0,0,Nova Iguaçu,505.7,572.9,546.8,559.4,560.0,3,B
210060275400,2,F,3,0,1.0,0,Nova Iguaçu,444.9,489.1,521.2,435.2,480.0,3,B
210060077248,4,F,2,0,1.0,0,Duque de Caxias,326.9,332.5,394.9,337.1,500.0,3,C
210061653311,3,F,3,0,1.0,0,Niterói,563.2,615.4,540.5,655.0,580.0,2,B
210061779946,3,M,3,0,1.0,0,Belford Roxo,445.7,341.0,483.1,488.2,580.0,5,A
210061934361,2,M,1,0,1.0,0,Duque de Caxias,449.6,556.1,478.3,479.5,880.0,5,C
210060190181,2,F,1,0,1.0,0,Maricá,498.6,493.3,489.6,507.7,580.0,2,B
210059261424,3,M,1,0,1.0,0,Niterói,375.1,470.2,465.1,554.8,480.0,4,D
210061539324,2,M,1,0,1.0,0,Duque de Caxias,517.2,575.3,597.2,764.8,780.0,4,J
210061189754,4,M,2,0,1.0,0,Niterói,503.5,554.5,507.5,347.1,560.0,3,C
210061174460,3,F,1,0,1.0,0,Niterói,608.3,494.6,545.7,451.3,500.0,3,G
210062041342,3,F,3,0,1.0,0,São João de Meriti,580.9,546.4,559.1,489.8,660.0,5,E
210058115867,2,M,3,0,1.0,0,Duque de Caxias,470.9,520.6,532.6,625.4,600.0,4,D
210059186993,2,F,3,0,1.0,0,Niterói,344.0,347.5,425.6,359.7,560.0,4,B
210061174444,2,M,0,0,1.0,0,Duque de Caxias,456.1,344.7,477.1,447.4,340.0,4,B
210059382318,3,F,1,0,1.0,0,Belford Roxo,391.0,521.5,467.0,457.2,400.0,3,C
210059176667,5,F,3,0,1.0,0,Nova Iguaçu,532.7,514.0,511.6,479.0,760.0,5,B
210061840438,3,F,1,0,1.0,0,Nova Iguaçu,609.3,374.0,404.1,544.4,620.0,6,J
210061705354,3,M,1,0,1.0,0,Niterói,591.4,596.5,622.4,746.4,640.0,3,P
210061615954,2,F,2,0,1.0,0,Nilópolis,544.0,429.5,616.6,597.0,760.0,3,I
210061667593,2,F,1,0,1.0,0,Niterói,400.6,528.7,541.2,379.4,820.0,2,D
210060105398,2,M,1,0,1.0,0,Nova Iguaçu,581.5,650.8,627.6,603.7,900.0,6,H
210061168089,4,F,1,0,1.0,0,São João de Meriti,446.2,522.7,514.6,474.0,480.0,4,B
210060854247,2,M,3,0,1.0,0,Duque de Caxias,546.4,533.4,547.8,446.3,500.0,3,B
210061000893,3,F,2,0,1.0,0,Duque de Caxias,485.9,553.4,500.5,413.7,540.0,4,D
210061005250,3,F,1,0,1.0,0,Nova Iguaçu,483.2,598.8,579.8,620.8,560.0,4,D
210060208229,3,F,1,0,1.0,0,Nova Iguaçu,419.8,554.8,528.3,406.7,660.0,4,A
210061005241,2,F,1,0,1.0,0,Duque de Caxias,488.9,487.0,543.9,494.1,720.0,3,C
210061830886,5,F,0,0,1.0,0,Duque de Caxias,477.6,398.1,409.7,338.1,500.0,4,E
210061810309,4,M,3,0,1.0,0,São João de Meriti,526.0,595.4,524.2,512.4,640.0,4,H
210061322415,3,F,2,0,1.0,0,Belford Roxo,547.3,546.4,530.8,484.5,800.0,4,B
210060862285,2,M,1,0,1.0,0,São João de Meriti,571.2,614.8,597.1,697.2,720.0,3,I
210060159469,2,M,2,0,1.0,0,Duque de Caxias,534.9,551.4,534.5,492.6,580.0,2,C
210062012042,2,M,1,0,1.0,0,Nova Iguaçu,516.7,567.8,567.5,520.7,520.0,4,B
210059464739,2,M,3,0,1.0,0,Nova Iguaçu,541.3,580.6,533.3,566.2,540.0,4,C
210059608842,3,M,3,0,1.0,0,São João de Meriti,489.1,595.6,541.6,681.8,640.0,4,D
210061404026,2,M,2,0,1.0,0,Belford Roxo,386.9,580.1,571.9,704.1,640.0,3,D
210061571628,2,F,3,0,1.0,0,Duque de Caxias,435.6,495.8,531.9,505.5,520.0,3,E
210061831293,4,F,2,0,1.0,0,Belford Roxo,508.0,588.5,520.3,474.1,560.0,4,B
210061226129,2,M,3,0,1.0,0,Niterói,464.5,573.4,575.0,628.5,860.0,3,C
210061912348,2,M,1,0,1.0,0,Duque de Caxias,488.8,598.6,545.7,719.9,720.0,4,F
210061805821,3,F,2,0,1.0,0,Duque de Caxias,492.6,491.6,539.1,383.4,520.0,4,C
210062044373,3,M,1,0,1.0,0,Belford Roxo,519.1,506.8,543.8,565.9,360.0,3,C
210062044376,2,F,1,0,1.0,0,Nova Iguaçu,400.7,453.3,395.6,349.2,320.0,2,B
210061349704,3,F,1,0,1.0,0,Nova Iguaçu,580.8,509.2,508.7,459.9,780.0,2,B
210059034901,3,M,1,0,1.0,0,Niterói,538.9,530.1,522.3,634.3,800.0,4,G
210061716156,2,F,1,0,1.0,0,Duque de Caxias,438.8,425.3,523.1,401.1,680.0,4,C
210061203232,4,M,3,0,1.0,0,Niterói,450.1,514.2,520.6,552.0,520.0,3,C
210060174585,3,M,1,0,1.0,0,Niterói,554.5,601.5,570.0,666.5,700.0,3,G
210061613347,2,M,3,0,1.0,0,Niterói,539.5,526.9,529.6,463.6,420.0,4,C
210061257115,2,F,2,0,1.0,0,Niterói,500.8,576.8,571.8,590.1,920.0,3,G
210062025195,2,M,1,0,1.0,0,Duque de Caxias,451.1,575.3,541.0,647.6,540.0,2,A
210061908351,2,F,3,0,1.0,0,Duque de Caxias,447.9,492.7,438.0,416.6,600.0,5,J
210061535132,4,F,0,0,1.0,0,Duque de Caxias,341.6,422.0,330.3,514.0,580.0,5,A
210061588423,2,F,3,0,1.0,0,São João de Meriti,409.3,403.7,386.2,472.0,260.0,5,B
210061349677,4,F,1,0,1.0,0,Niterói,627.2,602.8,614.6,660.8,960.0,7,E
210060987663,3,M,1,0,1.0,0,Niterói,608.4,371.9,534.4,742.1,880.0,3,J
210061183799,2,M,0,0,1.0,0,Nova Iguaçu,503.7,532.0,601.2,524.5,500.0,3,B
210061870789,3,F,3,0,1.0,0,Belford Roxo,489.6,480.3,484.4,466.0,420.0,5,B
210060184844,3,F,3,0,1.0,0,Duque de Caxias,516.0,459.5,449.4,553.8,600.0,4,B
210060074717,4,F,1,0,1.0,0,Niterói,436.6,577.1,547.7,436.2,900.0,5,K
210059788872,3,F,1,0,1.0,0,Niterói,594.5,615.4,553.2,621.4,880.0,5,G
210060300888,3,F,1,0,1.0,0,Niterói,459.9,511.8,556.2,369.5,520.0,3,D
210060996939,4,M,2,0,1.0,0,Niterói,345.0,433.6,428.5,373.6,460.0,5,D
210061349682,3,F,2,0,1.0,0,Niterói,455.7,437.6,366.9,582.9,940.0,3,G
210061067974,2,F,3,0,1.0,0,Belford Roxo,589.5,588.0,587.5,564.6,840.0,4,J
210060182676,2,F,3,0,1.0,0,Nilópolis,545.6,659.4,593.3,672.2,840.0,4,G
210062035406,4,M,3,0,1.0,0,Nova Iguaçu,407.3,363.0,390.5,458.3,400.0,2,C
210061586190,3,F,1,0,1.0,0,Niterói,641.4,617.9,605.7,733.3,920.0,4,Q
210061802012,4,F,3,0,1.0,0,Duque de Caxias,498.3,504.0,379.3,497.2,660.0,4,H
210061079855,3,M,2,0,1.0,0,São João de Meriti,423.0,312.2,385.1,510.5,520.0,2,A
210061403934,3,F,3,0,1.0,0,Nova Iguaçu,334.4,378.1,360.5,377.2,380.0,3,A
210061559072,2,F,3,0,1.0,0,São João de Meriti,409.7,492.8,473.5,466.0,640.0,6,B
210061893311,2,F,1,0,1.0,0,Duque de Caxias,498.0,508.7,542.6,529.0,520.0,3,B
210061560665,2,F,1,0,1.0,0,Maricá,521.4,610.2,531.6,525.7,920.0,2,F
210062013186,3,F,2,0,1.0,0,Nova Iguaçu,349.7,401.2,332.7,355.2,580.0,4,B
210059541585,3,M,1,0,1.0,0,Duque de Caxias,513.7,512.2,526.6,581.1,920.0,6,C
210061772163,3,M,1,0,1.0,0,Maricá,485.7,449.2,514.9,507.9,440.0,3,B
210061689608,4,M,2,0,1.0,0,São João de Meriti,478.0,492.0,494.8,500.7,580.0,2,B
210060033111,2,M,3,0,1.0,0,Belford Roxo,409.4,408.0,445.1,440.2,800.0,4,B
210061602880,3,F,1,0,1.0,0,Nova Iguaçu,506.6,475.3,547.1,582.1,700.0,3,I
210061633070,5,M,1,0,1.0,0,Niterói,372.7,508.6,540.7,677.3,680.0,3,G
210058155374,2,F,1,0,1.0,0,Niterói,585.2,561.7,596.8,681.3,900.0,4,I
210061715505,2,F,1,0,1.0,0,Nova Iguaçu,512.4,518.4,408.8,362.8,560.0,4,G
210061715494,3,F,3,0,1.0,0,Belford Roxo,361.5,496.7,414.5,467.5,620.0,5,B
210059464391,4,M,3,0,1.0,0,Nova Iguaçu,592.9,599.8,557.6,602.2,440.0,4,B
210061558932,3,F,3,0,1.0,0,Nilópolis,489.5,540.8,515.7,346.6,400.0,2,A
210061403850,3,M,2,0,1.0,0,Nova Iguaçu,631.7,669.8,611.2,651.2,760.0,4,J
210059464384,2,M,3,0,1.0,0,Maricá,537.7,587.8,548.4,550.7,640.0,2,F
210061598950,2,F,2,0,1.0,0,Nova Iguaçu,493.3,448.0,423.4,415.4,680.0,4,B
210061738559,2,M,1,0,1.0,0,Niterói,640.1,614.0,593.7,776.9,960.0,4,J
210061200975,2,F,1,0,1.0,0,São João de Meriti,581.1,565.8,592.4,648.8,920.0,4,D
210061776573,3,F,1,0,1.0,0,Maricá,562.0,602.1,568.5,566.8,400.0,4,G
210062036461,3,F,3,0,1.0,0,Nova Iguaçu,438.0,568.7,506.6,490.0,820.0,5,B
210059953533,2,M,3,0,1.0,0,Niterói,547.5,565.1,624.2,650.6,880.0,5,N
210061882546,2,F,3,0,1.0,0,Belford Roxo,529.0,565.4,560.3,432.8,640.0,4,B
210060978151,3,F,1,0,1.0,0,Niterói,446.8,537.6,549.5,443.1,720.0,3,D
210061854025,6,M,1,0,1.0,0,Duque de Caxias,411.3,412.4,351.9,402.4,480.0,2,B
210061910368,2,M,3,0,1.0,0,Duque de Caxias,582.4,608.6,589.2,499.2,840.0,3,C
210061154623,3,F,1,0,1.0,0,São João de Meriti,507.8,616.0,588.1,517.7,860.0,3,D
210060979922,4,F,3,0,1.0,0,Duque de Caxias,570.6,595.2,586.7,685.5,800.0,2,C
210061545593,3,F,3,0,1.0,0,São João de Meriti,525.5,481.3,511.7,540.3,340.0,3,D
210061985749,3,M,1,0,1.0,0,Niterói,474.4,589.8,527.6,758.5,920.0,2,N
210061384710,4,M,3,0,1.0,0,Nova Iguaçu,464.4,337.1,344.3,476.1,260.0,3,J
210061112597,2,F,1,0,1.0,0,São João de Meriti,539.9,553.5,550.7,415.7,700.0,3,B
210059431435,2,F,2,0,1.0,0,Nilópolis,517.8,531.7,454.0,542.4,720.0,4,E
210060856204,4,F,1,0,1.0,0,Niterói,382.9,373.3,386.7,343.9,380.0,3,G
210061518699,3,F,1,0,1.0,0,Niterói,574.0,602.1,615.1,802.2,740.0,4,I
210061913331,3,F,1,0,1.0,0,Niterói,646.5,533.1,399.7,675.5,940.0,3,H
210061626955,2,F,3,0,1.0,0,São João de Meriti,538.7,454.4,426.7,458.5,440.0,4,D
210059452069,2,M,1,0,1.0,0,Niterói,563.4,490.7,383.7,693.1,680.0,5,N
210061059969,2,F,1,0,1.0,0,Niterói,398.1,567.5,498.5,491.7,560.0,8,G
210060867989,3,M,1,0,1.0,0,Nilópolis,489.3,572.7,579.4,516.4,700.0,3,E
210062052511,2,M,1,0,1.0,0,Nova Iguaçu,482.5,515.8,542.8,372.7,620.0,2,D
210061340385,2,M,2,0,1.0,0,Maricá,497.2,532.9,517.3,597.3,520.0,3,G
210061602915,2,M,3,0,1.0,0,Nova Iguaçu,569.5,518.0,543.0,429.7,600.0,4,B
210061925489,2,F,1,0,1.0,0,Niterói,412.9,484.4,460.9,339.1,420.0,2,G
210061923642,3,F,1,0,1.0,0,Niterói,608.9,682.1,668.7,727.1,840.0,5,P
210061973847,2,M,3,0,1.0,0,Nova Iguaçu,560.4,454.0,561.7,584.5,800.0,6,E
210061457958,3,F,2,0,1.0,0,Nova Iguaçu,402.7,410.0,431.9,560.3,820.0,3,B
210061831540,2,F,1,0,1.0,0,Niterói,542.9,636.1,585.7,776.1,820.0,3,L
210061923568,3,F,2,0,1.0,0,Nova Iguaçu,426.1,444.2,411.7,422.2,480.0,6,C
210061714830,3,M,1,0,1.0,0,Niterói,505.1,487.7,482.3,436.4,580.0,4,E
210061862372,2,F,3,0,1.0,0,Duque de Caxias,526.3,621.7,575.9,518.8,580.0,3,K
210059124890,3,F,2,0,1.0,0,Nova Iguaçu,464.1,543.3,440.2,622.0,580.0,4,D
210061349574,2,M,1,0,1.0,0,Duque de Caxias,517.1,424.0,386.7,697.8,720.0,2,C
210061758387,3,F,1,0,1.0,0,Niterói,505.8,311.7,519.7,632.2,960.0,6,F
210061764675,4,M,4,0,1.0,0,Duque de Caxias,578.1,606.5,607.4,652.1,540.0,6,B
210061922341,3,F,1,0,1.0,0,São João de Meriti,557.1,606.9,571.8,497.7,700.0,3,E
210061620689,3,F,1,0,1.0,0,São João de Meriti,532.4,606.4,669.8,552.7,660.0,3,K
210061653391,2,M,1,0,1.0,0,Nova Iguaçu,527.3,561.8,559.2,713.1,480.0,4,F
210061392283,2,F,1,0,1.0,0,Nova Iguaçu,479.8,463.2,550.1,443.0,660.0,3,Q
210060806299,2,F,2,0,1.0,0,Belford Roxo,502.5,478.1,530.7,527.4,620.0,2,B
210058880310,2,F,1,0,1.0,0,Duque de Caxias,447.9,555.4,450.9,635.4,680.0,4,C
210061628624,3,M,2,0,1.0,0,Maricá,377.1,478.9,466.1,455.4,500.0,3,B
210061721770,3,F,1,0,1.0,0,Maricá,559.8,655.3,595.9,633.2,820.0,6,J
210061628613,3,M,3,0,1.0,0,São João de Meriti,378.9,411.8,492.2,495.6,520.0,4,B
210061747765,3,M,2,0,1.0,0,São João de Meriti,541.6,618.5,571.0,507.5,820.0,5,B
210061764699,2,M,1,0,1.0,0,São João de Meriti,541.9,592.7,530.1,428.6,800.0,4,B
210062035198,3,F,1,0,1.0,0,Duque de Caxias,516.5,340.8,440.9,441.5,280.0,4,C
210061974580,3,F,3,0,1.0,0,Nova Iguaçu,506.4,579.1,512.7,676.3,920.0,5,F
210061415113,3,F,1,0,1.0,0,Duque de Caxias,508.0,556.2,520.4,545.0,480.0,3,D
210061340372,2,F,1,0,1.0,0,Nova Iguaçu,601.6,573.7,514.0,564.3,680.0,4,C
210061442243,3,M,1,0,1.0,0,Belford Roxo,519.7,409.0,420.5,529.6,500.0,4,C
210062045598,2,F,2,0,1.0,0,Niterói,508.1,568.0,531.6,383.4,840.0,2,E
210061884362,3,M,3,0,1.0,0,Duque de Caxias,499.7,506.5,513.1,368.0,360.0,9,C
210061522630,2,F,1,0,1.0,0,Nilópolis,540.3,533.9,584.0,635.9,700.0,2,C
210061871493,3,M,2,0,1.0,0,Duque de Caxias,588.2,535.5,590.1,602.1,540.0,3,H
210061940383,2,M,1,0,1.0,0,Niterói,367.3,559.7,524.1,677.0,880.0,4,Q
210061774529,2,F,1,0,1.0,0,Nova Iguaçu,671.0,566.8,635.6,788.8,920.0,4,I
210060022755,2,M,1,0,1.0,0,Niterói,639.1,621.3,585.7,826.2,880.0,4,P
210061982216,3,M,1,0,1.0,0,Nova Iguaçu,414.1,400.0,402.7,432.2,600.0,3,B
210061867858,2,F,3,0,1.0,0,São João de Meriti,549.6,559.0,550.8,601.8,900.0,2,B
210061653499,2,M,3,0,1.0,0,Nova Iguaçu,569.1,628.0,649.6,642.3,600.0,5,G
210061599186,3,F,3,0,1.0,0,São João de Meriti,397.8,472.9,500.3,408.5,620.0,3,D
210061691976,3,F,3,0,1.0,0,Duque de Caxias,449.7,518.3,506.2,455.0,480.0,4,B
210061676283,2,M,1,0,1.0,0,Niterói,375.7,492.3,413.3,361.4,380.0,5,B
210062054567,4,F,3,0,1.0,0,Duque de Caxias,392.6,522.2,523.9,397.1,520.0,2,C
210061878300,2,M,3,0,1.0,0,Nova Iguaçu,432.9,558.4,562.0,390.3,420.0,4,K
210060937568,2,M,1,0,1.0,0,Belford Roxo,449.5,528.8,349.2,758.7,540.0,5,D
210059642212,3,F,1,0,1.0,0,Duque de Caxias,465.0,347.4,538.2,510.1,640.0,4,C
210061906459,3,M,3,0,1.0,0,Duque de Caxias,445.4,452.2,370.2,588.8,560.0,5,D
210061483539,5,M,3,0,1.0,0,Belford Roxo,478.7,429.1,410.7,455.4,260.0,4,A
210061539358,3,M,2,0,1.0,0,Duque de Caxias,456.9,486.4,463.2,488.1,380.0,7,B
210061886641,3,M,1,0,1.0,0,Duque de Caxias,523.1,648.5,667.9,597.1,660.0,4,M
210061808537,2,F,3,0,1.0,0,Duque de Caxias,493.5,529.6,538.1,444.7,880.0,3,D
210061997080,3,M,1,0,1.0,0,São João de Meriti,523.4,554.8,588.1,492.8,680.0,3,E
210061939086,4,F,1,0,1.0,0,Niterói,492.4,450.6,470.6,471.3,660.0,2,A
210061667628,2,F,0,0,1.0,0,Duque de Caxias,482.9,550.5,562.4,464.7,560.0,4,G
210058128379,2,F,1,0,1.0,0,Niterói,535.5,651.6,625.4,634.1,940.0,3,Q
210058968149,3,M,3,0,1.0,0,Niterói,519.6,564.4,451.0,711.9,780.0,4,E
210061529025,3,M,3,0,1.0,0,Nova Iguaçu,572.5,686.8,509.0,664.3,880.0,4,E
210060066495,3,M,1,0,1.0,0,Niterói,342.7,376.7,555.5,540.4,720.0,3,F
210061710116,4,M,3,0,1.0,0,Duque de Caxias,445.1,405.6,431.1,401.1,500.0,3,B
210061608985,3,M,1,0,1.0,0,Niterói,611.2,586.9,588.1,787.0,920.0,5,Q
210061829170,3,F,3,0,1.0,0,Duque de Caxias,533.4,572.8,526.5,561.2,900.0,4,C
210061521036,2,M,3,0,1.0,0,Nova Iguaçu,540.4,574.8,542.7,605.1,540.0,4,D
210058896383,2,F,1,0,1.0,0,Nova Iguaçu,544.6,545.6,517.9,571.7,760.0,4,C
210060092738,2,F,3,0,1.0,0,São João de Meriti,460.1,377.6,546.9,373.2,840.0,4,A
210059747444,3,F,3,0,1.0,0,Duque de Caxias,496.3,585.2,429.7,554.3,860.0,4,G
210062057424,2,M,3,0,1.0,0,Nova Iguaçu,571.2,336.6,498.9,381.6,680.0,4,G
210061715066,2,M,1,0,1.0,0,Duque de Caxias,444.2,498.7,444.3,507.2,680.0,3,F
210061987048,3,M,3,0,1.0,0,Duque de Caxias,547.8,448.4,432.1,400.3,560.0,6,B
210061936042,3,M,2,0,1.0,0,Nova Iguaçu,413.6,432.0,443.3,365.7,440.0,2,C
210061754016,2,M,3,0,1.0,0,Duque de Caxias,507.4,454.7,480.3,528.8,540.0,3,E
210058903974,2,M,1,0,1.0,0,Niterói,584.3,646.7,636.0,771.5,860.0,3,Q
210061201093,5,F,3,0,2.0,0,Nilópolis,580.8,636.8,650.8,751.7,740.0,4,F
210060794833,2,M,3,0,1.0,0,Nova Iguaçu,463.2,474.5,385.2,559.1,540.0,4,D
210061987032,2,F,3,0,1.0,0,Nilópolis,469.3,581.4,490.7,417.8,720.0,4,J
210061488997,3,M,1,0,1.0,0,Nilópolis,483.6,538.8,496.8,660.0,600.0,4,G
210061376488,2,F,2,0,1.0,0,Maricá,387.8,500.8,488.5,464.8,400.0,4,G
210061709813,2,F,1,0,1.0,0,Nova Iguaçu,478.4,469.7,489.7,618.5,560.0,3,D
210060856372,3,F,3,0,1.0,0,Nova Iguaçu,378.6,367.4,418.1,498.7,460.0,3,B
210061709975,2,F,1,0,1.0,0,Nova Iguaçu,523.4,483.8,547.1,608.7,720.0,4,H
210061871111,3,F,1,0,1.0,0,Niterói,511.9,572.5,536.6,518.4,840.0,6,G
210061376481,2,F,2,0,1.0,0,Duque de Caxias,392.1,576.9,554.2,486.0,600.0,2,F
210058978284,3,F,2,0,1.0,0,Niterói,603.9,593.6,559.2,616.7,740.0,3,H
210061890235,2,F,3,0,1.0,0,Duque de Caxias,488.3,540.5,562.2,412.0,440.0,4,E
210061892582,2,M,1,0,1.0,0,Nova Iguaçu,460.4,524.3,471.9,660.6,440.0,3,J
210061996012,2,M,1,0,1.0,0,Maricá,555.6,549.0,588.4,644.3,900.0,4,G
210061006689,3,F,1,0,1.0,0,Niterói,442.4,386.3,412.5,430.2,700.0,3,F
210061679446,2,F,3,0,1.0,0,Nilópolis,426.1,589.1,571.7,563.8,560.0,4,C
210061683329,3,F,2,0,1.0,0,Nova Iguaçu,434.8,580.2,565.2,496.1,800.0,3,B
210061565330,2,F,1,0,1.0,0,Belford Roxo,335.8,459.9,503.0,407.2,520.0,6,C
210061721209,2,F,2,0,1.0,0,São João de Meriti,550.5,544.6,557.8,522.4,680.0,5,B
210061979691,3,F,2,0,1.0,0,Belford Roxo,410.3,417.6,459.4,486.2,660.0,3,B
210061485214,2,F,1,0,1.0,0,Niterói,571.4,520.2,543.4,679.8,860.0,4,I
210061340173,4,M,3,0,1.0,0,Duque de Caxias,521.4,602.9,650.1,495.9,740.0,5,D
210060174722,3,F,1,0,1.0,0,Niterói,589.4,564.9,609.3,650.3,920.0,4,O
210058115706,2,M,3,0,1.0,0,Belford Roxo,385.2,384.0,445.8,437.9,340.0,2,B
210061620732,2,M,3,0,1.0,0,Nova Iguaçu,562.6,491.8,574.4,544.5,560.0,4,F
210061882589,3,F,1,0,1.0,0,Duque de Caxias,472.3,535.8,558.0,467.1,780.0,3,C
210059997584,2,F,2,0,1.0,0,São João de Meriti,599.9,517.9,582.1,602.7,860.0,3,D
210061679460,2,F,1,0,1.0,0,São João de Meriti,545.0,585.8,610.6,665.9,920.0,3,B
210061961792,3,F,3,0,1.0,0,Duque de Caxias,383.3,482.7,522.7,484.5,740.0,3,A
210061758415,3,M,3,0,1.0,0,Maricá,454.8,501.9,471.1,393.6,600.0,4,J
210060989408,2,F,1,0,1.0,0,São João de Meriti,632.7,671.9,613.8,673.4,840.0,3,F
210061620736,2,M,1,0,1.0,0,Nova Iguaçu,611.1,607.3,658.3,687.6,520.0,4,D
210060033359,2,M,2,0,1.0,0,Nova Iguaçu,534.6,481.1,558.7,597.0,600.0,2,C
210060910347,3,F,1,0,1.0,0,Niterói,490.0,557.4,524.9,460.5,600.0,4,B
210061727007,2,M,1,0,1.0,0,Duque de Caxias,566.0,751.1,628.0,525.8,760.0,3,D
210062032535,3,F,3,0,1.0,0,Nova Iguaçu,482.4,553.6,553.0,699.9,720.0,6,D
210061981212,4,F,3,0,1.0,0,Duque de Caxias,425.6,453.9,355.6,426.7,580.0,4,D
210060184982,2,M,1,0,1.0,0,Nova Iguaçu,513.3,547.6,599.4,704.7,560.0,3,F
210062009196,3,F,1,0,1.0,0,Maricá,524.7,388.4,509.8,527.5,720.0,5,K
210062027730,2,M,1,0,1.0,0,Nilópolis,488.9,500.7,508.9,341.5,420.0,3,F
210058890554,3,F,2,0,1.0,0,Nova Iguaçu,434.5,469.7,453.7,345.8,460.0,4,B
210061784607,2,M,3,0,1.0,0,Nova Iguaçu,522.6,360.1,469.5,428.6,600.0,4,C
210061695834,4,F,1,0,1.0,0,Niterói,387.5,383.6,504.0,347.1,500.0,3,M
210061752273,2,M,1,0,1.0,0,Nova Iguaçu,467.8,538.2,495.3,499.5,320.0,3,B
210061230010,2,M,2,0,1.0,0,Nilópolis,582.1,605.7,567.1,680.1,760.0,3,I
210061489051,3,F,3,0,1.0,0,Duque de Caxias,445.1,307.0,484.3,447.3,800.0,4,C
210059976617,3,F,1,0,1.0,0,Duque de Caxias,462.8,503.2,554.8,415.0,500.0,5,E
210061626220,3,F,1,0,1.0,0,Niterói,587.6,634.7,605.8,707.0,900.0,3,M
210061851279,3,M,3,0,1.0,0,Duque de Caxias,513.5,538.7,407.9,603.7,620.0,2,D
210059631676,2,F,1,0,1.0,0,Duque de Caxias,449.4,530.3,554.9,595.5,920.0,5,B
210061715758,2,F,1,0,1.0,0,Nova Iguaçu,475.9,521.7,497.3,502.7,360.0,6,M
210061715560,2,M,1,0,1.0,0,Niterói,653.2,651.3,630.5,793.8,860.0,4,I
210062010237,3,M,3,0,1.0,0,Duque de Caxias,491.9,510.4,423.1,460.0,440.0,3,B
210061402050,2,F,1,0,1.0,0,Nova Iguaçu,627.0,580.3,521.9,738.6,880.0,4,G
210061131568,3,M,1,0,1.0,0,Nova Iguaçu,586.0,614.9,600.4,833.0,600.0,3,G
210058899302,2,M,1,0,1.0,0,Nova Iguaçu,750.9,665.2,641.8,854.7,900.0,4,J
210059642271,3,F,1,0,1.0,0,Nova Iguaçu,536.8,623.3,613.0,402.4,720.0,3,E
210061124122,3,F,1,0,1.0,0,Nova Iguaçu,455.1,436.9,474.5,364.4,680.0,3,C
210060139038,2,F,2,0,1.0,0,São João de Meriti,431.8,615.2,585.3,661.3,940.0,4,H
210058968192,3,F,1,0,1.0,0,Niterói,522.6,516.2,468.2,542.5,880.0,4,F
210061571874,3,F,1,0,1.0,0,Nova Iguaçu,441.3,541.7,534.2,474.4,720.0,5,N
210061848819,2,M,1,0,1.0,0,Niterói,453.7,438.1,508.9,681.2,800.0,5,Q
210061280296,3,M,2,0,1.0,0,Duque de Caxias,575.9,500.5,342.0,530.1,680.0,4,D
210062003207,3,F,1,0,1.0,0,Duque de Caxias,450.4,513.8,493.2,581.8,880.0,3,G
210058899311,2,F,1,0,1.0,0,Duque de Caxias,520.2,410.3,584.4,576.8,640.0,3,D
210061555161,4,F,2,0,1.0,0,Maricá,571.7,359.9,429.2,501.5,800.0,6,O
210061896410,2,F,1,0,1.0,0,Maricá,561.1,610.7,565.6,642.5,800.0,5,I
210061661732,2,M,1,0,1.0,0,Niterói,557.5,635.5,569.9,719.1,720.0,2,H
210061921393,3,M,1,0,1.0,0,Nova Iguaçu,491.4,514.2,568.9,510.7,600.0,2,D
210061726996,2,F,2,0,1.0,0,Nova Iguaçu,453.3,351.0,449.7,506.5,560.0,4,B
210062019268,2,M,1,0,1.0,0,Nilópolis,557.2,551.7,549.6,642.8,640.0,3,J
210061854934,3,F,2,0,1.0,0,Nova Iguaçu,385.2,519.2,568.5,480.2,600.0,4,F
210061651862,2,F,1,0,1.0,0,Nova Iguaçu,447.4,540.3,557.3,615.4,920.0,4,E
210061812992,3,M,1,0,1.0,0,Maricá,547.4,605.5,555.7,685.7,680.0,2,G
210061899413,3,F,3,0,1.0,0,Nova Iguaçu,441.7,472.4,342.8,339.1,380.0,4,B
210061951538,2,M,1,0,1.0,0,São João de Meriti,567.2,661.4,567.5,746.1,860.0,3,G
210061667768,3,M,1,0,1.0,0,Niterói,483.2,452.2,439.7,483.1,580.0,2,F
210058947428,3,F,1,0,1.0,0,São João de Meriti,634.7,644.7,637.0,737.2,920.0,4,H
210061796930,3,M,1,0,1.0,0,São João de Meriti,471.9,414.1,501.5,462.7,760.0,3,E
210061783023,2,F,2,0,1.0,0,Nilópolis,503.5,525.1,552.8,417.7,460.0,4,D
210061498022,2,M,3,0,1.0,0,Niterói,546.8,564.8,390.9,465.5,700.0,4,N
210059631739,3,F,2,0,1.0,0,São João de Meriti,490.4,543.5,556.1,628.5,540.0,3,G
210062035494,2,F,1,0,1.0,0,Duque de Caxias,438.2,442.7,402.8,520.9,520.0,2,C
210061201429,5,M,3,0,1.0,0,Nova Iguaçu,592.3,591.3,653.8,715.0,820.0,3,C
210061796319,2,F,3,0,1.0,0,São João de Meriti,576.6,581.9,579.9,600.6,540.0,3,B
210061905476,3,F,1,0,1.0,0,Duque de Caxias,552.7,645.9,621.0,574.1,840.0,2,G
210061958786,3,M,1,0,1.0,0,Niterói,575.0,462.8,522.2,654.8,380.0,4,G
210059922854,2,F,3,0,1.0,0,Niterói,662.4,697.1,627.3,638.9,940.0,4,N
210061701433,3,F,3,0,1.0,0,Niterói,514.7,577.5,545.1,523.7,940.0,3,D
210061847975,4,M,3,0,1.0,0,Duque de Caxias,440.1,379.7,447.8,361.9,300.0,3,C
210061796309,3,F,3,0,1.0,0,Nova Iguaçu,480.5,558.6,557.7,479.2,680.0,5,B
210061465399,2,F,1,0,1.0,0,São João de Meriti,553.7,420.4,540.6,574.5,720.0,6,E
210061498034,2,M,1,0,1.0,0,Belford Roxo,492.3,531.1,536.9,419.6,420.0,3,B
210061655922,2,M,1,0,1.0,0,Nova Iguaçu,576.8,576.8,532.1,628.9,500.0,4,H
210060107662,3,M,1,0,1.0,0,Duque de Caxias,573.2,658.9,632.1,627.6,960.0,4,H
210061742324,2,M,1,0,1.0,0,Nova Iguaçu,552.2,537.9,586.6,598.8,560.0,5,C
210061876020,3,M,3,0,1.0,0,Niterói,520.8,567.0,551.5,717.3,880.0,4,K
210060185047,3,F,0,0,1.0,0,Niterói,526.1,576.1,610.9,723.2,840.0,2,I
210061985296,3,F,3,0,1.0,0,Duque de Caxias,485.5,583.9,562.3,616.2,820.0,3,B
210061050668,3,M,3,0,1.0,0,Duque de Caxias,507.6,555.0,507.8,471.4,560.0,3,E
210061985259,4,F,3,0,1.0,0,Duque de Caxias,529.7,546.1,554.7,530.4,580.0,3,B
210061698313,2,F,1,0,1.0,0,São João de Meriti,506.6,518.7,568.7,620.3,860.0,3,M
210059642388,2,M,1,0,1.0,0,São João de Meriti,547.6,566.9,593.8,634.1,780.0,4,L
210061985287,2,F,1,0,1.0,0,Duque de Caxias,427.4,488.7,429.4,556.2,660.0,4,B
210060964270,5,M,1,0,1.0,0,Niterói,377.4,314.5,351.2,333.3,580.0,6,G
210061818081,4,M,1,0,1.0,0,Niterói,383.4,589.3,441.2,580.4,640.0,4,H
210058896581,3,M,1,0,1.0,0,Niterói,629.8,620.3,623.6,743.9,820.0,2,B
210061884396,2,F,2,0,1.0,0,Duque de Caxias,367.1,471.2,486.2,411.8,520.0,4,B
210061900533,2,M,0,0,1.0,0,Nilópolis,593.6,574.1,585.8,768.6,820.0,3,G
210062054636,4,F,2,0,1.0,0,Nova Iguaçu,409.1,525.5,429.1,385.1,440.0,3,B
210060290404,3,F,1,0,1.0,0,Niterói,586.0,598.8,580.3,721.8,880.0,2,C
210061748588,2,M,1,0,1.0,0,Nova Iguaçu,512.4,521.6,525.5,600.2,580.0,4,D
210061226325,2,F,1,0,1.0,0,Belford Roxo,432.9,500.9,510.5,389.4,360.0,4,F
210061883819,3,M,0,0,1.0,0,Belford Roxo,437.3,445.2,470.7,565.4,540.0,4,D
210061933135,3,F,1,0,1.0,0,Duque de Caxias,477.2,485.9,435.2,627.2,840.0,3,B
210060107773,2,F,1,0,1.0,0,Belford Roxo,570.2,574.9,634.8,629.8,880.0,3,C
210061816179,3,M,2,0,1.0,0,Niterói,397.6,438.2,457.7,328.5,480.0,2,B
210061786205,3,M,1,0,1.0,0,Duque de Caxias,449.9,548.3,354.8,594.6,600.0,4,B
210059654925,2,F,3,0,1.0,0,Nova Iguaçu,467.6,511.8,413.6,452.5,640.0,3,G
210061774473,3,M,2,0,1.0,0,Niterói,342.3,405.0,496.0,393.5,320.0,3,E
210061590080,3,M,1,0,1.0,0,Nilópolis,450.8,443.0,442.8,525.3,560.0,3,G
210061860404,3,F,1,0,1.0,0,Niterói,582.8,526.1,534.6,674.8,640.0,3,B
210061855457,2,M,1,0,1.0,0,Nova Iguaçu,406.8,543.8,519.5,623.2,640.0,4,K
210061257235,2,M,1,0,1.0,0,Nova Iguaçu,446.8,603.7,563.9,693.4,700.0,3,D
210061263100,4,F,1,0,1.0,0,Duque de Caxias,599.2,651.9,637.8,690.4,960.0,4,H
210061721832,3,M,1,0,1.0,0,Maricá,599.3,698.2,567.2,649.9,800.0,3,H
210059987116,1,M,2,0,1.0,0,Duque de Caxias,560.1,549.7,635.9,665.9,880.0,4,B
210061985828,2,M,1,0,1.0,0,Niterói,558.8,666.8,554.2,709.6,720.0,5,G
210061917506,2,M,0,0,1.0,0,Maricá,419.3,489.8,532.2,546.6,440.0,5,D
210061649582,3,F,1,0,1.0,0,Belford Roxo,539.2,611.6,553.0,489.0,840.0,4,F
210060259826,3,F,1,0,1.0,0,Niterói,488.7,542.4,501.4,430.2,660.0,3,E
210061988920,2,F,2,0,1.0,0,Nova Iguaçu,491.1,614.2,487.4,552.1,860.0,3,C
210062024025,2,M,2,0,1.0,0,Nova Iguaçu,542.1,577.1,538.2,633.2,680.0,3,D
210060195410,4,M,1,0,1.0,0,Niterói,388.1,538.0,420.9,448.1,240.0,4,A
210062045551,2,F,3,0,1.0,0,Niterói,616.9,664.5,592.4,739.2,960.0,2,O
210061641006,2,F,3,0,1.0,0,Duque de Caxias,432.0,511.9,489.8,394.0,580.0,4,D
210061871955,2,F,1,0,1.0,0,Nova Iguaçu,529.0,556.9,518.2,667.8,840.0,4,M
210059539457,2,M,3,0,1.0,0,Nilópolis,463.9,476.5,530.5,483.4,460.0,3,E
210061496625,2,M,3,0,1.0,0,São João de Meriti,563.9,593.0,613.1,606.8,840.0,2,E
210061641015,5,M,3,0,1.0,0,Niterói,583.2,640.7,618.2,740.3,480.0,5,G
210060259835,3,F,3,0,1.0,0,São João de Meriti,536.3,584.6,596.0,557.0,860.0,3,A
210059953842,2,F,1,0,1.0,0,Nova Iguaçu,570.8,512.1,469.4,596.3,400.0,4,D
210058874907,3,F,3,0,1.0,0,Nova Iguaçu,390.9,346.3,463.8,384.4,680.0,3,B
210061835157,2,M,1,0,1.0,0,Niterói,514.4,612.7,580.5,731.7,820.0,2,N
210061922380,2,F,1,0,1.0,0,Nova Iguaçu,475.2,439.1,493.7,481.3,620.0,4,C
210061655190,2,F,3,0,1.0,0,Nova Iguaçu,445.4,505.3,424.6,421.9,720.0,4,E
210061897439,3,M,1,0,1.0,0,Maricá,621.7,642.1,656.9,610.7,880.0,3,E
210061633482,2,M,1,0,1.0,0,Nova Iguaçu,595.7,563.2,453.0,602.0,820.0,5,H
210060839060,2,F,3,0,1.0,0,Niterói,602.0,673.7,638.8,697.8,940.0,3,L
210058874901,3,F,1,0,1.0,0,Niterói,491.6,615.5,602.9,698.7,880.0,4,C
210061987134,3,F,2,0,1.0,0,Niterói,432.7,532.3,502.6,575.9,840.0,3,F
210061722396,1,M,1,0,1.0,0,Nova Iguaçu,458.0,557.1,511.1,574.8,540.0,3,C
210061496642,2,F,3,0,1.0,0,São João de Meriti,589.7,586.8,618.0,771.4,900.0,4,H
210061614166,3,F,1,0,1.0,0,Nova Iguaçu,606.8,616.3,583.1,747.3,800.0,3,D
210061928275,2,F,0,0,1.0,0,Duque de Caxias,536.2,583.8,631.6,666.3,740.0,6,G
210062029444,2,F,2,0,1.0,0,São João de Meriti,422.4,495.1,522.6,352.5,320.0,8,D
210062060585,3,F,1,0,1.0,0,Niterói,497.5,479.7,473.5,395.6,800.0,3,C
210061657114,3,F,1,0,1.0,0,Duque de Caxias,603.1,605.6,568.2,496.6,700.0,5,B
210062010260,2,F,1,0,1.0,0,Nova Iguaçu,503.1,557.1,501.4,431.1,720.0,4,G
210058902416,3,M,1,0,1.0,0,Duque de Caxias,532.6,564.1,483.3,619.5,760.0,5,J
210058947558,4,F,4,0,1.0,0,Duque de Caxias,393.9,460.8,449.2,430.0,440.0,4,C
210061415177,2,F,3,0,1.0,0,Niterói,430.3,425.7,437.0,375.3,520.0,4,B
210061943490,2,M,1,0,1.0,0,São João de Meriti,574.0,535.3,511.3,532.7,760.0,3,E
210061552980,2,F,1,0,1.0,0,Niterói,546.1,622.6,618.2,704.3,740.0,5,Q
210061663331,3,F,2,0,1.0,0,Belford Roxo,515.8,574.9,509.8,585.6,900.0,4,I
210061845819,3,F,3,0,1.0,0,Nova Iguaçu,482.5,404.6,355.0,515.4,460.0,2,B
210061909510,2,F,3,0,1.0,0,Nilópolis,409.9,460.4,417.5,378.7,620.0,4,F
210061758528,2,F,3,0,1.0,0,Duque de Caxias,466.2,471.3,562.7,477.3,700.0,2,A
210060187405,3,M,2,0,1.0,0,São João de Meriti,469.0,526.0,537.3,589.6,660.0,4,C
210061811819,2,M,2,0,1.0,0,São João de Meriti,413.4,403.6,474.2,438.8,520.0,3,M
210061016256,3,M,0,0,1.0,0,Niterói,562.1,610.1,630.8,721.7,720.0,5,L
210061821016,3,M,3,0,1.0,0,Duque de Caxias,532.3,590.8,548.4,562.9,760.0,3,B
210062009152,2,F,1,0,1.0,0,Niterói,485.2,496.2,480.3,518.2,800.0,4,H
210061790078,2,M,3,0,1.0,0,Nilópolis,463.7,565.5,576.3,594.3,600.0,5,B
210061758518,2,M,3,0,1.0,0,Maricá,574.4,599.5,592.3,680.1,880.0,3,K
210061423157,3,F,2,0,1.0,0,Niterói,470.0,480.7,408.4,330.7,400.0,3,B
210061811829,3,M,3,0,1.0,0,São João de Meriti,608.7,629.2,635.6,672.4,920.0,2,B
210061509245,3,M,2,0,1.0,0,Duque de Caxias,341.0,474.3,441.3,333.6,640.0,4,B
210062019250,3,M,1,0,1.0,0,Niterói,578.4,617.2,553.6,776.5,840.0,3,B
210061790095,2,M,3,0,1.0,0,Nilópolis,509.2,502.5,459.5,711.8,700.0,4,H
210061740216,3,F,3,0,1.0,0,Duque de Caxias,334.6,527.7,548.4,460.3,840.0,3,D
210061592738,2,F,1,0,1.0,0,Nova Iguaçu,433.4,512.3,458.0,404.6,700.0,3,H
210062014028,2,M,0,0,1.0,0,Niterói,563.9,588.8,571.8,599.4,580.0,2,B
210061905393,2,M,1,0,1.0,0,São João de Meriti,368.6,377.5,348.1,378.1,440.0,4,E
210060208007,3,M,1,0,1.0,0,Nova Iguaçu,468.5,571.5,574.8,665.6,640.0,4,E
210062033605,3,M,3,0,1.0,0,Duque de Caxias,426.7,557.7,530.5,486.5,360.0,5,B
210061707669,2,F,1,0,1.0,0,Niterói,586.2,662.6,609.8,793.2,700.0,4,H
210061957769,2,M,1,0,1.0,0,Nova Iguaçu,562.1,600.9,578.2,644.7,540.0,4,H
210061958756,2,M,1,0,1.0,0,São João de Meriti,582.7,559.2,524.9,465.7,660.0,4,F
210061764849,3,M,1,0,1.0,0,Duque de Caxias,410.5,510.5,477.1,456.1,820.0,3,I
210061707693,2,M,1,0,1.0,0,Niterói,552.8,576.8,530.8,587.0,920.0,4,Q
210061664306,2,F,1,0,1.0,0,São João de Meriti,522.2,574.8,522.0,426.2,700.0,4,C
210061024348,5,M,2,0,1.0,0,Duque de Caxias,597.7,689.3,636.5,718.7,620.0,3,K
210058991160,2,F,1,0,1.0,0,Nova Iguaçu,587.8,550.0,493.3,607.9,560.0,2,D
210060829108,3,F,3,0,1.0,0,Nilópolis,568.9,619.5,582.0,673.7,860.0,4,D
210061686089,3,M,1,0,1.0,0,Niterói,456.7,546.7,558.6,703.8,660.0,3,O
210060138637,2,F,3,0,1.0,0,São João de Meriti,518.2,516.5,408.4,479.7,680.0,4,L
210060937502,2,F,3,0,1.0,0,Duque de Caxias,410.0,386.9,423.4,414.1,500.0,3,B
210062057608,3,M,2,0,1.0,0,Nova Iguaçu,536.9,566.4,570.5,613.8,480.0,4,C
210061504176,4,F,1,0,1.0,0,Nova Iguaçu,530.4,586.4,619.2,636.7,680.0,3,F
210060229117,3,M,1,0,1.0,0,Niterói,616.9,600.2,562.0,722.8,780.0,3,F
210062007200,2,M,1,0,1.0,0,Duque de Caxias,479.6,483.1,486.8,416.4,280.0,3,B
210061882639,3,M,1,0,1.0,0,Nova Iguaçu,630.0,655.9,603.2,717.6,600.0,5,J
210061096734,2,M,1,0,1.0,0,Nova Iguaçu,463.7,655.0,517.0,534.7,620.0,4,H
210061722828,2,F,1,0,1.0,0,Maricá,577.7,620.0,587.5,650.5,940.0,2,G
210061724651,5,M,3,0,1.0,0,Niterói,360.1,389.5,461.9,392.8,260.0,2,G
210061897663,2,F,1,0,1.0,0,Niterói,540.6,432.8,485.7,481.0,900.0,3,C
210062005291,3,F,3,0,1.0,0,Niterói,427.0,447.3,390.7,419.1,440.0,8,D
210061922609,3,F,3,0,1.0,0,São João de Meriti,403.7,488.1,509.1,497.7,540.0,3,D
210061204731,1,M,3,0,1.0,0,Nova Iguaçu,612.9,625.0,622.5,810.6,760.0,6,G
210059104421,3,F,1,0,1.0,0,Niterói,524.7,492.6,521.9,521.9,640.0,3,G
210058888272,2,F,1,0,1.0,0,Duque de Caxias,402.7,546.1,524.5,427.9,580.0,5,B
210061894703,3,F,2,0,1.0,0,Nova Iguaçu,450.7,535.4,534.8,513.6,640.0,5,D
210062048753,3,F,1,0,1.0,0,Duque de Caxias,451.6,491.4,503.6,471.7,480.0,3,C
210061784008,4,F,3,0,1.0,0,Duque de Caxias,462.5,504.4,516.4,464.9,480.0,3,A
210061922589,2,F,3,0,1.0,0,Duque de Caxias,618.0,654.9,624.6,741.2,740.0,3,I
210061925644,3,F,3,0,1.0,0,Nova Iguaçu,566.8,411.4,512.4,486.8,580.0,3,D
210061560133,2,F,3,0,1.0,0,Belford Roxo,425.6,444.9,471.5,380.3,420.0,6,A
210059145706,3,M,1,0,1.0,0,Niterói,553.2,558.8,584.0,724.4,560.0,5,G
210058957949,2,F,3,0,1.0,0,Duque de Caxias,438.5,545.3,505.8,506.3,580.0,4,F
210061837228,2,M,3,0,1.0,0,Nova Iguaçu,519.5,585.6,538.6,507.1,340.0,4,C
210061495532,3,M,2,0,1.0,0,Belford Roxo,434.5,408.0,375.1,456.6,300.0,3,C
210061772224,2,F,2,0,1.0,0,São João de Meriti,338.8,463.3,432.0,413.1,520.0,4,B
210061912467,2,M,3,0,1.0,0,Nova Iguaçu,531.8,600.0,561.3,694.8,960.0,4,D
210061851316,2,M,3,0,1.0,0,Maricá,424.8,542.8,533.7,628.7,640.0,4,I
210061766652,2,F,2,0,1.0,0,Nova Iguaçu,441.5,446.0,464.5,377.9,520.0,4,C
210061772251,3,F,2,0,1.0,0,Duque de Caxias,401.4,486.9,513.3,448.8,520.0,4,C
210058957823,2,F,1,0,1.0,0,Niterói,527.0,579.6,529.6,525.8,680.0,3,G
210061568072,2,M,1,0,1.0,0,Nova Iguaçu,487.4,558.6,586.4,631.3,820.0,5,P
210061326601,2,F,2,0,1.0,0,São João de Meriti,502.9,520.6,435.1,566.7,780.0,5,D
210062013308,2,F,1,0,1.0,0,Duque de Caxias,556.2,455.6,566.9,591.9,720.0,3,B
210061949536,2,F,1,0,1.0,0,Duque de Caxias,465.3,516.5,473.3,512.5,860.0,3,H
210061239798,2,F,3,0,1.0,0,Duque de Caxias,553.2,499.9,469.6,625.3,680.0,3,E
210061858086,4,F,1,0,1.0,0,Nilópolis,518.5,538.7,542.9,485.9,600.0,5,B
210060892922,2,M,1,0,1.0,0,Belford Roxo,423.7,443.8,456.3,492.5,640.0,4,G
210061946528,3,M,1,0,1.0,0,Nilópolis,596.9,600.7,598.8,728.7,840.0,4,G
210061584644,3,M,1,0,1.0,0,Niterói,557.2,492.6,566.3,560.5,620.0,4,G
210061683475,3,M,3,0,1.0,0,Duque de Caxias,427.7,314.8,576.4,333.3,600.0,3,C
210061768447,2,M,3,0,1.0,0,Duque de Caxias,466.0,482.8,490.2,548.8,540.0,3,D
210060947112,4,M,1,0,1.0,0,Niterói,531.9,461.1,492.3,540.8,560.0,5,N
210061141152,2,M,3,0,1.0,0,Duque de Caxias,546.3,548.0,531.5,595.3,600.0,2,B
210061649826,3,F,1,0,1.0,0,São João de Meriti,459.6,471.9,493.1,424.1,580.0,3,B
210062049659,1,F,1,0,1.0,0,Nova Iguaçu,558.8,434.9,623.6,700.0,880.0,6,I
210061748702,3,M,1,0,1.0,0,Niterói,672.3,627.0,595.3,648.1,900.0,4,E
210061641827,2,M,1,0,1.0,0,Niterói,477.0,601.6,589.3,687.5,840.0,4,N
210061986026,3,F,3,0,1.0,0,Nova Iguaçu,512.4,513.2,549.8,439.8,400.0,3,C
210061920700,2,F,1,0,1.0,0,Nova Iguaçu,489.8,462.9,567.3,572.4,920.0,4,J
210062045745,5,M,1,0,1.0,0,Niterói,498.0,451.1,563.0,635.4,540.0,5,C
210062026488,2,M,3,0,1.0,0,Nilópolis,471.3,447.8,494.2,664.2,680.0,3,C
210061629217,3,M,3,0,1.0,0,Maricá,549.8,544.5,501.2,675.5,360.0,4,G
210061875958,3,M,3,0,1.0,0,Niterói,413.9,513.0,454.8,677.1,360.0,6,Q
210062021060,3,M,1,0,1.0,0,Niterói,539.0,581.9,551.3,687.0,920.0,2,G
210060804389,2,M,1,0,1.0,0,Nova Iguaçu,503.3,586.8,562.8,508.2,660.0,6,H
210061667736,2,F,3,0,1.0,0,Niterói,641.0,642.9,654.5,779.0,920.0,5,K
210061533811,2,F,1,0,1.0,0,Niterói,640.9,626.8,597.0,641.4,900.0,3,H
210061545815,3,M,3,0,1.0,0,Nova Iguaçu,440.1,511.7,451.0,624.0,380.0,6,G
210058888331,3,M,1,0,1.0,0,Duque de Caxias,505.0,592.8,575.5,520.2,600.0,5,C
210061670952,2,F,3,0,1.0,0,Duque de Caxias,468.2,613.0,580.5,563.9,820.0,3,E
210060254673,3,F,2,0,1.0,0,Belford Roxo,458.5,587.0,552.7,432.8,540.0,3,G
210061268416,2,F,1,0,1.0,0,Niterói,574.1,479.5,500.2,464.9,620.0,5,O
210062047696,5,F,3,0,1.0,0,Duque de Caxias,643.5,560.4,558.3,666.2,840.0,5,G
210061698492,2,F,1,0,1.0,0,Niterói,522.4,560.5,587.6,618.4,720.0,4,Q
210062051792,2,M,3,0,1.0,0,Belford Roxo,544.9,591.3,599.2,678.4,820.0,3,D
210061780826,3,F,1,0,1.0,0,Nilópolis,476.5,472.9,468.2,443.6,500.0,3,I
210061042918,2,M,3,0,1.0,0,Nova Iguaçu,560.3,587.5,600.7,511.0,540.0,3,D
210061042930,3,M,2,0,1.0,0,Nilópolis,398.8,455.8,497.4,531.0,560.0,3,C
210059701673,2,F,1,0,1.0,0,Niterói,527.6,577.3,650.4,677.0,920.0,4,P
210061982387,3,F,1,0,1.0,0,Duque de Caxias,588.2,671.8,586.1,703.7,840.0,5,B
210058980961,2,F,1,0,1.0,0,Nova Iguaçu,480.6,552.8,561.3,639.7,820.0,4,M
210061540172,2,F,3,0,1.0,0,Niterói,652.4,623.3,651.7,748.9,820.0,4,J
210061995152,3,M,3,0,1.0,0,Maricá,551.7,569.2,520.7,586.6,820.0,3,C
210062036556,2,F,1,0,1.0,0,Nova Iguaçu,490.3,533.0,591.8,698.4,580.0,3,E
210061295649,3,M,3,0,1.0,0,Nova Iguaçu,431.6,371.9,350.7,484.7,360.0,3,B
210060914089,2,F,1,0,1.0,0,São João de Meriti,608.4,590.4,607.8,730.0,860.0,4,G
210061869320,4,M,3,0,1.0,0,Duque de Caxias,638.9,621.8,501.6,643.2,920.0,3,E
210061780835,2,M,1,0,1.0,0,Niterói,550.5,585.1,554.8,806.9,900.0,4,L
210061824088,2,F,1,0,1.0,0,Niterói,603.2,592.1,606.7,643.2,880.0,3,P
210061421100,2,M,2,0,1.0,0,Duque de Caxias,587.2,673.3,612.1,665.0,920.0,3,E
210061723674,3,F,1,0,1.0,0,Maricá,526.5,560.7,565.2,522.0,640.0,6,C
210060945029,2,M,3,0,1.0,0,São João de Meriti,591.8,531.7,571.1,755.8,760.0,4,J
210059572999,2,F,3,0,1.0,0,Duque de Caxias,555.9,568.2,582.4,541.9,920.0,3,H
210061430621,3,M,0,0,1.0,0,Niterói,656.8,655.0,563.9,691.3,880.0,2,N
210060054029,2,M,1,0,1.0,0,Nova Iguaçu,425.6,433.9,510.0,409.7,320.0,4,G
210061795712,3,M,3,0,1.0,0,São João de Meriti,647.3,677.2,650.2,764.7,580.0,4,D
210061806704,2,M,3,0,1.0,0,Nilópolis,621.2,671.8,621.3,673.8,780.0,4,C
210061451927,3,F,1,0,1.0,0,Maricá,489.1,529.6,599.4,506.5,360.0,3,C
210061655242,3,F,2,0,1.0,0,Nova Iguaçu,533.0,469.2,498.1,400.9,600.0,2,B
210061655236,3,F,1,0,1.0,0,São João de Meriti,542.8,613.8,565.3,604.5,560.0,4,P
210061987148,3,M,1,0,1.0,0,São João de Meriti,720.0,616.2,610.9,701.4,920.0,3,M
210061964136,2,M,3,0,1.0,0,Duque de Caxias,492.2,519.4,525.2,572.3,560.0,3,F
210060229156,3,M,1,0,1.0,0,Nova Iguaçu,476.7,534.0,494.1,510.0,540.0,3,I
210059001697,2,F,1,0,1.0,0,Niterói,617.0,542.8,577.8,633.2,820.0,3,H
210061139671,3,F,1,0,1.0,0,Nova Iguaçu,469.0,495.8,517.8,424.7,640.0,4,G
210058873487,3,F,1,0,1.0,0,Duque de Caxias,428.4,434.3,497.9,424.4,300.0,3,E
210061816101,2,F,3,0,1.0,0,Nova Iguaçu,457.8,550.9,559.0,468.8,680.0,2,A
210060981601,3,M,1,0,1.0,0,Niterói,537.3,598.6,498.6,536.1,400.0,3,G
210062049510,2,M,3,0,1.0,0,Nova Iguaçu,547.3,489.6,515.3,604.3,480.0,4,C
210061495508,3,M,3,0,1.0,0,São João de Meriti,540.1,525.2,533.2,615.9,860.0,3,G
210059055825,2,F,1,0,1.0,0,São João de Meriti,476.8,528.7,540.1,601.4,700.0,6,H
210059055814,2,F,3,0,1.0,0,Belford Roxo,471.8,470.0,532.8,445.0,920.0,4,F
210061432840,3,M,3,0,1.0,0,Belford Roxo,451.1,520.3,536.5,478.8,320.0,4,H
210061494082,2,F,1,0,1.0,0,Nova Iguaçu,404.0,489.4,494.4,488.9,840.0,4,H
210062024117,2,F,1,0,1.0,0,Nilópolis,349.3,462.6,442.6,587.6,500.0,3,E
210061971383,4,M,3,0,1.0,0,Nova Iguaçu,503.8,357.0,437.5,390.9,440.0,4,C
210058914155,2,F,3,0,1.0,0,São João de Meriti,480.6,579.9,579.7,661.3,860.0,4,G
210061827187,2,M,1,0,1.0,0,Niterói,536.5,579.7,513.0,573.2,620.0,3,H
210062042586,2,F,3,0,1.0,0,Nova Iguaçu,557.8,613.2,599.4,519.1,840.0,4,O
210061230123,2,M,3,0,1.0,0,Duque de Caxias,552.8,477.2,514.3,532.5,340.0,3,C
210059014035,3,F,3,0,1.0,0,Duque de Caxias,531.1,606.2,540.6,599.2,880.0,4,K
210061376611,2,F,1,0,1.0,0,Duque de Caxias,459.4,591.4,547.5,470.6,640.0,3,F
210061448378,2,F,3,0,1.0,0,São João de Meriti,600.7,626.2,637.3,656.3,600.0,3,C
210061863402,4,F,1,0,1.0,0,Duque de Caxias,533.5,607.6,585.7,704.8,900.0,4,E
210061738717,2,F,2,0,1.0,0,Duque de Caxias,472.5,532.0,512.9,655.7,700.0,3,F
210062015187,3,F,1,0,1.0,0,Duque de Caxias,339.8,518.7,532.8,503.8,780.0,4,G
210061096866,2,M,3,0,1.0,0,São João de Meriti,499.1,486.1,453.2,468.1,600.0,5,B
210061285934,4,F,2,0,1.0,0,Nilópolis,559.5,557.2,556.0,483.1,620.0,3,C
210062026518,2,M,1,0,1.0,0,Duque de Caxias,567.8,644.6,595.0,813.1,840.0,3,G
210061561513,3,F,1,0,1.0,0,Belford Roxo,443.5,414.2,429.6,519.4,900.0,4,B
210062036661,3,M,1,0,1.0,0,Niterói,600.9,576.5,602.7,693.0,900.0,4,O
210061692070,3,M,1,0,1.0,0,Niterói,477.3,354.7,394.2,464.1,540.0,2,A
210061990200,2,M,2,0,1.0,0,Nilópolis,562.0,579.7,607.3,502.1,820.0,5,B
210058957762,2,M,1,0,1.0,0,Duque de Caxias,514.0,625.9,595.5,692.6,940.0,5,L
210058947398,3,F,1,0,1.0,0,Duque de Caxias,450.9,638.7,520.7,582.0,660.0,3,B
210061692044,3,F,1,0,1.0,0,Nova Iguaçu,452.6,444.9,428.5,437.3,400.0,4,I
210061990210,2,M,1,0,1.0,0,Duque de Caxias,584.3,656.5,595.3,628.1,960.0,4,E
210061467454,3,F,3,0,1.0,0,Niterói,594.4,646.0,583.4,501.2,740.0,4,P
210061541844,2,M,2,0,1.0,0,Nova Iguaçu,390.9,444.8,426.1,375.3,280.0,4,E
210062044526,3,F,1,0,1.0,0,Niterói,396.3,361.2,542.3,413.6,580.0,3,D
210059544216,3,F,1,0,1.0,0,Niterói,587.0,610.7,537.5,637.8,840.0,4,H
210061719556,3,M,1,0,1.0,0,Duque de Caxias,441.6,460.9,542.9,592.5,500.0,4,D
210061875751,2,F,1,0,1.0,0,Niterói,486.8,502.8,547.4,546.2,940.0,4,N
210062039674,2,M,1,0,1.0,0,Niterói,638.7,629.2,599.5,731.9,840.0,3,P
210061709497,2,M,1,0,1.0,0,Nova Iguaçu,448.6,488.5,470.6,507.0,500.0,4,G
210061996136,4,M,2,0,1.0,0,Belford Roxo,379.6,534.2,510.7,411.0,520.0,4,D
210061792975,2,F,3,0,1.0,0,Nova Iguaçu,446.5,559.1,541.6,549.3,660.0,3,M
210061631725,2,M,1,0,1.0,0,Maricá,547.8,531.1,518.2,432.8,640.0,5,C
210059845731,3,F,2,0,1.0,0,Nova Iguaçu,476.5,450.7,440.5,507.8,480.0,3,B
210061851420,2,M,3,0,1.0,0,Duque de Caxias,550.5,577.7,548.3,618.2,520.0,4,H
210061889846,2,M,3,0,1.0,0,Belford Roxo,455.7,536.1,510.9,601.1,780.0,4,H
210061831855,2,M,1,0,1.0,0,Niterói,588.5,643.2,640.2,688.4,900.0,4,H
210060814106,3,F,2,0,1.0,0,Niterói,445.7,553.0,524.5,482.5,680.0,4,E
210062020186,2,F,1,0,1.0,0,Duque de Caxias,431.9,366.2,476.7,522.6,480.0,3,E
210061943596,3,F,3,0,1.0,0,Maricá,556.0,525.5,572.9,638.9,920.0,4,K
210058993450,4,M,3,0,1.0,0,Niterói,500.3,529.6,493.9,395.7,520.0,2,B
210061628261,2,M,1,0,1.0,0,Niterói,398.3,551.3,520.4,583.3,660.0,4,E
210062056592,5,F,3,0,1.0,0,Duque de Caxias,453.3,447.4,504.7,453.6,500.0,4,B
210061877154,4,F,1,0,1.0,0,São João de Meriti,376.0,446.3,518.4,362.4,560.0,6,C
210061326732,3,M,3,0,1.0,0,Maricá,573.7,507.2,476.7,439.3,780.0,4,I
210061751755,3,F,1,0,1.0,0,Duque de Caxias,494.2,408.3,460.0,492.5,680.0,3,D
210061432877,2,F,1,0,1.0,0,Nova Iguaçu,525.2,462.6,527.8,546.2,440.0,4,K
210061149047,2,F,2,0,1.0,0,Duque de Caxias,430.5,564.4,588.9,660.1,760.0,4,B
210062050517,2,M,1,0,1.0,0,Duque de Caxias,515.7,559.4,546.6,645.3,560.0,5,C
210060964551,3,M,2,0,1.0,0,Belford Roxo,385.5,419.5,454.6,407.1,360.0,6,E
210062011271,3,M,3,0,1.0,0,Nova Iguaçu,459.4,578.4,564.8,501.6,580.0,4,F
210061639390,2,M,1,0,1.0,0,Nova Iguaçu,630.9,623.0,587.5,789.2,900.0,4,H
210061974620,2,M,1,0,1.0,0,Nova Iguaçu,513.3,612.6,525.3,526.5,600.0,5,D
210060164379,3,M,3,0,1.0,0,Nilópolis,592.4,607.9,591.0,694.6,880.0,4,F
210061710397,2,F,2,0,1.0,0,São João de Meriti,466.1,559.8,533.7,409.3,880.0,5,C
210061792468,3,M,2,0,1.0,0,Nilópolis,433.0,447.1,493.3,516.2,720.0,4,D
210061079581,3,F,3,0,1.0,0,São João de Meriti,540.8,564.3,628.4,644.2,860.0,3,D
210061498967,3,M,2,0,1.0,0,Nilópolis,520.0,616.2,558.3,535.5,520.0,3,H
210060162057,2,M,3,0,1.0,0,Maricá,519.9,546.1,473.1,453.7,640.0,4,B
210061884522,3,M,2,0,1.0,0,Nova Iguaçu,346.0,329.0,305.5,352.2,240.0,3,C
210060796726,3,M,2,0,1.0,0,Duque de Caxias,527.9,565.8,563.4,624.4,920.0,3,B
210061737026,3,F,2,0,1.0,0,Duque de Caxias,395.1,539.8,395.4,566.3,880.0,3,B
210061825661,3,M,1,0,1.0,0,Niterói,554.8,611.3,621.4,784.6,720.0,4,L
210061802304,4,F,2,0,1.0,0,São João de Meriti,515.8,604.5,564.7,685.2,840.0,5,G
210061845867,3,M,1,0,1.0,0,Nova Iguaçu,436.6,548.4,552.4,509.3,660.0,2,B
210061828757,3,M,1,0,1.0,0,Niterói,670.4,603.3,595.6,787.1,620.0,3,L
210061531618,3,M,1,0,1.0,0,Duque de Caxias,542.6,609.1,518.1,629.8,980.0,4,H
210061936312,2,M,1,0,1.0,0,Niterói,537.0,555.3,552.2,652.8,660.0,3,D
210061341815,2,F,1,0,1.0,0,Duque de Caxias,510.6,581.3,517.6,594.8,920.0,4,I
210060806061,2,M,1,0,1.0,0,Nova Iguaçu,508.5,562.8,477.5,575.4,580.0,4,G
210061591188,3,M,2,0,1.0,0,Duque de Caxias,381.3,465.5,558.9,537.6,520.0,4,B
210060233735,2,M,1,0,1.0,0,Nilópolis,475.3,542.0,481.2,630.2,620.0,5,E
210061338451,6,F,2,0,1.0,0,Niterói,424.2,444.6,391.0,412.9,740.0,3,C
210061973901,3,M,1,0,1.0,0,Niterói,544.8,513.4,560.9,588.2,540.0,3,D
210061928373,2,F,1,0,1.0,0,Niterói,634.9,625.2,632.6,745.7,920.0,3,G
210061646273,3,M,1,0,1.0,0,Duque de Caxias,568.8,523.6,502.2,593.6,640.0,4,H
210061578596,3,M,2,0,1.0,0,Belford Roxo,513.4,525.4,510.0,586.0,720.0,4,F
210060901002,2,F,3,0,1.0,0,Maricá,515.3,573.1,521.3,496.5,780.0,4,E
210061951699,4,F,2,0,1.0,0,Nova Iguaçu,390.4,542.9,470.3,330.1,680.0,3,B
210059732379,2,M,2,0,1.0,0,Nova Iguaçu,531.3,466.4,517.9,427.0,360.0,2,B
210059721953,1,M,3,0,1.0,0,Niterói,532.5,388.3,486.3,576.0,640.0,2,E
210062029792,2,F,1,0,1.0,0,Maricá,550.5,547.5,521.0,462.0,560.0,3,G
210062010370,4,F,2,0,1.0,0,Belford Roxo,430.6,477.3,440.1,454.0,520.0,3,D
210061586325,2,M,1,0,1.0,0,Niterói,599.0,574.2,509.1,649.0,820.0,5,H
210061347960,2,M,1,0,1.0,0,São João de Meriti,581.9,616.2,601.6,703.4,920.0,4,I
210061895788,2,F,1,0,2.0,0,Niterói,547.1,579.0,574.0,654.0,820.0,3,I
210060002124,4,F,1,0,1.0,0,São João de Meriti,541.9,541.8,489.0,644.1,800.0,3,F
210061683556,3,M,3,0,1.0,0,Maricá,552.9,616.0,581.3,634.1,640.0,6,D
210061893537,2,M,3,0,1.0,0,São João de Meriti,562.1,611.7,590.6,795.0,880.0,3,C
210060840892,2,F,1,0,1.0,0,Belford Roxo,425.4,496.4,468.0,365.3,800.0,4,C
210061678023,3,M,1,0,1.0,0,Nilópolis,549.8,424.7,447.4,528.4,540.0,4,B
210060997125,3,M,1,0,1.0,0,Niterói,618.7,417.9,555.1,581.0,760.0,4,G
210060848929,2,F,3,0,1.0,0,Duque de Caxias,434.4,535.7,520.7,357.3,640.0,5,E
210059812253,3,F,1,0,1.0,0,Niterói,511.3,564.2,612.9,756.4,820.0,3,K
210061896591,3,F,2,0,1.0,0,Nova Iguaçu,506.8,632.0,595.4,558.3,700.0,4,F
210061363476,3,F,2,0,1.0,0,Niterói,403.2,479.9,469.5,504.8,860.0,4,E
210058902998,3,M,2,0,1.0,0,Nova Iguaçu,440.8,445.9,521.9,537.3,300.0,3,C
210062029806,2,F,2,0,1.0,0,São João de Meriti,344.5,394.0,356.5,355.2,440.0,3,A
210058873307,3,M,3,0,1.0,0,São João de Meriti,336.8,419.4,456.4,397.5,500.0,3,B
210061918576,3,M,1,0,1.0,0,Nilópolis,574.1,557.2,594.5,480.7,680.0,3,I
210061668794,2,F,3,0,1.0,0,Nova Iguaçu,451.4,456.0,517.6,517.6,720.0,2,C
210061664695,2,F,1,0,1.0,0,Niterói,602.9,596.2,573.2,784.3,880.0,4,H
210061008678,3,M,1,0,1.0,0,Niterói,472.7,576.3,566.4,595.7,760.0,3,E
210059340924,2,F,3,0,1.0,0,Nova Iguaçu,621.9,513.5,496.5,540.6,840.0,4,G
210062003391,3,F,1,0,1.0,0,Nova Iguaçu,537.7,511.7,555.9,572.5,640.0,3,C
210059657803,3,F,3,0,1.0,0,Nova Iguaçu,586.6,493.7,522.7,524.5,880.0,2,D
210061902593,3,M,1,0,1.0,0,Niterói,618.2,727.9,622.3,749.3,840.0,3,K
210061557547,3,M,1,0,1.0,0,Niterói,521.5,560.9,520.1,557.8,420.0,2,L
210061734210,1,F,2,0,1.0,0,Duque de Caxias,382.3,487.1,453.4,333.0,840.0,4,B
210061798571,2,F,2,0,1.0,0,Nova Iguaçu,515.7,561.1,628.6,510.7,760.0,3,J
210061009099,2,F,1,0,1.0,0,Belford Roxo,540.4,593.4,555.2,714.7,680.0,4,E
210060837317,4,F,2,0,1.0,0,Niterói,535.3,489.6,589.7,500.9,600.0,4,C
210061151091,3,F,1,0,1.0,0,Niterói,510.1,501.1,363.9,530.0,940.0,4,Q
210061733267,2,F,1,0,1.0,0,Nova Iguaçu,590.9,651.4,630.8,694.0,680.0,4,E
210058958020,2,M,1,0,1.0,0,Niterói,584.8,540.5,510.5,673.4,760.0,4,H
210061504352,2,F,1,0,1.0,0,São João de Meriti,414.1,482.8,497.4,419.1,540.0,3,B
210061258747,3,M,2,0,1.0,0,Nova Iguaçu,527.7,489.3,502.5,504.8,820.0,3,B
210061449825,3,M,2,0,1.0,0,Belford Roxo,515.7,578.2,514.8,546.2,720.0,4,C
210061754875,2,M,3,0,1.0,0,Duque de Caxias,506.8,662.6,564.6,610.2,800.0,4,G
210061674236,3,F,3,0,1.0,0,Nova Iguaçu,513.6,668.6,565.0,464.6,780.0,5,F
210058872831,2,M,1,0,1.0,0,Niterói,617.0,618.1,648.5,739.5,880.0,4,L
210059600998,5,M,1,0,1.0,0,Maricá,523.4,607.1,546.2,570.9,680.0,3,B
210061266925,2,F,3,0,1.0,0,Nova Iguaçu,520.3,365.1,474.9,385.8,700.0,5,B
210061515697,3,F,3,0,1.0,0,Duque de Caxias,479.9,531.8,496.8,433.3,520.0,4,C
210061897540,3,M,1,0,1.0,0,Belford Roxo,539.1,460.7,407.5,475.7,380.0,4,B
210061042626,3,F,3,0,1.0,0,Nova Iguaçu,392.3,405.1,446.8,403.5,500.0,4,B
210061471118,3,M,3,0,1.0,0,Duque de Caxias,534.7,524.0,494.8,406.2,640.0,4,C
210061790638,3,M,1,0,1.0,0,São João de Meriti,545.9,579.6,592.4,573.5,560.0,3,D
210059510931,3,F,1,0,1.0,0,Nova Iguaçu,534.4,568.8,530.6,690.4,920.0,6,P
210061665954,3,F,2,0,1.0,0,Niterói,500.5,518.8,505.4,384.7,520.0,5,F
210061522491,3,F,2,0,1.0,0,Niterói,489.9,557.8,451.0,434.2,620.0,2,C
210061854991,2,M,3,0,1.0,0,Duque de Caxias,372.8,499.1,480.1,471.6,700.0,6,B
210061810503,3,M,1,0,1.0,0,Duque de Caxias,524.1,432.9,526.7,574.4,560.0,7,B
210061471136,4,F,3,0,1.0,0,Niterói,533.9,583.5,514.9,668.2,940.0,4,K
210061898684,2,F,1,0,1.0,0,Maricá,487.0,544.2,532.1,493.1,720.0,5,P
210060910411,3,M,3,0,1.0,0,Duque de Caxias,445.5,440.9,461.6,407.9,420.0,5,D
210061664473,3,M,1,0,1.0,0,Belford Roxo,518.5,665.7,577.0,554.0,400.0,4,E
210061878364,2,F,1,0,1.0,0,Nova Iguaçu,444.4,484.6,472.7,417.0,500.0,3,C
210058890788,2,M,1,0,1.0,0,Duque de Caxias,567.1,545.0,596.1,585.5,620.0,2,C
210061902472,2,M,1,0,1.0,0,Niterói,432.8,511.1,568.5,682.6,520.0,4,B
210060241890,3,F,3,0,1.0,0,Niterói,479.8,569.0,506.7,625.6,580.0,4,B
210061952652,3,M,1,0,1.0,0,Belford Roxo,433.6,574.8,554.6,564.8,620.0,9,B
210061716414,2,M,3,0,1.0,0,Niterói,542.9,598.4,563.6,622.7,900.0,3,F
210060813941,3,M,1,0,1.0,0,Nova Iguaçu,574.8,394.6,593.0,712.7,480.0,2,B
210059734927,4,M,3,0,1.0,0,Niterói,370.7,453.2,413.7,365.1,520.0,3,D
210060846645,3,M,1,0,1.0,0,São João de Meriti,534.6,588.5,551.8,573.9,720.0,3,L
210061355289,2,F,2,0,2.0,0,Duque de Caxias,524.8,649.5,601.3,620.6,960.0,4,E
210062012322,3,F,3,0,1.0,0,Nova Iguaçu,538.0,590.5,588.7,731.4,700.0,4,F
210059778887,3,F,1,0,1.0,0,Niterói,568.9,586.6,549.2,523.9,880.0,5,G
210061796375,2,F,1,0,1.0,0,Maricá,491.7,547.8,576.8,540.3,580.0,2,H
210062009269,2,M,2,0,1.0,0,Maricá,527.6,495.4,459.8,477.3,640.0,4,K
210061701533,3,M,1,0,1.0,0,Nova Iguaçu,611.2,619.3,610.5,855.9,820.0,3,I
210061990245,2,F,4,0,1.0,0,Nova Iguaçu,429.8,516.2,508.4,443.5,560.0,2,B
210061738762,3,F,2,0,1.0,0,Niterói,508.7,587.7,519.2,493.1,580.0,5,F
210059722064,4,F,1,0,1.0,0,Niterói,413.1,391.6,366.8,482.7,560.0,3,I
210060311249,2,F,1,0,1.0,0,Niterói,340.4,536.5,473.8,502.6,720.0,6,H
210061655510,3,M,1,0,1.0,0,São João de Meriti,444.2,470.4,507.8,552.3,560.0,4,C
210062037366,2,F,2,0,1.0,0,Duque de Caxias,511.0,519.7,534.5,448.4,660.0,5,H
210061523421,2,M,3,0,1.0,0,Nilópolis,591.0,644.2,666.9,761.7,600.0,4,G
210061796376,3,F,3,0,1.0,0,Nova Iguaçu,461.0,551.0,539.5,457.5,540.0,3,B
210062050601,3,M,3,0,1.0,0,Duque de Caxias,559.8,500.7,533.3,591.9,560.0,3,G
210061523456,2,F,1,0,2.0,0,Niterói,489.1,625.8,600.7,612.2,880.0,2,I
210061879826,2,M,2,0,1.0,0,São João de Meriti,494.3,541.8,493.1,432.8,580.0,4,G
210061529820,2,F,2,0,1.0,0,Maricá,375.5,513.9,494.8,542.7,480.0,4,O
210059744968,3,F,3,0,1.0,0,São João de Meriti,486.7,442.3,535.0,469.8,600.0,4,C
210062033737,2,F,3,0,1.0,0,São João de Meriti,459.9,525.2,519.3,550.8,760.0,4,G
210061276479,3,M,1,0,1.0,0,Nova Iguaçu,565.9,605.7,562.4,745.9,640.0,4,K
210062037431,3,M,1,0,1.0,0,Niterói,598.2,581.4,551.7,558.2,680.0,3,H
210061355257,2,F,2,0,1.0,0,Duque de Caxias,464.2,529.3,529.6,529.2,720.0,3,Q
210061722924,2,F,3,0,1.0,0,Duque de Caxias,538.9,482.8,552.8,614.5,940.0,4,E
210059436074,3,M,2,0,1.0,0,Niterói,551.6,589.6,556.5,625.4,520.0,4,C
210061440420,3,M,1,0,1.0,0,Niterói,476.7,529.9,479.4,548.1,680.0,3,I
210061855157,3,M,1,0,1.0,0,Duque de Caxias,560.5,616.9,574.4,724.7,640.0,6,M
210060244180,3,M,1,0,1.0,0,São João de Meriti,519.6,420.8,483.5,360.0,580.0,4,E
210061510602,5,F,1,0,2.0,0,Niterói,642.8,623.8,547.0,754.5,860.0,3,E
210061657541,2,F,2,0,1.0,0,São João de Meriti,411.4,526.9,485.7,465.8,800.0,3,D
210060929378,3,F,3,0,1.0,0,Duque de Caxias,442.7,414.6,394.4,378.2,240.0,3,E
210061625546,3,F,1,0,1.0,0,Niterói,379.5,532.4,600.1,643.1,680.0,3,L
210061915589,3,F,2,0,1.0,0,Niterói,358.9,574.6,535.7,456.1,920.0,2,B
210061978361,2,M,3,0,1.0,0,Niterói,494.4,602.4,566.0,699.5,680.0,3,K
210061760572,3,F,1,0,1.0,0,Belford Roxo,476.6,476.8,497.8,506.0,620.0,3,J
210061773857,3,M,1,0,1.0,0,Belford Roxo,439.1,499.4,556.8,456.5,600.0,6,C
210061802417,3,F,3,0,1.0,0,Duque de Caxias,400.0,498.6,524.3,458.0,360.0,5,G
210061597761,3,F,2,0,1.0,0,Duque de Caxias,413.5,452.7,398.7,413.9,440.0,3,B
210062000432,1,M,1,0,1.0,0,Belford Roxo,465.3,452.0,371.6,370.1,420.0,4,F
210059351566,3,M,4,0,1.0,0,Belford Roxo,577.1,596.4,522.4,589.5,860.0,2,C
210062000456,2,M,3,0,1.0,0,Niterói,602.8,428.8,507.4,536.5,820.0,5,F
210061556195,2,F,3,0,1.0,0,Nova Iguaçu,469.1,580.1,573.4,520.6,800.0,4,E
210061008769,2,M,3,0,1.0,0,Nova Iguaçu,501.7,540.1,565.0,479.1,660.0,3,G
210061773877,2,F,1,0,1.0,0,Duque de Caxias,578.7,645.0,592.8,654.9,900.0,3,B
210061849660,4,F,4,0,1.0,0,Duque de Caxias,483.1,380.2,401.4,338.1,280.0,2,B
210061849687,2,F,1,0,1.0,0,Duque de Caxias,451.7,463.4,459.9,373.8,420.0,2,B
210059446941,3,F,3,0,1.0,0,Duque de Caxias,388.3,417.0,611.2,483.4,520.0,4,B
210061816646,3,M,0,0,1.0,0,Duque de Caxias,472.5,505.3,449.9,405.8,440.0,3,C
210058873749,3,F,3,0,1.0,0,Maricá,563.2,501.5,483.6,589.3,720.0,3,C
210060267539,2,F,3,0,1.0,0,Duque de Caxias,372.1,485.2,492.7,343.2,740.0,3,B
210061698368,2,M,3,0,1.0,0,Duque de Caxias,435.2,484.5,474.8,612.0,580.0,4,D
210061495615,3,M,3,0,1.0,0,Niterói,446.4,438.0,408.0,341.0,280.0,4,D
210061762867,2,M,1,0,1.0,0,Nova Iguaçu,575.3,495.4,496.1,582.7,520.0,3,F
210061320560,2,M,1,0,1.0,0,Nova Iguaçu,394.0,479.2,512.6,360.9,800.0,4,I
210062024135,2,F,1,0,1.0,0,Nova Iguaçu,581.0,561.8,574.9,602.4,680.0,6,D
210061278076,3,F,1,0,1.0,0,Maricá,498.4,593.5,554.9,646.0,620.0,4,L
210061987415,4,F,1,0,1.0,0,Duque de Caxias,502.2,395.5,472.6,421.0,520.0,6,A
210061424817,3,F,1,0,1.0,0,Nova Iguaçu,414.8,485.4,506.0,524.9,400.0,2,B
210059168907,2,M,1,0,1.0,0,Duque de Caxias,575.9,528.8,571.4,696.2,560.0,3,B
210059912251,3,F,1,0,1.0,0,Niterói,635.9,639.6,601.1,722.6,940.0,5,E
210061996188,4,M,3,0,1.0,0,Nova Iguaçu,517.0,484.9,451.6,403.8,520.0,4,C
210061685945,3,F,1,0,1.0,0,Niterói,552.3,463.6,551.7,589.1,680.0,4,L
210061913553,3,F,1,0,1.0,0,Duque de Caxias,417.6,483.5,502.3,485.9,500.0,3,E
210061114346,3,M,1,0,1.0,0,Niterói,427.6,588.9,545.4,434.4,560.0,3,D
210059922744,3,F,3,0,1.0,0,Nova Iguaçu,485.9,544.7,457.0,492.2,560.0,3,E
210058960026,2,M,0,0,1.0,0,São João de Meriti,515.5,587.1,567.1,726.5,600.0,4,H
210058882254,2,F,1,0,1.0,0,Nova Iguaçu,476.2,572.3,595.5,617.0,660.0,4,C
210062018176,3,M,1,0,1.0,0,Duque de Caxias,394.2,389.5,399.5,512.4,520.0,3,A
210061880873,2,M,2,0,1.0,0,Belford Roxo,546.2,589.4,549.4,651.1,880.0,3,C
210061925628,2,F,1,0,1.0,0,Nova Iguaçu,432.8,496.0,501.0,422.6,440.0,2,B
210061185398,3,F,1,0,1.0,0,Duque de Caxias,535.7,529.7,498.4,507.8,640.0,2,C
210061834855,2,F,1,0,1.0,0,Nova Iguaçu,554.1,590.8,577.8,620.2,840.0,3,C
210058981182,3,M,2,0,1.0,0,Nova Iguaçu,583.1,546.7,548.2,650.2,620.0,3,B
210061659714,6,F,1,0,1.0,0,Duque de Caxias,611.4,621.8,589.0,530.4,860.0,4,I
210058890240,2,M,3,0,1.0,0,São João de Meriti,481.4,532.1,560.2,554.2,560.0,3,E
210061587233,3,M,4,0,1.0,0,Niterói,334.9,447.0,361.0,463.2,660.0,3,C
210060000048,2,F,1,0,1.0,0,Duque de Caxias,599.8,583.7,662.3,708.5,980.0,3,G
210061075784,3,F,2,0,1.0,0,Niterói,531.1,527.2,560.3,474.1,560.0,4,F
210061649693,3,M,1,0,1.0,0,São João de Meriti,548.8,575.4,585.3,683.5,860.0,4,B
210061970683,3,F,1,0,1.0,0,Nova Iguaçu,467.0,362.6,387.4,372.9,500.0,3,B
210061986002,3,M,1,0,1.0,0,Niterói,497.0,520.0,517.1,454.2,540.0,4,J
210061060252,2,F,1,0,1.0,0,Niterói,464.1,546.2,510.0,548.3,640.0,4,C
210060866099,3,F,3,0,1.0,0,Nova Iguaçu,423.9,404.0,459.5,437.4,580.0,3,B
210062011179,2,M,2,0,1.0,0,Niterói,494.6,581.8,593.3,672.9,860.0,3,A
210061515810,5,F,3,0,1.0,0,Nilópolis,539.8,575.9,617.1,565.1,800.0,4,D
210061774614,2,F,1,0,1.0,0,Nova Iguaçu,435.0,491.0,590.2,408.6,720.0,4,F
210061239859,2,F,1,0,1.0,0,Duque de Caxias,399.9,399.6,494.3,506.7,800.0,3,B
210061587256,3,M,2,0,1.0,0,Duque de Caxias,368.9,441.8,528.9,363.4,440.0,6,C
210061176076,3,F,3,0,1.0,0,Duque de Caxias,601.6,567.6,536.6,637.8,720.0,4,H
210061931453,3,F,1,0,1.0,0,Belford Roxo,450.0,439.1,483.1,472.4,500.0,4,I
210061716449,3,M,2,0,1.0,0,Duque de Caxias,483.4,516.8,485.0,458.9,520.0,4,B
210060919876,3,M,1,0,1.0,0,Duque de Caxias,549.3,541.9,566.0,525.2,620.0,3,N
210062058618,2,M,1,0,1.0,0,Duque de Caxias,591.1,620.6,591.6,702.6,840.0,4,H
210061085103,1,F,3,0,1.0,0,Niterói,578.4,603.2,589.9,740.2,880.0,3,O
210059814514,3,F,1,0,1.0,0,Duque de Caxias,446.6,489.2,516.3,356.3,640.0,4,L
210061755054,2,M,2,0,1.0,0,Maricá,533.9,531.1,561.7,538.3,620.0,3,C
210061888858,2,M,3,0,1.0,0,Nilópolis,343.4,424.9,450.2,389.3,560.0,6,E
210061777809,3,F,2,0,1.0,0,Duque de Caxias,436.1,432.6,410.5,442.7,520.0,4,B
210061771477,2,F,1,0,1.0,0,Duque de Caxias,414.4,513.9,571.6,544.8,760.0,2,B
210061185760,2,M,3,0,1.0,0,Nilópolis,412.9,458.0,379.8,333.4,680.0,4,E
210061634725,3,M,3,0,1.0,0,Duque de Caxias,590.4,611.5,563.2,523.4,600.0,3,B
210061777794,3,M,3,0,1.0,0,Duque de Caxias,503.1,499.0,479.6,567.6,700.0,2,B
210059330655,2,F,1,0,1.0,0,Nova Iguaçu,445.4,416.8,400.3,544.1,580.0,3,E
210061701642,2,F,1,0,1.0,0,Duque de Caxias,443.8,464.3,535.4,353.8,380.0,6,A
210062050765,3,F,5,0,1.0,0,Duque de Caxias,457.7,405.0,492.3,397.4,420.0,5,D
210059127788,3,F,3,0,1.0,0,Nilópolis,525.6,655.6,559.9,657.3,940.0,3,B
210062033889,3,M,3,0,1.0,0,Duque de Caxias,442.2,509.4,472.4,456.8,440.0,5,I
210060174873,2,F,3,0,1.0,0,Nova Iguaçu,410.5,374.2,429.0,386.3,420.0,4,A
210061980008,3,M,2,0,1.0,0,Maricá,347.0,392.5,504.7,720.2,560.0,3,P
210061748853,3,F,3,0,1.0,0,Duque de Caxias,520.0,471.7,356.5,493.7,360.0,3,C
210061748892,2,F,3,0,1.0,0,Nilópolis,551.5,723.5,602.9,695.2,880.0,3,H
210060885185,3,M,2,0,1.0,0,Duque de Caxias,510.8,535.1,474.8,423.1,520.0,5,H
210061434469,3,M,2,0,1.0,0,Niterói,382.1,465.7,450.1,380.3,640.0,6,B
210061714123,3,M,3,0,1.0,0,Nova Iguaçu,561.9,552.7,531.3,652.8,580.0,3,F
210060796611,3,M,3,0,1.0,0,Nova Iguaçu,480.6,319.2,377.7,384.1,600.0,3,E
210061841154,4,F,2,0,1.0,0,São João de Meriti,606.4,623.8,553.5,731.6,820.0,4,E
210061665964,2,F,3,0,1.0,0,Nova Iguaçu,501.4,568.3,400.0,479.9,840.0,6,C
210061395989,3,F,2,0,2.0,0,Duque de Caxias,557.9,563.5,558.4,600.7,720.0,5,C
210059856002,3,F,2,0,1.0,0,São João de Meriti,379.3,409.5,466.2,366.2,480.0,9,C
210061629500,3,M,3,0,1.0,0,Duque de Caxias,486.6,511.7,529.2,511.7,540.0,3,G
210061891793,3,F,2,0,2.0,0,Nova Iguaçu,394.1,427.1,477.4,461.9,520.0,3,D
210061968410,2,F,3,0,1.0,0,Nova Iguaçu,399.4,445.7,441.1,428.1,420.0,3,B
210061203134,6,M,3,0,1.0,0,Nova Iguaçu,616.7,670.3,605.2,675.1,800.0,4,F
210061405852,2,M,1,0,1.0,0,Duque de Caxias,487.1,461.9,527.2,550.0,340.0,2,C
210061986132,2,F,2,0,1.0,0,Duque de Caxias,435.0,507.9,463.8,472.1,800.0,5,C
210059825054,3,F,1,0,1.0,0,Niterói,605.9,640.2,619.8,706.6,880.0,5,N
210061249609,2,M,1,0,1.0,0,Niterói,656.4,769.8,605.0,782.7,780.0,3,Q
210061635714,2,M,1,0,1.0,0,Niterói,566.6,544.2,491.0,652.8,740.0,4,I
210061405871,1,F,1,0,1.0,0,Nova Iguaçu,477.9,526.9,532.1,497.6,680.0,4,G
210059117352,3,M,1,0,1.0,0,Duque de Caxias,444.8,493.7,451.1,457.7,300.0,4,C
210059117340,2,F,1,0,1.0,0,Duque de Caxias,540.3,532.1,620.5,601.7,760.0,3,E
210062005381,2,M,2,0,1.0,0,Maricá,507.5,545.2,519.0,466.7,600.0,2,B
210061054411,3,F,3,0,1.0,0,Belford Roxo,353.6,400.3,448.5,449.2,500.0,5,D
210061705293,2,M,1,0,1.0,0,Duque de Caxias,437.5,449.9,533.8,553.1,580.0,2,F
210061415462,3,M,3,0,1.0,0,São João de Meriti,428.0,529.9,517.3,532.0,640.0,4,D
210061759921,3,F,3,0,1.0,0,Maricá,420.7,522.7,522.3,477.0,700.0,5,G
210061971608,4,M,1,0,1.0,0,Duque de Caxias,551.6,617.4,514.5,592.9,680.0,2,G
210061764464,2,M,1,0,1.0,0,Nilópolis,443.7,458.1,357.8,581.3,420.0,6,C
210061282469,2,M,1,0,1.0,0,Niterói,547.7,586.9,572.0,618.7,740.0,5,M
210061490064,2,F,3,0,1.0,0,Duque de Caxias,336.0,341.3,488.1,447.5,600.0,3,E
210062056546,5,F,2,0,1.0,0,Nova Iguaçu,437.7,457.7,490.0,483.5,720.0,4,B
210061981280,3,M,3,0,1.0,0,Duque de Caxias,536.5,578.1,556.5,455.8,880.0,4,I
210061395907,2,F,1,0,1.0,0,Duque de Caxias,434.5,451.3,523.5,489.6,580.0,7,B
210059601301,2,F,1,0,1.0,0,Nilópolis,451.5,471.3,463.2,382.8,880.0,4,E
210062056573,2,M,2,0,1.0,0,Nilópolis,539.0,589.6,648.0,542.8,620.0,2,B
210061807612,4,M,1,0,1.0,0,Niterói,620.3,670.9,570.0,848.0,860.0,5,O
210061230359,3,M,3,0,1.0,0,Nova Iguaçu,445.8,515.0,574.1,441.4,620.0,2,C
210061846851,6,F,2,0,1.0,0,Niterói,427.3,452.6,417.6,418.2,380.0,5,D
210061222206,2,M,3,0,1.0,0,Nova Iguaçu,535.7,550.9,592.9,461.6,560.0,3,B
210062056552,2,M,1,0,1.0,0,São João de Meriti,539.5,532.7,528.7,629.7,560.0,5,C
210061797911,2,M,1,0,1.0,0,Duque de Caxias,622.5,624.3,608.8,678.8,700.0,4,I
210061736225,2,F,2,0,1.0,0,Nilópolis,487.0,538.8,532.8,459.1,640.0,4,D
210061936248,3,F,2,0,1.0,0,São João de Meriti,400.6,503.1,387.1,362.4,540.0,4,B
210061615467,3,F,3,0,1.0,0,Duque de Caxias,444.4,396.7,387.7,433.6,520.0,5,B
210061797878,2,F,1,0,1.0,0,Nova Iguaçu,422.9,480.0,443.7,381.9,500.0,3,C
210061571919,3,F,2,0,1.0,0,Nova Iguaçu,327.3,453.1,463.5,399.6,580.0,4,B
210061621136,4,F,2,0,1.0,0,Nova Iguaçu,457.7,517.9,466.8,351.7,360.0,2,B
210061097013,4,F,3,0,1.0,0,Niterói,530.1,441.8,454.2,382.8,580.0,4,A
210061359406,4,F,3,0,1.0,0,São João de Meriti,605.6,551.4,521.5,486.1,560.0,2,B
210059634755,2,F,1,0,1.0,0,Niterói,589.0,553.0,523.0,399.5,940.0,4,D
210061672255,4,F,3,0,1.0,0,Nova Iguaçu,388.3,434.8,458.1,469.2,460.0,2,C
210060823350,2,M,3,0,1.0,0,Duque de Caxias,394.2,419.1,477.9,337.5,600.0,7,B
210061804001,3,M,3,0,1.0,0,Nova Iguaçu,436.9,499.9,484.4,481.6,580.0,4,H
210061711321,4,F,1,0,1.0,0,Duque de Caxias,554.9,592.0,622.5,502.7,820.0,2,B
210061621122,3,M,1,0,1.0,0,Niterói,424.3,552.0,373.6,636.9,760.0,6,N
210061395866,3,M,1,0,1.0,0,Niterói,517.1,512.6,488.1,637.1,580.0,5,D
210061736487,3,F,1,0,1.0,0,Nova Iguaçu,461.4,525.2,508.2,590.3,340.0,4,B
210061483801,2,M,3,0,1.0,0,Niterói,335.1,509.5,478.8,406.8,580.0,3,F
210061777603,2,F,1,0,1.0,0,Duque de Caxias,425.9,539.0,530.4,458.7,900.0,4,F
210061946534,3,F,2,0,1.0,0,São João de Meriti,383.1,446.8,517.8,477.7,900.0,4,D
210061828666,3,M,1,0,1.0,0,Nova Iguaçu,347.5,546.2,458.4,409.1,500.0,4,O
210061597474,3,M,2,0,1.0,0,Belford Roxo,383.0,440.8,452.7,561.5,560.0,3,C
210059879208,3,M,2,0,1.0,0,Nova Iguaçu,457.1,581.8,426.9,457.8,520.0,5,B
210062041855,3,F,1,0,1.0,0,São João de Meriti,526.4,500.1,422.5,358.0,560.0,6,B
210058882314,4,F,1,0,1.0,0,Niterói,444.2,514.3,528.3,553.9,800.0,2,P
210059235505,3,F,3,0,1.0,0,São João de Meriti,500.9,663.9,630.0,505.4,880.0,2,C
210061767709,2,F,2,0,1.0,0,Nova Iguaçu,537.9,591.4,624.2,405.0,600.0,4,E
210061693431,2,M,1,0,1.0,0,Belford Roxo,475.3,503.2,450.0,582.5,580.0,3,B
210062006525,3,M,3,0,1.0,0,Duque de Caxias,455.3,515.6,422.8,585.1,600.0,2,B
210061727107,3,M,1,0,1.0,0,Duque de Caxias,398.8,316.6,393.2,424.4,440.0,4,E
210062059506,3,M,1,0,1.0,0,Duque de Caxias,550.4,538.4,531.8,548.6,560.0,5,B
210060973831,3,F,1,0,1.0,0,São João de Meriti,464.7,446.8,473.9,369.5,560.0,5,G
210059601312,3,M,1,0,1.0,0,São João de Meriti,521.7,570.9,576.6,700.4,620.0,3,C
210058893943,2,F,2,0,1.0,0,São João de Meriti,380.2,509.4,502.0,425.3,600.0,5,B
210061522145,3,M,3,0,1.0,0,Nova Iguaçu,436.4,411.9,440.7,491.5,640.0,3,C
210061502012,3,M,3,0,1.0,0,Nova Iguaçu,484.2,480.3,417.0,476.3,360.0,5,E
210060097636,2,F,3,0,1.0,0,Duque de Caxias,448.1,464.3,413.0,375.3,660.0,2,C
210061647503,3,F,1,0,1.0,0,Duque de Caxias,416.3,435.4,485.4,378.4,600.0,3,D
210058896899,3,M,1,0,1.0,0,Niterói,630.2,591.8,571.2,802.9,640.0,4,G
210061268395,2,M,3,0,1.0,0,Duque de Caxias,512.7,373.1,414.9,367.5,500.0,3,D
210059405470,3,M,2,0,1.0,0,Niterói,636.8,582.4,649.9,683.4,920.0,5,M
210062016371,3,M,3,0,1.0,0,Belford Roxo,506.4,446.4,438.9,415.1,500.0,4,C
210062051900,5,M,1,0,1.0,0,Nova Iguaçu,612.6,649.7,591.9,762.1,760.0,3,G
210061693418,3,F,3,0,1.0,0,Nova Iguaçu,473.3,513.9,441.5,579.2,680.0,4,B
210059871431,2,F,3,0,1.0,0,Niterói,447.5,494.6,503.4,483.8,700.0,4,C
210061784735,2,M,2,0,1.0,0,Nova Iguaçu,424.3,338.6,477.6,432.0,420.0,3,C
210061761380,3,M,3,0,1.0,0,Nova Iguaçu,555.7,616.5,595.4,672.7,600.0,5,I
210062006497,3,M,2,0,1.0,0,Belford Roxo,505.6,553.7,482.3,491.8,660.0,3,G
210061940710,2,F,1,0,1.0,0,Nova Iguaçu,552.5,643.3,544.1,665.7,820.0,3,B
210061927221,3,M,1,0,1.0,0,Nova Iguaçu,421.4,356.5,338.2,369.3,460.0,3,C
210061895989,2,F,1,0,1.0,0,Niterói,480.3,458.8,507.6,443.7,800.0,3,C
210061626321,3,M,2,0,1.0,0,Duque de Caxias,499.3,554.6,505.1,632.9,480.0,4,C
210061716251,4,F,3,0,1.0,0,Nova Iguaçu,472.1,361.2,477.0,372.8,780.0,5,A
210061205075,2,F,1,0,1.0,0,Niterói,595.8,607.6,458.7,689.3,800.0,2,G
210062009514,2,F,3,0,1.0,0,Nilópolis,488.0,578.9,530.7,577.2,700.0,4,H
210061954966,3,F,3,0,1.0,0,Duque de Caxias,540.2,513.4,525.2,431.7,800.0,4,C
210060267695,4,M,1,0,1.0,0,Nova Iguaçu,443.9,551.3,495.9,498.8,520.0,4,O
210061741463,2,M,1,0,1.0,0,Niterói,457.1,516.6,477.6,610.2,800.0,10,E
210059626515,3,F,3,0,1.0,0,Duque de Caxias,423.0,424.2,354.7,366.9,320.0,3,D
210061815705,3,F,3,0,1.0,0,Duque de Caxias,392.8,512.0,516.4,506.1,760.0,3,E
210060920366,5,F,2,0,1.0,0,Duque de Caxias,447.6,561.5,512.8,589.3,680.0,2,B
210059366975,3,M,1,0,1.0,0,Niterói,577.8,649.6,607.0,490.1,880.0,2,C
210061922815,3,F,2,0,1.0,0,Belford Roxo,389.2,419.6,434.7,398.7,360.0,3,B
210061355547,5,F,1,0,1.0,0,Maricá,518.8,394.9,384.6,484.5,620.0,3,D
210059094002,3,F,3,0,1.0,0,Nova Iguaçu,442.2,438.7,516.8,528.0,480.0,3,N
210061737288,3,F,4,0,1.0,0,Duque de Caxias,473.6,528.3,494.0,379.8,360.0,2,B
210059806612,2,M,1,0,1.0,0,Nilópolis,556.3,594.3,641.1,641.5,520.0,3,B
210061397830,3,F,2,0,1.0,0,Niterói,435.4,526.8,485.7,488.2,760.0,4,C
210062033978,5,F,1,0,1.0,0,Nilópolis,426.0,567.2,498.1,357.7,320.0,4,D
210058146802,3,F,1,0,1.0,0,Niterói,509.7,588.3,586.8,696.3,900.0,3,E
210061747121,3,F,1,0,1.0,0,Niterói,497.0,546.5,580.4,505.6,580.0,4,E
210062015299,2,M,2,0,1.0,0,Duque de Caxias,584.8,622.3,613.5,619.4,480.0,2,C
210061376795,2,M,3,0,1.0,0,Nilópolis,444.2,461.7,458.9,502.4,520.0,3,D
210061913585,3,M,2,0,1.0,0,Duque de Caxias,557.6,430.3,461.9,555.6,360.0,3,D
210061739680,3,F,3,0,1.0,0,Duque de Caxias,446.4,359.2,514.9,359.8,500.0,5,C
210061904933,3,M,1,0,1.0,0,Niterói,478.3,464.5,509.1,548.1,600.0,3,G
210062012524,3,M,3,0,1.0,0,Maricá,598.0,466.2,512.8,456.1,640.0,6,E
210061268405,3,M,2,0,1.0,0,Nova Iguaçu,541.1,641.2,639.3,663.0,720.0,4,M
210061492719,3,F,1,0,1.0,0,Nova Iguaçu,539.6,613.2,652.9,624.2,840.0,3,C
210061738790,3,F,1,0,1.0,0,Niterói,533.9,561.6,505.0,531.3,700.0,4,E
210061905531,3,F,2,0,1.0,0,Duque de Caxias,405.6,413.3,410.6,334.3,600.0,5,B
210061680601,3,M,1,0,1.0,0,Duque de Caxias,479.3,588.3,541.7,731.5,600.0,3,D
210059678315,3,F,1,0,1.0,0,Maricá,468.2,497.5,559.0,517.1,560.0,3,C
210062022421,4,M,3,0,1.0,0,Nova Iguaçu,463.7,497.5,440.7,572.0,580.0,3,G
210061692241,3,M,1,0,1.0,0,São João de Meriti,562.3,622.5,598.1,636.3,540.0,3,C
210061486226,2,F,2,0,1.0,0,Nova Iguaçu,452.4,456.3,466.6,545.9,840.0,3,F
210061858971,3,F,1,0,1.0,0,Maricá,477.0,598.0,632.6,560.6,740.0,3,B
210062033759,3,M,1,0,1.0,0,Belford Roxo,569.3,596.8,585.5,590.9,600.0,3,D
210061522521,2,F,1,0,1.0,0,Niterói,479.9,477.1,536.2,566.9,900.0,2,E
210062044911,3,F,1,0,1.0,0,São João de Meriti,420.0,456.0,584.6,479.8,480.0,4,E
210061976934,4,F,3,0,1.0,0,Maricá,542.4,570.5,524.3,554.2,560.0,3,C
210062047710,3,M,1,0,1.0,0,Duque de Caxias,538.2,528.6,550.7,507.1,580.0,3,C
210061523633,4,F,3,0,1.0,0,Duque de Caxias,441.9,445.3,466.9,409.8,680.0,4,B
210060939371,2,M,3,0,1.0,0,Nova Iguaçu,569.6,374.8,524.4,534.4,520.0,3,E
210062043560,3,M,1,0,1.0,0,Nilópolis,583.7,641.3,614.6,711.5,560.0,7,J
210061608083,3,M,1,0,1.0,0,Nova Iguaçu,542.6,581.0,544.4,722.0,860.0,4,E
210060796765,2,M,2,0,1.0,0,Duque de Caxias,389.0,555.7,572.6,665.1,760.0,4,E
210061698482,2,F,3,0,1.0,0,Nova Iguaçu,610.1,504.7,524.0,719.0,920.0,5,C
210061594929,4,F,1,0,1.0,0,Nilópolis,549.8,590.8,577.6,648.4,780.0,3,I
210061651253,5,M,1,0,1.0,0,Nova Iguaçu,558.1,570.4,611.9,624.1,780.0,4,G
210061979902,2,F,1,0,1.0,0,Niterói,493.6,393.5,551.4,468.4,320.0,2,H
210060167179,2,M,2,0,1.0,0,Nova Iguaçu,362.5,382.3,464.1,487.3,520.0,2,J
210061601281,2,M,3,0,1.0,0,Maricá,529.7,540.5,548.3,533.1,660.0,6,B
210060288202,3,M,3,0,1.0,0,Maricá,430.8,493.1,408.1,386.5,500.0,3,D
210061996272,4,F,2,0,1.0,0,Duque de Caxias,439.9,478.6,439.7,478.1,540.0,3,D
210061885799,3,M,3,0,1.0,0,São João de Meriti,544.5,600.0,592.6,645.6,560.0,3,D
210062046564,2,F,1,0,1.0,0,Nova Iguaçu,570.5,608.7,581.9,607.0,840.0,2,B
210061747197,2,M,3,0,1.0,0,Duque de Caxias,369.2,481.6,505.2,398.7,520.0,3,J
210061968316,3,F,2,0,1.0,0,Duque de Caxias,465.1,359.1,447.9,368.4,500.0,4,B
210060300689,2,M,3,0,1.0,0,Nilópolis,538.4,544.0,477.8,501.5,520.0,3,C
210060823410,2,M,1,0,1.0,0,Nova Iguaçu,509.4,501.8,461.7,615.0,560.0,3,G
210060922009,2,F,1,0,1.0,0,São João de Meriti,582.6,602.2,505.4,703.0,940.0,3,I
210061848050,4,M,3,0,1.0,0,Duque de Caxias,610.9,544.4,461.5,633.9,900.0,4,C
210061742466,2,F,3,0,1.0,0,Nova Iguaçu,370.5,438.9,320.3,354.2,320.0,3,B
210061710344,3,M,3,0,1.0,0,Maricá,454.4,445.5,429.4,359.2,460.0,5,B
210060796752,2,F,1,0,1.0,0,Maricá,530.2,514.0,482.4,597.9,940.0,4,K
210061910654,2,F,2,0,1.0,0,São João de Meriti,511.3,615.9,571.4,621.3,840.0,2,E
210061976916,2,F,3,0,1.0,0,Belford Roxo,436.2,468.7,501.3,485.9,700.0,4,B
210061295712,2,F,1,0,1.0,0,São João de Meriti,540.2,608.4,599.3,616.7,660.0,2,B
210061498983,2,M,3,0,1.0,0,Nilópolis,579.7,548.8,562.3,545.5,720.0,4,D
210061771365,2,M,1,0,1.0,0,Duque de Caxias,391.6,533.5,485.2,382.8,560.0,3,A
210061700085,2,M,3,0,1.0,0,São João de Meriti,547.9,582.6,478.7,634.6,800.0,3,F
210061206631,2,M,3,0,1.0,0,Nova Iguaçu,527.9,546.7,468.6,439.3,600.0,4,H
210061759877,3,M,1,0,1.0,0,Niterói,523.4,651.8,542.8,710.4,880.0,5,P
210060200443,2,F,3,0,1.0,0,Nova Iguaçu,501.6,553.4,547.5,592.4,860.0,2,B
210061913908,3,F,3,0,1.0,0,São João de Meriti,547.9,619.6,611.3,538.0,820.0,5,J
210061681648,2,F,4,0,1.0,0,Duque de Caxias,453.0,584.3,499.7,467.9,560.0,3,F
210061714287,2,F,3,0,1.0,0,Duque de Caxias,435.1,405.7,424.4,542.1,640.0,5,D
210061610231,2,M,1,0,1.0,0,Duque de Caxias,530.6,527.2,548.9,684.5,460.0,3,B
210061757633,3,F,1,0,1.0,0,Duque de Caxias,425.8,555.8,482.3,565.0,760.0,3,I
210061958201,4,M,1,0,1.0,0,Niterói,392.4,445.2,402.3,501.3,460.0,3,E
210062037656,3,F,3,0,1.0,0,Duque de Caxias,466.5,536.8,542.8,520.2,320.0,3,D
210061904947,2,M,3,0,1.0,0,Belford Roxo,426.5,461.8,492.4,418.8,600.0,4,E
210059806842,2,M,1,0,1.0,0,São João de Meriti,486.8,535.2,448.6,524.9,540.0,5,B
210061328334,3,M,3,0,1.0,0,Nova Iguaçu,387.9,531.0,514.4,385.4,620.0,3,E
210062034004,2,M,2,0,1.0,0,Maricá,398.7,609.3,509.3,664.6,640.0,5,O
210061236177,4,M,3,0,1.0,0,Nilópolis,461.7,562.3,552.9,453.1,600.0,4,D
210059099014,2,F,1,0,1.0,0,Nilópolis,399.4,519.4,572.6,424.7,560.0,4,C
210061961351,2,M,2,0,1.0,0,Nova Iguaçu,582.2,619.8,620.6,756.4,740.0,6,E
210062018455,3,F,3,0,1.0,0,Nova Iguaçu,341.0,371.6,411.2,421.8,400.0,5,C
210061753542,3,M,1,0,1.0,0,Duque de Caxias,456.6,359.9,520.2,410.4,600.0,2,I
210061705677,2,M,3,0,1.0,0,Niterói,495.4,510.2,535.8,709.2,700.0,2,B
210060908631,3,F,1,0,1.0,0,Niterói,564.4,537.6,452.0,660.7,740.0,3,M
210061964533,5,F,1,0,2.0,0,Niterói,566.3,649.4,587.9,564.2,640.0,6,N
210061711994,3,M,3,0,1.0,0,Duque de Caxias,538.0,553.0,510.5,517.3,480.0,3,B
210061505900,3,M,3,0,1.0,0,Duque de Caxias,520.4,604.0,522.1,421.3,640.0,3,F
210061740970,3,M,2,0,1.0,0,Nova Iguaçu,377.6,341.6,458.7,432.9,360.0,4,B
210061964541,4,M,3,0,1.0,0,Maricá,536.5,499.5,535.6,460.9,500.0,4,D
210061996298,2,F,3,0,1.0,0,Duque de Caxias,499.3,565.9,616.4,686.6,780.0,4,C
210061964335,2,F,3,0,1.0,0,Nilópolis,440.2,576.6,495.7,481.2,640.0,3,C
210061642918,2,F,1,0,1.0,0,Niterói,547.9,608.8,595.6,632.8,600.0,4,F
210061720364,3,F,1,0,1.0,0,São João de Meriti,497.6,534.6,492.9,515.6,580.0,4,B
210062021284,2,M,1,0,1.0,0,São João de Meriti,447.7,523.7,472.9,418.3,400.0,4,B
210062024233,2,M,3,0,1.0,0,Nova Iguaçu,578.8,624.2,582.9,695.7,660.0,4,G
210061693506,2,M,1,0,1.0,0,Nova Iguaçu,529.4,368.9,440.2,421.6,460.0,6,B
210062049899,3,F,3,0,1.0,0,São João de Meriti,464.9,449.3,500.2,476.0,480.0,5,D
210060912545,3,F,1,0,1.0,0,Nilópolis,388.0,416.3,508.4,496.5,740.0,2,D
210061212971,5,M,3,0,1.0,0,Duque de Caxias,491.1,482.3,486.6,427.4,180.0,5,C
210061407377,3,F,1,0,1.0,0,Nova Iguaçu,579.7,569.9,585.0,515.8,820.0,2,O
210061720560,4,F,1,0,1.0,0,Nova Iguaçu,409.0,467.5,436.3,387.3,640.0,2,E
210061224037,3,M,3,0,1.0,0,Nova Iguaçu,512.6,526.5,516.0,497.7,600.0,4,B
210060280374,3,M,2,0,1.0,0,Duque de Caxias,492.8,489.9,470.1,461.8,540.0,3,B
210061295797,2,M,1,0,1.0,0,Niterói,612.7,634.1,617.4,761.4,720.0,3,F
210061280557,3,M,2,0,1.0,0,Nova Iguaçu,555.9,616.1,577.7,627.8,660.0,6,C
210061965411,2,F,1,0,1.0,0,Nilópolis,365.2,500.8,543.3,586.8,700.0,2,B
210058123088,3,F,2,0,1.0,0,São João de Meriti,485.0,482.8,517.3,397.3,600.0,3,B
210061659438,3,F,2,0,1.0,0,São João de Meriti,450.8,477.9,446.7,392.4,320.0,5,B
210059660345,3,F,3,0,1.0,0,São João de Meriti,510.0,497.7,586.7,626.8,880.0,3,G
210061993590,3,F,2,0,1.0,0,São João de Meriti,488.7,412.3,456.4,408.6,540.0,3,A
210061749436,3,M,1,0,1.0,0,Niterói,512.9,597.0,568.4,352.8,700.0,3,G
210061880169,3,F,3,0,1.0,0,Belford Roxo,482.4,311.7,407.9,387.6,500.0,6,C
210061965427,2,M,1,0,1.0,0,Nilópolis,461.1,546.3,504.9,496.8,620.0,6,E
210062021504,2,F,1,0,1.0,0,Nilópolis,463.6,528.7,529.9,410.7,700.0,2,B
210061617947,3,F,3,0,1.0,0,Nova Iguaçu,438.5,405.9,353.9,370.7,620.0,5,D
210061990621,2,F,2,0,1.0,0,Nova Iguaçu,458.1,525.2,424.7,411.9,560.0,2,C
210059660319,2,M,1,0,1.0,0,São João de Meriti,534.1,478.2,443.3,397.5,480.0,3,B
210061044901,3,M,3,0,1.0,0,Duque de Caxias,537.8,570.5,483.8,610.1,520.0,4,B
210061886071,2,F,2,0,1.0,0,Duque de Caxias,424.2,519.4,541.9,501.5,400.0,4,C
210061888787,2,F,3,0,1.0,0,Niterói,412.3,477.6,533.1,566.5,680.0,3,G
210060316068,3,F,1,0,1.0,0,São João de Meriti,471.8,608.7,544.5,542.8,680.0,4,D
210059083618,2,M,1,0,1.0,0,Niterói,526.0,579.2,590.0,640.2,720.0,3,H
210060881746,3,F,3,0,1.0,0,Duque de Caxias,532.1,509.8,578.1,587.5,700.0,3,G
210061786376,3,F,3,0,1.0,0,Nova Iguaçu,531.1,612.6,529.0,395.5,460.0,2,B
210061278047,3,F,1,0,1.0,0,São João de Meriti,396.8,558.5,517.9,611.5,620.0,4,D
210061683569,5,F,1,0,1.0,0,São João de Meriti,386.4,528.0,500.0,456.4,520.0,5,C
210061927176,3,F,1,0,1.0,0,Maricá,511.9,357.0,496.8,380.7,740.0,4,H
210060151492,2,M,2,0,1.0,0,São João de Meriti,440.8,508.8,550.3,534.7,540.0,3,B
210062052708,3,M,1,0,1.0,0,Nova Iguaçu,528.5,465.8,439.0,528.2,500.0,3,H
210061212860,2,F,3,0,1.0,0,Belford Roxo,455.2,517.8,513.5,412.2,460.0,6,E
210060858272,2,M,3,0,1.0,0,São João de Meriti,568.1,567.1,517.8,656.2,920.0,4,J
210061766664,3,F,2,0,1.0,0,Nova Iguaçu,470.7,436.7,457.2,397.1,540.0,6,E
210061919618,4,F,1,0,1.0,0,Duque de Caxias,519.3,592.6,559.2,594.4,820.0,4,I
210061351432,2,F,3,0,1.0,0,Nova Iguaçu,524.7,591.4,492.4,441.6,860.0,3,B
210060858276,3,F,3,0,1.0,0,São João de Meriti,327.7,489.4,488.3,345.2,320.0,5,C
210061715973,3,F,3,0,1.0,0,Duque de Caxias,525.0,551.8,529.9,625.7,700.0,3,C
210062045814,3,F,3,0,1.0,0,São João de Meriti,460.7,577.3,483.3,435.7,760.0,4,C
210058149937,2,M,2,0,1.0,0,Nilópolis,486.0,391.2,393.1,484.1,520.0,6,B
210061971556,2,F,2,0,1.0,0,Nilópolis,444.1,590.2,574.4,511.6,640.0,2,B
210061231812,3,M,2,0,1.0,0,Duque de Caxias,454.9,441.3,430.4,483.9,500.0,5,B
210059307827,4,M,1,0,1.0,0,Nova Iguaçu,563.8,643.8,610.1,755.2,600.0,3,G
210061780876,3,F,2,0,1.0,0,Duque de Caxias,441.9,440.0,427.1,332.8,440.0,5,B
210061900664,2,F,1,0,1.0,0,São João de Meriti,518.4,509.7,509.4,541.8,520.0,4,E
210061922664,3,M,1,0,1.0,0,Niterói,482.7,544.5,495.0,570.4,640.0,3,E
210062008302,2,M,3,0,1.0,0,São João de Meriti,529.9,467.1,493.8,378.4,700.0,4,B
210061026244,2,M,3,0,1.0,0,Duque de Caxias,414.8,470.6,528.9,435.1,640.0,2,G
210060929440,3,M,1,0,1.0,0,Niterói,535.0,579.1,615.6,719.7,860.0,2,C
210061630322,3,F,3,0,1.0,0,Maricá,468.2,523.2,516.1,509.7,500.0,6,E
210061268652,3,M,3,0,1.0,0,Duque de Caxias,550.6,368.3,544.1,488.6,620.0,2,B
210059122256,3,M,3,0,1.0,0,Niterói,533.2,540.9,544.1,451.0,900.0,2,B
210061784885,3,F,3,0,1.0,0,Niterói,455.7,558.0,500.6,425.5,760.0,5,D
210061724759,2,F,1,0,1.0,0,Duque de Caxias,623.2,630.0,603.3,607.9,820.0,2,D
210058994034,3,M,1,0,1.0,0,Niterói,341.1,351.8,513.9,390.2,660.0,4,E
210061867707,2,M,1,0,1.0,0,Maricá,510.2,294.5,552.6,508.4,640.0,5,D
210061416993,2,F,1,0,1.0,0,São João de Meriti,423.4,515.1,499.9,468.7,300.0,4,B
210059896748,3,F,3,0,1.0,0,Maricá,472.0,464.6,461.2,499.0,400.0,4,H
210061388359,2,F,1,0,1.0,0,São João de Meriti,511.7,559.3,592.0,636.2,780.0,7,M
210061500703,2,F,1,0,1.0,0,Niterói,519.4,512.9,530.3,542.4,620.0,4,D
210061742623,2,F,1,0,1.0,0,Duque de Caxias,561.4,617.4,652.6,775.3,900.0,3,E
210061886936,4,F,3,0,1.0,0,Nova Iguaçu,326.8,453.9,425.6,387.3,340.0,6,B
210061886928,2,F,1,0,1.0,0,São João de Meriti,439.9,460.4,524.4,490.2,560.0,4,B
210061604108,3,M,0,0,1.0,0,Maricá,554.9,498.2,535.2,531.2,680.0,3,D
210061886951,3,F,3,0,1.0,0,Duque de Caxias,496.6,511.5,555.7,468.3,880.0,3,E
210059902341,2,M,3,0,1.0,0,Duque de Caxias,530.4,580.5,511.0,422.4,440.0,3,D
210061158745,2,F,3,0,1.0,0,Duque de Caxias,542.9,575.7,626.7,597.3,800.0,5,E
210061286275,2,M,3,0,1.0,0,São João de Meriti,398.6,527.2,536.0,450.2,620.0,3,B
210060308394,4,M,1,0,1.0,0,Niterói,488.2,389.1,343.1,635.1,740.0,4,H
210061512297,3,M,2,0,1.0,0,Duque de Caxias,476.8,550.3,491.8,380.2,220.0,7,C
210061069952,3,F,1,0,2.0,0,Niterói,463.6,573.4,547.9,461.4,840.0,2,H
210061345843,3,F,2,0,1.0,0,Nova Iguaçu,526.5,536.0,555.1,522.2,560.0,2,B
210061355712,4,F,3,0,1.0,0,Nilópolis,493.3,520.5,509.9,452.2,480.0,6,E
210059786148,3,F,1,0,1.0,0,Niterói,571.2,602.8,557.5,627.2,940.0,2,G
210059524089,3,F,3,0,1.0,0,Nova Iguaçu,572.3,533.1,477.0,491.2,920.0,4,I
210061355719,2,M,0,0,1.0,0,Belford Roxo,430.0,541.6,552.9,414.5,540.0,2,B
210059122231,2,M,3,0,1.0,0,São João de Meriti,537.4,559.3,512.8,561.5,700.0,3,D
210061778730,3,M,1,0,1.0,0,Duque de Caxias,597.3,600.0,555.7,671.2,640.0,3,E
210061041092,2,F,1,0,1.0,0,Nova Iguaçu,504.9,532.8,601.3,450.3,720.0,4,D
210061392102,3,M,1,0,1.0,0,Nova Iguaçu,452.2,524.4,476.1,413.7,500.0,4,D
210061380314,3,F,1,0,1.0,0,Belford Roxo,527.5,664.6,593.1,573.0,720.0,4,B
210061797170,4,M,2,0,1.0,0,Niterói,407.3,331.3,396.6,399.9,780.0,3,P
210061041099,2,M,2,0,1.0,0,Nova Iguaçu,571.0,547.0,521.2,685.1,580.0,3,E
210061850216,2,M,0,0,2.0,0,Nilópolis,512.1,538.0,578.7,716.2,620.0,3,B
210060257450,2,M,3,0,1.0,0,Nova Iguaçu,470.7,570.9,608.8,510.1,700.0,4,B
210061989383,3,F,3,0,1.0,0,Duque de Caxias,583.5,571.5,502.6,537.2,520.0,4,B
210061686766,3,M,3,0,1.0,0,São João de Meriti,408.2,508.3,479.3,606.0,520.0,3,E
210061965458,3,F,2,0,1.0,0,Maricá,416.0,470.3,365.6,502.6,760.0,3,F
210061748103,2,M,3,0,1.0,0,São João de Meriti,530.8,517.1,540.0,449.1,500.0,3,D
210061170235,2,F,3,0,1.0,0,Duque de Caxias,376.8,501.1,489.2,530.1,440.0,4,B
210060189980,4,F,2,0,1.0,0,São João de Meriti,429.7,503.4,491.4,385.6,640.0,4,D
210060815822,4,M,1,0,1.0,0,Niterói,500.4,604.0,587.0,633.9,560.0,2,J
210059449397,2,M,1,0,1.0,0,Nova Iguaçu,684.3,625.9,622.9,777.1,780.0,3,Q
210059016926,5,F,1,0,1.0,0,Maricá,443.8,406.7,455.0,514.6,440.0,6,B
210061971017,3,M,1,0,1.0,0,Niterói,472.3,551.9,546.6,529.7,840.0,3,D
210061852031,2,M,2,0,1.0,0,Duque de Caxias,418.0,561.4,530.1,582.0,440.0,3,G
210062046038,2,F,3,0,1.0,0,Niterói,600.4,671.3,610.8,794.9,900.0,3,F
210059603755,4,F,1,0,1.0,0,Maricá,450.9,425.2,473.5,428.6,400.0,6,B
210062059869,3,F,1,0,1.0,0,Nova Iguaçu,556.3,638.5,602.9,527.3,880.0,5,D
210061700135,3,M,1,0,1.0,0,Nova Iguaçu,401.9,495.2,487.6,659.0,560.0,4,H
210061986296,7,F,0,0,1.0,0,Nilópolis,441.7,459.5,434.1,422.4,560.0,5,B
210061991679,3,M,3,0,1.0,0,São João de Meriti,486.1,473.2,371.7,417.3,340.0,3,C
210061178303,3,F,3,0,1.0,0,Nilópolis,577.6,586.1,517.9,659.6,880.0,5,D
210061694411,3,F,1,0,1.0,0,São João de Meriti,469.5,500.1,467.9,403.5,420.0,5,C
210061894985,2,F,2,0,1.0,0,Nova Iguaçu,518.5,606.2,603.8,596.6,660.0,3,B
210061597712,2,F,1,0,1.0,0,Niterói,484.0,539.0,487.7,581.8,520.0,2,G
210061108376,2,M,1,0,1.0,0,Nova Iguaçu,474.6,539.9,515.7,518.0,440.0,3,C
210059603383,3,F,1,0,1.0,0,Niterói,436.4,552.6,592.0,481.6,760.0,5,G
210061807679,2,F,3,0,1.0,0,Nova Iguaçu,359.2,468.7,508.7,474.3,320.0,4,D
210061781088,2,F,1,0,1.0,0,Nova Iguaçu,454.4,347.4,424.4,430.3,520.0,4,G
210060798388,3,F,1,0,1.0,0,Duque de Caxias,618.8,600.2,576.7,794.6,960.0,4,Q
210061687451,3,M,3,0,1.0,0,Duque de Caxias,540.5,460.3,467.9,469.2,600.0,7,C
210061234202,2,F,1,0,1.0,0,Nova Iguaçu,491.9,581.3,452.2,573.4,680.0,3,D
210060211078,5,F,2,0,1.0,0,Nova Iguaçu,408.6,444.9,430.2,435.1,640.0,5,C
210059264271,3,F,2,0,1.0,0,Nilópolis,491.5,434.8,497.0,437.4,440.0,4,B
210060131356,3,F,3,0,1.0,0,Nilópolis,521.1,504.5,473.3,473.7,360.0,3,C
210061797187,3,F,3,0,1.0,0,São João de Meriti,470.0,508.7,509.6,482.5,500.0,4,C
210061652234,3,M,1,0,1.0,0,Niterói,467.7,526.0,458.1,587.3,300.0,3,M
210061855870,3,F,1,0,1.0,0,Niterói,540.5,621.0,599.6,601.2,960.0,4,P
210059060499,2,F,3,0,1.0,0,Duque de Caxias,395.6,591.7,590.4,572.6,940.0,3,F
210059812314,4,M,1,0,1.0,0,Nova Iguaçu,534.6,629.4,583.2,654.4,660.0,3,F
210061160563,3,F,1,0,1.0,0,Niterói,423.0,476.5,437.0,533.4,640.0,3,O
210061534028,3,F,3,0,1.0,0,Niterói,450.2,545.5,541.7,602.0,780.0,3,B
210061292011,2,M,3,0,1.0,0,Niterói,483.5,544.5,514.0,615.6,760.0,2,J
210061305115,3,F,3,0,1.0,0,Duque de Caxias,419.0,523.5,457.6,397.0,540.0,5,C
210061212444,3,F,1,0,1.0,0,Niterói,483.4,573.0,469.4,443.1,700.0,5,C
210058131297,2,F,3,0,1.0,0,Nova Iguaçu,544.3,580.6,569.2,679.8,880.0,3,J
210061567916,4,M,1,0,1.0,0,Niterói,584.1,688.6,662.3,679.4,760.0,3,N
210061355428,3,F,1,0,1.0,0,Niterói,442.1,562.1,539.5,529.6,840.0,4,E
210061534042,3,F,1,0,1.0,0,Niterói,730.8,692.6,578.5,791.0,960.0,4,L
210062029838,3,F,2,0,1.0,0,Niterói,453.7,580.3,505.6,435.5,840.0,7,D
210061615697,4,M,3,0,1.0,0,Niterói,546.2,478.6,347.9,563.0,560.0,4,B
210062004366,4,M,3,0,1.0,0,Niterói,541.9,532.9,584.7,651.4,840.0,3,C
210061647903,2,F,3,0,1.0,0,Nova Iguaçu,424.8,482.8,430.4,359.8,580.0,3,G
210061079701,3,M,1,0,1.0,0,Niterói,408.9,504.5,438.3,409.6,460.0,3,B
210059590889,4,M,3,0,1.0,0,Duque de Caxias,527.7,616.5,585.5,577.7,700.0,3,J
210061755018,3,F,1,0,1.0,0,Nilópolis,449.8,488.4,447.9,502.8,400.0,5,B
210059004137,2,F,2,0,1.0,0,Nova Iguaçu,433.8,518.8,500.9,410.7,460.0,2,G
210061322843,3,M,0,0,1.0,0,Niterói,470.7,426.6,459.1,536.4,560.0,4,E
210061566712,3,M,1,0,1.0,0,Duque de Caxias,566.6,558.0,421.6,494.6,660.0,4,B
210059704133,4,F,1,0,1.0,0,Niterói,464.5,557.7,486.7,458.5,860.0,5,B
210061714629,4,M,2,0,1.0,0,Niterói,525.0,575.5,572.2,766.2,620.0,3,H
210061625554,3,M,2,0,1.0,0,Nova Iguaçu,552.0,460.0,585.0,497.8,600.0,4,E
210061781096,2,F,3,0,1.0,0,Duque de Caxias,388.7,461.5,496.2,532.0,380.0,3,M
210061618186,5,M,1,0,1.0,0,Maricá,430.5,392.9,411.4,410.4,660.0,4,G
210059958921,3,F,3,0,1.0,0,Duque de Caxias,561.3,484.4,399.2,539.6,440.0,4,B
210061740644,2,F,1,0,1.0,0,Niterói,514.9,567.3,597.9,567.9,940.0,3,K
210060056709,2,M,1,0,1.0,0,São João de Meriti,660.0,673.7,612.5,752.4,960.0,4,I
210061786440,4,M,2,0,1.0,0,Duque de Caxias,444.1,485.6,461.9,430.6,620.0,3,D
210061717522,2,M,1,0,1.0,0,Nilópolis,419.0,453.3,467.9,498.8,560.0,3,H
210061876137,3,M,2,0,1.0,0,Niterói,500.7,565.5,546.9,480.9,600.0,3,N
210061676096,3,F,3,0,1.0,0,Nova Iguaçu,430.3,422.7,523.9,399.1,520.0,4,A
210061786443,4,M,1,0,1.0,0,Maricá,538.3,591.7,580.8,643.2,560.0,2,B
210061569667,4,M,1,0,1.0,0,Niterói,462.6,440.4,453.0,470.0,420.0,4,I
210059094343,3,M,1,0,1.0,0,Niterói,539.8,526.5,560.3,453.5,600.0,4,F
210061778485,2,M,3,0,1.0,0,Niterói,546.3,568.5,569.6,727.8,680.0,4,D
210061928582,2,F,3,0,1.0,0,Duque de Caxias,532.1,460.7,434.1,453.2,520.0,4,E
210061998278,3,F,1,0,1.0,0,Niterói,380.5,377.1,300.8,334.4,580.0,6,C
210061930228,3,F,2,0,1.0,0,São João de Meriti,434.1,512.7,479.6,427.7,600.0,3,E
210061692884,3,M,4,0,1.0,0,São João de Meriti,546.5,355.7,365.9,533.5,320.0,2,B
210061847394,4,F,1,0,1.0,0,São João de Meriti,468.4,459.4,412.5,345.7,440.0,4,B
210061766241,3,F,3,0,1.0,0,São João de Meriti,541.3,585.2,584.1,569.3,420.0,4,F
210061847392,3,F,1,0,1.0,0,Duque de Caxias,601.8,576.7,580.5,674.8,680.0,3,N
210061699153,4,M,2,0,1.0,0,São João de Meriti,511.7,546.1,545.3,571.4,640.0,3,C
210061085355,3,M,1,0,1.0,0,Maricá,482.1,543.5,497.6,502.7,480.0,5,N
210061654239,3,M,1,0,1.0,0,Maricá,508.3,492.6,537.0,704.8,520.0,3,E
210059770756,4,M,1,0,1.0,0,Nova Iguaçu,406.4,341.7,317.3,466.0,440.0,3,B
210061824922,2,F,3,0,1.0,0,Nilópolis,546.2,557.2,606.5,483.4,680.0,4,D
210062018540,3,F,1,0,1.0,0,Niterói,433.6,530.6,536.3,433.4,740.0,4,D
210061480128,2,M,3,0,1.0,0,Nilópolis,588.8,654.1,600.6,558.9,420.0,3,B
210060891259,3,M,3,0,1.0,0,Nova Iguaçu,350.8,382.6,326.9,405.7,380.0,3,C
210061874598,3,M,1,0,1.0,0,Nilópolis,496.6,619.6,553.4,670.1,860.0,4,C
210060891257,3,M,1,0,1.0,0,Nova Iguaçu,425.7,580.4,515.3,596.8,880.0,3,D
210061394018,3,F,3,0,1.0,0,Belford Roxo,431.1,510.5,458.3,360.2,260.0,3,B
210061884776,2,F,1,0,1.0,0,São João de Meriti,463.9,622.9,635.7,540.1,680.0,3,B
210061787050,2,F,2,0,1.0,0,Niterói,581.6,661.9,669.0,466.7,760.0,5,D
210061585033,2,M,1,0,1.0,0,Niterói,463.9,329.8,344.3,368.1,600.0,4,O
210058996041,3,F,3,0,1.0,0,Nova Iguaçu,505.7,436.5,449.4,339.4,520.0,6,A
210061897963,3,M,1,0,1.0,0,Niterói,401.0,528.8,589.1,703.9,840.0,3,N
210058900016,3,F,3,0,1.0,0,Duque de Caxias,524.9,595.1,517.7,598.9,900.0,3,D
210061543257,3,F,1,0,1.0,0,Maricá,542.9,584.1,551.6,516.1,540.0,5,H
210061588921,2,F,1,0,1.0,0,Nilópolis,505.0,595.4,633.1,627.1,780.0,3,G
210061237699,2,F,2,0,1.0,0,Duque de Caxias,462.2,415.1,484.3,419.5,620.0,5,D
210061411209,2,M,2,0,1.0,0,Niterói,487.4,580.2,488.9,644.8,680.0,4,I
210060004787,4,F,3,0,1.0,0,Nova Iguaçu,436.0,471.8,517.9,461.2,280.0,1,B
210061842053,4,M,2,0,1.0,0,Nova Iguaçu,422.7,481.5,478.3,380.4,480.0,5,D
210059603780,3,M,2,0,1.0,0,Duque de Caxias,584.4,597.8,576.1,632.1,300.0,4,E
210059356842,2,F,3,0,1.0,0,São João de Meriti,473.5,593.9,606.4,610.8,900.0,2,B
210061802635,3,F,3,0,1.0,0,Maricá,418.8,450.2,542.1,430.2,560.0,4,F
210061787241,4,M,1,0,1.0,0,Niterói,521.2,588.0,544.4,674.6,720.0,2,C
210061651936,3,F,1,0,1.0,0,Nova Iguaçu,587.2,613.0,613.5,411.7,600.0,5,D
210061434805,2,M,1,0,1.0,0,Nova Iguaçu,462.1,555.9,505.9,592.1,460.0,6,N
210061243776,1,M,1,0,1.0,0,Niterói,543.6,626.8,604.4,655.1,780.0,4,N
210061529940,3,M,3,0,1.0,0,Nova Iguaçu,373.6,493.7,476.8,438.5,520.0,5,B
210061424920,3,M,3,0,1.0,0,São João de Meriti,498.4,650.4,621.2,604.4,560.0,4,F
210061522684,3,F,1,0,1.0,0,Duque de Caxias,518.9,537.5,572.1,540.0,540.0,2,B
210061305403,2,M,3,0,1.0,0,São João de Meriti,596.0,674.2,654.9,779.1,920.0,5,N
210059168489,2,M,1,0,1.0,0,Nova Iguaçu,584.5,505.0,513.6,586.9,320.0,4,D
210061522682,3,F,3,0,1.0,0,Niterói,415.1,526.0,456.3,526.9,700.0,3,B
210061305395,2,M,3,0,1.0,0,Belford Roxo,554.8,539.3,562.0,660.6,400.0,3,C
210061595053,2,F,1,0,1.0,0,Niterói,574.3,589.6,587.9,646.8,920.0,3,O
210061398162,2,F,3,0,1.0,0,Nova Iguaçu,375.4,354.3,366.3,371.6,400.0,4,C
210059716865,3,F,1,0,1.0,0,Nova Iguaçu,525.4,524.6,505.6,575.6,520.0,3,B
210061877728,3,M,1,0,1.0,0,Niterói,438.3,507.6,525.8,525.2,580.0,3,E
210060316215,2,F,1,0,1.0,0,Nova Iguaçu,560.7,559.4,540.3,662.0,780.0,5,D
210061029119,2,M,2,0,1.0,0,Belford Roxo,495.5,484.6,468.1,478.8,560.0,3,C
210061587314,3,M,1,0,1.0,0,Duque de Caxias,470.6,521.9,532.3,570.1,800.0,4,E
210059809187,2,F,1,0,1.0,0,Niterói,544.1,593.4,585.7,636.0,840.0,4,M
210060931823,2,F,3,0,1.0,0,Duque de Caxias,423.3,502.9,494.6,442.7,580.0,3,C
210059132166,2,F,1,0,1.0,0,Niterói,426.1,458.1,545.2,429.9,500.0,5,C
210061991497,3,F,3,0,1.0,0,Maricá,473.6,351.2,544.0,389.0,420.0,4,I
210061657663,4,F,2,0,1.0,0,Duque de Caxias,415.3,342.3,412.1,502.1,520.0,5,B
210061991508,2,F,1,0,1.0,0,Niterói,539.0,592.1,555.4,607.0,820.0,4,Q
210061646334,2,F,3,0,1.0,0,Duque de Caxias,572.6,558.6,610.6,720.0,860.0,4,C
210059083794,4,F,0,0,1.0,0,Niterói,457.6,463.4,494.8,530.4,580.0,4,J
210061409765,2,F,3,0,1.0,0,Nilópolis,472.1,627.5,574.8,475.5,920.0,4,H
210059534206,2,M,3,0,1.0,0,Duque de Caxias,408.7,412.0,529.6,453.7,600.0,3,C
210061612085,3,F,2,0,1.0,0,Duque de Caxias,453.6,418.1,300.4,367.2,360.0,4,D
210060151974,3,M,2,0,1.0,0,Nova Iguaçu,431.6,496.7,520.6,604.8,480.0,3,D
210061560117,2,F,1,0,1.0,0,São João de Meriti,561.8,552.4,565.6,699.5,760.0,4,I
210060025515,2,F,3,0,1.0,0,Nilópolis,543.6,585.4,556.4,631.9,840.0,4,G
210061934677,3,M,1,0,1.0,0,Duque de Caxias,409.9,422.4,394.1,493.0,300.0,3,L
210061849402,3,M,3,0,1.0,0,Belford Roxo,547.6,508.7,524.6,454.0,740.0,6,B
210059544599,2,F,3,0,1.0,0,Duque de Caxias,462.1,488.6,495.5,565.7,380.0,4,G
210059858492,2,M,1,0,1.0,0,Duque de Caxias,580.5,567.0,546.0,598.5,780.0,4,O
210061877243,2,F,3,0,1.0,0,Nova Iguaçu,385.0,553.6,475.9,433.7,460.0,3,D
210061723819,2,M,3,0,1.0,0,Nova Iguaçu,570.1,619.6,568.7,691.6,600.0,4,F
210061749344,2,F,3,0,1.0,0,Niterói,431.4,350.7,443.7,432.2,400.0,5,G
210061631855,3,F,3,0,1.0,0,São João de Meriti,478.2,498.8,563.6,428.6,640.0,3,B
210061676146,2,M,1,0,1.0,0,Niterói,451.2,528.6,543.1,605.5,640.0,4,L
210061388131,3,F,1,0,1.0,0,São João de Meriti,521.4,602.7,560.3,570.7,740.0,4,J
210061538120,2,F,3,0,1.0,0,Niterói,542.6,517.7,532.5,500.6,900.0,3,D
210061847599,2,M,2,0,1.0,0,Duque de Caxias,383.9,474.4,466.2,529.1,460.0,5,C
210061274325,3,M,2,0,1.0,0,São João de Meriti,384.1,408.0,483.1,434.0,480.0,6,B
210061847607,2,F,3,0,1.0,0,Nova Iguaçu,433.9,400.9,443.9,331.3,480.0,4,B
210062014373,2,F,3,0,1.0,0,Duque de Caxias,477.8,519.6,573.6,526.3,760.0,4,J
210062017303,2,M,1,0,1.0,0,Nova Iguaçu,435.3,554.6,589.1,585.7,580.0,4,E
210061703260,2,F,1,0,1.0,0,Nova Iguaçu,502.0,387.5,436.1,531.2,740.0,4,D
210060914112,2,M,3,0,1.0,0,Nova Iguaçu,504.0,539.4,476.7,513.9,640.0,3,B
210061028148,4,F,3,0,1.0,0,Nova Iguaçu,631.6,636.6,585.6,758.2,200.0,3,O
210059390257,2,M,1,0,1.0,0,Duque de Caxias,451.4,529.0,542.1,597.7,640.0,2,G
210060293117,2,F,2,0,1.0,0,Nova Iguaçu,447.5,494.2,531.8,445.2,660.0,4,N
210061337990,4,M,1,0,1.0,0,Duque de Caxias,507.0,328.5,294.9,364.2,360.0,5,C
210061936641,3,F,3,0,1.0,0,Duque de Caxias,421.9,498.7,458.3,401.1,560.0,3,C
210060914126,4,M,1,0,1.0,0,Nova Iguaçu,465.2,359.3,385.6,371.3,300.0,2,A
210059750033,2,F,1,0,1.0,0,Nova Iguaçu,471.4,600.1,525.1,607.2,700.0,5,F
210061731179,2,F,1,0,1.0,0,São João de Meriti,451.6,419.3,455.7,465.8,820.0,2,A
210061585866,2,M,1,0,1.0,0,Nova Iguaçu,441.8,558.8,536.2,366.0,720.0,4,G
210061858285,3,M,1,0,1.0,0,São João de Meriti,427.1,437.4,535.0,553.4,360.0,3,C
210059136568,2,F,3,0,1.0,0,São João de Meriti,490.4,517.4,541.5,647.7,700.0,4,B
210061727260,3,M,1,0,1.0,0,Duque de Caxias,427.7,530.4,497.8,598.7,720.0,4,D
210061858297,3,M,2,0,1.0,0,Belford Roxo,450.0,504.0,440.8,536.9,440.0,3,C
210061452349,2,F,1,0,1.0,0,São João de Meriti,454.1,561.2,593.5,400.4,600.0,3,B
210061512392,2,M,2,0,1.0,0,Belford Roxo,499.3,544.7,557.4,598.6,440.0,4,C
210061116086,3,M,2,0,1.0,0,Duque de Caxias,338.2,507.4,481.7,332.1,440.0,5,B
210061754939,3,F,1,0,1.0,0,Niterói,434.2,491.8,497.5,547.6,680.0,2,D
210060293067,3,M,3,0,1.0,0,Belford Roxo,414.4,358.8,407.9,382.8,480.0,3,K
210061116079,2,M,2,0,1.0,0,Niterói,486.1,440.2,458.1,422.9,540.0,4,G
210061908933,4,F,3,0,1.0,0,Nilópolis,542.8,554.5,496.4,522.9,680.0,3,D
210061703241,3,M,1,0,1.0,0,Duque de Caxias,558.0,620.2,597.6,629.1,880.0,5,D
210061714349,3,M,2,0,1.0,0,Duque de Caxias,472.2,517.3,464.3,571.6,780.0,5,C
210059786367,3,F,1,0,1.0,0,Duque de Caxias,550.4,565.3,541.6,456.0,560.0,4,D
210062034114,2,M,2,0,1.0,0,Duque de Caxias,497.6,391.0,476.7,502.5,480.0,6,B
210061249704,3,F,4,0,1.0,0,Belford Roxo,487.5,401.7,554.4,480.0,800.0,5,B
210061681657,3,F,4,0,1.0,0,Nova Iguaçu,432.6,391.3,484.3,490.0,700.0,3,B
210061814162,3,M,3,0,1.0,0,São João de Meriti,497.5,448.9,445.5,593.9,920.0,3,E
210059876333,2,F,1,0,1.0,0,Niterói,558.1,588.2,501.4,611.0,940.0,3,Q
210061741075,4,M,2,0,1.0,0,Maricá,581.1,664.6,608.0,635.4,840.0,3,D
210060923661,3,F,1,0,1.0,0,Nilópolis,325.3,354.1,419.8,451.2,360.0,5,C
210061751562,3,F,1,0,1.0,0,Duque de Caxias,529.2,578.3,605.0,586.5,700.0,3,E
210061684111,2,M,1,0,1.0,0,Belford Roxo,567.5,574.2,562.3,675.6,640.0,3,G
210061086977,2,F,3,0,1.0,0,Duque de Caxias,492.6,592.8,501.6,485.6,680.0,6,G
210061754395,3,F,1,0,1.0,0,Belford Roxo,349.3,584.3,524.9,447.6,720.0,3,B
210061794209,8,M,2,0,1.0,0,Belford Roxo,424.7,415.2,519.3,456.7,380.0,3,A
210059325800,3,F,3,0,1.0,0,Nilópolis,419.2,499.3,527.6,567.9,480.0,3,B
210061855750,4,M,2,0,1.0,0,Duque de Caxias,470.5,515.4,513.1,561.7,500.0,5,A
210062016773,3,F,2,0,1.0,0,São João de Meriti,450.6,520.0,537.7,531.4,700.0,5,I
210061767450,3,M,2,0,1.0,0,São João de Meriti,534.4,503.7,512.7,533.8,620.0,4,B
210062040854,3,F,1,0,1.0,0,Nova Iguaçu,538.5,555.4,576.7,504.5,560.0,3,J
210059364521,2,M,3,0,1.0,0,São João de Meriti,556.2,673.8,595.9,566.6,720.0,4,I
210062043899,4,F,2,0,1.0,0,Niterói,455.0,498.5,438.3,495.0,440.0,3,B
210061297624,3,F,3,0,1.0,0,Duque de Caxias,473.8,533.8,618.1,476.3,800.0,5,E
210061942761,2,F,3,0,1.0,0,Niterói,388.9,466.7,443.4,425.6,520.0,2,E
210061861382,2,F,3,0,1.0,0,Nilópolis,470.7,605.4,555.8,542.3,840.0,4,K
210061984704,2,M,2,0,1.0,0,Duque de Caxias,537.7,567.5,617.2,554.1,460.0,4,B
210061953072,2,M,2,0,1.0,0,Nova Iguaçu,535.7,458.8,489.0,414.8,520.0,4,B
210061959263,3,F,2,0,1.0,0,Duque de Caxias,452.0,477.8,440.7,361.2,540.0,8,E
210061997758,3,F,3,0,1.0,0,Duque de Caxias,411.0,529.6,578.1,528.1,820.0,5,B
210061342247,2,F,1,0,1.0,0,Nova Iguaçu,486.4,517.1,491.8,408.4,640.0,3,C
210061746037,4,F,3,0,1.0,0,Duque de Caxias,490.1,450.1,505.3,440.0,520.0,4,D
210059909491,2,F,2,0,1.0,0,Nova Iguaçu,335.9,345.5,416.9,424.4,520.0,5,C
210061843989,15,F,3,0,1.0,0,Nova Iguaçu,412.0,452.8,454.8,459.1,340.0,3,C
210061990676,2,M,1,0,1.0,0,Niterói,623.7,662.2,677.6,761.7,920.0,5,D
210062030957,2,F,3,0,1.0,0,Nova Iguaçu,529.7,542.9,563.6,459.6,620.0,3,D
210061758200,3,M,1,0,1.0,0,Niterói,525.2,639.1,631.8,723.7,900.0,4,Q
210061955898,3,M,2,0,1.0,0,Duque de Caxias,439.8,523.6,471.8,362.2,380.0,4,D
210061600404,2,M,3,0,1.0,0,Duque de Caxias,346.0,437.7,413.2,382.6,640.0,2,F
210060806332,3,F,3,0,1.0,0,Nova Iguaçu,399.5,515.5,439.6,453.5,380.0,4,B
210059670361,2,M,1,0,1.0,0,Nova Iguaçu,499.7,639.1,558.6,681.4,760.0,3,P
210061295876,3,F,1,0,1.0,0,Niterói,578.7,603.7,621.8,702.3,600.0,3,P
210061879985,2,M,1,0,1.0,0,Duque de Caxias,534.4,456.6,468.6,505.7,520.0,4,C
210059814756,2,F,1,0,1.0,0,Nilópolis,505.0,537.3,539.8,549.2,520.0,6,B
210061124053,3,M,3,0,1.0,0,Nilópolis,536.1,524.4,511.7,508.9,640.0,5,B
210062013514,2,F,1,0,1.0,0,Maricá,511.5,522.6,623.3,681.7,620.0,3,D
210059138487,3,M,2,0,1.0,0,Niterói,583.9,599.6,567.9,646.9,560.0,2,B
210059724637,3,M,3,0,1.0,0,Nova Iguaçu,505.7,515.7,527.4,635.8,820.0,2,A
210061593945,2,F,1,0,1.0,0,Duque de Caxias,499.1,631.4,595.6,639.8,900.0,2,D
210061565815,2,M,1,0,1.0,0,Nova Iguaçu,613.7,664.2,653.3,701.0,920.0,6,H
210061808921,3,F,1,0,1.0,0,Niterói,549.7,537.1,442.1,530.7,440.0,7,G
210061910782,3,M,1,0,1.0,0,Duque de Caxias,425.9,461.3,394.5,448.3,500.0,3,C
210061689863,2,F,3,0,1.0,0,São João de Meriti,519.5,502.5,517.3,657.8,700.0,5,F
210061755107,3,F,1,0,1.0,0,Duque de Caxias,454.1,416.4,439.8,543.1,540.0,3,B
210061684316,5,F,3,0,1.0,0,Nilópolis,432.3,555.5,478.9,426.8,580.0,3,J
210062019524,3,M,3,0,1.0,0,Belford Roxo,558.0,575.5,592.2,624.5,900.0,3,H
210061287714,3,F,1,0,1.0,0,Niterói,480.2,603.5,579.0,560.5,920.0,3,O
210061728728,2,F,1,0,1.0,0,Duque de Caxias,413.6,546.0,525.8,400.4,600.0,3,B
210061949787,2,M,1,0,1.0,0,Nova Iguaçu,447.6,417.5,506.5,567.4,660.0,3,J
210061178179,3,M,1,0,1.0,0,Duque de Caxias,448.3,501.9,450.6,590.9,400.0,3,K
210059148276,2,F,3,0,1.0,0,Nilópolis,479.9,634.0,563.0,413.9,780.0,5,G
210061605549,2,F,1,0,1.0,0,Niterói,616.7,625.5,571.1,740.2,900.0,4,K
210061018260,2,M,1,0,1.0,0,Nilópolis,435.9,451.0,522.1,498.5,340.0,3,J
210059735084,2,M,1,0,1.0,0,Nova Iguaçu,514.6,582.6,562.0,686.2,580.0,3,D
210061921114,3,M,3,0,1.0,0,Duque de Caxias,443.6,384.7,413.0,340.2,360.0,2,B
210061655633,2,M,3,0,1.0,0,Nova Iguaçu,354.1,524.7,559.6,618.8,520.0,4,C
210059994642,2,F,1,0,1.0,0,Niterói,518.2,484.0,567.5,619.8,520.0,2,D
210059294698,4,F,2,0,1.0,0,Nova Iguaçu,495.4,594.6,624.3,583.4,660.0,2,E
210060842868,3,F,1,0,1.0,0,Duque de Caxias,560.1,618.3,615.6,494.7,860.0,3,F
210059763009,3,M,3,0,1.0,0,Niterói,391.9,578.8,358.5,688.1,800.0,3,F
210061334411,2,F,3,0,1.0,0,São João de Meriti,399.2,394.0,471.2,449.9,440.0,3,C
210058896710,2,F,3,0,1.0,0,Belford Roxo,505.5,526.6,520.6,440.6,540.0,4,B
210059837509,3,F,1,0,1.0,0,Niterói,514.4,450.5,514.3,750.0,960.0,5,Q
210061740843,2,F,3,0,1.0,0,São João de Meriti,374.6,371.0,416.2,406.6,600.0,3,B
210062053816,3,M,3,0,1.0,0,Niterói,483.3,489.3,449.9,435.1,440.0,4,H
210062018377,3,F,1,0,1.0,0,Niterói,479.4,437.1,506.7,456.6,680.0,3,B
210061908749,3,M,1,0,1.0,0,São João de Meriti,428.0,469.7,407.7,565.3,620.0,4,C
210061332667,2,M,2,0,1.0,0,Niterói,474.2,463.3,438.2,476.8,560.0,3,B
210061914774,3,M,1,0,1.0,0,Nilópolis,438.4,558.6,508.8,555.1,520.0,3,G
210061816715,2,M,1,0,1.0,0,Nova Iguaçu,400.3,550.8,567.7,584.8,820.0,3,H
210060239041,4,F,3,0,1.0,0,Nilópolis,384.5,480.3,463.5,539.4,360.0,4,C
210062056749,2,M,1,0,1.0,0,São João de Meriti,527.4,503.6,487.6,493.6,480.0,3,C
210061653040,3,F,3,0,1.0,0,São João de Meriti,536.1,552.4,445.0,498.6,780.0,2,B
210061261259,4,M,1,0,1.0,0,Niterói,406.5,346.9,472.5,492.8,640.0,3,K
210061152706,3,M,3,0,1.0,0,Nova Iguaçu,582.3,584.9,521.2,648.2,540.0,2,E
210061790572,3,M,1,0,1.0,0,São João de Meriti,602.1,559.1,588.2,717.7,580.0,3,E
210061967623,2,F,1,0,1.0,0,Duque de Caxias,466.8,597.5,595.6,574.5,880.0,4,J
210061967656,2,M,3,0,1.0,0,Duque de Caxias,462.0,484.5,446.7,525.7,560.0,4,C
210061222565,3,M,1,0,1.0,0,Duque de Caxias,544.1,522.7,549.5,583.3,520.0,4,D
210060159239,2,M,2,0,1.0,0,Niterói,380.5,313.9,404.0,553.7,800.0,3,C
210062058079,3,F,3,0,1.0,0,Duque de Caxias,423.2,530.2,543.9,479.7,740.0,5,C
210061928899,3,M,3,0,1.0,0,Nova Iguaçu,488.2,454.3,441.9,438.7,480.0,2,D
210062011611,2,M,1,0,1.0,0,Duque de Caxias,435.2,538.0,390.2,522.5,600.0,4,I
210061794228,3,F,3,0,1.0,0,Nova Iguaçu,351.0,484.4,475.7,374.0,500.0,3,J
210061606430,2,M,1,0,1.0,0,São João de Meriti,438.8,572.1,428.1,570.1,520.0,4,P
210061822098,2,M,1,0,1.0,0,Nova Iguaçu,556.2,546.7,532.4,621.6,540.0,4,O
210059068196,3,M,3,0,1.0,0,Maricá,533.9,540.5,524.2,535.6,600.0,4,G
210061791127,3,F,3,0,1.0,0,Nova Iguaçu,409.6,409.2,496.5,437.0,680.0,3,B
210061835967,3,F,1,0,1.0,0,Nova Iguaçu,438.2,547.8,616.4,499.8,680.0,2,B
210061996654,3,F,1,0,1.0,0,Niterói,615.3,536.3,582.4,548.1,800.0,3,E
210061892113,3,M,2,0,1.0,0,Duque de Caxias,488.2,488.7,474.4,565.0,520.0,4,C
210061028340,2,F,3,0,1.0,0,Nova Iguaçu,420.3,520.5,512.4,425.1,360.0,4,B
210061942786,3,M,1,0,1.0,0,Niterói,576.1,656.6,599.3,667.1,360.0,4,Q
210061735637,3,F,1,0,1.0,0,São João de Meriti,588.3,649.7,623.2,791.5,920.0,4,K
210061992488,3,F,3,0,1.0,0,Duque de Caxias,446.7,337.3,474.4,413.8,600.0,3,K
210060883199,2,F,1,0,1.0,0,São João de Meriti,465.9,566.8,564.6,502.4,540.0,3,C
210061741890,3,F,2,0,1.0,0,Nova Iguaçu,528.9,601.4,613.0,626.3,700.0,3,B
210061947858,3,F,1,0,1.0,0,Nova Iguaçu,487.0,516.7,519.5,447.9,720.0,4,C
210059315492,2,M,1,0,1.0,0,São João de Meriti,451.6,544.2,525.5,563.9,760.0,3,C
210061781207,2,M,1,0,1.0,0,Duque de Caxias,552.9,522.1,417.7,461.1,680.0,4,L
210060914307,3,M,3,0,1.0,0,Niterói,579.5,604.9,647.4,649.2,700.0,4,M
210061766498,3,M,1,0,1.0,0,Maricá,537.1,609.1,569.2,617.2,520.0,2,B
210061588356,3,F,3,0,1.0,0,Belford Roxo,442.5,497.9,358.6,456.9,860.0,2,B
210061309424,3,M,2,0,1.0,0,Niterói,445.1,479.8,525.9,427.5,480.0,5,A
210062055119,2,F,1,0,1.0,0,Maricá,585.2,658.5,557.5,653.7,740.0,3,C
210061802730,2,M,2,0,1.0,0,Duque de Caxias,533.3,533.8,586.6,512.8,800.0,4,J
210061989262,4,M,1,0,1.0,0,Duque de Caxias,384.3,358.1,440.3,334.0,520.0,3,K
210061507227,3,F,1,0,1.0,0,Maricá,546.6,591.6,553.3,679.4,760.0,4,D
210061780952,3,F,1,0,1.0,0,Duque de Caxias,518.0,585.2,522.1,493.0,860.0,3,E
210061459640,2,M,0,0,1.0,0,Nilópolis,605.7,570.2,507.5,591.1,320.0,4,D
210061660281,2,F,1,0,1.0,0,Nova Iguaçu,556.0,648.1,607.9,695.3,900.0,3,G
210062061033,2,F,1,0,1.0,0,Nova Iguaçu,541.5,512.3,452.0,437.6,560.0,3,F
210061090894,2,F,2,0,1.0,0,São João de Meriti,435.4,522.3,501.8,430.4,460.0,6,C
210062025695,2,M,3,0,1.0,0,São João de Meriti,425.0,444.8,339.1,415.6,560.0,4,B
210061731968,3,M,1,0,1.0,0,Duque de Caxias,573.7,680.4,597.4,697.2,800.0,3,H
210061251058,3,M,1,0,1.0,0,Nilópolis,418.0,523.3,515.1,409.7,540.0,3,C
210061630936,2,M,3,0,1.0,0,Niterói,440.4,392.0,513.4,420.9,280.0,4,F
210061432434,2,F,1,0,1.0,0,Nova Iguaçu,593.2,651.3,598.2,662.7,940.0,6,H
210061737506,3,F,1,0,1.0,0,Nova Iguaçu,507.4,624.7,597.1,685.7,940.0,3,G
210060991529,3,M,1,0,1.0,0,Niterói,547.0,593.8,543.8,594.0,800.0,4,H
210061716170,3,M,3,0,1.0,0,Duque de Caxias,450.9,533.7,557.8,533.3,620.0,4,B
210061774024,2,M,1,0,1.0,0,Niterói,449.7,484.0,487.0,558.9,680.0,3,E
210061671188,2,M,1,0,1.0,0,Belford Roxo,422.1,420.0,420.0,343.5,600.0,2,C
210061758923,4,M,2,0,1.0,0,Maricá,460.4,458.7,415.4,465.8,400.0,4,K
210062025708,5,M,3,0,1.0,0,Nova Iguaçu,379.6,438.3,498.7,411.5,640.0,3,B
210059703810,2,F,3,0,1.0,0,Duque de Caxias,498.4,492.7,492.8,423.6,600.0,4,B
210062004714,2,F,2,0,1.0,0,Duque de Caxias,394.9,481.4,521.2,401.0,480.0,3,B
210059482749,4,F,1,0,1.0,0,Niterói,536.3,597.1,557.0,681.7,880.0,5,Q
210061937915,4,M,3,0,1.0,0,Niterói,548.4,610.9,518.5,436.3,620.0,4,C
210061891881,3,M,2,0,1.0,0,São João de Meriti,478.9,531.5,525.9,621.4,800.0,3,C
210061970860,3,M,1,0,1.0,0,Maricá,471.8,551.1,524.7,552.0,520.0,5,B
210059860859,2,M,3,0,1.0,0,Duque de Caxias,439.0,523.5,530.0,711.8,920.0,3,I
210061378768,3,M,3,0,1.0,0,Nova Iguaçu,487.4,324.7,499.9,478.7,560.0,3,D
210061666298,3,M,1,0,1.0,0,Maricá,572.5,597.1,586.5,706.4,820.0,4,C
210061195671,4,M,1,0,1.0,0,Niterói,555.7,599.0,588.2,704.8,860.0,3,P
210061195672,2,F,1,0,1.0,0,Duque de Caxias,568.3,662.0,651.2,623.2,860.0,4,G
210061853513,2,M,3,0,1.0,0,Belford Roxo,513.2,598.2,600.3,483.6,680.0,3,C
210059636956,3,M,3,0,1.0,0,Duque de Caxias,418.7,388.4,460.7,388.7,620.0,4,D
210059343901,2,F,1,0,1.0,0,São João de Meriti,704.0,696.9,645.1,809.9,900.0,4,C
210059060929,2,M,1,0,1.0,0,São João de Meriti,445.5,599.3,586.1,501.8,660.0,4,Q
210059837866,2,F,1,0,1.0,0,Nova Iguaçu,568.7,578.0,574.7,663.5,880.0,3,E
210061770111,2,F,3,0,1.0,0,Nova Iguaçu,669.8,661.4,662.4,791.6,940.0,3,F
210062008407,2,F,1,0,1.0,0,Nova Iguaçu,416.5,521.0,542.3,484.2,480.0,3,G
210061854650,2,F,3,0,1.0,0,Duque de Caxias,464.2,511.7,513.9,356.4,700.0,3,D
210061974858,3,M,3,0,1.0,0,Nova Iguaçu,460.5,621.3,587.4,389.5,600.0,4,O
210059647469,3,M,2,0,1.0,0,Duque de Caxias,463.3,346.2,298.8,573.3,580.0,2,B
210061631922,3,F,1,0,1.0,0,Nova Iguaçu,579.4,627.5,611.8,726.2,760.0,5,G
210061453729,2,F,1,0,1.0,0,Nova Iguaçu,463.9,429.4,475.2,359.5,460.0,4,B
210060815737,2,F,1,0,1.0,0,Nova Iguaçu,505.8,547.1,480.5,392.2,600.0,3,K
210061355509,2,F,1,0,1.0,0,São João de Meriti,389.4,368.0,453.0,467.0,360.0,6,D
210060198239,3,M,0,0,1.0,0,Duque de Caxias,455.2,514.7,539.4,443.2,600.0,3,B
210061901874,2,F,2,0,1.0,0,Nilópolis,463.9,407.0,528.5,431.1,380.0,4,C
210061173944,4,M,3,0,1.0,0,Maricá,425.2,524.5,399.7,388.4,480.0,4,B
210061378748,4,F,4,0,1.0,0,Niterói,539.2,570.9,475.5,741.9,900.0,4,F
210061643738,3,F,1,0,1.0,0,Niterói,558.2,592.9,541.4,579.5,900.0,4,F
210061788709,3,F,1,0,1.0,0,Nova Iguaçu,450.5,396.3,516.6,446.5,620.0,5,A
210061536612,2,M,3,0,1.0,0,São João de Meriti,581.9,572.2,438.2,460.9,480.0,3,F
210061760715,3,F,3,0,1.0,0,Nova Iguaçu,427.3,366.0,427.2,383.4,320.0,2,C
210061523407,3,F,1,0,1.0,0,Niterói,443.8,460.8,526.4,618.5,600.0,3,D
210061931651,3,M,3,0,1.0,0,Maricá,606.9,603.1,556.9,747.7,940.0,5,H
210061976610,3,F,3,0,1.0,0,Nilópolis,488.0,500.9,460.0,362.6,260.0,5,A
210059382434,2,F,3,0,1.0,0,Nova Iguaçu,428.3,456.9,448.0,470.9,400.0,5,J
210061037368,3,M,3,0,1.0,0,Nilópolis,469.8,603.6,553.9,564.9,660.0,5,F
210061700031,5,M,2,0,1.0,0,Nilópolis,580.0,602.0,606.6,755.3,700.0,3,C
210061741165,3,F,3,0,1.0,0,Nova Iguaçu,486.5,476.5,495.5,383.7,780.0,5,C
210061987840,2,F,1,0,1.0,0,Nova Iguaçu,332.3,476.5,300.3,504.3,520.0,4,K
210061700026,5,F,1,0,1.0,0,Nova Iguaçu,414.0,367.0,331.0,583.5,460.0,3,B
210061861531,3,F,1,0,1.0,0,Niterói,682.6,705.5,593.7,823.5,960.0,3,N
210061953181,2,F,1,0,1.0,0,São João de Meriti,501.7,513.1,566.8,493.3,520.0,3,B
210059675464,2,M,2,0,1.0,0,Belford Roxo,493.1,555.6,511.2,512.3,620.0,4,B
210061987824,3,F,1,0,1.0,0,Niterói,564.0,531.6,605.6,589.5,840.0,5,D
210061767379,4,M,2,0,1.0,0,Nova Iguaçu,500.9,500.7,464.6,480.6,500.0,2,C
210059256466,2,M,3,0,1.0,0,São João de Meriti,565.1,578.5,509.3,780.6,640.0,3,D
210059860896,3,F,3,0,1.0,0,Belford Roxo,490.1,532.9,547.5,566.2,640.0,3,C
210062004475,2,F,3,0,1.0,0,Maricá,437.9,420.1,434.8,349.5,320.0,5,D
210060280157,2,F,3,0,1.0,0,São João de Meriti,386.7,466.7,415.2,478.5,500.0,3,B
210061361205,3,F,2,0,1.0,0,Nova Iguaçu,517.3,495.1,551.4,508.2,660.0,4,D
210059837555,3,M,2,0,1.0,0,Maricá,530.6,337.1,592.1,503.5,720.0,5,G
210061942575,2,M,3,0,1.0,0,Duque de Caxias,538.2,550.8,562.4,643.7,800.0,3,C
210060290590,2,M,1,0,1.0,0,Duque de Caxias,526.8,545.2,567.5,599.5,800.0,4,H
210061838128,1,M,3,0,1.0,0,Niterói,451.5,409.2,484.3,603.4,720.0,4,H
210061784279,2,M,1,0,1.0,0,Maricá,609.2,639.2,620.1,726.1,680.0,4,H
210060906279,2,F,3,0,1.0,0,Niterói,393.1,354.2,467.2,425.2,460.0,6,C
210061687189,4,M,2,0,1.0,0,Duque de Caxias,403.7,398.7,569.7,345.1,580.0,3,C
210061801277,5,M,1,0,1.0,0,Belford Roxo,486.0,535.4,468.1,450.6,600.0,4,D
210061261297,2,F,1,0,1.0,0,Nova Iguaçu,503.6,584.9,563.1,625.9,560.0,4,B
210061843642,2,M,3,0,1.0,0,Nilópolis,472.3,480.2,481.8,594.5,700.0,4,H
210061693830,2,F,1,0,1.0,0,Maricá,420.1,479.6,497.9,470.5,920.0,3,B
210061746112,4,F,3,0,1.0,0,Nova Iguaçu,454.7,428.7,363.5,363.9,920.0,4,B
210059618993,3,M,1,0,1.0,0,Niterói,443.7,505.6,526.1,541.0,360.0,4,G
210061588546,3,F,1,0,1.0,0,São João de Meriti,412.0,551.7,573.2,568.8,800.0,5,C
210061398051,2,M,3,0,1.0,0,Nilópolis,610.6,585.9,609.0,745.2,840.0,5,J
210061912101,2,M,1,0,1.0,0,Duque de Caxias,501.0,543.7,589.5,474.6,520.0,4,K
210061746119,3,M,1,0,1.0,0,Duque de Caxias,494.6,535.2,564.8,660.4,740.0,2,M
210062040951,3,F,3,0,1.0,0,Maricá,454.4,490.5,462.1,418.4,620.0,4,B
210062019847,4,M,2,0,1.0,0,Duque de Caxias,390.5,377.8,479.0,339.0,680.0,3,B
210059114434,2,F,1,0,1.0,0,Duque de Caxias,459.1,547.9,555.7,601.0,460.0,5,M
210062006882,3,M,1,0,1.0,0,Duque de Caxias,486.9,492.9,521.1,588.1,600.0,4,I
210061446080,2,F,3,0,1.0,0,Nova Iguaçu,564.8,619.9,599.1,567.9,660.0,4,H
210061756941,2,M,3,0,1.0,0,Nilópolis,550.6,496.1,492.6,652.6,660.0,2,E
210061949014,3,M,1,0,1.0,0,São João de Meriti,496.3,484.7,436.1,574.3,520.0,3,B
210061791224,2,F,3,0,1.0,0,Nova Iguaçu,459.8,588.7,528.1,529.1,560.0,4,A
210059984318,3,M,3,0,1.0,0,Duque de Caxias,584.3,601.9,590.8,486.1,680.0,3,B
210061756937,3,F,1,0,1.0,0,Niterói,576.5,493.8,613.3,561.2,560.0,4,J
210061550538,2,M,2,0,1.0,0,Nova Iguaçu,574.6,554.9,556.7,539.9,860.0,3,C
210059752650,4,F,1,0,1.0,0,Nova Iguaçu,410.8,505.5,489.3,498.4,540.0,5,C
210059207622,4,M,2,0,1.0,0,Duque de Caxias,506.0,521.1,586.9,529.9,560.0,4,M
210059675474,4,M,1,0,1.0,0,Niterói,436.9,480.4,512.4,551.5,420.0,10,C
210061865937,3,M,1,0,1.0,0,Belford Roxo,470.7,469.5,521.3,556.2,600.0,4,F
210061977343,2,M,3,0,1.0,0,Duque de Caxias,543.0,568.9,541.6,633.0,760.0,4,F
210061718819,2,M,1,0,1.0,0,Nova Iguaçu,546.5,570.8,510.8,630.1,540.0,3,J
210059366618,3,F,2,0,1.0,0,Niterói,551.9,652.4,617.9,541.1,580.0,3,B
210060216185,1,F,4,0,1.0,0,Nova Iguaçu,510.2,560.3,525.9,494.6,800.0,4,D
210061956275,3,F,4,0,1.0,0,Duque de Caxias,463.9,521.7,616.3,496.4,680.0,2,B
210061724912,2,F,1,0,1.0,0,Duque de Caxias,611.6,499.0,523.0,692.6,560.0,3,H
210059899557,2,F,3,0,1.0,0,Nilópolis,404.8,329.3,476.7,374.2,380.0,4,B
210061289951,2,M,3,0,1.0,0,Maricá,513.2,654.1,565.3,704.4,540.0,3,F
210060038680,2,F,1,0,1.0,0,Niterói,634.0,738.0,661.4,761.9,880.0,3,J
210061959400,2,F,5,0,1.0,0,São João de Meriti,448.7,527.1,515.3,456.2,740.0,2,D
210061731520,3,M,3,0,1.0,0,Duque de Caxias,364.0,412.2,463.6,469.5,340.0,4,A
210062018808,3,M,3,0,1.0,0,Nova Iguaçu,508.3,609.9,582.4,573.6,840.0,3,D
210061326272,3,M,3,0,1.0,0,Duque de Caxias,536.0,588.6,571.3,520.9,640.0,2,H
210060790639,4,F,1,0,1.0,0,Nova Iguaçu,480.6,497.5,423.1,358.8,260.0,3,B
210061785060,4,F,2,0,1.0,0,Nova Iguaçu,455.4,367.4,305.0,377.4,440.0,5,D
210061773753,4,F,1,0,1.0,0,Duque de Caxias,465.1,579.5,544.5,424.0,580.0,2,B
210062060033,2,F,1,0,1.0,0,Nova Iguaçu,543.1,458.7,553.3,406.9,620.0,4,G
210061064339,3,M,1,0,1.0,0,Maricá,497.2,446.0,478.7,618.5,900.0,4,E
210059729687,3,F,1,0,1.0,0,Niterói,486.1,614.1,572.1,620.7,740.0,3,F
210059740161,4,M,3,0,1.0,0,Duque de Caxias,431.6,378.2,398.6,375.3,520.0,3,C
210061720777,3,M,1,0,1.0,0,Maricá,381.8,427.4,472.4,461.0,440.0,3,C
210061814360,3,F,3,0,1.0,0,Nilópolis,453.0,511.5,442.8,411.2,520.0,3,E
210059068595,4,F,3,0,1.0,0,Nova Iguaçu,411.9,499.6,495.2,332.0,400.0,3,B
210061999751,3,M,1,0,1.0,0,Nilópolis,562.7,638.8,558.4,732.5,500.0,4,J
210061924303,4,M,3,0,1.0,0,Nova Iguaçu,537.9,539.1,540.7,406.1,520.0,4,C
210062018825,3,M,3,0,1.0,0,Nova Iguaçu,546.2,517.6,554.8,488.2,520.0,6,C
210059063349,2,F,1,0,1.0,0,Niterói,414.6,403.8,560.8,724.4,480.0,4,Q
210061603915,4,F,1,0,1.0,0,Nova Iguaçu,449.8,504.5,594.6,479.5,660.0,4,J
210061251130,2,M,3,0,1.0,0,Duque de Caxias,505.0,609.4,506.6,703.0,640.0,3,I
210061129687,2,M,1,0,1.0,0,Niterói,458.0,496.0,510.4,663.6,500.0,5,G
210061639738,3,F,2,0,1.0,0,São João de Meriti,533.2,544.4,517.9,636.0,700.0,4,I
210061825974,4,M,1,0,1.0,0,Niterói,451.9,430.6,412.6,421.3,500.0,4,I
210061762083,3,M,1,0,1.0,0,Niterói,578.6,602.6,579.2,644.7,760.0,4,F
210061758982,3,F,1,0,1.0,0,Nova Iguaçu,511.8,573.4,534.6,448.9,460.0,5,H
210059323116,2,M,3,0,1.0,0,Nova Iguaçu,490.7,571.8,551.3,665.7,640.0,2,D
210061766919,3,F,1,0,1.0,0,Duque de Caxias,453.3,500.2,520.9,409.7,500.0,4,G
210061251125,3,M,2,0,1.0,0,Nova Iguaçu,464.7,577.5,564.3,643.8,480.0,4,C
210061878632,3,M,3,0,1.0,0,Duque de Caxias,623.3,554.6,471.6,630.8,940.0,6,I
210061027825,2,M,1,0,1.0,0,Duque de Caxias,447.5,452.5,442.1,504.9,320.0,3,C
210061444459,3,F,3,0,1.0,0,Duque de Caxias,418.6,464.6,524.3,533.5,880.0,3,C
210061351758,4,M,2,0,1.0,0,São João de Meriti,343.8,354.9,333.5,363.6,440.0,3,F
210060177108,3,F,3,0,1.0,0,Nilópolis,550.6,493.6,525.5,472.3,620.0,6,G
210061124270,3,M,3,0,1.0,0,Duque de Caxias,467.8,492.1,415.3,747.0,840.0,4,H
210062056781,2,M,3,0,1.0,0,Nova Iguaçu,375.2,406.4,354.9,431.7,300.0,4,C
210061778004,5,F,3,0,1.0,0,Duque de Caxias,326.6,453.2,408.0,388.5,480.0,5,B
210060858594,3,F,1,0,1.0,0,Duque de Caxias,472.8,445.7,407.5,540.6,740.0,3,B
210061801055,2,F,1,0,1.0,0,Nova Iguaçu,442.8,454.9,436.9,433.4,860.0,3,K
210061959100,3,F,1,0,1.0,0,Duque de Caxias,520.3,534.1,580.5,524.9,760.0,4,C
210061683748,2,M,1,0,1.0,0,Nova Iguaçu,586.7,513.4,600.4,435.6,560.0,4,H
210061752690,3,F,1,0,1.0,0,Nova Iguaçu,493.1,548.5,561.8,592.5,580.0,3,N
210061580806,6,F,2,0,1.0,0,Duque de Caxias,399.2,438.1,410.0,356.9,360.0,3,A
210059104577,2,F,1,0,1.0,0,Niterói,559.0,506.0,526.6,445.0,700.0,2,G
210059825179,2,F,1,0,1.0,0,Maricá,461.9,515.3,579.0,530.0,920.0,4,F
210062056821,3,M,1,0,1.0,0,Nova Iguaçu,389.6,439.4,396.0,628.9,320.0,2,C
210062059725,3,M,1,0,1.0,0,Duque de Caxias,461.8,532.3,479.2,582.0,460.0,4,G
210059107282,3,F,1,0,1.0,0,Niterói,470.8,484.4,502.6,520.2,720.0,4,G
210061999495,3,M,3,0,1.0,0,Duque de Caxias,565.1,493.5,538.8,636.5,660.0,3,B
210061720507,2,M,1,0,1.0,0,Niterói,598.6,496.8,448.1,643.5,760.0,4,H
210061965347,3,M,3,0,1.0,0,Niterói,414.3,439.1,373.7,572.5,460.0,4,D
210062049834,3,M,2,0,1.0,0,Nova Iguaçu,355.5,482.4,541.9,592.1,560.0,4,F
210062052862,2,M,1,0,1.0,0,Nilópolis,532.3,513.0,542.7,459.8,600.0,3,I
210058930777,3,F,3,0,1.0,0,Duque de Caxias,481.5,506.9,551.7,549.5,700.0,3,B
210061714695,4,F,3,0,1.0,0,Nilópolis,534.7,497.8,534.2,543.7,640.0,5,G
210061942967,2,F,1,0,1.0,0,Maricá,432.3,537.2,488.8,375.1,640.0,3,D
210061743781,3,M,3,0,1.0,0,São João de Meriti,464.4,611.6,548.1,623.9,560.0,4,C
210061681388,3,F,3,0,1.0,0,Maricá,486.3,500.2,563.8,402.0,640.0,4,K
210061708397,3,F,2,0,1.0,0,Duque de Caxias,545.9,552.0,612.4,548.3,680.0,5,B
210059408261,3,F,3,0,1.0,0,Belford Roxo,419.5,411.1,524.1,418.0,680.0,4,C
210061339917,2,M,1,0,1.0,0,Niterói,556.9,594.8,578.1,701.9,740.0,5,N
210059593058,2,M,1,0,1.0,0,Duque de Caxias,515.2,531.3,580.0,621.6,580.0,5,H
210059408260,2,M,2,0,1.0,0,Nilópolis,494.3,532.8,512.9,585.4,460.0,5,L
210061549365,5,F,1,0,1.0,0,Duque de Caxias,502.8,576.0,563.9,651.7,720.0,4,G
210061764546,4,M,1,0,1.0,0,Duque de Caxias,602.6,568.9,574.9,674.4,680.0,4,L
210061728883,4,F,1,0,1.0,0,Niterói,494.9,537.8,532.8,463.4,700.0,6,B
210061897877,2,F,1,0,1.0,0,Duque de Caxias,495.0,567.5,477.9,528.7,580.0,3,F
210061339937,3,M,1,0,1.0,0,Niterói,602.2,602.5,645.5,725.8,920.0,3,Q
210061853560,3,F,2,0,1.0,0,Nova Iguaçu,528.3,495.9,578.1,486.5,600.0,4,D
210061648247,2,M,1,0,1.0,0,Duque de Caxias,590.0,582.8,544.2,679.3,880.0,4,N
210061881670,3,M,1,0,1.0,0,Nova Iguaçu,517.5,565.0,578.8,713.6,680.0,4,G
210061137742,3,M,1,0,1.0,0,Maricá,604.8,673.2,651.4,651.4,840.0,5,D
210061887660,2,F,3,0,1.0,0,Nova Iguaçu,389.7,374.0,351.0,485.3,700.0,3,E
210059323136,3,F,1,0,1.0,0,Nova Iguaçu,449.4,325.5,410.6,531.1,580.0,5,A
210060221384,2,M,2,0,1.0,0,Duque de Caxias,606.2,603.2,651.9,675.2,740.0,5,K
210060835143,2,M,1,0,1.0,0,Nova Iguaçu,349.3,376.6,474.4,584.4,320.0,3,B
210059472502,2,M,2,0,1.0,0,Niterói,613.8,570.5,536.2,623.1,800.0,2,F
210061582280,3,M,1,0,1.0,0,Nova Iguaçu,581.3,530.0,578.8,469.4,500.0,4,B
210061108777,4,F,2,0,1.0,0,Duque de Caxias,502.8,586.0,519.8,510.9,580.0,4,C
210060915905,2,F,3,0,1.0,0,Nova Iguaçu,521.3,507.6,546.3,628.2,600.0,4,D
210062012962,3,F,1,0,1.0,0,São João de Meriti,501.3,578.9,544.5,648.8,720.0,4,C
210061263155,3,F,1,0,1.0,0,Niterói,467.5,607.1,568.8,590.2,620.0,2,F
210060989752,3,M,1,0,1.0,0,Niterói,613.7,569.9,580.4,773.6,680.0,4,J
210061761733,5,F,3,0,1.0,0,Nova Iguaçu,463.3,392.4,463.0,546.7,340.0,7,E
210061755556,3,M,3,0,1.0,0,Nova Iguaçu,406.2,510.9,520.6,368.3,380.0,6,I
210061947069,2,F,1,0,1.0,0,Nilópolis,589.6,557.2,581.3,542.0,740.0,3,D
210061631555,8,F,1,0,1.0,0,Nova Iguaçu,499.3,527.9,468.7,632.3,940.0,2,F
210061919024,2,M,1,0,1.0,0,Nova Iguaçu,526.7,587.0,565.6,736.4,660.0,4,M
210061761719,3,M,2,0,1.0,0,Nova Iguaçu,458.7,454.1,428.3,411.7,240.0,5,B
210061755563,3,M,1,0,1.0,0,Niterói,420.0,478.7,404.6,422.3,520.0,4,F
210061492833,3,F,2,0,1.0,0,Maricá,571.9,682.8,634.0,677.6,720.0,4,F
210060313913,3,F,2,0,1.0,0,Duque de Caxias,549.0,597.8,591.6,506.7,680.0,4,B
210061195415,3,M,2,0,1.0,0,Niterói,595.0,519.0,524.2,684.2,740.0,4,B
210061773494,2,M,3,0,1.0,0,Nova Iguaçu,488.9,482.8,565.4,408.7,640.0,2,C
210061746193,3,F,3,0,1.0,0,Nova Iguaçu,554.2,633.7,591.3,630.7,860.0,2,C
210061162530,3,M,1,0,1.0,0,Niterói,620.8,653.6,564.2,770.5,720.0,3,P
210061297887,2,M,2,0,1.0,0,Niterói,489.7,545.7,454.1,721.4,920.0,3,C
210062021883,3,M,3,0,1.0,0,Duque de Caxias,438.2,344.8,460.4,509.6,380.0,4,B
210061987867,3,M,1,0,1.0,0,Duque de Caxias,375.4,540.5,528.4,485.3,460.0,2,C
210061634390,2,F,1,0,1.0,0,Nova Iguaçu,473.4,468.7,507.0,435.0,620.0,3,H
210062024878,2,F,3,0,1.0,0,Nova Iguaçu,509.8,431.4,494.5,439.6,620.0,5,B
210062024858,4,M,1,0,1.0,0,Niterói,503.1,540.9,499.2,442.9,440.0,4,B
210061310962,3,M,1,0,1.0,0,Belford Roxo,497.1,579.9,509.9,592.8,560.0,4,A
210061715193,3,M,1,0,1.0,0,Niterói,483.1,332.4,397.0,344.7,580.0,3,G
210060976158,15,F,4,0,1.0,0,Nilópolis,477.0,413.8,474.6,397.3,420.0,2,E
210060894930,3,M,1,0,1.0,0,Nova Iguaçu,439.1,531.5,464.8,424.1,680.0,4,E
210061715206,3,F,3,0,1.0,0,Duque de Caxias,412.3,494.0,499.8,554.0,740.0,3,C
210062058228,2,M,2,0,1.0,0,Maricá,555.6,582.5,544.8,768.5,760.0,4,N
210061680925,3,F,1,0,1.0,0,São João de Meriti,351.6,332.9,394.2,382.6,560.0,3,B
210062026959,3,F,2,0,1.0,0,São João de Meriti,435.2,504.4,466.8,509.6,780.0,3,B
210061846085,3,M,3,0,1.0,0,Nilópolis,547.6,608.6,625.4,634.2,840.0,3,E
210061997577,3,M,1,0,1.0,0,Niterói,521.9,573.7,508.1,614.7,720.0,4,G
210062000568,2,F,3,0,1.0,0,São João de Meriti,452.4,483.4,363.6,430.0,640.0,4,D
210061751711,3,F,1,0,1.0,0,Nova Iguaçu,430.7,331.5,471.6,438.6,520.0,5,D
210061790797,3,M,3,0,1.0,0,Belford Roxo,404.0,442.2,447.8,418.1,340.0,5,B
210061919892,1,M,3,0,2.0,0,Duque de Caxias,568.0,578.2,589.8,711.7,740.0,4,G
210059760501,3,M,1,0,1.0,0,Niterói,543.1,525.7,538.4,569.2,480.0,2,G
210061769361,3,F,1,0,1.0,0,Nova Iguaçu,467.8,497.2,532.0,391.3,440.0,2,B
210061722632,2,F,1,0,1.0,0,Nilópolis,490.5,529.8,499.4,560.8,780.0,3,C
210059160937,3,M,2,0,1.0,0,Nova Iguaçu,439.2,515.4,552.7,726.3,620.0,3,D
210061659363,3,F,3,0,1.0,0,Niterói,471.5,482.8,415.0,331.8,540.0,6,B
210061243647,2,F,3,0,1.0,0,Nova Iguaçu,340.5,467.0,475.6,439.3,520.0,4,E
210061706079,3,F,1,0,1.0,0,Niterói,567.2,596.2,593.3,589.0,780.0,2,D
210061725672,2,F,2,0,1.0,0,São João de Meriti,525.2,490.9,534.9,483.4,680.0,4,C
210061925923,3,M,3,0,1.0,0,Niterói,485.2,456.5,487.7,555.3,540.0,5,B
210061272329,5,M,3,0,1.0,0,Nova Iguaçu,482.2,407.1,363.6,399.8,260.0,3,B
210062028593,2,M,3,0,1.0,0,Nova Iguaçu,475.7,540.6,569.5,550.0,600.0,3,G
210061925909,3,M,2,0,1.0,0,Nova Iguaçu,473.1,550.2,514.2,524.9,800.0,6,E
210061290119,4,F,1,0,1.0,0,Nova Iguaçu,518.1,537.0,469.9,436.8,500.0,11,B
210061486411,2,M,2,0,1.0,0,Nova Iguaçu,557.8,658.5,630.7,684.5,700.0,4,F
210061938743,4,M,1,0,1.0,0,Duque de Caxias,631.0,581.0,647.8,696.7,780.0,3,H
210061636785,4,M,0,0,1.0,0,Duque de Caxias,347.1,425.0,382.8,345.2,360.0,4,C
210061046896,2,M,1,0,1.0,0,Niterói,567.7,584.5,519.6,752.7,840.0,3,F
210061630580,3,M,1,0,1.0,0,Niterói,506.8,572.8,603.5,400.7,560.0,3,B
210061965704,2,F,1,0,1.0,0,Nova Iguaçu,445.5,620.5,581.0,695.3,820.0,3,E
210062048990,3,F,3,0,1.0,0,Nova Iguaçu,390.5,490.5,348.5,412.2,400.0,4,B
210061642088,3,F,3,0,1.0,0,Belford Roxo,437.8,408.3,428.4,590.0,480.0,2,B
210059593220,3,F,1,0,1.0,0,Nova Iguaçu,323.7,337.5,388.6,377.4,520.0,2,B
210061836594,2,M,3,0,1.0,0,Nova Iguaçu,451.4,389.5,405.6,334.1,440.0,4,B
210060303329,3,F,2,0,1.0,0,Duque de Caxias,505.9,540.0,522.5,509.7,840.0,2,B
210061878681,3,M,2,0,1.0,0,Niterói,531.6,501.9,517.6,498.4,580.0,2,B
210061744247,3,M,1,0,1.0,0,Niterói,536.6,578.5,575.5,330.9,320.0,5,C
210061678805,2,F,3,0,1.0,0,Niterói,504.4,584.8,524.4,610.5,780.0,4,B
210061867945,3,M,3,0,1.0,0,Duque de Caxias,394.3,533.2,461.6,494.2,600.0,4,I
210061750575,3,F,1,0,1.0,0,Belford Roxo,381.5,501.9,503.3,452.4,660.0,4,Q
210061838488,3,M,3,0,1.0,0,Nova Iguaçu,572.3,492.9,476.3,542.1,480.0,4,H
210061344137,3,F,3,0,1.0,0,Duque de Caxias,417.7,403.5,414.8,393.9,580.0,3,E
210061153168,5,F,1,0,1.0,0,Duque de Caxias,421.1,505.3,519.0,507.8,740.0,2,B
210061878699,3,M,1,0,1.0,0,São João de Meriti,456.2,496.4,476.8,386.9,480.0,2,C
210059742317,2,M,3,0,1.0,0,Nova Iguaçu,461.2,392.2,439.3,489.9,520.0,6,C
210061873467,3,F,4,0,1.0,0,Nova Iguaçu,448.0,471.2,487.7,467.0,480.0,3,D
210061992637,3,F,3,0,1.0,0,Maricá,540.1,499.2,468.6,577.6,600.0,8,A
210061938767,3,M,3,0,1.0,0,Niterói,517.4,546.9,559.8,651.9,360.0,3,E
210061842271,3,M,1,0,1.0,0,Niterói,420.9,383.0,457.0,437.9,540.0,3,F
210061971996,3,F,3,0,1.0,0,Duque de Caxias,390.0,386.5,390.0,474.6,560.0,2,B
210061775842,3,M,2,0,1.0,0,Nova Iguaçu,539.3,603.7,597.9,678.5,640.0,3,F
210059176744,3,M,1,0,1.0,0,Niterói,630.5,590.3,545.0,648.9,620.0,3,I
210061995650,2,F,2,0,1.0,0,Nova Iguaçu,487.3,409.6,589.7,510.6,580.0,2,C
210061856234,4,F,2,0,1.0,0,Duque de Caxias,351.8,397.6,421.4,363.2,540.0,3,D
210059199440,2,M,1,0,1.0,0,Maricá,482.8,503.5,528.5,516.9,380.0,3,G
210061775371,3,M,3,0,1.0,0,Belford Roxo,563.7,565.4,584.1,750.3,560.0,4,G
210061687513,3,M,1,0,1.0,0,Nova Iguaçu,458.3,321.4,331.0,360.9,300.0,3,Q
210060950682,2,M,1,0,1.0,0,Maricá,572.9,474.3,481.8,593.6,680.0,4,G
210061788797,2,M,0,0,1.0,0,Nova Iguaçu,375.0,536.3,504.0,559.1,560.0,3,G
210062060896,3,M,1,0,1.0,0,Maricá,520.0,528.2,521.0,542.6,860.0,2,K
210061997621,3,F,3,0,1.0,0,Belford Roxo,476.4,612.6,529.5,608.7,840.0,2,C
210061887747,2,F,1,0,1.0,0,Nova Iguaçu,401.2,385.5,462.6,483.8,540.0,2,B
210062017458,2,M,1,0,1.0,0,Nilópolis,471.7,503.1,483.2,583.8,580.0,3,D
210060290880,4,F,1,0,1.0,0,Nilópolis,497.5,465.3,563.7,522.0,360.0,5,C
210061178106,3,F,3,0,1.0,0,Nova Iguaçu,454.2,508.0,499.3,517.9,540.0,3,B
210061780577,3,F,1,0,1.0,0,Nova Iguaçu,429.1,513.9,551.4,379.5,640.0,4,C
210061774215,4,F,3,0,1.0,0,Duque de Caxias,443.7,442.5,483.3,417.8,560.0,2,B
210061323037,3,F,1,0,1.0,0,Niterói,509.2,434.8,476.9,375.4,440.0,2,A
210061774237,3,M,0,0,1.0,0,São João de Meriti,433.6,515.0,492.0,661.6,640.0,5,E
210059076180,4,M,2,0,1.0,0,Duque de Caxias,444.7,519.8,524.8,449.6,520.0,10,B
210061933468,2,F,1,0,1.0,0,Duque de Caxias,481.1,522.5,542.8,553.8,960.0,3,J
210061054274,3,F,3,0,1.0,0,Belford Roxo,485.6,528.2,540.2,662.9,640.0,4,C
210061287945,2,M,2,0,1.0,0,Belford Roxo,447.3,466.4,489.9,453.1,560.0,3,C
210060827152,3,F,1,0,1.0,0,Belford Roxo,534.2,525.8,546.3,504.2,420.0,4,C
210061946054,3,F,1,0,1.0,0,Niterói,541.5,511.4,490.0,489.8,560.0,3,B
210062025824,2,M,1,0,1.0,0,Nova Iguaçu,348.4,429.9,400.3,425.8,480.0,4,E
210059127675,2,F,3,0,1.0,0,Nova Iguaçu,516.9,505.9,543.2,564.8,680.0,3,E
210059136810,2,F,1,0,1.0,0,Nilópolis,595.2,610.9,610.0,677.4,700.0,4,I
210061672675,2,M,3,0,1.0,0,Duque de Caxias,508.4,498.1,506.5,493.6,560.0,5,B
210061934800,3,M,3,0,1.0,0,Belford Roxo,512.2,556.4,479.9,619.0,400.0,5,B
210062006585,3,M,1,0,1.0,0,Nova Iguaçu,585.2,645.3,566.8,785.5,880.0,5,N
210061672683,3,F,1,0,1.0,0,Duque de Caxias,475.9,461.8,460.8,536.9,480.0,3,B
210061678243,4,F,1,0,1.0,0,Nilópolis,410.1,509.8,447.9,491.5,340.0,5,G
210062032989,4,M,3,0,1.0,0,Duque de Caxias,475.0,505.0,470.2,589.7,360.0,4,B
210061650836,2,F,1,0,1.0,0,Nova Iguaçu,561.7,543.8,604.5,704.2,860.0,3,I
210061505937,3,M,3,0,1.0,0,Niterói,443.2,497.5,472.1,560.1,400.0,5,D
210061838220,3,M,1,0,1.0,0,Nova Iguaçu,449.9,432.2,498.0,438.1,460.0,4,C
210061290190,3,F,2,0,1.0,0,Nilópolis,502.1,487.2,438.4,470.7,580.0,3,D
210059269314,2,F,1,0,1.0,0,São João de Meriti,456.8,584.8,530.9,368.0,680.0,4,L
210061850893,4,F,3,0,1.0,0,Nova Iguaçu,461.0,399.8,400.3,435.1,520.0,3,B
210059451926,4,F,2,0,1.0,0,Nova Iguaçu,492.1,468.2,380.6,400.3,440.0,3,E
210062039299,3,M,2,0,1.0,0,Niterói,448.2,389.5,429.8,496.7,480.0,5,H
210061336147,3,M,1,0,1.0,0,Nova Iguaçu,537.5,363.9,523.2,680.7,520.0,4,C
210061181584,3,F,1,0,1.0,0,Nova Iguaçu,389.2,490.0,516.1,350.4,480.0,3,D
210061666683,3,M,3,0,1.0,0,São João de Meriti,517.9,553.8,547.4,566.8,560.0,6,C
210062046353,2,F,3,0,1.0,0,Duque de Caxias,510.2,550.7,598.2,528.6,680.0,6,B
210062007832,3,M,3,0,1.0,0,Nova Iguaçu,456.3,559.0,520.0,378.9,380.0,2,B
210060264603,3,M,1,0,1.0,0,Niterói,627.9,547.5,650.4,708.1,640.0,3,O
210061284203,3,F,1,0,1.0,0,Belford Roxo,461.3,507.3,517.8,553.1,800.0,4,E
210062036222,2,M,2,0,1.0,0,Nova Iguaçu,613.3,554.3,534.0,633.3,540.0,2,C
210059178775,3,M,3,0,1.0,0,Nova Iguaçu,452.4,527.4,555.7,492.3,520.0,2,B
210061913108,2,F,3,0,1.0,0,Niterói,532.7,365.3,598.0,335.3,840.0,4,D
210061679147,3,M,3,0,1.0,0,Duque de Caxias,447.0,495.5,466.0,440.7,420.0,3,C
210059189134,2,M,1,0,2.0,0,Duque de Caxias,332.1,571.2,533.3,717.2,580.0,3,E
210061706858,2,F,2,0,1.0,0,Nova Iguaçu,413.8,414.5,456.4,465.7,600.0,4,E
210061692435,4,F,3,0,1.0,0,Nova Iguaçu,439.3,509.4,513.0,402.9,360.0,2,C
210061664128,2,F,2,0,1.0,0,Nilópolis,392.7,452.8,415.9,401.5,440.0,2,B
210061925989,2,F,2,0,1.0,0,Nova Iguaçu,439.2,376.2,488.6,378.7,520.0,4,F
210059204733,2,F,3,0,1.0,0,Belford Roxo,450.1,562.4,504.0,390.6,600.0,3,H
210061987608,4,F,3,0,1.0,0,Belford Roxo,394.3,392.4,370.9,382.5,580.0,2,B
210061949907,3,F,3,0,1.0,0,Duque de Caxias,516.9,591.9,513.9,634.1,500.0,6,C
210061179845,3,M,3,0,1.0,0,Duque de Caxias,584.4,569.8,557.8,661.1,600.0,6,G
210062016966,2,F,1,0,1.0,0,Duque de Caxias,502.2,587.2,570.4,650.2,780.0,4,H
210061856324,2,M,1,0,1.0,0,Nova Iguaçu,506.9,497.4,503.1,422.6,400.0,4,C
210061692463,3,F,1,0,1.0,0,Nova Iguaçu,462.9,382.0,532.4,691.6,640.0,6,E
210061687680,4,F,1,0,1.0,0,Nova Iguaçu,437.2,382.4,479.2,400.7,380.0,6,B
210061707183,2,F,2,0,1.0,0,São João de Meriti,479.5,504.4,557.5,647.7,800.0,3,C
210059683270,2,M,1,0,1.0,0,Belford Roxo,491.6,454.2,335.0,335.1,320.0,2,B
210061946838,2,F,4,0,1.0,0,Duque de Caxias,422.0,466.3,369.5,428.1,440.0,3,C
210060838957,2,M,3,0,1.0,0,Maricá,463.3,519.6,488.0,626.5,460.0,5,F
210061770178,2,M,1,0,1.0,0,Nova Iguaçu,577.7,575.4,576.3,653.5,720.0,4,D
210061651058,3,M,3,0,1.0,0,Belford Roxo,454.8,530.4,556.6,582.6,380.0,3,B
210062020457,2,F,3,0,1.0,0,Niterói,611.7,653.3,579.4,646.8,900.0,5,E
210059215194,3,M,3,0,1.0,0,Niterói,436.3,470.1,353.5,404.2,500.0,4,C
210061908872,2,M,2,0,1.0,0,Niterói,546.0,630.3,596.0,654.5,720.0,3,H
210061315200,3,M,2,0,1.0,0,Nilópolis,581.7,573.0,586.7,676.9,580.0,3,C
210061650925,4,M,3,0,1.0,0,São João de Meriti,438.6,512.5,484.1,395.7,380.0,3,B
210059138279,2,F,1,0,1.0,0,Duque de Caxias,488.0,428.3,413.0,365.6,460.0,4,B
210061669145,5,F,2,0,1.0,0,Nilópolis,479.4,469.8,396.4,353.4,380.0,3,C
210061556502,3,F,1,0,1.0,0,Nova Iguaçu,474.3,357.8,485.5,591.6,600.0,2,F
210060829596,3,M,1,0,1.0,0,Duque de Caxias,470.8,511.1,443.9,514.4,840.0,2,E
210059227664,12,F,4,0,1.0,0,São João de Meriti,424.1,461.6,525.0,392.3,600.0,3,A
210061930510,3,M,1,0,1.0,0,Duque de Caxias,551.7,524.7,507.7,520.4,520.0,3,B
210060246854,4,F,3,0,1.0,0,Nova Iguaçu,383.9,457.9,475.6,373.0,480.0,2,G
210061956385,3,F,2,0,1.0,0,Duque de Caxias,480.9,539.1,469.6,561.2,660.0,5,C
210061980533,3,M,3,0,1.0,0,São João de Meriti,449.3,562.0,544.0,602.0,620.0,3,B
210061691485,2,M,4,0,1.0,0,Duque de Caxias,589.8,607.5,528.1,644.1,520.0,6,G
210061715278,2,M,2,0,1.0,0,Belford Roxo,342.4,491.9,487.9,499.1,660.0,3,C
210061041129,3,F,1,0,1.0,0,Duque de Caxias,477.6,512.0,560.7,439.9,560.0,5,C
210060316197,2,F,3,0,1.0,0,Nilópolis,476.6,494.1,534.0,503.6,640.0,3,C
210061852816,3,F,1,0,1.0,0,Duque de Caxias,406.1,461.4,485.9,332.8,580.0,5,B
210059163365,3,M,3,0,1.0,0,Nova Iguaçu,353.1,524.1,569.9,679.3,580.0,2,C
210061091376,3,M,1,0,1.0,0,Niterói,557.4,512.9,488.2,528.8,680.0,6,H
210061426796,2,F,3,0,1.0,0,Duque de Caxias,558.1,520.8,558.5,476.5,680.0,4,J
210061667071,2,M,1,0,1.0,0,Niterói,485.9,561.5,639.1,756.2,900.0,7,M
210061976708,2,M,1,0,1.0,0,Nilópolis,495.2,626.8,625.9,595.6,560.0,4,J
210059531769,2,F,3,0,1.0,0,Belford Roxo,494.9,535.8,530.9,616.9,620.0,6,D
210059729381,3,M,1,0,1.0,0,São João de Meriti,405.2,661.7,622.6,706.8,860.0,4,J
210061065974,2,F,2,0,1.0,0,Duque de Caxias,488.5,492.0,502.5,590.0,660.0,2,C
210061819212,3,F,4,0,1.0,0,Maricá,388.2,514.4,493.3,412.4,600.0,4,E
210059521276,3,M,1,0,1.0,0,Belford Roxo,531.1,539.6,570.7,375.4,560.0,4,C
210061976739,2,M,2,0,1.0,0,Niterói,350.3,367.7,295.8,440.6,380.0,3,F
210061870492,2,F,2,0,1.0,0,Belford Roxo,396.4,428.1,449.6,404.8,560.0,4,B
210061993894,3,M,3,0,1.0,0,São João de Meriti,441.5,491.5,524.5,443.8,360.0,6,D
210061749588,4,M,2,0,1.0,0,Belford Roxo,400.1,495.7,487.9,455.3,440.0,3,C
210061827614,2,M,3,0,1.0,0,São João de Meriti,491.2,536.1,429.5,441.4,440.0,4,E
210061582514,2,M,3,0,1.0,0,Belford Roxo,379.0,378.0,484.0,356.3,520.0,3,D
210062033375,3,M,3,0,1.0,0,Nova Iguaçu,441.6,525.4,522.4,667.1,480.0,2,B
210061932102,2,M,3,0,1.0,0,Niterói,458.6,577.4,590.6,633.9,580.0,4,D
210062007928,3,M,2,0,1.0,0,Nova Iguaçu,389.0,522.4,474.1,618.4,580.0,3,B
210061901215,2,F,2,0,1.0,0,Nova Iguaçu,466.5,564.7,526.8,403.8,780.0,2,B
210061442147,3,F,1,0,1.0,0,Duque de Caxias,519.1,633.7,594.0,681.1,560.0,3,E
210060889022,4,M,3,0,1.0,0,Maricá,561.2,553.4,556.0,684.1,600.0,5,D
210061906079,2,M,1,0,1.0,0,Belford Roxo,484.1,461.6,427.7,568.6,340.0,4,B
210061712869,2,F,3,0,1.0,0,Nilópolis,436.6,435.4,436.4,519.2,400.0,5,B
210061576884,4,F,1,0,1.0,0,Nova Iguaçu,437.1,488.2,488.9,462.1,460.0,4,B
210062043103,3,F,1,0,1.0,0,Belford Roxo,380.1,398.8,390.9,394.4,680.0,2,B
210061537641,3,M,2,0,1.0,0,São João de Meriti,539.7,588.3,523.6,582.9,640.0,3,A
210061001186,3,F,1,0,1.0,0,Niterói,425.2,474.5,428.2,513.9,340.0,4,H
210061743611,3,F,1,0,1.0,0,Belford Roxo,428.0,481.8,419.4,445.9,400.0,6,B
210061281959,5,M,3,0,1.0,0,Nova Iguaçu,491.5,521.0,499.8,438.0,460.0,3,E
210061241878,3,M,0,0,1.0,0,São João de Meriti,484.6,472.3,509.5,356.3,480.0,2,D
210061923049,4,F,1,0,1.0,0,Maricá,434.5,425.2,351.8,360.6,480.0,5,F
210061743594,3,M,1,0,1.0,0,Nova Iguaçu,475.8,472.4,524.3,457.7,500.0,4,F
210061837413,4,M,2,0,1.0,0,Duque de Caxias,411.7,474.4,522.3,438.2,700.0,2,B
210061755984,2,M,3,0,1.0,0,Duque de Caxias,391.7,418.5,441.2,358.8,400.0,3,C
210062039006,3,F,3,0,1.0,0,Niterói,380.0,448.1,448.0,481.5,640.0,6,B
210061918015,2,M,0,0,1.0,0,Belford Roxo,576.3,519.8,577.7,558.1,680.0,4,D
210061537625,2,M,3,0,1.0,0,Maricá,580.3,581.3,536.7,648.5,780.0,3,G
210061355409,3,F,3,0,1.0,0,Nilópolis,478.8,523.6,529.8,522.1,540.0,3,E
210061839292,2,M,1,0,1.0,0,Duque de Caxias,569.2,652.8,591.2,676.2,600.0,3,C
210061811219,3,F,3,0,1.0,0,Nova Iguaçu,484.4,587.0,514.7,523.5,800.0,3,F
210060002263,4,M,3,0,1.0,0,Belford Roxo,476.9,477.2,410.9,507.9,520.0,3,B
210061436837,4,M,2,0,1.0,0,Belford Roxo,504.3,477.6,466.9,352.4,540.0,4,B
210060943183,3,F,2,0,1.0,0,São João de Meriti,382.8,330.9,443.3,383.7,160.0,5,B
210061811220,3,M,1,0,1.0,0,Niterói,559.8,556.6,559.3,729.5,920.0,4,J
210059884027,3,M,3,0,1.0,0,Duque de Caxias,542.6,520.3,559.5,716.1,620.0,4,G
210061983335,3,M,1,0,1.0,0,Duque de Caxias,450.4,324.8,440.3,428.2,620.0,5,B
210062059911,3,M,2,0,1.0,0,Duque de Caxias,326.0,440.1,383.6,361.8,360.0,2,C
210061785300,3,M,3,0,1.0,0,Duque de Caxias,534.5,589.3,563.2,674.7,520.0,3,H
210061752864,3,M,3,0,1.0,0,Niterói,561.9,612.8,558.4,493.4,400.0,4,B
210061775677,2,F,2,0,1.0,0,São João de Meriti,398.8,463.6,484.9,496.2,440.0,5,B
210061353333,3,M,3,0,1.0,0,Duque de Caxias,529.5,609.7,512.0,543.8,620.0,3,O
210061775670,3,F,2,0,1.0,0,Nova Iguaçu,355.8,499.2,460.9,410.5,560.0,2,B
210059989787,2,F,1,0,1.0,0,Maricá,496.8,541.1,542.3,440.2,400.0,4,D
210060852803,4,M,3,0,1.0,0,São João de Meriti,549.0,516.6,464.3,614.7,520.0,4,B
210060939228,3,M,1,0,1.0,0,Niterói,501.7,517.9,554.7,576.4,560.0,2,E
210061241763,3,M,1,0,1.0,0,Niterói,519.0,514.1,529.9,655.2,680.0,4,E
210061848232,17,F,3,0,1.0,0,São João de Meriti,385.8,446.9,399.3,379.0,240.0,2,C
210061407759,2,M,3,0,1.0,0,Nova Iguaçu,529.9,553.9,556.5,549.5,620.0,3,C
210060223961,2,F,3,0,1.0,0,Nova Iguaçu,471.4,539.0,485.8,464.1,580.0,4,D
210062044211,6,M,3,0,1.0,0,Duque de Caxias,528.0,499.8,528.5,557.2,340.0,4,C
210061656788,4,M,1,0,1.0,0,Nilópolis,589.7,610.6,630.7,578.6,400.0,3,C
210061938141,3,M,3,0,1.0,0,Belford Roxo,542.9,600.7,612.8,680.5,780.0,2,B
210062035034,3,F,1,0,1.0,0,São João de Meriti,496.7,598.8,596.1,546.9,520.0,3,C
210061513628,2,F,2,0,1.0,0,Maricá,414.2,443.9,556.9,393.2,540.0,3,C
210061660887,2,M,2,0,1.0,0,São João de Meriti,460.4,512.9,469.6,476.1,320.0,5,C
210061538873,3,F,1,0,1.0,0,Maricá,390.5,506.6,550.1,515.8,380.0,3,N
210061919134,2,F,1,0,1.0,0,Duque de Caxias,527.1,546.2,507.2,615.8,600.0,2,C
210061868104,3,M,3,0,1.0,0,Nilópolis,509.2,314.7,367.3,415.2,400.0,3,C
210061233687,3,M,3,0,1.0,0,Nova Iguaçu,444.9,321.7,345.1,385.0,740.0,5,B
210061931855,6,F,2,0,1.0,0,Nova Iguaçu,404.7,402.6,441.4,370.2,440.0,7,B
210061241909,2,M,1,0,1.0,0,Nilópolis,467.2,532.7,513.3,397.0,500.0,4,E
210061662248,2,F,2,0,1.0,0,Niterói,432.8,409.9,509.2,459.5,660.0,6,D
210061709386,2,M,1,0,1.0,0,Niterói,629.4,614.5,596.4,699.8,880.0,2,N
210061380926,2,F,1,0,1.0,0,São João de Meriti,399.2,510.5,513.7,379.7,460.0,2,D
210061613006,2,F,1,0,1.0,0,Nova Iguaçu,415.0,533.5,576.0,489.0,660.0,4,B
210060935174,3,F,3,0,1.0,0,Nilópolis,482.2,480.4,421.1,501.4,580.0,5,B
210061613001,1,F,1,0,1.0,0,Niterói,545.7,505.6,468.8,518.6,560.0,4,H
210061993935,2,M,1,0,1.0,0,Nova Iguaçu,447.8,487.8,322.4,511.6,320.0,4,G
210061606660,3,F,3,0,1.0,0,São João de Meriti,438.1,488.0,523.2,497.1,680.0,4,D
210061993936,2,F,1,0,1.0,0,Nova Iguaçu,443.0,429.7,434.8,418.9,220.0,4,B
210061990978,3,F,2,0,1.0,0,Nova Iguaçu,428.6,382.0,435.9,397.6,520.0,3,B
210061490376,12,F,3,0,1.0,0,Niterói,420.7,481.8,400.6,334.9,360.0,2,B
210061654630,3,M,1,0,1.0,0,Nova Iguaçu,578.8,588.8,627.8,734.7,680.0,3,C
210061993955,3,M,0,0,1.0,0,São João de Meriti,397.2,330.6,377.4,424.4,560.0,8,A
210059434022,5,F,3,0,1.0,0,Belford Roxo,331.7,393.3,496.3,366.9,520.0,2,B
210059268926,2,M,1,0,1.0,0,Duque de Caxias,533.0,579.1,557.1,652.3,580.0,4,F
210061980622,2,M,1,0,1.0,0,Niterói,612.5,605.1,551.3,686.6,700.0,4,G
210061865701,3,F,1,0,1.0,0,Nova Iguaçu,454.9,441.9,574.2,552.6,600.0,3,F
210061224209,3,F,3,0,1.0,0,Duque de Caxias,510.6,348.5,470.2,337.8,660.0,3,C
210061365385,2,M,1,0,1.0,0,Duque de Caxias,539.8,547.8,528.6,621.3,400.0,3,C
210061865715,3,M,1,0,1.0,0,Nova Iguaçu,507.3,612.9,543.9,554.6,620.0,6,C
210061846203,4,F,1,0,1.0,0,Niterói,527.7,596.3,589.4,428.3,300.0,4,I
210061692786,2,F,2,0,1.0,0,Nova Iguaçu,507.7,531.8,538.3,597.4,600.0,4,C
210061272510,4,M,1,0,1.0,0,Niterói,548.3,585.6,516.4,460.8,640.0,4,E
210059606155,3,M,1,0,1.0,0,Belford Roxo,491.5,539.7,539.5,602.4,640.0,4,E
210060015606,4,F,1,0,1.0,0,Duque de Caxias,393.3,436.5,472.8,416.1,780.0,4,D
210059904869,3,F,1,0,1.0,0,Niterói,517.6,563.7,565.3,744.0,920.0,4,G
210061806165,3,M,3,0,1.0,0,Nilópolis,452.6,483.8,518.4,428.4,460.0,5,F
210061723581,3,F,1,0,1.0,0,Nova Iguaçu,533.1,651.4,553.5,570.2,720.0,4,C
210062039079,2,M,1,0,1.0,0,Nova Iguaçu,523.7,563.1,539.2,541.3,600.0,3,I
210061241948,2,F,3,0,1.0,0,São João de Meriti,397.6,391.5,437.8,395.7,560.0,3,E
210061998549,2,M,2,0,1.0,0,São João de Meriti,540.1,552.3,534.7,730.9,840.0,3,N
210059649906,3,F,3,0,1.0,0,Nova Iguaçu,437.9,421.2,504.0,407.5,480.0,3,D
210060842791,3,M,1,0,1.0,0,Nova Iguaçu,385.4,413.3,506.9,432.5,440.0,4,J
210062060994,3,F,3,0,1.0,0,Duque de Caxias,451.3,521.7,525.8,488.4,480.0,2,E
210061046458,3,M,3,0,1.0,0,Duque de Caxias,417.2,441.3,350.3,591.8,540.0,5,D
210061328503,4,M,3,0,1.0,0,Belford Roxo,512.2,583.9,551.1,624.5,560.0,3,C
210061795080,3,M,3,0,1.0,0,Duque de Caxias,517.8,512.0,491.2,465.5,560.0,5,E
210060869715,3,F,3,0,1.0,0,São João de Meriti,450.9,461.1,445.9,415.4,540.0,3,I
210061678335,2,M,3,0,1.0,0,Duque de Caxias,376.2,449.8,495.3,451.1,440.0,3,F
210060904851,3,F,1,0,1.0,0,Nova Iguaçu,439.5,473.6,532.9,509.7,480.0,3,B
210061543991,4,M,3,0,1.0,0,Maricá,436.0,358.8,396.5,445.2,360.0,3,C
210061270409,3,F,1,0,1.0,0,Duque de Caxias,433.3,506.4,493.4,568.3,540.0,4,C
210062036032,2,M,1,0,1.0,0,Niterói,464.5,500.8,502.5,453.2,720.0,3,G
210061655607,4,M,3,0,1.0,0,Nova Iguaçu,409.5,558.4,454.6,367.9,500.0,4,H
210061743322,2,F,2,0,1.0,0,São João de Meriti,535.4,339.4,482.0,524.8,720.0,5,B
210061380467,5,M,1,0,1.0,0,Nova Iguaçu,375.9,539.9,419.2,371.5,440.0,2,C
210061054552,3,F,2,0,1.0,0,Duque de Caxias,399.1,484.1,479.9,377.4,560.0,6,D
210060877882,3,F,1,0,1.0,0,São João de Meriti,583.4,598.1,563.0,446.6,880.0,3,E
210061938864,3,M,3,0,1.0,0,Belford Roxo,494.0,526.3,559.9,513.8,640.0,4,B
210062002935,3,M,3,0,1.0,0,Duque de Caxias,443.2,522.3,488.4,539.5,420.0,3,C
210061218483,2,F,2,0,1.0,0,Duque de Caxias,426.9,394.4,468.8,350.6,500.0,4,B
210061962666,2,M,3,0,1.0,0,Duque de Caxias,534.8,492.0,505.3,508.1,740.0,2,B
210060923730,2,F,2,0,1.0,0,São João de Meriti,574.1,669.9,590.1,679.3,760.0,4,C
210061623146,3,F,2,0,1.0,0,Belford Roxo,560.0,455.5,528.9,498.9,800.0,4,B
210061256829,4,F,4,0,1.0,0,Niterói,345.7,406.0,372.0,333.9,400.0,6,D
210061503045,3,M,1,0,1.0,0,Nova Iguaçu,380.4,495.7,404.5,439.6,560.0,3,B
210061721612,3,F,3,0,1.0,0,Nova Iguaçu,437.4,421.2,457.5,475.1,560.0,4,C
210060985671,2,M,3,0,1.0,0,Duque de Caxias,555.2,533.3,477.1,621.8,680.0,4,I
210061890067,3,M,3,0,1.0,0,Nilópolis,518.0,366.6,372.5,595.0,520.0,3,C
210060906630,3,F,3,0,1.0,0,São João de Meriti,391.9,463.4,453.3,430.3,460.0,2,B
210061357687,3,F,1,0,1.0,0,São João de Meriti,492.0,447.0,460.2,458.1,320.0,3,A
210061181714,3,F,3,0,1.0,0,Nova Iguaçu,445.8,330.1,359.7,397.0,540.0,3,C
210061896104,2,F,1,0,1.0,0,Nova Iguaçu,558.7,640.9,618.2,747.5,640.0,3,I
210061851014,3,M,1,0,1.0,0,Niterói,334.3,477.2,470.3,466.7,300.0,2,C
210061218399,4,F,3,0,1.0,0,São João de Meriti,452.0,337.5,477.2,390.0,500.0,1,B
210061977676,2,F,2,0,1.0,0,São João de Meriti,407.5,492.6,395.5,413.8,360.0,4,B
210060087342,3,M,1,0,1.0,0,Niterói,556.2,389.3,573.4,462.6,680.0,3,G
210058993973,3,M,1,0,1.0,0,São João de Meriti,519.9,565.4,553.2,521.3,600.0,4,C
210060213441,3,F,1,0,1.0,0,Nova Iguaçu,464.6,490.8,488.1,438.7,460.0,2,C
210061657496,2,F,3,0,1.0,0,Duque de Caxias,497.5,570.8,567.7,468.0,520.0,2,B
210060842830,3,M,1,0,1.0,0,Duque de Caxias,479.7,572.2,512.7,412.0,700.0,4,E
210061793537,2,F,3,0,1.0,0,Belford Roxo,448.4,522.5,533.3,498.9,680.0,2,B
210061991783,3,F,3,0,1.0,0,Duque de Caxias,458.3,511.0,509.6,394.6,560.0,2,B
210061666816,3,M,3,0,1.0,0,Nilópolis,518.8,546.2,554.5,426.4,440.0,4,G
210061732246,3,F,3,0,1.0,0,Nilópolis,377.9,403.4,322.1,370.5,520.0,6,D
210061874739,2,M,1,0,1.0,0,Duque de Caxias,627.1,675.2,558.3,753.6,900.0,2,G
210062005954,3,M,2,0,1.0,0,Maricá,429.7,364.1,310.4,353.6,480.0,7,F
210061952311,3,F,3,0,1.0,0,Nilópolis,481.8,462.8,528.0,427.2,520.0,2,B
210061648700,4,F,3,0,1.0,0,Nova Iguaçu,446.3,478.3,481.5,589.2,440.0,4,B
210061848535,3,F,3,0,1.0,0,Nova Iguaçu,398.7,423.1,410.2,473.6,560.0,4,C
210060968565,3,F,3,0,1.0,0,Nova Iguaçu,530.8,395.7,344.7,428.9,500.0,3,E
210061704338,4,F,2,0,1.0,0,Nova Iguaçu,510.1,535.1,399.6,441.8,680.0,5,E
210061942000,3,M,3,0,1.0,0,Duque de Caxias,481.6,518.6,539.7,399.2,500.0,2,C
210062008917,5,M,1,0,1.0,0,Niterói,556.3,520.4,585.3,674.2,620.0,3,G
210061245711,3,M,3,0,1.0,0,Nova Iguaçu,469.6,487.7,530.2,437.4,500.0,3,C
210061805346,3,F,1,0,1.0,0,Nilópolis,414.9,449.4,544.6,393.5,700.0,5,G
210061968969,3,F,1,0,1.0,0,Duque de Caxias,421.1,416.7,429.1,395.4,580.0,2,B
210061738888,2,M,1,0,1.0,0,Nilópolis,533.8,543.1,546.1,610.1,720.0,4,J
210060985960,3,M,3,0,1.0,0,Belford Roxo,423.5,352.1,349.5,393.7,400.0,5,A
210061312780,2,M,1,0,1.0,0,Nova Iguaçu,546.9,577.6,505.6,690.8,840.0,4,P
210061694854,2,F,1,0,1.0,0,São João de Meriti,585.5,606.4,531.6,619.9,760.0,5,K
210059467411,3,F,2,0,1.0,0,Duque de Caxias,506.7,511.6,533.3,402.3,440.0,4,D
210060887437,3,F,2,0,1.0,0,Nilópolis,534.7,573.9,540.1,551.3,720.0,3,G
210062040916,2,M,2,0,1.0,0,Belford Roxo,506.4,481.8,526.2,487.4,400.0,4,D
210061791791,2,F,2,0,1.0,0,São João de Meriti,531.3,575.3,555.4,453.2,580.0,4,H
210059685823,3,M,0,0,1.0,0,Belford Roxo,420.4,543.5,477.7,667.9,540.0,4,C
210061785482,3,M,2,0,1.0,0,Duque de Caxias,464.1,384.8,522.5,487.2,560.0,3,B
210059843009,3,M,3,0,1.0,0,Duque de Caxias,529.6,468.6,500.5,500.7,540.0,6,C
210062023546,3,M,2,0,1.0,0,Nilópolis,429.1,485.4,468.5,534.4,600.0,2,C
210061684583,3,M,3,0,1.0,0,São João de Meriti,539.9,542.8,496.7,455.9,720.0,3,D
210059739990,2,M,1,0,1.0,0,São João de Meriti,527.3,420.9,540.6,533.8,580.0,2,C
210061440732,2,F,2,0,1.0,0,Nilópolis,514.4,602.0,540.6,724.0,760.0,4,D
210061616910,3,M,0,0,1.0,0,Belford Roxo,503.0,380.7,413.7,455.9,820.0,3,D
210061569447,2,M,3,0,1.0,0,Nova Iguaçu,513.3,506.7,479.2,602.2,520.0,2,B
210061733724,1,M,3,0,1.0,0,Duque de Caxias,459.8,571.6,611.7,474.5,620.0,5,E
210061954412,3,M,1,0,1.0,0,Nilópolis,426.7,566.9,522.8,617.1,640.0,3,H
210061738412,2,M,1,0,1.0,0,Niterói,479.4,541.5,529.3,552.5,600.0,4,D
210061870116,3,M,3,0,1.0,0,Nilópolis,583.3,576.0,582.8,561.4,520.0,4,C
210061977289,2,F,3,0,1.0,0,Niterói,415.4,400.9,568.9,522.7,580.0,3,C
210061506870,3,M,3,0,1.0,0,Nova Iguaçu,529.1,508.7,507.5,515.7,480.0,2,L
210061712376,5,F,1,0,1.0,0,Niterói,451.0,454.1,466.7,389.5,440.0,2,B
210059143041,3,F,1,0,1.0,0,Niterói,473.5,533.1,562.8,463.8,660.0,4,I
210061338142,2,M,1,0,1.0,0,Niterói,506.6,564.7,507.9,633.6,600.0,3,K
210062043976,3,F,3,0,1.0,0,Duque de Caxias,454.4,400.6,474.3,363.1,700.0,1,B
210061224291,2,M,1,0,1.0,0,Nilópolis,410.3,522.6,505.0,453.3,840.0,4,G
210060906326,2,M,3,0,1.0,0,Duque de Caxias,566.2,584.1,589.2,617.6,460.0,4,K
210061918114,3,M,2,0,1.0,0,Belford Roxo,570.8,549.7,548.8,548.9,340.0,6,J
210059382227,3,F,3,0,1.0,0,Duque de Caxias,464.8,387.9,421.0,353.6,320.0,2,B
210062047031,2,F,3,0,1.0,0,Duque de Caxias,555.8,625.7,602.5,569.3,600.0,4,D
210060808034,3,M,2,0,1.0,0,Nova Iguaçu,376.3,454.3,433.2,374.7,580.0,4,B
210061074004,2,M,3,0,1.0,0,Nova Iguaçu,329.1,320.7,469.3,374.2,460.0,4,G
210062057046,1,M,1,0,1.0,0,Niterói,475.0,462.5,495.5,615.7,620.0,5,C
210061951268,3,F,3,0,1.0,0,Nova Iguaçu,403.8,413.9,472.7,488.6,420.0,2,B
210059577772,4,F,3,0,1.0,0,Belford Roxo,369.2,318.5,479.8,483.9,420.0,4,B
210061678622,3,M,1,0,1.0,0,Nilópolis,648.0,466.9,625.0,746.9,880.0,4,H
210061022082,2,M,2,0,1.0,0,Nova Iguaçu,448.1,530.9,485.8,597.7,480.0,3,C
210059796903,3,M,1,0,1.0,0,Niterói,576.3,576.3,607.9,651.7,720.0,2,F
210062041188,3,M,1,0,1.0,0,São João de Meriti,507.1,520.1,390.3,568.9,680.0,3,L
210061726338,3,F,0,0,1.0,0,Nova Iguaçu,475.3,472.0,520.3,407.7,460.0,2,A
210061815084,6,M,2,0,1.0,0,Niterói,448.9,349.3,418.6,426.1,600.0,2,B
210061237672,2,M,3,0,1.0,0,Nova Iguaçu,541.4,599.5,598.2,680.7,560.0,3,D
210059467483,3,M,3,0,1.0,0,Niterói,522.4,544.7,535.5,552.2,520.0,4,D
210061446451,3,F,1,0,1.0,0,Nilópolis,452.4,452.7,477.5,519.9,620.0,4,G
210061820797,2,F,2,0,1.0,0,Duque de Caxias,518.4,533.9,564.1,563.2,760.0,3,E
210061237624,2,F,1,0,1.0,0,Niterói,454.2,451.3,499.2,605.4,780.0,3,E
210061900180,3,M,2,0,1.0,0,Niterói,636.8,632.8,600.0,690.3,840.0,3,C
210060040930,2,F,1,0,1.0,0,Belford Roxo,503.4,460.5,479.3,525.7,740.0,3,G
210061520001,3,F,3,0,1.0,0,Nova Iguaçu,398.9,305.2,385.9,453.9,480.0,4,B
210061938167,3,M,1,0,1.0,0,Maricá,616.0,656.0,566.1,649.9,540.0,3,P
210061638537,3,M,3,0,1.0,0,Nova Iguaçu,451.2,396.6,406.6,476.3,460.0,5,N
210062042368,3,F,0,0,1.0,0,Belford Roxo,444.7,366.2,398.8,390.2,380.0,4,D
210061923428,3,F,1,0,1.0,0,Maricá,520.1,588.5,525.0,542.6,860.0,4,D
210061963936,2,M,3,0,1.0,0,Belford Roxo,508.3,414.8,507.9,523.2,680.0,3,D
210061768865,2,F,1,0,1.0,0,São João de Meriti,426.7,421.5,454.1,423.2,420.0,5,C
210061081535,2,M,3,0,1.0,0,Duque de Caxias,494.2,550.8,582.4,667.7,560.0,3,D
210060887480,3,F,3,0,1.0,0,Nilópolis,469.3,612.4,588.1,589.4,520.0,4,I
210061895112,2,M,3,0,1.0,0,São João de Meriti,446.5,382.5,426.4,429.8,480.0,5,B
210061925259,2,M,3,0,1.0,0,São João de Meriti,473.2,404.3,398.2,349.3,420.0,3,D
210058940166,2,M,1,0,1.0,0,Nova Iguaçu,423.5,493.6,477.5,375.0,540.0,4,G
210061707428,2,F,1,0,1.0,0,Duque de Caxias,487.8,523.0,456.9,474.6,440.0,6,D
210062021707,3,M,3,0,1.0,0,Nova Iguaçu,396.9,354.9,449.5,338.2,380.0,2,B
210060865740,3,M,3,0,1.0,0,Duque de Caxias,495.4,540.3,603.3,684.0,500.0,3,D
210061645832,3,M,3,0,1.0,0,Duque de Caxias,577.4,545.6,536.1,570.9,600.0,2,D
210061912134,2,M,3,0,1.0,0,Nova Iguaçu,558.8,622.5,541.1,618.8,680.0,2,O
210061889194,2,M,2,0,1.0,0,Nova Iguaçu,476.2,588.1,552.8,350.3,380.0,2,B
210061214960,3,F,3,0,1.0,0,Nova Iguaçu,390.7,491.6,517.8,413.0,500.0,3,C
210061463793,3,M,3,0,1.0,0,São João de Meriti,538.1,589.3,570.5,605.6,720.0,4,F
210059153534,2,F,2,0,1.0,0,Duque de Caxias,399.0,525.8,432.3,469.1,460.0,3,C
210061473289,3,F,1,0,1.0,0,São João de Meriti,478.3,561.6,574.0,571.6,720.0,4,D
210061621143,4,F,1,0,1.0,0,Niterói,398.9,402.0,363.5,389.6,500.0,4,F
210059073473,2,F,1,0,1.0,0,São João de Meriti,540.3,485.5,496.0,481.6,720.0,4,G
210061692959,3,M,1,0,1.0,0,Duque de Caxias,502.4,550.9,476.3,440.2,360.0,3,B
210061904052,1,F,1,0,1.0,0,Nova Iguaçu,476.5,494.2,426.2,497.9,700.0,5,A
210060071755,4,F,1,0,1.0,0,Nilópolis,563.9,601.6,592.6,633.3,680.0,3,K
210059305389,2,M,1,0,1.0,0,Nova Iguaçu,584.5,483.1,398.0,464.9,540.0,2,B
210062030231,3,M,3,0,1.0,0,Nova Iguaçu,523.0,555.0,544.0,574.5,540.0,4,C
210061777232,3,F,1,0,1.0,0,Niterói,472.4,369.5,426.0,403.5,480.0,6,B
210061898102,4,M,1,0,1.0,0,Duque de Caxias,512.8,549.8,507.2,660.7,480.0,3,D
210061699971,3,F,3,0,1.0,0,Belford Roxo,438.4,459.0,319.7,388.5,520.0,4,B
210061641611,2,F,2,0,1.0,0,Duque de Caxias,542.8,550.3,546.5,660.6,800.0,3,D
210061654709,3,M,1,0,1.0,0,Maricá,584.0,509.6,514.8,582.7,480.0,4,I
210061998632,2,M,2,0,1.0,0,São João de Meriti,456.5,422.2,437.4,394.1,480.0,3,C
210059073450,3,F,2,0,1.0,0,Duque de Caxias,456.0,530.0,530.8,501.5,800.0,4,B
210060927587,3,F,1,0,1.0,0,Niterói,454.9,483.5,502.3,538.9,720.0,2,K
210061594822,2,M,3,0,1.0,0,Nilópolis,570.7,526.1,509.7,549.4,560.0,5,F
210059359444,3,M,2,0,1.0,0,Maricá,487.5,535.6,485.7,541.6,520.0,3,N
210062059337,2,M,3,0,1.0,0,São João de Meriti,554.8,553.0,463.4,498.5,640.0,4,D
210059346030,2,F,1,0,1.0,0,Nova Iguaçu,377.8,475.7,458.3,401.4,900.0,5,O
210061514435,4,M,1,0,1.0,0,Niterói,483.4,482.1,474.9,386.6,280.0,3,A
210061959599,2,M,2,0,1.0,0,Nova Iguaçu,424.1,501.8,501.1,508.9,500.0,4,F
210061390557,2,F,3,0,1.0,0,São João de Meriti,391.8,451.5,472.7,330.0,420.0,3,C
210061583305,3,F,1,0,1.0,0,Duque de Caxias,428.0,400.3,466.4,438.3,540.0,7,B
210060143788,2,F,3,0,1.0,0,Duque de Caxias,438.2,496.0,455.2,414.0,460.0,3,H
210061884147,2,F,3,0,1.0,0,São João de Meriti,414.0,391.8,483.2,407.1,400.0,3,B
210062054357,3,F,1,0,1.0,0,Belford Roxo,518.2,596.8,549.7,564.8,980.0,3,J
210061779768,3,M,3,0,1.0,0,Nova Iguaçu,474.3,481.8,463.5,525.4,720.0,6,B
210059948124,2,M,1,0,1.0,0,Duque de Caxias,353.2,462.8,453.3,434.3,280.0,4,B
210061993979,2,F,3,0,1.0,0,São João de Meriti,326.4,521.6,488.8,565.0,280.0,3,B
210061776812,2,F,3,0,1.0,0,Maricá,490.2,611.7,635.4,674.7,940.0,4,F
210062056350,3,F,1,0,1.0,0,Duque de Caxias,434.3,480.7,493.0,449.1,440.0,2,E
210059469533,4,M,3,0,1.0,0,Nova Iguaçu,419.8,500.0,514.3,444.0,500.0,4,G
210061785930,2,M,3,0,1.0,0,Belford Roxo,397.2,340.5,373.4,337.8,620.0,3,D
210061785952,2,F,1,0,1.0,0,São João de Meriti,405.5,554.5,559.4,357.4,800.0,4,B
210062036115,3,M,1,0,1.0,0,Nilópolis,519.6,458.3,463.6,473.6,460.0,5,C
210060985371,3,M,2,0,1.0,0,Duque de Caxias,490.6,480.2,468.8,533.3,620.0,1,A
210061421364,2,F,2,0,1.0,0,Nilópolis,441.3,359.7,402.4,514.5,520.0,4,B
210061946228,2,M,1,0,1.0,0,São João de Meriti,465.2,552.2,471.4,554.0,540.0,4,B
210061856589,2,M,3,0,1.0,0,São João de Meriti,456.4,355.7,374.9,367.2,360.0,4,C
210061895366,1,M,2,0,1.0,0,Duque de Caxias,550.4,509.5,523.0,517.0,480.0,4,D
210061738987,3,M,1,0,1.0,0,Nilópolis,532.5,571.0,547.7,663.8,780.0,3,G
210062002978,2,F,1,0,1.0,0,Niterói,488.7,587.0,495.2,461.2,720.0,3,C
210058996205,3,F,3,0,1.0,0,Duque de Caxias,489.0,570.3,518.2,413.5,680.0,3,D
210061763578,3,M,1,0,1.0,0,Duque de Caxias,447.6,559.3,484.4,599.8,620.0,3,G
210061778157,2,F,3,0,1.0,0,Duque de Caxias,438.9,550.5,555.8,496.4,620.0,4,B
210061948149,3,M,3,0,1.0,0,Niterói,456.0,351.5,312.1,343.9,440.0,4,C
210061004705,3,F,1,0,1.0,0,Nova Iguaçu,444.7,416.0,480.0,473.8,240.0,4,J
210061394183,3,M,1,0,1.0,0,São João de Meriti,390.9,540.1,544.3,514.0,360.0,3,C
210061847207,12,F,3,0,1.0,0,Nilópolis,427.0,378.6,420.6,404.1,480.0,2,A
210061658839,3,F,3,0,1.0,0,Duque de Caxias,489.9,360.9,450.5,540.4,540.0,4,D
210061482319,3,F,1,0,1.0,0,Belford Roxo,476.8,523.6,528.1,424.2,540.0,3,E
210062040223,3,M,1,0,1.0,0,Belford Roxo,386.2,404.3,385.7,505.3,400.0,5,G
210061921988,2,F,3,0,1.0,0,Duque de Caxias,443.0,530.0,482.9,499.2,700.0,5,G
210061832683,3,F,1,0,1.0,0,Duque de Caxias,412.9,523.8,497.2,521.4,540.0,4,D
210061723164,3,F,1,0,1.0,0,Duque de Caxias,450.4,572.4,570.0,464.1,620.0,4,C
210061921998,2,F,1,0,1.0,0,Nova Iguaçu,493.2,565.0,589.8,369.5,620.0,4,G
210061937964,2,M,3,0,1.0,0,Duque de Caxias,460.7,404.4,371.0,336.0,320.0,6,L
210061808073,6,M,2,0,1.0,0,Nilópolis,551.7,589.2,586.8,669.1,660.0,4,B
210061126032,3,M,2,0,1.0,0,Niterói,483.6,499.9,506.4,418.7,480.0,5,F
210061499099,5,F,3,0,1.0,0,Duque de Caxias,605.8,602.2,626.5,527.8,540.0,2,D
210061679058,3,F,2,0,1.0,0,Duque de Caxias,395.8,453.1,464.8,416.4,220.0,2,B
210061334504,3,F,3,0,1.0,0,Belford Roxo,428.7,421.2,469.9,402.2,560.0,4,D
210059750166,2,M,3,0,1.0,0,Nova Iguaçu,571.9,638.2,550.7,577.9,640.0,3,B
210062020599,5,F,1,0,1.0,0,São João de Meriti,386.8,501.8,497.0,406.9,660.0,5,B
210061222655,4,M,1,0,1.0,0,Nova Iguaçu,455.6,606.1,618.5,601.1,840.0,4,E
210062031860,6,M,3,0,1.0,0,Duque de Caxias,530.3,384.8,508.2,366.2,200.0,3,C
210061902989,3,M,3,0,1.0,0,Duque de Caxias,462.1,335.9,417.0,483.5,440.0,4,B
210062034269,5,F,2,0,1.0,0,Belford Roxo,458.0,430.8,355.4,494.4,400.0,3,B
210061966889,3,F,2,0,1.0,0,Nova Iguaçu,402.5,495.2,470.5,573.7,580.0,4,C
210061806250,2,F,1,0,1.0,0,São João de Meriti,411.7,492.8,478.2,471.3,640.0,2,B
210061618521,3,M,2,0,1.0,0,Duque de Caxias,406.2,462.4,444.9,374.5,360.0,4,B
210061930869,3,M,2,0,1.0,0,Nova Iguaçu,401.5,312.2,485.0,481.6,680.0,2,B
210061966907,2,F,0,0,1.0,0,Nova Iguaçu,491.0,532.0,546.9,531.2,540.0,4,F
210059608461,2,F,1,0,1.0,0,São João de Meriti,460.4,339.8,557.7,375.9,820.0,5,J
210061726782,3,M,3,0,1.0,0,Niterói,598.5,573.2,597.9,700.6,760.0,5,E
210062025993,3,F,1,0,1.0,0,São João de Meriti,424.2,560.1,564.1,369.3,560.0,2,B
210061903211,3,F,2,0,1.0,0,Niterói,552.5,597.6,604.5,585.7,600.0,3,B
210059490496,3,F,1,0,1.0,0,Maricá,509.4,537.9,558.0,377.5,680.0,3,C
210061851199,3,M,1,0,1.0,0,Niterói,486.6,529.7,548.2,519.4,740.0,3,B
210058962595,3,M,3,0,1.0,0,Duque de Caxias,452.5,492.5,527.4,437.0,600.0,4,J
210061944884,3,M,2,0,1.0,0,Nova Iguaçu,604.5,592.0,568.8,671.2,540.0,4,G
210061444475,3,F,1,0,1.0,0,Duque de Caxias,539.5,547.7,499.6,493.9,560.0,2,B
210061251585,3,M,1,0,1.0,0,Maricá,389.2,330.6,461.4,401.5,220.0,4,G
210059629487,2,F,3,0,1.0,0,São João de Meriti,439.5,354.8,336.2,370.3,340.0,4,A
210061682077,3,M,1,0,1.0,0,Duque de Caxias,420.6,546.1,487.7,572.5,680.0,4,H
210061688316,3,M,1,0,1.0,0,Duque de Caxias,430.9,375.0,495.7,561.7,540.0,5,H
210061838449,3,M,3,0,1.0,0,Duque de Caxias,565.2,596.6,590.2,641.3,760.0,5,G
210061947939,3,M,1,0,1.0,0,Duque de Caxias,521.7,441.8,464.7,361.7,600.0,4,F
210061857896,3,F,3,0,1.0,0,Duque de Caxias,641.8,688.7,646.3,691.5,880.0,4,G
210061632184,2,M,3,0,1.0,0,Nova Iguaçu,457.6,513.8,585.1,518.0,440.0,3,B
210058950169,3,F,2,0,1.0,0,Maricá,406.5,432.1,463.0,417.6,480.0,2,A
210061994790,3,M,1,0,1.0,0,Nova Iguaçu,427.2,457.2,452.8,497.7,600.0,5,C
210061278501,3,M,3,0,1.0,0,Belford Roxo,515.0,566.4,546.6,528.8,300.0,2,B
210061763656,2,F,2,0,1.0,0,Duque de Caxias,458.7,526.0,530.0,588.8,580.0,5,B
210061629050,3,M,3,0,1.0,0,Nova Iguaçu,364.9,333.1,325.2,443.6,280.0,4,E
210061989851,14,M,3,0,1.0,0,São João de Meriti,442.5,439.3,397.1,365.5,240.0,1,B
210060272757,4,M,1,0,1.0,0,Duque de Caxias,666.3,649.7,640.8,758.9,760.0,4,K
210061974396,3,M,2,0,1.0,0,Nova Iguaçu,412.8,424.6,397.9,393.4,540.0,4,C
210062014959,3,M,3,0,1.0,0,Duque de Caxias,526.9,539.7,517.1,438.5,340.0,4,C
210061964817,3,F,3,0,1.0,0,Duque de Caxias,430.8,468.3,489.7,520.6,620.0,4,B
210061964821,3,M,2,0,1.0,0,Nova Iguaçu,418.6,437.1,483.2,431.9,620.0,4,B
210061906234,3,M,1,0,1.0,0,Nova Iguaçu,343.3,371.1,310.6,398.7,560.0,4,K
210061038935,3,F,3,0,1.0,0,Duque de Caxias,436.0,493.6,521.8,444.2,680.0,3,E
210061833150,3,M,0,0,1.0,0,Duque de Caxias,424.7,460.5,500.4,531.5,640.0,4,G
210061679312,2,F,1,0,1.0,0,São João de Meriti,338.3,459.2,496.7,439.0,380.0,3,E
210061932237,3,M,3,0,1.0,0,Duque de Caxias,437.7,445.4,358.1,354.0,560.0,7,A
210061656925,2,F,2,0,1.0,0,Nova Iguaçu,489.2,589.9,490.0,692.2,940.0,4,E
210061852752,5,F,1,0,1.0,0,São João de Meriti,546.0,475.7,481.1,646.8,680.0,3,B
210061650661,3,M,1,0,1.0,0,Niterói,568.9,687.2,645.0,736.5,540.0,2,C
210062035120,2,F,3,0,1.0,0,Duque de Caxias,441.7,317.6,493.7,464.4,500.0,3,B
210061634633,4,F,3,0,1.0,0,Niterói,457.0,396.1,506.2,532.6,680.0,5,B
210061560382,3,M,0,0,1.0,0,Maricá,484.1,566.8,558.3,661.5,680.0,4,E
210059969298,2,F,2,0,1.0,0,Niterói,559.2,563.4,565.8,653.9,800.0,2,H
210061997849,3,M,1,0,1.0,0,Niterói,570.4,526.1,522.1,511.3,520.0,3,C
210061181938,2,M,3,0,1.0,0,Duque de Caxias,496.4,578.9,603.5,554.6,940.0,4,G
210061769883,2,M,2,0,1.0,0,Belford Roxo,699.3,597.2,633.5,798.4,840.0,4,D
210062030242,3,F,2,0,1.0,0,Nova Iguaçu,546.5,514.6,580.1,450.3,840.0,3,D
210059328297,2,M,1,0,1.0,0,Nova Iguaçu,567.1,482.2,528.7,485.9,440.0,3,F
210062012898,3,M,3,0,1.0,0,Nova Iguaçu,473.9,555.3,481.5,449.7,600.0,4,E
210062011727,3,M,1,0,1.0,0,São João de Meriti,446.9,486.1,516.1,422.0,300.0,4,C
210061654320,2,F,1,0,1.0,0,Nilópolis,485.4,605.9,599.3,375.7,800.0,2,C
210062025797,2,F,3,0,1.0,0,Duque de Caxias,505.4,570.5,546.0,492.2,560.0,4,E
210061930934,2,M,1,0,1.0,0,Nova Iguaçu,400.7,354.4,363.8,434.6,620.0,4,D
210061344225,3,M,3,0,1.0,0,Niterói,481.1,535.3,516.0,540.6,620.0,4,G
210061654444,4,M,1,0,1.0,0,Niterói,497.6,514.5,515.5,510.4,480.0,3,N
210059199742,2,M,1,0,1.0,0,Niterói,391.5,403.3,464.7,410.4,600.0,2,M
210061537978,3,M,3,0,1.0,0,Belford Roxo,421.2,475.5,506.8,511.8,580.0,6,B
210061882056,3,M,1,0,1.0,0,Duque de Caxias,484.4,553.8,492.8,567.5,500.0,3,B
210059641988,2,M,2,0,1.0,0,Duque de Caxias,458.6,472.5,533.8,538.5,580.0,4,H
210061631139,3,M,1,0,1.0,0,Nilópolis,565.4,425.6,369.5,647.8,680.0,2,C
210061960532,2,F,1,0,1.0,0,Nova Iguaçu,525.0,575.1,462.8,417.7,360.0,4,E
210059781203,3,M,1,0,1.0,0,Nova Iguaçu,563.8,481.5,546.7,379.6,500.0,6,B
210061544268,2,F,1,0,1.0,0,Duque de Caxias,522.6,522.4,520.1,549.1,860.0,3,E
210061681317,2,M,3,0,1.0,0,Belford Roxo,524.6,572.5,583.7,712.0,800.0,3,D
210061761795,3,M,2,0,1.0,0,Niterói,537.3,590.6,543.3,612.3,680.0,4,L
210061735689,3,F,3,0,1.0,0,Maricá,424.5,387.9,430.4,427.9,540.0,3,B
210061114183,3,F,3,0,1.0,0,Nova Iguaçu,437.8,482.8,525.8,466.3,620.0,4,E
210061284068,3,M,3,0,1.0,0,Nova Iguaçu,522.5,331.8,385.5,398.8,420.0,3,B
210061894343,3,M,3,0,1.0,0,São João de Meriti,510.6,466.8,520.1,570.7,640.0,2,B
210060960730,5,M,1,0,1.0,0,Nova Iguaçu,573.4,571.2,558.3,522.9,540.0,5,C
210060950917,6,F,3,0,1.0,0,Niterói,422.1,358.6,389.5,379.2,600.0,3,B
210059685768,3,M,1,0,1.0,0,Niterói,522.6,524.5,505.3,608.0,660.0,5,G
210061883583,3,F,2,0,1.0,0,Nova Iguaçu,454.6,424.7,503.5,428.4,500.0,4,C
210061891365,2,F,3,0,1.0,0,Duque de Caxias,426.2,480.1,455.7,493.9,680.0,3,C
210060817693,5,F,3,0,1.0,0,Duque de Caxias,579.0,582.7,631.7,670.6,620.0,1,A
210060203111,3,M,3,0,1.0,0,Niterói,416.4,429.9,461.3,529.0,640.0,3,D
210061741427,3,M,1,0,1.0,0,Duque de Caxias,459.0,525.6,473.4,644.7,560.0,3,B
210061844670,2,M,1,0,1.0,0,Nova Iguaçu,487.5,578.6,587.0,646.4,520.0,4,A
210061719602,3,F,1,0,1.0,0,Nova Iguaçu,433.9,337.2,439.8,400.3,400.0,5,C
210061976668,2,F,1,0,1.0,0,Nova Iguaçu,333.7,422.8,330.7,347.0,420.0,7,A
210061012583,2,M,1,0,1.0,0,Nova Iguaçu,554.7,589.8,639.5,566.4,720.0,3,I
210061220189,5,M,0,0,1.0,0,Belford Roxo,404.9,394.2,347.4,428.8,280.0,3,C
210061428828,3,F,1,0,1.0,0,Duque de Caxias,470.2,535.3,468.9,376.9,560.0,3,D
210061606790,2,M,1,0,1.0,0,Duque de Caxias,505.5,467.4,458.0,514.5,520.0,3,D
210061643214,7,F,1,0,1.0,0,Niterói,369.5,350.1,312.1,400.6,540.0,12,C
210061716958,4,M,2,0,1.0,0,Nilópolis,451.7,493.4,491.3,498.4,400.0,2,D
210061945133,2,F,3,0,1.0,0,Duque de Caxias,505.0,542.8,514.1,513.5,540.0,3,H
210060952772,2,M,1,0,1.0,0,Nova Iguaçu,581.2,583.5,541.7,639.0,600.0,4,F
210061903269,3,F,2,0,1.0,0,Niterói,358.3,473.6,536.1,409.8,560.0,3,B
210061154536,3,F,3,0,1.0,0,Belford Roxo,465.6,506.7,487.1,616.7,600.0,5,G
210061226456,2,F,1,0,1.0,0,São João de Meriti,571.6,590.4,582.0,664.9,860.0,4,E
210061486599,3,F,3,0,1.0,0,Niterói,462.5,377.6,422.5,342.7,520.0,5,B
210062005864,2,F,2,0,1.0,0,Duque de Caxias,518.0,493.6,493.7,461.9,600.0,5,B
210061226466,2,F,1,0,1.0,0,Maricá,485.3,577.4,563.3,656.6,600.0,3,G
210061863576,3,M,3,0,1.0,0,Duque de Caxias,468.0,537.0,517.1,428.6,160.0,4,C
210061459926,3,F,3,0,1.0,0,Nova Iguaçu,504.0,492.0,398.9,619.5,540.0,4,G
210059073554,3,F,1,0,1.0,0,Duque de Caxias,411.0,503.9,511.7,491.0,480.0,3,D
210059477293,3,F,1,0,1.0,0,São João de Meriti,429.1,398.3,452.2,386.4,580.0,2,B
210061685133,2,M,1,0,1.0,0,Nova Iguaçu,521.0,396.3,469.2,644.6,620.0,3,C
210061418954,3,M,1,0,1.0,0,Nova Iguaçu,574.4,647.4,562.6,625.3,700.0,4,H
210060879374,2,M,1,0,1.0,0,Nova Iguaçu,529.7,572.8,579.1,598.6,520.0,2,H
210061765575,2,F,3,0,1.0,0,Maricá,514.0,491.4,399.0,391.3,320.0,4,D
210061783723,4,M,3,0,1.0,0,Duque de Caxias,333.2,371.1,374.6,471.9,500.0,5,E
210060015468,3,M,3,0,1.0,0,Nova Iguaçu,469.8,518.3,505.1,466.1,520.0,3,J
210061854771,3,F,1,0,1.0,0,Duque de Caxias,435.6,330.5,339.6,367.5,340.0,3,A
210061832918,3,M,3,0,1.0,0,Belford Roxo,338.2,525.5,427.9,421.0,380.0,5,A
210058912635,2,F,2,0,1.0,0,Duque de Caxias,609.6,621.3,597.8,543.8,880.0,4,D
210062049398,2,M,3,0,1.0,0,Belford Roxo,481.0,575.5,430.1,473.8,580.0,6,B
210061995697,3,M,0,0,1.0,0,Nilópolis,386.4,335.7,318.9,500.3,500.0,3,B
210061902226,2,F,1,0,1.0,0,Duque de Caxias,546.4,608.7,566.4,489.5,720.0,6,D
210061946094,4,F,3,0,1.0,0,Duque de Caxias,536.2,542.0,546.6,500.5,880.0,4,H
210061139391,2,M,3,0,1.0,0,Nova Iguaçu,618.2,481.5,527.4,642.2,680.0,4,F
210060811661,2,M,2,0,1.0,0,Niterói,388.3,533.1,572.6,576.0,600.0,4,F
210061119981,3,F,1,0,1.0,0,Nova Iguaçu,466.3,457.1,479.5,469.3,640.0,4,E
210061694034,2,F,1,0,1.0,0,Belford Roxo,463.9,513.8,523.5,433.6,580.0,5,B
210061691125,4,M,1,0,1.0,0,Nilópolis,679.6,654.6,613.5,761.7,920.0,4,E
210061967191,5,F,2,0,1.0,0,Maricá,420.0,430.4,450.1,415.9,300.0,4,F
210061789935,4,M,1,0,1.0,0,Nilópolis,366.3,402.2,394.1,411.4,640.0,4,B
210061726830,3,M,3,0,1.0,0,Nilópolis,485.8,569.6,513.5,673.8,380.0,4,D
210061904337,3,M,4,0,1.0,0,Duque de Caxias,574.9,467.1,488.9,659.1,660.0,4,B
210059469932,2,F,1,0,1.0,0,Niterói,567.5,615.6,631.1,692.6,780.0,6,L
210061320843,3,M,1,0,1.0,0,Duque de Caxias,498.2,483.9,546.4,494.0,300.0,6,B
210061012878,3,M,2,0,1.0,0,Niterói,548.7,574.6,494.3,550.1,640.0,6,C
210061401551,3,F,3,0,1.0,0,Nova Iguaçu,474.4,377.2,506.9,577.7,680.0,2,C
210061708229,3,M,3,0,1.0,0,Nova Iguaçu,579.3,638.8,623.2,717.7,600.0,3,G
210061679371,2,M,3,0,1.0,0,Nova Iguaçu,547.6,652.2,623.7,755.7,800.0,6,K
210061039175,2,M,1,0,1.0,0,Nilópolis,642.2,614.9,586.8,699.0,720.0,3,B
210061675954,3,M,1,0,1.0,0,Nova Iguaçu,561.1,569.1,564.1,642.6,560.0,3,G
210061628393,3,F,2,0,1.0,0,Nova Iguaçu,539.4,638.1,571.3,632.5,780.0,3,G
210061891142,2,M,2,0,1.0,0,Duque de Caxias,546.3,507.6,509.2,483.1,340.0,3,B
210061056492,2,M,3,0,1.0,0,Nova Iguaçu,571.4,625.1,567.2,738.8,600.0,4,I
210061948043,2,F,1,0,1.0,0,Nova Iguaçu,437.7,489.8,495.5,345.6,660.0,3,B
210061656072,2,F,3,0,1.0,0,São João de Meriti,340.8,454.2,426.0,376.3,500.0,6,B
210059307991,3,M,2,0,1.0,0,Nova Iguaçu,431.1,470.5,464.6,562.8,560.0,3,F
210061694669,5,M,3,0,1.0,0,Duque de Caxias,342.4,387.4,423.3,504.5,280.0,3,C
210062061235,3,F,3,0,1.0,0,Nova Iguaçu,466.2,391.0,479.7,484.9,720.0,4,C
210062061242,2,M,1,0,1.0,0,Niterói,441.1,327.8,335.0,362.6,500.0,5,C
210061224501,2,F,1,0,1.0,0,Duque de Caxias,507.9,507.3,528.2,419.5,580.0,3,E
210062034972,3,M,4,0,1.0,0,Duque de Caxias,478.7,619.1,586.3,655.3,500.0,7,D
210060167429,2,M,1,0,1.0,0,São João de Meriti,424.1,475.3,400.1,455.5,440.0,2,D
210061016718,3,F,1,0,1.0,0,Duque de Caxias,527.0,323.4,437.1,381.5,560.0,4,B
210060847008,2,F,3,0,1.0,0,Duque de Caxias,537.2,579.0,362.3,534.1,840.0,7,C
210061212664,3,M,1,0,1.0,0,Duque de Caxias,540.3,539.8,566.0,705.3,640.0,4,I
210060827683,2,F,3,0,1.0,0,Maricá,418.4,475.9,474.5,562.9,560.0,4,E
210058163127,2,M,3,0,1.0,0,Maricá,526.8,550.3,574.2,564.5,720.0,3,D
210058178978,3,F,3,0,1.0,0,Duque de Caxias,419.9,499.1,539.1,411.0,460.0,2,B
210060852674,2,F,1,0,1.0,0,Nova Iguaçu,453.8,444.9,500.1,529.0,780.0,3,D
210060095109,2,F,3,0,1.0,0,Nova Iguaçu,405.0,571.8,540.4,398.5,760.0,3,C
210060138887,13,F,3,0,1.0,0,Duque de Caxias,419.6,352.5,487.6,384.6,300.0,5,B
210061682328,2,F,2,0,1.0,0,Nova Iguaçu,474.1,552.8,609.9,466.7,740.0,6,I
210061224151,3,F,3,0,1.0,0,Duque de Caxias,487.8,596.9,548.0,495.3,700.0,5,C
210061697384,3,M,2,0,1.0,0,Nilópolis,545.0,457.2,474.7,328.9,560.0,3,B
210058898250,2,F,2,0,1.0,0,Belford Roxo,540.9,562.9,578.6,611.4,800.0,6,C
210059786584,3,M,1,0,1.0,0,Niterói,730.8,739.4,671.5,850.8,940.0,3,Q
210060067022,3,M,3,0,1.0,0,Belford Roxo,448.4,334.3,397.5,365.7,200.0,4,A
210061156460,4,F,1,0,1.0,0,Maricá,394.9,416.2,477.9,550.9,800.0,3,K
210058999138,2,M,0,0,1.0,0,Nova Iguaçu,582.8,559.3,457.1,447.1,540.0,3,G
210060239478,3,M,1,0,1.0,0,Niterói,565.8,562.7,624.6,594.5,900.0,3,D
210059089014,3,M,2,0,1.0,0,Duque de Caxias,541.5,355.9,483.6,412.7,420.0,4,G
210059714267,3,M,3,0,1.0,0,Niterói,527.9,595.6,560.2,603.3,640.0,3,M
210061446287,2,M,3,0,1.0,0,São João de Meriti,501.6,364.6,401.4,619.9,440.0,3,D
210060071957,3,F,3,0,1.0,0,Nova Iguaçu,391.3,400.6,389.2,474.0,620.0,5,B
210060817647,4,M,1,0,1.0,0,Nova Iguaçu,368.0,372.2,435.5,368.9,280.0,3,A
210060274898,3,M,1,0,1.0,0,Maricá,475.3,588.0,572.7,397.5,560.0,6,B
210061096856,3,F,2,0,1.0,0,Niterói,520.3,451.8,454.5,433.6,660.0,4,K
210061973688,4,F,2,0,1.0,0,Nova Iguaçu,480.0,572.2,522.5,588.0,560.0,3,B
210061973697,5,F,3,0,1.0,0,Duque de Caxias,419.6,473.9,481.6,388.0,420.0,4,A
210059636994,3,M,1,0,1.0,0,Duque de Caxias,671.7,614.6,651.4,694.7,800.0,4,E
210059953260,2,F,3,0,1.0,0,Nova Iguaçu,464.3,401.6,468.0,377.6,560.0,3,A
210061436476,2,F,1,0,1.0,0,Nilópolis,614.6,533.4,602.8,722.3,740.0,3,E
210060852693,3,M,2,0,1.0,0,Duque de Caxias,401.3,405.1,446.9,490.1,340.0,5,D
210060951009,3,F,1,0,1.0,0,Duque de Caxias,541.4,528.3,444.5,518.1,780.0,3,A
210060117946,3,F,1,0,1.0,0,São João de Meriti,523.7,680.7,635.6,742.1,840.0,3,E
210060105617,2,M,1,0,1.0,0,Nova Iguaçu,391.5,587.8,586.5,630.4,540.0,3,D
210061131371,3,F,1,0,1.0,0,Nova Iguaçu,478.6,513.8,528.4,468.0,360.0,3,B
210061135708,5,F,1,0,1.0,0,Nova Iguaçu,604.4,540.5,619.3,627.6,880.0,5,K
210058988367,2,M,4,0,1.0,0,Niterói,563.6,504.6,511.3,474.8,680.0,3,Q
210061077824,3,M,3,0,1.0,0,Maricá,566.5,509.7,459.4,430.7,360.0,2,B
210059099028,2,M,3,0,1.0,0,Niterói,428.6,504.9,466.8,505.0,400.0,4,C
210058913213,2,M,3,0,1.0,0,Duque de Caxias,573.1,467.3,498.0,532.5,560.0,4,C
210060999304,2,M,2,0,1.0,0,Duque de Caxias,434.8,433.5,477.2,404.3,400.0,3,E
210061003279,2,F,1,0,1.0,0,Nilópolis,492.5,553.4,520.8,585.0,600.0,3,D
210061336263,3,F,1,0,1.0,0,Maricá,483.9,517.6,561.2,467.6,640.0,3,H
210060979881,4,M,1,0,1.0,0,Niterói,541.2,502.5,501.7,537.9,900.0,2,E
210061717665,3,F,1,0,1.0,0,Niterói,484.8,556.2,491.6,391.1,500.0,2,H
210059408338,4,M,3,0,1.0,0,Duque de Caxias,430.8,527.0,461.7,536.9,600.0,6,I
210058877526,2,M,1,0,1.0,0,São João de Meriti,577.6,597.2,624.4,691.5,400.0,4,I
210061820693,3,F,1,0,1.0,0,Maricá,457.3,426.3,483.6,380.4,500.0,7,D
210061075964,3,F,3,0,1.0,0,Nilópolis,352.6,473.3,474.4,465.6,440.0,4,E
210060980023,4,M,2,0,1.0,0,São João de Meriti,384.7,356.9,406.1,329.3,560.0,2,C
210059660031,3,F,3,0,1.0,0,Duque de Caxias,394.3,555.9,531.7,397.3,540.0,5,G
210061884213,3,M,1,0,1.0,0,Maricá,614.6,562.8,500.2,675.6,760.0,3,J
210059222543,5,F,1,0,1.0,0,Nova Iguaçu,338.1,437.9,459.9,344.3,460.0,3,E
210059974081,2,F,2,0,1.0,0,Nova Iguaçu,450.4,435.1,486.9,428.3,400.0,5,A
210060997202,4,M,1,0,1.0,0,Niterói,572.8,547.5,517.7,561.0,640.0,6,D
210060881347,4,M,3,0,1.0,0,Duque de Caxias,464.5,513.9,516.7,484.4,360.0,4,B
210061058480,2,F,3,0,1.0,0,Duque de Caxias,476.8,444.1,438.5,445.8,540.0,3,C
210060800353,6,F,2,0,1.0,0,Nova Iguaçu,436.9,594.9,628.2,601.6,620.0,1,B
210059122293,2,F,1,0,1.0,0,Duque de Caxias,527.9,503.1,569.1,589.4,920.0,5,F
210061934244,3,F,1,0,1.0,0,Niterói,570.7,609.4,576.3,693.7,660.0,3,F
210058978144,3,F,3,0,1.0,0,São João de Meriti,393.5,492.0,472.0,427.3,520.0,4,B
210059945676,3,M,1,0,1.0,0,Maricá,532.8,425.5,470.4,531.5,380.0,7,J
210060867917,3,M,3,0,1.0,0,Niterói,415.4,522.1,543.0,371.7,540.0,3,B
210059546940,3,M,2,0,1.0,0,Duque de Caxias,387.2,550.7,559.9,575.6,640.0,5,E
210061940233,5,M,1,0,1.0,0,Nova Iguaçu,566.2,561.9,595.8,673.1,540.0,3,D
210061619517,3,M,3,0,1.0,0,Duque de Caxias,424.7,468.6,536.0,359.2,860.0,3,B
210061035004,2,M,1,0,1.0,0,Niterói,441.7,568.2,476.9,527.7,360.0,4,E
210061937233,2,M,3,0,1.0,0,Niterói,371.6,620.9,434.1,743.0,700.0,2,B
210061929834,3,M,3,0,1.0,0,Duque de Caxias,553.9,600.0,627.0,512.5,640.0,4,F
210061160633,2,F,3,0,1.0,0,Duque de Caxias,417.8,492.3,520.1,513.7,740.0,2,C
210060197938,3,F,3,0,1.0,0,Nova Iguaçu,540.5,544.6,476.9,486.7,620.0,4,B
210061126122,4,F,3,0,1.0,0,Duque de Caxias,473.0,507.1,400.9,395.1,440.0,5,D
210059361490,5,M,3,0,1.0,0,Nova Iguaçu,616.8,627.4,614.9,671.6,760.0,3,C
210059232912,2,M,3,0,1.0,0,São João de Meriti,482.3,462.5,431.1,487.5,340.0,3,G
210060030482,3,M,1,0,1.0,0,Maricá,500.7,486.5,509.3,480.0,700.0,2,E
210059770867,4,M,1,0,1.0,0,Duque de Caxias,333.8,324.9,449.1,334.6,500.0,4,C
210059639919,2,F,1,0,1.0,0,Nova Iguaçu,568.0,558.5,514.1,549.9,900.0,6,F
210059680859,3,M,1,0,1.0,0,Nova Iguaçu,355.1,582.2,539.4,378.1,660.0,4,B
210061326811,3,F,2,0,1.0,0,Duque de Caxias,517.0,511.7,513.8,436.7,520.0,3,D
210059819641,3,M,1,0,1.0,0,Niterói,403.6,408.1,503.8,727.2,700.0,4,N
210059680877,4,M,1,0,1.0,0,São João de Meriti,500.0,478.0,520.6,606.5,480.0,4,J
210059500370,2,F,2,0,1.0,0,Nova Iguaçu,493.2,515.6,483.8,552.6,360.0,5,G
210059050160,2,M,3,0,2.0,0,Maricá,341.9,521.9,457.3,537.9,580.0,2,K
210061952239,2,M,1,0,1.0,0,Nova Iguaçu,532.7,457.0,594.3,497.3,640.0,4,B
210058891773,5,F,2,0,1.0,0,Duque de Caxias,448.0,510.3,387.3,449.5,920.0,4,B
210059940853,5,M,3,0,1.0,0,Nilópolis,668.0,546.3,483.6,643.7,760.0,3,G
210059173723,3,F,5,0,1.0,0,Nova Iguaçu,415.9,351.3,307.7,421.7,540.0,3,Q
210061899113,3,M,2,0,1.0,0,Nova Iguaçu,477.4,503.6,498.9,339.6,480.0,4,D
210059173689,5,M,3,0,1.0,0,Duque de Caxias,531.8,356.8,363.6,533.6,580.0,3,E
210061556294,2,M,3,0,1.0,0,Nilópolis,584.2,570.7,530.4,808.0,540.0,4,E
210061345765,2,F,1,0,1.0,0,São João de Meriti,422.8,554.8,534.5,455.5,760.0,3,C
