user_id,sexo,idade,pais,tipo_assinatura,tempo_uso,musicas_por_dia,taxa_pulo,dispositivo,anuncios_semana,escuta_offline,cancelamento
1,Feminino,54,CA,Gratuito,26,23,0.2,Desktop,31,0,1
2,Feminino,33,DE,Familia,141,62,0.34,Web,0,1,0
3,Masculino,38,AU,Premium,199,38,0.04,Mobile,0,1,1
4,Feminino,22,CA,Estudante,36,2,0.31,Mobile,0,1,0
5,Feminino,29,US,Familia,250,57,0.36,Mobile,0,1,1
6,Feminino,17,AU,Gratuito,219,35,0.46,Desktop,13,0,0
7,Feminino,39,UK,Premium,289,44,0.38,Desktop,0,1,0
8,Feminino,41,UK,Gratuito,210,68,0.11,Mobile,5,0,0
9,Feminino,55,DE,Estudante,50,66,0.29,Web,0,1,0
10,Masculino,44,DE,Gratuito,278,94,0.38,Mobile,44,0,0
11,Feminino,33,DE,Gratuito,86,44,0.11,Web,37,0,0
12,Feminino,24,CA,Gratuito,113,24,0.56,Desktop,39,0,1
13,Feminino,37,IN,Familia,24,86,0.11,Desktop,0,1,0
14,Feminino,53,US,Premium,45,47,0.6,Web,0,1,0
15,Feminino,37,IN,Familia,114,13,0.44,Web,0,1,1
16,Masculino,25,FR,Estudante,230,25,0.26,Desktop,0,1,0
17,Feminino,36,DE,Estudante,181,93,0.23,Mobile,0,1,0
18,Masculino,58,US,Familia,120,8,0.41,Desktop,0,1,0
19,Feminino,34,DE,Familia,160,32,0.35,Mobile,0,1,0
20,Masculino,35,UK,Estudante,281,51,0.35,Desktop,0,1,0
21,Feminino,33,AU,Estudante,138,60,0.6,Web,0,1,0
22,Masculino,49,AU,Premium,20,7,0.45,Desktop,0,1,0
23,Feminino,45,PK,Familia,138,95,0.1,Desktop,0,1,0
24,Masculino,44,CA,Familia,134,97,0.42,Web,0,1,0
25,Feminino,32,CA,Premium,133,22,0.59,Desktop,0,1,0
26,Feminino,19,US,Estudante,39,29,0.53,Desktop,0,1,0
27,Masculino,28,IN,Gratuito,293,67,0.33,Mobile,23,0,1
28,Feminino,58,FR,Gratuito,15,55,0.3,Mobile,35,0,0
29,Masculino,33,FR,Gratuito,123,13,0.22,Desktop,7,0,0
30,Feminino,22,FR,Premium,18,12,0.39,Mobile,0,1,0
31,Feminino,44,UK,Premium,149,45,0.22,Web,0,1,0
32,Masculino,53,US,Estudante,72,12,0.17,Web,0,1,0
33,Feminino,49,IN,Premium,291,74,0.11,Mobile,0,1,0
34,Masculino,49,US,Familia,147,52,0.43,Web,0,1,0
35,Feminino,55,FR,Premium,18,2,0.04,Mobile,0,1,0
36,Feminino,24,DE,Gratuito,59,53,0.18,Web,28,0,1
37,Masculino,22,DE,Estudante,280,99,0.29,Desktop,0,1,0
38,Feminino,50,US,Familia,117,98,0.04,Mobile,0,1,0
39,Feminino,42,DE,Familia,47,59,0.06,Desktop,0,1,0
40,Masculino,17,DE,Familia,260,44,0.5,Desktop,0,1,1
41,Feminino,51,UK,Premium,122,16,0.54,Desktop,0,1,0
42,Feminino,46,US,Estudante,255,14,0.39,Desktop,0,1,0
43,Masculino,22,DE,Familia,49,39,0.51,Mobile,0,1,0
44,Masculino,37,DE,Familia,90,89,0.4,Mobile,0,1,0
45,Masculino,39,PK,Familia,288,69,0.48,Web,0,1,0
46,Feminino,18,PK,Premium,255,3,0.39,Web,0,1,0
47,Feminino,56,CA,Estudante,255,75,0.58,Desktop,0,1,0
48,Masculino,58,US,Familia,26,23,0.08,Mobile,0,1,0
49,Feminino,59,US,Familia,238,60,0.29,Desktop,0,1,0
50,Masculino,50,PK,Gratuito,241,7,0.56,Desktop,22,0,1
51,Feminino,45,CA,Premium,124,98,0.36,Desktop,0,1,0
52,Feminino,56,FR,Premium,175,67,0.38,Web,0,1,0
53,Feminino,38,AU,Gratuito,41,3,0.0,Desktop,43,0,1
54,Masculino,57,DE,Gratuito,222,96,0.26,Web,15,0,0
55,Feminino,46,UK,Familia,121,71,0.32,Desktop,0,1,0
56,Feminino,41,IN,Familia,277,2,0.59,Web,0,1,0
57,Feminino,19,IN,Gratuito,107,82,0.11,Desktop,12,0,1
58,Masculino,48,FR,Estudante,198,63,0.23,Desktop,0,1,0
59,Feminino,22,DE,Gratuito,59,51,0.42,Desktop,19,0,0
60,Feminino,17,IN,Estudante,95,79,0.53,Web,0,1,1
61,Feminino,25,UK,Premium,262,23,0.17,Web,0,1,0
62,Feminino,49,PK,Estudante,169,26,0.56,Mobile,0,1,0
63,Feminino,59,IN,Gratuito,25,32,0.2,Mobile,38,0,0
64,Feminino,45,CA,Familia,55,67,0.51,Mobile,0,1,1
65,Masculino,45,IN,Estudante,161,42,0.4,Desktop,0,1,1
66,Feminino,21,FR,Familia,77,42,0.56,Web,0,1,0
67,Masculino,45,DE,Gratuito,152,32,0.49,Mobile,14,0,1
68,Feminino,45,UK,Gratuito,156,51,0.14,Desktop,18,0,0
69,Feminino,22,AU,Estudante,99,43,0.17,Desktop,0,1,0
70,Feminino,56,US,Gratuito,181,40,0.21,Mobile,10,0,0
71,Feminino,51,AU,Estudante,265,81,0.36,Web,0,1,0
72,Feminino,22,AU,Familia,131,70,0.35,Web,0,1,0
73,Feminino,33,CA,Estudante,19,68,0.32,Desktop,0,1,1
74,Feminino,59,AU,Familia,201,15,0.05,Mobile,0,1,0
75,Masculino,41,DE,Familia,223,53,0.33,Web,0,1,0
76,Masculino,25,UK,Premium,111,83,0.19,Desktop,0,1,0
77,Masculino,41,FR,Familia,81,6,0.47,Mobile,0,1,0
78,Feminino,30,FR,Familia,124,73,0.43,Mobile,0,1,0
79,Masculino,23,US,Gratuito,13,30,0.24,Mobile,32,0,0
80,Feminino,47,PK,Premium,31,72,0.53,Desktop,0,1,1
81,Masculino,34,AU,Premium,277,87,0.3,Web,0,1,0
82,Feminino,45,FR,Estudante,181,69,0.59,Web,0,1,0
83,Feminino,32,PK,Gratuito,167,4,0.56,Mobile,35,0,0
84,Feminino,51,CA,Gratuito,105,11,0.03,Web,29,0,0
85,Feminino,21,FR,Estudante,202,79,0.45,Desktop,0,1,0
86,Feminino,20,IN,Familia,284,38,0.23,Web,0,1,0
87,Masculino,21,US,Premium,125,82,0.43,Web,0,1,0
88,Feminino,44,UK,Gratuito,237,36,0.37,Web,20,0,0
89,Feminino,50,PK,Familia,99,15,0.15,Mobile,0,1,0
90,Feminino,52,DE,Estudante,224,49,0.38,Desktop,0,1,0
91,Masculino,43,UK,Gratuito,195,80,0.17,Web,28,0,0
92,Feminino,41,PK,Premium,173,85,0.22,Web,0,1,0
93,Feminino,57,IN,Familia,210,7,0.25,Web,0,1,0
94,Feminino,50,UK,Gratuito,85,7,0.45,Desktop,44,0,0
95,Feminino,35,FR,Familia,93,1,0.4,Mobile,0,1,0
96,Feminino,51,IN,Estudante,222,97,0.03,Desktop,0,1,1
97,Masculino,34,CA,Premium,196,69,0.07,Web,0,1,0
98,Feminino,47,US,Familia,215,13,0.02,Mobile,0,1,1
99,Masculino,19,PK,Familia,22,45,0.29,Web,0,1,1
100,Feminino,30,UK,Estudante,283,13,0.02,Desktop,0,1,0
101,Feminino,27,FR,Gratuito,40,15,0.5,Web,16,0,0
102,Masculino,25,DE,Estudante,251,91,0.12,Desktop,0,1,0
103,Feminino,47,AU,Familia,240,61,0.56,Mobile,0,1,0
104,Masculino,33,US,Familia,160,76,0.06,Web,0,1,0
105,Masculino,46,CA,Gratuito,114,11,0.24,Web,19,0,0
106,Feminino,50,AU,Estudante,251,9,0.39,Web,0,1,0
107,Masculino,31,FR,Estudante,181,89,0.11,Desktop,0,1,1
108,Feminino,45,FR,Premium,215,16,0.26,Web,0,1,0
109,Masculino,51,FR,Estudante,119,11,0.05,Desktop,0,1,0
110,Feminino,33,CA,Premium,224,34,0.11,Mobile,0,1,0
111,Masculino,42,DE,Premium,31,61,0.29,Mobile,0,1,0
112,Masculino,16,CA,Familia,17,10,0.27,Desktop,0,1,0
113,Feminino,31,FR,Estudante,174,29,0.13,Desktop,0,1,1
114,Masculino,40,AU,Familia,31,48,0.33,Web,0,1,0
115,Masculino,57,FR,Estudante,84,40,0.58,Desktop,0,1,0
116,Feminino,17,CA,Gratuito,198,31,0.07,Web,6,0,0
117,Masculino,31,CA,Estudante,272,40,0.12,Desktop,0,1,1
118,Feminino,45,UK,Familia,21,73,0.16,Web,0,1,0
119,Masculino,59,PK,Familia,251,47,0.14,Mobile,0,1,0
120,Feminino,49,PK,Familia,95,81,0.36,Mobile,0,1,0
121,Masculino,59,IN,Estudante,169,20,0.18,Desktop,0,1,1
122,Masculino,47,DE,Premium,35,20,0.32,Desktop,0,1,1
123,Masculino,21,US,Gratuito,32,34,0.52,Web,14,0,1
124,Feminino,28,DE,Gratuito,55,67,0.53,Desktop,7,0,0
125,Feminino,47,US,Familia,120,26,0.48,Desktop,0,1,0
126,Feminino,46,IN,Gratuito,11,67,0.4,Desktop,36,0,1
127,Feminino,20,US,Premium,194,52,0.2,Mobile,0,1,0
128,Feminino,34,PK,Premium,81,85,0.29,Web,0,1,0
129,Feminino,24,DE,Gratuito,217,52,0.45,Web,23,0,0
130,Masculino,40,US,Premium,11,11,0.42,Web,0,1,1
131,Masculino,48,UK,Gratuito,72,35,0.53,Desktop,22,0,0
132,Feminino,47,PK,Premium,162,94,0.29,Desktop,0,1,0
133,Feminino,33,IN,Familia,271,57,0.36,Mobile,0,1,1
134,Masculino,20,US,Premium,218,6,0.02,Desktop,0,1,1
135,Feminino,55,DE,Familia,94,24,0.3,Web,0,1,0
136,Masculino,58,CA,Estudante,295,72,0.43,Desktop,0,1,0
137,Feminino,41,US,Premium,286,35,0.42,Desktop,0,1,0
138,Feminino,53,US,Estudante,298,37,0.5,Mobile,0,1,0
139,Feminino,50,CA,Familia,261,20,0.39,Desktop,0,1,1
140,Feminino,55,US,Gratuito,201,82,0.5,Desktop,27,0,1
141,Feminino,56,US,Gratuito,40,84,0.56,Web,49,0,0
142,Feminino,18,AU,Premium,30,78,0.42,Mobile,0,1,0
143,Masculino,29,CA,Estudante,109,88,0.45,Web,0,1,1
144,Feminino,28,UK,Premium,171,19,0.48,Mobile,0,1,1
145,Masculino,24,PK,Familia,223,31,0.09,Mobile,0,1,0
146,Feminino,44,AU,Familia,52,17,0.2,Desktop,0,1,0
147,Feminino,18,IN,Familia,195,94,0.49,Desktop,0,1,0
148,Feminino,40,PK,Premium,198,78,0.0,Desktop,0,1,0
149,Feminino,22,DE,Estudante,285,2,0.3,Desktop,0,1,0
150,Masculino,34,FR,Premium,278,83,0.24,Desktop,0,1,0
151,Masculino,44,AU,Premium,251,57,0.37,Desktop,0,1,0
152,Masculino,58,US,Estudante,158,52,0.27,Mobile,0,1,0
153,Feminino,41,PK,Familia,14,41,0.59,Web,0,1,0
154,Feminino,52,UK,Premium,280,81,0.27,Desktop,0,1,1
155,Masculino,26,IN,Estudante,257,14,0.13,Web,0,1,0
156,Feminino,42,CA,Familia,21,76,0.56,Web,0,1,1
157,Feminino,27,PK,Gratuito,237,27,0.16,Web,40,0,0
158,Feminino,48,DE,Gratuito,224,53,0.07,Mobile,43,0,0
159,Feminino,24,AU,Familia,216,76,0.28,Mobile,0,1,0
160,Feminino,34,CA,Premium,137,97,0.32,Web,0,1,0
161,Feminino,28,DE,Gratuito,209,84,0.53,Web,28,0,0
162,Feminino,17,FR,Gratuito,36,30,0.19,Mobile,43,0,1
163,Feminino,50,PK,Gratuito,95,50,0.49,Desktop,31,0,1
164,Feminino,35,AU,Premium,298,25,0.11,Mobile,0,1,1
165,Masculino,20,DE,Familia,224,51,0.23,Desktop,0,1,1
166,Feminino,50,PK,Gratuito,205,43,0.48,Desktop,47,0,0
167,Masculino,23,FR,Estudante,95,31,0.37,Web,0,1,0
168,Feminino,20,UK,Gratuito,289,17,0.28,Desktop,35,0,0
169,Masculino,51,CA,Premium,168,28,0.54,Web,0,1,0
170,Feminino,18,PK,Gratuito,211,48,0.48,Mobile,23,0,1
171,Masculino,29,DE,Premium,63,99,0.38,Mobile,0,1,0
172,Masculino,39,DE,Gratuito,124,83,0.52,Mobile,35,0,0
173,Feminino,51,CA,Familia,275,56,0.05,Web,0,1,0
174,Masculino,24,PK,Estudante,120,38,0.11,Mobile,0,1,0
175,Masculino,20,DE,Gratuito,64,20,0.16,Mobile,20,0,1
176,Feminino,57,UK,Premium,121,86,0.08,Web,0,1,1
177,Feminino,16,AU,Gratuito,184,12,0.2,Desktop,15,0,0
178,Masculino,18,PK,Familia,219,54,0.06,Web,0,1,0
179,Masculino,16,DE,Gratuito,184,40,0.01,Mobile,9,0,0
180,Feminino,50,UK,Familia,30,37,0.25,Desktop,0,1,1
181,Masculino,23,DE,Gratuito,55,46,0.41,Desktop,7,0,0
182,Feminino,53,AU,Premium,38,4,0.09,Mobile,0,1,0
183,Masculino,58,CA,Premium,281,58,0.16,Desktop,0,1,0
184,Feminino,31,DE,Premium,140,57,0.35,Mobile,0,1,1
185,Feminino,19,US,Estudante,130,17,0.35,Desktop,0,1,0
186,Feminino,36,US,Estudante,238,82,0.35,Web,0,1,1
187,Feminino,19,PK,Premium,295,53,0.55,Web,0,1,1
188,Feminino,26,IN,Gratuito,265,31,0.41,Web,38,0,0
189,Feminino,16,US,Estudante,179,80,0.6,Desktop,0,1,0
190,Feminino,49,AU,Gratuito,198,4,0.1,Desktop,36,0,0
191,Feminino,55,UK,Premium,180,17,0.08,Web,0,1,0
192,Feminino,21,DE,Estudante,267,89,0.52,Web,0,1,0
193,Feminino,48,CA,Gratuito,126,22,0.58,Mobile,45,0,0
194,Feminino,38,IN,Familia,233,94,0.29,Web,0,1,1
195,Masculino,59,PK,Estudante,161,95,0.59,Desktop,0,1,1
196,Feminino,31,CA,Estudante,100,70,0.43,Mobile,0,1,0
197,Feminino,24,US,Estudante,240,45,0.53,Web,0,1,1
198,Masculino,55,UK,Estudante,170,95,0.45,Mobile,0,1,0
199,Masculino,53,UK,Familia,150,29,0.18,Desktop,0,1,0
200,Feminino,31,US,Familia,203,79,0.15,Web,0,1,0
201,Feminino,49,AU,Gratuito,226,31,0.24,Desktop,32,0,0
202,Feminino,49,UK,Premium,31,93,0.03,Desktop,0,1,0
203,Feminino,33,DE,Premium,81,34,0.09,Mobile,0,1,0
204,Feminino,59,PK,Gratuito,62,99,0.55,Mobile,5,0,0
205,Feminino,58,AU,Gratuito,202,22,0.45,Mobile,36,0,0
206,Feminino,49,PK,Gratuito,207,33,0.09,Web,9,0,1
207,Masculino,42,DE,Estudante,20,38,0.6,Web,0,1,0
208,Feminino,24,AU,Gratuito,113,42,0.56,Desktop,32,0,1
209,Masculino,33,IN,Gratuito,168,42,0.12,Desktop,49,0,0
210,Feminino,20,IN,Estudante,251,79,0.37,Web,0,1,0
211,Feminino,42,IN,Gratuito,222,95,0.04,Desktop,29,0,0
212,Feminino,16,DE,Gratuito,74,33,0.12,Mobile,13,0,0
213,Masculino,37,CA,Premium,139,71,0.16,Desktop,0,1,0
214,Feminino,26,FR,Gratuito,160,23,0.06,Web,45,0,0
215,Feminino,46,US,Premium,37,94,0.37,Web,0,1,0
216,Masculino,36,US,Familia,199,4,0.12,Desktop,0,1,0
217,Feminino,32,FR,Gratuito,204,87,0.42,Desktop,14,0,0
218,Feminino,18,IN,Familia,181,67,0.56,Desktop,0,1,1
219,Feminino,20,DE,Premium,269,4,0.31,Web,0,1,0
220,Feminino,19,IN,Gratuito,245,9,0.07,Mobile,42,0,0
221,Feminino,34,CA,Estudante,50,54,0.59,Web,0,1,0
222,Feminino,50,DE,Estudante,272,46,0.12,Web,0,1,0
223,Feminino,36,FR,Familia,271,26,0.5,Web,0,1,0
224,Feminino,53,DE,Estudante,252,68,0.04,Web,0,1,1
225,Feminino,31,PK,Estudante,155,2,0.36,Desktop,0,1,1
226,Feminino,40,FR,Gratuito,66,80,0.02,Mobile,48,0,1
227,Feminino,41,CA,Estudante,51,26,0.19,Web,0,1,0
228,Masculino,27,UK,Gratuito,174,6,0.54,Mobile,7,0,0
229,Feminino,52,DE,Estudante,165,20,0.01,Desktop,0,1,1
230,Feminino,49,AU,Premium,73,39,0.11,Mobile,0,1,0
231,Masculino,51,DE,Estudante,10,11,0.09,Web,0,1,0
232,Feminino,19,FR,Premium,279,26,0.03,Web,0,1,0
233,Masculino,41,UK,Gratuito,222,4,0.06,Mobile,26,0,1
234,Masculino,49,DE,Premium,39,6,0.54,Web,0,1,0
235,Masculino,17,FR,Premium,40,97,0.08,Mobile,0,1,1
236,Feminino,22,UK,Premium,254,86,0.45,Desktop,0,1,1
237,Masculino,31,UK,Familia,227,23,0.55,Mobile,0,1,1
238,Feminino,19,FR,Premium,244,5,0.34,Web,0,1,0
239,Feminino,37,CA,Gratuito,113,85,0.23,Mobile,27,0,1
240,Feminino,43,UK,Gratuito,218,6,0.01,Mobile,15,0,1
241,Masculino,29,UK,Gratuito,144,94,0.33,Desktop,19,0,0
242,Feminino,51,CA,Premium,143,48,0.09,Web,0,1,0
243,Masculino,41,CA,Premium,110,61,0.44,Mobile,0,1,0
244,Feminino,24,FR,Familia,283,90,0.53,Web,0,1,0
245,Feminino,19,PK,Premium,276,15,0.28,Mobile,0,1,0
246,Masculino,48,IN,Premium,178,70,0.29,Desktop,0,1,0
247,Feminino,37,US,Premium,114,13,0.49,Desktop,0,1,0
248,Feminino,59,US,Gratuito,98,24,0.32,Mobile,8,0,0
249,Feminino,54,IN,Familia,49,27,0.29,Mobile,0,1,0
250,Feminino,36,AU,Premium,28,39,0.27,Web,0,1,0
251,Feminino,58,FR,Premium,259,67,0.17,Mobile,0,1,0
252,Feminino,20,CA,Gratuito,279,84,0.43,Desktop,24,0,0
253,Feminino,18,AU,Premium,139,58,0.09,Web,0,1,1
254,Feminino,35,DE,Gratuito,53,97,0.45,Desktop,29,0,0
255,Masculino,57,UK,Familia,255,82,0.19,Mobile,0,1,0
256,Feminino,55,CA,Premium,259,20,0.01,Mobile,0,1,0
257,Feminino,53,PK,Gratuito,112,33,0.34,Mobile,30,0,0
258,Feminino,22,US,Premium,260,75,0.36,Web,0,1,0
259,Feminino,51,IN,Premium,91,3,0.49,Desktop,0,1,0
260,Feminino,43,PK,Gratuito,92,18,0.19,Mobile,25,0,0
261,Feminino,37,AU,Gratuito,140,14,0.02,Mobile,31,0,0
262,Masculino,29,US,Premium,259,28,0.19,Desktop,0,1,1
263,Masculino,17,UK,Estudante,119,73,0.22,Desktop,0,1,0
264,Masculino,36,IN,Estudante,99,92,0.54,Web,0,1,1
265,Masculino,53,AU,Gratuito,265,49,0.2,Desktop,41,0,1
266,Feminino,54,IN,Premium,299,93,0.27,Mobile,0,1,1
267,Feminino,59,AU,Gratuito,255,75,0.56,Web,38,0,0
268,Feminino,42,DE,Familia,157,96,0.48,Web,0,1,1
269,Feminino,36,AU,Familia,176,15,0.11,Mobile,0,1,0
270,Feminino,22,AU,Estudante,146,45,0.44,Mobile,0,1,0
271,Masculino,19,DE,Familia,211,64,0.15,Mobile,0,1,0
272,Masculino,47,IN,Premium,191,42,0.52,Mobile,0,1,1
273,Masculino,29,CA,Premium,218,72,0.29,Mobile,0,1,0
274,Feminino,32,CA,Familia,128,94,0.48,Web,0,1,0
275,Feminino,47,US,Gratuito,30,10,0.38,Web,37,0,0
276,Masculino,30,DE,Familia,176,17,0.35,Mobile,0,1,0
277,Masculino,23,UK,Premium,50,45,0.08,Mobile,0,1,0
278,Feminino,37,FR,Gratuito,267,72,0.12,Desktop,38,0,0
279,Feminino,17,PK,Estudante,20,84,0.45,Web,0,1,0
280,Feminino,45,US,Familia,134,92,0.31,Mobile,0,1,0
281,Feminino,42,AU,Estudante,282,57,0.31,Mobile,0,1,0
282,Masculino,42,US,Premium,52,55,0.05,Web,0,1,1
283,Feminino,31,AU,Premium,97,37,0.59,Web,0,1,0
284,Feminino,53,IN,Gratuito,58,63,0.45,Mobile,45,0,0
285,Feminino,47,AU,Premium,126,71,0.29,Desktop,0,1,1
286,Feminino,40,FR,Premium,172,48,0.54,Web,0,1,0
287,Feminino,35,PK,Gratuito,258,36,0.2,Desktop,24,0,1
288,Feminino,33,IN,Gratuito,291,31,0.29,Desktop,39,0,0
289,Feminino,44,DE,Gratuito,27,96,0.04,Desktop,27,0,1
290,Feminino,41,UK,Familia,262,32,0.47,Desktop,0,1,0
291,Masculino,32,DE,Premium,52,52,0.47,Desktop,0,1,1
292,Feminino,20,CA,Estudante,108,26,0.17,Web,0,1,0
293,Masculino,51,US,Premium,235,5,0.28,Desktop,0,1,0
294,Feminino,25,US,Estudante,213,36,0.28,Web,0,1,0
295,Feminino,32,PK,Premium,169,6,0.13,Web,0,1,1
296,Feminino,34,DE,Estudante,158,84,0.1,Mobile,0,1,1
297,Masculino,34,DE,Premium,293,30,0.16,Desktop,0,1,0
298,Masculino,45,DE,Premium,99,84,0.58,Web,0,1,1
299,Feminino,45,US,Estudante,194,40,0.59,Desktop,0,1,0
300,Feminino,50,US,Premium,126,86,0.52,Mobile,0,1,0
301,Feminino,45,UK,Familia,102,18,0.08,Mobile,0,1,0
302,Feminino,55,PK,Gratuito,210,32,0.15,Web,29,0,1
303,Feminino,32,US,Gratuito,134,71,0.43,Mobile,14,0,0
304,Masculino,48,UK,Premium,62,25,0.53,Web,0,1,0
305,Feminino,36,US,Premium,183,29,0.53,Web,0,1,0
306,Feminino,39,DE,Premium,279,97,0.36,Mobile,0,1,0
307,Feminino,59,CA,Premium,159,48,0.21,Mobile,0,1,1
308,Masculino,23,US,Premium,187,22,0.14,Desktop,0,1,1
309,Feminino,41,UK,Familia,57,3,0.41,Mobile,0,1,0
310,Feminino,31,FR,Familia,133,88,0.07,Desktop,0,1,0
311,Masculino,48,IN,Estudante,168,78,0.41,Desktop,0,1,0
312,Feminino,21,AU,Familia,251,47,0.55,Mobile,0,1,0
313,Feminino,18,AU,Familia,71,18,0.0,Web,0,1,0
314,Feminino,25,FR,Estudante,178,84,0.32,Desktop,0,1,0
315,Masculino,56,IN,Estudante,206,64,0.1,Mobile,0,1,1
316,Masculino,34,FR,Gratuito,36,12,0.22,Mobile,44,0,0
317,Feminino,25,CA,Familia,122,69,0.09,Web,0,1,0
318,Masculino,24,PK,Premium,158,51,0.26,Web,0,1,0
319,Feminino,41,FR,Estudante,223,79,0.05,Mobile,0,1,0
320,Masculino,38,IN,Estudante,251,65,0.44,Desktop,0,1,0
321,Feminino,19,US,Familia,294,5,0.44,Web,0,1,0
322,Feminino,25,IN,Estudante,12,2,0.34,Web,0,1,1
323,Masculino,55,IN,Familia,218,58,0.36,Desktop,0,1,0
324,Masculino,17,UK,Gratuito,49,26,0.54,Desktop,12,0,0
325,Feminino,50,FR,Estudante,66,13,0.58,Mobile,0,1,1
326,Feminino,39,DE,Gratuito,295,20,0.09,Mobile,21,0,1
327,Masculino,26,AU,Estudante,131,98,0.24,Desktop,0,1,0
328,Feminino,34,UK,Gratuito,203,10,0.1,Desktop,42,0,0
329,Feminino,32,CA,Premium,201,38,0.44,Web,0,1,0
330,Feminino,40,CA,Estudante,59,35,0.37,Desktop,0,1,0
331,Masculino,32,US,Familia,119,39,0.45,Web,0,1,0
332,Feminino,51,CA,Premium,219,96,0.51,Web,0,1,1
333,Masculino,46,CA,Familia,152,83,0.58,Mobile,0,1,0
334,Feminino,51,CA,Premium,157,9,0.57,Web,0,1,0
335,Feminino,38,CA,Gratuito,89,59,0.15,Mobile,21,0,0
336,Feminino,54,FR,Familia,63,68,0.21,Mobile,0,1,0
337,Masculino,59,UK,Premium,93,36,0.39,Desktop,0,1,0
338,Feminino,41,AU,Estudante,97,78,0.02,Web,0,1,0
339,Feminino,34,IN,Premium,289,79,0.09,Desktop,0,1,0
340,Feminino,55,IN,Familia,291,39,0.3,Mobile,0,1,1
341,Feminino,34,UK,Familia,291,70,0.22,Desktop,0,1,0
342,Feminino,20,UK,Estudante,218,76,0.58,Web,0,1,1
343,Feminino,20,CA,Premium,56,55,0.18,Web,0,1,0
344,Masculino,32,IN,Estudante,157,12,0.48,Web,0,1,1
345,Feminino,37,DE,Estudante,171,65,0.52,Web,0,1,1
346,Feminino,50,CA,Familia,16,64,0.05,Web,0,1,0
347,Feminino,21,DE,Familia,207,21,0.18,Web,0,1,1
348,Masculino,48,US,Premium,123,37,0.27,Web,0,1,0
349,Masculino,46,IN,Premium,55,48,0.47,Web,0,1,1
350,Feminino,44,AU,Gratuito,49,43,0.25,Desktop,5,0,0
351,Feminino,55,PK,Gratuito,62,57,0.58,Web,7,0,0
352,Feminino,57,AU,Estudante,85,32,0.0,Desktop,0,1,0
353,Feminino,41,CA,Familia,78,33,0.04,Desktop,0,1,0
354,Masculino,50,CA,Gratuito,107,7,0.42,Desktop,27,0,1
355,Feminino,32,FR,Gratuito,202,29,0.14,Web,41,0,0
356,Masculino,51,PK,Familia,211,25,0.51,Mobile,0,1,0
357,Feminino,26,FR,Gratuito,73,27,0.19,Web,26,0,1
358,Masculino,22,PK,Premium,229,70,0.02,Desktop,0,1,0
359,Feminino,19,UK,Gratuito,164,21,0.53,Desktop,8,0,0
360,Feminino,49,DE,Familia,61,33,0.48,Desktop,0,1,1
361,Masculino,56,IN,Gratuito,164,66,0.3,Desktop,34,0,0
362,Feminino,39,PK,Gratuito,232,2,0.14,Mobile,27,0,0
363,Feminino,57,PK,Estudante,146,98,0.06,Mobile,0,1,1
364,Feminino,18,AU,Premium,42,27,0.22,Web,0,1,1
365,Masculino,43,CA,Gratuito,265,89,0.56,Desktop,28,0,0
366,Feminino,32,US,Familia,275,47,0.59,Mobile,0,1,1
367,Feminino,33,US,Estudante,295,1,0.03,Desktop,0,1,1
368,Feminino,16,IN,Gratuito,269,13,0.54,Desktop,40,0,0
369,Feminino,50,FR,Familia,224,18,0.09,Desktop,0,1,0
370,Feminino,42,PK,Gratuito,51,60,0.22,Desktop,17,0,0
371,Feminino,49,UK,Familia,100,49,0.37,Desktop,0,1,1
372,Feminino,35,FR,Premium,267,63,0.6,Web,0,1,0
373,Feminino,54,IN,Gratuito,102,35,0.06,Mobile,40,0,0
374,Masculino,44,PK,Gratuito,84,64,0.57,Web,23,0,1
375,Feminino,21,FR,Gratuito,289,92,0.2,Mobile,27,0,1
376,Masculino,44,FR,Familia,173,30,0.38,Desktop,0,1,0
377,Masculino,46,AU,Familia,42,77,0.34,Web,0,1,0
378,Feminino,53,AU,Familia,261,76,0.41,Desktop,0,1,0
379,Feminino,39,US,Gratuito,163,2,0.03,Web,38,0,1
380,Feminino,26,AU,Estudante,175,9,0.37,Web,0,1,0
381,Feminino,35,DE,Estudante,259,96,0.48,Mobile,0,1,1
382,Feminino,51,PK,Premium,103,58,0.06,Mobile,0,1,0
383,Feminino,55,DE,Familia,148,52,0.43,Desktop,0,1,0
384,Feminino,45,PK,Premium,50,19,0.02,Mobile,0,1,0
385,Feminino,53,PK,Familia,187,27,0.11,Desktop,0,1,1
386,Feminino,16,DE,Estudante,57,48,0.52,Web,0,1,0
387,Masculino,32,FR,Gratuito,51,70,0.38,Web,19,0,0
388,Feminino,26,FR,Gratuito,146,4,0.59,Mobile,16,0,0
389,Feminino,48,UK,Gratuito,210,60,0.05,Desktop,42,0,1
390,Feminino,59,UK,Familia,58,55,0.25,Web,0,1,0
391,Feminino,42,IN,Familia,124,11,0.16,Mobile,0,1,0
392,Feminino,40,IN,Estudante,273,80,0.26,Mobile,0,1,1
393,Feminino,53,PK,Gratuito,49,74,0.47,Mobile,19,0,0
394,Feminino,38,US,Estudante,119,73,0.11,Web,0,1,0
395,Feminino,58,CA,Estudante,225,10,0.08,Web,0,1,0
396,Feminino,24,US,Gratuito,203,75,0.26,Desktop,27,0,0
397,Feminino,36,DE,Familia,21,11,0.28,Web,0,1,0
398,Feminino,53,UK,Estudante,120,66,0.25,Mobile,0,1,1
399,Masculino,21,AU,Estudante,59,34,0.11,Web,0,1,0
400,Masculino,43,FR,Familia,272,5,0.24,Desktop,0,1,0
401,Feminino,26,US,Premium,228,24,0.12,Mobile,0,1,0
402,Masculino,23,DE,Estudante,131,23,0.32,Desktop,0,1,0
403,Feminino,40,PK,Estudante,103,39,0.08,Web,0,1,1
404,Feminino,37,CA,Gratuito,152,87,0.57,Desktop,23,0,0
405,Masculino,33,PK,Familia,261,18,0.28,Desktop,0,1,1
406,Feminino,26,US,Familia,276,46,0.2,Mobile,0,1,1
407,Feminino,43,AU,Familia,58,22,0.37,Desktop,0,1,0
408,Feminino,46,CA,Premium,118,98,0.53,Web,0,1,0
409,Masculino,23,AU,Gratuito,256,83,0.17,Mobile,29,0,0
410,Feminino,30,CA,Gratuito,84,22,0.25,Mobile,5,0,0
411,Feminino,32,AU,Premium,51,8,0.29,Desktop,0,1,0
412,Feminino,29,AU,Gratuito,107,23,0.52,Web,17,0,1
413,Feminino,19,US,Gratuito,289,61,0.31,Desktop,18,0,0
414,Masculino,19,AU,Premium,264,89,0.35,Web,0,1,0
415,Masculino,24,FR,Premium,227,97,0.03,Web,0,1,0
416,Feminino,16,UK,Gratuito,97,86,0.15,Desktop,26,0,0
417,Masculino,44,CA,Premium,168,40,0.56,Mobile,0,1,1
418,Masculino,42,UK,Premium,23,66,0.49,Desktop,0,1,0
419,Feminino,55,FR,Premium,271,98,0.5,Desktop,0,1,1
420,Feminino,38,UK,Premium,104,59,0.01,Web,0,1,1
421,Masculino,30,AU,Gratuito,251,59,0.11,Desktop,28,0,0
422,Feminino,20,CA,Estudante,105,75,0.25,Desktop,0,1,0
423,Feminino,40,AU,Estudante,281,77,0.38,Web,0,1,0
424,Feminino,58,FR,Gratuito,93,50,0.18,Mobile,39,0,0
425,Feminino,20,AU,Familia,146,74,0.33,Web,0,1,0
426,Masculino,43,DE,Premium,170,73,0.48,Desktop,0,1,0
427,Feminino,37,US,Premium,40,91,0.57,Mobile,0,1,0
428,Feminino,48,IN,Estudante,171,31,0.4,Desktop,0,1,0
429,Feminino,53,PK,Familia,36,67,0.21,Mobile,0,1,0
430,Feminino,25,CA,Gratuito,274,57,0.05,Web,38,0,0
431,Feminino,51,CA,Familia,79,71,0.11,Desktop,0,1,0
432,Feminino,42,UK,Familia,91,81,0.52,Mobile,0,1,0
433,Feminino,50,PK,Premium,69,20,0.13,Mobile,0,1,1
434,Feminino,56,FR,Familia,14,93,0.07,Desktop,0,1,1
435,Feminino,47,US,Premium,55,7,0.54,Web,0,1,0
436,Masculino,41,US,Gratuito,88,34,0.3,Web,48,0,0
437,Masculino,20,IN,Premium,236,78,0.35,Mobile,0,1,0
438,Masculino,57,IN,Gratuito,214,85,0.58,Desktop,17,0,0
439,Feminino,35,DE,Gratuito,172,5,0.05,Desktop,27,0,0
440,Masculino,40,PK,Familia,163,11,0.3,Mobile,0,1,0
441,Feminino,46,IN,Premium,123,9,0.27,Desktop,0,1,0
442,Masculino,48,US,Gratuito,251,28,0.49,Web,46,0,0
443,Feminino,49,UK,Gratuito,191,92,0.49,Web,29,0,0
444,Masculino,44,AU,Familia,35,14,0.44,Web,0,1,0
445,Feminino,47,AU,Estudante,250,86,0.0,Mobile,0,1,1
446,Feminino,46,PK,Estudante,247,67,0.32,Desktop,0,1,1
447,Feminino,44,FR,Premium,18,51,0.38,Web,0,1,1
448,Masculino,52,IN,Estudante,296,35,0.22,Web,0,1,0
449,Feminino,37,FR,Gratuito,25,62,0.47,Mobile,14,0,0
450,Masculino,41,US,Premium,166,86,0.03,Desktop,0,1,0
451,Feminino,55,DE,Estudante,98,17,0.17,Desktop,0,1,1
452,Feminino,28,DE,Estudante,288,86,0.16,Mobile,0,1,1
453,Masculino,40,US,Premium,10,54,0.5,Web,0,1,0
454,Masculino,19,IN,Premium,188,15,0.27,Desktop,0,1,0
455,Masculino,53,CA,Gratuito,65,55,0.56,Desktop,33,0,0
456,Feminino,20,FR,Familia,210,82,0.51,Web,0,1,0
457,Feminino,18,UK,Estudante,128,28,0.33,Mobile,0,1,1
458,Feminino,25,US,Familia,72,32,0.32,Desktop,0,1,1
459,Masculino,26,UK,Estudante,150,40,0.06,Desktop,0,1,0
460,Masculino,24,PK,Estudante,57,35,0.48,Web,0,1,0
461,Feminino,41,PK,Estudante,199,12,0.4,Web,0,1,1
462,Masculino,21,CA,Estudante,211,96,0.57,Desktop,0,1,0
463,Feminino,30,CA,Familia,115,68,0.49,Desktop,0,1,0
464,Masculino,37,AU,Gratuito,260,30,0.51,Web,37,0,0
465,Masculino,39,DE,Gratuito,110,17,0.58,Desktop,24,0,0
466,Feminino,53,PK,Gratuito,224,11,0.11,Mobile,12,0,0
467,Feminino,39,IN,Familia,63,96,0.32,Mobile,0,1,0
468,Masculino,48,FR,Familia,40,62,0.01,Mobile,0,1,0
469,Feminino,41,CA,Estudante,163,45,0.47,Web,0,1,1
470,Feminino,52,DE,Gratuito,211,48,0.47,Desktop,27,0,0
471,Masculino,51,CA,Premium,72,82,0.44,Web,0,1,0
472,Masculino,20,US,Premium,16,82,0.09,Web,0,1,0
473,Feminino,58,DE,Premium,205,11,0.47,Mobile,0,1,0
474,Feminino,22,UK,Premium,290,17,0.43,Mobile,0,1,0
475,Feminino,33,IN,Estudante,86,30,0.55,Web,0,1,0
476,Feminino,35,DE,Gratuito,34,1,0.45,Desktop,30,0,1
477,Feminino,21,IN,Premium,192,95,0.3,Desktop,0,1,0
478,Masculino,31,PK,Premium,65,7,0.04,Desktop,0,1,0
479,Feminino,54,FR,Gratuito,225,60,0.19,Mobile,17,0,1
480,Feminino,49,UK,Gratuito,266,2,0.46,Desktop,16,0,1
481,Feminino,44,DE,Premium,196,36,0.42,Web,0,1,0
482,Feminino,51,UK,Gratuito,294,73,0.28,Mobile,15,0,0
483,Feminino,56,DE,Familia,38,82,0.31,Desktop,0,1,1
484,Feminino,33,CA,Estudante,123,23,0.31,Desktop,0,1,0
485,Masculino,42,US,Premium,102,95,0.14,Web,0,1,0
486,Feminino,19,UK,Premium,43,30,0.32,Desktop,0,1,0
487,Masculino,16,DE,Estudante,112,81,0.07,Mobile,0,1,1
488,Masculino,29,AU,Estudante,150,27,0.1,Desktop,0,1,0
489,Masculino,43,AU,Premium,28,41,0.17,Web,0,1,0
490,Feminino,42,DE,Estudante,256,12,0.51,Mobile,0,1,1
491,Feminino,38,US,Premium,205,38,0.38,Web,0,1,0
492,Masculino,20,US,Estudante,174,85,0.5,Web,0,1,0
493,Masculino,23,AU,Estudante,181,89,0.29,Mobile,0,1,1
494,Feminino,51,FR,Estudante,299,71,0.58,Desktop,0,1,1
495,Masculino,17,DE,Estudante,292,27,0.17,Mobile,0,1,0
496,Feminino,17,PK,Premium,141,15,0.45,Web,0,1,0
497,Feminino,37,IN,Familia,184,14,0.59,Mobile,0,1,0
498,Masculino,55,CA,Estudante,118,13,0.42,Desktop,0,1,0
499,Feminino,48,FR,Premium,164,70,0.15,Mobile,0,1,0
500,Feminino,38,IN,Gratuito,283,69,0.01,Desktop,35,0,0
501,Feminino,55,IN,Estudante,47,24,0.59,Mobile,0,1,0
502,Feminino,23,AU,Estudante,101,88,0.45,Web,0,1,1
503,Feminino,49,US,Gratuito,270,92,0.38,Web,26,0,0
504,Feminino,38,UK,Gratuito,208,18,0.38,Desktop,46,0,0
505,Feminino,40,CA,Estudante,172,21,0.36,Desktop,0,1,0
506,Masculino,31,FR,Premium,236,11,0.13,Web,0,1,0
507,Masculino,36,DE,Premium,265,25,0.19,Web,0,1,0
508,Feminino,57,AU,Gratuito,54,65,0.01,Mobile,35,0,1
509,Feminino,48,FR,Familia,191,78,0.32,Mobile,0,1,0
510,Masculino,21,US,Familia,251,94,0.12,Desktop,0,1,0
511,Feminino,21,DE,Premium,260,97,0.25,Desktop,0,1,0
512,Feminino,23,FR,Premium,213,64,0.34,Web,0,1,1
513,Feminino,28,DE,Familia,152,11,0.15,Web,0,1,0
514,Feminino,53,FR,Gratuito,226,99,0.05,Desktop,49,0,0
515,Feminino,20,CA,Gratuito,115,28,0.09,Desktop,29,0,0
516,Feminino,43,PK,Gratuito,55,64,0.07,Web,46,0,1
517,Feminino,25,US,Familia,123,18,0.56,Mobile,0,1,0
518,Feminino,56,US,Gratuito,110,42,0.4,Desktop,16,0,1
519,Masculino,21,AU,Premium,164,90,0.55,Desktop,0,1,0
520,Feminino,24,DE,Premium,185,77,0.54,Desktop,0,1,0
521,Masculino,38,DE,Premium,262,5,0.31,Mobile,0,1,0
522,Feminino,20,CA,Premium,230,32,0.04,Desktop,0,1,0
523,Masculino,28,IN,Estudante,17,64,0.42,Web,0,1,1
524,Masculino,58,DE,Estudante,274,18,0.03,Desktop,0,1,0
525,Masculino,47,CA,Familia,75,19,0.28,Mobile,0,1,0
526,Feminino,24,US,Gratuito,250,81,0.27,Desktop,16,0,0
527,Feminino,20,US,Premium,35,61,0.33,Web,0,1,0
528,Feminino,41,DE,Premium,33,1,0.08,Web,0,1,1
529,Masculino,35,PK,Gratuito,270,39,0.29,Web,30,0,0
530,Feminino,21,PK,Estudante,192,52,0.46,Web,0,1,1
531,Feminino,17,AU,Familia,195,60,0.26,Desktop,0,1,0
532,Feminino,49,FR,Familia,288,46,0.05,Web,0,1,0
533,Masculino,35,US,Estudante,155,84,0.21,Web,0,1,1
534,Feminino,34,AU,Familia,136,3,0.04,Mobile,0,1,1
535,Masculino,38,UK,Premium,137,38,0.02,Desktop,0,1,0
536,Feminino,35,DE,Gratuito,111,62,0.47,Web,13,0,1
537,Feminino,38,PK,Familia,211,72,0.35,Desktop,0,1,0
538,Feminino,39,DE,Premium,168,69,0.54,Desktop,0,1,1
539,Feminino,53,AU,Estudante,86,27,0.15,Mobile,0,1,0
540,Feminino,42,IN,Premium,219,2,0.04,Mobile,0,1,0
541,Feminino,40,DE,Familia,66,51,0.3,Mobile,0,1,0
542,Masculino,48,FR,Premium,73,97,0.41,Mobile,0,1,1
543,Feminino,52,UK,Premium,274,56,0.09,Desktop,0,1,0
544,Feminino,44,AU,Familia,169,69,0.06,Web,0,1,0
545,Masculino,30,DE,Familia,88,58,0.33,Web,0,1,0
546,Feminino,57,FR,Familia,286,87,0.53,Desktop,0,1,0
547,Masculino,29,AU,Premium,23,98,0.36,Web,0,1,0
548,Masculino,49,DE,Premium,296,69,0.35,Web,0,1,0
549,Masculino,25,US,Estudante,264,51,0.09,Mobile,0,1,0
550,Feminino,32,IN,Familia,167,56,0.19,Web,0,1,0
551,Masculino,39,PK,Gratuito,87,62,0.12,Web,46,0,0
552,Masculino,22,FR,Estudante,92,70,0.51,Web,0,1,0
553,Feminino,23,PK,Estudante,101,96,0.41,Mobile,0,1,1
554,Feminino,53,FR,Estudante,139,1,0.54,Mobile,0,1,0
555,Masculino,46,DE,Familia,159,93,0.47,Desktop,0,1,1
556,Masculino,41,DE,Premium,229,15,0.56,Mobile,0,1,0
557,Feminino,30,US,Premium,281,63,0.02,Desktop,0,1,0
558,Feminino,40,IN,Gratuito,286,44,0.58,Mobile,46,0,0
559,Feminino,46,IN,Gratuito,261,12,0.6,Web,47,0,0
560,Feminino,25,PK,Premium,295,56,0.17,Web,0,1,0
561,Feminino,41,AU,Estudante,256,51,0.57,Desktop,0,1,0
562,Feminino,27,DE,Estudante,173,27,0.52,Desktop,0,1,0
563,Feminino,45,PK,Gratuito,124,49,0.05,Web,22,0,1
564,Feminino,52,UK,Premium,230,12,0.11,Mobile,0,1,0
565,Feminino,48,IN,Premium,292,21,0.26,Mobile,0,1,0
566,Feminino,38,US,Gratuito,205,25,0.02,Desktop,33,0,0
567,Feminino,44,IN,Estudante,48,61,0.26,Mobile,0,1,0
568,Masculino,45,AU,Familia,271,6,0.09,Desktop,0,1,0
569,Feminino,25,UK,Premium,166,5,0.4,Web,0,1,0
570,Feminino,50,FR,Gratuito,285,46,0.4,Web,46,0,0
571,Masculino,58,DE,Premium,175,33,0.37,Web,0,1,1
572,Feminino,35,US,Gratuito,205,71,0.28,Mobile,16,0,0
573,Masculino,18,FR,Gratuito,101,95,0.17,Web,22,0,0
574,Feminino,21,IN,Gratuito,134,80,0.23,Mobile,41,0,0
575,Feminino,32,IN,Premium,12,38,0.24,Mobile,0,1,0
576,Masculino,33,DE,Familia,147,82,0.5,Web,0,1,0
577,Masculino,41,AU,Premium,174,8,0.17,Web,0,1,1
578,Feminino,33,FR,Premium,86,57,0.26,Mobile,0,1,0
579,Masculino,35,AU,Estudante,99,19,0.01,Mobile,0,1,1
580,Masculino,18,PK,Gratuito,78,92,0.26,Web,32,0,0
581,Feminino,58,FR,Premium,274,60,0.45,Web,0,1,0
582,Feminino,46,DE,Premium,28,53,0.02,Desktop,0,1,0
583,Feminino,21,AU,Premium,211,86,0.09,Desktop,0,1,0
584,Feminino,33,CA,Estudante,121,41,0.08,Desktop,0,1,0
585,Feminino,39,UK,Estudante,32,34,0.48,Web,0,1,0
586,Feminino,27,PK,Estudante,246,65,0.6,Web,0,1,1
587,Feminino,26,PK,Estudante,15,15,0.46,Mobile,0,1,0
588,Feminino,23,US,Familia,55,10,0.19,Mobile,0,1,0
589,Feminino,58,AU,Premium,40,72,0.42,Web,0,1,0
590,Feminino,51,IN,Gratuito,143,35,0.08,Mobile,23,0,0
591,Feminino,22,AU,Premium,263,74,0.18,Mobile,0,1,0
592,Masculino,58,UK,Premium,178,98,0.43,Desktop,0,1,0
593,Masculino,37,AU,Premium,30,38,0.16,Mobile,0,1,0
594,Masculino,34,IN,Premium,278,29,0.42,Web,0,1,0
595,Feminino,23,US,Premium,230,75,0.29,Mobile,0,1,1
596,Feminino,32,FR,Estudante,215,39,0.4,Desktop,0,1,0
597,Masculino,41,UK,Gratuito,196,51,0.35,Web,14,0,0
598,Feminino,28,UK,Gratuito,125,94,0.33,Mobile,28,0,0
599,Masculino,19,DE,Premium,222,80,0.46,Mobile,0,1,0
600,Feminino,35,FR,Premium,233,41,0.14,Mobile,0,1,0
601,Masculino,25,IN,Familia,177,24,0.01,Web,0,1,0
602,Feminino,44,AU,Estudante,99,9,0.53,Web,0,1,0
603,Feminino,58,DE,Estudante,34,58,0.16,Mobile,0,1,0
604,Masculino,37,UK,Gratuito,138,87,0.29,Mobile,31,0,1
605,Feminino,21,CA,Estudante,254,22,0.22,Desktop,0,1,1
606,Feminino,28,UK,Familia,233,63,0.03,Desktop,0,1,1
607,Feminino,19,DE,Estudante,219,39,0.28,Web,0,1,0
608,Feminino,21,IN,Familia,91,20,0.56,Web,0,1,0
609,Feminino,41,DE,Premium,31,21,0.09,Web,0,1,0
610,Feminino,31,UK,Gratuito,205,64,0.24,Desktop,42,0,0
611,Feminino,40,FR,Premium,21,91,0.14,Desktop,0,1,0
612,Masculino,57,CA,Gratuito,11,52,0.49,Mobile,37,0,1
613,Feminino,22,FR,Premium,222,93,0.33,Mobile,0,1,0
614,Feminino,54,IN,Familia,123,27,0.26,Mobile,0,1,0
615,Feminino,42,UK,Estudante,287,96,0.08,Mobile,0,1,1
616,Feminino,37,CA,Familia,197,19,0.22,Mobile,0,1,0
617,Feminino,51,UK,Premium,267,12,0.48,Web,0,1,1
618,Feminino,26,UK,Estudante,12,62,0.44,Mobile,0,1,0
619,Masculino,44,AU,Premium,243,17,0.42,Web,0,1,0
620,Feminino,53,FR,Premium,140,28,0.4,Mobile,0,1,0
621,Feminino,54,DE,Premium,111,87,0.36,Mobile,0,1,0
622,Feminino,27,DE,Premium,238,54,0.3,Desktop,0,1,1
623,Feminino,29,IN,Premium,225,40,0.53,Web,0,1,0
624,Feminino,24,AU,Premium,214,4,0.25,Web,0,1,0
625,Feminino,58,US,Gratuito,112,1,0.17,Mobile,12,0,0
626,Masculino,16,DE,Gratuito,85,98,0.51,Mobile,21,0,0
627,Feminino,37,AU,Familia,192,7,0.39,Desktop,0,1,0
628,Feminino,16,US,Estudante,216,27,0.31,Mobile,0,1,0
629,Feminino,24,US,Estudante,283,88,0.3,Mobile,0,1,0
630,Feminino,32,UK,Gratuito,113,88,0.01,Desktop,45,0,0
631,Masculino,29,US,Familia,60,15,0.17,Desktop,0,1,0
632,Feminino,31,AU,Estudante,115,84,0.1,Web,0,1,1
633,Feminino,59,AU,Premium,180,84,0.35,Desktop,0,1,1
634,Feminino,56,IN,Gratuito,290,84,0.05,Desktop,30,0,0
635,Feminino,20,AU,Gratuito,106,10,0.19,Mobile,10,0,0
636,Feminino,27,IN,Premium,296,79,0.27,Desktop,0,1,0
637,Feminino,41,US,Familia,68,8,0.34,Mobile,0,1,0
638,Feminino,16,IN,Estudante,177,34,0.15,Desktop,0,1,0
639,Masculino,34,AU,Estudante,198,17,0.54,Desktop,0,1,0
640,Feminino,23,PK,Estudante,78,68,0.37,Web,0,1,1
641,Feminino,25,US,Estudante,290,76,0.4,Web,0,1,0
642,Masculino,58,AU,Familia,36,57,0.02,Web,0,1,0
643,Feminino,51,DE,Estudante,108,14,0.5,Desktop,0,1,0
644,Feminino,48,IN,Premium,98,88,0.18,Desktop,0,1,0
645,Masculino,22,AU,Gratuito,287,17,0.42,Mobile,40,0,0
646,Feminino,33,DE,Estudante,172,51,0.51,Web,0,1,0
647,Masculino,54,UK,Gratuito,89,95,0.36,Desktop,38,0,0
648,Masculino,50,PK,Gratuito,200,14,0.28,Desktop,46,0,0
649,Feminino,28,DE,Estudante,289,11,0.55,Mobile,0,1,1
650,Feminino,48,FR,Familia,23,76,0.58,Desktop,0,1,1
651,Feminino,21,IN,Estudante,170,51,0.53,Mobile,0,1,1
652,Feminino,19,CA,Premium,227,48,0.56,Desktop,0,1,0
653,Feminino,26,US,Familia,290,66,0.36,Mobile,0,1,0
654,Feminino,55,CA,Premium,200,50,0.04,Web,0,1,0
655,Feminino,59,IN,Estudante,34,63,0.39,Desktop,0,1,1
656,Feminino,24,IN,Familia,105,3,0.01,Mobile,0,1,0
657,Feminino,58,AU,Premium,216,31,0.33,Desktop,0,1,1
658,Masculino,23,FR,Familia,105,55,0.55,Desktop,0,1,0
659,Masculino,53,FR,Familia,244,64,0.24,Mobile,0,1,0
660,Feminino,29,FR,Familia,30,41,0.39,Mobile,0,1,0
661,Feminino,23,DE,Estudante,126,34,0.57,Web,0,1,1
662,Feminino,29,AU,Estudante,106,55,0.35,Desktop,0,1,0
663,Feminino,49,UK,Gratuito,295,17,0.4,Web,31,0,0
664,Feminino,23,DE,Premium,230,52,0.43,Mobile,0,1,0
665,Feminino,29,DE,Familia,102,74,0.32,Mobile,0,1,0
666,Feminino,43,IN,Familia,152,55,0.3,Desktop,0,1,0
667,Masculino,31,CA,Estudante,77,80,0.35,Mobile,0,1,0
668,Feminino,43,US,Premium,78,48,0.21,Mobile,0,1,0
669,Feminino,39,UK,Gratuito,220,18,0.05,Mobile,18,0,0
670,Feminino,38,UK,Gratuito,245,12,0.52,Desktop,48,0,1
671,Masculino,31,CA,Gratuito,30,42,0.06,Mobile,44,0,0
672,Feminino,35,UK,Estudante,226,55,0.25,Desktop,0,1,1
673,Feminino,44,PK,Gratuito,133,18,0.4,Mobile,11,0,0
674,Feminino,33,AU,Familia,118,36,0.58,Desktop,0,1,0
675,Feminino,27,CA,Premium,115,61,0.31,Desktop,0,1,0
676,Feminino,38,CA,Premium,155,80,0.07,Mobile,0,1,0
677,Masculino,30,IN,Premium,125,65,0.37,Web,0,1,0
678,Feminino,55,DE,Familia,190,5,0.58,Desktop,0,1,0
679,Feminino,20,UK,Premium,164,33,0.34,Desktop,0,1,1
680,Masculino,33,CA,Familia,126,49,0.45,Desktop,0,1,0
681,Feminino,47,DE,Gratuito,272,8,0.32,Mobile,44,0,0
682,Feminino,47,PK,Familia,263,79,0.58,Web,0,1,1
683,Feminino,38,DE,Estudante,127,4,0.0,Web,0,1,0
684,Feminino,55,AU,Gratuito,281,21,0.12,Mobile,42,0,0
685,Feminino,40,PK,Gratuito,210,64,0.56,Web,13,0,0
686,Feminino,49,CA,Premium,206,27,0.41,Web,0,1,0
687,Feminino,52,CA,Familia,285,82,0.57,Mobile,0,1,0
688,Feminino,35,PK,Premium,29,18,0.42,Web,0,1,1
689,Feminino,53,IN,Estudante,67,87,0.28,Desktop,0,1,0
690,Masculino,52,UK,Gratuito,252,44,0.34,Mobile,24,0,0
691,Feminino,22,UK,Estudante,291,97,0.24,Mobile,0,1,0
692,Feminino,58,DE,Estudante,136,57,0.47,Mobile,0,1,0
693,Masculino,33,IN,Premium,154,52,0.32,Web,0,1,0
694,Feminino,20,UK,Familia,279,67,0.4,Desktop,0,1,0
695,Masculino,21,CA,Premium,199,85,0.19,Desktop,0,1,0
696,Masculino,56,UK,Gratuito,30,66,0.35,Mobile,31,0,0
697,Feminino,54,PK,Familia,158,2,0.34,Desktop,0,1,0
698,Masculino,51,UK,Estudante,83,10,0.33,Mobile,0,1,0
699,Masculino,24,IN,Premium,161,23,0.45,Web,0,1,1
700,Feminino,21,PK,Premium,183,20,0.21,Mobile,0,1,0
701,Masculino,58,PK,Estudante,131,47,0.06,Mobile,0,1,0
702,Feminino,26,US,Premium,126,52,0.22,Web,0,1,1
703,Masculino,32,FR,Familia,282,22,0.19,Mobile,0,1,1
704,Masculino,44,DE,Premium,240,46,0.11,Mobile,0,1,1
705,Masculino,22,AU,Estudante,169,52,0.1,Mobile,0,1,1
706,Feminino,29,US,Estudante,238,61,0.09,Web,0,1,0
707,Masculino,37,UK,Familia,276,17,0.4,Mobile,0,1,0
708,Feminino,18,PK,Estudante,101,8,0.43,Web,0,1,0
709,Feminino,27,AU,Familia,176,20,0.05,Web,0,1,1
710,Masculino,43,DE,Premium,161,84,0.08,Mobile,0,1,0
711,Masculino,58,FR,Estudante,153,24,0.29,Desktop,0,1,0
712,Feminino,20,IN,Familia,199,52,0.22,Web,0,1,0
713,Feminino,37,FR,Gratuito,252,58,0.41,Web,28,0,0
714,Masculino,39,US,Gratuito,79,5,0.37,Mobile,7,0,0
715,Masculino,36,PK,Premium,15,11,0.49,Desktop,0,1,0
716,Feminino,51,US,Estudante,73,81,0.1,Mobile,0,1,0
717,Masculino,28,FR,Familia,20,16,0.1,Mobile,0,1,0
718,Feminino,39,UK,Estudante,141,49,0.54,Web,0,1,0
719,Feminino,51,PK,Gratuito,250,72,0.12,Web,40,0,1
720,Feminino,46,AU,Premium,191,45,0.01,Mobile,0,1,0
721,Feminino,18,PK,Gratuito,157,48,0.44,Mobile,18,0,1
722,Feminino,46,FR,Estudante,53,28,0.08,Web,0,1,0
723,Feminino,42,FR,Estudante,64,70,0.05,Web,0,1,1
724,Feminino,46,UK,Familia,160,17,0.5,Desktop,0,1,0
725,Feminino,35,IN,Estudante,227,39,0.44,Web,0,1,0
726,Feminino,57,PK,Premium,183,58,0.0,Desktop,0,1,0
727,Feminino,38,IN,Gratuito,186,46,0.07,Mobile,30,0,0
728,Feminino,31,DE,Premium,176,37,0.29,Web,0,1,1
729,Feminino,20,IN,Premium,274,54,0.6,Desktop,0,1,0
730,Feminino,26,IN,Estudante,183,65,0.52,Desktop,0,1,0
731,Feminino,58,DE,Familia,293,47,0.06,Desktop,0,1,0
732,Feminino,51,UK,Familia,70,51,0.45,Mobile,0,1,0
733,Masculino,23,CA,Premium,64,85,0.16,Web,0,1,0
734,Masculino,38,DE,Estudante,291,75,0.33,Desktop,0,1,0
735,Feminino,31,US,Premium,218,60,0.06,Desktop,0,1,0
736,Feminino,24,IN,Estudante,211,76,0.52,Mobile,0,1,0
737,Masculino,42,DE,Familia,126,90,0.03,Web,0,1,0
738,Feminino,27,PK,Premium,231,59,0.12,Web,0,1,0
739,Feminino,57,IN,Familia,290,16,0.17,Mobile,0,1,0
740,Masculino,36,CA,Gratuito,77,85,0.0,Web,46,0,0
741,Masculino,16,PK,Premium,154,29,0.34,Mobile,0,1,0
742,Feminino,24,FR,Estudante,105,48,0.38,Mobile,0,1,1
743,Masculino,53,DE,Estudante,113,65,0.38,Mobile,0,1,0
744,Feminino,36,AU,Premium,174,11,0.29,Mobile,0,1,0
745,Feminino,51,DE,Premium,32,59,0.02,Mobile,0,1,0
746,Feminino,42,CA,Premium,271,99,0.34,Web,0,1,0
747,Feminino,29,FR,Premium,97,26,0.44,Desktop,0,1,0
748,Masculino,59,CA,Estudante,266,90,0.06,Desktop,0,1,0
749,Feminino,22,AU,Gratuito,276,11,0.13,Desktop,9,0,0
750,Feminino,52,UK,Familia,81,16,0.37,Desktop,0,1,0
751,Masculino,27,CA,Familia,116,39,0.44,Desktop,0,1,1
752,Masculino,46,AU,Familia,251,63,0.34,Web,0,1,0
753,Masculino,52,US,Estudante,270,67,0.22,Web,0,1,0
754,Feminino,39,DE,Premium,246,37,0.17,Mobile,0,1,1
755,Masculino,33,CA,Gratuito,100,8,0.02,Mobile,45,0,0
756,Feminino,17,UK,Gratuito,206,27,0.42,Desktop,49,0,0
757,Feminino,35,AU,Familia,81,90,0.19,Desktop,0,1,0
758,Masculino,41,FR,Familia,26,42,0.19,Mobile,0,1,0
759,Feminino,42,DE,Estudante,208,67,0.06,Desktop,0,1,0
760,Feminino,49,AU,Estudante,295,93,0.13,Mobile,0,1,1
761,Masculino,57,AU,Familia,13,89,0.16,Desktop,0,1,0
762,Masculino,26,IN,Premium,120,68,0.34,Desktop,0,1,0
763,Feminino,17,DE,Gratuito,125,77,0.26,Desktop,18,0,0
764,Feminino,49,US,Premium,104,74,0.57,Mobile,0,1,1
765,Feminino,52,DE,Premium,225,94,0.01,Desktop,0,1,1
766,Feminino,49,AU,Familia,261,15,0.17,Mobile,0,1,0
767,Feminino,57,UK,Premium,79,2,0.22,Desktop,0,1,0
768,Feminino,24,FR,Premium,240,39,0.23,Web,0,1,0
769,Feminino,24,DE,Familia,28,62,0.04,Web,0,1,0
770,Feminino,48,AU,Premium,91,37,0.34,Desktop,0,1,0
771,Feminino,40,IN,Premium,212,66,0.27,Mobile,0,1,1
772,Feminino,59,IN,Premium,172,69,0.41,Desktop,0,1,0
773,Feminino,39,IN,Familia,55,37,0.5,Desktop,0,1,0
774,Feminino,54,FR,Estudante,130,46,0.26,Desktop,0,1,0
775,Masculino,40,IN,Familia,97,57,0.43,Mobile,0,1,0
776,Feminino,51,DE,Familia,71,15,0.58,Mobile,0,1,1
777,Feminino,31,US,Familia,18,3,0.36,Web,0,1,0
778,Masculino,24,IN,Familia,212,7,0.58,Mobile,0,1,0
779,Feminino,18,UK,Familia,14,49,0.5,Desktop,0,1,0
780,Feminino,18,DE,Gratuito,213,1,0.35,Desktop,5,0,1
781,Feminino,44,UK,Estudante,207,62,0.23,Desktop,0,1,0
782,Masculino,32,US,Premium,71,53,0.54,Web,0,1,0
783,Masculino,32,AU,Premium,36,2,0.52,Web,0,1,0
784,Feminino,52,US,Premium,120,84,0.5,Web,0,1,0
785,Feminino,31,FR,Premium,272,71,0.15,Mobile,0,1,1
786,Masculino,33,CA,Premium,212,43,0.05,Web,0,1,0
787,Masculino,46,FR,Gratuito,193,94,0.18,Mobile,17,0,0
788,Feminino,16,CA,Premium,150,74,0.01,Desktop,0,1,1
789,Feminino,23,AU,Estudante,213,20,0.5,Web,0,1,0
790,Masculino,26,FR,Estudante,293,15,0.39,Web,0,1,1
791,Feminino,52,AU,Familia,80,13,0.56,Web,0,1,0
792,Feminino,27,US,Estudante,222,73,0.17,Mobile,0,1,1
793,Feminino,32,DE,Familia,100,16,0.3,Desktop,0,1,1
794,Masculino,20,PK,Familia,185,79,0.37,Web,0,1,0
795,Feminino,47,DE,Estudante,94,57,0.18,Mobile,0,1,0
796,Feminino,31,IN,Familia,47,19,0.05,Desktop,0,1,0
797,Feminino,30,AU,Premium,173,95,0.44,Web,0,1,0
798,Feminino,27,FR,Premium,185,6,0.18,Desktop,0,1,0
799,Feminino,30,AU,Estudante,175,17,0.33,Web,0,1,0
800,Feminino,17,IN,Estudante,134,6,0.51,Desktop,0,1,0
801,Masculino,56,IN,Premium,253,15,0.54,Desktop,0,1,1
802,Feminino,57,FR,Premium,161,56,0.6,Desktop,0,1,0
803,Feminino,57,AU,Familia,47,59,0.09,Web,0,1,1
804,Masculino,41,DE,Premium,286,72,0.14,Web,0,1,0
805,Feminino,36,DE,Estudante,194,12,0.02,Desktop,0,1,0
806,Feminino,22,AU,Estudante,87,39,0.5,Web,0,1,0
807,Feminino,40,US,Familia,92,65,0.04,Mobile,0,1,0
808,Masculino,36,UK,Premium,242,7,0.04,Web,0,1,0
809,Feminino,19,AU,Gratuito,26,2,0.58,Web,35,0,1
810,Feminino,44,PK,Familia,255,36,0.09,Desktop,0,1,0
811,Masculino,57,UK,Familia,204,21,0.3,Mobile,0,1,0
812,Feminino,17,UK,Premium,62,25,0.25,Mobile,0,1,1
813,Masculino,26,IN,Estudante,19,68,0.1,Desktop,0,1,0
814,Feminino,19,FR,Gratuito,197,33,0.17,Web,41,0,0
815,Feminino,24,UK,Familia,49,21,0.22,Desktop,0,1,0
816,Feminino,22,UK,Gratuito,87,60,0.34,Desktop,41,0,0
817,Feminino,57,FR,Familia,39,24,0.16,Web,0,1,1
818,Masculino,51,DE,Premium,24,73,0.07,Desktop,0,1,0
819,Feminino,44,AU,Premium,162,52,0.25,Web,0,1,1
820,Feminino,43,IN,Familia,61,20,0.05,Mobile,0,1,0
821,Feminino,32,UK,Estudante,138,67,0.3,Web,0,1,1
822,Feminino,20,FR,Gratuito,181,81,0.12,Mobile,43,0,0
823,Feminino,56,US,Estudante,37,33,0.11,Mobile,0,1,0
824,Masculino,32,CA,Premium,146,57,0.36,Desktop,0,1,1
825,Feminino,31,PK,Familia,82,95,0.46,Desktop,0,1,0
826,Masculino,26,US,Familia,82,93,0.05,Mobile,0,1,0
827,Feminino,54,UK,Familia,194,66,0.43,Mobile,0,1,1
828,Masculino,17,FR,Estudante,61,15,0.56,Web,0,1,0
829,Masculino,47,FR,Premium,191,10,0.21,Desktop,0,1,1
830,Feminino,22,DE,Familia,107,13,0.55,Web,0,1,0
831,Feminino,31,CA,Estudante,293,55,0.52,Desktop,0,1,0
832,Feminino,31,PK,Premium,64,83,0.18,Desktop,0,1,1
833,Feminino,32,AU,Familia,262,20,0.37,Desktop,0,1,0
834,Masculino,26,PK,Familia,172,8,0.4,Mobile,0,1,0
835,Masculino,26,CA,Familia,206,5,0.1,Desktop,0,1,0
836,Masculino,17,US,Gratuito,250,80,0.27,Web,12,0,0
837,Feminino,25,PK,Gratuito,118,77,0.57,Web,43,0,0
838,Masculino,31,UK,Estudante,173,28,0.42,Desktop,0,1,0
839,Feminino,55,CA,Premium,85,53,0.06,Mobile,0,1,0
840,Feminino,36,US,Premium,130,78,0.47,Mobile,0,1,1
841,Feminino,39,CA,Gratuito,162,4,0.49,Web,5,0,0
842,Masculino,35,UK,Estudante,192,90,0.56,Web,0,1,1
843,Masculino,22,US,Premium,80,58,0.18,Desktop,0,1,0
844,Feminino,45,IN,Familia,13,44,0.12,Mobile,0,1,0
845,Feminino,30,IN,Premium,45,61,0.34,Web,0,1,1
846,Feminino,51,AU,Familia,71,95,0.18,Mobile,0,1,0
847,Feminino,44,IN,Familia,84,83,0.04,Web,0,1,0
848,Masculino,39,IN,Estudante,226,92,0.04,Mobile,0,1,0
849,Feminino,46,UK,Premium,74,66,0.02,Desktop,0,1,0
850,Feminino,20,UK,Familia,22,58,0.03,Mobile,0,1,1
851,Feminino,32,UK,Estudante,106,8,0.52,Mobile,0,1,0
852,Feminino,18,UK,Familia,174,49,0.57,Mobile,0,1,0
853,Masculino,24,PK,Familia,297,18,0.22,Web,0,1,0
854,Masculino,54,IN,Gratuito,48,26,0.56,Mobile,5,0,0
855,Feminino,40,CA,Gratuito,89,5,0.39,Web,30,0,0
856,Feminino,59,US,Premium,204,47,0.11,Desktop,0,1,0
857,Masculino,41,US,Premium,286,61,0.02,Desktop,0,1,1
858,Feminino,38,US,Premium,163,54,0.42,Desktop,0,1,0
859,Masculino,41,PK,Premium,95,13,0.23,Mobile,0,1,1
860,Masculino,30,UK,Premium,14,88,0.03,Desktop,0,1,0
861,Masculino,46,AU,Estudante,252,60,0.31,Web,0,1,0
862,Feminino,44,PK,Estudante,196,6,0.29,Desktop,0,1,0
863,Masculino,59,DE,Estudante,250,12,0.56,Web,0,1,0
864,Feminino,53,DE,Familia,299,67,0.38,Web,0,1,0
865,Masculino,26,AU,Estudante,18,12,0.38,Mobile,0,1,0
866,Masculino,44,UK,Gratuito,58,61,0.26,Desktop,14,0,0
867,Masculino,35,FR,Familia,73,7,0.12,Desktop,0,1,1
868,Masculino,33,DE,Gratuito,239,17,0.25,Web,28,0,1
869,Feminino,53,CA,Estudante,107,38,0.36,Mobile,0,1,0
870,Feminino,27,CA,Gratuito,230,13,0.24,Mobile,46,0,1
871,Masculino,24,FR,Gratuito,119,67,0.08,Mobile,11,0,0
872,Masculino,29,US,Estudante,296,56,0.12,Mobile,0,1,1
873,Feminino,49,US,Gratuito,132,31,0.22,Desktop,6,0,0
874,Masculino,52,CA,Gratuito,251,30,0.29,Desktop,37,0,0
875,Masculino,38,DE,Premium,276,32,0.35,Mobile,0,1,0
876,Feminino,37,IN,Premium,180,40,0.28,Web,0,1,0
877,Feminino,25,AU,Premium,63,37,0.15,Desktop,0,1,1
878,Feminino,45,PK,Gratuito,221,6,0.48,Mobile,21,0,1
879,Feminino,27,PK,Estudante,235,78,0.6,Web,0,1,1
880,Feminino,50,FR,Premium,207,5,0.3,Desktop,0,1,0
881,Feminino,58,UK,Estudante,171,78,0.19,Mobile,0,1,0
882,Masculino,32,FR,Familia,108,52,0.11,Mobile,0,1,1
883,Feminino,44,FR,Estudante,119,51,0.1,Web,0,1,0
884,Masculino,41,UK,Premium,187,13,0.42,Mobile,0,1,0
885,Masculino,22,IN,Familia,140,52,0.36,Desktop,0,1,0
886,Masculino,59,AU,Gratuito,51,99,0.55,Web,8,0,1
887,Masculino,38,UK,Premium,224,78,0.23,Desktop,0,1,1
888,Feminino,38,CA,Premium,111,49,0.12,Desktop,0,1,0
889,Feminino,59,AU,Premium,253,19,0.18,Desktop,0,1,0
890,Feminino,48,FR,Gratuito,246,27,0.41,Web,24,0,0
891,Feminino,28,FR,Gratuito,26,59,0.25,Desktop,5,0,0
892,Feminino,48,IN,Gratuito,134,79,0.16,Mobile,31,0,0
893,Masculino,37,DE,Estudante,113,50,0.51,Web,0,1,0
894,Feminino,33,UK,Gratuito,288,13,0.59,Desktop,39,0,1
895,Feminino,40,CA,Familia,266,71,0.31,Web,0,1,0
896,Feminino,42,AU,Premium,214,25,0.3,Desktop,0,1,0
897,Masculino,20,IN,Estudante,247,87,0.14,Web,0,1,0
898,Feminino,49,PK,Estudante,236,9,0.6,Web,0,1,1
899,Feminino,46,FR,Familia,217,42,0.13,Mobile,0,1,0
900,Feminino,28,AU,Estudante,33,67,0.12,Desktop,0,1,1
901,Feminino,59,UK,Premium,118,50,0.26,Desktop,0,1,0
902,Feminino,46,US,Premium,50,82,0.14,Web,0,1,0
903,Feminino,57,FR,Gratuito,206,97,0.39,Desktop,38,0,1
904,Feminino,35,AU,Familia,149,17,0.12,Mobile,0,1,0
905,Feminino,43,IN,Estudante,273,12,0.31,Mobile,0,1,1
906,Masculino,16,CA,Gratuito,183,71,0.1,Mobile,22,0,0
907,Masculino,57,IN,Gratuito,212,90,0.22,Mobile,14,0,0
908,Feminino,55,CA,Premium,63,75,0.46,Mobile,0,1,1
909,Feminino,50,US,Gratuito,210,48,0.25,Desktop,21,0,0
910,Masculino,29,PK,Gratuito,128,5,0.25,Web,7,0,0
911,Feminino,16,PK,Premium,114,27,0.44,Desktop,0,1,0
912,Feminino,56,PK,Familia,138,47,0.56,Desktop,0,1,1
913,Feminino,59,DE,Estudante,233,57,0.59,Web,0,1,0
914,Masculino,45,PK,Gratuito,254,75,0.56,Web,31,0,0
915,Feminino,53,UK,Estudante,270,29,0.13,Web,0,1,0
916,Feminino,34,AU,Premium,267,26,0.21,Mobile,0,1,1
917,Feminino,20,AU,Familia,160,16,0.5,Mobile,0,1,1
918,Masculino,32,DE,Premium,271,34,0.28,Web,0,1,1
919,Feminino,20,AU,Gratuito,170,8,0.29,Desktop,46,0,0
920,Feminino,47,AU,Gratuito,208,49,0.3,Mobile,45,0,0
921,Feminino,22,CA,Premium,224,99,0.3,Web,0,1,1
922,Masculino,27,DE,Estudante,275,34,0.13,Mobile,0,1,0
923,Masculino,48,US,Gratuito,243,48,0.6,Desktop,33,0,1
924,Masculino,34,UK,Familia,221,45,0.49,Desktop,0,1,0
925,Feminino,47,DE,Gratuito,271,94,0.52,Desktop,31,0,1
926,Feminino,24,CA,Premium,275,23,0.25,Web,0,1,0
927,Masculino,53,CA,Premium,269,43,0.19,Web,0,1,0
928,Masculino,36,FR,Estudante,236,70,0.02,Web,0,1,1
929,Feminino,45,FR,Premium,246,52,0.35,Desktop,0,1,0
930,Feminino,30,IN,Familia,222,13,0.31,Web,0,1,0
931,Feminino,53,AU,Familia,112,24,0.48,Web,0,1,1
932,Feminino,33,US,Premium,18,73,0.22,Mobile,0,1,0
933,Feminino,52,US,Premium,109,11,0.2,Web,0,1,0
934,Feminino,29,US,Estudante,246,2,0.23,Web,0,1,0
935,Masculino,51,UK,Premium,102,50,0.48,Desktop,0,1,0
936,Feminino,42,DE,Estudante,180,63,0.57,Web,0,1,0
937,Feminino,30,PK,Familia,16,51,0.41,Desktop,0,1,0
938,Feminino,25,US,Familia,155,98,0.48,Mobile,0,1,1
939,Feminino,48,UK,Gratuito,287,79,0.13,Desktop,24,0,1
940,Feminino,28,US,Gratuito,67,67,0.13,Web,44,0,0
941,Masculino,46,DE,Estudante,241,7,0.14,Web,0,1,0
942,Feminino,48,US,Premium,105,13,0.29,Desktop,0,1,0
943,Feminino,35,DE,Familia,65,83,0.08,Web,0,1,0
944,Feminino,55,UK,Premium,102,60,0.59,Web,0,1,1
945,Masculino,50,US,Estudante,198,81,0.49,Desktop,0,1,0
946,Feminino,16,CA,Estudante,156,16,0.14,Mobile,0,1,0
947,Masculino,28,FR,Premium,266,51,0.32,Mobile,0,1,1
948,Masculino,31,AU,Estudante,33,21,0.16,Web,0,1,1
949,Masculino,36,DE,Premium,42,79,0.51,Mobile,0,1,0
950,Feminino,19,PK,Familia,34,18,0.06,Mobile,0,1,0
951,Masculino,50,US,Estudante,234,90,0.13,Mobile,0,1,1
952,Masculino,33,CA,Familia,44,40,0.01,Desktop,0,1,0
953,Feminino,35,DE,Familia,273,50,0.36,Desktop,0,1,0
954,Feminino,21,PK,Familia,28,82,0.06,Desktop,0,1,0
955,Feminino,17,FR,Estudante,46,17,0.17,Mobile,0,1,0
956,Masculino,19,PK,Familia,291,5,0.1,Mobile,0,1,1
957,Feminino,33,AU,Familia,174,74,0.16,Web,0,1,1
958,Masculino,36,AU,Familia,255,92,0.44,Desktop,0,1,0
959,Feminino,50,AU,Premium,157,32,0.42,Desktop,0,1,0
960,Masculino,54,DE,Familia,281,16,0.36,Web,0,1,0
961,Masculino,36,FR,Gratuito,102,71,0.34,Web,20,0,0
962,Feminino,49,FR,Premium,184,33,0.35,Desktop,0,1,0
963,Feminino,35,CA,Premium,173,48,0.57,Web,0,1,0
964,Feminino,53,CA,Gratuito,266,33,0.23,Desktop,32,0,1
965,Masculino,55,DE,Gratuito,236,34,0.38,Mobile,47,0,0
966,Feminino,36,UK,Estudante,35,82,0.2,Web,0,1,0
967,Feminino,47,PK,Familia,192,18,0.54,Web,0,1,1
968,Feminino,22,AU,Familia,99,63,0.56,Desktop,0,1,0
969,Feminino,55,AU,Premium,100,31,0.07,Mobile,0,1,0
970,Masculino,47,DE,Premium,164,42,0.38,Mobile,0,1,0
971,Masculino,18,FR,Gratuito,30,29,0.03,Mobile,46,0,0
972,Feminino,42,AU,Gratuito,121,14,0.41,Desktop,37,0,0
973,Masculino,42,FR,Familia,166,80,0.29,Web,0,1,1
974,Masculino,51,FR,Gratuito,272,20,0.17,Desktop,11,0,0
975,Masculino,24,PK,Estudante,160,56,0.11,Desktop,0,1,0
976,Masculino,28,PK,Premium,96,53,0.44,Web,0,1,0
977,Feminino,17,US,Gratuito,125,30,0.25,Desktop,25,0,0
978,Feminino,41,US,Premium,219,54,0.21,Web,0,1,1
979,Feminino,48,DE,Premium,115,19,0.25,Web,0,1,1
980,Masculino,50,IN,Familia,128,60,0.1,Mobile,0,1,0
981,Feminino,42,FR,Premium,257,34,0.0,Mobile,0,1,0
982,Feminino,35,PK,Estudante,48,5,0.44,Web,0,1,0
983,Masculino,19,UK,Familia,274,96,0.57,Mobile,0,1,0
984,Masculino,31,US,Premium,75,4,0.04,Web,0,1,0
985,Masculino,37,PK,Gratuito,287,94,0.5,Mobile,28,0,0
986,Masculino,43,US,Gratuito,58,3,0.22,Desktop,20,0,1
987,Feminino,37,US,Gratuito,195,27,0.11,Desktop,31,0,0
988,Feminino,35,CA,Premium,119,98,0.51,Desktop,0,1,0
989,Masculino,41,AU,Gratuito,248,79,0.37,Mobile,16,0,0
990,Feminino,47,FR,Gratuito,212,50,0.44,Desktop,39,0,1
991,Masculino,51,UK,Premium,296,10,0.21,Desktop,0,1,0
992,Feminino,43,UK,Gratuito,197,77,0.43,Mobile,27,0,1
993,Masculino,56,US,Premium,245,60,0.35,Desktop,0,1,0
994,Masculino,46,US,Premium,159,52,0.09,Web,0,1,0
995,Masculino,56,CA,Gratuito,252,98,0.48,Web,19,0,0
996,Feminino,39,DE,Gratuito,142,46,0.45,Web,40,0,0
997,Feminino,50,US,Familia,43,11,0.36,Mobile,0,1,1
998,Feminino,45,IN,Premium,56,14,0.44,Desktop,0,1,1
999,Masculino,56,IN,Estudante,56,54,0.54,Web,0,1,1
1000,Masculino,18,US,Estudante,174,41,0.46,Desktop,0,1,0
1001,Feminino,31,IN,Premium,292,54,0.26,Mobile,0,1,0
1002,Feminino,46,IN,Estudante,216,74,0.25,Mobile,0,1,0
1003,Masculino,18,PK,Estudante,272,21,0.57,Web,0,1,0
1004,Feminino,25,CA,Gratuito,31,15,0.01,Mobile,38,0,0
1005,Feminino,22,IN,Estudante,16,24,0.36,Mobile,0,1,1
1006,Feminino,19,UK,Familia,68,90,0.0,Mobile,0,1,0
1007,Feminino,18,UK,Estudante,255,68,0.19,Web,0,1,0
1008,Feminino,49,UK,Premium,137,43,0.31,Desktop,0,1,0
1009,Feminino,59,PK,Familia,86,17,0.12,Mobile,0,1,1
1010,Feminino,59,FR,Estudante,275,25,0.6,Web,0,1,1
1011,Feminino,38,FR,Gratuito,125,63,0.59,Web,12,0,0
1012,Feminino,43,AU,Familia,26,68,0.34,Mobile,0,1,0
1013,Feminino,31,CA,Familia,237,38,0.07,Desktop,0,1,1
1014,Feminino,28,DE,Familia,258,20,0.51,Mobile,0,1,1
1015,Masculino,20,PK,Estudante,290,42,0.18,Mobile,0,1,0
1016,Feminino,22,US,Gratuito,29,35,0.46,Web,9,0,0
1017,Feminino,22,US,Gratuito,224,4,0.04,Web,13,0,0
1018,Feminino,51,DE,Familia,199,35,0.51,Mobile,0,1,0
1019,Feminino,35,AU,Premium,34,42,0.15,Web,0,1,0
1020,Feminino,34,FR,Estudante,73,58,0.49,Mobile,0,1,1
1021,Feminino,33,PK,Gratuito,140,40,0.27,Web,32,0,0
1022,Masculino,42,FR,Estudante,263,60,0.02,Web,0,1,1
1023,Feminino,16,AU,Premium,193,53,0.12,Mobile,0,1,0
1024,Masculino,51,IN,Premium,289,82,0.35,Mobile,0,1,0
1025,Masculino,56,DE,Gratuito,211,86,0.48,Web,7,0,0
1026,Feminino,57,FR,Familia,110,58,0.12,Desktop,0,1,0
1027,Feminino,21,FR,Familia,52,32,0.21,Mobile,0,1,1
1028,Feminino,20,US,Premium,81,23,0.1,Mobile,0,1,0
1029,Feminino,53,CA,Premium,237,18,0.18,Web,0,1,0
1030,Feminino,40,US,Familia,88,88,0.06,Desktop,0,1,0
1031,Masculino,30,UK,Gratuito,10,57,0.05,Web,5,0,0
1032,Feminino,43,FR,Familia,255,3,0.13,Desktop,0,1,0
1033,Feminino,53,CA,Familia,276,4,0.49,Web,0,1,0
1034,Feminino,53,DE,Gratuito,291,45,0.35,Web,10,0,0
1035,Feminino,52,AU,Premium,272,53,0.45,Web,0,1,0
1036,Masculino,34,UK,Gratuito,254,74,0.6,Mobile,34,0,0
1037,Masculino,32,IN,Gratuito,78,95,0.43,Desktop,26,0,0
1038,Feminino,22,CA,Estudante,78,9,0.21,Desktop,0,1,0
1039,Masculino,29,US,Estudante,228,27,0.42,Desktop,0,1,0
1040,Feminino,52,CA,Premium,38,92,0.28,Mobile,0,1,0
1041,Feminino,32,US,Familia,131,41,0.36,Web,0,1,0
1042,Masculino,56,UK,Premium,273,21,0.31,Mobile,0,1,0
1043,Masculino,55,DE,Premium,161,4,0.03,Desktop,0,1,0
1044,Masculino,25,AU,Gratuito,154,4,0.39,Mobile,14,0,1
1045,Masculino,36,UK,Premium,49,12,0.5,Desktop,0,1,0
1046,Feminino,46,US,Premium,32,84,0.24,Mobile,0,1,0
1047,Masculino,25,DE,Estudante,83,34,0.55,Desktop,0,1,0
1048,Masculino,58,FR,Gratuito,59,26,0.37,Mobile,8,0,0
1049,Feminino,55,CA,Premium,67,83,0.16,Desktop,0,1,0
1050,Feminino,16,AU,Gratuito,280,56,0.01,Mobile,35,0,0
1051,Masculino,20,DE,Estudante,85,41,0.34,Web,0,1,0
1052,Feminino,33,AU,Familia,169,6,0.32,Mobile,0,1,0
1053,Feminino,55,US,Gratuito,185,14,0.43,Mobile,30,0,0
1054,Masculino,40,CA,Gratuito,37,71,0.51,Mobile,41,0,1
1055,Feminino,49,AU,Estudante,153,88,0.49,Web,0,1,1
1056,Feminino,32,DE,Familia,221,96,0.37,Mobile,0,1,0
1057,Feminino,56,AU,Gratuito,169,90,0.59,Desktop,33,0,0
1058,Masculino,54,US,Gratuito,79,14,0.34,Desktop,40,0,0
1059,Masculino,21,UK,Estudante,44,41,0.31,Mobile,0,1,1
1060,Feminino,22,IN,Familia,204,19,0.42,Web,0,1,0
1061,Masculino,24,AU,Familia,181,75,0.58,Mobile,0,1,0
1062,Feminino,28,US,Estudante,57,12,0.14,Mobile,0,1,0
1063,Feminino,54,FR,Estudante,53,23,0.44,Mobile,0,1,0
1064,Feminino,28,US,Premium,201,54,0.41,Mobile,0,1,1
1065,Masculino,49,US,Premium,74,27,0.22,Mobile,0,1,0
1066,Masculino,26,IN,Gratuito,95,50,0.26,Mobile,39,0,0
1067,Masculino,31,UK,Gratuito,282,58,0.06,Desktop,15,0,1
1068,Feminino,46,CA,Familia,54,79,0.23,Desktop,0,1,0
1069,Masculino,21,IN,Estudante,58,24,0.47,Web,0,1,0
1070,Feminino,32,IN,Familia,219,25,0.06,Desktop,0,1,1
1071,Feminino,28,DE,Premium,178,14,0.35,Web,0,1,0
1072,Masculino,51,AU,Estudante,282,15,0.22,Mobile,0,1,0
1073,Feminino,45,DE,Estudante,243,9,0.02,Web,0,1,0
1074,Feminino,40,US,Familia,175,20,0.41,Mobile,0,1,0
1075,Masculino,30,IN,Gratuito,246,13,0.03,Web,13,0,1
1076,Feminino,43,UK,Premium,277,45,0.29,Web,0,1,0
1077,Feminino,32,PK,Familia,69,8,0.57,Mobile,0,1,1
1078,Masculino,54,PK,Familia,182,69,0.17,Mobile,0,1,0
1079,Feminino,23,UK,Estudante,176,57,0.11,Mobile,0,1,0
1080,Feminino,21,AU,Familia,47,86,0.15,Mobile,0,1,0
1081,Masculino,41,IN,Familia,256,20,0.46,Desktop,0,1,0
1082,Masculino,17,FR,Estudante,74,86,0.54,Desktop,0,1,0
1083,Masculino,46,PK,Estudante,111,19,0.06,Desktop,0,1,0
1084,Masculino,50,US,Gratuito,50,39,0.31,Web,13,0,0
1085,Feminino,42,DE,Gratuito,17,55,0.58,Mobile,49,0,1
1086,Feminino,46,UK,Estudante,85,75,0.15,Mobile,0,1,0
1087,Feminino,17,US,Familia,177,79,0.38,Desktop,0,1,1
1088,Feminino,39,PK,Estudante,288,64,0.0,Web,0,1,1
1089,Masculino,51,PK,Premium,299,93,0.58,Web,0,1,0
1090,Feminino,25,DE,Familia,242,19,0.4,Desktop,0,1,0
1091,Masculino,51,AU,Familia,113,33,0.04,Desktop,0,1,1
1092,Masculino,25,PK,Estudante,24,60,0.57,Mobile,0,1,0
1093,Feminino,54,IN,Gratuito,70,56,0.37,Desktop,14,0,0
1094,Feminino,37,UK,Estudante,194,62,0.04,Mobile,0,1,1
1095,Masculino,59,AU,Gratuito,232,80,0.25,Web,45,0,0
1096,Feminino,47,FR,Familia,52,7,0.45,Web,0,1,0
1097,Feminino,56,FR,Premium,186,2,0.36,Mobile,0,1,0
1098,Feminino,47,PK,Estudante,235,99,0.42,Mobile,0,1,0
1099,Feminino,32,IN,Gratuito,175,12,0.54,Desktop,30,0,0
1100,Feminino,47,IN,Estudante,182,62,0.13,Desktop,0,1,1
1101,Feminino,46,IN,Premium,244,14,0.2,Web,0,1,0
1102,Masculino,47,FR,Familia,240,47,0.16,Desktop,0,1,0
1103,Feminino,49,IN,Estudante,217,27,0.38,Desktop,0,1,0
1104,Feminino,32,FR,Familia,106,5,0.28,Desktop,0,1,1
1105,Feminino,21,FR,Estudante,125,11,0.57,Desktop,0,1,1
1106,Feminino,41,FR,Gratuito,298,30,0.42,Web,33,0,0
1107,Feminino,25,PK,Familia,254,64,0.39,Web,0,1,0
1108,Feminino,25,IN,Premium,195,39,0.36,Desktop,0,1,0
1109,Feminino,45,US,Familia,101,64,0.41,Web,0,1,0
1110,Feminino,30,DE,Familia,32,42,0.52,Desktop,0,1,1
1111,Masculino,26,DE,Gratuito,288,40,0.16,Web,44,0,1
1112,Masculino,42,PK,Gratuito,262,41,0.17,Mobile,37,0,0
1113,Masculino,53,UK,Estudante,83,6,0.03,Mobile,0,1,0
1114,Feminino,35,UK,Estudante,255,34,0.02,Desktop,0,1,1
1115,Feminino,23,FR,Familia,47,85,0.42,Web,0,1,0
1116,Feminino,55,IN,Gratuito,180,93,0.6,Desktop,14,0,0
1117,Feminino,24,US,Estudante,232,71,0.23,Mobile,0,1,0
1118,Feminino,50,FR,Estudante,246,47,0.28,Web,0,1,1
1119,Masculino,44,IN,Estudante,11,74,0.47,Mobile,0,1,0
1120,Masculino,24,AU,Familia,164,84,0.02,Desktop,0,1,1
1121,Masculino,26,IN,Gratuito,284,14,0.5,Desktop,10,0,0
1122,Feminino,29,US,Premium,259,39,0.39,Mobile,0,1,1
1123,Masculino,20,DE,Estudante,226,82,0.53,Desktop,0,1,0
1124,Feminino,18,AU,Premium,111,42,0.54,Web,0,1,0
1125,Feminino,17,DE,Gratuito,146,68,0.16,Web,12,0,1
1126,Masculino,21,AU,Gratuito,129,5,0.02,Desktop,25,0,0
1127,Feminino,20,CA,Estudante,241,68,0.22,Mobile,0,1,0
1128,Feminino,27,IN,Gratuito,144,75,0.2,Web,26,0,0
1129,Feminino,27,US,Gratuito,284,57,0.14,Desktop,41,0,1
1130,Feminino,50,UK,Estudante,241,93,0.17,Web,0,1,1
1131,Masculino,26,FR,Premium,290,14,0.33,Mobile,0,1,0
1132,Feminino,23,FR,Estudante,137,39,0.49,Web,0,1,0
1133,Masculino,56,FR,Premium,187,60,0.14,Web,0,1,0
1134,Feminino,35,FR,Familia,36,14,0.6,Web,0,1,0
1135,Masculino,56,UK,Familia,106,5,0.55,Web,0,1,1
1136,Feminino,25,PK,Familia,211,10,0.6,Mobile,0,1,0
1137,Feminino,44,AU,Familia,64,88,0.24,Web,0,1,0
1138,Feminino,30,PK,Premium,49,75,0.36,Desktop,0,1,0
1139,Masculino,53,CA,Estudante,68,82,0.57,Web,0,1,1
1140,Masculino,31,US,Estudante,268,58,0.59,Web,0,1,0
1141,Feminino,52,UK,Premium,118,67,0.57,Mobile,0,1,0
1142,Feminino,31,AU,Gratuito,200,50,0.33,Desktop,40,0,0
1143,Feminino,49,US,Gratuito,13,96,0.05,Mobile,30,0,0
1144,Feminino,47,PK,Estudante,150,22,0.47,Mobile,0,1,0
1145,Feminino,30,IN,Familia,43,7,0.04,Mobile,0,1,0
1146,Feminino,28,UK,Premium,298,12,0.59,Web,0,1,0
1147,Masculino,49,DE,Gratuito,156,32,0.29,Desktop,33,0,0
1148,Feminino,23,AU,Familia,27,72,0.01,Desktop,0,1,0
1149,Feminino,56,AU,Gratuito,243,43,0.13,Desktop,10,0,0
1150,Feminino,38,FR,Familia,282,48,0.57,Mobile,0,1,1
1151,Feminino,59,DE,Familia,274,97,0.22,Web,0,1,0
1152,Feminino,52,UK,Familia,253,50,0.25,Web,0,1,0
1153,Masculino,20,DE,Estudante,276,18,0.15,Web,0,1,1
1154,Masculino,38,US,Gratuito,65,74,0.1,Web,28,0,0
1155,Feminino,24,IN,Gratuito,12,99,0.17,Desktop,33,0,0
1156,Masculino,16,UK,Estudante,172,81,0.18,Web,0,1,0
1157,Feminino,17,FR,Familia,183,1,0.17,Mobile,0,1,1
1158,Masculino,27,CA,Familia,81,80,0.57,Mobile,0,1,0
1159,Feminino,43,DE,Estudante,214,94,0.28,Mobile,0,1,0
1160,Feminino,43,AU,Familia,29,30,0.25,Web,0,1,0
1161,Feminino,38,FR,Premium,284,96,0.53,Web,0,1,0
1162,Masculino,19,PK,Estudante,257,91,0.48,Web,0,1,0
1163,Feminino,58,PK,Estudante,61,92,0.57,Web,0,1,0
1164,Feminino,35,FR,Estudante,53,25,0.06,Web,0,1,1
1165,Masculino,26,US,Premium,293,76,0.31,Mobile,0,1,0
1166,Feminino,25,CA,Gratuito,205,47,0.54,Web,15,0,0
1167,Feminino,25,US,Premium,209,22,0.33,Web,0,1,0
1168,Masculino,34,AU,Estudante,242,28,0.43,Mobile,0,1,0
1169,Feminino,42,FR,Premium,88,48,0.15,Mobile,0,1,0
1170,Feminino,42,IN,Premium,99,67,0.26,Desktop,0,1,0
1171,Feminino,45,AU,Familia,179,74,0.45,Desktop,0,1,0
1172,Feminino,35,UK,Familia,174,66,0.56,Desktop,0,1,1
1173,Feminino,37,FR,Estudante,84,96,0.4,Mobile,0,1,0
1174,Feminino,17,UK,Estudante,275,78,0.11,Mobile,0,1,0
1175,Masculino,41,DE,Gratuito,272,59,0.53,Web,21,0,0
1176,Feminino,49,AU,Estudante,252,72,0.4,Mobile,0,1,0
1177,Feminino,17,FR,Estudante,273,81,0.6,Mobile,0,1,0
1178,Feminino,47,AU,Premium,198,51,0.45,Desktop,0,1,0
1179,Masculino,17,US,Premium,172,49,0.56,Desktop,0,1,0
1180,Feminino,57,FR,Estudante,33,87,0.54,Web,0,1,1
1181,Feminino,43,IN,Premium,19,73,0.25,Desktop,0,1,0
1182,Feminino,59,IN,Estudante,254,46,0.45,Web,0,1,0
1183,Feminino,47,DE,Gratuito,166,19,0.34,Desktop,36,0,0
1184,Feminino,39,CA,Estudante,215,89,0.45,Desktop,0,1,0
1185,Masculino,34,IN,Familia,73,27,0.39,Mobile,0,1,1
1186,Masculino,21,IN,Familia,247,30,0.42,Desktop,0,1,1
1187,Feminino,37,PK,Gratuito,194,56,0.16,Web,13,0,0
1188,Feminino,47,IN,Estudante,193,55,0.0,Mobile,0,1,1
1189,Feminino,58,US,Estudante,31,28,0.01,Desktop,0,1,0
1190,Feminino,51,UK,Familia,135,49,0.35,Desktop,0,1,1
1191,Feminino,34,DE,Estudante,99,67,0.26,Mobile,0,1,1
1192,Feminino,38,IN,Familia,260,42,0.43,Web,0,1,0
1193,Feminino,24,IN,Premium,76,26,0.04,Desktop,0,1,0
1194,Masculino,57,DE,Estudante,221,41,0.35,Mobile,0,1,0
1195,Feminino,58,PK,Gratuito,59,46,0.42,Mobile,5,0,0
1196,Masculino,58,AU,Familia,80,50,0.32,Desktop,0,1,0
1197,Feminino,33,CA,Premium,295,99,0.54,Web,0,1,1
1198,Feminino,43,FR,Familia,292,71,0.42,Web,0,1,0
1199,Feminino,39,CA,Familia,133,74,0.21,Mobile,0,1,0
1200,Masculino,40,IN,Premium,191,88,0.52,Mobile,0,1,0
1201,Masculino,34,CA,Gratuito,41,79,0.05,Mobile,39,0,1
1202,Masculino,20,AU,Premium,57,8,0.57,Desktop,0,1,0
1203,Feminino,35,CA,Gratuito,251,27,0.52,Web,42,0,1
1204,Feminino,42,DE,Premium,22,80,0.45,Desktop,0,1,0
1205,Masculino,19,US,Gratuito,32,62,0.19,Desktop,40,0,1
1206,Feminino,35,DE,Gratuito,227,4,0.02,Web,32,0,0
1207,Feminino,48,UK,Familia,228,20,0.32,Mobile,0,1,1
1208,Feminino,38,IN,Gratuito,131,72,0.57,Mobile,37,0,0
1209,Feminino,19,DE,Gratuito,96,67,0.27,Desktop,38,0,0
1210,Feminino,34,CA,Familia,10,97,0.16,Desktop,0,1,0
1211,Masculino,29,IN,Familia,57,31,0.03,Web,0,1,0
1212,Masculino,59,DE,Premium,51,30,0.03,Desktop,0,1,1
1213,Feminino,42,CA,Premium,51,78,0.06,Desktop,0,1,1
1214,Feminino,44,AU,Estudante,47,80,0.44,Mobile,0,1,0
1215,Feminino,25,FR,Familia,120,52,0.32,Desktop,0,1,0
1216,Feminino,57,US,Familia,101,32,0.17,Desktop,0,1,0
1217,Feminino,45,PK,Premium,240,48,0.5,Web,0,1,0
1218,Feminino,49,AU,Familia,89,25,0.35,Web,0,1,0
1219,Feminino,51,UK,Gratuito,45,61,0.37,Desktop,36,0,0
1220,Feminino,47,FR,Gratuito,289,49,0.06,Web,47,0,0
1221,Feminino,53,AU,Gratuito,280,74,0.39,Mobile,6,0,1
1222,Feminino,23,AU,Familia,290,82,0.44,Desktop,0,1,1
1223,Feminino,47,IN,Familia,100,26,0.06,Mobile,0,1,1
1224,Masculino,53,UK,Estudante,22,35,0.24,Mobile,0,1,1
1225,Feminino,39,US,Familia,13,15,0.05,Web,0,1,0
1226,Feminino,26,PK,Estudante,245,71,0.37,Desktop,0,1,1
1227,Masculino,44,DE,Familia,162,4,0.24,Web,0,1,0
1228,Masculino,24,US,Familia,249,93,0.21,Desktop,0,1,0
1229,Feminino,41,CA,Gratuito,218,6,0.13,Web,38,0,0
1230,Feminino,25,US,Familia,22,87,0.27,Mobile,0,1,0
1231,Masculino,49,IN,Gratuito,269,82,0.42,Desktop,5,0,1
1232,Feminino,39,US,Estudante,172,55,0.27,Desktop,0,1,0
1233,Feminino,39,DE,Familia,10,36,0.04,Desktop,0,1,0
1234,Feminino,53,PK,Premium,93,28,0.45,Mobile,0,1,1
1235,Feminino,32,FR,Gratuito,272,38,0.34,Mobile,20,0,0
1236,Masculino,27,CA,Familia,53,82,0.48,Mobile,0,1,0
1237,Masculino,40,FR,Gratuito,59,30,0.1,Web,44,0,0
1238,Masculino,51,AU,Premium,20,72,0.25,Mobile,0,1,0
1239,Feminino,52,UK,Premium,247,41,0.33,Desktop,0,1,0
1240,Feminino,40,CA,Premium,220,97,0.05,Desktop,0,1,0
1241,Feminino,23,DE,Premium,70,85,0.46,Mobile,0,1,0
1242,Feminino,42,UK,Premium,154,48,0.23,Desktop,0,1,0
1243,Masculino,18,UK,Premium,234,6,0.52,Desktop,0,1,1
1244,Masculino,20,AU,Gratuito,158,95,0.13,Desktop,10,0,0
1245,Feminino,34,AU,Familia,35,3,0.09,Desktop,0,1,1
1246,Feminino,59,CA,Gratuito,233,80,0.16,Desktop,36,0,0
1247,Feminino,34,IN,Gratuito,177,27,0.3,Web,22,0,1
1248,Feminino,42,DE,Gratuito,193,28,0.55,Web,19,0,0
1249,Feminino,39,US,Familia,67,38,0.06,Mobile,0,1,1
1250,Feminino,58,FR,Premium,244,4,0.37,Mobile,0,1,0
1251,Feminino,20,UK,Estudante,111,92,0.36,Desktop,0,1,1
1252,Feminino,52,US,Gratuito,281,1,0.1,Web,47,0,0
1253,Masculino,55,PK,Gratuito,222,74,0.49,Web,34,0,0
1254,Masculino,31,IN,Familia,142,98,0.28,Desktop,0,1,1
1255,Feminino,20,DE,Familia,188,10,0.33,Desktop,0,1,0
1256,Masculino,21,AU,Estudante,11,3,0.48,Desktop,0,1,1
1257,Feminino,27,UK,Premium,221,53,0.01,Mobile,0,1,1
1258,Feminino,57,IN,Estudante,76,9,0.11,Web,0,1,0
1259,Masculino,55,DE,Gratuito,166,55,0.28,Web,32,0,0
1260,Feminino,32,CA,Gratuito,180,91,0.37,Web,7,0,0
1261,Feminino,17,CA,Gratuito,298,88,0.14,Mobile,37,0,0
1262,Masculino,38,DE,Gratuito,71,85,0.4,Web,40,0,1
1263,Feminino,58,UK,Estudante,115,23,0.34,Desktop,0,1,0
1264,Masculino,42,UK,Familia,193,66,0.22,Mobile,0,1,0
1265,Feminino,46,AU,Gratuito,242,37,0.2,Web,34,0,0
1266,Masculino,51,UK,Premium,12,81,0.3,Mobile,0,1,0
1267,Feminino,17,PK,Estudante,116,40,0.01,Desktop,0,1,0
1268,Masculino,54,AU,Familia,213,38,0.55,Desktop,0,1,1
1269,Feminino,35,DE,Gratuito,246,46,0.13,Mobile,18,0,0
1270,Feminino,16,PK,Gratuito,48,31,0.48,Desktop,44,0,0
1271,Masculino,57,AU,Familia,133,19,0.12,Web,0,1,0
1272,Feminino,42,IN,Estudante,207,75,0.04,Web,0,1,0
1273,Feminino,31,UK,Gratuito,180,7,0.44,Desktop,44,0,0
1274,Masculino,53,CA,Premium,79,74,0.05,Desktop,0,1,0
1275,Feminino,25,AU,Premium,294,74,0.36,Web,0,1,0
1276,Masculino,59,PK,Premium,118,39,0.01,Web,0,1,0
1277,Masculino,27,FR,Premium,205,53,0.42,Mobile,0,1,1
1278,Feminino,37,AU,Gratuito,84,83,0.2,Web,7,0,0
1279,Feminino,34,AU,Premium,296,98,0.03,Mobile,0,1,0
1280,Masculino,36,PK,Estudante,281,27,0.08,Desktop,0,1,1
1281,Feminino,43,FR,Gratuito,63,90,0.32,Web,49,0,1
1282,Feminino,40,PK,Gratuito,219,71,0.2,Desktop,26,0,0
1283,Feminino,57,AU,Premium,63,73,0.1,Web,0,1,0
1284,Feminino,43,US,Familia,261,55,0.15,Mobile,0,1,0
1285,Masculino,36,UK,Gratuito,243,36,0.29,Desktop,32,0,1
1286,Feminino,33,PK,Premium,110,78,0.42,Web,0,1,0
1287,Feminino,37,AU,Estudante,41,98,0.04,Web,0,1,0
1288,Feminino,56,US,Premium,140,79,0.13,Web,0,1,0
1289,Masculino,45,US,Estudante,178,97,0.52,Desktop,0,1,0
1290,Masculino,29,DE,Estudante,179,13,0.43,Mobile,0,1,0
1291,Masculino,35,CA,Gratuito,168,85,0.43,Mobile,39,0,0
1292,Feminino,24,FR,Premium,90,7,0.56,Web,0,1,0
1293,Masculino,44,CA,Gratuito,296,90,0.15,Web,26,0,1
1294,Feminino,29,PK,Gratuito,268,41,0.2,Web,38,0,1
1295,Feminino,47,IN,Gratuito,80,39,0.31,Desktop,43,0,1
1296,Masculino,44,AU,Gratuito,199,59,0.06,Desktop,32,0,0
1297,Masculino,53,DE,Estudante,116,37,0.44,Mobile,0,1,0
1298,Feminino,20,AU,Familia,198,87,0.27,Web,0,1,0
1299,Feminino,25,UK,Familia,201,31,0.17,Web,0,1,1
1300,Masculino,31,AU,Estudante,80,27,0.1,Web,0,1,0
1301,Feminino,41,AU,Estudante,222,90,0.58,Web,0,1,0
1302,Feminino,43,PK,Estudante,36,47,0.4,Web,0,1,1
1303,Feminino,18,US,Premium,113,92,0.04,Mobile,0,1,0
1304,Feminino,31,CA,Familia,149,96,0.28,Desktop,0,1,0
1305,Masculino,44,AU,Gratuito,34,50,0.15,Mobile,27,0,0
1306,Masculino,27,PK,Gratuito,20,68,0.0,Mobile,45,0,0
1307,Feminino,21,CA,Gratuito,198,46,0.49,Mobile,42,0,0
1308,Masculino,25,PK,Gratuito,265,26,0.5,Desktop,14,0,0
1309,Masculino,43,IN,Premium,149,38,0.04,Desktop,0,1,0
1310,Feminino,52,CA,Familia,217,72,0.13,Web,0,1,0
1311,Feminino,36,CA,Premium,54,24,0.56,Mobile,0,1,1
1312,Feminino,31,FR,Estudante,278,12,0.18,Web,0,1,1
1313,Feminino,41,US,Gratuito,99,43,0.04,Web,19,0,0
1314,Masculino,57,US,Gratuito,89,4,0.24,Web,27,0,1
1315,Feminino,46,FR,Familia,245,65,0.57,Mobile,0,1,0
1316,Feminino,16,UK,Estudante,252,17,0.51,Mobile,0,1,0
1317,Masculino,20,PK,Premium,11,59,0.42,Web,0,1,1
1318,Masculino,55,CA,Estudante,29,2,0.27,Mobile,0,1,0
1319,Feminino,32,AU,Familia,78,95,0.15,Web,0,1,1
1320,Feminino,26,FR,Gratuito,199,95,0.47,Web,49,0,0
1321,Masculino,25,AU,Gratuito,238,34,0.18,Desktop,32,0,0
1322,Feminino,57,UK,Premium,231,77,0.23,Mobile,0,1,0
1323,Feminino,28,AU,Estudante,283,17,0.04,Mobile,0,1,1
1324,Masculino,26,US,Premium,209,78,0.58,Desktop,0,1,0
1325,Feminino,59,UK,Premium,227,23,0.07,Mobile,0,1,0
1326,Feminino,20,CA,Premium,36,23,0.18,Desktop,0,1,0
1327,Feminino,54,FR,Familia,117,73,0.4,Mobile,0,1,0
1328,Masculino,57,IN,Familia,131,6,0.27,Web,0,1,1
1329,Feminino,30,PK,Estudante,293,30,0.56,Mobile,0,1,0
1330,Feminino,53,DE,Premium,44,67,0.18,Mobile,0,1,0
1331,Masculino,40,US,Familia,268,98,0.33,Desktop,0,1,0
1332,Feminino,59,FR,Familia,242,67,0.41,Desktop,0,1,0
1333,Masculino,21,AU,Familia,141,94,0.54,Mobile,0,1,1
1334,Feminino,48,CA,Familia,277,74,0.36,Mobile,0,1,0
1335,Feminino,42,PK,Familia,106,98,0.59,Desktop,0,1,0
1336,Feminino,37,PK,Premium,153,93,0.51,Mobile,0,1,1
1337,Feminino,57,UK,Estudante,91,33,0.06,Mobile,0,1,0
1338,Feminino,25,CA,Familia,264,43,0.51,Web,0,1,0
1339,Masculino,22,US,Familia,163,55,0.01,Desktop,0,1,1
1340,Masculino,33,US,Estudante,87,87,0.22,Desktop,0,1,0
1341,Feminino,18,UK,Premium,155,45,0.42,Web,0,1,1
1342,Masculino,58,FR,Gratuito,90,57,0.01,Web,6,0,1
1343,Feminino,43,PK,Estudante,20,56,0.09,Web,0,1,0
1344,Masculino,33,UK,Gratuito,262,56,0.16,Desktop,41,0,0
1345,Feminino,19,IN,Gratuito,177,59,0.32,Web,48,0,0
1346,Feminino,57,UK,Estudante,232,43,0.59,Web,0,1,1
1347,Feminino,32,AU,Estudante,288,84,0.33,Desktop,0,1,0
1348,Feminino,51,CA,Familia,122,20,0.41,Web,0,1,1
1349,Feminino,30,US,Premium,249,21,0.53,Mobile,0,1,0
1350,Masculino,34,US,Estudante,177,22,0.18,Web,0,1,0
1351,Masculino,57,CA,Familia,59,19,0.25,Desktop,0,1,0
1352,Feminino,51,AU,Gratuito,79,61,0.11,Web,27,0,1
1353,Feminino,22,CA,Familia,30,39,0.33,Desktop,0,1,0
1354,Feminino,29,UK,Premium,26,35,0.28,Desktop,0,1,1
1355,Feminino,33,IN,Gratuito,182,67,0.49,Web,31,0,0
1356,Feminino,48,CA,Familia,193,41,0.17,Desktop,0,1,0
1357,Masculino,35,IN,Estudante,82,26,0.31,Mobile,0,1,1
1358,Feminino,32,CA,Gratuito,114,34,0.16,Web,16,0,0
1359,Feminino,17,PK,Premium,92,65,0.16,Web,0,1,0
1360,Feminino,56,UK,Gratuito,265,50,0.05,Web,19,0,0
1361,Masculino,53,IN,Familia,45,77,0.55,Desktop,0,1,0
1362,Feminino,42,UK,Familia,177,60,0.04,Desktop,0,1,0
1363,Feminino,19,FR,Gratuito,16,48,0.06,Web,47,0,0
1364,Masculino,18,FR,Estudante,238,42,0.51,Desktop,0,1,0
1365,Masculino,49,PK,Familia,290,21,0.53,Mobile,0,1,1
1366,Feminino,24,DE,Premium,88,7,0.33,Mobile,0,1,0
1367,Feminino,47,US,Premium,119,50,0.57,Mobile,0,1,1
1368,Feminino,18,IN,Familia,52,74,0.0,Web,0,1,1
1369,Feminino,58,PK,Estudante,223,2,0.01,Desktop,0,1,0
1370,Feminino,21,UK,Estudante,240,55,0.01,Desktop,0,1,1
1371,Feminino,48,FR,Gratuito,62,14,0.58,Desktop,10,0,0
1372,Masculino,49,AU,Gratuito,121,99,0.28,Mobile,47,0,0
1373,Masculino,52,UK,Estudante,173,45,0.41,Web,0,1,0
1374,Masculino,25,US,Estudante,56,91,0.08,Desktop,0,1,1
1375,Feminino,32,UK,Gratuito,113,95,0.06,Web,22,0,1
1376,Masculino,44,US,Estudante,253,87,0.26,Desktop,0,1,0
1377,Feminino,50,US,Gratuito,205,25,0.13,Web,13,0,0
1378,Feminino,58,FR,Estudante,20,46,0.49,Desktop,0,1,0
1379,Masculino,16,AU,Familia,240,31,0.5,Web,0,1,0
1380,Feminino,47,IN,Premium,92,95,0.21,Web,0,1,0
1381,Feminino,23,UK,Premium,288,82,0.39,Desktop,0,1,0
1382,Feminino,43,US,Gratuito,273,96,0.37,Mobile,41,0,0
1383,Masculino,45,IN,Estudante,19,4,0.02,Web,0,1,1
1384,Masculino,23,PK,Familia,271,57,0.54,Desktop,0,1,0
1385,Feminino,38,UK,Estudante,72,61,0.2,Web,0,1,0
1386,Feminino,48,IN,Gratuito,114,72,0.48,Web,44,0,1
1387,Masculino,31,UK,Premium,283,73,0.17,Mobile,0,1,0
1388,Feminino,56,IN,Gratuito,245,92,0.28,Mobile,38,0,0
1389,Feminino,47,US,Gratuito,116,21,0.24,Web,46,0,0
1390,Feminino,31,US,Gratuito,126,22,0.15,Web,42,0,0
1391,Feminino,59,CA,Estudante,114,13,0.01,Mobile,0,1,0
1392,Masculino,45,IN,Gratuito,31,47,0.22,Mobile,13,0,0
1393,Masculino,53,IN,Gratuito,57,90,0.5,Desktop,15,0,0
1394,Feminino,34,UK,Gratuito,272,30,0.46,Mobile,12,0,0
1395,Masculino,53,AU,Estudante,264,70,0.23,Web,0,1,0
1396,Feminino,53,CA,Premium,191,9,0.24,Mobile,0,1,1
1397,Feminino,44,DE,Estudante,229,6,0.33,Desktop,0,1,0
1398,Masculino,33,US,Gratuito,74,67,0.15,Desktop,14,0,0
1399,Feminino,51,IN,Premium,98,38,0.59,Web,0,1,0
1400,Feminino,17,DE,Familia,29,33,0.55,Desktop,0,1,1
1401,Feminino,43,UK,Gratuito,21,16,0.34,Desktop,38,0,0
1402,Masculino,20,PK,Gratuito,58,75,0.08,Web,47,0,0
1403,Masculino,42,DE,Familia,292,64,0.09,Web,0,1,0
1404,Masculino,54,FR,Premium,49,13,0.04,Desktop,0,1,0
1405,Masculino,41,DE,Premium,126,86,0.33,Web,0,1,1
1406,Feminino,50,AU,Gratuito,192,94,0.5,Mobile,44,0,0
1407,Masculino,28,PK,Familia,294,41,0.15,Desktop,0,1,0
1408,Feminino,42,AU,Estudante,123,29,0.19,Desktop,0,1,0
1409,Feminino,31,FR,Premium,139,16,0.13,Desktop,0,1,0
1410,Masculino,34,AU,Premium,55,17,0.39,Web,0,1,0
1411,Feminino,26,AU,Gratuito,228,74,0.3,Web,40,0,0
1412,Feminino,45,DE,Estudante,204,93,0.33,Desktop,0,1,0
1413,Feminino,24,US,Premium,199,81,0.26,Web,0,1,0
1414,Feminino,56,PK,Familia,71,48,0.28,Web,0,1,0
1415,Feminino,39,FR,Familia,251,25,0.22,Mobile,0,1,1
1416,Feminino,51,IN,Familia,77,25,0.24,Desktop,0,1,0
1417,Feminino,20,US,Gratuito,23,15,0.12,Web,5,0,0
1418,Feminino,19,IN,Estudante,30,19,0.26,Desktop,0,1,0
1419,Feminino,30,PK,Familia,114,49,0.3,Web,0,1,0
1420,Feminino,43,PK,Gratuito,48,78,0.36,Mobile,19,0,0
1421,Feminino,44,AU,Estudante,33,12,0.41,Web,0,1,0
1422,Feminino,59,DE,Premium,121,62,0.41,Desktop,0,1,1
1423,Feminino,16,CA,Gratuito,147,4,0.58,Web,47,0,0
1424,Feminino,48,PK,Estudante,103,88,0.54,Desktop,0,1,0
1425,Feminino,33,DE,Premium,222,10,0.27,Mobile,0,1,0
1426,Masculino,45,PK,Familia,58,41,0.17,Mobile,0,1,0
1427,Feminino,27,PK,Familia,297,30,0.07,Desktop,0,1,0
1428,Masculino,17,DE,Gratuito,117,83,0.26,Mobile,9,0,0
1429,Feminino,49,FR,Premium,131,49,0.04,Mobile,0,1,0
1430,Masculino,36,IN,Gratuito,97,12,0.44,Desktop,32,0,0
1431,Feminino,53,DE,Familia,112,35,0.42,Web,0,1,1
1432,Masculino,34,CA,Familia,185,10,0.41,Mobile,0,1,1
1433,Feminino,36,IN,Familia,131,16,0.5,Desktop,0,1,0
1434,Feminino,25,UK,Premium,56,53,0.12,Desktop,0,1,1
1435,Feminino,43,FR,Estudante,64,53,0.4,Desktop,0,1,1
1436,Masculino,42,AU,Familia,160,91,0.27,Mobile,0,1,0
1437,Feminino,26,IN,Familia,134,98,0.18,Desktop,0,1,0
1438,Masculino,16,UK,Premium,160,15,0.03,Desktop,0,1,0
1439,Masculino,48,UK,Premium,47,46,0.2,Web,0,1,0
1440,Masculino,53,US,Gratuito,15,26,0.02,Mobile,29,0,1
1441,Feminino,22,DE,Premium,291,58,0.12,Desktop,0,1,0
1442,Feminino,19,UK,Gratuito,75,21,0.24,Desktop,10,0,0
1443,Feminino,52,FR,Premium,130,53,0.2,Desktop,0,1,0
1444,Feminino,20,FR,Premium,96,50,0.49,Desktop,0,1,1
1445,Feminino,18,CA,Estudante,284,1,0.13,Mobile,0,1,1
1446,Feminino,40,FR,Estudante,173,56,0.39,Web,0,1,0
1447,Feminino,40,PK,Familia,238,43,0.01,Desktop,0,1,0
1448,Feminino,38,PK,Gratuito,52,14,0.49,Mobile,8,0,0
1449,Feminino,51,PK,Estudante,212,97,0.29,Web,0,1,0
1450,Masculino,36,IN,Premium,246,45,0.18,Mobile,0,1,0
1451,Masculino,51,CA,Familia,59,88,0.14,Mobile,0,1,1
1452,Masculino,40,CA,Estudante,250,81,0.34,Web,0,1,0
1453,Feminino,25,PK,Gratuito,138,7,0.37,Mobile,9,0,0
1454,Feminino,45,FR,Premium,75,4,0.17,Web,0,1,1
1455,Feminino,30,DE,Premium,53,92,0.22,Mobile,0,1,0
1456,Feminino,47,CA,Gratuito,168,25,0.35,Web,6,0,1
1457,Feminino,30,IN,Premium,109,76,0.41,Desktop,0,1,0
1458,Feminino,46,UK,Gratuito,22,63,0.36,Desktop,37,0,0
1459,Feminino,59,FR,Estudante,188,85,0.55,Desktop,0,1,1
1460,Feminino,41,FR,Familia,12,41,0.41,Desktop,0,1,0
1461,Masculino,55,AU,Gratuito,62,20,0.57,Desktop,28,0,0
1462,Feminino,30,AU,Gratuito,278,11,0.27,Mobile,15,0,0
1463,Masculino,59,FR,Familia,34,85,0.3,Web,0,1,1
1464,Feminino,26,US,Familia,28,28,0.31,Desktop,0,1,1
1465,Feminino,34,UK,Gratuito,175,14,0.07,Desktop,48,0,0
1466,Masculino,44,FR,Familia,217,31,0.01,Web,0,1,0
1467,Feminino,45,UK,Gratuito,178,92,0.08,Web,16,0,1
1468,Feminino,37,US,Familia,135,47,0.42,Mobile,0,1,0
1469,Feminino,24,IN,Premium,216,40,0.4,Web,0,1,0
1470,Feminino,29,US,Familia,203,93,0.26,Web,0,1,1
1471,Masculino,23,DE,Estudante,69,14,0.04,Mobile,0,1,1
1472,Masculino,28,FR,Premium,280,9,0.33,Mobile,0,1,0
1473,Feminino,49,UK,Premium,200,91,0.47,Mobile,0,1,0
1474,Feminino,39,US,Gratuito,174,82,0.24,Web,17,0,0
1475,Feminino,19,US,Estudante,192,1,0.17,Desktop,0,1,1
1476,Masculino,43,FR,Estudante,65,91,0.09,Desktop,0,1,0
1477,Feminino,55,IN,Gratuito,39,91,0.29,Mobile,32,0,1
1478,Masculino,20,IN,Familia,108,90,0.56,Web,0,1,0
1479,Feminino,32,UK,Gratuito,114,25,0.28,Web,21,0,0
1480,Feminino,48,AU,Premium,142,29,0.3,Mobile,0,1,0
1481,Masculino,28,IN,Gratuito,25,58,0.04,Web,32,0,0
1482,Feminino,50,UK,Familia,28,81,0.37,Mobile,0,1,1
1483,Feminino,39,PK,Familia,104,83,0.16,Mobile,0,1,0
1484,Masculino,58,UK,Gratuito,49,1,0.23,Web,45,0,0
1485,Feminino,49,AU,Premium,213,85,0.15,Desktop,0,1,1
1486,Feminino,21,DE,Premium,262,39,0.23,Web,0,1,0
1487,Feminino,33,DE,Familia,224,25,0.3,Mobile,0,1,0
1488,Feminino,35,FR,Familia,238,80,0.1,Web,0,1,0
1489,Feminino,38,AU,Estudante,216,81,0.44,Mobile,0,1,1
1490,Masculino,32,UK,Estudante,75,71,0.5,Desktop,0,1,1
1491,Feminino,58,AU,Premium,275,13,0.59,Web,0,1,0
1492,Feminino,24,CA,Estudante,13,27,0.5,Web,0,1,0
1493,Feminino,33,CA,Estudante,37,87,0.29,Desktop,0,1,0
1494,Feminino,42,AU,Familia,126,5,0.35,Desktop,0,1,0
1495,Feminino,23,UK,Estudante,50,61,0.42,Web,0,1,1
1496,Masculino,27,PK,Familia,195,3,0.27,Web,0,1,1
1497,Feminino,27,FR,Gratuito,145,57,0.36,Mobile,19,0,0
1498,Feminino,48,AU,Familia,48,11,0.5,Desktop,0,1,0
1499,Masculino,46,CA,Familia,290,60,0.42,Mobile,0,1,0
1500,Masculino,20,DE,Estudante,215,9,0.0,Mobile,0,1,0
1501,Feminino,57,UK,Familia,267,95,0.32,Desktop,0,1,1
1502,Feminino,45,CA,Premium,71,68,0.18,Desktop,0,1,1
1503,Feminino,17,UK,Familia,147,86,0.44,Desktop,0,1,0
1504,Feminino,43,FR,Premium,252,68,0.13,Desktop,0,1,0
1505,Feminino,54,PK,Estudante,253,68,0.46,Mobile,0,1,0
1506,Feminino,55,US,Premium,157,35,0.19,Desktop,0,1,0
1507,Masculino,18,US,Familia,123,41,0.42,Web,0,1,0
1508,Masculino,23,CA,Familia,171,84,0.11,Mobile,0,1,0
1509,Feminino,43,CA,Estudante,112,31,0.6,Desktop,0,1,0
1510,Masculino,58,UK,Gratuito,85,58,0.04,Web,30,0,1
1511,Feminino,33,DE,Familia,153,85,0.04,Web,0,1,0
1512,Masculino,37,PK,Familia,254,84,0.01,Desktop,0,1,0
1513,Feminino,53,UK,Estudante,211,47,0.06,Web,0,1,1
1514,Feminino,40,PK,Familia,155,61,0.46,Mobile,0,1,1
1515,Masculino,40,US,Gratuito,124,76,0.34,Web,42,0,0
1516,Feminino,18,UK,Estudante,120,23,0.45,Web,0,1,0
1517,Feminino,25,PK,Gratuito,122,82,0.27,Web,47,0,0
1518,Masculino,59,UK,Gratuito,135,63,0.08,Web,30,0,0
1519,Masculino,25,CA,Gratuito,24,29,0.29,Desktop,9,0,0
1520,Masculino,40,PK,Gratuito,84,6,0.32,Web,18,0,0
1521,Feminino,35,CA,Premium,15,40,0.37,Mobile,0,1,1
1522,Feminino,37,PK,Familia,219,9,0.02,Desktop,0,1,0
1523,Masculino,21,IN,Familia,81,17,0.32,Web,0,1,0
1524,Feminino,44,DE,Gratuito,222,51,0.4,Web,17,0,0
1525,Masculino,36,IN,Premium,165,45,0.46,Desktop,0,1,0
1526,Masculino,57,CA,Estudante,130,7,0.08,Mobile,0,1,1
1527,Masculino,30,DE,Familia,175,84,0.04,Web,0,1,1
1528,Feminino,30,UK,Estudante,299,61,0.53,Web,0,1,0
1529,Feminino,49,FR,Estudante,38,13,0.16,Desktop,0,1,0
1530,Feminino,19,PK,Familia,12,83,0.2,Desktop,0,1,0
1531,Masculino,20,UK,Gratuito,61,1,0.27,Desktop,43,0,1
1532,Feminino,19,AU,Familia,219,58,0.22,Desktop,0,1,0
1533,Feminino,20,AU,Gratuito,120,46,0.0,Web,16,0,1
1534,Feminino,59,DE,Premium,92,86,0.44,Desktop,0,1,0
1535,Masculino,41,UK,Estudante,65,87,0.47,Web,0,1,1
1536,Feminino,46,FR,Estudante,271,13,0.48,Web,0,1,0
1537,Feminino,26,UK,Familia,270,4,0.15,Web,0,1,1
1538,Feminino,51,DE,Premium,180,64,0.59,Desktop,0,1,0
1539,Feminino,46,AU,Gratuito,154,95,0.21,Mobile,37,0,0
1540,Masculino,16,DE,Gratuito,76,30,0.58,Web,6,0,1
1541,Masculino,27,UK,Premium,36,57,0.39,Mobile,0,1,0
1542,Feminino,59,US,Premium,79,24,0.28,Mobile,0,1,0
1543,Feminino,58,FR,Familia,238,74,0.2,Desktop,0,1,1
1544,Feminino,57,IN,Familia,64,71,0.03,Desktop,0,1,0
1545,Feminino,30,PK,Premium,258,50,0.11,Mobile,0,1,1
1546,Feminino,24,DE,Familia,228,72,0.38,Web,0,1,0
1547,Feminino,51,DE,Gratuito,43,4,0.08,Web,41,0,0
1548,Feminino,50,AU,Gratuito,162,40,0.24,Web,11,0,0
1549,Feminino,33,IN,Familia,144,66,0.05,Desktop,0,1,0
1550,Feminino,31,US,Familia,74,78,0.39,Desktop,0,1,1
1551,Masculino,28,DE,Estudante,213,48,0.22,Desktop,0,1,1
1552,Feminino,47,UK,Familia,108,56,0.28,Web,0,1,0
1553,Masculino,23,FR,Gratuito,127,95,0.27,Mobile,16,0,0
1554,Masculino,59,FR,Gratuito,295,8,0.41,Web,47,0,1
1555,Feminino,19,PK,Estudante,71,50,0.27,Desktop,0,1,0
1556,Masculino,35,UK,Premium,156,44,0.56,Mobile,0,1,0
1557,Feminino,44,IN,Estudante,35,64,0.39,Mobile,0,1,0
1558,Feminino,36,UK,Estudante,149,21,0.26,Web,0,1,0
1559,Feminino,52,PK,Estudante,160,46,0.3,Mobile,0,1,0
1560,Masculino,48,UK,Estudante,190,26,0.51,Web,0,1,1
1561,Feminino,56,CA,Premium,37,9,0.29,Desktop,0,1,0
1562,Feminino,20,PK,Gratuito,48,76,0.17,Mobile,13,0,0
1563,Feminino,57,AU,Familia,148,96,0.17,Desktop,0,1,0
1564,Feminino,17,DE,Premium,156,23,0.03,Desktop,0,1,0
1565,Masculino,40,US,Premium,171,45,0.42,Web,0,1,0
1566,Masculino,54,PK,Familia,276,39,0.16,Web,0,1,1
1567,Feminino,38,CA,Familia,178,96,0.07,Web,0,1,0
1568,Feminino,30,UK,Gratuito,193,66,0.57,Desktop,43,0,1
1569,Feminino,36,DE,Gratuito,68,20,0.47,Web,17,0,0
1570,Masculino,47,PK,Gratuito,237,74,0.5,Mobile,48,0,1
1571,Feminino,39,DE,Estudante,54,20,0.19,Desktop,0,1,0
1572,Feminino,16,AU,Familia,29,67,0.11,Mobile,0,1,1
1573,Feminino,48,PK,Premium,265,61,0.05,Mobile,0,1,0
1574,Masculino,59,PK,Estudante,138,72,0.2,Mobile,0,1,0
1575,Feminino,58,UK,Premium,165,21,0.02,Mobile,0,1,0
1576,Feminino,41,CA,Familia,135,12,0.32,Web,0,1,0
1577,Feminino,41,UK,Gratuito,156,9,0.31,Mobile,25,0,0
1578,Feminino,49,UK,Familia,289,88,0.32,Web,0,1,0
1579,Masculino,36,FR,Gratuito,205,33,0.25,Web,46,0,1
1580,Masculino,58,US,Estudante,158,66,0.04,Desktop,0,1,0
1581,Masculino,47,FR,Estudante,150,52,0.03,Web,0,1,0
1582,Masculino,42,DE,Estudante,83,12,0.04,Desktop,0,1,0
1583,Feminino,27,PK,Gratuito,216,49,0.05,Mobile,31,0,0
1584,Feminino,34,PK,Premium,99,78,0.43,Desktop,0,1,0
1585,Masculino,36,AU,Familia,171,55,0.15,Mobile,0,1,1
1586,Feminino,18,CA,Estudante,126,15,0.08,Web,0,1,0
1587,Feminino,39,DE,Premium,133,52,0.57,Web,0,1,0
1588,Feminino,56,AU,Estudante,289,29,0.13,Desktop,0,1,0
1589,Masculino,21,US,Gratuito,215,30,0.55,Mobile,10,0,0
1590,Masculino,50,CA,Premium,90,51,0.1,Desktop,0,1,1
1591,Feminino,51,DE,Estudante,208,89,0.11,Mobile,0,1,1
1592,Feminino,59,AU,Gratuito,88,32,0.1,Mobile,22,0,0
1593,Feminino,17,US,Gratuito,18,82,0.02,Mobile,38,0,1
1594,Feminino,58,AU,Estudante,10,5,0.12,Desktop,0,1,0
1595,Feminino,40,FR,Estudante,232,43,0.54,Web,0,1,1
1596,Feminino,28,US,Gratuito,110,26,0.31,Mobile,40,0,1
1597,Feminino,55,US,Premium,147,98,0.08,Desktop,0,1,1
1598,Feminino,17,AU,Estudante,48,51,0.07,Desktop,0,1,0
1599,Feminino,23,PK,Premium,254,46,0.49,Web,0,1,0
1600,Feminino,16,PK,Estudante,268,16,0.33,Desktop,0,1,1
1601,Masculino,55,UK,Familia,220,54,0.31,Web,0,1,1
1602,Masculino,39,FR,Gratuito,299,56,0.24,Web,15,0,0
1603,Masculino,48,CA,Premium,252,33,0.36,Mobile,0,1,0
1604,Masculino,35,IN,Familia,75,92,0.38,Desktop,0,1,1
1605,Feminino,20,DE,Estudante,62,94,0.52,Desktop,0,1,1
1606,Masculino,44,CA,Premium,86,4,0.43,Desktop,0,1,0
1607,Feminino,24,IN,Premium,128,30,0.11,Desktop,0,1,0
1608,Feminino,59,PK,Gratuito,68,17,0.5,Desktop,38,0,0
1609,Masculino,23,IN,Familia,74,59,0.16,Mobile,0,1,0
1610,Feminino,49,CA,Familia,170,45,0.21,Desktop,0,1,0
1611,Feminino,39,AU,Premium,266,28,0.4,Desktop,0,1,0
1612,Feminino,58,IN,Premium,69,27,0.23,Mobile,0,1,0
1613,Feminino,31,IN,Premium,125,56,0.21,Mobile,0,1,0
1614,Feminino,25,PK,Estudante,60,31,0.29,Web,0,1,0
1615,Feminino,56,PK,Premium,202,82,0.41,Desktop,0,1,0
1616,Masculino,17,PK,Familia,227,65,0.48,Mobile,0,1,0
1617,Masculino,34,FR,Familia,80,62,0.08,Mobile,0,1,1
1618,Masculino,51,IN,Gratuito,176,9,0.09,Web,39,0,0
1619,Feminino,43,AU,Gratuito,218,77,0.14,Desktop,35,0,1
1620,Feminino,28,AU,Premium,241,47,0.28,Web,0,1,0
1621,Masculino,38,US,Gratuito,16,50,0.48,Mobile,20,0,1
1622,Masculino,28,CA,Familia,217,47,0.36,Web,0,1,0
1623,Feminino,44,US,Premium,293,39,0.48,Desktop,0,1,0
1624,Masculino,42,DE,Familia,59,52,0.3,Web,0,1,1
1625,Feminino,49,PK,Estudante,99,11,0.12,Web,0,1,0
1626,Feminino,27,AU,Gratuito,204,23,0.49,Mobile,8,0,1
1627,Masculino,54,UK,Premium,203,97,0.08,Desktop,0,1,0
1628,Feminino,51,CA,Premium,145,30,0.42,Web,0,1,0
1629,Feminino,45,DE,Familia,272,14,0.31,Mobile,0,1,1
1630,Feminino,21,PK,Gratuito,141,26,0.43,Mobile,36,0,1
1631,Feminino,37,UK,Familia,222,15,0.02,Desktop,0,1,0
1632,Masculino,27,IN,Premium,165,35,0.58,Web,0,1,0
1633,Feminino,28,CA,Gratuito,215,35,0.06,Mobile,19,0,0
1634,Masculino,22,PK,Estudante,111,48,0.01,Web,0,1,0
1635,Feminino,49,UK,Estudante,55,40,0.44,Web,0,1,0
1636,Feminino,16,DE,Estudante,184,83,0.14,Mobile,0,1,1
1637,Masculino,31,PK,Gratuito,56,56,0.14,Mobile,20,0,0
1638,Masculino,28,DE,Familia,52,21,0.09,Web,0,1,1
1639,Feminino,48,AU,Gratuito,292,23,0.45,Web,39,0,0
1640,Feminino,45,PK,Premium,155,7,0.27,Web,0,1,0
1641,Masculino,18,DE,Estudante,274,43,0.49,Desktop,0,1,0
1642,Feminino,54,PK,Premium,299,64,0.19,Desktop,0,1,0
1643,Feminino,35,CA,Gratuito,262,54,0.32,Web,19,0,0
1644,Masculino,46,UK,Premium,224,27,0.16,Mobile,0,1,0
1645,Feminino,24,US,Estudante,283,8,0.56,Desktop,0,1,0
1646,Feminino,41,DE,Premium,220,87,0.19,Mobile,0,1,0
1647,Feminino,39,UK,Estudante,95,91,0.16,Desktop,0,1,0
1648,Masculino,41,PK,Estudante,64,38,0.54,Web,0,1,0
1649,Masculino,40,PK,Familia,145,99,0.1,Desktop,0,1,0
1650,Masculino,40,DE,Estudante,25,25,0.41,Web,0,1,0
1651,Feminino,30,PK,Estudante,25,62,0.23,Web,0,1,0
1652,Masculino,18,UK,Familia,137,72,0.15,Mobile,0,1,0
1653,Masculino,52,CA,Familia,59,79,0.48,Mobile,0,1,1
1654,Feminino,56,AU,Estudante,236,65,0.58,Desktop,0,1,0
1655,Masculino,57,FR,Gratuito,158,51,0.2,Desktop,42,0,1
1656,Feminino,36,UK,Familia,135,1,0.04,Mobile,0,1,0
1657,Masculino,47,CA,Gratuito,99,63,0.08,Web,31,0,0
1658,Feminino,37,UK,Gratuito,138,98,0.54,Web,17,0,1
1659,Masculino,48,DE,Premium,107,9,0.04,Mobile,0,1,0
1660,Masculino,53,UK,Estudante,196,3,0.07,Mobile,0,1,0
1661,Feminino,17,CA,Premium,151,53,0.25,Web,0,1,0
1662,Feminino,54,CA,Gratuito,218,76,0.41,Mobile,49,0,0
1663,Feminino,55,US,Estudante,33,93,0.09,Mobile,0,1,0
1664,Masculino,35,UK,Premium,138,31,0.26,Web,0,1,0
1665,Masculino,37,UK,Premium,221,65,0.01,Mobile,0,1,0
1666,Masculino,34,DE,Premium,234,7,0.01,Web,0,1,0
1667,Feminino,33,AU,Gratuito,236,56,0.17,Web,19,0,0
1668,Feminino,55,IN,Gratuito,242,14,0.04,Desktop,17,0,0
1669,Masculino,24,PK,Estudante,118,60,0.51,Mobile,0,1,1
1670,Feminino,35,UK,Estudante,98,45,0.14,Web,0,1,0
1671,Masculino,41,DE,Estudante,108,74,0.36,Web,0,1,1
1672,Feminino,51,IN,Estudante,198,41,0.47,Mobile,0,1,1
1673,Feminino,16,FR,Premium,148,76,0.5,Desktop,0,1,0
1674,Masculino,45,DE,Estudante,198,4,0.15,Desktop,0,1,0
1675,Feminino,34,AU,Familia,245,20,0.12,Desktop,0,1,0
1676,Feminino,48,IN,Gratuito,272,96,0.34,Desktop,46,0,0
1677,Feminino,49,CA,Estudante,24,25,0.2,Desktop,0,1,0
1678,Masculino,46,IN,Premium,291,29,0.03,Web,0,1,0
1679,Masculino,35,FR,Premium,244,42,0.48,Desktop,0,1,0
1680,Feminino,18,DE,Estudante,29,5,0.01,Web,0,1,0
1681,Feminino,36,US,Gratuito,189,30,0.53,Desktop,20,0,0
1682,Feminino,58,UK,Gratuito,237,52,0.19,Web,19,0,0
1683,Feminino,24,DE,Gratuito,246,51,0.37,Mobile,30,0,0
1684,Feminino,46,IN,Gratuito,213,44,0.35,Mobile,32,0,0
1685,Feminino,35,UK,Gratuito,182,38,0.53,Web,40,0,0
1686,Feminino,34,DE,Gratuito,16,46,0.01,Web,47,0,0
1687,Masculino,18,FR,Familia,294,3,0.44,Web,0,1,0
1688,Feminino,39,US,Gratuito,140,54,0.16,Desktop,33,0,1
1689,Feminino,33,FR,Gratuito,110,11,0.52,Desktop,19,0,0
1690,Feminino,29,UK,Gratuito,93,99,0.25,Mobile,47,0,1
1691,Masculino,41,IN,Premium,221,64,0.35,Web,0,1,1
1692,Feminino,35,UK,Premium,142,1,0.59,Desktop,0,1,1
1693,Masculino,51,CA,Estudante,72,43,0.38,Mobile,0,1,0
1694,Masculino,45,CA,Estudante,256,50,0.21,Mobile,0,1,0
1695,Feminino,17,AU,Gratuito,66,25,0.52,Desktop,18,0,0
1696,Masculino,29,UK,Premium,81,21,0.19,Mobile,0,1,0
1697,Feminino,30,DE,Estudante,37,79,0.53,Mobile,0,1,0
1698,Masculino,52,US,Premium,92,60,0.55,Mobile,0,1,1
1699,Feminino,53,US,Familia,32,6,0.19,Web,0,1,1
1700,Feminino,34,DE,Estudante,175,8,0.01,Desktop,0,1,0
1701,Masculino,32,DE,Familia,106,44,0.58,Mobile,0,1,0
1702,Masculino,58,FR,Premium,154,28,0.19,Web,0,1,1
1703,Feminino,23,IN,Premium,210,66,0.01,Mobile,0,1,0
1704,Masculino,16,DE,Familia,226,78,0.38,Web,0,1,0
1705,Feminino,57,DE,Estudante,78,21,0.08,Web,0,1,0
1706,Feminino,25,FR,Gratuito,220,89,0.56,Web,33,0,1
1707,Feminino,53,UK,Familia,124,97,0.47,Desktop,0,1,0
1708,Feminino,59,US,Estudante,217,37,0.07,Web,0,1,0
1709,Masculino,21,CA,Gratuito,41,43,0.17,Mobile,22,0,0
1710,Feminino,22,CA,Premium,205,94,0.26,Desktop,0,1,1
1711,Masculino,16,US,Premium,166,14,0.18,Mobile,0,1,0
1712,Masculino,43,US,Estudante,271,66,0.54,Mobile,0,1,0
1713,Feminino,59,DE,Gratuito,66,35,0.0,Web,49,0,0
1714,Feminino,52,UK,Estudante,280,53,0.41,Mobile,0,1,0
1715,Feminino,50,DE,Gratuito,62,78,0.47,Web,26,0,0
1716,Feminino,57,AU,Estudante,53,96,0.28,Desktop,0,1,0
1717,Feminino,37,FR,Premium,90,80,0.3,Desktop,0,1,1
1718,Masculino,19,DE,Estudante,23,50,0.43,Desktop,0,1,0
1719,Masculino,29,IN,Gratuito,57,78,0.45,Web,37,0,0
1720,Feminino,46,DE,Estudante,226,22,0.08,Web,0,1,0
1721,Feminino,53,UK,Estudante,274,71,0.55,Mobile,0,1,0
1722,Masculino,23,IN,Estudante,133,93,0.48,Mobile,0,1,1
1723,Feminino,34,CA,Gratuito,95,71,0.52,Web,34,0,1
1724,Feminino,49,FR,Premium,68,3,0.26,Desktop,0,1,0
1725,Feminino,23,US,Estudante,146,57,0.4,Web,0,1,0
1726,Masculino,16,IN,Gratuito,281,79,0.19,Web,15,0,0
1727,Feminino,32,US,Gratuito,59,26,0.33,Web,23,0,0
1728,Feminino,21,AU,Familia,263,1,0.02,Web,0,1,0
1729,Feminino,40,DE,Gratuito,180,37,0.19,Desktop,45,0,0
1730,Feminino,59,IN,Gratuito,188,36,0.4,Mobile,16,0,1
1731,Feminino,45,PK,Gratuito,99,77,0.55,Mobile,6,0,0
1732,Feminino,38,FR,Premium,290,76,0.38,Web,0,1,0
1733,Feminino,49,UK,Familia,239,93,0.54,Desktop,0,1,0
1734,Feminino,17,AU,Familia,114,40,0.35,Web,0,1,1
1735,Masculino,19,IN,Estudante,23,15,0.48,Desktop,0,1,0
1736,Feminino,39,PK,Gratuito,89,20,0.09,Web,34,0,0
1737,Masculino,22,DE,Premium,279,20,0.51,Mobile,0,1,0
1738,Feminino,20,UK,Premium,180,80,0.42,Web,0,1,0
1739,Masculino,52,CA,Estudante,154,88,0.39,Mobile,0,1,0
1740,Feminino,23,UK,Premium,267,84,0.16,Mobile,0,1,0
1741,Masculino,20,AU,Familia,119,63,0.41,Desktop,0,1,0
1742,Feminino,34,US,Familia,167,54,0.01,Mobile,0,1,0
1743,Feminino,32,FR,Gratuito,111,70,0.18,Web,13,0,0
1744,Feminino,47,FR,Familia,87,30,0.45,Web,0,1,1
1745,Masculino,26,DE,Gratuito,163,76,0.58,Mobile,36,0,1
1746,Feminino,59,IN,Premium,283,3,0.37,Mobile,0,1,0
1747,Feminino,16,PK,Familia,90,58,0.15,Mobile,0,1,0
1748,Feminino,35,UK,Premium,101,27,0.55,Desktop,0,1,1
1749,Feminino,57,US,Familia,64,82,0.5,Mobile,0,1,0
1750,Feminino,26,UK,Gratuito,137,58,0.0,Web,28,0,0
1751,Feminino,20,CA,Familia,189,29,0.27,Desktop,0,1,0
1752,Masculino,27,CA,Estudante,134,46,0.46,Web,0,1,1
1753,Feminino,17,IN,Estudante,173,79,0.41,Mobile,0,1,0
1754,Masculino,57,UK,Premium,219,73,0.07,Desktop,0,1,0
1755,Feminino,49,UK,Premium,156,19,0.4,Desktop,0,1,0
1756,Masculino,45,DE,Estudante,285,60,0.07,Mobile,0,1,1
1757,Feminino,57,FR,Familia,179,97,0.19,Web,0,1,0
1758,Masculino,44,AU,Estudante,12,17,0.5,Web,0,1,0
1759,Masculino,34,IN,Gratuito,137,18,0.28,Mobile,38,0,0
1760,Feminino,23,IN,Premium,105,79,0.26,Desktop,0,1,1
1761,Feminino,36,AU,Gratuito,72,3,0.15,Mobile,48,0,0
1762,Masculino,34,CA,Premium,171,45,0.15,Web,0,1,0
1763,Feminino,54,DE,Gratuito,290,91,0.42,Desktop,41,0,1
1764,Feminino,35,FR,Familia,47,29,0.54,Desktop,0,1,0
1765,Feminino,31,PK,Estudante,154,47,0.31,Web,0,1,1
1766,Masculino,50,DE,Gratuito,50,96,0.05,Mobile,33,0,0
1767,Feminino,17,DE,Estudante,59,41,0.31,Mobile,0,1,0
1768,Feminino,49,UK,Estudante,166,80,0.49,Desktop,0,1,0
1769,Feminino,21,DE,Familia,214,11,0.03,Desktop,0,1,0
1770,Feminino,46,DE,Premium,157,71,0.52,Desktop,0,1,0
1771,Feminino,53,UK,Estudante,38,44,0.15,Web,0,1,0
1772,Feminino,52,DE,Premium,243,4,0.21,Desktop,0,1,0
1773,Feminino,35,DE,Estudante,261,57,0.28,Web,0,1,0
1774,Masculino,21,UK,Estudante,113,71,0.5,Web,0,1,1
1775,Feminino,34,UK,Premium,294,71,0.2,Desktop,0,1,1
1776,Feminino,33,DE,Estudante,50,85,0.43,Desktop,0,1,0
1777,Feminino,26,IN,Estudante,209,35,0.2,Web,0,1,0
1778,Feminino,22,US,Premium,274,37,0.05,Web,0,1,0
1779,Masculino,22,US,Gratuito,156,53,0.06,Web,45,0,0
1780,Feminino,27,IN,Premium,27,18,0.03,Mobile,0,1,0
1781,Feminino,37,AU,Gratuito,276,21,0.07,Mobile,20,0,0
1782,Feminino,29,IN,Familia,142,76,0.32,Mobile,0,1,1
1783,Masculino,28,UK,Premium,277,80,0.16,Mobile,0,1,1
1784,Feminino,21,US,Gratuito,150,46,0.41,Desktop,18,0,0
1785,Masculino,46,UK,Premium,169,28,0.15,Mobile,0,1,1
1786,Masculino,25,CA,Gratuito,52,72,0.18,Desktop,26,0,0
1787,Feminino,59,DE,Familia,72,10,0.36,Web,0,1,1
1788,Feminino,37,IN,Premium,197,34,0.56,Desktop,0,1,0
1789,Masculino,55,AU,Familia,54,27,0.31,Desktop,0,1,1
1790,Feminino,57,FR,Gratuito,32,10,0.01,Web,35,0,0
1791,Masculino,48,IN,Familia,216,70,0.23,Desktop,0,1,0
1792,Feminino,49,IN,Estudante,155,54,0.42,Desktop,0,1,0
1793,Masculino,16,DE,Premium,186,52,0.42,Web,0,1,1
1794,Masculino,46,AU,Gratuito,16,44,0.31,Desktop,26,0,0
1795,Masculino,47,PK,Gratuito,268,86,0.01,Mobile,9,0,0
1796,Feminino,36,IN,Gratuito,278,55,0.11,Desktop,27,0,1
1797,Feminino,34,AU,Premium,233,90,0.42,Web,0,1,0
1798,Feminino,57,US,Familia,172,29,0.41,Web,0,1,0
1799,Feminino,45,DE,Gratuito,162,85,0.04,Web,43,0,0
1800,Masculino,52,CA,Familia,95,9,0.02,Mobile,0,1,1
1801,Feminino,24,DE,Familia,157,93,0.17,Mobile,0,1,1
1802,Feminino,24,IN,Estudante,220,34,0.17,Desktop,0,1,0
1803,Feminino,29,IN,Premium,296,39,0.43,Desktop,0,1,0
1804,Feminino,47,DE,Estudante,66,60,0.13,Desktop,0,1,1
1805,Masculino,55,US,Premium,170,29,0.29,Mobile,0,1,0
1806,Feminino,41,AU,Premium,36,67,0.42,Web,0,1,0
1807,Masculino,57,CA,Familia,199,25,0.08,Web,0,1,1
1808,Masculino,22,AU,Premium,127,31,0.26,Mobile,0,1,1
1809,Masculino,41,PK,Gratuito,34,66,0.27,Mobile,10,0,1
1810,Masculino,29,DE,Estudante,293,60,0.04,Desktop,0,1,0
1811,Masculino,59,FR,Premium,63,83,0.34,Mobile,0,1,1
1812,Masculino,17,IN,Premium,101,52,0.12,Web,0,1,0
1813,Masculino,32,UK,Premium,187,38,0.33,Web,0,1,0
1814,Feminino,42,DE,Gratuito,131,87,0.09,Mobile,12,0,0
1815,Feminino,46,FR,Premium,14,37,0.57,Desktop,0,1,0
1816,Feminino,53,AU,Gratuito,141,87,0.5,Web,47,0,0
1817,Masculino,16,DE,Familia,120,56,0.29,Desktop,0,1,0
1818,Feminino,19,FR,Gratuito,102,26,0.46,Mobile,44,0,0
1819,Masculino,51,AU,Gratuito,140,53,0.37,Web,20,0,1
1820,Feminino,43,IN,Estudante,171,69,0.37,Mobile,0,1,0
1821,Masculino,59,CA,Premium,243,62,0.51,Desktop,0,1,0
1822,Feminino,52,US,Familia,119,2,0.21,Mobile,0,1,0
1823,Feminino,51,PK,Gratuito,263,44,0.45,Web,19,0,0
1824,Feminino,26,IN,Premium,66,29,0.22,Mobile,0,1,0
1825,Feminino,26,UK,Familia,10,75,0.59,Mobile,0,1,0
1826,Feminino,20,IN,Familia,203,49,0.53,Mobile,0,1,0
1827,Feminino,33,FR,Estudante,235,72,0.26,Web,0,1,0
1828,Feminino,56,UK,Premium,201,42,0.15,Mobile,0,1,0
1829,Masculino,33,AU,Gratuito,181,81,0.28,Desktop,14,0,0
1830,Masculino,31,IN,Estudante,239,16,0.16,Web,0,1,0
1831,Masculino,58,DE,Premium,10,8,0.59,Desktop,0,1,0
1832,Feminino,22,US,Gratuito,93,10,0.03,Mobile,12,0,0
1833,Feminino,48,FR,Premium,183,26,0.32,Desktop,0,1,0
1834,Masculino,17,AU,Estudante,234,45,0.01,Web,0,1,0
1835,Feminino,35,DE,Estudante,197,30,0.21,Desktop,0,1,0
1836,Feminino,39,DE,Gratuito,62,15,0.42,Mobile,49,0,0
1837,Masculino,16,UK,Familia,157,20,0.2,Web,0,1,0
1838,Feminino,48,AU,Estudante,124,23,0.47,Mobile,0,1,0
1839,Feminino,42,UK,Premium,64,84,0.19,Desktop,0,1,0
1840,Feminino,20,AU,Familia,276,47,0.57,Mobile,0,1,0
1841,Feminino,26,PK,Estudante,40,71,0.21,Desktop,0,1,1
1842,Feminino,37,US,Premium,226,5,0.08,Desktop,0,1,1
1843,Masculino,51,PK,Premium,267,11,0.06,Desktop,0,1,0
1844,Masculino,42,UK,Gratuito,297,12,0.54,Desktop,15,0,0
1845,Feminino,25,CA,Familia,44,80,0.42,Mobile,0,1,0
1846,Masculino,18,CA,Gratuito,264,52,0.33,Desktop,19,0,0
1847,Masculino,19,FR,Familia,125,65,0.49,Mobile,0,1,0
1848,Feminino,23,FR,Premium,263,82,0.25,Desktop,0,1,1
1849,Feminino,17,DE,Gratuito,285,6,0.19,Web,18,0,0
1850,Masculino,22,CA,Premium,128,26,0.08,Web,0,1,1
1851,Feminino,20,CA,Gratuito,80,74,0.55,Desktop,49,0,1
1852,Feminino,30,AU,Estudante,66,35,0.11,Mobile,0,1,0
1853,Feminino,31,DE,Estudante,84,87,0.46,Mobile,0,1,0
1854,Masculino,17,US,Familia,136,98,0.27,Web,0,1,1
1855,Feminino,28,IN,Estudante,273,61,0.04,Web,0,1,0
1856,Feminino,24,PK,Gratuito,297,12,0.39,Desktop,6,0,0
1857,Feminino,32,FR,Familia,96,70,0.21,Web,0,1,0
1858,Feminino,26,IN,Premium,26,54,0.25,Desktop,0,1,1
1859,Feminino,42,AU,Premium,29,78,0.21,Web,0,1,0
1860,Masculino,39,UK,Familia,94,80,0.23,Mobile,0,1,0
1861,Feminino,19,FR,Familia,129,97,0.28,Mobile,0,1,1
1862,Feminino,22,US,Premium,251,30,0.55,Desktop,0,1,1
1863,Feminino,55,DE,Estudante,279,90,0.47,Desktop,0,1,0
1864,Masculino,51,PK,Estudante,239,36,0.37,Web,0,1,0
1865,Feminino,42,UK,Familia,199,22,0.4,Mobile,0,1,1
1866,Feminino,35,IN,Premium,45,33,0.53,Mobile,0,1,0
1867,Feminino,34,CA,Gratuito,84,43,0.31,Mobile,39,0,0
1868,Feminino,45,AU,Premium,58,36,0.55,Desktop,0,1,1
1869,Masculino,27,AU,Premium,279,29,0.46,Web,0,1,1
1870,Feminino,36,CA,Gratuito,287,44,0.07,Mobile,32,0,0
1871,Masculino,37,IN,Premium,187,74,0.05,Mobile,0,1,0
1872,Feminino,21,FR,Gratuito,116,84,0.59,Desktop,18,0,1
1873,Feminino,57,IN,Premium,30,43,0.32,Mobile,0,1,0
1874,Feminino,56,PK,Estudante,241,39,0.42,Desktop,0,1,1
1875,Feminino,58,UK,Premium,282,35,0.45,Desktop,0,1,0
1876,Masculino,33,PK,Familia,33,65,0.28,Web,0,1,0
1877,Masculino,57,FR,Familia,82,96,0.43,Web,0,1,1
1878,Masculino,37,US,Gratuito,21,40,0.35,Web,36,0,0
1879,Feminino,51,DE,Estudante,186,6,0.44,Web,0,1,1
1880,Feminino,23,UK,Gratuito,19,46,0.34,Web,13,0,0
1881,Masculino,56,US,Estudante,85,80,0.14,Desktop,0,1,0
1882,Feminino,54,DE,Estudante,278,57,0.21,Desktop,0,1,0
1883,Masculino,43,FR,Premium,88,35,0.36,Desktop,0,1,1
1884,Feminino,22,IN,Premium,245,42,0.28,Desktop,0,1,0
1885,Masculino,47,CA,Estudante,139,33,0.19,Desktop,0,1,0
1886,Feminino,45,FR,Estudante,151,39,0.25,Web,0,1,0
1887,Masculino,18,US,Gratuito,165,21,0.05,Web,43,0,0
1888,Feminino,56,DE,Familia,146,64,0.16,Mobile,0,1,0
1889,Feminino,55,DE,Gratuito,252,52,0.25,Desktop,49,0,1
1890,Masculino,48,AU,Familia,206,7,0.27,Web,0,1,0
1891,Masculino,22,US,Gratuito,200,64,0.32,Web,42,0,0
1892,Masculino,28,AU,Estudante,71,18,0.42,Desktop,0,1,0
1893,Feminino,45,AU,Familia,171,44,0.43,Web,0,1,0
1894,Feminino,58,IN,Premium,26,55,0.59,Web,0,1,0
1895,Feminino,31,DE,Premium,236,19,0.24,Mobile,0,1,1
1896,Feminino,42,PK,Gratuito,136,25,0.05,Mobile,9,0,0
1897,Feminino,58,AU,Gratuito,164,54,0.58,Web,24,0,0
1898,Masculino,48,CA,Premium,169,26,0.12,Desktop,0,1,0
1899,Feminino,58,AU,Familia,285,94,0.57,Desktop,0,1,1
1900,Masculino,38,DE,Gratuito,105,25,0.21,Mobile,27,0,1
1901,Feminino,18,FR,Premium,217,87,0.39,Web,0,1,0
1902,Masculino,28,US,Premium,204,40,0.2,Web,0,1,1
1903,Masculino,44,FR,Premium,107,4,0.53,Web,0,1,1
1904,Feminino,37,US,Estudante,15,31,0.14,Mobile,0,1,0
1905,Feminino,18,US,Premium,200,65,0.0,Mobile,0,1,1
1906,Feminino,19,IN,Gratuito,118,25,0.58,Desktop,48,0,0
1907,Masculino,24,AU,Familia,170,23,0.18,Desktop,0,1,0
1908,Feminino,43,AU,Estudante,264,27,0.56,Desktop,0,1,1
1909,Feminino,16,IN,Familia,113,68,0.24,Web,0,1,0
1910,Feminino,20,DE,Estudante,262,86,0.34,Web,0,1,1
1911,Feminino,22,IN,Gratuito,251,18,0.36,Desktop,15,0,0
1912,Feminino,43,DE,Estudante,71,84,0.47,Desktop,0,1,1
1913,Feminino,27,CA,Premium,133,20,0.05,Web,0,1,0
1914,Masculino,38,AU,Familia,164,41,0.42,Mobile,0,1,1
1915,Feminino,31,IN,Gratuito,13,8,0.33,Mobile,26,0,0
1916,Feminino,29,PK,Gratuito,227,31,0.58,Mobile,6,0,0
1917,Feminino,59,DE,Gratuito,286,55,0.0,Mobile,29,0,0
1918,Feminino,34,PK,Estudante,267,70,0.39,Desktop,0,1,0
1919,Masculino,24,PK,Familia,276,46,0.16,Desktop,0,1,0
1920,Feminino,37,IN,Premium,46,80,0.52,Mobile,0,1,0
1921,Masculino,30,UK,Estudante,79,1,0.16,Web,0,1,0
1922,Feminino,27,US,Gratuito,93,68,0.39,Desktop,36,0,0
1923,Feminino,40,UK,Premium,27,48,0.41,Mobile,0,1,1
1924,Masculino,50,UK,Gratuito,133,12,0.27,Web,15,0,0
1925,Masculino,41,US,Familia,210,86,0.03,Mobile,0,1,0
1926,Masculino,31,AU,Premium,229,15,0.3,Desktop,0,1,0
1927,Feminino,29,DE,Gratuito,175,13,0.42,Mobile,9,0,1
1928,Masculino,31,CA,Estudante,285,5,0.04,Web,0,1,0
1929,Feminino,19,UK,Premium,13,70,0.59,Mobile,0,1,0
1930,Feminino,33,FR,Familia,49,89,0.27,Desktop,0,1,0
1931,Feminino,30,CA,Familia,193,57,0.39,Mobile,0,1,0
1932,Feminino,34,PK,Gratuito,248,15,0.01,Desktop,19,0,0
1933,Feminino,18,US,Gratuito,151,33,0.45,Web,14,0,1
1934,Masculino,26,PK,Gratuito,151,33,0.09,Web,41,0,0
1935,Masculino,26,FR,Estudante,29,32,0.26,Mobile,0,1,0
1936,Masculino,51,US,Familia,126,63,0.39,Desktop,0,1,0
1937,Feminino,24,DE,Familia,93,59,0.03,Web,0,1,0
1938,Feminino,54,FR,Gratuito,101,91,0.17,Mobile,11,0,0
1939,Feminino,50,AU,Familia,26,34,0.17,Desktop,0,1,1
1940,Masculino,59,CA,Gratuito,97,2,0.56,Desktop,9,0,0
1941,Feminino,26,US,Gratuito,252,81,0.39,Web,6,0,1
1942,Feminino,55,PK,Estudante,271,21,0.03,Web,0,1,0
1943,Feminino,36,CA,Familia,140,35,0.37,Web,0,1,1
1944,Feminino,35,UK,Familia,235,99,0.45,Desktop,0,1,1
1945,Feminino,19,US,Familia,34,78,0.36,Mobile,0,1,0
1946,Masculino,27,DE,Premium,75,13,0.46,Desktop,0,1,1
1947,Masculino,47,CA,Estudante,156,38,0.37,Mobile,0,1,0
1948,Feminino,47,CA,Premium,107,3,0.15,Desktop,0,1,0
1949,Feminino,40,UK,Estudante,18,84,0.26,Desktop,0,1,0
1950,Masculino,25,US,Estudante,213,76,0.42,Mobile,0,1,0
1951,Feminino,29,CA,Gratuito,223,89,0.24,Desktop,16,0,0
1952,Feminino,21,IN,Gratuito,286,35,0.55,Desktop,13,0,0
1953,Masculino,38,DE,Familia,31,48,0.23,Web,0,1,0
1954,Feminino,46,CA,Premium,151,71,0.36,Mobile,0,1,0
1955,Masculino,47,UK,Gratuito,243,87,0.27,Desktop,37,0,0
1956,Feminino,51,CA,Premium,14,5,0.47,Mobile,0,1,0
1957,Feminino,52,AU,Estudante,225,46,0.15,Desktop,0,1,0
1958,Feminino,59,FR,Premium,30,42,0.19,Desktop,0,1,0
1959,Feminino,43,US,Gratuito,294,20,0.46,Desktop,46,0,0
1960,Feminino,24,UK,Estudante,192,98,0.44,Desktop,0,1,0
1961,Feminino,30,UK,Gratuito,217,12,0.07,Mobile,36,0,0
1962,Masculino,45,CA,Gratuito,241,12,0.14,Web,5,0,0
1963,Feminino,46,AU,Familia,178,24,0.29,Web,0,1,0
1964,Feminino,36,DE,Premium,211,36,0.19,Desktop,0,1,1
1965,Feminino,50,IN,Premium,260,7,0.09,Web,0,1,0
1966,Feminino,37,CA,Gratuito,189,77,0.05,Desktop,39,0,0
1967,Feminino,50,AU,Gratuito,236,43,0.3,Web,31,0,0
1968,Masculino,26,FR,Gratuito,181,52,0.48,Mobile,36,0,0
1969,Masculino,24,US,Estudante,118,18,0.5,Web,0,1,0
1970,Feminino,46,AU,Premium,124,64,0.11,Desktop,0,1,0
1971,Feminino,52,PK,Estudante,175,28,0.16,Web,0,1,1
1972,Feminino,53,UK,Premium,138,66,0.03,Web,0,1,0
1973,Feminino,56,FR,Gratuito,258,53,0.48,Desktop,24,0,1
1974,Masculino,39,DE,Familia,130,36,0.58,Desktop,0,1,0
1975,Feminino,30,IN,Familia,179,48,0.18,Mobile,0,1,0
1976,Feminino,23,AU,Estudante,161,9,0.43,Desktop,0,1,0
1977,Feminino,39,CA,Gratuito,51,11,0.56,Mobile,23,0,1
1978,Feminino,55,FR,Premium,248,74,0.52,Web,0,1,0
1979,Masculino,28,FR,Premium,213,89,0.28,Web,0,1,0
1980,Masculino,31,CA,Familia,169,64,0.31,Web,0,1,1
1981,Masculino,46,UK,Familia,168,5,0.49,Mobile,0,1,1
1982,Feminino,20,FR,Familia,133,5,0.12,Web,0,1,0
1983,Feminino,50,US,Premium,203,71,0.34,Web,0,1,1
1984,Masculino,55,FR,Premium,176,91,0.2,Desktop,0,1,0
1985,Masculino,40,UK,Premium,136,72,0.52,Desktop,0,1,0
1986,Feminino,54,DE,Premium,198,68,0.29,Web,0,1,0
1987,Masculino,19,DE,Familia,125,42,0.5,Mobile,0,1,0
1988,Feminino,40,AU,Familia,62,48,0.02,Mobile,0,1,0
1989,Feminino,41,PK,Familia,284,52,0.1,Web,0,1,0
1990,Feminino,22,US,Familia,72,7,0.5,Mobile,0,1,0
1991,Feminino,19,AU,Estudante,163,36,0.1,Web,0,1,1
1992,Masculino,20,CA,Gratuito,107,12,0.44,Web,30,0,0
1993,Feminino,50,AU,Familia,90,50,0.15,Mobile,0,1,1
1994,Feminino,36,FR,Estudante,160,67,0.46,Desktop,0,1,0
1995,Feminino,34,DE,Familia,112,34,0.25,Desktop,0,1,0
1996,Masculino,56,DE,Familia,123,96,0.42,Web,0,1,1
1997,Masculino,51,US,Estudante,42,21,0.03,Mobile,0,1,0
1998,Masculino,36,DE,Estudante,30,18,0.05,Desktop,0,1,0
1999,Masculino,50,UK,Premium,151,8,0.27,Mobile,0,1,0
2000,Feminino,28,CA,Gratuito,133,23,0.42,Desktop,21,0,0
2001,Feminino,34,FR,Familia,297,36,0.39,Mobile,0,1,0
2002,Feminino,17,FR,Premium,229,59,0.52,Mobile,0,1,0
2003,Feminino,49,PK,Familia,123,99,0.03,Desktop,0,1,0
2004,Masculino,44,DE,Estudante,85,25,0.38,Web,0,1,0
2005,Feminino,34,FR,Estudante,258,18,0.04,Desktop,0,1,0
2006,Feminino,40,PK,Estudante,92,24,0.04,Mobile,0,1,0
2007,Feminino,51,US,Estudante,236,49,0.6,Mobile,0,1,1
2008,Masculino,47,PK,Premium,289,56,0.34,Desktop,0,1,0
2009,Masculino,38,DE,Estudante,203,32,0.08,Desktop,0,1,0
2010,Feminino,20,IN,Gratuito,171,1,0.6,Mobile,20,0,1
2011,Feminino,58,PK,Gratuito,146,92,0.2,Mobile,16,0,0
2012,Masculino,30,AU,Familia,131,42,0.19,Web,0,1,0
2013,Feminino,36,CA,Familia,223,81,0.02,Mobile,0,1,0
2014,Masculino,58,IN,Estudante,173,26,0.06,Desktop,0,1,1
2015,Feminino,26,FR,Gratuito,183,98,0.49,Web,30,0,0
2016,Masculino,29,PK,Estudante,96,93,0.11,Desktop,0,1,0
2017,Feminino,30,US,Familia,44,38,0.22,Web,0,1,0
2018,Feminino,21,FR,Familia,194,46,0.15,Desktop,0,1,0
2019,Feminino,29,US,Familia,116,45,0.07,Desktop,0,1,1
2020,Feminino,34,PK,Estudante,42,89,0.6,Web,0,1,0
2021,Feminino,27,DE,Familia,52,50,0.36,Web,0,1,0
2022,Feminino,20,DE,Estudante,37,93,0.08,Web,0,1,0
2023,Feminino,29,UK,Familia,118,25,0.12,Desktop,0,1,0
2024,Feminino,23,DE,Gratuito,223,18,0.48,Desktop,9,0,0
2025,Masculino,28,PK,Premium,79,2,0.27,Mobile,0,1,0
2026,Masculino,59,DE,Premium,155,41,0.16,Web,0,1,0
2027,Masculino,25,PK,Estudante,99,51,0.14,Mobile,0,1,1
2028,Feminino,45,IN,Gratuito,43,97,0.53,Desktop,28,0,0
2029,Masculino,35,IN,Estudante,65,67,0.27,Mobile,0,1,0
2030,Feminino,37,IN,Premium,89,82,0.35,Web,0,1,0
2031,Masculino,41,PK,Estudante,283,6,0.31,Web,0,1,0
2032,Feminino,56,CA,Premium,33,85,0.38,Desktop,0,1,0
2033,Feminino,41,PK,Estudante,117,86,0.06,Web,0,1,1
2034,Feminino,18,DE,Familia,96,21,0.24,Desktop,0,1,1
2035,Masculino,39,CA,Familia,20,43,0.56,Mobile,0,1,0
2036,Feminino,28,FR,Familia,203,95,0.09,Mobile,0,1,0
2037,Feminino,47,UK,Estudante,244,14,0.42,Desktop,0,1,1
2038,Feminino,58,PK,Familia,97,85,0.45,Web,0,1,0
2039,Feminino,45,US,Familia,169,74,0.54,Web,0,1,0
2040,Feminino,40,UK,Estudante,147,22,0.43,Desktop,0,1,1
2041,Feminino,24,IN,Estudante,247,38,0.17,Mobile,0,1,0
2042,Feminino,44,US,Premium,25,80,0.49,Desktop,0,1,0
2043,Feminino,57,PK,Estudante,145,18,0.53,Desktop,0,1,0
2044,Masculino,49,PK,Premium,30,3,0.24,Mobile,0,1,0
2045,Feminino,29,DE,Familia,22,71,0.1,Mobile,0,1,1
2046,Feminino,37,UK,Estudante,100,46,0.02,Desktop,0,1,1
2047,Feminino,25,PK,Gratuito,49,9,0.45,Mobile,6,0,0
2048,Masculino,53,US,Premium,75,63,0.03,Desktop,0,1,0
2049,Feminino,20,IN,Estudante,272,46,0.1,Mobile,0,1,0
2050,Feminino,17,AU,Gratuito,99,19,0.28,Desktop,6,0,0
2051,Feminino,33,PK,Familia,92,8,0.53,Web,0,1,1
2052,Feminino,55,CA,Gratuito,65,13,0.54,Web,44,0,0
2053,Feminino,26,AU,Premium,61,94,0.27,Web,0,1,0
2054,Feminino,49,DE,Gratuito,199,10,0.11,Desktop,22,0,1
2055,Feminino,28,PK,Gratuito,125,56,0.5,Desktop,23,0,1
2056,Feminino,32,PK,Estudante,244,59,0.47,Mobile,0,1,1
2057,Masculino,54,CA,Familia,127,87,0.47,Mobile,0,1,0
2058,Feminino,57,CA,Gratuito,187,90,0.18,Mobile,16,0,0
2059,Feminino,43,CA,Gratuito,290,70,0.33,Desktop,48,0,0
2060,Feminino,39,FR,Premium,199,34,0.12,Desktop,0,1,0
2061,Feminino,18,DE,Estudante,185,32,0.01,Mobile,0,1,0
2062,Feminino,35,IN,Gratuito,234,29,0.15,Mobile,25,0,0
2063,Feminino,53,AU,Gratuito,144,76,0.02,Desktop,38,0,0
2064,Feminino,58,US,Premium,159,6,0.05,Web,0,1,0
2065,Feminino,56,CA,Familia,144,64,0.1,Web,0,1,0
2066,Feminino,59,CA,Familia,84,39,0.28,Mobile,0,1,0
2067,Feminino,59,IN,Familia,260,52,0.2,Web,0,1,0
2068,Feminino,42,CA,Estudante,170,87,0.53,Web,0,1,0
2069,Masculino,29,PK,Gratuito,79,40,0.12,Desktop,8,0,1
2070,Feminino,36,FR,Gratuito,231,63,0.28,Mobile,14,0,1
2071,Feminino,42,DE,Premium,165,63,0.47,Mobile,0,1,1
2072,Feminino,53,DE,Gratuito,232,10,0.15,Desktop,38,0,0
2073,Feminino,26,FR,Estudante,296,6,0.35,Desktop,0,1,0
2074,Feminino,50,US,Familia,284,27,0.54,Web,0,1,1
2075,Feminino,57,US,Premium,234,34,0.59,Desktop,0,1,0
2076,Feminino,54,US,Gratuito,73,86,0.07,Mobile,41,0,0
2077,Masculino,16,PK,Familia,159,66,0.07,Desktop,0,1,1
2078,Feminino,16,DE,Premium,25,28,0.57,Web,0,1,0
2079,Feminino,44,CA,Familia,116,19,0.43,Desktop,0,1,1
2080,Masculino,36,CA,Estudante,77,34,0.44,Web,0,1,0
2081,Feminino,20,PK,Premium,272,56,0.27,Desktop,0,1,0
2082,Masculino,45,FR,Estudante,150,98,0.48,Mobile,0,1,1
2083,Feminino,53,CA,Gratuito,52,20,0.37,Mobile,42,0,0
2084,Feminino,17,PK,Estudante,256,75,0.54,Mobile,0,1,0
2085,Feminino,53,IN,Estudante,67,35,0.53,Web,0,1,0
2086,Feminino,20,UK,Estudante,48,47,0.27,Mobile,0,1,0
2087,Feminino,31,US,Gratuito,89,43,0.11,Web,40,0,0
2088,Masculino,56,US,Familia,239,12,0.48,Web,0,1,0
2089,Feminino,48,US,Gratuito,179,57,0.19,Web,17,0,0
2090,Feminino,20,DE,Familia,208,44,0.36,Web,0,1,0
2091,Feminino,43,CA,Familia,118,80,0.03,Desktop,0,1,0
2092,Masculino,42,UK,Premium,49,1,0.56,Desktop,0,1,0
2093,Feminino,23,DE,Premium,293,70,0.08,Web,0,1,0
2094,Feminino,55,FR,Estudante,195,13,0.49,Mobile,0,1,1
2095,Feminino,33,DE,Gratuito,267,91,0.3,Web,43,0,1
2096,Feminino,27,AU,Gratuito,219,50,0.42,Mobile,16,0,0
2097,Feminino,22,UK,Gratuito,67,43,0.57,Mobile,13,0,0
2098,Feminino,19,IN,Estudante,87,19,0.03,Mobile,0,1,0
2099,Feminino,50,PK,Gratuito,68,70,0.01,Web,44,0,0
2100,Feminino,22,AU,Premium,123,41,0.49,Desktop,0,1,0
2101,Feminino,34,FR,Familia,152,23,0.38,Web,0,1,1
2102,Masculino,44,IN,Premium,255,97,0.09,Mobile,0,1,1
2103,Feminino,38,UK,Familia,181,35,0.57,Mobile,0,1,0
2104,Masculino,18,IN,Estudante,141,42,0.57,Mobile,0,1,0
2105,Masculino,23,IN,Gratuito,137,24,0.21,Mobile,26,0,0
2106,Masculino,18,IN,Estudante,119,50,0.5,Desktop,0,1,0
2107,Feminino,56,PK,Estudante,55,1,0.19,Mobile,0,1,1
2108,Feminino,57,PK,Premium,216,25,0.53,Web,0,1,0
2109,Feminino,23,PK,Estudante,37,18,0.36,Mobile,0,1,0
2110,Masculino,33,AU,Gratuito,197,43,0.26,Web,47,0,0
2111,Feminino,24,FR,Gratuito,86,13,0.33,Web,28,0,0
2112,Feminino,56,AU,Familia,283,48,0.41,Mobile,0,1,0
2113,Masculino,18,UK,Premium,240,16,0.35,Desktop,0,1,0
2114,Feminino,31,DE,Estudante,199,58,0.08,Desktop,0,1,1
2115,Feminino,47,IN,Familia,191,75,0.04,Mobile,0,1,0
2116,Feminino,47,AU,Premium,74,62,0.47,Desktop,0,1,0
2117,Feminino,25,UK,Familia,194,91,0.17,Mobile,0,1,1
2118,Feminino,37,AU,Familia,298,78,0.6,Desktop,0,1,0
2119,Feminino,37,UK,Premium,113,30,0.17,Desktop,0,1,0
2120,Masculino,38,US,Gratuito,157,57,0.4,Desktop,40,0,1
2121,Feminino,29,FR,Premium,141,42,0.01,Desktop,0,1,0
2122,Masculino,16,PK,Gratuito,52,33,0.5,Web,25,0,0
2123,Masculino,19,UK,Gratuito,215,33,0.0,Web,20,0,0
2124,Masculino,21,UK,Premium,118,87,0.27,Web,0,1,0
2125,Feminino,41,UK,Estudante,110,47,0.05,Mobile,0,1,0
2126,Masculino,16,FR,Familia,91,78,0.37,Mobile,0,1,1
2127,Feminino,46,UK,Familia,82,65,0.26,Desktop,0,1,0
2128,Masculino,48,IN,Estudante,108,49,0.25,Desktop,0,1,0
2129,Masculino,39,FR,Premium,57,92,0.52,Desktop,0,1,0
2130,Feminino,30,FR,Premium,267,80,0.21,Mobile,0,1,0
2131,Feminino,58,UK,Premium,227,7,0.34,Desktop,0,1,0
2132,Feminino,45,PK,Premium,172,60,0.06,Desktop,0,1,1
2133,Feminino,18,US,Premium,21,49,0.01,Desktop,0,1,0
2134,Feminino,25,CA,Estudante,41,62,0.34,Desktop,0,1,0
2135,Masculino,22,CA,Gratuito,30,31,0.4,Desktop,12,0,1
2136,Masculino,29,UK,Premium,257,43,0.53,Mobile,0,1,0
2137,Masculino,19,US,Gratuito,292,75,0.23,Web,11,0,0
2138,Feminino,33,FR,Familia,138,39,0.29,Mobile,0,1,1
2139,Feminino,35,FR,Estudante,236,51,0.55,Web,0,1,0
2140,Masculino,43,FR,Premium,79,64,0.38,Web,0,1,1
2141,Feminino,19,FR,Gratuito,157,25,0.49,Mobile,25,0,1
2142,Feminino,19,PK,Premium,279,13,0.35,Web,0,1,0
2143,Masculino,47,FR,Gratuito,189,77,0.3,Desktop,39,0,0
2144,Feminino,57,AU,Estudante,223,18,0.35,Desktop,0,1,0
2145,Masculino,39,DE,Estudante,114,71,0.4,Mobile,0,1,0
2146,Feminino,54,US,Gratuito,99,95,0.22,Desktop,27,0,0
2147,Masculino,42,DE,Familia,298,60,0.34,Mobile,0,1,0
2148,Feminino,49,DE,Gratuito,256,7,0.11,Web,5,0,0
2149,Masculino,48,FR,Gratuito,30,82,0.11,Desktop,16,0,1
2150,Masculino,28,PK,Gratuito,125,82,0.37,Mobile,39,0,1
2151,Masculino,22,DE,Premium,261,68,0.56,Web,0,1,0
2152,Feminino,41,IN,Estudante,17,47,0.14,Web,0,1,0
2153,Masculino,49,DE,Premium,131,55,0.5,Desktop,0,1,1
2154,Masculino,45,DE,Premium,83,25,0.14,Web,0,1,0
2155,Feminino,47,IN,Estudante,177,52,0.44,Web,0,1,0
2156,Masculino,59,IN,Estudante,165,76,0.1,Web,0,1,1
2157,Feminino,28,AU,Premium,210,34,0.27,Web,0,1,0
2158,Masculino,44,CA,Estudante,261,77,0.28,Web,0,1,0
2159,Masculino,26,CA,Familia,291,43,0.06,Web,0,1,1
2160,Masculino,50,CA,Familia,176,78,0.11,Web,0,1,1
2161,Masculino,50,UK,Estudante,102,20,0.41,Mobile,0,1,0
2162,Feminino,41,PK,Gratuito,107,57,0.27,Web,41,0,1
2163,Feminino,58,US,Premium,182,45,0.14,Web,0,1,0
2164,Feminino,48,US,Gratuito,167,54,0.48,Desktop,7,0,1
2165,Feminino,39,AU,Estudante,246,57,0.08,Desktop,0,1,1
2166,Feminino,44,US,Gratuito,185,64,0.45,Mobile,15,0,0
2167,Feminino,21,FR,Premium,86,42,0.56,Web,0,1,0
2168,Feminino,59,AU,Premium,265,61,0.3,Web,0,1,0
2169,Feminino,51,UK,Estudante,114,56,0.36,Desktop,0,1,0
2170,Feminino,17,DE,Gratuito,240,65,0.54,Web,7,0,0
2171,Feminino,20,UK,Gratuito,181,33,0.07,Web,38,0,0
2172,Feminino,23,FR,Premium,226,19,0.57,Web,0,1,0
2173,Masculino,36,PK,Gratuito,145,73,0.38,Web,47,0,1
2174,Masculino,58,FR,Gratuito,133,77,0.03,Desktop,8,0,1
2175,Feminino,45,IN,Estudante,115,3,0.18,Web,0,1,0
2176,Feminino,17,AU,Familia,184,93,0.15,Mobile,0,1,0
2177,Feminino,24,CA,Gratuito,41,48,0.18,Desktop,33,0,0
2178,Feminino,17,CA,Premium,288,93,0.17,Desktop,0,1,0
2179,Feminino,49,FR,Familia,162,37,0.1,Desktop,0,1,1
2180,Feminino,53,UK,Gratuito,240,47,0.56,Web,8,0,1
2181,Feminino,41,US,Familia,192,54,0.31,Desktop,0,1,1
2182,Masculino,59,PK,Gratuito,106,8,0.21,Desktop,9,0,0
2183,Feminino,27,FR,Gratuito,88,7,0.2,Web,45,0,0
2184,Feminino,22,UK,Estudante,19,13,0.53,Web,0,1,0
2185,Feminino,39,CA,Familia,269,18,0.23,Desktop,0,1,1
2186,Masculino,53,DE,Gratuito,174,78,0.56,Web,44,0,0
2187,Masculino,29,IN,Estudante,153,51,0.3,Mobile,0,1,1
2188,Masculino,21,AU,Gratuito,113,78,0.25,Desktop,19,0,1
2189,Feminino,31,IN,Estudante,211,48,0.24,Mobile,0,1,0
2190,Feminino,16,UK,Estudante,14,75,0.36,Web,0,1,0
2191,Feminino,57,CA,Estudante,201,36,0.09,Desktop,0,1,0
2192,Masculino,49,CA,Gratuito,162,34,0.35,Mobile,42,0,0
2193,Masculino,17,AU,Familia,298,44,0.33,Mobile,0,1,0
2194,Feminino,54,FR,Familia,167,73,0.31,Desktop,0,1,0
2195,Feminino,25,DE,Familia,80,22,0.18,Mobile,0,1,0
2196,Feminino,57,IN,Premium,194,55,0.01,Mobile,0,1,0
2197,Feminino,32,DE,Estudante,141,82,0.2,Desktop,0,1,0
2198,Feminino,45,CA,Gratuito,91,28,0.43,Web,26,0,0
2199,Masculino,34,PK,Estudante,20,91,0.11,Web,0,1,0
2200,Feminino,58,AU,Premium,250,78,0.19,Desktop,0,1,0
2201,Feminino,56,FR,Estudante,166,40,0.03,Desktop,0,1,0
2202,Feminino,38,UK,Premium,149,98,0.46,Web,0,1,0
2203,Feminino,49,AU,Familia,17,85,0.46,Mobile,0,1,1
2204,Feminino,24,UK,Premium,128,59,0.15,Web,0,1,0
2205,Feminino,59,US,Premium,129,48,0.21,Desktop,0,1,0
2206,Masculino,45,FR,Gratuito,136,37,0.4,Desktop,5,0,0
2207,Masculino,41,PK,Familia,130,88,0.51,Mobile,0,1,1
2208,Feminino,34,DE,Estudante,179,96,0.54,Mobile,0,1,0
2209,Feminino,27,UK,Familia,43,61,0.07,Web,0,1,0
2210,Feminino,58,PK,Gratuito,260,49,0.11,Mobile,34,0,0
2211,Feminino,47,IN,Estudante,64,52,0.55,Web,0,1,0
2212,Feminino,47,AU,Gratuito,58,17,0.42,Desktop,46,0,0
2213,Feminino,55,FR,Estudante,276,78,0.1,Desktop,0,1,1
2214,Feminino,16,UK,Premium,130,80,0.51,Desktop,0,1,0
2215,Masculino,42,FR,Estudante,53,72,0.5,Web,0,1,1
2216,Feminino,21,CA,Premium,184,22,0.4,Mobile,0,1,0
2217,Feminino,22,UK,Familia,209,21,0.56,Web,0,1,0
2218,Feminino,23,DE,Gratuito,168,18,0.46,Web,6,0,0
2219,Feminino,55,AU,Estudante,27,20,0.44,Web,0,1,1
2220,Feminino,33,PK,Estudante,54,63,0.02,Web,0,1,1
2221,Feminino,57,IN,Gratuito,22,80,0.6,Mobile,22,0,0
2222,Masculino,33,FR,Premium,87,83,0.46,Desktop,0,1,0
2223,Feminino,42,PK,Familia,198,71,0.44,Mobile,0,1,0
2224,Feminino,48,FR,Familia,252,34,0.48,Desktop,0,1,0
2225,Masculino,43,US,Familia,50,19,0.38,Desktop,0,1,0
2226,Feminino,39,FR,Estudante,171,18,0.04,Web,0,1,1
2227,Feminino,22,UK,Gratuito,175,78,0.38,Mobile,31,0,0
2228,Feminino,34,PK,Familia,213,79,0.51,Mobile,0,1,1
2229,Masculino,28,IN,Familia,83,38,0.27,Desktop,0,1,0
2230,Feminino,17,CA,Estudante,235,73,0.03,Mobile,0,1,0
2231,Masculino,30,FR,Premium,276,30,0.17,Web,0,1,1
2232,Masculino,16,CA,Estudante,229,13,0.59,Desktop,0,1,1
2233,Feminino,16,FR,Gratuito,94,39,0.08,Desktop,35,0,0
2234,Masculino,34,UK,Premium,201,41,0.44,Desktop,0,1,1
2235,Masculino,57,PK,Premium,90,86,0.56,Web,0,1,0
2236,Masculino,42,AU,Estudante,77,13,0.0,Web,0,1,0
2237,Feminino,37,CA,Gratuito,94,91,0.02,Desktop,10,0,0
2238,Feminino,31,CA,Estudante,166,84,0.49,Mobile,0,1,0
2239,Feminino,40,DE,Premium,235,43,0.57,Web,0,1,0
2240,Feminino,37,UK,Estudante,105,70,0.15,Mobile,0,1,0
2241,Feminino,56,IN,Premium,97,56,0.42,Desktop,0,1,0
2242,Feminino,46,DE,Estudante,168,81,0.09,Mobile,0,1,0
2243,Feminino,25,IN,Gratuito,19,52,0.35,Desktop,17,0,0
2244,Feminino,28,PK,Gratuito,294,60,0.39,Web,18,0,0
2245,Feminino,23,US,Gratuito,137,5,0.38,Desktop,16,0,0
2246,Feminino,54,DE,Gratuito,161,31,0.39,Desktop,46,0,0
2247,Feminino,35,DE,Premium,253,62,0.21,Mobile,0,1,0
2248,Feminino,44,UK,Premium,221,99,0.29,Web,0,1,1
2249,Feminino,50,PK,Estudante,31,83,0.1,Web,0,1,0
2250,Masculino,32,FR,Estudante,170,40,0.21,Desktop,0,1,0
2251,Feminino,51,FR,Estudante,213,72,0.11,Desktop,0,1,0
2252,Masculino,58,IN,Gratuito,163,86,0.05,Mobile,45,0,1
2253,Masculino,28,IN,Premium,175,29,0.58,Web,0,1,1
2254,Masculino,27,IN,Gratuito,155,25,0.38,Web,16,0,0
2255,Feminino,54,FR,Familia,136,86,0.55,Web,0,1,1
2256,Masculino,42,UK,Premium,48,79,0.22,Desktop,0,1,0
2257,Feminino,48,PK,Gratuito,141,34,0.1,Web,45,0,0
2258,Feminino,28,US,Familia,33,10,0.2,Mobile,0,1,0
2259,Masculino,39,FR,Estudante,290,89,0.4,Desktop,0,1,0
2260,Feminino,49,DE,Estudante,50,49,0.21,Web,0,1,0
2261,Feminino,36,US,Familia,266,97,0.4,Web,0,1,0
2262,Masculino,20,FR,Estudante,294,20,0.14,Web,0,1,0
2263,Feminino,39,CA,Premium,194,7,0.22,Web,0,1,1
2264,Masculino,20,UK,Premium,260,99,0.34,Desktop,0,1,0
2265,Masculino,59,FR,Estudante,283,28,0.18,Desktop,0,1,0
2266,Masculino,59,CA,Estudante,135,91,0.43,Mobile,0,1,0
2267,Masculino,38,AU,Estudante,28,70,0.2,Web,0,1,0
2268,Feminino,47,US,Premium,45,60,0.36,Desktop,0,1,0
2269,Masculino,21,AU,Familia,234,61,0.46,Mobile,0,1,0
2270,Feminino,24,DE,Familia,270,49,0.23,Web,0,1,0
2271,Masculino,41,PK,Premium,120,97,0.16,Mobile,0,1,0
2272,Feminino,59,DE,Estudante,229,96,0.09,Desktop,0,1,1
2273,Feminino,42,IN,Familia,126,3,0.55,Web,0,1,0
2274,Feminino,31,IN,Premium,172,41,0.08,Web,0,1,0
2275,Feminino,20,IN,Premium,166,75,0.22,Desktop,0,1,0
2276,Masculino,53,FR,Familia,49,83,0.55,Web,0,1,0
2277,Feminino,46,FR,Gratuito,279,7,0.05,Desktop,30,0,0
2278,Masculino,59,CA,Gratuito,235,71,0.45,Desktop,42,0,0
2279,Feminino,46,FR,Gratuito,91,1,0.49,Web,42,0,0
2280,Feminino,38,FR,Premium,215,4,0.37,Mobile,0,1,1
2281,Feminino,24,UK,Familia,175,54,0.51,Mobile,0,1,1
2282,Masculino,32,CA,Premium,182,77,0.34,Web,0,1,0
2283,Feminino,30,PK,Gratuito,86,50,0.16,Web,42,0,1
2284,Masculino,25,FR,Familia,189,93,0.58,Desktop,0,1,0
2285,Feminino,32,DE,Gratuito,77,43,0.1,Web,37,0,1
2286,Feminino,36,US,Gratuito,71,8,0.18,Desktop,7,0,1
2287,Masculino,51,AU,Familia,235,30,0.44,Mobile,0,1,1
2288,Feminino,32,DE,Estudante,295,24,0.24,Web,0,1,0
2289,Feminino,24,US,Familia,105,52,0.34,Desktop,0,1,0
2290,Feminino,24,IN,Estudante,32,95,0.49,Desktop,0,1,0
2291,Feminino,48,CA,Familia,183,15,0.38,Desktop,0,1,0
2292,Feminino,27,DE,Premium,86,9,0.4,Mobile,0,1,1
2293,Feminino,35,UK,Premium,163,85,0.19,Web,0,1,0
2294,Feminino,51,FR,Gratuito,46,70,0.3,Desktop,46,0,0
2295,Feminino,40,FR,Premium,146,91,0.5,Web,0,1,1
2296,Feminino,21,AU,Gratuito,121,92,0.31,Mobile,18,0,0
2297,Feminino,46,DE,Gratuito,119,87,0.55,Web,26,0,1
2298,Feminino,40,CA,Gratuito,45,36,0.21,Mobile,33,0,0
2299,Feminino,42,AU,Gratuito,47,35,0.25,Desktop,14,0,0
2300,Masculino,58,US,Familia,50,79,0.23,Desktop,0,1,0
2301,Feminino,51,IN,Premium,273,88,0.54,Web,0,1,0
2302,Feminino,53,IN,Premium,147,19,0.49,Mobile,0,1,0
2303,Feminino,22,AU,Estudante,51,39,0.28,Web,0,1,1
2304,Feminino,45,DE,Premium,13,34,0.05,Desktop,0,1,0
2305,Feminino,22,US,Gratuito,158,50,0.08,Mobile,14,0,1
2306,Feminino,44,PK,Premium,46,26,0.23,Mobile,0,1,0
2307,Masculino,31,DE,Familia,37,72,0.09,Web,0,1,0
2308,Masculino,44,DE,Familia,246,21,0.05,Web,0,1,0
2309,Feminino,52,PK,Estudante,238,98,0.32,Mobile,0,1,0
2310,Feminino,24,AU,Estudante,198,18,0.29,Desktop,0,1,1
2311,Feminino,30,US,Premium,129,12,0.01,Desktop,0,1,0
2312,Feminino,34,CA,Familia,297,62,0.45,Web,0,1,0
2313,Masculino,32,CA,Estudante,281,33,0.49,Mobile,0,1,0
2314,Feminino,58,US,Premium,120,74,0.27,Web,0,1,0
2315,Feminino,39,DE,Familia,113,51,0.53,Web,0,1,0
2316,Feminino,43,UK,Gratuito,288,22,0.53,Web,49,0,1
2317,Feminino,27,AU,Premium,198,42,0.06,Desktop,0,1,0
2318,Feminino,23,US,Premium,228,88,0.07,Desktop,0,1,0
2319,Feminino,36,US,Familia,44,61,0.31,Mobile,0,1,1
2320,Masculino,47,FR,Estudante,203,3,0.4,Web,0,1,0
2321,Masculino,49,DE,Premium,272,39,0.01,Mobile,0,1,0
2322,Feminino,30,AU,Gratuito,273,28,0.29,Web,35,0,0
2323,Feminino,49,IN,Familia,137,23,0.19,Desktop,0,1,0
2324,Feminino,53,US,Premium,127,75,0.39,Desktop,0,1,1
2325,Masculino,40,IN,Estudante,13,71,0.32,Mobile,0,1,0
2326,Masculino,57,DE,Familia,18,33,0.17,Desktop,0,1,0
2327,Masculino,50,UK,Familia,150,71,0.02,Desktop,0,1,0
2328,Feminino,57,PK,Estudante,140,3,0.02,Desktop,0,1,0
2329,Feminino,33,US,Gratuito,28,3,0.37,Web,46,0,0
2330,Masculino,39,PK,Gratuito,53,1,0.34,Web,5,0,0
2331,Masculino,51,UK,Premium,290,95,0.09,Mobile,0,1,0
2332,Feminino,44,CA,Familia,214,92,0.18,Desktop,0,1,0
2333,Masculino,47,IN,Estudante,170,35,0.47,Web,0,1,0
2334,Feminino,53,UK,Estudante,202,65,0.18,Desktop,0,1,1
2335,Masculino,55,DE,Estudante,250,93,0.45,Desktop,0,1,0
2336,Feminino,47,AU,Familia,159,81,0.06,Desktop,0,1,1
2337,Masculino,49,FR,Premium,165,62,0.27,Web,0,1,0
2338,Feminino,22,FR,Premium,118,95,0.48,Desktop,0,1,1
2339,Feminino,31,US,Premium,91,8,0.56,Desktop,0,1,0
2340,Feminino,32,FR,Gratuito,72,70,0.47,Web,46,0,0
2341,Feminino,48,UK,Premium,188,32,0.03,Desktop,0,1,1
2342,Feminino,17,FR,Estudante,172,52,0.32,Mobile,0,1,0
2343,Feminino,42,CA,Estudante,30,90,0.27,Mobile,0,1,0
2344,Masculino,22,UK,Premium,49,38,0.11,Desktop,0,1,0
2345,Masculino,32,FR,Gratuito,128,14,0.35,Web,7,0,0
2346,Masculino,26,US,Premium,119,11,0.27,Mobile,0,1,0
2347,Feminino,45,PK,Premium,80,28,0.37,Web,0,1,0
2348,Feminino,38,CA,Estudante,84,86,0.38,Mobile,0,1,0
2349,Feminino,38,AU,Estudante,87,88,0.4,Web,0,1,0
2350,Feminino,41,AU,Familia,22,72,0.11,Mobile,0,1,0
2351,Masculino,24,PK,Estudante,199,90,0.55,Web,0,1,0
2352,Masculino,35,AU,Estudante,163,97,0.53,Web,0,1,0
2353,Feminino,23,IN,Familia,92,40,0.42,Mobile,0,1,0
2354,Feminino,27,DE,Gratuito,252,11,0.35,Web,28,0,0
2355,Masculino,18,US,Gratuito,124,35,0.45,Web,28,0,1
2356,Feminino,55,FR,Estudante,271,29,0.07,Desktop,0,1,1
2357,Masculino,21,US,Premium,26,96,0.24,Web,0,1,0
2358,Masculino,48,CA,Estudante,50,33,0.1,Mobile,0,1,0
2359,Feminino,20,IN,Gratuito,275,40,0.15,Desktop,47,0,0
2360,Feminino,32,AU,Familia,175,75,0.5,Desktop,0,1,0
2361,Feminino,42,AU,Gratuito,109,70,0.22,Web,37,0,0
2362,Feminino,19,AU,Premium,187,54,0.52,Mobile,0,1,0
2363,Feminino,22,DE,Estudante,244,22,0.37,Desktop,0,1,0
2364,Feminino,50,DE,Estudante,123,8,0.48,Desktop,0,1,0
2365,Masculino,52,CA,Premium,15,67,0.41,Desktop,0,1,1
2366,Masculino,31,CA,Gratuito,88,11,0.54,Mobile,47,0,1
2367,Feminino,23,IN,Premium,122,28,0.56,Mobile,0,1,0
2368,Feminino,31,UK,Familia,169,33,0.51,Web,0,1,0
2369,Feminino,16,CA,Premium,68,57,0.4,Web,0,1,0
2370,Feminino,39,FR,Familia,62,57,0.34,Mobile,0,1,0
2371,Feminino,26,IN,Estudante,67,60,0.31,Desktop,0,1,0
2372,Feminino,45,US,Familia,254,57,0.43,Web,0,1,0
2373,Feminino,50,IN,Premium,128,64,0.45,Web,0,1,0
2374,Feminino,57,PK,Estudante,126,57,0.3,Mobile,0,1,0
2375,Masculino,47,IN,Gratuito,156,18,0.18,Desktop,17,0,0
2376,Feminino,57,FR,Estudante,22,4,0.33,Mobile,0,1,0
2377,Feminino,32,PK,Gratuito,32,98,0.25,Mobile,18,0,0
2378,Masculino,33,PK,Estudante,52,50,0.18,Mobile,0,1,1
2379,Masculino,35,IN,Gratuito,162,96,0.57,Mobile,24,0,0
2380,Feminino,37,AU,Estudante,85,7,0.39,Web,0,1,0
2381,Masculino,35,CA,Gratuito,204,22,0.5,Desktop,31,0,0
2382,Masculino,34,UK,Familia,193,78,0.13,Web,0,1,0
2383,Masculino,37,US,Familia,298,33,0.42,Desktop,0,1,1
2384,Feminino,47,FR,Gratuito,219,8,0.45,Web,39,0,0
2385,Feminino,28,DE,Premium,282,8,0.45,Mobile,0,1,1
2386,Feminino,43,AU,Gratuito,135,13,0.47,Web,10,0,0
2387,Masculino,58,CA,Premium,100,48,0.53,Mobile,0,1,0
2388,Masculino,53,IN,Estudante,44,64,0.35,Desktop,0,1,0
2389,Masculino,47,DE,Premium,153,26,0.15,Desktop,0,1,1
2390,Feminino,53,AU,Estudante,283,85,0.3,Web,0,1,0
2391,Masculino,34,PK,Gratuito,296,67,0.17,Mobile,31,0,0
2392,Masculino,37,UK,Gratuito,284,92,0.03,Web,35,0,0
2393,Masculino,37,US,Familia,51,67,0.08,Mobile,0,1,0
2394,Feminino,58,PK,Estudante,67,50,0.5,Desktop,0,1,0
2395,Feminino,23,IN,Estudante,131,66,0.33,Desktop,0,1,0
2396,Masculino,21,IN,Estudante,108,97,0.48,Web,0,1,0
2397,Feminino,22,PK,Premium,193,71,0.08,Desktop,0,1,0
2398,Masculino,59,IN,Gratuito,185,18,0.48,Desktop,49,0,1
2399,Feminino,48,DE,Familia,207,2,0.05,Mobile,0,1,0
2400,Feminino,30,CA,Estudante,168,52,0.29,Web,0,1,0
2401,Masculino,55,IN,Gratuito,266,8,0.08,Web,23,0,0
2402,Masculino,52,AU,Premium,72,52,0.5,Desktop,0,1,0
2403,Masculino,44,IN,Familia,25,87,0.58,Mobile,0,1,0
2404,Feminino,26,AU,Gratuito,166,22,0.44,Web,5,0,0
2405,Masculino,32,CA,Estudante,126,28,0.46,Web,0,1,0
2406,Masculino,55,PK,Familia,160,29,0.4,Web,0,1,1
2407,Feminino,57,PK,Gratuito,31,86,0.39,Mobile,43,0,1
2408,Feminino,50,US,Gratuito,281,42,0.36,Web,40,0,0
2409,Masculino,21,FR,Gratuito,231,86,0.14,Web,11,0,1
2410,Feminino,25,FR,Gratuito,95,87,0.2,Desktop,42,0,1
2411,Feminino,28,DE,Premium,182,47,0.51,Web,0,1,0
2412,Feminino,45,IN,Premium,76,41,0.05,Mobile,0,1,1
2413,Feminino,52,US,Gratuito,151,77,0.03,Desktop,46,0,0
2414,Feminino,44,US,Estudante,105,92,0.28,Mobile,0,1,0
2415,Feminino,16,IN,Familia,23,43,0.42,Web,0,1,0
2416,Feminino,35,CA,Estudante,60,19,0.44,Desktop,0,1,1
2417,Masculino,19,FR,Familia,237,66,0.41,Mobile,0,1,0
2418,Feminino,41,DE,Premium,15,1,0.06,Desktop,0,1,0
2419,Masculino,16,US,Premium,129,55,0.14,Mobile,0,1,0
2420,Feminino,39,CA,Gratuito,158,69,0.27,Web,5,0,0
2421,Masculino,24,IN,Gratuito,95,63,0.16,Desktop,43,0,0
2422,Masculino,53,IN,Estudante,157,47,0.58,Mobile,0,1,0
2423,Feminino,58,UK,Premium,284,71,0.45,Web,0,1,0
2424,Masculino,48,UK,Gratuito,224,41,0.45,Mobile,11,0,0
2425,Masculino,39,US,Estudante,176,15,0.47,Web,0,1,0
2426,Masculino,37,DE,Premium,199,45,0.11,Mobile,0,1,0
2427,Feminino,32,PK,Estudante,87,79,0.07,Desktop,0,1,0
2428,Feminino,57,US,Estudante,35,39,0.41,Web,0,1,0
2429,Feminino,52,FR,Familia,126,53,0.05,Desktop,0,1,1
2430,Masculino,37,AU,Estudante,186,8,0.14,Web,0,1,0
2431,Masculino,34,UK,Familia,14,84,0.56,Mobile,0,1,1
2432,Masculino,44,CA,Gratuito,42,38,0.55,Desktop,36,0,1
2433,Feminino,32,PK,Gratuito,264,56,0.23,Mobile,47,0,0
2434,Feminino,17,UK,Premium,80,11,0.15,Desktop,0,1,1
2435,Feminino,49,AU,Familia,279,85,0.34,Web,0,1,1
2436,Masculino,31,DE,Gratuito,226,2,0.47,Desktop,13,0,0
2437,Masculino,26,IN,Premium,79,20,0.48,Mobile,0,1,0
2438,Feminino,37,IN,Premium,179,56,0.34,Mobile,0,1,0
2439,Feminino,30,IN,Estudante,240,13,0.28,Mobile,0,1,0
2440,Masculino,22,AU,Gratuito,257,11,0.47,Mobile,41,0,0
2441,Masculino,52,DE,Estudante,293,69,0.23,Mobile,0,1,0
2442,Feminino,45,UK,Familia,267,40,0.43,Desktop,0,1,0
2443,Feminino,54,FR,Gratuito,283,27,0.54,Mobile,11,0,1
2444,Masculino,35,DE,Premium,69,83,0.37,Mobile,0,1,0
2445,Feminino,30,IN,Estudante,21,35,0.44,Web,0,1,0
2446,Feminino,20,FR,Gratuito,218,33,0.26,Mobile,30,0,0
2447,Feminino,33,AU,Estudante,149,25,0.58,Web,0,1,0
2448,Masculino,50,IN,Familia,84,86,0.26,Mobile,0,1,1
2449,Feminino,41,CA,Gratuito,69,51,0.06,Mobile,16,0,0
2450,Feminino,37,DE,Gratuito,252,68,0.42,Desktop,24,0,0
2451,Masculino,42,PK,Premium,13,75,0.14,Web,0,1,1
2452,Feminino,53,UK,Gratuito,290,74,0.53,Mobile,36,0,0
2453,Masculino,22,FR,Premium,13,7,0.41,Web,0,1,1
2454,Feminino,19,US,Premium,165,19,0.51,Web,0,1,0
2455,Masculino,22,AU,Premium,131,82,0.25,Web,0,1,1
2456,Feminino,30,PK,Gratuito,50,71,0.03,Web,21,0,0
2457,Masculino,51,DE,Familia,116,75,0.51,Web,0,1,0
2458,Feminino,16,UK,Familia,27,48,0.43,Desktop,0,1,1
2459,Masculino,29,UK,Gratuito,77,89,0.12,Web,12,0,0
2460,Feminino,51,US,Gratuito,28,4,0.36,Desktop,34,0,0
2461,Feminino,53,UK,Familia,249,25,0.15,Mobile,0,1,0
2462,Feminino,30,DE,Gratuito,146,77,0.33,Mobile,42,0,0
2463,Masculino,35,DE,Premium,216,20,0.41,Web,0,1,0
2464,Feminino,46,US,Premium,56,8,0.17,Desktop,0,1,0
2465,Feminino,47,FR,Gratuito,48,86,0.55,Mobile,28,0,0
2466,Feminino,17,FR,Gratuito,285,59,0.22,Mobile,31,0,0
2467,Feminino,47,US,Estudante,214,79,0.52,Web,0,1,0
2468,Feminino,28,FR,Premium,27,40,0.2,Web,0,1,0
2469,Feminino,41,CA,Gratuito,87,65,0.57,Web,36,0,0
2470,Masculino,43,CA,Familia,205,83,0.07,Web,0,1,0
2471,Feminino,56,US,Gratuito,289,3,0.05,Web,37,0,1
2472,Masculino,59,UK,Estudante,11,92,0.32,Mobile,0,1,1
2473,Feminino,47,US,Estudante,87,10,0.07,Mobile,0,1,0
2474,Feminino,28,PK,Familia,19,5,0.22,Mobile,0,1,0
2475,Feminino,31,DE,Gratuito,262,59,0.28,Mobile,38,0,0
2476,Feminino,40,PK,Familia,295,32,0.35,Mobile,0,1,0
2477,Feminino,19,CA,Premium,148,13,0.34,Mobile,0,1,0
2478,Masculino,53,FR,Familia,126,91,0.4,Desktop,0,1,0
2479,Feminino,59,AU,Gratuito,188,86,0.11,Mobile,46,0,0
2480,Feminino,17,PK,Premium,296,78,0.08,Web,0,1,0
2481,Feminino,46,AU,Gratuito,11,86,0.3,Web,41,0,0
2482,Feminino,38,DE,Premium,23,89,0.16,Mobile,0,1,0
2483,Feminino,44,IN,Estudante,82,83,0.34,Desktop,0,1,0
2484,Masculino,16,AU,Premium,270,77,0.57,Desktop,0,1,0
2485,Masculino,18,FR,Familia,45,55,0.6,Mobile,0,1,1
2486,Feminino,20,DE,Familia,135,11,0.48,Web,0,1,0
2487,Masculino,25,US,Estudante,170,96,0.01,Mobile,0,1,0
2488,Feminino,33,CA,Familia,246,34,0.31,Web,0,1,0
2489,Feminino,41,DE,Estudante,166,55,0.37,Mobile,0,1,1
2490,Feminino,37,CA,Estudante,100,24,0.1,Web,0,1,1
2491,Feminino,52,US,Premium,294,36,0.4,Web,0,1,1
2492,Masculino,36,US,Estudante,175,66,0.13,Mobile,0,1,0
2493,Feminino,39,US,Gratuito,296,9,0.0,Mobile,18,0,1
2494,Feminino,28,CA,Gratuito,21,19,0.52,Mobile,32,0,0
2495,Masculino,38,UK,Familia,82,24,0.52,Web,0,1,1
2496,Feminino,35,FR,Estudante,213,25,0.12,Mobile,0,1,1
2497,Masculino,30,CA,Estudante,271,70,0.31,Desktop,0,1,1
2498,Masculino,43,FR,Familia,187,38,0.03,Web,0,1,0
2499,Feminino,29,US,Gratuito,251,15,0.12,Web,48,0,0
2500,Feminino,42,UK,Familia,293,88,0.1,Mobile,0,1,1
2501,Masculino,38,US,Premium,95,77,0.01,Desktop,0,1,0
2502,Feminino,38,DE,Estudante,225,26,0.33,Mobile,0,1,0
2503,Feminino,58,AU,Estudante,143,17,0.36,Mobile,0,1,0
2504,Masculino,47,FR,Premium,157,82,0.2,Mobile,0,1,1
2505,Feminino,26,US,Gratuito,285,44,0.48,Web,21,0,0
2506,Feminino,45,FR,Familia,263,71,0.18,Mobile,0,1,0
2507,Feminino,18,DE,Estudante,235,7,0.42,Desktop,0,1,0
2508,Masculino,27,DE,Familia,112,13,0.54,Desktop,0,1,0
2509,Feminino,58,AU,Premium,208,86,0.1,Web,0,1,1
2510,Feminino,42,PK,Estudante,184,90,0.51,Desktop,0,1,1
2511,Feminino,50,PK,Estudante,129,50,0.34,Mobile,0,1,0
2512,Masculino,25,US,Premium,211,99,0.07,Mobile,0,1,0
2513,Masculino,31,PK,Premium,146,38,0.38,Mobile,0,1,1
2514,Feminino,25,CA,Familia,297,33,0.57,Mobile,0,1,0
2515,Feminino,22,DE,Familia,28,70,0.19,Mobile,0,1,0
2516,Feminino,51,CA,Familia,84,23,0.26,Desktop,0,1,1
2517,Feminino,46,UK,Premium,103,40,0.33,Mobile,0,1,0
2518,Feminino,45,FR,Premium,282,73,0.29,Mobile,0,1,1
2519,Feminino,53,UK,Familia,157,12,0.56,Web,0,1,0
2520,Feminino,23,IN,Gratuito,152,11,0.23,Web,16,0,0
2521,Feminino,21,UK,Premium,233,11,0.1,Mobile,0,1,0
2522,Feminino,28,CA,Estudante,111,61,0.41,Web,0,1,0
2523,Feminino,21,IN,Premium,297,95,0.28,Web,0,1,0
2524,Feminino,37,UK,Estudante,46,29,0.4,Web,0,1,0
2525,Feminino,33,DE,Gratuito,56,57,0.58,Mobile,16,0,1
2526,Feminino,50,UK,Gratuito,118,72,0.06,Mobile,8,0,0
2527,Feminino,17,FR,Gratuito,98,82,0.44,Web,24,0,0
2528,Feminino,51,CA,Estudante,178,73,0.14,Mobile,0,1,1
2529,Feminino,46,US,Familia,97,71,0.22,Desktop,0,1,1
2530,Feminino,39,US,Premium,165,16,0.19,Mobile,0,1,0
2531,Feminino,45,DE,Premium,85,78,0.03,Web,0,1,0
2532,Feminino,59,UK,Familia,137,19,0.2,Mobile,0,1,0
2533,Masculino,16,IN,Premium,215,58,0.23,Web,0,1,0
2534,Feminino,17,UK,Estudante,48,53,0.59,Desktop,0,1,0
2535,Masculino,58,US,Familia,60,85,0.45,Web,0,1,1
2536,Feminino,26,FR,Familia,229,40,0.28,Web,0,1,0
2537,Feminino,46,IN,Estudante,33,58,0.54,Web,0,1,0
2538,Feminino,52,UK,Familia,272,27,0.43,Web,0,1,0
2539,Feminino,39,AU,Estudante,126,48,0.36,Mobile,0,1,1
2540,Masculino,54,CA,Premium,201,65,0.13,Mobile,0,1,0
2541,Feminino,17,PK,Premium,143,92,0.06,Mobile,0,1,0
2542,Feminino,26,FR,Premium,52,5,0.47,Mobile,0,1,1
2543,Feminino,52,AU,Gratuito,19,37,0.49,Mobile,30,0,1
2544,Masculino,52,PK,Premium,151,59,0.32,Mobile,0,1,0
2545,Feminino,39,AU,Premium,137,20,0.44,Web,0,1,1
2546,Feminino,54,FR,Estudante,273,6,0.18,Mobile,0,1,0
2547,Feminino,51,DE,Familia,132,14,0.6,Web,0,1,0
2548,Feminino,17,CA,Familia,190,11,0.19,Web,0,1,0
2549,Masculino,51,UK,Premium,107,50,0.27,Web,0,1,0
2550,Masculino,35,AU,Familia,296,30,0.28,Web,0,1,0
2551,Feminino,18,UK,Estudante,102,85,0.51,Web,0,1,0
2552,Feminino,48,AU,Estudante,39,32,0.04,Web,0,1,0
2553,Masculino,17,IN,Estudante,77,25,0.05,Mobile,0,1,0
2554,Feminino,37,IN,Estudante,34,33,0.26,Desktop,0,1,0
2555,Masculino,29,IN,Gratuito,110,46,0.17,Mobile,22,0,0
2556,Feminino,33,CA,Gratuito,154,69,0.48,Web,10,0,0
2557,Feminino,22,UK,Estudante,207,61,0.37,Web,0,1,1
2558,Feminino,48,FR,Gratuito,212,85,0.28,Web,19,0,0
2559,Feminino,52,IN,Familia,143,48,0.38,Desktop,0,1,1
2560,Masculino,57,AU,Familia,207,22,0.15,Desktop,0,1,0
2561,Feminino,27,FR,Premium,78,53,0.31,Web,0,1,1
2562,Feminino,25,IN,Estudante,266,50,0.54,Desktop,0,1,0
2563,Feminino,27,US,Premium,175,14,0.56,Web,0,1,0
2564,Feminino,41,IN,Gratuito,21,57,0.22,Desktop,30,0,0
2565,Masculino,56,IN,Estudante,122,98,0.6,Web,0,1,1
2566,Feminino,43,FR,Premium,265,91,0.46,Desktop,0,1,0
2567,Masculino,51,PK,Familia,76,93,0.28,Mobile,0,1,0
2568,Masculino,56,IN,Premium,223,90,0.18,Desktop,0,1,1
2569,Masculino,38,US,Gratuito,83,60,0.31,Web,8,0,0
2570,Masculino,16,DE,Gratuito,180,8,0.06,Mobile,43,0,0
2571,Feminino,54,FR,Familia,23,41,0.1,Mobile,0,1,0
2572,Feminino,43,CA,Estudante,190,96,0.19,Mobile,0,1,0
2573,Feminino,29,AU,Familia,55,47,0.39,Web,0,1,1
2574,Masculino,30,UK,Familia,163,4,0.51,Desktop,0,1,1
2575,Feminino,17,UK,Premium,108,82,0.23,Desktop,0,1,0
2576,Feminino,50,DE,Estudante,184,4,0.57,Mobile,0,1,0
2577,Feminino,43,AU,Familia,123,50,0.03,Desktop,0,1,0
2578,Feminino,19,PK,Gratuito,285,92,0.48,Desktop,17,0,0
2579,Feminino,34,UK,Gratuito,197,81,0.01,Desktop,17,0,0
2580,Masculino,53,FR,Premium,47,96,0.54,Web,0,1,0
2581,Feminino,31,AU,Estudante,90,65,0.25,Mobile,0,1,1
2582,Feminino,25,PK,Familia,11,35,0.23,Web,0,1,1
2583,Feminino,23,US,Premium,234,10,0.38,Desktop,0,1,0
2584,Masculino,41,US,Familia,197,9,0.58,Web,0,1,0
2585,Masculino,37,IN,Estudante,46,85,0.01,Desktop,0,1,0
2586,Feminino,34,FR,Estudante,181,72,0.41,Desktop,0,1,1
2587,Feminino,42,US,Premium,114,64,0.1,Mobile,0,1,1
2588,Feminino,54,DE,Premium,55,68,0.28,Web,0,1,1
2589,Feminino,37,PK,Premium,120,84,0.55,Mobile,0,1,1
2590,Feminino,38,IN,Gratuito,149,21,0.4,Mobile,33,0,0
2591,Feminino,40,CA,Gratuito,151,85,0.57,Mobile,20,0,0
2592,Feminino,42,AU,Premium,257,96,0.58,Desktop,0,1,0
2593,Feminino,46,US,Estudante,257,8,0.09,Web,0,1,0
2594,Feminino,22,US,Premium,33,98,0.51,Web,0,1,1
2595,Feminino,52,PK,Estudante,296,32,0.24,Web,0,1,0
2596,Masculino,53,DE,Estudante,146,54,0.12,Web,0,1,0
2597,Masculino,16,FR,Estudante,27,99,0.15,Mobile,0,1,0
2598,Feminino,33,AU,Premium,75,71,0.51,Desktop,0,1,0
2599,Masculino,19,PK,Premium,171,50,0.41,Desktop,0,1,0
2600,Feminino,30,FR,Familia,23,76,0.5,Mobile,0,1,0
2601,Feminino,48,IN,Premium,230,61,0.29,Desktop,0,1,0
2602,Feminino,45,UK,Gratuito,164,97,0.1,Web,26,0,0
2603,Feminino,57,UK,Estudante,120,53,0.4,Mobile,0,1,1
2604,Feminino,57,CA,Gratuito,220,48,0.45,Web,18,0,0
2605,Feminino,33,PK,Gratuito,33,20,0.24,Mobile,23,0,1
2606,Feminino,44,CA,Gratuito,10,57,0.06,Desktop,39,0,0
2607,Feminino,49,PK,Estudante,275,60,0.38,Mobile,0,1,0
2608,Feminino,34,DE,Gratuito,147,27,0.18,Mobile,39,0,0
2609,Feminino,38,AU,Premium,211,4,0.14,Web,0,1,1
2610,Feminino,30,US,Gratuito,39,9,0.6,Desktop,40,0,0
2611,Feminino,33,UK,Familia,111,10,0.56,Web,0,1,0
2612,Feminino,47,PK,Familia,109,23,0.46,Desktop,0,1,1
2613,Feminino,23,AU,Gratuito,64,7,0.07,Mobile,40,0,0
2614,Feminino,41,PK,Premium,18,43,0.51,Desktop,0,1,1
2615,Feminino,30,PK,Premium,141,45,0.12,Desktop,0,1,0
2616,Feminino,28,DE,Premium,89,80,0.31,Mobile,0,1,0
2617,Feminino,17,AU,Familia,260,38,0.51,Desktop,0,1,0
2618,Feminino,52,PK,Familia,149,79,0.12,Desktop,0,1,1
2619,Feminino,55,CA,Estudante,88,37,0.09,Desktop,0,1,0
2620,Feminino,20,DE,Estudante,251,35,0.32,Web,0,1,1
2621,Feminino,44,IN,Gratuito,256,43,0.51,Mobile,11,0,1
2622,Feminino,56,AU,Premium,191,72,0.24,Mobile,0,1,0
2623,Feminino,53,AU,Familia,222,72,0.6,Web,0,1,0
2624,Feminino,42,FR,Premium,248,60,0.26,Web,0,1,0
2625,Masculino,38,US,Premium,247,51,0.38,Web,0,1,0
2626,Feminino,18,CA,Gratuito,183,30,0.36,Desktop,24,0,1
2627,Feminino,53,FR,Premium,144,84,0.52,Mobile,0,1,0
2628,Masculino,49,IN,Familia,13,63,0.13,Mobile,0,1,0
2629,Masculino,41,FR,Premium,188,97,0.01,Web,0,1,0
2630,Feminino,47,UK,Premium,128,15,0.11,Web,0,1,1
2631,Masculino,26,US,Premium,160,75,0.12,Desktop,0,1,0
2632,Feminino,30,AU,Familia,102,25,0.33,Desktop,0,1,0
2633,Feminino,56,FR,Premium,120,93,0.57,Mobile,0,1,0
2634,Feminino,52,AU,Gratuito,61,29,0.25,Desktop,34,0,0
2635,Feminino,20,AU,Premium,45,60,0.24,Desktop,0,1,1
2636,Feminino,38,US,Estudante,111,32,0.22,Desktop,0,1,0
2637,Masculino,46,DE,Estudante,112,92,0.2,Desktop,0,1,0
2638,Feminino,18,AU,Familia,78,43,0.1,Desktop,0,1,1
2639,Feminino,39,US,Familia,280,57,0.07,Web,0,1,1
2640,Feminino,38,FR,Gratuito,246,91,0.17,Web,49,0,0
2641,Masculino,33,UK,Premium,13,84,0.38,Desktop,0,1,0
2642,Feminino,57,IN,Gratuito,209,68,0.24,Mobile,34,0,0
2643,Masculino,27,CA,Familia,12,74,0.14,Mobile,0,1,0
2644,Masculino,46,PK,Familia,213,34,0.06,Mobile,0,1,0
2645,Feminino,45,FR,Premium,276,60,0.01,Desktop,0,1,0
2646,Feminino,45,FR,Estudante,238,20,0.02,Desktop,0,1,0
2647,Feminino,20,IN,Gratuito,167,84,0.5,Mobile,16,0,1
2648,Feminino,26,CA,Estudante,123,39,0.03,Mobile,0,1,0
2649,Feminino,20,DE,Premium,28,49,0.3,Web,0,1,0
2650,Feminino,38,DE,Estudante,55,92,0.5,Mobile,0,1,1
2651,Masculino,56,DE,Premium,17,23,0.27,Desktop,0,1,0
2652,Feminino,28,FR,Gratuito,209,59,0.31,Mobile,44,0,0
2653,Feminino,33,DE,Familia,31,55,0.57,Web,0,1,0
2654,Feminino,19,IN,Estudante,122,64,0.48,Web,0,1,0
2655,Feminino,38,UK,Familia,274,17,0.46,Mobile,0,1,1
2656,Feminino,50,US,Premium,153,70,0.59,Desktop,0,1,1
2657,Masculino,58,AU,Gratuito,117,14,0.4,Desktop,39,0,0
2658,Masculino,55,DE,Premium,14,80,0.42,Mobile,0,1,0
2659,Masculino,38,CA,Familia,173,31,0.05,Desktop,0,1,0
2660,Masculino,44,AU,Gratuito,277,54,0.3,Desktop,29,0,0
2661,Feminino,59,US,Estudante,77,12,0.34,Mobile,0,1,0
2662,Masculino,51,FR,Estudante,229,37,0.37,Web,0,1,0
2663,Masculino,21,PK,Premium,39,62,0.04,Mobile,0,1,0
2664,Feminino,28,CA,Gratuito,174,16,0.44,Mobile,46,0,0
2665,Masculino,54,FR,Familia,278,16,0.46,Mobile,0,1,0
2666,Feminino,17,PK,Gratuito,253,98,0.33,Mobile,38,0,0
2667,Feminino,32,FR,Familia,182,37,0.39,Desktop,0,1,1
2668,Feminino,57,FR,Estudante,36,49,0.13,Web,0,1,0
2669,Feminino,28,CA,Gratuito,12,48,0.51,Desktop,26,0,0
2670,Feminino,48,PK,Premium,183,63,0.36,Desktop,0,1,1
2671,Masculino,47,UK,Estudante,41,76,0.45,Desktop,0,1,0
2672,Masculino,56,CA,Premium,242,49,0.24,Mobile,0,1,1
2673,Masculino,59,DE,Gratuito,275,43,0.58,Mobile,38,0,0
2674,Feminino,31,UK,Premium,76,6,0.02,Web,0,1,0
2675,Feminino,49,FR,Premium,103,15,0.58,Desktop,0,1,0
2676,Feminino,46,AU,Premium,163,72,0.05,Mobile,0,1,0
2677,Masculino,37,CA,Familia,92,16,0.17,Desktop,0,1,0
2678,Feminino,41,AU,Gratuito,134,78,0.29,Mobile,36,0,0
2679,Feminino,23,UK,Gratuito,288,31,0.17,Web,42,0,0
2680,Feminino,35,DE,Estudante,26,81,0.03,Web,0,1,0
2681,Feminino,29,UK,Premium,246,8,0.36,Web,0,1,0
2682,Feminino,18,FR,Premium,224,2,0.17,Mobile,0,1,0
2683,Feminino,23,US,Premium,52,37,0.44,Mobile,0,1,0
2684,Feminino,53,DE,Premium,67,59,0.51,Desktop,0,1,0
2685,Masculino,27,AU,Gratuito,254,33,0.06,Desktop,28,0,0
2686,Masculino,22,CA,Gratuito,74,23,0.27,Mobile,47,0,0
2687,Feminino,30,US,Estudante,296,79,0.32,Web,0,1,0
2688,Feminino,49,CA,Familia,146,83,0.08,Mobile,0,1,1
2689,Masculino,55,UK,Estudante,96,73,0.24,Desktop,0,1,0
2690,Feminino,55,US,Estudante,203,42,0.05,Web,0,1,1
2691,Feminino,22,DE,Gratuito,274,3,0.22,Mobile,18,0,0
2692,Masculino,19,DE,Premium,145,67,0.25,Web,0,1,0
2693,Masculino,47,UK,Estudante,122,97,0.24,Mobile,0,1,1
2694,Feminino,26,AU,Familia,41,88,0.14,Mobile,0,1,0
2695,Masculino,25,AU,Familia,298,61,0.53,Desktop,0,1,1
2696,Feminino,41,CA,Estudante,64,75,0.14,Web,0,1,0
2697,Feminino,22,FR,Premium,237,91,0.17,Web,0,1,1
2698,Feminino,41,PK,Gratuito,16,72,0.05,Mobile,11,0,1
2699,Feminino,39,UK,Gratuito,180,29,0.16,Web,44,0,1
2700,Feminino,56,US,Gratuito,143,19,0.11,Desktop,25,0,0
2701,Feminino,17,IN,Premium,50,13,0.45,Desktop,0,1,0
2702,Feminino,41,DE,Premium,99,77,0.01,Desktop,0,1,1
2703,Masculino,43,FR,Estudante,131,25,0.08,Web,0,1,0
2704,Feminino,22,DE,Premium,164,55,0.48,Web,0,1,0
2705,Feminino,48,DE,Estudante,184,12,0.56,Desktop,0,1,0
2706,Feminino,26,FR,Premium,94,57,0.55,Web,0,1,0
2707,Feminino,57,PK,Gratuito,220,22,0.36,Desktop,15,0,0
2708,Feminino,29,DE,Premium,180,9,0.34,Desktop,0,1,0
2709,Masculino,17,IN,Estudante,104,3,0.3,Web,0,1,0
2710,Masculino,43,FR,Gratuito,260,29,0.03,Web,6,0,0
2711,Feminino,33,FR,Premium,52,97,0.1,Web,0,1,0
2712,Feminino,45,UK,Familia,27,50,0.14,Mobile,0,1,1
2713,Masculino,56,IN,Estudante,236,4,0.1,Desktop,0,1,0
2714,Feminino,49,AU,Premium,252,45,0.57,Desktop,0,1,0
2715,Feminino,37,IN,Premium,190,80,0.5,Desktop,0,1,0
2716,Feminino,34,PK,Gratuito,266,81,0.45,Desktop,31,0,0
2717,Feminino,28,AU,Gratuito,72,22,0.58,Web,12,0,1
2718,Masculino,28,CA,Premium,43,50,0.27,Web,0,1,0
2719,Masculino,19,US,Premium,210,88,0.2,Desktop,0,1,0
2720,Feminino,26,AU,Estudante,253,98,0.25,Desktop,0,1,0
2721,Feminino,24,IN,Premium,78,12,0.47,Web,0,1,0
2722,Masculino,17,IN,Estudante,223,60,0.15,Web,0,1,0
2723,Feminino,34,FR,Estudante,187,37,0.37,Mobile,0,1,1
2724,Masculino,51,DE,Premium,232,43,0.1,Mobile,0,1,0
2725,Feminino,51,UK,Gratuito,92,49,0.4,Mobile,5,0,0
2726,Feminino,43,AU,Premium,230,39,0.46,Mobile,0,1,0
2727,Feminino,56,FR,Gratuito,264,95,0.52,Desktop,35,0,0
2728,Masculino,18,AU,Premium,174,27,0.03,Mobile,0,1,0
2729,Feminino,50,IN,Estudante,17,78,0.26,Mobile,0,1,0
2730,Feminino,50,PK,Estudante,30,73,0.27,Web,0,1,1
2731,Masculino,22,DE,Gratuito,217,50,0.44,Desktop,28,0,1
2732,Masculino,24,AU,Gratuito,52,17,0.09,Mobile,15,0,1
2733,Masculino,59,UK,Familia,67,79,0.21,Web,0,1,0
2734,Feminino,20,FR,Premium,248,67,0.4,Desktop,0,1,1
2735,Masculino,37,FR,Gratuito,51,17,0.51,Web,49,0,1
2736,Feminino,30,CA,Familia,65,34,0.44,Desktop,0,1,0
2737,Feminino,37,IN,Premium,245,21,0.35,Desktop,0,1,0
2738,Feminino,21,PK,Premium,202,4,0.24,Mobile,0,1,0
2739,Feminino,56,DE,Familia,227,40,0.6,Web,0,1,0
2740,Masculino,46,CA,Estudante,104,13,0.39,Web,0,1,0
2741,Masculino,32,FR,Premium,41,54,0.58,Desktop,0,1,1
2742,Feminino,23,CA,Premium,241,87,0.26,Web,0,1,0
2743,Feminino,53,CA,Gratuito,249,61,0.28,Desktop,39,0,0
2744,Feminino,16,FR,Premium,115,53,0.18,Web,0,1,1
2745,Feminino,48,US,Estudante,236,82,0.2,Web,0,1,0
2746,Feminino,34,UK,Premium,187,74,0.22,Desktop,0,1,0
2747,Feminino,54,FR,Gratuito,123,55,0.59,Web,39,0,0
2748,Feminino,30,US,Estudante,27,77,0.36,Web,0,1,1
2749,Masculino,25,US,Estudante,215,76,0.13,Web,0,1,0
2750,Feminino,40,AU,Gratuito,29,87,0.29,Mobile,25,0,0
2751,Feminino,46,UK,Familia,42,84,0.1,Desktop,0,1,1
2752,Feminino,52,DE,Familia,118,69,0.36,Mobile,0,1,0
2753,Feminino,51,DE,Familia,142,29,0.09,Desktop,0,1,0
2754,Masculino,29,UK,Gratuito,182,52,0.3,Web,18,0,0
2755,Feminino,54,AU,Estudante,204,40,0.01,Mobile,0,1,0
2756,Feminino,19,US,Premium,188,23,0.11,Desktop,0,1,0
2757,Feminino,35,DE,Gratuito,232,18,0.49,Desktop,25,0,0
2758,Masculino,33,PK,Estudante,274,14,0.2,Desktop,0,1,0
2759,Feminino,27,IN,Gratuito,32,65,0.19,Mobile,34,0,0
2760,Feminino,19,IN,Estudante,210,33,0.33,Desktop,0,1,0
2761,Masculino,16,AU,Gratuito,111,47,0.33,Mobile,25,0,0
2762,Feminino,19,US,Premium,196,11,0.51,Web,0,1,0
2763,Feminino,34,IN,Gratuito,125,94,0.02,Web,15,0,0
2764,Feminino,17,CA,Estudante,86,9,0.28,Mobile,0,1,1
2765,Masculino,19,DE,Familia,12,35,0.13,Mobile,0,1,0
2766,Feminino,40,US,Premium,242,88,0.25,Mobile,0,1,1
2767,Feminino,41,AU,Estudante,21,61,0.19,Web,0,1,0
2768,Feminino,19,PK,Familia,16,72,0.58,Desktop,0,1,0
2769,Feminino,18,CA,Estudante,168,51,0.29,Desktop,0,1,0
2770,Feminino,22,FR,Estudante,253,9,0.39,Desktop,0,1,1
2771,Masculino,53,UK,Gratuito,203,71,0.45,Web,36,0,1
2772,Feminino,32,UK,Premium,28,2,0.5,Web,0,1,1
2773,Feminino,18,IN,Gratuito,132,18,0.34,Mobile,13,0,0
2774,Masculino,29,IN,Familia,267,28,0.14,Desktop,0,1,0
2775,Feminino,33,FR,Estudante,98,92,0.42,Mobile,0,1,0
2776,Feminino,43,UK,Premium,62,17,0.02,Web,0,1,0
2777,Feminino,46,CA,Estudante,138,42,0.53,Desktop,0,1,0
2778,Masculino,16,IN,Gratuito,246,62,0.57,Desktop,15,0,0
2779,Feminino,19,UK,Estudante,159,75,0.22,Mobile,0,1,1
2780,Masculino,29,US,Familia,216,72,0.0,Web,0,1,0
2781,Feminino,52,CA,Estudante,279,58,0.38,Web,0,1,0
2782,Feminino,19,AU,Premium,142,68,0.23,Mobile,0,1,0
2783,Feminino,43,US,Premium,273,68,0.23,Web,0,1,0
2784,Masculino,50,AU,Familia,135,27,0.3,Desktop,0,1,1
2785,Masculino,28,UK,Estudante,281,50,0.27,Desktop,0,1,0
2786,Feminino,29,IN,Gratuito,26,18,0.56,Mobile,37,0,1
2787,Masculino,30,PK,Gratuito,225,46,0.21,Desktop,8,0,0
2788,Masculino,32,UK,Premium,115,65,0.19,Mobile,0,1,0
2789,Feminino,47,US,Premium,88,81,0.46,Web,0,1,0
2790,Feminino,32,AU,Estudante,25,84,0.01,Web,0,1,0
2791,Feminino,34,AU,Estudante,235,49,0.08,Web,0,1,0
2792,Feminino,25,UK,Premium,232,71,0.11,Mobile,0,1,0
2793,Feminino,29,CA,Familia,14,6,0.26,Mobile,0,1,0
2794,Feminino,34,PK,Familia,120,89,0.55,Web,0,1,0
2795,Masculino,19,FR,Premium,93,15,0.15,Web,0,1,0
2796,Feminino,17,AU,Estudante,43,88,0.58,Mobile,0,1,0
2797,Masculino,45,FR,Gratuito,44,10,0.19,Desktop,48,0,1
2798,Feminino,44,PK,Gratuito,46,66,0.2,Web,11,0,0
2799,Feminino,44,US,Premium,276,69,0.57,Web,0,1,1
2800,Masculino,54,DE,Gratuito,161,50,0.11,Web,30,0,0
2801,Feminino,54,UK,Premium,275,66,0.25,Web,0,1,1
2802,Masculino,52,CA,Estudante,182,69,0.48,Mobile,0,1,0
2803,Feminino,26,UK,Familia,261,53,0.27,Desktop,0,1,0
2804,Feminino,56,CA,Gratuito,266,72,0.24,Desktop,12,0,0
2805,Feminino,30,CA,Gratuito,271,68,0.43,Desktop,44,0,0
2806,Feminino,25,CA,Gratuito,264,27,0.05,Web,24,0,0
2807,Masculino,21,UK,Premium,281,7,0.12,Desktop,0,1,1
2808,Feminino,18,PK,Estudante,207,19,0.59,Web,0,1,0
2809,Masculino,52,AU,Familia,243,2,0.48,Desktop,0,1,0
2810,Feminino,26,US,Estudante,228,76,0.1,Desktop,0,1,0
2811,Feminino,41,IN,Familia,243,41,0.42,Desktop,0,1,0
2812,Feminino,29,IN,Familia,60,96,0.29,Web,0,1,0
2813,Feminino,21,UK,Estudante,145,37,0.22,Desktop,0,1,0
2814,Feminino,43,FR,Premium,32,87,0.46,Mobile,0,1,1
2815,Masculino,38,US,Estudante,183,50,0.59,Mobile,0,1,1
2816,Feminino,48,IN,Familia,26,84,0.35,Mobile,0,1,1
2817,Feminino,32,US,Estudante,140,92,0.28,Mobile,0,1,1
2818,Feminino,24,AU,Familia,286,42,0.4,Web,0,1,0
2819,Masculino,35,FR,Gratuito,236,59,0.27,Desktop,46,0,0
2820,Feminino,42,IN,Familia,31,19,0.33,Desktop,0,1,0
2821,Masculino,43,FR,Premium,188,82,0.52,Desktop,0,1,0
2822,Masculino,55,US,Gratuito,12,8,0.03,Mobile,34,0,0
2823,Masculino,32,AU,Familia,164,49,0.08,Desktop,0,1,0
2824,Feminino,49,FR,Estudante,245,20,0.52,Web,0,1,0
2825,Feminino,36,FR,Familia,38,96,0.37,Web,0,1,1
2826,Masculino,46,AU,Familia,76,44,0.13,Desktop,0,1,1
2827,Feminino,52,UK,Gratuito,196,6,0.07,Desktop,37,0,1
2828,Feminino,30,PK,Gratuito,150,47,0.51,Mobile,43,0,0
2829,Feminino,36,UK,Estudante,281,40,0.35,Mobile,0,1,0
2830,Feminino,22,DE,Familia,110,85,0.24,Desktop,0,1,0
2831,Feminino,55,CA,Familia,106,70,0.04,Web,0,1,1
2832,Feminino,36,US,Estudante,137,59,0.1,Web,0,1,0
2833,Feminino,47,IN,Familia,251,40,0.42,Mobile,0,1,1
2834,Masculino,34,US,Gratuito,187,63,0.35,Mobile,29,0,1
2835,Feminino,23,FR,Estudante,173,55,0.2,Desktop,0,1,0
2836,Feminino,46,FR,Premium,255,42,0.58,Web,0,1,1
2837,Masculino,36,UK,Estudante,155,77,0.31,Desktop,0,1,0
2838,Masculino,40,PK,Gratuito,213,40,0.22,Mobile,17,0,1
2839,Feminino,47,PK,Estudante,150,70,0.1,Mobile,0,1,1
2840,Feminino,18,IN,Gratuito,202,90,0.16,Mobile,16,0,0
2841,Feminino,28,UK,Familia,260,25,0.36,Desktop,0,1,0
2842,Feminino,17,AU,Gratuito,171,19,0.44,Web,11,0,1
2843,Masculino,29,AU,Estudante,199,57,0.3,Web,0,1,0
2844,Feminino,26,FR,Familia,103,85,0.1,Desktop,0,1,0
2845,Masculino,22,UK,Gratuito,246,16,0.36,Web,42,0,0
2846,Feminino,52,PK,Estudante,174,44,0.5,Mobile,0,1,0
2847,Masculino,41,UK,Premium,235,72,0.28,Web,0,1,0
2848,Masculino,39,PK,Gratuito,219,93,0.22,Desktop,10,0,0
2849,Feminino,51,DE,Estudante,245,63,0.58,Mobile,0,1,1
2850,Masculino,32,IN,Premium,193,7,0.51,Mobile,0,1,1
2851,Feminino,30,PK,Premium,279,32,0.59,Web,0,1,0
2852,Feminino,25,UK,Premium,205,39,0.55,Web,0,1,0
2853,Feminino,44,DE,Gratuito,251,62,0.38,Web,5,0,0
2854,Feminino,18,UK,Gratuito,190,41,0.3,Web,21,0,0
2855,Feminino,57,UK,Premium,184,98,0.28,Web,0,1,1
2856,Masculino,32,DE,Familia,267,14,0.56,Mobile,0,1,0
2857,Masculino,25,AU,Familia,118,76,0.27,Desktop,0,1,0
2858,Feminino,40,US,Gratuito,96,7,0.21,Mobile,35,0,0
2859,Feminino,33,CA,Familia,172,35,0.56,Web,0,1,0
2860,Feminino,42,FR,Estudante,10,38,0.3,Desktop,0,1,0
2861,Feminino,39,UK,Gratuito,45,19,0.51,Desktop,13,0,0
2862,Feminino,52,UK,Gratuito,50,13,0.21,Desktop,23,0,0
2863,Feminino,26,DE,Gratuito,183,48,0.43,Mobile,41,0,0
2864,Feminino,38,DE,Familia,213,19,0.09,Desktop,0,1,0
2865,Feminino,39,UK,Familia,211,60,0.16,Desktop,0,1,1
2866,Masculino,57,IN,Gratuito,59,87,0.24,Web,16,0,0
2867,Feminino,44,AU,Familia,161,72,0.32,Web,0,1,1
2868,Feminino,36,UK,Estudante,103,95,0.0,Mobile,0,1,0
2869,Feminino,34,FR,Premium,89,24,0.44,Mobile,0,1,1
2870,Feminino,44,DE,Familia,137,2,0.13,Web,0,1,0
2871,Feminino,23,UK,Premium,257,58,0.35,Web,0,1,0
2872,Feminino,33,PK,Familia,148,48,0.3,Web,0,1,1
2873,Masculino,53,US,Estudante,295,88,0.42,Desktop,0,1,0
2874,Masculino,44,CA,Premium,114,96,0.04,Desktop,0,1,0
2875,Masculino,53,US,Gratuito,167,18,0.14,Desktop,9,0,0
2876,Feminino,38,US,Familia,255,43,0.4,Desktop,0,1,0
2877,Feminino,21,FR,Gratuito,266,15,0.41,Mobile,8,0,0
2878,Feminino,53,US,Familia,42,5,0.12,Web,0,1,0
2879,Feminino,54,CA,Premium,52,4,0.55,Web,0,1,0
2880,Feminino,57,DE,Estudante,67,58,0.31,Desktop,0,1,1
2881,Feminino,47,PK,Premium,38,27,0.1,Web,0,1,0
2882,Masculino,22,CA,Gratuito,259,43,0.32,Mobile,34,0,0
2883,Feminino,31,FR,Premium,49,84,0.47,Web,0,1,0
2884,Feminino,37,FR,Familia,205,88,0.35,Desktop,0,1,0
2885,Feminino,58,CA,Familia,291,32,0.48,Mobile,0,1,0
2886,Feminino,49,US,Premium,86,67,0.19,Mobile,0,1,1
2887,Feminino,54,UK,Premium,106,39,0.49,Desktop,0,1,1
2888,Masculino,16,AU,Estudante,230,28,0.58,Web,0,1,0
2889,Masculino,24,UK,Estudante,123,92,0.33,Web,0,1,0
2890,Feminino,43,AU,Gratuito,204,67,0.01,Desktop,20,0,0
2891,Feminino,28,DE,Estudante,252,5,0.4,Desktop,0,1,0
2892,Masculino,23,CA,Familia,249,79,0.04,Web,0,1,0
2893,Feminino,46,DE,Gratuito,296,95,0.19,Desktop,12,0,0
2894,Feminino,18,DE,Familia,257,2,0.04,Mobile,0,1,1
2895,Feminino,47,AU,Gratuito,257,98,0.0,Mobile,45,0,0
2896,Masculino,55,US,Gratuito,134,40,0.09,Web,10,0,0
2897,Feminino,34,UK,Premium,297,56,0.49,Desktop,0,1,0
2898,Masculino,49,CA,Familia,192,26,0.21,Web,0,1,0
2899,Feminino,45,FR,Familia,83,55,0.57,Web,0,1,0
2900,Masculino,54,US,Premium,223,73,0.36,Mobile,0,1,0
2901,Feminino,26,IN,Estudante,105,39,0.19,Web,0,1,0
2902,Feminino,58,CA,Premium,215,14,0.41,Mobile,0,1,0
2903,Feminino,29,IN,Gratuito,212,94,0.47,Desktop,5,0,1
2904,Feminino,38,IN,Premium,178,12,0.22,Desktop,0,1,0
2905,Feminino,50,US,Premium,158,61,0.25,Mobile,0,1,0
2906,Feminino,24,UK,Gratuito,15,86,0.54,Web,38,0,0
2907,Feminino,39,PK,Gratuito,247,41,0.17,Desktop,23,0,0
2908,Feminino,16,FR,Familia,153,14,0.46,Mobile,0,1,0
2909,Feminino,22,FR,Gratuito,245,50,0.01,Web,47,0,0
2910,Masculino,57,US,Estudante,203,42,0.15,Desktop,0,1,1
2911,Feminino,28,PK,Gratuito,78,55,0.57,Desktop,9,0,1
2912,Feminino,48,UK,Premium,108,86,0.35,Mobile,0,1,0
2913,Feminino,48,FR,Familia,47,86,0.58,Web,0,1,0
2914,Feminino,46,US,Familia,145,13,0.55,Mobile,0,1,0
2915,Feminino,46,CA,Premium,81,66,0.34,Desktop,0,1,1
2916,Feminino,36,US,Familia,32,98,0.54,Web,0,1,0
2917,Masculino,37,UK,Estudante,242,56,0.37,Desktop,0,1,0
2918,Feminino,25,IN,Gratuito,177,10,0.06,Web,35,0,0
2919,Feminino,21,US,Premium,283,26,0.09,Mobile,0,1,0
2920,Masculino,29,US,Premium,261,91,0.36,Mobile,0,1,1
2921,Feminino,52,IN,Premium,158,22,0.32,Desktop,0,1,0
2922,Masculino,30,CA,Premium,248,29,0.49,Mobile,0,1,0
2923,Feminino,26,US,Gratuito,174,54,0.18,Mobile,8,0,0
2924,Feminino,16,UK,Gratuito,184,56,0.52,Mobile,12,0,1
2925,Feminino,42,IN,Estudante,101,58,0.48,Mobile,0,1,0
2926,Masculino,59,AU,Familia,33,10,0.52,Desktop,0,1,0
2927,Masculino,48,US,Familia,228,56,0.41,Desktop,0,1,1
2928,Feminino,25,AU,Familia,216,91,0.13,Web,0,1,0
2929,Feminino,47,CA,Familia,297,71,0.13,Web,0,1,0
2930,Feminino,25,AU,Gratuito,198,5,0.1,Desktop,14,0,0
2931,Feminino,30,US,Estudante,28,72,0.46,Mobile,0,1,0
2932,Masculino,31,IN,Premium,81,14,0.46,Desktop,0,1,1
2933,Feminino,37,PK,Premium,237,97,0.53,Mobile,0,1,0
2934,Masculino,40,US,Estudante,240,42,0.05,Mobile,0,1,0
2935,Feminino,24,DE,Gratuito,163,9,0.22,Web,25,0,0
2936,Feminino,40,IN,Estudante,164,46,0.28,Web,0,1,0
2937,Feminino,57,CA,Familia,203,11,0.54,Mobile,0,1,0
2938,Feminino,40,PK,Premium,61,28,0.49,Mobile,0,1,1
2939,Feminino,41,PK,Premium,136,77,0.23,Mobile,0,1,0
2940,Masculino,31,FR,Gratuito,41,59,0.22,Desktop,28,0,0
2941,Feminino,59,UK,Gratuito,198,94,0.21,Web,28,0,0
2942,Feminino,44,CA,Estudante,232,39,0.54,Mobile,0,1,0
2943,Feminino,33,US,Estudante,107,18,0.42,Mobile,0,1,1
2944,Feminino,32,FR,Estudante,208,76,0.19,Mobile,0,1,0
2945,Masculino,38,DE,Premium,243,76,0.12,Mobile,0,1,0
2946,Feminino,52,DE,Familia,16,88,0.49,Desktop,0,1,0
2947,Feminino,22,FR,Estudante,208,19,0.36,Web,0,1,0
2948,Feminino,52,FR,Estudante,111,33,0.16,Mobile,0,1,0
2949,Feminino,51,UK,Premium,288,32,0.07,Mobile,0,1,0
2950,Feminino,29,AU,Premium,124,55,0.19,Desktop,0,1,1
2951,Masculino,35,UK,Gratuito,252,14,0.59,Web,27,0,0
2952,Feminino,23,PK,Estudante,192,36,0.3,Desktop,0,1,0
2953,Feminino,34,US,Estudante,122,9,0.53,Mobile,0,1,1
2954,Feminino,57,US,Familia,190,68,0.34,Desktop,0,1,0
2955,Feminino,51,CA,Familia,81,53,0.37,Desktop,0,1,0
2956,Feminino,19,IN,Familia,138,62,0.17,Desktop,0,1,1
2957,Feminino,38,UK,Gratuito,272,39,0.31,Web,44,0,0
2958,Feminino,40,DE,Familia,299,43,0.09,Mobile,0,1,1
2959,Feminino,29,DE,Familia,195,71,0.58,Desktop,0,1,1
2960,Feminino,34,PK,Gratuito,129,42,0.27,Web,31,0,0
2961,Masculino,23,CA,Gratuito,76,53,0.57,Web,15,0,0
2962,Feminino,30,US,Familia,40,13,0.41,Desktop,0,1,0
2963,Feminino,49,DE,Familia,275,74,0.42,Web,0,1,0
2964,Feminino,46,AU,Familia,54,47,0.06,Web,0,1,0
2965,Masculino,36,AU,Gratuito,243,24,0.22,Desktop,22,0,0
2966,Masculino,27,CA,Estudante,196,23,0.59,Mobile,0,1,1
2967,Feminino,34,AU,Estudante,36,87,0.2,Mobile,0,1,0
2968,Masculino,37,PK,Premium,280,55,0.29,Desktop,0,1,0
2969,Feminino,38,IN,Premium,229,73,0.55,Mobile,0,1,1
2970,Masculino,36,PK,Familia,147,36,0.38,Mobile,0,1,1
2971,Masculino,56,PK,Premium,126,46,0.33,Mobile,0,1,0
2972,Masculino,35,CA,Estudante,288,65,0.54,Desktop,0,1,0
2973,Feminino,22,IN,Gratuito,181,7,0.48,Web,18,0,1
2974,Feminino,44,DE,Estudante,124,88,0.18,Desktop,0,1,0
2975,Masculino,45,PK,Gratuito,86,54,0.38,Desktop,41,0,0
2976,Feminino,39,PK,Familia,124,79,0.28,Web,0,1,0
2977,Feminino,41,UK,Estudante,127,5,0.38,Web,0,1,1
2978,Feminino,52,PK,Estudante,187,94,0.47,Web,0,1,0
2979,Feminino,26,AU,Familia,19,99,0.5,Web,0,1,0
2980,Masculino,18,AU,Gratuito,234,69,0.26,Web,44,0,1
2981,Masculino,41,IN,Estudante,90,87,0.26,Mobile,0,1,0
2982,Feminino,29,PK,Familia,74,99,0.49,Desktop,0,1,1
2983,Masculino,51,PK,Gratuito,228,36,0.23,Web,21,0,1
2984,Masculino,42,CA,Estudante,43,35,0.58,Desktop,0,1,1
2985,Masculino,55,UK,Familia,50,96,0.22,Web,0,1,0
2986,Feminino,33,US,Familia,107,79,0.21,Mobile,0,1,0
2987,Feminino,57,IN,Familia,204,48,0.11,Desktop,0,1,0
2988,Feminino,32,FR,Premium,95,90,0.44,Web,0,1,1
2989,Masculino,28,UK,Gratuito,156,14,0.15,Mobile,38,0,0
2990,Feminino,29,IN,Premium,284,44,0.34,Web,0,1,0
2991,Feminino,56,IN,Gratuito,136,16,0.11,Web,30,0,0
2992,Masculino,51,PK,Estudante,259,36,0.27,Web,0,1,0
2993,Feminino,39,UK,Estudante,172,8,0.19,Web,0,1,1
2994,Feminino,59,IN,Estudante,138,3,0.16,Desktop,0,1,1
2995,Masculino,37,UK,Premium,135,10,0.29,Desktop,0,1,0
2996,Feminino,56,IN,Estudante,167,51,0.2,Web,0,1,0
2997,Feminino,18,US,Gratuito,271,42,0.31,Desktop,16,0,0
2998,Feminino,29,AU,Premium,271,64,0.34,Mobile,0,1,0
2999,Feminino,39,FR,Estudante,193,49,0.2,Mobile,0,1,1
3000,Masculino,45,US,Familia,146,76,0.57,Web,0,1,1
3001,Masculino,25,AU,Gratuito,276,15,0.18,Desktop,47,0,0
3002,Masculino,19,US,Premium,276,72,0.2,Web,0,1,0
3003,Feminino,31,UK,Estudante,82,37,0.56,Desktop,0,1,0
3004,Masculino,40,CA,Premium,250,45,0.15,Mobile,0,1,0
3005,Feminino,22,PK,Gratuito,60,46,0.02,Desktop,31,0,0
3006,Feminino,54,PK,Gratuito,115,84,0.28,Desktop,6,0,0
3007,Feminino,50,US,Familia,104,13,0.21,Mobile,0,1,1
3008,Masculino,53,AU,Familia,219,61,0.23,Desktop,0,1,1
3009,Feminino,54,FR,Gratuito,109,89,0.21,Mobile,30,0,0
3010,Masculino,47,AU,Familia,163,50,0.05,Desktop,0,1,1
3011,Feminino,35,FR,Gratuito,265,25,0.22,Web,48,0,0
3012,Masculino,29,AU,Premium,117,26,0.13,Web,0,1,0
3013,Feminino,54,FR,Premium,219,22,0.38,Desktop,0,1,0
3014,Feminino,47,US,Premium,15,7,0.04,Mobile,0,1,0
3015,Feminino,19,DE,Gratuito,87,61,0.45,Web,16,0,0
3016,Masculino,37,AU,Estudante,50,53,0.42,Web,0,1,0
3017,Masculino,48,UK,Estudante,130,3,0.3,Desktop,0,1,0
3018,Masculino,41,CA,Familia,104,56,0.17,Web,0,1,1
3019,Feminino,55,AU,Estudante,166,17,0.13,Desktop,0,1,1
3020,Masculino,28,AU,Familia,126,59,0.36,Mobile,0,1,0
3021,Feminino,38,UK,Estudante,148,82,0.31,Desktop,0,1,1
3022,Masculino,54,PK,Familia,193,50,0.15,Mobile,0,1,1
3023,Feminino,30,CA,Familia,294,40,0.54,Web,0,1,0
3024,Feminino,56,FR,Premium,51,43,0.45,Web,0,1,0
3025,Masculino,43,AU,Familia,252,51,0.42,Mobile,0,1,0
3026,Feminino,43,AU,Gratuito,215,71,0.55,Web,42,0,0
3027,Feminino,54,UK,Premium,173,43,0.18,Mobile,0,1,0
3028,Feminino,39,PK,Familia,207,98,0.6,Mobile,0,1,1
3029,Feminino,28,IN,Familia,205,60,0.32,Mobile,0,1,0
3030,Feminino,34,PK,Gratuito,76,23,0.03,Web,48,0,0
3031,Masculino,21,CA,Gratuito,200,34,0.48,Web,28,0,0
3032,Masculino,19,DE,Estudante,170,84,0.43,Mobile,0,1,0
3033,Feminino,26,PK,Premium,107,24,0.08,Mobile,0,1,1
3034,Feminino,57,US,Premium,96,72,0.19,Desktop,0,1,0
3035,Masculino,39,CA,Familia,128,21,0.31,Desktop,0,1,0
3036,Feminino,28,CA,Estudante,223,62,0.3,Web,0,1,0
3037,Feminino,30,DE,Premium,230,48,0.54,Web,0,1,0
3038,Feminino,18,CA,Gratuito,150,51,0.44,Web,14,0,0
3039,Masculino,51,PK,Gratuito,251,10,0.23,Mobile,28,0,0
3040,Feminino,27,IN,Estudante,226,39,0.12,Web,0,1,0
3041,Feminino,42,CA,Gratuito,211,15,0.23,Web,40,0,0
3042,Feminino,51,UK,Familia,190,88,0.03,Web,0,1,0
3043,Feminino,51,FR,Estudante,192,47,0.15,Mobile,0,1,0
3044,Feminino,57,CA,Premium,130,66,0.43,Mobile,0,1,0
3045,Feminino,22,UK,Familia,113,89,0.31,Mobile,0,1,0
3046,Feminino,37,DE,Gratuito,285,17,0.24,Desktop,11,0,0
3047,Masculino,34,US,Familia,200,39,0.07,Mobile,0,1,0
3048,Masculino,59,DE,Premium,277,57,0.2,Mobile,0,1,1
3049,Masculino,21,US,Familia,269,4,0.4,Desktop,0,1,1
3050,Masculino,20,IN,Gratuito,190,9,0.21,Web,15,0,1
3051,Masculino,52,FR,Premium,70,80,0.27,Desktop,0,1,0
3052,Masculino,41,DE,Premium,58,33,0.21,Desktop,0,1,1
3053,Feminino,51,IN,Gratuito,206,49,0.55,Web,43,0,0
3054,Feminino,55,AU,Estudante,54,12,0.46,Mobile,0,1,0
3055,Feminino,59,IN,Premium,45,24,0.54,Mobile,0,1,0
3056,Feminino,56,PK,Familia,276,51,0.09,Mobile,0,1,1
3057,Feminino,22,CA,Familia,100,92,0.6,Desktop,0,1,0
3058,Feminino,20,UK,Estudante,213,39,0.39,Desktop,0,1,0
3059,Feminino,19,UK,Premium,64,55,0.31,Mobile,0,1,0
3060,Masculino,42,IN,Estudante,92,25,0.13,Desktop,0,1,1
3061,Masculino,47,DE,Gratuito,274,8,0.26,Mobile,8,0,0
3062,Feminino,54,US,Familia,218,6,0.26,Web,0,1,1
3063,Feminino,49,DE,Estudante,72,99,0.43,Desktop,0,1,0
3064,Feminino,43,AU,Premium,92,91,0.21,Mobile,0,1,0
3065,Feminino,41,UK,Familia,288,79,0.52,Desktop,0,1,0
3066,Feminino,30,PK,Familia,234,13,0.16,Mobile,0,1,1
3067,Feminino,41,AU,Gratuito,64,70,0.49,Desktop,18,0,0
3068,Feminino,43,IN,Gratuito,36,41,0.07,Web,7,0,1
3069,Feminino,53,AU,Gratuito,14,28,0.34,Mobile,39,0,1
3070,Feminino,24,IN,Gratuito,59,96,0.39,Mobile,30,0,0
3071,Masculino,17,FR,Familia,280,93,0.1,Desktop,0,1,0
3072,Feminino,32,FR,Premium,247,42,0.48,Desktop,0,1,0
3073,Feminino,18,PK,Gratuito,104,78,0.55,Mobile,47,0,0
3074,Masculino,34,FR,Gratuito,256,34,0.28,Mobile,36,0,0
3075,Feminino,34,IN,Familia,222,77,0.18,Web,0,1,0
3076,Feminino,56,DE,Gratuito,246,17,0.52,Web,37,0,0
3077,Feminino,38,PK,Estudante,114,71,0.34,Mobile,0,1,0
3078,Feminino,50,UK,Estudante,179,35,0.08,Mobile,0,1,1
3079,Feminino,30,CA,Estudante,18,6,0.47,Desktop,0,1,0
3080,Masculino,51,PK,Estudante,87,65,0.32,Web,0,1,0
3081,Masculino,34,CA,Estudante,293,89,0.36,Web,0,1,0
3082,Feminino,18,IN,Premium,12,70,0.46,Desktop,0,1,1
3083,Masculino,42,PK,Premium,226,65,0.16,Desktop,0,1,0
3084,Feminino,23,PK,Estudante,128,55,0.29,Desktop,0,1,0
3085,Masculino,18,US,Premium,97,24,0.49,Desktop,0,1,0
3086,Feminino,45,AU,Estudante,236,31,0.38,Desktop,0,1,0
3087,Masculino,26,DE,Familia,110,58,0.19,Desktop,0,1,1
3088,Masculino,18,AU,Premium,27,58,0.11,Desktop,0,1,0
3089,Feminino,50,IN,Gratuito,40,88,0.2,Desktop,35,0,1
3090,Feminino,42,PK,Estudante,127,97,0.49,Desktop,0,1,0
3091,Feminino,40,FR,Familia,213,29,0.18,Desktop,0,1,1
3092,Feminino,50,UK,Estudante,207,31,0.24,Desktop,0,1,0
3093,Masculino,28,US,Estudante,88,44,0.49,Web,0,1,0
3094,Feminino,36,CA,Gratuito,293,77,0.54,Desktop,22,0,0
3095,Masculino,24,FR,Gratuito,191,85,0.5,Desktop,44,0,0
3096,Feminino,48,CA,Familia,272,71,0.06,Desktop,0,1,0
3097,Feminino,43,UK,Premium,196,78,0.44,Mobile,0,1,0
3098,Feminino,22,IN,Gratuito,129,76,0.17,Mobile,17,0,0
3099,Masculino,35,AU,Estudante,76,84,0.14,Web,0,1,0
3100,Feminino,47,UK,Premium,135,68,0.5,Desktop,0,1,0
3101,Feminino,30,PK,Gratuito,42,99,0.05,Web,35,0,0
3102,Feminino,37,UK,Familia,220,58,0.06,Desktop,0,1,0
3103,Feminino,36,AU,Gratuito,118,26,0.53,Desktop,41,0,0
3104,Masculino,39,CA,Gratuito,244,87,0.15,Desktop,33,0,0
3105,Feminino,55,US,Premium,144,31,0.09,Web,0,1,1
3106,Feminino,18,DE,Familia,192,89,0.22,Mobile,0,1,1
3107,Feminino,19,PK,Premium,279,85,0.12,Mobile,0,1,0
3108,Feminino,50,CA,Gratuito,209,21,0.35,Mobile,21,0,0
3109,Masculino,57,IN,Estudante,248,72,0.2,Mobile,0,1,0
3110,Feminino,51,FR,Premium,46,82,0.22,Mobile,0,1,0
3111,Feminino,34,IN,Premium,33,68,0.23,Mobile,0,1,0
3112,Feminino,23,PK,Estudante,53,85,0.21,Web,0,1,0
3113,Feminino,32,US,Gratuito,82,10,0.29,Mobile,22,0,0
3114,Feminino,37,DE,Premium,244,39,0.18,Web,0,1,0
3115,Masculino,21,FR,Familia,285,80,0.29,Desktop,0,1,1
3116,Feminino,43,CA,Premium,14,63,0.5,Mobile,0,1,1
3117,Masculino,38,FR,Gratuito,205,71,0.23,Web,11,0,0
3118,Masculino,59,US,Estudante,151,61,0.07,Mobile,0,1,1
3119,Feminino,20,FR,Premium,185,22,0.45,Mobile,0,1,0
3120,Feminino,52,US,Estudante,10,34,0.38,Mobile,0,1,0
3121,Feminino,40,CA,Gratuito,141,79,0.46,Web,41,0,1
3122,Feminino,28,IN,Gratuito,110,49,0.43,Mobile,13,0,1
3123,Feminino,49,IN,Premium,148,52,0.56,Desktop,0,1,0
3124,Feminino,26,AU,Premium,77,48,0.12,Desktop,0,1,0
3125,Feminino,16,IN,Familia,122,46,0.21,Web,0,1,0
3126,Feminino,37,DE,Premium,81,2,0.32,Mobile,0,1,0
3127,Feminino,46,PK,Gratuito,190,88,0.41,Mobile,26,0,0
3128,Masculino,40,IN,Premium,111,89,0.25,Desktop,0,1,0
3129,Feminino,41,CA,Familia,68,8,0.19,Desktop,0,1,0
3130,Masculino,38,AU,Premium,51,35,0.06,Desktop,0,1,0
3131,Masculino,51,UK,Familia,102,55,0.53,Web,0,1,0
3132,Feminino,23,US,Familia,273,14,0.12,Mobile,0,1,0
3133,Feminino,18,FR,Estudante,74,30,0.38,Desktop,0,1,0
3134,Masculino,34,PK,Familia,200,17,0.31,Desktop,0,1,1
3135,Feminino,28,US,Premium,248,81,0.08,Web,0,1,0
3136,Feminino,51,CA,Estudante,127,62,0.17,Desktop,0,1,1
3137,Feminino,54,FR,Estudante,231,79,0.48,Web,0,1,0
3138,Masculino,26,IN,Familia,88,12,0.32,Mobile,0,1,0
3139,Feminino,27,IN,Premium,226,15,0.07,Mobile,0,1,0
3140,Feminino,41,US,Familia,246,65,0.44,Desktop,0,1,0
3141,Masculino,49,AU,Familia,177,57,0.46,Desktop,0,1,1
3142,Feminino,21,UK,Gratuito,203,70,0.56,Desktop,20,0,1
3143,Feminino,31,DE,Estudante,49,39,0.54,Mobile,0,1,0
3144,Feminino,55,UK,Gratuito,251,88,0.49,Mobile,37,0,0
3145,Feminino,16,PK,Familia,215,58,0.48,Mobile,0,1,1
3146,Masculino,45,IN,Familia,149,9,0.19,Desktop,0,1,0
3147,Feminino,48,PK,Familia,70,50,0.32,Web,0,1,1
3148,Masculino,21,IN,Estudante,39,68,0.53,Desktop,0,1,1
3149,Masculino,21,IN,Premium,200,94,0.41,Web,0,1,1
3150,Feminino,19,FR,Premium,266,17,0.52,Mobile,0,1,0
3151,Masculino,35,AU,Gratuito,129,59,0.02,Mobile,32,0,0
3152,Feminino,35,FR,Estudante,242,34,0.57,Web,0,1,0
3153,Feminino,52,US,Familia,114,50,0.47,Web,0,1,1
3154,Masculino,52,UK,Premium,132,80,0.49,Desktop,0,1,0
3155,Feminino,53,US,Gratuito,100,42,0.01,Mobile,21,0,1
3156,Feminino,35,CA,Premium,26,44,0.34,Desktop,0,1,1
3157,Masculino,35,UK,Familia,180,41,0.04,Mobile,0,1,1
3158,Feminino,17,PK,Estudante,277,28,0.45,Web,0,1,0
3159,Feminino,48,CA,Familia,185,94,0.38,Mobile,0,1,0
3160,Feminino,59,US,Familia,113,33,0.4,Mobile,0,1,0
3161,Masculino,51,FR,Estudante,251,10,0.12,Desktop,0,1,0
3162,Feminino,25,PK,Gratuito,100,63,0.46,Desktop,37,0,0
3163,Masculino,18,IN,Estudante,163,64,0.04,Mobile,0,1,0
3164,Feminino,43,CA,Estudante,66,20,0.16,Mobile,0,1,0
3165,Feminino,18,UK,Gratuito,243,37,0.53,Mobile,21,0,0
3166,Feminino,20,AU,Estudante,135,31,0.11,Desktop,0,1,1
3167,Feminino,36,PK,Estudante,213,48,0.35,Mobile,0,1,1
3168,Feminino,16,CA,Gratuito,24,19,0.5,Mobile,46,0,0
3169,Masculino,38,CA,Gratuito,85,67,0.4,Mobile,13,0,0
3170,Masculino,24,DE,Estudante,212,61,0.07,Mobile,0,1,0
3171,Feminino,22,AU,Gratuito,256,18,0.02,Desktop,48,0,0
3172,Feminino,30,UK,Premium,23,32,0.42,Desktop,0,1,0
3173,Feminino,18,AU,Premium,281,81,0.2,Web,0,1,1
3174,Feminino,24,PK,Premium,138,7,0.54,Web,0,1,0
3175,Feminino,27,UK,Familia,247,46,0.46,Web,0,1,1
3176,Feminino,37,FR,Familia,64,97,0.21,Web,0,1,0
3177,Masculino,44,DE,Estudante,242,22,0.48,Mobile,0,1,0
3178,Masculino,24,FR,Familia,51,78,0.54,Desktop,0,1,0
3179,Feminino,37,FR,Familia,100,17,0.07,Web,0,1,0
3180,Feminino,41,US,Premium,213,3,0.14,Web,0,1,0
3181,Feminino,44,UK,Premium,287,96,0.4,Web,0,1,0
3182,Feminino,37,UK,Gratuito,38,5,0.48,Desktop,40,0,0
3183,Feminino,54,US,Premium,106,61,0.57,Desktop,0,1,0
3184,Feminino,33,CA,Premium,174,85,0.46,Web,0,1,0
3185,Feminino,32,UK,Premium,157,97,0.09,Mobile,0,1,0
3186,Feminino,25,CA,Gratuito,263,36,0.19,Web,11,0,0
3187,Masculino,22,AU,Estudante,165,43,0.18,Desktop,0,1,1
3188,Feminino,53,DE,Estudante,34,37,0.05,Web,0,1,0
3189,Feminino,36,FR,Familia,122,10,0.31,Web,0,1,0
3190,Feminino,22,US,Familia,236,4,0.53,Web,0,1,1
3191,Feminino,42,PK,Familia,31,72,0.36,Mobile,0,1,0
3192,Feminino,45,US,Estudante,104,66,0.12,Desktop,0,1,1
3193,Masculino,34,FR,Gratuito,64,34,0.5,Mobile,16,0,0
3194,Feminino,39,UK,Familia,37,9,0.23,Mobile,0,1,0
3195,Masculino,22,US,Familia,282,93,0.1,Mobile,0,1,0
3196,Feminino,48,CA,Gratuito,291,55,0.1,Desktop,31,0,1
3197,Masculino,29,FR,Familia,154,98,0.58,Mobile,0,1,0
3198,Masculino,16,AU,Familia,71,57,0.54,Desktop,0,1,0
3199,Masculino,42,DE,Estudante,107,38,0.15,Mobile,0,1,0
3200,Masculino,27,CA,Premium,91,74,0.3,Mobile,0,1,1
3201,Feminino,32,IN,Familia,54,99,0.4,Web,0,1,0
3202,Masculino,29,UK,Familia,195,74,0.34,Mobile,0,1,1
3203,Feminino,29,PK,Premium,222,70,0.32,Mobile,0,1,1
3204,Feminino,33,IN,Premium,184,94,0.15,Mobile,0,1,0
3205,Masculino,23,IN,Premium,218,90,0.38,Web,0,1,0
3206,Masculino,59,US,Gratuito,260,58,0.41,Desktop,5,0,1
3207,Feminino,55,US,Premium,183,81,0.44,Web,0,1,1
3208,Feminino,37,FR,Gratuito,46,26,0.44,Mobile,40,0,0
3209,Feminino,48,DE,Premium,148,56,0.6,Web,0,1,1
3210,Feminino,23,AU,Premium,71,15,0.03,Mobile,0,1,0
3211,Masculino,17,FR,Familia,31,50,0.45,Desktop,0,1,0
3212,Feminino,40,US,Familia,36,25,0.26,Web,0,1,0
3213,Feminino,58,DE,Familia,29,5,0.07,Web,0,1,1
3214,Feminino,57,US,Estudante,201,53,0.14,Desktop,0,1,0
3215,Feminino,55,AU,Premium,102,53,0.03,Desktop,0,1,0
3216,Feminino,16,AU,Familia,262,52,0.57,Desktop,0,1,1
3217,Masculino,56,CA,Premium,98,12,0.56,Web,0,1,1
3218,Feminino,27,US,Gratuito,226,20,0.53,Mobile,13,0,1
3219,Feminino,29,IN,Familia,273,6,0.21,Desktop,0,1,0
3220,Feminino,55,FR,Estudante,286,39,0.2,Mobile,0,1,0
3221,Feminino,19,DE,Estudante,24,94,0.25,Web,0,1,0
3222,Feminino,38,UK,Premium,267,34,0.44,Mobile,0,1,0
3223,Feminino,44,PK,Gratuito,270,37,0.07,Mobile,31,0,1
3224,Masculino,19,CA,Familia,168,49,0.43,Mobile,0,1,0
3225,Feminino,22,UK,Premium,258,66,0.04,Web,0,1,0
3226,Masculino,56,IN,Premium,121,61,0.57,Mobile,0,1,0
3227,Feminino,42,DE,Premium,113,54,0.36,Desktop,0,1,1
3228,Feminino,53,IN,Estudante,61,35,0.35,Mobile,0,1,1
3229,Masculino,46,CA,Familia,86,98,0.23,Desktop,0,1,0
3230,Feminino,55,UK,Premium,173,73,0.28,Mobile,0,1,0
3231,Feminino,21,UK,Premium,65,63,0.35,Mobile,0,1,0
3232,Feminino,23,US,Gratuito,230,92,0.22,Web,18,0,1
3233,Feminino,20,IN,Gratuito,289,82,0.31,Desktop,18,0,0
3234,Feminino,40,FR,Estudante,150,96,0.04,Desktop,0,1,0
3235,Feminino,35,CA,Estudante,27,75,0.15,Mobile,0,1,0
3236,Feminino,30,PK,Familia,30,64,0.3,Desktop,0,1,0
3237,Masculino,20,IN,Familia,269,96,0.34,Mobile,0,1,0
3238,Masculino,47,FR,Familia,237,29,0.58,Web,0,1,0
3239,Feminino,59,PK,Premium,123,59,0.23,Desktop,0,1,1
3240,Feminino,41,DE,Premium,149,22,0.16,Web,0,1,0
3241,Feminino,18,UK,Premium,286,49,0.46,Web,0,1,0
3242,Feminino,58,UK,Estudante,45,59,0.49,Desktop,0,1,0
3243,Masculino,27,US,Estudante,65,62,0.1,Mobile,0,1,0
3244,Feminino,45,US,Familia,262,16,0.45,Web,0,1,0
3245,Masculino,38,IN,Gratuito,262,82,0.45,Desktop,46,0,0
3246,Masculino,33,CA,Premium,134,34,0.04,Desktop,0,1,0
3247,Feminino,32,AU,Familia,280,25,0.07,Mobile,0,1,0
3248,Feminino,26,AU,Estudante,36,89,0.4,Desktop,0,1,0
3249,Feminino,51,DE,Gratuito,12,53,0.05,Mobile,14,0,1
3250,Feminino,41,UK,Gratuito,296,42,0.15,Mobile,37,0,0
3251,Masculino,26,AU,Familia,109,41,0.51,Web,0,1,1
3252,Masculino,48,IN,Premium,172,36,0.27,Mobile,0,1,1
3253,Feminino,19,PK,Premium,118,54,0.11,Mobile,0,1,0
3254,Feminino,32,DE,Gratuito,27,70,0.3,Web,34,0,0
3255,Masculino,35,AU,Gratuito,263,16,0.39,Mobile,21,0,0
3256,Feminino,17,DE,Gratuito,227,66,0.34,Web,44,0,1
3257,Feminino,20,IN,Estudante,159,92,0.34,Web,0,1,0
3258,Feminino,25,UK,Gratuito,276,9,0.59,Web,37,0,0
3259,Feminino,47,FR,Premium,147,38,0.21,Web,0,1,0
3260,Masculino,47,DE,Premium,111,63,0.22,Desktop,0,1,1
3261,Feminino,27,AU,Estudante,275,46,0.17,Mobile,0,1,0
3262,Masculino,50,DE,Estudante,19,72,0.51,Mobile,0,1,1
3263,Feminino,47,IN,Premium,82,31,0.52,Web,0,1,0
3264,Masculino,31,FR,Estudante,294,86,0.25,Desktop,0,1,0
3265,Masculino,45,IN,Familia,183,27,0.06,Desktop,0,1,0
3266,Feminino,20,UK,Premium,200,67,0.16,Mobile,0,1,0
3267,Feminino,47,UK,Familia,234,10,0.47,Web,0,1,0
3268,Feminino,33,US,Familia,94,49,0.58,Mobile,0,1,0
3269,Feminino,43,DE,Familia,130,49,0.1,Mobile,0,1,0
3270,Feminino,30,IN,Gratuito,41,11,0.59,Mobile,5,0,1
3271,Feminino,59,PK,Estudante,131,39,0.54,Web,0,1,0
3272,Feminino,50,PK,Estudante,231,90,0.06,Mobile,0,1,0
3273,Masculino,28,US,Gratuito,170,25,0.16,Web,32,0,0
3274,Feminino,47,UK,Familia,22,30,0.17,Mobile,0,1,0
3275,Feminino,41,FR,Familia,260,73,0.38,Desktop,0,1,0
3276,Feminino,56,PK,Estudante,74,65,0.51,Mobile,0,1,1
3277,Masculino,23,UK,Familia,112,82,0.0,Web,0,1,1
3278,Feminino,58,PK,Estudante,91,17,0.1,Desktop,0,1,0
3279,Feminino,49,DE,Gratuito,74,12,0.49,Web,6,0,0
3280,Masculino,43,PK,Premium,33,9,0.45,Web,0,1,0
3281,Feminino,16,US,Familia,228,21,0.2,Web,0,1,0
3282,Feminino,59,CA,Familia,162,7,0.47,Desktop,0,1,1
3283,Feminino,22,CA,Estudante,192,30,0.29,Mobile,0,1,0
3284,Masculino,40,US,Gratuito,14,55,0.11,Desktop,24,0,0
3285,Feminino,24,IN,Estudante,198,81,0.44,Web,0,1,1
3286,Feminino,35,FR,Premium,259,47,0.05,Web,0,1,0
3287,Feminino,24,PK,Familia,204,68,0.48,Mobile,0,1,1
3288,Feminino,41,IN,Familia,291,70,0.44,Mobile,0,1,1
3289,Feminino,39,IN,Estudante,132,57,0.5,Web,0,1,1
3290,Masculino,21,FR,Familia,58,59,0.42,Desktop,0,1,1
3291,Feminino,37,CA,Familia,271,8,0.59,Web,0,1,1
3292,Masculino,51,PK,Estudante,11,58,0.38,Desktop,0,1,0
3293,Feminino,16,FR,Gratuito,212,67,0.38,Desktop,18,0,0
3294,Feminino,50,CA,Premium,272,1,0.16,Desktop,0,1,1
3295,Masculino,42,UK,Gratuito,86,4,0.2,Desktop,29,0,0
3296,Feminino,21,IN,Estudante,103,87,0.38,Mobile,0,1,0
3297,Feminino,41,IN,Estudante,33,60,0.24,Web,0,1,0
3298,Feminino,21,US,Estudante,190,8,0.36,Desktop,0,1,0
3299,Feminino,58,FR,Familia,266,52,0.57,Web,0,1,0
3300,Feminino,39,FR,Gratuito,232,45,0.22,Web,12,0,1
3301,Feminino,42,AU,Estudante,24,70,0.17,Mobile,0,1,0
3302,Masculino,21,CA,Estudante,242,18,0.12,Desktop,0,1,0
3303,Masculino,44,PK,Gratuito,274,29,0.14,Desktop,17,0,0
3304,Feminino,54,IN,Gratuito,20,50,0.31,Mobile,15,0,1
3305,Feminino,19,IN,Estudante,128,56,0.26,Web,0,1,0
3306,Feminino,44,AU,Gratuito,77,39,0.53,Web,18,0,1
3307,Masculino,42,CA,Estudante,245,81,0.46,Mobile,0,1,1
3308,Feminino,52,PK,Premium,269,53,0.07,Desktop,0,1,0
3309,Masculino,49,PK,Estudante,256,96,0.16,Desktop,0,1,0
3310,Feminino,41,DE,Estudante,229,79,0.53,Desktop,0,1,1
3311,Feminino,58,IN,Gratuito,113,62,0.48,Web,31,0,0
3312,Feminino,33,DE,Premium,253,98,0.22,Mobile,0,1,0
3313,Feminino,57,UK,Estudante,72,42,0.39,Web,0,1,0
3314,Masculino,40,US,Familia,84,86,0.31,Web,0,1,1
3315,Masculino,37,IN,Familia,212,92,0.56,Desktop,0,1,0
3316,Feminino,21,AU,Premium,151,66,0.51,Desktop,0,1,0
3317,Feminino,49,FR,Familia,155,13,0.32,Desktop,0,1,1
3318,Masculino,33,US,Estudante,278,70,0.24,Web,0,1,0
3319,Masculino,33,UK,Gratuito,45,64,0.12,Desktop,39,0,0
3320,Feminino,28,AU,Familia,72,57,0.54,Mobile,0,1,0
3321,Masculino,53,PK,Familia,136,85,0.4,Mobile,0,1,0
3322,Masculino,40,DE,Premium,197,18,0.08,Mobile,0,1,0
3323,Feminino,33,IN,Estudante,298,7,0.28,Web,0,1,1
3324,Feminino,45,UK,Familia,214,72,0.18,Desktop,0,1,0
3325,Feminino,24,CA,Gratuito,150,53,0.21,Web,44,0,0
3326,Feminino,26,UK,Premium,194,64,0.09,Mobile,0,1,0
3327,Masculino,49,UK,Familia,234,58,0.4,Web,0,1,0
3328,Feminino,47,IN,Estudante,25,60,0.23,Desktop,0,1,0
3329,Feminino,22,PK,Gratuito,217,74,0.55,Mobile,13,0,0
3330,Feminino,57,FR,Gratuito,75,62,0.49,Mobile,44,0,0
3331,Masculino,42,US,Gratuito,204,32,0.05,Web,36,0,1
3332,Feminino,55,IN,Estudante,33,99,0.48,Desktop,0,1,1
3333,Masculino,53,FR,Estudante,299,71,0.03,Desktop,0,1,0
3334,Masculino,21,UK,Gratuito,183,51,0.55,Desktop,21,0,0
3335,Feminino,51,CA,Premium,225,38,0.22,Desktop,0,1,0
3336,Feminino,40,IN,Estudante,297,85,0.38,Mobile,0,1,1
3337,Feminino,30,FR,Premium,101,35,0.41,Desktop,0,1,0
3338,Feminino,17,US,Premium,93,49,0.54,Web,0,1,1
3339,Masculino,56,UK,Gratuito,287,21,0.29,Web,34,0,1
3340,Masculino,37,AU,Familia,33,58,0.1,Desktop,0,1,0
3341,Feminino,18,US,Premium,156,82,0.03,Mobile,0,1,1
3342,Feminino,29,DE,Familia,245,72,0.22,Web,0,1,0
3343,Feminino,33,CA,Gratuito,298,86,0.26,Mobile,24,0,0
3344,Masculino,32,US,Estudante,186,35,0.5,Desktop,0,1,0
3345,Masculino,21,CA,Premium,291,45,0.24,Web,0,1,1
3346,Feminino,52,AU,Gratuito,226,6,0.3,Web,18,0,1
3347,Feminino,43,PK,Estudante,193,70,0.08,Desktop,0,1,0
3348,Feminino,45,IN,Premium,147,48,0.57,Desktop,0,1,0
3349,Feminino,59,DE,Gratuito,206,23,0.29,Web,9,0,0
3350,Masculino,45,IN,Gratuito,43,80,0.49,Mobile,13,0,1
3351,Feminino,35,CA,Gratuito,211,50,0.29,Desktop,12,0,0
3352,Feminino,16,FR,Premium,88,60,0.41,Mobile,0,1,0
3353,Feminino,46,DE,Familia,22,92,0.53,Mobile,0,1,0
3354,Masculino,56,US,Estudante,209,70,0.48,Mobile,0,1,0
3355,Masculino,34,PK,Familia,93,86,0.22,Web,0,1,0
3356,Feminino,54,CA,Familia,184,9,0.37,Web,0,1,1
3357,Feminino,52,CA,Gratuito,169,35,0.33,Web,34,0,0
3358,Masculino,49,CA,Gratuito,142,22,0.42,Web,12,0,1
3359,Feminino,54,UK,Premium,69,78,0.13,Desktop,0,1,0
3360,Feminino,22,DE,Estudante,158,52,0.13,Mobile,0,1,0
3361,Feminino,41,IN,Estudante,214,11,0.18,Web,0,1,0
3362,Masculino,17,US,Gratuito,66,19,0.06,Desktop,49,0,0
3363,Masculino,23,CA,Estudante,152,57,0.28,Desktop,0,1,1
3364,Feminino,23,UK,Premium,179,38,0.43,Desktop,0,1,0
3365,Feminino,24,IN,Estudante,213,23,0.3,Desktop,0,1,0
3366,Feminino,55,US,Premium,198,87,0.16,Web,0,1,0
3367,Masculino,32,AU,Familia,25,28,0.44,Web,0,1,0
3368,Feminino,38,AU,Familia,85,37,0.15,Mobile,0,1,1
3369,Masculino,35,UK,Gratuito,170,78,0.28,Desktop,39,0,0
3370,Feminino,35,IN,Premium,80,60,0.56,Desktop,0,1,0
3371,Feminino,40,US,Gratuito,204,12,0.54,Desktop,31,0,1
3372,Feminino,36,IN,Gratuito,221,32,0.02,Mobile,36,0,0
3373,Masculino,49,AU,Gratuito,73,93,0.45,Desktop,20,0,1
3374,Feminino,40,IN,Premium,260,33,0.32,Desktop,0,1,0
3375,Feminino,38,PK,Estudante,248,65,0.57,Mobile,0,1,0
3376,Masculino,55,US,Estudante,235,60,0.13,Web,0,1,1
3377,Feminino,33,PK,Gratuito,83,71,0.21,Desktop,46,0,1
3378,Masculino,29,US,Premium,298,85,0.22,Desktop,0,1,1
3379,Feminino,33,UK,Gratuito,39,69,0.39,Mobile,22,0,0
3380,Feminino,16,AU,Gratuito,232,26,0.09,Web,26,0,1
3381,Feminino,48,CA,Premium,125,37,0.3,Desktop,0,1,0
3382,Masculino,33,CA,Premium,17,89,0.07,Desktop,0,1,0
3383,Feminino,50,DE,Familia,88,20,0.23,Mobile,0,1,0
3384,Masculino,24,FR,Estudante,110,6,0.3,Web,0,1,1
3385,Feminino,21,AU,Estudante,262,18,0.03,Desktop,0,1,0
3386,Feminino,55,PK,Familia,256,99,0.5,Web,0,1,0
3387,Feminino,47,US,Premium,73,2,0.03,Mobile,0,1,0
3388,Masculino,59,PK,Estudante,120,83,0.17,Web,0,1,0
3389,Feminino,49,PK,Estudante,36,58,0.49,Mobile,0,1,0
3390,Feminino,50,FR,Estudante,285,81,0.17,Desktop,0,1,0
3391,Masculino,27,FR,Estudante,153,47,0.32,Web,0,1,0
3392,Masculino,31,PK,Familia,148,7,0.18,Desktop,0,1,0
3393,Feminino,18,UK,Gratuito,201,68,0.52,Desktop,12,0,0
3394,Feminino,55,IN,Premium,13,54,0.26,Mobile,0,1,0
3395,Masculino,23,FR,Premium,132,45,0.12,Web,0,1,0
3396,Masculino,33,CA,Familia,165,51,0.52,Web,0,1,1
3397,Feminino,35,CA,Estudante,272,61,0.04,Desktop,0,1,0
3398,Feminino,57,IN,Familia,161,19,0.32,Desktop,0,1,0
3399,Masculino,57,US,Familia,189,59,0.59,Web,0,1,0
3400,Masculino,48,FR,Gratuito,100,52,0.31,Web,13,0,0
3401,Feminino,37,UK,Familia,57,93,0.08,Web,0,1,1
3402,Masculino,38,FR,Familia,90,12,0.41,Desktop,0,1,0
3403,Masculino,17,UK,Familia,53,54,0.24,Desktop,0,1,1
3404,Masculino,59,AU,Premium,230,63,0.25,Desktop,0,1,0
3405,Feminino,24,US,Premium,24,22,0.15,Mobile,0,1,0
3406,Feminino,51,UK,Gratuito,211,2,0.1,Web,6,0,0
3407,Feminino,50,DE,Familia,79,89,0.2,Desktop,0,1,0
3408,Feminino,55,CA,Estudante,252,63,0.02,Desktop,0,1,0
3409,Feminino,16,FR,Familia,153,85,0.15,Desktop,0,1,0
3410,Feminino,22,CA,Estudante,111,50,0.4,Web,0,1,0
3411,Feminino,21,PK,Estudante,260,54,0.36,Mobile,0,1,1
3412,Feminino,43,US,Estudante,250,60,0.37,Desktop,0,1,0
3413,Feminino,19,AU,Premium,163,58,0.58,Mobile,0,1,0
3414,Feminino,43,PK,Premium,197,13,0.54,Mobile,0,1,0
3415,Masculino,27,AU,Gratuito,140,15,0.57,Desktop,40,0,0
3416,Feminino,38,IN,Premium,37,64,0.35,Web,0,1,1
3417,Feminino,41,AU,Familia,212,52,0.25,Web,0,1,1
3418,Feminino,40,AU,Premium,11,70,0.46,Web,0,1,0
3419,Feminino,38,DE,Estudante,13,49,0.04,Desktop,0,1,0
3420,Feminino,30,FR,Estudante,70,42,0.01,Desktop,0,1,0
3421,Feminino,54,UK,Gratuito,197,39,0.34,Mobile,29,0,0
3422,Masculino,42,IN,Estudante,183,1,0.04,Mobile,0,1,1
3423,Masculino,42,AU,Premium,226,42,0.11,Mobile,0,1,0
3424,Feminino,52,US,Gratuito,145,55,0.22,Desktop,16,0,0
3425,Masculino,24,CA,Estudante,195,63,0.37,Web,0,1,0
3426,Feminino,50,CA,Estudante,294,71,0.48,Desktop,0,1,0
3427,Feminino,29,US,Gratuito,189,54,0.26,Desktop,34,0,0
3428,Feminino,28,UK,Familia,77,4,0.06,Mobile,0,1,1
3429,Masculino,26,AU,Estudante,147,18,0.13,Desktop,0,1,0
3430,Feminino,19,PK,Gratuito,129,27,0.51,Web,33,0,0
3431,Masculino,53,DE,Estudante,273,27,0.5,Desktop,0,1,0
3432,Masculino,56,IN,Gratuito,43,21,0.13,Desktop,45,0,0
3433,Masculino,19,DE,Gratuito,19,88,0.0,Web,41,0,0
3434,Feminino,58,UK,Familia,183,33,0.5,Mobile,0,1,1
3435,Feminino,21,PK,Familia,13,61,0.26,Desktop,0,1,0
3436,Masculino,22,PK,Familia,14,75,0.59,Web,0,1,0
3437,Feminino,30,IN,Gratuito,272,80,0.04,Desktop,18,0,0
3438,Feminino,42,DE,Gratuito,259,5,0.32,Mobile,17,0,1
3439,Masculino,54,IN,Gratuito,19,80,0.38,Desktop,44,0,0
3440,Masculino,36,US,Estudante,210,13,0.03,Web,0,1,0
3441,Feminino,40,US,Estudante,275,21,0.26,Desktop,0,1,0
3442,Feminino,42,UK,Familia,197,42,0.54,Mobile,0,1,0
3443,Feminino,47,PK,Familia,96,74,0.16,Mobile,0,1,0
3444,Feminino,31,UK,Premium,239,34,0.35,Mobile,0,1,0
3445,Feminino,16,IN,Premium,133,10,0.4,Web,0,1,0
3446,Masculino,18,AU,Estudante,294,85,0.31,Web,0,1,1
3447,Masculino,57,US,Premium,209,98,0.38,Desktop,0,1,0
3448,Feminino,40,DE,Premium,12,5,0.07,Desktop,0,1,0
3449,Feminino,58,DE,Gratuito,155,39,0.14,Desktop,24,0,0
3450,Feminino,22,UK,Gratuito,98,83,0.5,Mobile,13,0,0
3451,Feminino,22,AU,Familia,185,92,0.21,Desktop,0,1,1
3452,Feminino,48,CA,Estudante,57,92,0.12,Desktop,0,1,0
3453,Feminino,42,AU,Premium,85,12,0.27,Desktop,0,1,0
3454,Feminino,39,DE,Gratuito,113,79,0.27,Web,20,0,0
3455,Feminino,40,AU,Premium,200,68,0.46,Desktop,0,1,1
3456,Masculino,19,AU,Estudante,152,2,0.04,Desktop,0,1,1
3457,Masculino,55,DE,Premium,50,77,0.24,Mobile,0,1,0
3458,Masculino,35,UK,Familia,73,56,0.2,Mobile,0,1,0
3459,Feminino,59,US,Premium,99,16,0.19,Mobile,0,1,0
3460,Masculino,28,PK,Premium,30,14,0.18,Mobile,0,1,0
3461,Feminino,45,PK,Familia,125,90,0.09,Desktop,0,1,1
3462,Masculino,26,FR,Premium,269,86,0.32,Mobile,0,1,1
3463,Masculino,55,IN,Gratuito,141,69,0.19,Web,17,0,0
3464,Masculino,49,PK,Familia,54,56,0.39,Desktop,0,1,0
3465,Feminino,21,PK,Estudante,146,16,0.08,Mobile,0,1,1
3466,Feminino,25,CA,Familia,282,44,0.4,Mobile,0,1,0
3467,Masculino,49,PK,Estudante,85,62,0.01,Web,0,1,0
3468,Masculino,41,US,Gratuito,75,7,0.38,Desktop,35,0,1
3469,Feminino,52,CA,Gratuito,191,6,0.42,Web,45,0,1
3470,Feminino,34,IN,Estudante,187,65,0.25,Web,0,1,1
3471,Feminino,16,PK,Gratuito,195,96,0.14,Desktop,37,0,0
3472,Feminino,46,AU,Gratuito,37,69,0.46,Mobile,32,0,0
3473,Masculino,17,IN,Premium,65,28,0.25,Web,0,1,1
3474,Feminino,43,IN,Gratuito,100,72,0.17,Desktop,14,0,0
3475,Masculino,44,IN,Familia,134,76,0.43,Web,0,1,1
3476,Feminino,26,CA,Familia,60,85,0.26,Web,0,1,0
3477,Feminino,27,DE,Familia,261,83,0.51,Web,0,1,1
3478,Feminino,20,FR,Premium,298,65,0.4,Desktop,0,1,0
3479,Feminino,48,FR,Familia,58,18,0.02,Web,0,1,0
3480,Feminino,48,AU,Gratuito,104,33,0.56,Web,22,0,0
3481,Feminino,24,DE,Familia,185,49,0.11,Web,0,1,1
3482,Masculino,34,US,Familia,235,94,0.46,Mobile,0,1,0
3483,Feminino,42,CA,Gratuito,232,1,0.57,Desktop,49,0,0
3484,Feminino,31,AU,Premium,153,19,0.39,Web,0,1,1
3485,Feminino,48,IN,Familia,176,19,0.23,Desktop,0,1,1
3486,Feminino,35,US,Premium,210,7,0.33,Web,0,1,0
3487,Feminino,53,IN,Familia,103,40,0.32,Mobile,0,1,0
3488,Masculino,19,DE,Premium,41,10,0.37,Web,0,1,0
3489,Feminino,59,DE,Gratuito,16,20,0.53,Desktop,13,0,1
3490,Feminino,33,US,Familia,256,7,0.11,Web,0,1,0
3491,Feminino,50,PK,Premium,236,55,0.1,Desktop,0,1,0
3492,Feminino,36,FR,Gratuito,198,20,0.46,Web,7,0,1
3493,Masculino,49,UK,Gratuito,233,62,0.26,Web,32,0,0
3494,Feminino,48,IN,Premium,130,66,0.55,Desktop,0,1,1
3495,Feminino,31,US,Estudante,235,25,0.01,Web,0,1,0
3496,Feminino,51,PK,Familia,88,92,0.6,Mobile,0,1,0
3497,Feminino,17,UK,Premium,41,6,0.56,Web,0,1,0
3498,Feminino,20,UK,Estudante,103,19,0.33,Mobile,0,1,1
3499,Masculino,16,DE,Familia,218,68,0.25,Mobile,0,1,1
3500,Feminino,45,AU,Premium,238,66,0.06,Web,0,1,0
3501,Masculino,19,AU,Estudante,154,99,0.27,Desktop,0,1,0
3502,Feminino,39,AU,Estudante,149,41,0.43,Desktop,0,1,0
3503,Masculino,31,UK,Familia,248,71,0.07,Web,0,1,0
3504,Feminino,48,IN,Familia,272,85,0.58,Desktop,0,1,0
3505,Masculino,36,US,Gratuito,231,96,0.58,Mobile,25,0,1
3506,Masculino,56,IN,Estudante,108,69,0.54,Web,0,1,0
3507,Masculino,52,FR,Estudante,267,7,0.34,Desktop,0,1,0
3508,Masculino,59,PK,Premium,238,40,0.09,Desktop,0,1,0
3509,Feminino,58,US,Familia,195,55,0.07,Mobile,0,1,0
3510,Masculino,57,FR,Premium,212,46,0.18,Web,0,1,1
3511,Feminino,29,AU,Gratuito,169,32,0.26,Web,27,0,0
3512,Masculino,50,UK,Gratuito,204,92,0.15,Web,26,0,1
3513,Masculino,34,DE,Premium,144,56,0.12,Desktop,0,1,1
3514,Feminino,18,US,Premium,205,83,0.23,Desktop,0,1,0
3515,Masculino,31,UK,Familia,275,78,0.19,Mobile,0,1,0
3516,Feminino,23,UK,Estudante,245,2,0.06,Web,0,1,0
3517,Feminino,54,DE,Estudante,282,69,0.07,Desktop,0,1,0
3518,Feminino,43,PK,Estudante,144,44,0.34,Web,0,1,0
3519,Masculino,52,CA,Estudante,146,63,0.16,Web,0,1,0
3520,Masculino,55,UK,Gratuito,266,74,0.01,Mobile,7,0,0
3521,Feminino,46,UK,Premium,90,3,0.07,Web,0,1,1
3522,Feminino,45,US,Premium,136,20,0.33,Desktop,0,1,1
3523,Masculino,19,DE,Familia,113,92,0.26,Mobile,0,1,1
3524,Feminino,49,UK,Estudante,61,34,0.43,Mobile,0,1,0
3525,Feminino,58,IN,Familia,231,87,0.45,Mobile,0,1,0
3526,Masculino,52,FR,Familia,192,84,0.06,Desktop,0,1,1
3527,Masculino,24,CA,Gratuito,291,43,0.05,Desktop,25,0,1
3528,Masculino,47,US,Premium,204,52,0.04,Desktop,0,1,1
3529,Masculino,42,DE,Gratuito,37,98,0.26,Desktop,30,0,0
3530,Feminino,16,PK,Gratuito,145,48,0.52,Desktop,44,0,0
3531,Masculino,55,IN,Premium,87,23,0.58,Desktop,0,1,0
3532,Masculino,50,IN,Familia,41,4,0.46,Web,0,1,0
3533,Feminino,29,CA,Familia,51,55,0.48,Web,0,1,0
3534,Masculino,29,UK,Estudante,114,83,0.13,Web,0,1,1
3535,Feminino,35,PK,Estudante,41,76,0.51,Mobile,0,1,1
3536,Feminino,48,PK,Premium,260,33,0.53,Desktop,0,1,0
3537,Feminino,38,FR,Premium,123,4,0.53,Web,0,1,0
3538,Feminino,41,DE,Premium,80,29,0.16,Desktop,0,1,1
3539,Feminino,50,UK,Familia,85,64,0.14,Desktop,0,1,0
3540,Feminino,45,CA,Familia,266,84,0.17,Web,0,1,0
3541,Feminino,42,US,Familia,230,62,0.3,Web,0,1,0
3542,Feminino,29,PK,Gratuito,298,35,0.24,Mobile,10,0,0
3543,Masculino,37,DE,Gratuito,278,70,0.18,Mobile,21,0,0
3544,Feminino,19,IN,Premium,214,83,0.15,Desktop,0,1,0
3545,Feminino,57,FR,Estudante,157,7,0.39,Desktop,0,1,0
3546,Masculino,43,UK,Gratuito,78,3,0.32,Desktop,33,0,0
3547,Feminino,40,US,Familia,257,50,0.38,Desktop,0,1,0
3548,Feminino,30,US,Estudante,58,87,0.46,Web,0,1,0
3549,Feminino,33,PK,Premium,75,8,0.24,Web,0,1,0
3550,Masculino,56,DE,Familia,256,40,0.53,Web,0,1,1
3551,Feminino,21,AU,Estudante,235,80,0.04,Web,0,1,0
3552,Feminino,26,CA,Gratuito,122,2,0.36,Web,31,0,0
3553,Feminino,36,FR,Premium,285,97,0.09,Web,0,1,0
3554,Feminino,27,IN,Familia,178,82,0.01,Desktop,0,1,0
3555,Feminino,20,CA,Estudante,270,82,0.03,Mobile,0,1,0
3556,Masculino,38,FR,Gratuito,74,47,0.19,Web,23,0,0
3557,Masculino,29,US,Estudante,223,57,0.15,Mobile,0,1,0
3558,Feminino,46,PK,Estudante,132,75,0.12,Web,0,1,0
3559,Feminino,52,US,Familia,230,45,0.03,Desktop,0,1,0
3560,Feminino,23,PK,Premium,23,97,0.16,Web,0,1,0
3561,Masculino,18,CA,Gratuito,116,85,0.19,Web,29,0,1
3562,Masculino,44,FR,Premium,43,32,0.12,Desktop,0,1,0
3563,Feminino,49,AU,Gratuito,231,82,0.11,Desktop,36,0,0
3564,Feminino,27,CA,Premium,275,3,0.49,Web,0,1,0
3565,Feminino,45,US,Estudante,153,2,0.15,Desktop,0,1,0
3566,Feminino,22,DE,Gratuito,278,40,0.25,Mobile,33,0,0
3567,Feminino,57,FR,Familia,254,72,0.07,Desktop,0,1,0
3568,Feminino,34,DE,Familia,42,16,0.5,Desktop,0,1,1
3569,Feminino,36,UK,Familia,152,39,0.06,Desktop,0,1,0
3570,Masculino,45,PK,Premium,159,34,0.01,Web,0,1,0
3571,Feminino,45,AU,Premium,158,97,0.5,Mobile,0,1,0
3572,Masculino,50,DE,Familia,59,37,0.43,Desktop,0,1,0
3573,Feminino,22,PK,Premium,272,54,0.14,Web,0,1,0
3574,Feminino,59,US,Estudante,203,66,0.48,Mobile,0,1,0
3575,Feminino,25,UK,Familia,193,36,0.33,Web,0,1,1
3576,Masculino,44,AU,Gratuito,34,74,0.19,Mobile,27,0,0
3577,Masculino,32,IN,Estudante,233,45,0.05,Desktop,0,1,0
3578,Feminino,57,AU,Gratuito,69,21,0.41,Mobile,27,0,0
3579,Masculino,30,DE,Premium,32,38,0.16,Web,0,1,0
3580,Feminino,20,CA,Familia,99,23,0.26,Web,0,1,0
3581,Feminino,23,AU,Premium,141,89,0.57,Desktop,0,1,0
3582,Feminino,26,CA,Gratuito,115,12,0.11,Mobile,30,0,0
3583,Feminino,21,IN,Familia,160,57,0.22,Mobile,0,1,0
3584,Masculino,33,PK,Gratuito,104,18,0.4,Desktop,17,0,0
3585,Feminino,56,CA,Familia,269,54,0.21,Desktop,0,1,0
3586,Feminino,58,IN,Premium,245,43,0.2,Web,0,1,0
3587,Feminino,36,IN,Familia,230,15,0.58,Desktop,0,1,0
3588,Masculino,16,DE,Familia,30,37,0.27,Mobile,0,1,0
3589,Feminino,44,PK,Gratuito,279,6,0.58,Web,43,0,0
3590,Feminino,23,US,Estudante,280,46,0.0,Desktop,0,1,0
3591,Feminino,44,PK,Gratuito,68,32,0.18,Web,35,0,1
3592,Feminino,44,IN,Premium,37,93,0.19,Desktop,0,1,0
3593,Feminino,51,US,Estudante,226,11,0.27,Desktop,0,1,0
3594,Feminino,48,DE,Familia,205,49,0.55,Web,0,1,0
3595,Feminino,39,DE,Estudante,109,95,0.58,Mobile,0,1,0
3596,Feminino,59,UK,Gratuito,44,36,0.29,Web,36,0,0
3597,Masculino,55,US,Familia,258,66,0.21,Mobile,0,1,0
3598,Feminino,49,US,Gratuito,211,91,0.34,Mobile,26,0,0
3599,Feminino,31,AU,Estudante,215,93,0.32,Web,0,1,0
3600,Feminino,43,PK,Gratuito,218,53,0.02,Web,40,0,0
3601,Masculino,52,PK,Familia,255,20,0.04,Desktop,0,1,0
3602,Feminino,35,CA,Gratuito,218,97,0.53,Web,13,0,0
3603,Feminino,26,DE,Familia,222,5,0.03,Web,0,1,1
3604,Masculino,21,FR,Familia,271,52,0.39,Web,0,1,0
3605,Masculino,44,IN,Familia,85,92,0.06,Desktop,0,1,1
3606,Masculino,35,CA,Premium,185,91,0.24,Mobile,0,1,0
3607,Masculino,45,CA,Estudante,66,64,0.58,Mobile,0,1,1
3608,Masculino,41,AU,Gratuito,276,35,0.59,Web,43,0,1
3609,Masculino,41,US,Estudante,256,38,0.37,Desktop,0,1,0
3610,Feminino,25,DE,Premium,177,91,0.53,Web,0,1,0
3611,Feminino,58,FR,Gratuito,103,86,0.19,Web,20,0,0
3612,Feminino,41,IN,Gratuito,196,98,0.24,Mobile,13,0,0
3613,Feminino,30,DE,Estudante,178,7,0.49,Mobile,0,1,1
3614,Feminino,20,DE,Premium,165,32,0.19,Desktop,0,1,1
3615,Feminino,17,IN,Premium,132,74,0.58,Mobile,0,1,1
3616,Masculino,16,IN,Premium,203,15,0.24,Web,0,1,0
3617,Masculino,23,CA,Gratuito,201,16,0.1,Mobile,45,0,0
3618,Feminino,26,IN,Premium,78,72,0.5,Web,0,1,0
3619,Masculino,49,DE,Familia,159,15,0.07,Web,0,1,0
3620,Feminino,18,DE,Premium,45,16,0.1,Web,0,1,1
3621,Feminino,29,CA,Premium,89,1,0.21,Desktop,0,1,0
3622,Feminino,34,UK,Familia,54,36,0.09,Desktop,0,1,0
3623,Masculino,46,UK,Premium,78,58,0.42,Web,0,1,0
3624,Masculino,57,IN,Estudante,176,6,0.12,Web,0,1,0
3625,Feminino,25,AU,Premium,74,5,0.25,Desktop,0,1,0
3626,Feminino,34,CA,Gratuito,265,96,0.3,Web,20,0,0
3627,Masculino,45,FR,Premium,78,31,0.18,Desktop,0,1,1
3628,Feminino,35,US,Gratuito,166,7,0.24,Web,11,0,0
3629,Masculino,50,UK,Familia,254,19,0.27,Web,0,1,0
3630,Feminino,48,PK,Familia,172,31,0.18,Mobile,0,1,0
3631,Feminino,17,DE,Premium,15,78,0.13,Mobile,0,1,0
3632,Feminino,56,DE,Premium,269,9,0.51,Web,0,1,1
3633,Masculino,30,US,Gratuito,154,33,0.27,Desktop,19,0,1
3634,Masculino,58,CA,Familia,37,53,0.05,Web,0,1,0
3635,Feminino,54,PK,Estudante,22,98,0.58,Web,0,1,0
3636,Masculino,27,CA,Familia,54,18,0.01,Web,0,1,0
3637,Masculino,33,CA,Estudante,107,75,0.45,Web,0,1,0
3638,Feminino,39,UK,Gratuito,215,11,0.52,Mobile,23,0,1
3639,Feminino,50,IN,Premium,124,85,0.41,Desktop,0,1,0
3640,Feminino,29,CA,Gratuito,280,84,0.51,Mobile,46,0,0
3641,Feminino,37,AU,Estudante,182,48,0.34,Desktop,0,1,0
3642,Feminino,21,US,Gratuito,289,63,0.2,Web,35,0,0
3643,Masculino,24,US,Gratuito,42,60,0.29,Mobile,22,0,0
3644,Masculino,29,UK,Familia,243,6,0.03,Web,0,1,0
3645,Masculino,16,US,Gratuito,173,65,0.5,Web,34,0,0
3646,Masculino,56,UK,Premium,248,11,0.39,Web,0,1,0
3647,Masculino,36,FR,Premium,237,48,0.18,Web,0,1,0
3648,Feminino,40,FR,Premium,95,83,0.56,Mobile,0,1,0
3649,Masculino,38,US,Gratuito,209,81,0.39,Web,39,0,0
3650,Feminino,41,DE,Estudante,171,67,0.43,Mobile,0,1,0
3651,Masculino,49,PK,Gratuito,96,2,0.29,Mobile,15,0,0
3652,Masculino,26,DE,Familia,227,1,0.19,Web,0,1,0
3653,Masculino,24,PK,Gratuito,226,29,0.31,Mobile,35,0,0
3654,Feminino,29,DE,Estudante,102,67,0.43,Web,0,1,0
3655,Feminino,20,UK,Familia,23,84,0.2,Mobile,0,1,0
3656,Feminino,37,AU,Familia,187,7,0.29,Desktop,0,1,0
3657,Masculino,36,CA,Gratuito,27,30,0.12,Mobile,20,0,0
3658,Masculino,49,AU,Gratuito,199,19,0.26,Desktop,41,0,1
3659,Feminino,39,CA,Estudante,23,97,0.11,Web,0,1,0
3660,Feminino,42,CA,Premium,279,98,0.12,Mobile,0,1,0
3661,Feminino,47,US,Gratuito,262,98,0.05,Desktop,33,0,0
3662,Feminino,45,PK,Premium,241,12,0.0,Desktop,0,1,0
3663,Feminino,42,FR,Estudante,170,39,0.36,Web,0,1,0
3664,Feminino,28,IN,Familia,78,64,0.51,Desktop,0,1,0
3665,Feminino,24,DE,Estudante,219,37,0.39,Desktop,0,1,0
3666,Masculino,45,US,Familia,116,97,0.21,Mobile,0,1,1
3667,Feminino,58,FR,Premium,136,12,0.36,Desktop,0,1,0
3668,Feminino,39,CA,Premium,275,67,0.12,Web,0,1,0
3669,Feminino,41,CA,Gratuito,234,7,0.22,Web,22,0,1
3670,Feminino,35,AU,Familia,231,81,0.01,Mobile,0,1,1
3671,Masculino,27,PK,Gratuito,191,54,0.51,Mobile,36,0,0
3672,Feminino,21,UK,Familia,213,91,0.36,Mobile,0,1,1
3673,Feminino,19,US,Premium,93,57,0.05,Desktop,0,1,0
3674,Feminino,21,DE,Estudante,45,67,0.45,Desktop,0,1,1
3675,Feminino,51,US,Estudante,79,98,0.02,Desktop,0,1,0
3676,Feminino,39,UK,Familia,156,79,0.07,Desktop,0,1,0
3677,Feminino,25,US,Premium,125,28,0.11,Desktop,0,1,0
3678,Feminino,39,PK,Gratuito,110,19,0.38,Mobile,11,0,0
3679,Masculino,43,IN,Familia,252,59,0.06,Mobile,0,1,0
3680,Feminino,19,PK,Gratuito,16,29,0.1,Mobile,26,0,0
3681,Masculino,30,DE,Familia,116,71,0.15,Desktop,0,1,0
3682,Masculino,55,DE,Estudante,93,85,0.4,Web,0,1,1
3683,Feminino,46,PK,Estudante,64,83,0.16,Web,0,1,1
3684,Feminino,23,US,Premium,97,24,0.25,Mobile,0,1,0
3685,Masculino,33,DE,Gratuito,274,68,0.24,Web,24,0,0
3686,Masculino,18,PK,Estudante,237,63,0.1,Desktop,0,1,0
3687,Masculino,47,UK,Premium,184,55,0.01,Mobile,0,1,1
3688,Feminino,51,PK,Premium,199,13,0.02,Mobile,0,1,0
3689,Feminino,16,FR,Premium,72,4,0.16,Mobile,0,1,0
3690,Feminino,53,CA,Estudante,16,79,0.44,Desktop,0,1,1
3691,Masculino,19,DE,Estudante,42,30,0.21,Web,0,1,0
3692,Masculino,47,PK,Familia,119,33,0.32,Web,0,1,0
3693,Feminino,53,US,Premium,153,84,0.18,Desktop,0,1,0
3694,Feminino,58,IN,Gratuito,36,53,0.44,Desktop,28,0,0
3695,Feminino,26,AU,Familia,199,20,0.55,Desktop,0,1,1
3696,Feminino,29,UK,Estudante,50,5,0.26,Mobile,0,1,0
3697,Masculino,57,DE,Premium,171,46,0.57,Web,0,1,0
3698,Feminino,58,AU,Estudante,26,99,0.3,Desktop,0,1,0
3699,Feminino,54,AU,Premium,229,81,0.59,Web,0,1,0
3700,Feminino,23,AU,Familia,103,35,0.39,Web,0,1,0
3701,Masculino,36,FR,Gratuito,210,25,0.17,Desktop,46,0,1
3702,Feminino,48,DE,Gratuito,267,50,0.59,Desktop,14,0,0
3703,Feminino,49,AU,Familia,283,8,0.38,Desktop,0,1,0
3704,Feminino,34,CA,Premium,156,52,0.2,Desktop,0,1,0
3705,Feminino,43,PK,Gratuito,277,9,0.48,Web,14,0,0
3706,Feminino,17,PK,Familia,250,39,0.03,Mobile,0,1,0
3707,Feminino,53,AU,Estudante,187,38,0.04,Mobile,0,1,0
3708,Masculino,19,PK,Estudante,161,69,0.34,Mobile,0,1,0
3709,Feminino,29,CA,Gratuito,28,60,0.26,Mobile,47,0,0
3710,Feminino,37,DE,Familia,224,29,0.56,Mobile,0,1,0
3711,Feminino,39,AU,Estudante,93,92,0.01,Mobile,0,1,0
3712,Masculino,50,PK,Gratuito,102,3,0.41,Mobile,13,0,0
3713,Masculino,30,UK,Premium,287,31,0.27,Web,0,1,1
3714,Masculino,27,DE,Familia,135,18,0.53,Desktop,0,1,0
3715,Masculino,19,DE,Premium,96,42,0.41,Mobile,0,1,1
3716,Masculino,21,US,Gratuito,264,95,0.24,Web,47,0,1
3717,Feminino,49,PK,Estudante,30,33,0.43,Web,0,1,0
3718,Feminino,32,PK,Premium,279,60,0.48,Mobile,0,1,1
3719,Feminino,46,CA,Gratuito,183,64,0.4,Web,15,0,0
3720,Masculino,22,FR,Familia,207,65,0.04,Desktop,0,1,1
3721,Masculino,46,US,Estudante,152,27,0.41,Mobile,0,1,0
3722,Feminino,35,IN,Premium,261,75,0.29,Mobile,0,1,1
3723,Masculino,42,CA,Estudante,122,27,0.03,Mobile,0,1,0
3724,Masculino,25,DE,Gratuito,91,34,0.01,Web,24,0,0
3725,Feminino,58,CA,Premium,230,68,0.29,Desktop,0,1,0
3726,Feminino,57,AU,Gratuito,31,60,0.11,Desktop,36,0,0
3727,Feminino,54,AU,Estudante,44,57,0.19,Mobile,0,1,1
3728,Feminino,45,FR,Familia,233,55,0.56,Web,0,1,0
3729,Masculino,42,IN,Premium,299,32,0.39,Desktop,0,1,0
3730,Feminino,22,IN,Familia,37,79,0.38,Mobile,0,1,1
3731,Feminino,22,IN,Gratuito,284,23,0.07,Mobile,31,0,0
3732,Feminino,35,CA,Gratuito,138,68,0.38,Mobile,12,0,1
3733,Feminino,26,IN,Familia,112,90,0.1,Mobile,0,1,1
3734,Feminino,36,UK,Gratuito,33,9,0.37,Desktop,22,0,0
3735,Feminino,31,PK,Estudante,191,81,0.08,Web,0,1,1
3736,Feminino,50,US,Gratuito,183,37,0.55,Desktop,11,0,0
3737,Feminino,48,PK,Familia,197,85,0.57,Web,0,1,0
3738,Feminino,54,UK,Estudante,36,54,0.03,Mobile,0,1,0
3739,Feminino,52,IN,Estudante,64,50,0.55,Web,0,1,0
3740,Feminino,17,UK,Premium,245,23,0.19,Mobile,0,1,0
3741,Masculino,56,CA,Premium,83,96,0.19,Web,0,1,0
3742,Masculino,17,PK,Familia,232,48,0.53,Mobile,0,1,0
3743,Feminino,49,CA,Premium,278,74,0.26,Desktop,0,1,1
3744,Feminino,56,AU,Premium,27,35,0.48,Mobile,0,1,0
3745,Feminino,30,FR,Estudante,257,28,0.36,Mobile,0,1,0
3746,Masculino,21,UK,Familia,36,59,0.07,Web,0,1,0
3747,Feminino,23,IN,Estudante,287,63,0.07,Desktop,0,1,0
3748,Feminino,55,AU,Premium,116,35,0.03,Web,0,1,0
3749,Masculino,48,FR,Gratuito,234,11,0.15,Desktop,31,0,0
3750,Feminino,35,AU,Familia,51,6,0.19,Web,0,1,0
3751,Masculino,43,PK,Familia,287,22,0.44,Web,0,1,1
3752,Masculino,47,DE,Familia,143,99,0.29,Desktop,0,1,0
3753,Feminino,25,FR,Gratuito,132,69,0.54,Desktop,22,0,0
3754,Feminino,44,FR,Estudante,12,31,0.01,Desktop,0,1,0
3755,Masculino,51,UK,Familia,238,84,0.12,Desktop,0,1,1
3756,Masculino,43,IN,Familia,256,20,0.38,Web,0,1,1
3757,Feminino,46,DE,Gratuito,201,13,0.24,Desktop,39,0,1
3758,Feminino,38,FR,Estudante,57,92,0.23,Mobile,0,1,0
3759,Feminino,37,US,Gratuito,281,44,0.2,Mobile,16,0,1
3760,Masculino,51,AU,Premium,36,78,0.47,Desktop,0,1,0
3761,Feminino,27,IN,Familia,192,62,0.47,Mobile,0,1,0
3762,Feminino,41,AU,Estudante,19,57,0.29,Desktop,0,1,0
3763,Feminino,58,AU,Gratuito,85,24,0.33,Desktop,26,0,1
3764,Masculino,59,DE,Gratuito,170,73,0.21,Desktop,31,0,0
3765,Masculino,56,PK,Estudante,115,41,0.2,Mobile,0,1,0
3766,Masculino,32,AU,Estudante,256,91,0.38,Web,0,1,0
3767,Masculino,48,US,Premium,24,26,0.49,Mobile,0,1,0
3768,Feminino,24,IN,Gratuito,81,70,0.27,Mobile,28,0,0
3769,Feminino,40,PK,Estudante,191,70,0.29,Web,0,1,0
3770,Masculino,42,FR,Premium,47,97,0.06,Mobile,0,1,0
3771,Feminino,57,DE,Gratuito,164,9,0.55,Web,5,0,0
3772,Feminino,21,IN,Premium,53,68,0.31,Desktop,0,1,0
3773,Masculino,30,UK,Premium,175,31,0.29,Web,0,1,0
3774,Feminino,39,AU,Familia,269,27,0.52,Mobile,0,1,0
3775,Feminino,47,IN,Premium,150,22,0.1,Web,0,1,1
3776,Feminino,56,PK,Estudante,18,27,0.14,Mobile,0,1,0
3777,Feminino,43,AU,Familia,96,38,0.57,Mobile,0,1,1
3778,Feminino,19,FR,Gratuito,197,86,0.0,Desktop,32,0,1
3779,Feminino,30,CA,Gratuito,112,29,0.3,Mobile,43,0,0
3780,Feminino,35,DE,Familia,152,63,0.14,Desktop,0,1,1
3781,Feminino,48,FR,Estudante,183,43,0.26,Desktop,0,1,0
3782,Feminino,32,PK,Familia,73,20,0.58,Mobile,0,1,0
3783,Masculino,37,PK,Estudante,204,25,0.33,Desktop,0,1,0
3784,Masculino,23,US,Familia,142,6,0.34,Desktop,0,1,0
3785,Feminino,43,DE,Familia,68,44,0.25,Web,0,1,0
3786,Feminino,51,IN,Gratuito,227,5,0.53,Web,45,0,1
3787,Feminino,42,UK,Premium,188,67,0.47,Web,0,1,0
3788,Masculino,57,IN,Estudante,86,83,0.09,Web,0,1,0
3789,Feminino,46,PK,Gratuito,61,85,0.57,Web,31,0,1
3790,Feminino,52,PK,Estudante,28,33,0.19,Mobile,0,1,0
3791,Feminino,21,UK,Gratuito,50,47,0.37,Desktop,24,0,0
3792,Feminino,45,PK,Familia,20,14,0.45,Mobile,0,1,1
3793,Masculino,21,FR,Premium,176,41,0.57,Desktop,0,1,0
3794,Feminino,41,PK,Estudante,46,53,0.25,Mobile,0,1,0
3795,Masculino,22,UK,Premium,77,88,0.33,Desktop,0,1,0
3796,Feminino,49,PK,Estudante,37,17,0.2,Desktop,0,1,0
3797,Masculino,37,IN,Gratuito,256,30,0.14,Web,12,0,0
3798,Feminino,31,FR,Gratuito,240,84,0.58,Mobile,39,0,0
3799,Feminino,47,IN,Estudante,196,24,0.07,Mobile,0,1,0
3800,Masculino,53,PK,Familia,57,16,0.5,Web,0,1,0
3801,Feminino,57,DE,Gratuito,214,51,0.15,Web,33,0,1
3802,Feminino,19,PK,Gratuito,48,83,0.44,Web,40,0,1
3803,Masculino,53,IN,Gratuito,99,1,0.24,Desktop,25,0,0
3804,Masculino,43,AU,Premium,172,88,0.36,Web,0,1,0
3805,Feminino,59,UK,Gratuito,166,68,0.23,Web,19,0,0
3806,Feminino,24,CA,Estudante,108,86,0.38,Web,0,1,1
3807,Feminino,32,US,Premium,33,42,0.47,Web,0,1,0
3808,Feminino,47,IN,Estudante,125,33,0.38,Web,0,1,0
3809,Feminino,35,DE,Premium,142,21,0.07,Desktop,0,1,0
3810,Masculino,22,UK,Premium,242,90,0.03,Mobile,0,1,1
3811,Masculino,17,US,Premium,196,12,0.44,Desktop,0,1,0
3812,Feminino,16,FR,Familia,99,66,0.37,Web,0,1,0
3813,Feminino,41,CA,Premium,128,12,0.05,Desktop,0,1,0
3814,Masculino,21,US,Familia,231,31,0.55,Mobile,0,1,0
3815,Feminino,30,UK,Gratuito,68,50,0.53,Web,36,0,0
3816,Feminino,37,DE,Familia,266,49,0.6,Mobile,0,1,0
3817,Feminino,19,AU,Premium,197,74,0.39,Desktop,0,1,0
3818,Feminino,41,IN,Premium,217,7,0.31,Desktop,0,1,1
3819,Masculino,56,PK,Familia,23,68,0.45,Desktop,0,1,1
3820,Feminino,55,US,Familia,160,66,0.47,Desktop,0,1,0
3821,Feminino,43,UK,Estudante,163,34,0.37,Desktop,0,1,0
3822,Masculino,22,AU,Premium,224,80,0.54,Desktop,0,1,0
3823,Feminino,44,CA,Gratuito,55,48,0.57,Desktop,22,0,0
3824,Feminino,53,FR,Gratuito,79,73,0.53,Mobile,16,0,0
3825,Feminino,37,FR,Gratuito,115,23,0.54,Desktop,46,0,0
3826,Feminino,18,DE,Gratuito,20,67,0.38,Mobile,39,0,0
3827,Masculino,26,IN,Gratuito,132,51,0.08,Desktop,46,0,1
3828,Masculino,25,DE,Estudante,150,41,0.42,Desktop,0,1,0
3829,Feminino,55,PK,Familia,91,55,0.59,Mobile,0,1,0
3830,Masculino,43,FR,Familia,262,32,0.04,Mobile,0,1,0
3831,Masculino,18,PK,Premium,109,73,0.12,Mobile,0,1,0
3832,Masculino,52,PK,Gratuito,88,49,0.36,Mobile,23,0,0
3833,Feminino,25,AU,Gratuito,22,96,0.22,Mobile,14,0,1
3834,Feminino,56,AU,Gratuito,179,73,0.58,Desktop,41,0,0
3835,Masculino,31,UK,Gratuito,46,28,0.49,Web,9,0,0
3836,Feminino,33,AU,Gratuito,171,39,0.14,Mobile,30,0,0
3837,Masculino,53,DE,Estudante,165,67,0.25,Web,0,1,0
3838,Feminino,53,PK,Familia,48,3,0.11,Mobile,0,1,0
3839,Feminino,56,PK,Premium,254,4,0.29,Mobile,0,1,0
3840,Feminino,47,US,Estudante,285,93,0.27,Desktop,0,1,1
3841,Feminino,24,US,Estudante,110,53,0.41,Desktop,0,1,1
3842,Feminino,55,UK,Estudante,130,99,0.32,Mobile,0,1,1
3843,Masculino,37,FR,Gratuito,245,13,0.17,Desktop,19,0,0
3844,Feminino,19,FR,Gratuito,99,28,0.18,Mobile,12,0,0
3845,Masculino,32,UK,Premium,77,59,0.4,Web,0,1,0
3846,Feminino,29,UK,Gratuito,46,11,0.57,Web,46,0,0
3847,Masculino,35,PK,Gratuito,52,41,0.35,Web,7,0,0
3848,Feminino,20,IN,Premium,99,6,0.13,Mobile,0,1,1
3849,Masculino,42,CA,Premium,188,42,0.07,Web,0,1,0
3850,Feminino,22,DE,Familia,67,73,0.56,Desktop,0,1,1
3851,Masculino,16,UK,Familia,27,21,0.57,Desktop,0,1,0
3852,Masculino,50,AU,Estudante,63,7,0.11,Web,0,1,0
3853,Feminino,20,US,Gratuito,112,41,0.17,Web,49,0,1
3854,Masculino,38,UK,Familia,231,24,0.2,Desktop,0,1,0
3855,Feminino,54,AU,Familia,49,70,0.03,Web,0,1,0
3856,Feminino,49,UK,Familia,82,53,0.4,Mobile,0,1,1
3857,Masculino,43,IN,Premium,144,19,0.03,Desktop,0,1,0
3858,Feminino,34,AU,Premium,112,61,0.43,Web,0,1,0
3859,Feminino,54,UK,Estudante,38,78,0.27,Web,0,1,0
3860,Feminino,39,FR,Estudante,243,42,0.59,Desktop,0,1,0
3861,Masculino,48,UK,Premium,217,17,0.34,Mobile,0,1,0
3862,Masculino,43,DE,Familia,218,38,0.56,Desktop,0,1,0
3863,Feminino,39,IN,Estudante,260,29,0.5,Mobile,0,1,0
3864,Feminino,51,DE,Familia,41,19,0.1,Desktop,0,1,1
3865,Masculino,59,FR,Familia,165,74,0.16,Web,0,1,0
3866,Masculino,36,IN,Familia,41,43,0.57,Web,0,1,0
3867,Feminino,54,CA,Gratuito,227,22,0.49,Desktop,38,0,0
3868,Feminino,59,AU,Gratuito,291,31,0.13,Desktop,11,0,1
3869,Masculino,35,UK,Premium,76,78,0.07,Mobile,0,1,0
3870,Masculino,36,PK,Gratuito,273,34,0.38,Desktop,13,0,0
3871,Feminino,22,IN,Gratuito,289,97,0.53,Web,33,0,0
3872,Masculino,42,DE,Premium,87,13,0.05,Web,0,1,0
3873,Feminino,51,CA,Familia,259,10,0.37,Web,0,1,1
3874,Feminino,40,DE,Estudante,269,38,0.22,Desktop,0,1,0
3875,Feminino,20,AU,Gratuito,179,7,0.41,Web,14,0,0
3876,Feminino,41,FR,Gratuito,67,18,0.54,Web,40,0,0
3877,Masculino,36,PK,Gratuito,100,34,0.08,Desktop,35,0,1
3878,Masculino,34,DE,Familia,75,35,0.54,Desktop,0,1,0
3879,Masculino,26,US,Gratuito,282,24,0.54,Mobile,22,0,1
3880,Feminino,17,UK,Gratuito,99,74,0.2,Mobile,17,0,1
3881,Feminino,22,AU,Estudante,160,55,0.26,Mobile,0,1,1
3882,Feminino,46,PK,Gratuito,218,88,0.34,Mobile,23,0,0
3883,Feminino,37,US,Premium,125,52,0.07,Web,0,1,1
3884,Feminino,59,IN,Premium,252,82,0.07,Mobile,0,1,0
3885,Feminino,47,US,Estudante,166,1,0.22,Mobile,0,1,0
3886,Feminino,57,UK,Familia,118,81,0.12,Mobile,0,1,1
3887,Masculino,54,UK,Familia,35,50,0.47,Desktop,0,1,0
3888,Feminino,18,UK,Familia,207,90,0.02,Desktop,0,1,0
3889,Masculino,59,PK,Premium,19,88,0.58,Mobile,0,1,1
3890,Feminino,51,AU,Gratuito,214,49,0.03,Web,10,0,0
3891,Feminino,17,AU,Estudante,242,84,0.07,Web,0,1,1
3892,Feminino,28,CA,Gratuito,65,82,0.36,Mobile,40,0,1
3893,Feminino,40,CA,Estudante,231,60,0.15,Desktop,0,1,0
3894,Feminino,57,DE,Premium,161,46,0.55,Desktop,0,1,0
3895,Feminino,54,US,Premium,199,95,0.51,Mobile,0,1,0
3896,Masculino,59,AU,Familia,151,45,0.08,Web,0,1,0
3897,Masculino,23,CA,Familia,239,58,0.02,Mobile,0,1,0
3898,Masculino,25,US,Estudante,157,91,0.51,Mobile,0,1,0
3899,Feminino,29,US,Familia,125,42,0.2,Web,0,1,0
3900,Feminino,46,IN,Premium,116,37,0.45,Desktop,0,1,0
3901,Feminino,35,IN,Familia,43,27,0.07,Desktop,0,1,1
3902,Feminino,39,UK,Gratuito,104,22,0.32,Desktop,12,0,1
3903,Feminino,16,IN,Estudante,33,95,0.3,Desktop,0,1,0
3904,Feminino,35,CA,Familia,286,56,0.04,Web,0,1,1
3905,Feminino,59,IN,Premium,11,11,0.36,Mobile,0,1,1
3906,Feminino,31,FR,Estudante,94,4,0.44,Desktop,0,1,1
3907,Masculino,36,PK,Premium,140,91,0.05,Desktop,0,1,0
3908,Masculino,28,FR,Premium,146,68,0.03,Desktop,0,1,0
3909,Feminino,40,UK,Premium,137,89,0.1,Desktop,0,1,0
3910,Masculino,55,CA,Estudante,121,69,0.42,Web,0,1,1
3911,Feminino,34,US,Familia,70,9,0.21,Web,0,1,0
3912,Feminino,40,IN,Familia,169,90,0.28,Desktop,0,1,0
3913,Masculino,48,DE,Familia,161,57,0.47,Mobile,0,1,1
3914,Feminino,23,UK,Gratuito,99,39,0.4,Web,46,0,0
3915,Feminino,50,AU,Estudante,140,89,0.24,Desktop,0,1,0
3916,Masculino,55,UK,Familia,155,24,0.15,Web,0,1,0
3917,Feminino,36,US,Gratuito,121,2,0.36,Mobile,36,0,1
3918,Masculino,40,DE,Estudante,54,31,0.3,Desktop,0,1,1
3919,Feminino,42,US,Premium,235,23,0.33,Web,0,1,0
3920,Feminino,21,AU,Familia,224,58,0.59,Mobile,0,1,0
3921,Feminino,16,IN,Premium,177,50,0.49,Mobile,0,1,0
3922,Masculino,52,PK,Estudante,288,88,0.45,Desktop,0,1,0
3923,Feminino,59,CA,Premium,115,35,0.3,Web,0,1,1
3924,Masculino,43,IN,Premium,221,13,0.58,Desktop,0,1,0
3925,Masculino,53,US,Familia,73,91,0.15,Web,0,1,0
3926,Feminino,16,FR,Premium,95,46,0.03,Mobile,0,1,0
3927,Feminino,54,PK,Premium,46,86,0.12,Mobile,0,1,0
3928,Masculino,45,FR,Estudante,59,28,0.32,Web,0,1,1
3929,Feminino,50,CA,Premium,264,71,0.27,Desktop,0,1,0
3930,Feminino,27,CA,Premium,55,84,0.43,Web,0,1,1
3931,Masculino,36,IN,Premium,202,43,0.04,Desktop,0,1,0
3932,Feminino,36,PK,Premium,66,82,0.56,Desktop,0,1,0
3933,Masculino,26,UK,Gratuito,224,20,0.18,Web,47,0,0
3934,Feminino,30,FR,Familia,175,25,0.57,Mobile,0,1,0
3935,Feminino,39,CA,Premium,143,40,0.41,Mobile,0,1,0
3936,Feminino,24,US,Premium,202,77,0.4,Mobile,0,1,1
3937,Feminino,31,US,Premium,203,35,0.29,Web,0,1,1
3938,Feminino,31,FR,Familia,21,82,0.21,Web,0,1,0
3939,Feminino,32,PK,Estudante,82,91,0.3,Mobile,0,1,1
3940,Feminino,51,PK,Gratuito,175,34,0.59,Desktop,31,0,1
3941,Feminino,50,IN,Premium,234,23,0.24,Desktop,0,1,0
3942,Feminino,23,DE,Estudante,150,20,0.16,Desktop,0,1,0
3943,Feminino,55,DE,Premium,246,81,0.58,Desktop,0,1,0
3944,Feminino,54,US,Familia,80,36,0.43,Mobile,0,1,0
3945,Masculino,24,AU,Familia,67,43,0.58,Web,0,1,0
3946,Feminino,56,FR,Familia,12,99,0.52,Desktop,0,1,0
3947,Masculino,23,DE,Premium,288,88,0.53,Web,0,1,0
3948,Feminino,19,FR,Estudante,178,84,0.13,Web,0,1,1
3949,Masculino,22,FR,Premium,221,59,0.45,Web,0,1,0
3950,Feminino,22,IN,Premium,117,73,0.31,Web,0,1,1
3951,Masculino,26,DE,Premium,13,11,0.27,Desktop,0,1,1
3952,Feminino,36,CA,Gratuito,130,25,0.05,Web,32,0,1
3953,Feminino,49,US,Premium,83,45,0.03,Web,0,1,0
3954,Feminino,20,CA,Estudante,86,77,0.27,Web,0,1,0
3955,Feminino,16,AU,Familia,206,42,0.07,Web,0,1,1
3956,Feminino,17,DE,Premium,258,80,0.16,Desktop,0,1,0
3957,Feminino,54,UK,Gratuito,120,71,0.35,Mobile,46,0,0
3958,Masculino,50,US,Premium,55,42,0.26,Web,0,1,0
3959,Masculino,32,UK,Gratuito,133,75,0.22,Mobile,28,0,0
3960,Feminino,25,CA,Gratuito,159,16,0.57,Mobile,17,0,0
3961,Masculino,34,DE,Estudante,109,3,0.49,Mobile,0,1,1
3962,Masculino,27,UK,Familia,92,43,0.32,Desktop,0,1,0
3963,Feminino,49,DE,Familia,279,78,0.56,Desktop,0,1,0
3964,Feminino,17,AU,Premium,41,80,0.14,Mobile,0,1,1
3965,Masculino,27,IN,Estudante,245,55,0.38,Web,0,1,0
3966,Masculino,42,IN,Familia,166,61,0.38,Mobile,0,1,0
3967,Masculino,55,US,Premium,21,66,0.33,Web,0,1,0
3968,Masculino,51,AU,Estudante,34,96,0.6,Mobile,0,1,1
3969,Feminino,24,UK,Estudante,273,78,0.57,Desktop,0,1,1
3970,Feminino,47,FR,Premium,264,95,0.06,Desktop,0,1,0
3971,Feminino,28,US,Premium,159,82,0.56,Mobile,0,1,0
3972,Feminino,57,DE,Premium,151,61,0.51,Web,0,1,1
3973,Feminino,16,UK,Estudante,277,49,0.22,Desktop,0,1,0
3974,Feminino,57,PK,Gratuito,104,78,0.42,Web,43,0,0
3975,Feminino,34,PK,Premium,255,49,0.3,Desktop,0,1,1
3976,Feminino,27,CA,Premium,80,74,0.42,Web,0,1,1
3977,Feminino,49,US,Gratuito,120,3,0.11,Desktop,24,0,0
3978,Feminino,29,FR,Gratuito,229,56,0.23,Mobile,37,0,0
3979,Feminino,46,CA,Estudante,99,86,0.24,Web,0,1,0
3980,Feminino,46,PK,Estudante,268,69,0.45,Mobile,0,1,0
3981,Masculino,42,AU,Estudante,86,42,0.03,Mobile,0,1,0
3982,Masculino,54,US,Premium,223,29,0.33,Desktop,0,1,0
3983,Feminino,44,IN,Gratuito,148,62,0.0,Desktop,37,0,0
3984,Masculino,25,DE,Premium,29,57,0.44,Desktop,0,1,1
3985,Masculino,54,US,Familia,229,17,0.04,Desktop,0,1,0
3986,Masculino,36,US,Premium,254,36,0.15,Web,0,1,0
3987,Feminino,25,AU,Gratuito,239,16,0.58,Desktop,35,0,1
3988,Feminino,34,IN,Familia,120,48,0.54,Mobile,0,1,1
3989,Feminino,33,US,Estudante,41,65,0.44,Mobile,0,1,0
3990,Feminino,35,PK,Estudante,65,63,0.24,Mobile,0,1,1
3991,Masculino,49,PK,Premium,207,22,0.4,Web,0,1,0
3992,Feminino,22,PK,Gratuito,278,40,0.25,Desktop,35,0,0
3993,Masculino,27,FR,Estudante,22,93,0.07,Web,0,1,0
3994,Feminino,46,FR,Familia,237,28,0.12,Web,0,1,1
3995,Feminino,40,US,Estudante,101,57,0.26,Mobile,0,1,0
3996,Feminino,35,FR,Familia,285,15,0.16,Web,0,1,1
3997,Feminino,37,IN,Gratuito,283,60,0.3,Desktop,42,0,1
3998,Feminino,42,AU,Estudante,255,99,0.58,Mobile,0,1,1
3999,Feminino,43,FR,Gratuito,17,54,0.47,Mobile,41,0,0
4000,Masculino,50,UK,Familia,67,41,0.53,Web,0,1,0
4001,Feminino,31,AU,Estudante,48,46,0.29,Web,0,1,0
4002,Feminino,30,US,Gratuito,12,71,0.0,Desktop,10,0,0
4003,Feminino,39,AU,Estudante,224,50,0.37,Desktop,0,1,0
4004,Feminino,49,UK,Estudante,207,85,0.29,Desktop,0,1,1
4005,Feminino,58,CA,Estudante,133,42,0.02,Mobile,0,1,1
4006,Feminino,45,PK,Gratuito,139,79,0.08,Desktop,44,0,0
4007,Masculino,42,CA,Gratuito,102,58,0.03,Web,14,0,1
4008,Feminino,37,US,Gratuito,151,63,0.16,Mobile,29,0,0
4009,Feminino,27,PK,Familia,187,90,0.53,Mobile,0,1,1
4010,Feminino,52,US,Estudante,93,26,0.54,Mobile,0,1,0
4011,Masculino,50,US,Estudante,217,46,0.52,Desktop,0,1,0
4012,Feminino,51,US,Premium,235,6,0.41,Mobile,0,1,0
4013,Feminino,51,AU,Familia,128,97,0.13,Mobile,0,1,0
4014,Feminino,52,FR,Premium,262,88,0.23,Desktop,0,1,0
4015,Feminino,19,DE,Familia,283,49,0.19,Desktop,0,1,0
4016,Masculino,43,US,Estudante,285,90,0.26,Mobile,0,1,0
4017,Feminino,30,CA,Familia,83,61,0.31,Web,0,1,0
4018,Feminino,22,PK,Estudante,277,62,0.0,Mobile,0,1,0
4019,Feminino,29,US,Premium,108,45,0.34,Mobile,0,1,0
4020,Feminino,32,DE,Familia,17,68,0.56,Desktop,0,1,0
4021,Masculino,28,US,Premium,208,22,0.29,Web,0,1,0
4022,Feminino,44,PK,Gratuito,140,92,0.12,Desktop,39,0,0
4023,Feminino,45,PK,Familia,285,80,0.19,Mobile,0,1,0
4024,Feminino,41,FR,Gratuito,139,18,0.25,Web,17,0,0
4025,Feminino,58,PK,Premium,17,90,0.14,Desktop,0,1,0
4026,Masculino,18,UK,Gratuito,78,64,0.0,Desktop,23,0,1
4027,Masculino,16,FR,Premium,101,91,0.39,Mobile,0,1,0
4028,Feminino,45,PK,Premium,42,41,0.17,Desktop,0,1,0
4029,Feminino,22,UK,Familia,52,95,0.46,Mobile,0,1,0
4030,Feminino,35,US,Gratuito,294,97,0.58,Web,25,0,0
4031,Feminino,46,DE,Gratuito,274,48,0.15,Mobile,29,0,0
4032,Feminino,47,AU,Gratuito,101,25,0.51,Desktop,19,0,0
4033,Feminino,17,US,Premium,225,95,0.13,Desktop,0,1,1
4034,Feminino,57,US,Familia,140,57,0.46,Desktop,0,1,0
4035,Masculino,33,CA,Premium,40,26,0.02,Mobile,0,1,1
4036,Masculino,16,UK,Estudante,66,19,0.22,Mobile,0,1,1
4037,Feminino,28,AU,Premium,48,4,0.24,Mobile,0,1,0
4038,Masculino,52,FR,Estudante,181,18,0.57,Mobile,0,1,0
4039,Feminino,46,IN,Estudante,86,47,0.24,Web,0,1,0
4040,Masculino,22,CA,Familia,50,30,0.03,Desktop,0,1,1
4041,Feminino,38,DE,Gratuito,46,49,0.4,Desktop,26,0,1
4042,Masculino,39,AU,Premium,240,54,0.06,Desktop,0,1,0
4043,Feminino,33,CA,Premium,87,40,0.57,Mobile,0,1,0
4044,Masculino,21,DE,Premium,168,89,0.26,Web,0,1,0
4045,Feminino,45,US,Familia,111,26,0.49,Web,0,1,0
4046,Feminino,34,CA,Premium,102,56,0.24,Desktop,0,1,0
4047,Masculino,33,US,Estudante,214,80,0.18,Desktop,0,1,0
4048,Feminino,55,CA,Premium,163,55,0.6,Mobile,0,1,0
4049,Feminino,27,CA,Estudante,160,20,0.51,Desktop,0,1,0
4050,Feminino,37,FR,Estudante,270,18,0.03,Web,0,1,0
4051,Feminino,34,US,Familia,74,71,0.24,Mobile,0,1,0
4052,Feminino,21,AU,Familia,110,81,0.34,Mobile,0,1,1
4053,Feminino,30,DE,Estudante,260,17,0.25,Mobile,0,1,1
4054,Feminino,16,UK,Estudante,149,29,0.25,Mobile,0,1,0
4055,Masculino,20,DE,Familia,151,47,0.34,Desktop,0,1,0
4056,Feminino,31,PK,Familia,19,25,0.25,Desktop,0,1,0
4057,Masculino,18,UK,Premium,235,86,0.57,Desktop,0,1,0
4058,Feminino,22,IN,Premium,64,53,0.29,Web,0,1,0
4059,Masculino,18,US,Familia,131,7,0.27,Desktop,0,1,0
4060,Feminino,50,UK,Gratuito,229,71,0.54,Desktop,32,0,1
4061,Masculino,25,PK,Estudante,101,99,0.34,Web,0,1,0
4062,Feminino,49,FR,Familia,195,39,0.52,Web,0,1,1
4063,Masculino,29,US,Familia,118,19,0.16,Web,0,1,1
4064,Masculino,26,CA,Gratuito,176,20,0.48,Desktop,47,0,1
4065,Masculino,53,UK,Gratuito,31,72,0.46,Web,5,0,0
4066,Feminino,22,US,Gratuito,250,26,0.21,Mobile,28,0,0
4067,Feminino,19,IN,Premium,228,92,0.4,Mobile,0,1,1
4068,Masculino,51,US,Familia,157,19,0.53,Web,0,1,0
4069,Feminino,42,AU,Familia,82,27,0.58,Desktop,0,1,1
4070,Feminino,46,AU,Familia,154,51,0.16,Desktop,0,1,1
4071,Masculino,17,CA,Estudante,211,24,0.09,Web,0,1,1
4072,Feminino,59,DE,Familia,65,24,0.04,Web,0,1,0
4073,Feminino,24,PK,Familia,221,65,0.5,Desktop,0,1,1
4074,Feminino,51,IN,Premium,283,16,0.27,Mobile,0,1,0
4075,Feminino,27,CA,Estudante,147,78,0.15,Web,0,1,0
4076,Feminino,32,US,Estudante,279,78,0.42,Web,0,1,0
4077,Feminino,30,PK,Familia,134,71,0.05,Desktop,0,1,0
4078,Masculino,24,PK,Gratuito,73,18,0.55,Desktop,33,0,0
4079,Feminino,22,IN,Estudante,239,32,0.35,Web,0,1,0
4080,Feminino,28,PK,Gratuito,64,97,0.13,Desktop,45,0,0
4081,Feminino,17,FR,Gratuito,113,76,0.13,Mobile,39,0,1
4082,Masculino,43,IN,Premium,61,51,0.48,Desktop,0,1,0
4083,Masculino,36,DE,Gratuito,173,29,0.1,Desktop,39,0,0
4084,Masculino,20,PK,Premium,239,42,0.57,Desktop,0,1,1
4085,Masculino,43,DE,Familia,108,53,0.03,Desktop,0,1,1
4086,Feminino,28,UK,Estudante,276,85,0.51,Desktop,0,1,0
4087,Feminino,26,CA,Gratuito,41,49,0.46,Desktop,24,0,0
4088,Feminino,20,UK,Gratuito,233,90,0.4,Desktop,47,0,0
4089,Masculino,38,AU,Premium,247,15,0.26,Mobile,0,1,0
4090,Feminino,50,CA,Familia,257,82,0.04,Desktop,0,1,0
4091,Feminino,32,AU,Gratuito,233,46,0.22,Web,32,0,0
4092,Feminino,37,CA,Premium,278,19,0.58,Desktop,0,1,0
4093,Feminino,35,DE,Premium,184,64,0.24,Desktop,0,1,0
4094,Masculino,40,AU,Gratuito,121,2,0.53,Desktop,38,0,0
4095,Masculino,33,UK,Familia,44,71,0.48,Desktop,0,1,1
4096,Feminino,34,DE,Estudante,147,59,0.15,Mobile,0,1,1
4097,Feminino,38,DE,Premium,165,39,0.55,Web,0,1,1
4098,Feminino,27,DE,Familia,38,25,0.55,Mobile,0,1,0
4099,Feminino,58,DE,Estudante,11,71,0.56,Desktop,0,1,0
4100,Masculino,19,IN,Gratuito,87,66,0.43,Web,34,0,0
4101,Feminino,19,IN,Premium,63,61,0.1,Desktop,0,1,0
4102,Feminino,25,FR,Estudante,241,18,0.14,Desktop,0,1,0
4103,Feminino,56,IN,Estudante,92,47,0.17,Desktop,0,1,1
4104,Feminino,25,PK,Gratuito,262,9,0.02,Mobile,35,0,0
4105,Feminino,51,DE,Familia,253,1,0.01,Desktop,0,1,0
4106,Feminino,17,CA,Gratuito,270,27,0.43,Mobile,44,0,0
4107,Feminino,16,US,Gratuito,248,60,0.09,Desktop,32,0,0
4108,Masculino,48,CA,Familia,156,5,0.16,Mobile,0,1,0
4109,Feminino,59,FR,Gratuito,225,77,0.55,Mobile,27,0,0
4110,Masculino,39,UK,Estudante,84,41,0.45,Mobile,0,1,0
4111,Feminino,20,CA,Premium,215,68,0.4,Web,0,1,0
4112,Masculino,39,UK,Estudante,180,32,0.23,Desktop,0,1,0
4113,Feminino,24,US,Premium,88,55,0.47,Web,0,1,0
4114,Masculino,34,CA,Estudante,157,83,0.05,Mobile,0,1,0
4115,Masculino,38,US,Premium,156,92,0.11,Desktop,0,1,1
4116,Feminino,52,PK,Gratuito,250,70,0.48,Web,43,0,1
4117,Feminino,21,IN,Estudante,143,40,0.17,Desktop,0,1,0
4118,Feminino,44,AU,Familia,39,8,0.56,Desktop,0,1,1
4119,Feminino,17,US,Premium,273,32,0.21,Web,0,1,0
4120,Masculino,43,AU,Premium,250,8,0.39,Mobile,0,1,0
4121,Feminino,30,DE,Familia,159,18,0.5,Mobile,0,1,0
4122,Masculino,20,IN,Estudante,237,27,0.42,Web,0,1,0
4123,Feminino,47,AU,Estudante,55,73,0.41,Desktop,0,1,1
4124,Masculino,55,AU,Gratuito,79,55,0.1,Mobile,47,0,0
4125,Feminino,34,PK,Estudante,272,48,0.5,Mobile,0,1,0
4126,Feminino,18,US,Familia,70,51,0.4,Desktop,0,1,0
4127,Masculino,42,DE,Gratuito,234,16,0.13,Mobile,16,0,0
4128,Masculino,39,AU,Gratuito,195,82,0.57,Mobile,44,0,0
4129,Feminino,20,CA,Estudante,28,88,0.19,Mobile,0,1,0
4130,Masculino,39,UK,Estudante,38,28,0.02,Desktop,0,1,0
4131,Masculino,49,AU,Familia,177,24,0.03,Mobile,0,1,1
4132,Feminino,17,FR,Estudante,290,88,0.58,Desktop,0,1,0
4133,Feminino,30,UK,Gratuito,243,14,0.0,Web,25,0,0
4134,Masculino,29,PK,Estudante,28,22,0.6,Mobile,0,1,0
4135,Feminino,27,UK,Familia,45,9,0.21,Mobile,0,1,0
4136,Feminino,24,AU,Gratuito,279,37,0.16,Desktop,36,0,0
4137,Feminino,35,US,Estudante,164,60,0.49,Desktop,0,1,1
4138,Masculino,31,FR,Familia,207,39,0.28,Web,0,1,0
4139,Masculino,37,CA,Estudante,56,10,0.02,Web,0,1,0
4140,Masculino,23,UK,Premium,268,56,0.53,Mobile,0,1,0
4141,Feminino,50,PK,Familia,67,76,0.27,Web,0,1,1
4142,Masculino,34,IN,Gratuito,114,41,0.05,Desktop,36,0,0
4143,Masculino,32,IN,Gratuito,270,34,0.51,Desktop,30,0,0
4144,Feminino,25,AU,Estudante,199,90,0.51,Mobile,0,1,1
4145,Feminino,32,PK,Familia,182,12,0.54,Web,0,1,0
4146,Masculino,51,IN,Familia,203,84,0.53,Web,0,1,0
4147,Masculino,33,UK,Estudante,149,84,0.01,Web,0,1,0
4148,Feminino,48,PK,Gratuito,118,41,0.44,Mobile,7,0,0
4149,Feminino,24,US,Premium,182,59,0.34,Mobile,0,1,0
4150,Masculino,43,FR,Estudante,212,42,0.48,Mobile,0,1,0
4151,Feminino,25,IN,Premium,11,51,0.21,Desktop,0,1,0
4152,Feminino,59,DE,Familia,35,27,0.29,Desktop,0,1,0
4153,Masculino,19,CA,Estudante,241,91,0.51,Web,0,1,0
4154,Masculino,38,FR,Familia,20,49,0.06,Mobile,0,1,0
4155,Feminino,48,PK,Gratuito,140,66,0.59,Web,25,0,0
4156,Feminino,30,FR,Estudante,233,95,0.36,Desktop,0,1,1
4157,Masculino,52,AU,Estudante,187,30,0.29,Desktop,0,1,0
4158,Feminino,51,UK,Familia,62,36,0.38,Mobile,0,1,1
4159,Feminino,49,US,Gratuito,272,75,0.53,Mobile,48,0,0
4160,Feminino,18,CA,Gratuito,195,37,0.26,Mobile,47,0,0
4161,Masculino,42,AU,Premium,210,13,0.32,Web,0,1,0
4162,Masculino,38,AU,Familia,226,44,0.26,Mobile,0,1,0
4163,Feminino,24,DE,Familia,71,1,0.28,Desktop,0,1,1
4164,Feminino,36,AU,Gratuito,243,73,0.2,Web,31,0,0
4165,Masculino,16,PK,Premium,131,28,0.31,Web,0,1,1
4166,Feminino,54,AU,Gratuito,112,77,0.32,Desktop,15,0,0
4167,Feminino,40,PK,Estudante,190,81,0.09,Desktop,0,1,0
4168,Feminino,46,US,Premium,171,91,0.14,Web,0,1,0
4169,Feminino,31,IN,Familia,20,47,0.12,Mobile,0,1,0
4170,Feminino,42,UK,Estudante,256,49,0.12,Mobile,0,1,0
4171,Feminino,42,US,Gratuito,66,53,0.5,Web,25,0,0
4172,Masculino,59,PK,Premium,199,67,0.14,Mobile,0,1,0
4173,Feminino,24,AU,Premium,92,79,0.47,Web,0,1,0
4174,Feminino,21,CA,Premium,161,49,0.34,Desktop,0,1,0
4175,Feminino,38,DE,Gratuito,296,65,0.37,Web,14,0,0
4176,Feminino,29,US,Estudante,219,49,0.48,Mobile,0,1,0
4177,Feminino,20,US,Premium,45,1,0.57,Web,0,1,0
4178,Feminino,44,IN,Premium,154,98,0.07,Mobile,0,1,1
4179,Feminino,58,PK,Gratuito,228,14,0.03,Mobile,41,0,0
4180,Feminino,34,CA,Premium,163,14,0.07,Web,0,1,0
4181,Masculino,36,FR,Premium,113,30,0.08,Mobile,0,1,0
4182,Feminino,51,IN,Premium,70,91,0.04,Desktop,0,1,0
4183,Feminino,48,DE,Gratuito,209,66,0.37,Web,29,0,1
4184,Masculino,44,PK,Premium,200,14,0.28,Mobile,0,1,0
4185,Masculino,55,CA,Familia,111,46,0.4,Desktop,0,1,1
4186,Masculino,39,PK,Premium,186,37,0.38,Mobile,0,1,0
4187,Feminino,34,US,Familia,250,13,0.48,Web,0,1,1
4188,Masculino,32,AU,Gratuito,31,30,0.5,Desktop,41,0,0
4189,Feminino,30,IN,Premium,195,87,0.1,Desktop,0,1,1
4190,Feminino,34,UK,Familia,239,53,0.28,Mobile,0,1,0
4191,Feminino,56,AU,Estudante,273,29,0.23,Mobile,0,1,1
4192,Masculino,24,PK,Gratuito,260,46,0.42,Mobile,10,0,0
4193,Feminino,54,AU,Gratuito,168,71,0.58,Mobile,31,0,0
4194,Feminino,27,FR,Estudante,185,6,0.1,Mobile,0,1,1
4195,Masculino,33,IN,Estudante,252,56,0.44,Desktop,0,1,1
4196,Feminino,26,AU,Gratuito,229,16,0.4,Mobile,45,0,0
4197,Feminino,47,DE,Premium,225,68,0.25,Desktop,0,1,1
4198,Feminino,16,AU,Familia,146,81,0.56,Web,0,1,0
4199,Feminino,18,US,Premium,27,83,0.47,Desktop,0,1,1
4200,Feminino,28,CA,Estudante,21,61,0.26,Mobile,0,1,1
4201,Feminino,59,FR,Estudante,251,77,0.1,Mobile,0,1,1
4202,Masculino,45,PK,Familia,284,90,0.48,Web,0,1,0
4203,Masculino,57,US,Familia,226,55,0.6,Mobile,0,1,0
4204,Feminino,22,FR,Gratuito,239,73,0.46,Web,45,0,1
4205,Masculino,28,AU,Familia,229,12,0.48,Desktop,0,1,0
4206,Feminino,37,UK,Estudante,213,40,0.57,Desktop,0,1,0
4207,Masculino,35,PK,Familia,90,37,0.21,Mobile,0,1,0
4208,Feminino,57,FR,Premium,18,62,0.47,Mobile,0,1,0
4209,Masculino,17,UK,Familia,48,44,0.59,Web,0,1,1
4210,Feminino,30,AU,Familia,76,5,0.2,Mobile,0,1,1
4211,Feminino,33,DE,Premium,202,21,0.51,Web,0,1,1
4212,Masculino,49,PK,Estudante,207,85,0.39,Web,0,1,0
4213,Masculino,25,UK,Premium,115,35,0.21,Mobile,0,1,0
4214,Feminino,41,DE,Premium,263,76,0.56,Mobile,0,1,0
4215,Feminino,39,IN,Gratuito,77,64,0.34,Web,37,0,1
4216,Masculino,47,AU,Premium,115,90,0.24,Web,0,1,0
4217,Feminino,59,IN,Estudante,286,68,0.46,Desktop,0,1,0
4218,Masculino,25,FR,Estudante,68,37,0.2,Desktop,0,1,1
4219,Masculino,50,IN,Premium,252,22,0.41,Web,0,1,0
4220,Feminino,29,IN,Familia,181,86,0.5,Desktop,0,1,1
4221,Feminino,39,DE,Estudante,150,12,0.16,Desktop,0,1,0
4222,Masculino,25,CA,Premium,166,8,0.56,Web,0,1,0
4223,Masculino,49,UK,Familia,253,75,0.13,Mobile,0,1,1
4224,Masculino,50,PK,Familia,45,83,0.18,Desktop,0,1,0
4225,Feminino,36,FR,Gratuito,72,65,0.43,Mobile,24,0,0
4226,Feminino,56,UK,Gratuito,198,28,0.0,Web,24,0,0
4227,Feminino,37,UK,Gratuito,16,43,0.39,Mobile,43,0,0
4228,Feminino,44,FR,Familia,170,32,0.3,Mobile,0,1,1
4229,Feminino,42,AU,Familia,68,19,0.4,Desktop,0,1,1
4230,Feminino,19,US,Premium,218,18,0.46,Desktop,0,1,0
4231,Feminino,52,FR,Estudante,124,59,0.41,Desktop,0,1,0
4232,Feminino,37,AU,Familia,133,67,0.17,Desktop,0,1,0
4233,Feminino,26,DE,Premium,137,58,0.36,Web,0,1,1
4234,Feminino,58,UK,Premium,293,99,0.31,Mobile,0,1,1
4235,Feminino,52,AU,Familia,18,4,0.12,Web,0,1,0
4236,Masculino,42,PK,Estudante,42,34,0.6,Web,0,1,1
4237,Feminino,56,UK,Gratuito,125,81,0.08,Web,17,0,0
4238,Masculino,47,CA,Familia,266,52,0.54,Desktop,0,1,1
4239,Feminino,31,CA,Estudante,13,70,0.34,Desktop,0,1,0
4240,Feminino,41,CA,Estudante,57,72,0.09,Desktop,0,1,1
4241,Feminino,47,FR,Premium,23,66,0.59,Desktop,0,1,1
4242,Feminino,25,AU,Gratuito,108,53,0.14,Web,30,0,0
4243,Masculino,20,PK,Gratuito,102,85,0.09,Mobile,39,0,0
4244,Feminino,16,FR,Familia,91,79,0.53,Mobile,0,1,0
4245,Masculino,34,PK,Premium,74,40,0.01,Desktop,0,1,0
4246,Feminino,24,CA,Gratuito,171,38,0.28,Web,43,0,0
4247,Feminino,44,DE,Gratuito,197,85,0.39,Web,18,0,0
4248,Feminino,36,AU,Premium,203,72,0.19,Web,0,1,0
4249,Feminino,30,FR,Gratuito,106,25,0.57,Web,11,0,1
4250,Feminino,42,AU,Gratuito,225,8,0.32,Web,8,0,0
4251,Masculino,25,AU,Premium,280,26,0.42,Desktop,0,1,0
4252,Feminino,58,US,Familia,78,87,0.0,Desktop,0,1,0
4253,Feminino,53,DE,Estudante,176,6,0.51,Web,0,1,0
4254,Feminino,23,IN,Premium,287,64,0.05,Mobile,0,1,0
4255,Feminino,23,US,Familia,42,31,0.32,Desktop,0,1,0
4256,Feminino,25,AU,Premium,272,94,0.23,Mobile,0,1,0
4257,Masculino,46,AU,Premium,10,99,0.18,Mobile,0,1,1
4258,Feminino,49,FR,Premium,203,79,0.35,Web,0,1,1
4259,Feminino,56,CA,Estudante,123,71,0.5,Desktop,0,1,0
4260,Feminino,56,FR,Familia,115,34,0.59,Desktop,0,1,1
4261,Masculino,50,DE,Familia,227,30,0.04,Mobile,0,1,0
4262,Feminino,48,AU,Premium,40,8,0.29,Mobile,0,1,1
4263,Feminino,30,CA,Estudante,179,61,0.4,Desktop,0,1,1
4264,Feminino,23,FR,Estudante,290,74,0.19,Desktop,0,1,0
4265,Feminino,50,AU,Gratuito,57,91,0.21,Desktop,13,0,0
4266,Feminino,57,CA,Premium,10,72,0.43,Desktop,0,1,0
4267,Feminino,26,IN,Gratuito,88,91,0.25,Mobile,33,0,1
4268,Feminino,18,AU,Estudante,237,76,0.57,Mobile,0,1,0
4269,Feminino,28,DE,Estudante,268,39,0.42,Web,0,1,0
4270,Masculino,54,US,Familia,100,23,0.44,Web,0,1,0
4271,Feminino,36,CA,Premium,83,71,0.08,Mobile,0,1,0
4272,Feminino,28,US,Familia,177,26,0.22,Desktop,0,1,0
4273,Feminino,40,UK,Premium,146,93,0.52,Desktop,0,1,0
4274,Feminino,19,UK,Premium,182,2,0.53,Desktop,0,1,1
4275,Feminino,33,CA,Premium,180,32,0.34,Desktop,0,1,0
4276,Feminino,52,PK,Premium,64,78,0.46,Desktop,0,1,0
4277,Masculino,23,FR,Gratuito,115,85,0.16,Web,23,0,1
4278,Feminino,34,AU,Gratuito,101,26,0.19,Mobile,46,0,0
4279,Masculino,22,PK,Estudante,185,11,0.17,Mobile,0,1,0
4280,Feminino,36,DE,Estudante,80,21,0.2,Web,0,1,0
4281,Masculino,52,US,Gratuito,260,11,0.12,Web,11,0,0
4282,Feminino,21,FR,Gratuito,269,86,0.16,Mobile,43,0,1
4283,Feminino,30,PK,Gratuito,141,1,0.49,Web,13,0,0
4284,Feminino,51,FR,Familia,291,72,0.33,Desktop,0,1,0
4285,Masculino,18,IN,Estudante,111,14,0.6,Mobile,0,1,0
4286,Feminino,43,AU,Premium,187,75,0.54,Desktop,0,1,0
4287,Masculino,45,AU,Gratuito,202,21,0.14,Mobile,41,0,1
4288,Feminino,31,PK,Gratuito,82,54,0.47,Web,6,0,0
4289,Feminino,20,AU,Gratuito,286,53,0.45,Desktop,46,0,1
4290,Feminino,23,UK,Familia,128,82,0.36,Desktop,0,1,0
4291,Feminino,18,CA,Gratuito,235,36,0.19,Desktop,25,0,0
4292,Feminino,45,FR,Gratuito,102,77,0.1,Mobile,22,0,0
4293,Masculino,22,AU,Familia,149,91,0.48,Desktop,0,1,0
4294,Feminino,50,AU,Familia,215,46,0.54,Web,0,1,0
4295,Feminino,49,PK,Premium,66,25,0.27,Mobile,0,1,0
4296,Feminino,50,CA,Gratuito,272,60,0.32,Desktop,5,0,0
4297,Masculino,43,DE,Familia,194,21,0.26,Desktop,0,1,0
4298,Masculino,25,AU,Familia,38,38,0.46,Mobile,0,1,0
4299,Feminino,22,DE,Gratuito,247,57,0.42,Desktop,31,0,1
4300,Masculino,18,AU,Familia,109,93,0.45,Mobile,0,1,0
4301,Feminino,52,CA,Premium,145,90,0.14,Desktop,0,1,0
4302,Masculino,26,CA,Premium,148,91,0.01,Web,0,1,0
4303,Feminino,26,UK,Premium,244,12,0.3,Desktop,0,1,0
4304,Feminino,41,CA,Familia,192,81,0.43,Desktop,0,1,0
4305,Masculino,33,US,Familia,236,64,0.34,Web,0,1,0
4306,Feminino,19,AU,Gratuito,46,22,0.11,Mobile,48,0,0
4307,Masculino,22,DE,Gratuito,282,31,0.6,Desktop,6,0,0
4308,Masculino,49,DE,Familia,286,60,0.57,Mobile,0,1,0
4309,Masculino,46,IN,Familia,49,74,0.2,Desktop,0,1,1
4310,Feminino,59,FR,Premium,25,41,0.42,Mobile,0,1,1
4311,Feminino,22,IN,Estudante,40,98,0.44,Desktop,0,1,0
4312,Masculino,18,US,Estudante,131,10,0.3,Web,0,1,0
4313,Masculino,30,US,Gratuito,103,11,0.25,Desktop,24,0,0
4314,Feminino,38,US,Estudante,180,77,0.08,Desktop,0,1,0
4315,Feminino,28,AU,Estudante,45,97,0.39,Mobile,0,1,0
4316,Feminino,26,PK,Premium,13,39,0.31,Web,0,1,0
4317,Masculino,30,UK,Familia,154,77,0.29,Desktop,0,1,0
4318,Masculino,24,PK,Premium,52,86,0.28,Desktop,0,1,0
4319,Feminino,28,FR,Familia,292,5,0.41,Mobile,0,1,0
4320,Masculino,18,DE,Familia,182,90,0.13,Desktop,0,1,1
4321,Masculino,21,FR,Familia,24,63,0.26,Desktop,0,1,0
4322,Feminino,27,US,Familia,167,79,0.07,Desktop,0,1,0
4323,Masculino,55,PK,Familia,139,7,0.06,Mobile,0,1,1
4324,Masculino,35,IN,Familia,53,73,0.18,Desktop,0,1,0
4325,Masculino,38,FR,Premium,253,47,0.38,Web,0,1,0
4326,Masculino,24,FR,Premium,25,98,0.5,Web,0,1,0
4327,Feminino,33,AU,Estudante,31,97,0.26,Desktop,0,1,1
4328,Masculino,31,FR,Familia,150,43,0.44,Web,0,1,1
4329,Feminino,57,AU,Premium,123,8,0.57,Web,0,1,0
4330,Masculino,45,DE,Premium,248,14,0.45,Mobile,0,1,0
4331,Feminino,53,FR,Gratuito,167,2,0.1,Mobile,34,0,0
4332,Feminino,45,DE,Gratuito,219,68,0.6,Desktop,45,0,0
4333,Masculino,33,AU,Gratuito,160,40,0.03,Web,18,0,0
4334,Feminino,16,IN,Estudante,60,12,0.19,Desktop,0,1,0
4335,Feminino,36,PK,Familia,211,48,0.42,Mobile,0,1,1
4336,Feminino,28,UK,Estudante,63,82,0.17,Desktop,0,1,1
4337,Feminino,28,US,Premium,114,23,0.09,Desktop,0,1,0
4338,Masculino,49,PK,Estudante,274,38,0.1,Desktop,0,1,0
4339,Feminino,59,PK,Estudante,97,35,0.01,Mobile,0,1,0
4340,Masculino,53,US,Premium,244,82,0.31,Mobile,0,1,0
4341,Feminino,34,DE,Premium,286,56,0.19,Desktop,0,1,0
4342,Feminino,20,US,Gratuito,133,65,0.04,Desktop,29,0,0
4343,Masculino,35,DE,Premium,199,91,0.02,Mobile,0,1,0
4344,Feminino,16,UK,Premium,117,56,0.0,Web,0,1,1
4345,Feminino,42,AU,Estudante,233,94,0.37,Web,0,1,0
4346,Masculino,39,FR,Gratuito,132,69,0.58,Web,31,0,0
4347,Masculino,31,PK,Premium,79,17,0.3,Desktop,0,1,0
4348,Feminino,32,DE,Estudante,115,56,0.01,Mobile,0,1,0
4349,Masculino,16,CA,Premium,214,6,0.15,Web,0,1,1
4350,Masculino,51,CA,Gratuito,165,81,0.54,Mobile,20,0,0
4351,Feminino,59,US,Familia,85,79,0.09,Mobile,0,1,0
4352,Feminino,45,PK,Gratuito,90,29,0.06,Desktop,14,0,1
4353,Masculino,44,IN,Premium,208,2,0.51,Mobile,0,1,0
4354,Feminino,50,PK,Premium,94,89,0.33,Web,0,1,0
4355,Feminino,25,PK,Gratuito,251,68,0.28,Web,14,0,0
4356,Feminino,31,AU,Familia,268,16,0.49,Desktop,0,1,0
4357,Feminino,55,PK,Gratuito,133,75,0.39,Desktop,10,0,0
4358,Feminino,43,UK,Familia,124,16,0.49,Mobile,0,1,0
4359,Feminino,51,IN,Gratuito,17,2,0.39,Desktop,18,0,0
4360,Feminino,33,AU,Familia,167,99,0.22,Desktop,0,1,0
4361,Feminino,47,UK,Estudante,98,3,0.0,Web,0,1,0
4362,Masculino,45,PK,Gratuito,93,83,0.04,Web,32,0,0
4363,Feminino,58,CA,Estudante,159,4,0.14,Desktop,0,1,1
4364,Feminino,32,US,Premium,147,88,0.15,Web,0,1,0
4365,Feminino,22,PK,Estudante,151,30,0.06,Desktop,0,1,0
4366,Feminino,47,CA,Gratuito,105,30,0.51,Mobile,5,0,0
4367,Feminino,40,US,Estudante,296,57,0.14,Desktop,0,1,0
4368,Masculino,40,CA,Estudante,131,37,0.47,Mobile,0,1,0
4369,Feminino,34,PK,Familia,47,28,0.17,Web,0,1,0
4370,Feminino,57,PK,Premium,129,78,0.54,Mobile,0,1,0
4371,Feminino,30,AU,Familia,217,27,0.33,Web,0,1,1
4372,Feminino,54,FR,Premium,280,18,0.56,Desktop,0,1,0
4373,Feminino,36,AU,Familia,108,15,0.04,Desktop,0,1,1
4374,Feminino,19,FR,Familia,262,97,0.6,Web,0,1,0
4375,Feminino,57,AU,Estudante,287,73,0.41,Mobile,0,1,0
4376,Feminino,18,US,Estudante,118,66,0.4,Web,0,1,1
4377,Feminino,25,CA,Familia,93,87,0.14,Mobile,0,1,0
4378,Masculino,50,AU,Premium,139,97,0.12,Mobile,0,1,0
4379,Masculino,16,FR,Gratuito,259,88,0.19,Desktop,12,0,0
4380,Feminino,18,AU,Familia,98,65,0.05,Desktop,0,1,1
4381,Feminino,45,AU,Familia,61,77,0.21,Mobile,0,1,0
4382,Feminino,45,FR,Premium,81,70,0.43,Web,0,1,1
4383,Masculino,46,PK,Gratuito,204,80,0.25,Desktop,47,0,0
4384,Feminino,49,US,Gratuito,158,44,0.09,Desktop,34,0,1
4385,Feminino,21,FR,Gratuito,174,8,0.08,Mobile,14,0,1
4386,Masculino,46,DE,Estudante,72,22,0.19,Desktop,0,1,0
4387,Masculino,32,FR,Estudante,22,81,0.41,Mobile,0,1,0
4388,Feminino,38,DE,Familia,118,72,0.22,Mobile,0,1,0
4389,Masculino,21,FR,Gratuito,292,83,0.3,Desktop,44,0,1
4390,Feminino,27,DE,Gratuito,261,9,0.12,Web,48,0,0
4391,Feminino,35,AU,Estudante,15,33,0.59,Desktop,0,1,0
4392,Feminino,48,AU,Gratuito,92,61,0.27,Mobile,46,0,0
4393,Feminino,52,DE,Familia,50,55,0.35,Mobile,0,1,0
4394,Feminino,58,IN,Premium,144,54,0.33,Web,0,1,0
4395,Feminino,32,PK,Gratuito,137,88,0.21,Mobile,35,0,0
4396,Masculino,28,PK,Familia,195,78,0.38,Web,0,1,1
4397,Masculino,41,IN,Gratuito,61,1,0.39,Mobile,16,0,1
4398,Feminino,53,AU,Familia,297,2,0.37,Mobile,0,1,0
4399,Masculino,47,FR,Estudante,73,34,0.4,Web,0,1,0
4400,Feminino,34,US,Premium,117,53,0.41,Desktop,0,1,0
4401,Masculino,45,CA,Gratuito,243,39,0.31,Desktop,47,0,0
4402,Feminino,19,UK,Premium,150,88,0.59,Web,0,1,0
4403,Masculino,47,DE,Premium,157,62,0.06,Desktop,0,1,0
4404,Masculino,45,CA,Gratuito,201,39,0.51,Mobile,13,0,0
4405,Feminino,24,PK,Premium,211,74,0.15,Desktop,0,1,0
4406,Feminino,45,FR,Gratuito,290,27,0.47,Mobile,29,0,1
4407,Masculino,30,US,Estudante,150,99,0.5,Desktop,0,1,0
4408,Feminino,57,CA,Familia,97,30,0.33,Web,0,1,1
4409,Feminino,50,PK,Estudante,60,93,0.34,Desktop,0,1,0
4410,Feminino,52,CA,Familia,20,60,0.6,Web,0,1,0
4411,Feminino,24,AU,Premium,249,5,0.53,Web,0,1,1
4412,Feminino,59,PK,Estudante,48,37,0.29,Mobile,0,1,1
4413,Feminino,23,US,Estudante,180,63,0.01,Mobile,0,1,0
4414,Feminino,36,CA,Familia,194,91,0.07,Web,0,1,1
4415,Feminino,27,IN,Gratuito,250,24,0.38,Mobile,6,0,0
4416,Feminino,21,DE,Gratuito,195,55,0.07,Desktop,43,0,1
4417,Masculino,33,IN,Premium,262,60,0.31,Desktop,0,1,0
4418,Feminino,28,IN,Familia,249,78,0.24,Web,0,1,0
4419,Feminino,43,US,Familia,177,66,0.24,Desktop,0,1,0
4420,Feminino,49,US,Estudante,101,39,0.39,Desktop,0,1,0
4421,Feminino,23,AU,Estudante,84,23,0.04,Web,0,1,0
4422,Feminino,49,PK,Familia,255,88,0.44,Web,0,1,0
4423,Feminino,23,CA,Gratuito,234,87,0.27,Desktop,25,0,0
4424,Feminino,46,DE,Estudante,149,83,0.56,Desktop,0,1,1
4425,Masculino,53,IN,Gratuito,289,55,0.25,Desktop,46,0,0
4426,Masculino,17,PK,Estudante,266,28,0.47,Desktop,0,1,1
4427,Feminino,35,PK,Familia,214,29,0.27,Mobile,0,1,0
4428,Masculino,48,IN,Familia,176,65,0.11,Mobile,0,1,0
4429,Feminino,22,UK,Premium,36,32,0.44,Web,0,1,0
4430,Masculino,22,IN,Gratuito,291,43,0.14,Desktop,7,0,1
4431,Feminino,30,AU,Premium,176,68,0.56,Mobile,0,1,0
4432,Feminino,17,IN,Estudante,108,17,0.17,Mobile,0,1,0
4433,Masculino,58,DE,Familia,232,15,0.01,Mobile,0,1,0
4434,Feminino,58,DE,Estudante,13,78,0.43,Mobile,0,1,0
4435,Feminino,26,US,Familia,279,39,0.45,Web,0,1,0
4436,Feminino,39,IN,Familia,45,47,0.53,Mobile,0,1,0
4437,Masculino,52,CA,Gratuito,153,97,0.39,Desktop,48,0,0
4438,Masculino,34,IN,Gratuito,203,56,0.04,Web,19,0,0
4439,Feminino,31,US,Familia,258,75,0.38,Desktop,0,1,0
4440,Masculino,21,UK,Premium,279,45,0.16,Web,0,1,0
4441,Feminino,57,US,Gratuito,106,47,0.4,Web,20,0,1
4442,Masculino,33,DE,Premium,101,72,0.19,Mobile,0,1,0
4443,Feminino,31,US,Premium,23,76,0.55,Desktop,0,1,0
4444,Masculino,17,AU,Estudante,85,66,0.49,Web,0,1,0
4445,Feminino,19,CA,Gratuito,150,20,0.34,Mobile,39,0,0
4446,Feminino,56,PK,Familia,12,66,0.56,Web,0,1,1
4447,Feminino,52,CA,Familia,38,85,0.23,Web,0,1,1
4448,Feminino,48,DE,Estudante,44,68,0.2,Web,0,1,0
4449,Feminino,58,AU,Familia,75,20,0.05,Web,0,1,0
4450,Feminino,22,PK,Familia,161,78,0.29,Desktop,0,1,1
4451,Masculino,22,US,Estudante,66,52,0.52,Desktop,0,1,1
4452,Masculino,16,AU,Gratuito,60,9,0.6,Desktop,39,0,0
4453,Feminino,55,PK,Gratuito,179,44,0.3,Web,20,0,0
4454,Feminino,42,PK,Estudante,224,63,0.32,Web,0,1,1
4455,Masculino,54,UK,Premium,225,24,0.53,Desktop,0,1,0
4456,Feminino,52,IN,Familia,74,79,0.26,Desktop,0,1,0
4457,Feminino,39,PK,Premium,226,71,0.02,Mobile,0,1,0
4458,Feminino,55,CA,Gratuito,285,30,0.33,Mobile,27,0,0
4459,Masculino,26,DE,Familia,275,19,0.17,Desktop,0,1,0
4460,Masculino,52,US,Familia,247,11,0.04,Web,0,1,1
4461,Feminino,34,DE,Estudante,153,82,0.47,Desktop,0,1,0
4462,Feminino,16,IN,Gratuito,296,77,0.1,Web,22,0,0
4463,Feminino,31,UK,Estudante,129,97,0.21,Desktop,0,1,0
4464,Feminino,47,US,Gratuito,283,24,0.15,Web,28,0,0
4465,Feminino,30,AU,Familia,79,67,0.22,Desktop,0,1,1
4466,Feminino,50,IN,Familia,282,19,0.38,Desktop,0,1,1
4467,Feminino,30,IN,Gratuito,159,57,0.46,Desktop,15,0,0
4468,Masculino,20,AU,Estudante,147,41,0.19,Mobile,0,1,0
4469,Masculino,29,PK,Gratuito,92,96,0.08,Web,43,0,0
4470,Masculino,26,FR,Gratuito,86,65,0.0,Desktop,32,0,0
4471,Feminino,45,AU,Gratuito,209,81,0.26,Mobile,26,0,1
4472,Masculino,21,AU,Premium,157,64,0.4,Mobile,0,1,1
4473,Feminino,17,US,Estudante,224,5,0.25,Web,0,1,0
4474,Masculino,34,CA,Estudante,278,28,0.25,Desktop,0,1,0
4475,Feminino,41,UK,Estudante,183,66,0.4,Web,0,1,0
4476,Feminino,47,FR,Gratuito,135,28,0.32,Desktop,34,0,0
4477,Feminino,21,US,Estudante,36,1,0.02,Mobile,0,1,0
4478,Feminino,44,CA,Gratuito,209,34,0.44,Mobile,19,0,0
4479,Feminino,32,DE,Familia,159,88,0.31,Mobile,0,1,0
4480,Masculino,30,IN,Gratuito,204,97,0.31,Web,9,0,0
4481,Masculino,19,DE,Estudante,235,86,0.36,Desktop,0,1,0
4482,Feminino,33,UK,Premium,115,30,0.58,Desktop,0,1,1
4483,Feminino,43,CA,Gratuito,201,37,0.19,Web,49,0,0
4484,Masculino,52,UK,Premium,46,75,0.07,Web,0,1,0
4485,Masculino,21,FR,Familia,83,67,0.39,Web,0,1,1
4486,Masculino,55,AU,Estudante,98,70,0.07,Desktop,0,1,0
4487,Masculino,59,DE,Premium,251,21,0.02,Web,0,1,0
4488,Masculino,19,CA,Premium,241,20,0.03,Mobile,0,1,0
4489,Feminino,36,UK,Gratuito,276,29,0.56,Web,47,0,0
4490,Feminino,33,IN,Premium,41,90,0.56,Desktop,0,1,0
4491,Feminino,57,DE,Estudante,57,42,0.37,Desktop,0,1,1
4492,Masculino,51,DE,Familia,296,31,0.49,Mobile,0,1,0
4493,Masculino,51,PK,Estudante,223,55,0.42,Desktop,0,1,0
4494,Masculino,55,IN,Premium,273,66,0.05,Mobile,0,1,1
4495,Masculino,30,AU,Gratuito,150,9,0.05,Web,40,0,0
4496,Masculino,41,PK,Gratuito,20,84,0.52,Mobile,17,0,1
4497,Masculino,54,IN,Estudante,51,60,0.18,Mobile,0,1,0
4498,Feminino,49,IN,Premium,25,6,0.34,Web,0,1,0
4499,Masculino,27,DE,Gratuito,297,18,0.15,Desktop,41,0,0
4500,Feminino,55,DE,Estudante,235,72,0.55,Mobile,0,1,0
4501,Masculino,56,AU,Familia,117,9,0.56,Web,0,1,0
4502,Feminino,45,US,Familia,77,92,0.12,Mobile,0,1,0
4503,Feminino,46,PK,Gratuito,296,52,0.33,Mobile,31,0,0
4504,Feminino,31,IN,Premium,65,51,0.19,Web,0,1,0
4505,Feminino,33,PK,Premium,133,11,0.43,Mobile,0,1,1
4506,Masculino,20,PK,Premium,107,85,0.1,Mobile,0,1,0
4507,Feminino,26,US,Familia,75,73,0.5,Web,0,1,1
4508,Feminino,46,PK,Gratuito,225,18,0.0,Web,48,0,0
4509,Feminino,31,UK,Estudante,147,27,0.24,Desktop,0,1,0
4510,Masculino,36,AU,Gratuito,34,24,0.35,Desktop,23,0,0
4511,Masculino,24,CA,Premium,267,54,0.02,Mobile,0,1,1
4512,Feminino,51,UK,Gratuito,97,36,0.25,Desktop,10,0,0
4513,Feminino,29,IN,Gratuito,254,81,0.59,Mobile,27,0,0
4514,Feminino,33,US,Estudante,253,30,0.07,Mobile,0,1,0
4515,Feminino,46,IN,Premium,182,20,0.47,Desktop,0,1,0
4516,Feminino,23,IN,Gratuito,27,95,0.4,Mobile,47,0,0
4517,Feminino,19,AU,Familia,51,76,0.04,Desktop,0,1,0
4518,Masculino,33,US,Premium,149,36,0.32,Mobile,0,1,0
4519,Feminino,24,FR,Gratuito,271,7,0.12,Desktop,48,0,0
4520,Masculino,16,PK,Premium,289,42,0.15,Mobile,0,1,0
4521,Feminino,28,CA,Estudante,293,40,0.25,Mobile,0,1,0
4522,Feminino,58,US,Gratuito,257,56,0.25,Mobile,24,0,0
4523,Feminino,52,IN,Gratuito,63,99,0.41,Desktop,15,0,0
4524,Feminino,58,DE,Gratuito,22,74,0.25,Mobile,20,0,1
4525,Masculino,57,PK,Gratuito,230,65,0.49,Desktop,15,0,1
4526,Feminino,18,PK,Premium,155,79,0.32,Mobile,0,1,0
4527,Masculino,42,AU,Familia,193,24,0.56,Web,0,1,0
4528,Feminino,32,CA,Familia,65,88,0.06,Web,0,1,0
4529,Masculino,40,FR,Familia,29,20,0.57,Web,0,1,0
4530,Masculino,53,IN,Familia,265,14,0.39,Mobile,0,1,0
4531,Masculino,25,IN,Premium,43,6,0.09,Desktop,0,1,1
4532,Feminino,23,UK,Estudante,98,33,0.13,Web,0,1,0
4533,Masculino,40,CA,Gratuito,86,18,0.31,Mobile,48,0,0
4534,Feminino,25,PK,Estudante,34,91,0.11,Desktop,0,1,0
4535,Feminino,49,AU,Estudante,113,42,0.32,Desktop,0,1,0
4536,Feminino,28,DE,Gratuito,255,68,0.1,Mobile,45,0,1
4537,Feminino,59,CA,Familia,38,30,0.15,Web,0,1,0
4538,Feminino,51,US,Premium,209,12,0.27,Desktop,0,1,0
4539,Feminino,40,AU,Gratuito,35,43,0.12,Mobile,38,0,0
4540,Feminino,19,UK,Familia,65,14,0.07,Mobile,0,1,0
4541,Masculino,33,DE,Gratuito,219,55,0.52,Web,7,0,0
4542,Feminino,21,FR,Premium,103,82,0.37,Web,0,1,1
4543,Feminino,17,UK,Gratuito,204,6,0.49,Web,44,0,0
4544,Feminino,38,FR,Gratuito,42,31,0.51,Mobile,15,0,0
4545,Masculino,35,IN,Familia,194,76,0.12,Desktop,0,1,0
4546,Feminino,30,CA,Familia,32,35,0.31,Desktop,0,1,0
4547,Feminino,37,DE,Premium,22,91,0.3,Desktop,0,1,0
4548,Feminino,42,DE,Familia,74,97,0.02,Desktop,0,1,0
4549,Masculino,26,UK,Gratuito,233,69,0.42,Desktop,16,0,0
4550,Feminino,24,CA,Gratuito,88,72,0.3,Web,41,0,0
4551,Masculino,45,AU,Premium,52,74,0.54,Desktop,0,1,1
4552,Feminino,23,FR,Estudante,232,30,0.52,Mobile,0,1,0
4553,Feminino,56,IN,Estudante,221,72,0.3,Desktop,0,1,0
4554,Feminino,39,UK,Premium,239,39,0.1,Mobile,0,1,0
4555,Feminino,49,DE,Familia,105,99,0.01,Web,0,1,0
4556,Feminino,20,IN,Familia,186,26,0.41,Desktop,0,1,0
4557,Feminino,24,CA,Premium,205,86,0.21,Mobile,0,1,0
4558,Feminino,56,FR,Premium,249,96,0.19,Desktop,0,1,1
4559,Feminino,23,UK,Familia,242,2,0.34,Mobile,0,1,0
4560,Feminino,54,FR,Familia,108,65,0.26,Web,0,1,0
4561,Masculino,19,DE,Estudante,179,61,0.19,Mobile,0,1,1
4562,Feminino,32,PK,Premium,106,94,0.07,Desktop,0,1,0
4563,Feminino,31,FR,Estudante,11,61,0.0,Web,0,1,0
4564,Masculino,32,FR,Familia,116,77,0.57,Mobile,0,1,0
4565,Feminino,29,UK,Premium,42,51,0.6,Mobile,0,1,0
4566,Masculino,36,UK,Gratuito,192,45,0.35,Web,37,0,1
4567,Feminino,30,UK,Familia,96,10,0.39,Desktop,0,1,0
4568,Feminino,51,DE,Premium,279,13,0.22,Web,0,1,1
4569,Feminino,23,US,Familia,105,15,0.49,Desktop,0,1,1
4570,Feminino,55,PK,Familia,204,10,0.12,Desktop,0,1,0
4571,Masculino,48,PK,Familia,174,99,0.39,Web,0,1,0
4572,Feminino,19,AU,Premium,125,95,0.57,Desktop,0,1,1
4573,Feminino,44,FR,Gratuito,241,42,0.19,Mobile,33,0,1
4574,Masculino,59,DE,Familia,195,21,0.54,Desktop,0,1,0
4575,Feminino,39,CA,Gratuito,68,43,0.1,Mobile,5,0,1
4576,Masculino,59,FR,Premium,187,79,0.31,Mobile,0,1,1
4577,Feminino,45,AU,Familia,61,95,0.29,Web,0,1,1
4578,Masculino,39,CA,Estudante,112,53,0.27,Mobile,0,1,0
4579,Feminino,31,US,Premium,103,44,0.52,Desktop,0,1,0
4580,Feminino,51,PK,Estudante,126,22,0.58,Mobile,0,1,0
4581,Masculino,18,UK,Premium,276,22,0.18,Mobile,0,1,0
4582,Feminino,58,DE,Premium,225,82,0.06,Desktop,0,1,0
4583,Feminino,35,UK,Gratuito,227,82,0.59,Desktop,7,0,1
4584,Feminino,45,US,Gratuito,181,87,0.57,Mobile,40,0,0
4585,Feminino,44,IN,Estudante,255,74,0.43,Desktop,0,1,0
4586,Feminino,20,US,Premium,112,45,0.55,Web,0,1,0
4587,Feminino,48,AU,Gratuito,29,99,0.4,Desktop,20,0,0
4588,Feminino,50,FR,Premium,129,25,0.34,Mobile,0,1,0
4589,Feminino,48,US,Gratuito,107,6,0.06,Web,45,0,0
4590,Feminino,46,AU,Premium,281,72,0.11,Web,0,1,1
4591,Feminino,23,DE,Familia,28,87,0.39,Desktop,0,1,0
4592,Masculino,40,DE,Estudante,132,39,0.09,Desktop,0,1,0
4593,Masculino,27,US,Premium,274,17,0.24,Desktop,0,1,1
4594,Feminino,36,FR,Familia,205,60,0.43,Mobile,0,1,0
4595,Masculino,56,UK,Estudante,190,94,0.44,Web,0,1,0
4596,Masculino,43,PK,Familia,163,36,0.28,Desktop,0,1,0
4597,Feminino,18,DE,Estudante,143,93,0.59,Desktop,0,1,0
4598,Masculino,23,UK,Gratuito,20,90,0.01,Web,44,0,1
4599,Masculino,55,FR,Premium,234,75,0.54,Web,0,1,0
4600,Feminino,44,DE,Familia,59,6,0.57,Desktop,0,1,1
4601,Masculino,42,AU,Familia,172,28,0.56,Mobile,0,1,0
4602,Feminino,17,FR,Estudante,206,61,0.1,Mobile,0,1,1
4603,Feminino,36,IN,Premium,226,24,0.08,Desktop,0,1,1
4604,Feminino,44,FR,Familia,41,46,0.25,Mobile,0,1,0
4605,Masculino,20,AU,Estudante,215,71,0.56,Mobile,0,1,0
4606,Feminino,55,UK,Estudante,108,66,0.35,Web,0,1,0
4607,Feminino,28,PK,Gratuito,108,68,0.0,Desktop,21,0,1
4608,Feminino,35,FR,Premium,283,39,0.12,Mobile,0,1,0
4609,Masculino,30,US,Familia,36,6,0.06,Web,0,1,1
4610,Feminino,59,PK,Estudante,276,23,0.45,Desktop,0,1,1
4611,Masculino,47,FR,Premium,73,59,0.42,Mobile,0,1,0
4612,Feminino,46,FR,Gratuito,10,41,0.52,Desktop,20,0,1
4613,Masculino,37,PK,Familia,110,38,0.57,Web,0,1,1
4614,Feminino,52,US,Familia,177,83,0.45,Desktop,0,1,0
4615,Feminino,23,DE,Gratuito,155,88,0.34,Web,9,0,0
4616,Feminino,54,UK,Gratuito,33,61,0.59,Mobile,29,0,1
4617,Feminino,49,CA,Gratuito,121,19,0.24,Web,46,0,0
4618,Masculino,53,IN,Familia,205,60,0.37,Desktop,0,1,0
4619,Feminino,29,FR,Gratuito,114,32,0.1,Web,12,0,0
4620,Feminino,33,AU,Familia,50,79,0.14,Desktop,0,1,1
4621,Masculino,58,UK,Premium,145,15,0.32,Web,0,1,0
4622,Feminino,47,AU,Estudante,137,70,0.1,Mobile,0,1,0
4623,Masculino,22,PK,Familia,265,30,0.36,Mobile,0,1,0
4624,Feminino,36,CA,Gratuito,106,30,0.47,Desktop,35,0,0
4625,Feminino,40,DE,Premium,176,16,0.18,Web,0,1,0
4626,Feminino,28,DE,Familia,32,92,0.37,Mobile,0,1,1
4627,Feminino,35,AU,Estudante,161,95,0.53,Web,0,1,0
4628,Masculino,51,US,Premium,85,90,0.33,Web,0,1,1
4629,Feminino,43,AU,Premium,216,55,0.5,Mobile,0,1,0
4630,Masculino,21,US,Estudante,40,99,0.51,Desktop,0,1,1
4631,Feminino,53,IN,Estudante,270,7,0.41,Desktop,0,1,0
4632,Masculino,57,AU,Estudante,237,29,0.56,Mobile,0,1,0
4633,Masculino,27,CA,Gratuito,61,63,0.11,Web,13,0,0
4634,Feminino,34,CA,Estudante,189,94,0.29,Mobile,0,1,0
4635,Masculino,47,IN,Gratuito,287,80,0.43,Web,24,0,1
4636,Masculino,38,US,Estudante,107,80,0.5,Desktop,0,1,0
4637,Masculino,21,IN,Gratuito,121,15,0.01,Web,17,0,0
4638,Masculino,17,CA,Premium,264,61,0.51,Desktop,0,1,0
4639,Masculino,52,UK,Gratuito,253,43,0.41,Desktop,43,0,0
4640,Feminino,31,AU,Gratuito,159,52,0.0,Mobile,41,0,1
4641,Feminino,28,AU,Gratuito,26,36,0.47,Desktop,35,0,0
4642,Feminino,21,UK,Familia,40,61,0.06,Desktop,0,1,0
4643,Feminino,52,PK,Familia,64,85,0.17,Mobile,0,1,0
4644,Feminino,22,IN,Estudante,241,40,0.31,Mobile,0,1,1
4645,Feminino,50,US,Premium,289,16,0.31,Desktop,0,1,0
4646,Feminino,23,IN,Familia,292,74,0.35,Desktop,0,1,0
4647,Feminino,36,UK,Premium,226,2,0.13,Mobile,0,1,1
4648,Feminino,46,IN,Gratuito,238,29,0.45,Mobile,26,0,0
4649,Feminino,51,PK,Estudante,128,40,0.41,Desktop,0,1,0
4650,Masculino,50,FR,Gratuito,184,30,0.01,Web,39,0,0
4651,Feminino,33,AU,Estudante,66,53,0.03,Web,0,1,0
4652,Feminino,28,IN,Estudante,53,8,0.53,Web,0,1,0
4653,Masculino,44,DE,Estudante,180,39,0.51,Mobile,0,1,1
4654,Feminino,37,FR,Premium,110,1,0.05,Desktop,0,1,0
4655,Feminino,31,UK,Familia,212,24,0.44,Mobile,0,1,0
4656,Feminino,49,UK,Gratuito,78,22,0.48,Mobile,48,0,1
4657,Feminino,16,US,Gratuito,278,77,0.47,Desktop,32,0,0
4658,Feminino,31,FR,Gratuito,170,16,0.16,Mobile,45,0,1
4659,Masculino,44,CA,Estudante,210,29,0.29,Desktop,0,1,0
4660,Masculino,48,UK,Estudante,99,12,0.57,Desktop,0,1,0
4661,Feminino,53,DE,Premium,65,47,0.43,Desktop,0,1,0
4662,Feminino,48,US,Estudante,138,38,0.59,Desktop,0,1,0
4663,Feminino,47,IN,Premium,47,71,0.43,Desktop,0,1,0
4664,Masculino,18,FR,Familia,152,57,0.38,Web,0,1,0
4665,Feminino,48,CA,Familia,96,86,0.32,Mobile,0,1,0
4666,Feminino,22,IN,Familia,261,32,0.31,Web,0,1,0
4667,Masculino,35,UK,Estudante,156,63,0.45,Desktop,0,1,0
4668,Masculino,42,IN,Gratuito,268,64,0.22,Mobile,44,0,0
4669,Feminino,31,FR,Premium,246,92,0.3,Web,0,1,0
4670,Feminino,32,AU,Estudante,243,79,0.36,Desktop,0,1,1
4671,Masculino,37,DE,Gratuito,218,76,0.44,Desktop,46,0,1
4672,Masculino,24,AU,Familia,68,27,0.54,Web,0,1,0
4673,Feminino,19,DE,Familia,16,48,0.45,Desktop,0,1,0
4674,Feminino,38,DE,Estudante,89,86,0.12,Web,0,1,0
4675,Feminino,44,FR,Gratuito,11,82,0.37,Mobile,36,0,1
4676,Feminino,48,AU,Familia,169,93,0.15,Web,0,1,0
4677,Feminino,56,US,Gratuito,225,53,0.27,Desktop,47,0,0
4678,Feminino,30,CA,Estudante,21,67,0.37,Web,0,1,0
4679,Masculino,17,DE,Estudante,164,18,0.13,Mobile,0,1,0
4680,Feminino,28,FR,Gratuito,240,28,0.22,Web,16,0,0
4681,Feminino,32,US,Familia,58,97,0.27,Mobile,0,1,1
4682,Feminino,24,IN,Familia,243,64,0.1,Desktop,0,1,0
4683,Feminino,26,UK,Estudante,133,91,0.14,Desktop,0,1,1
4684,Feminino,22,AU,Familia,201,43,0.11,Desktop,0,1,0
4685,Feminino,27,DE,Premium,291,11,0.51,Web,0,1,1
4686,Feminino,50,UK,Premium,291,18,0.55,Mobile,0,1,0
4687,Masculino,37,DE,Estudante,96,23,0.36,Mobile,0,1,0
4688,Masculino,49,FR,Familia,34,93,0.37,Mobile,0,1,0
4689,Masculino,48,US,Estudante,33,52,0.43,Web,0,1,1
4690,Feminino,45,AU,Estudante,166,59,0.56,Desktop,0,1,0
4691,Feminino,58,FR,Familia,297,56,0.53,Desktop,0,1,1
4692,Feminino,35,US,Premium,204,40,0.17,Mobile,0,1,0
4693,Masculino,36,FR,Premium,182,81,0.26,Desktop,0,1,0
4694,Feminino,33,IN,Familia,102,18,0.09,Web,0,1,0
4695,Masculino,28,AU,Premium,119,25,0.52,Mobile,0,1,0
4696,Masculino,32,IN,Familia,274,62,0.51,Mobile,0,1,1
4697,Masculino,34,IN,Familia,177,11,0.34,Web,0,1,0
4698,Feminino,20,FR,Familia,163,96,0.11,Mobile,0,1,0
4699,Feminino,58,UK,Premium,103,54,0.28,Mobile,0,1,1
4700,Feminino,30,IN,Estudante,136,16,0.22,Mobile,0,1,0
4701,Feminino,33,US,Premium,266,45,0.39,Mobile,0,1,1
4702,Feminino,34,AU,Familia,29,43,0.53,Web,0,1,0
4703,Masculino,20,IN,Gratuito,266,36,0.46,Desktop,34,0,0
4704,Feminino,39,PK,Gratuito,172,58,0.45,Desktop,12,0,0
4705,Masculino,28,PK,Familia,33,28,0.18,Web,0,1,1
4706,Feminino,32,FR,Gratuito,110,50,0.01,Mobile,13,0,0
4707,Masculino,48,CA,Premium,69,79,0.45,Web,0,1,0
4708,Masculino,49,DE,Gratuito,191,48,0.03,Mobile,36,0,1
4709,Masculino,59,AU,Premium,229,96,0.35,Desktop,0,1,0
4710,Feminino,21,AU,Premium,286,5,0.31,Mobile,0,1,0
4711,Feminino,18,DE,Familia,158,89,0.26,Desktop,0,1,0
4712,Masculino,55,FR,Estudante,136,64,0.28,Web,0,1,1
4713,Feminino,48,US,Estudante,102,51,0.36,Web,0,1,0
4714,Masculino,17,US,Estudante,227,41,0.47,Desktop,0,1,0
4715,Feminino,36,UK,Premium,40,37,0.52,Mobile,0,1,0
4716,Feminino,27,UK,Gratuito,138,40,0.28,Web,27,0,0
4717,Feminino,48,FR,Estudante,251,11,0.24,Desktop,0,1,0
4718,Feminino,20,IN,Premium,174,70,0.32,Mobile,0,1,0
4719,Feminino,49,IN,Gratuito,23,7,0.43,Mobile,40,0,0
4720,Feminino,22,FR,Estudante,280,10,0.32,Desktop,0,1,0
4721,Feminino,54,FR,Premium,242,23,0.15,Desktop,0,1,0
4722,Feminino,55,IN,Premium,28,33,0.23,Web,0,1,1
4723,Masculino,25,DE,Familia,173,71,0.38,Desktop,0,1,0
4724,Feminino,36,AU,Familia,108,57,0.35,Desktop,0,1,0
4725,Feminino,32,UK,Gratuito,161,20,0.01,Desktop,16,0,1
4726,Feminino,33,AU,Estudante,204,88,0.13,Desktop,0,1,0
4727,Feminino,58,US,Familia,208,68,0.19,Desktop,0,1,1
4728,Masculino,32,DE,Estudante,157,43,0.26,Web,0,1,0
4729,Masculino,41,FR,Estudante,273,57,0.46,Desktop,0,1,1
4730,Feminino,39,FR,Gratuito,251,3,0.27,Desktop,9,0,1
4731,Feminino,29,US,Premium,215,38,0.55,Web,0,1,1
4732,Feminino,42,FR,Premium,206,47,0.35,Web,0,1,0
4733,Masculino,56,FR,Estudante,162,29,0.32,Web,0,1,1
4734,Feminino,29,DE,Gratuito,254,30,0.4,Mobile,7,0,0
4735,Feminino,48,FR,Gratuito,171,56,0.41,Web,20,0,0
4736,Feminino,24,UK,Premium,131,38,0.27,Mobile,0,1,0
4737,Feminino,44,AU,Estudante,250,21,0.48,Desktop,0,1,0
4738,Masculino,21,FR,Gratuito,37,55,0.29,Web,36,0,0
4739,Masculino,44,DE,Premium,263,36,0.14,Mobile,0,1,0
4740,Feminino,25,US,Familia,123,20,0.2,Desktop,0,1,1
4741,Masculino,56,US,Premium,294,99,0.01,Desktop,0,1,0
4742,Feminino,46,PK,Estudante,150,77,0.5,Mobile,0,1,0
4743,Masculino,47,FR,Familia,248,23,0.35,Desktop,0,1,0
4744,Feminino,18,US,Premium,221,99,0.15,Web,0,1,0
4745,Feminino,21,DE,Gratuito,167,48,0.21,Web,32,0,0
4746,Masculino,56,FR,Gratuito,242,85,0.1,Mobile,21,0,0
4747,Feminino,56,CA,Estudante,295,26,0.53,Mobile,0,1,0
4748,Masculino,21,FR,Premium,282,21,0.02,Web,0,1,0
4749,Feminino,48,AU,Gratuito,31,46,0.08,Web,47,0,1
4750,Feminino,59,PK,Estudante,71,45,0.22,Web,0,1,0
4751,Feminino,37,AU,Estudante,10,90,0.09,Desktop,0,1,0
4752,Feminino,44,PK,Premium,269,9,0.44,Mobile,0,1,0
4753,Feminino,20,US,Premium,105,80,0.4,Mobile,0,1,0
4754,Feminino,50,DE,Estudante,98,4,0.52,Mobile,0,1,0
4755,Feminino,22,UK,Gratuito,97,62,0.33,Web,45,0,1
4756,Masculino,47,CA,Gratuito,52,43,0.04,Desktop,48,0,0
4757,Feminino,37,PK,Gratuito,242,23,0.56,Web,21,0,0
4758,Feminino,48,DE,Gratuito,44,56,0.5,Desktop,26,0,0
4759,Masculino,22,AU,Gratuito,180,23,0.0,Mobile,9,0,0
4760,Feminino,58,CA,Gratuito,255,90,0.0,Mobile,8,0,0
4761,Masculino,32,IN,Familia,65,25,0.02,Web,0,1,1
4762,Masculino,21,FR,Estudante,131,55,0.21,Web,0,1,0
4763,Feminino,28,AU,Familia,98,25,0.59,Desktop,0,1,1
4764,Masculino,46,IN,Gratuito,116,10,0.54,Mobile,20,0,1
4765,Feminino,43,AU,Estudante,256,4,0.42,Desktop,0,1,0
4766,Masculino,22,CA,Familia,169,41,0.47,Mobile,0,1,0
4767,Feminino,58,IN,Estudante,99,12,0.51,Mobile,0,1,1
4768,Feminino,16,DE,Familia,110,24,0.45,Mobile,0,1,0
4769,Feminino,55,AU,Estudante,178,86,0.24,Web,0,1,0
4770,Feminino,47,DE,Gratuito,104,39,0.21,Desktop,13,0,0
4771,Feminino,31,FR,Estudante,79,57,0.47,Web,0,1,0
4772,Feminino,58,PK,Familia,70,54,0.1,Mobile,0,1,1
4773,Feminino,44,DE,Familia,199,90,0.53,Desktop,0,1,0
4774,Feminino,37,PK,Estudante,262,30,0.42,Desktop,0,1,0
4775,Masculino,23,DE,Estudante,294,27,0.37,Desktop,0,1,1
4776,Feminino,50,CA,Gratuito,74,80,0.59,Desktop,25,0,0
4777,Feminino,47,IN,Familia,45,95,0.43,Web,0,1,0
4778,Masculino,50,AU,Premium,131,27,0.57,Web,0,1,0
4779,Feminino,43,PK,Premium,165,14,0.06,Desktop,0,1,1
4780,Feminino,46,IN,Familia,27,26,0.22,Desktop,0,1,0
4781,Masculino,36,FR,Premium,199,97,0.52,Desktop,0,1,0
4782,Masculino,41,PK,Estudante,107,59,0.4,Desktop,0,1,0
4783,Feminino,39,CA,Estudante,49,84,0.3,Web,0,1,0
4784,Masculino,50,PK,Premium,265,77,0.44,Mobile,0,1,0
4785,Feminino,22,US,Estudante,106,76,0.07,Desktop,0,1,0
4786,Feminino,49,US,Estudante,103,34,0.18,Web,0,1,0
4787,Feminino,59,IN,Gratuito,224,92,0.36,Web,10,0,0
4788,Feminino,57,DE,Familia,243,42,0.32,Desktop,0,1,0
4789,Masculino,34,AU,Gratuito,17,82,0.48,Desktop,19,0,0
4790,Feminino,51,UK,Premium,173,61,0.35,Web,0,1,1
4791,Feminino,46,FR,Premium,97,56,0.26,Desktop,0,1,0
4792,Masculino,22,FR,Gratuito,162,44,0.01,Mobile,15,0,0
4793,Feminino,52,DE,Gratuito,147,9,0.11,Web,21,0,0
4794,Feminino,50,US,Estudante,27,55,0.08,Mobile,0,1,0
4795,Masculino,27,US,Gratuito,88,52,0.1,Web,10,0,0
4796,Masculino,38,CA,Estudante,294,55,0.31,Desktop,0,1,0
4797,Masculino,59,AU,Familia,235,46,0.3,Mobile,0,1,1
4798,Feminino,45,AU,Estudante,296,5,0.39,Mobile,0,1,1
4799,Feminino,31,UK,Premium,249,86,0.57,Web,0,1,0
4800,Masculino,22,PK,Familia,197,85,0.03,Mobile,0,1,0
4801,Feminino,24,PK,Premium,221,67,0.58,Mobile,0,1,0
4802,Feminino,44,FR,Gratuito,46,20,0.23,Desktop,32,0,0
4803,Feminino,59,US,Estudante,18,95,0.46,Desktop,0,1,0
4804,Feminino,34,FR,Premium,105,24,0.58,Mobile,0,1,0
4805,Masculino,28,US,Estudante,256,84,0.21,Mobile,0,1,0
4806,Feminino,40,UK,Gratuito,253,55,0.09,Web,25,0,0
4807,Feminino,33,CA,Gratuito,27,66,0.4,Desktop,28,0,1
4808,Feminino,27,FR,Estudante,224,88,0.01,Mobile,0,1,0
4809,Feminino,56,DE,Estudante,24,29,0.16,Web,0,1,0
4810,Masculino,26,US,Gratuito,102,2,0.04,Desktop,19,0,0
4811,Feminino,54,FR,Premium,231,41,0.15,Mobile,0,1,0
4812,Feminino,32,AU,Familia,275,95,0.1,Web,0,1,0
4813,Feminino,26,PK,Gratuito,70,7,0.5,Desktop,30,0,0
4814,Masculino,45,AU,Gratuito,247,79,0.06,Web,13,0,0
4815,Feminino,58,CA,Gratuito,290,49,0.14,Mobile,44,0,1
4816,Masculino,32,PK,Familia,50,80,0.07,Desktop,0,1,0
4817,Masculino,40,FR,Familia,50,39,0.2,Mobile,0,1,0
4818,Feminino,44,DE,Estudante,254,33,0.04,Web,0,1,1
4819,Masculino,17,UK,Estudante,166,53,0.32,Desktop,0,1,0
4820,Feminino,29,CA,Gratuito,262,28,0.4,Desktop,9,0,0
4821,Feminino,47,FR,Premium,208,48,0.38,Mobile,0,1,1
4822,Feminino,24,UK,Familia,36,47,0.08,Desktop,0,1,0
4823,Masculino,59,AU,Estudante,207,9,0.06,Mobile,0,1,0
4824,Feminino,21,CA,Gratuito,281,84,0.34,Mobile,5,0,0
4825,Feminino,17,FR,Estudante,50,19,0.32,Desktop,0,1,0
4826,Masculino,42,UK,Estudante,80,71,0.34,Desktop,0,1,1
4827,Feminino,24,IN,Premium,17,88,0.0,Desktop,0,1,0
4828,Masculino,28,PK,Familia,267,64,0.02,Desktop,0,1,1
4829,Feminino,26,FR,Familia,126,41,0.2,Mobile,0,1,0
4830,Masculino,50,IN,Gratuito,53,5,0.36,Mobile,11,0,1
4831,Masculino,21,US,Gratuito,113,70,0.07,Web,9,0,0
4832,Feminino,51,PK,Estudante,165,43,0.39,Web,0,1,1
4833,Masculino,30,AU,Premium,43,99,0.51,Web,0,1,0
4834,Feminino,48,US,Familia,243,65,0.23,Web,0,1,0
4835,Feminino,19,UK,Premium,192,79,0.22,Web,0,1,0
4836,Feminino,53,AU,Estudante,151,22,0.54,Mobile,0,1,1
4837,Masculino,30,UK,Familia,23,55,0.12,Mobile,0,1,0
4838,Feminino,16,FR,Familia,188,95,0.25,Desktop,0,1,0
4839,Masculino,39,FR,Premium,125,43,0.42,Mobile,0,1,1
4840,Feminino,51,AU,Premium,264,94,0.49,Mobile,0,1,1
4841,Masculino,33,CA,Gratuito,253,67,0.54,Mobile,34,0,0
4842,Masculino,34,FR,Estudante,48,87,0.04,Web,0,1,0
4843,Masculino,41,CA,Familia,17,95,0.23,Mobile,0,1,0
4844,Feminino,57,US,Estudante,76,92,0.51,Mobile,0,1,0
4845,Masculino,24,AU,Gratuito,239,37,0.27,Desktop,36,0,1
4846,Masculino,24,IN,Premium,98,36,0.29,Desktop,0,1,0
4847,Feminino,26,AU,Gratuito,229,61,0.29,Desktop,15,0,0
4848,Feminino,17,DE,Familia,296,80,0.02,Mobile,0,1,0
4849,Feminino,26,CA,Familia,235,51,0.08,Mobile,0,1,0
4850,Masculino,45,IN,Premium,49,96,0.14,Desktop,0,1,1
4851,Feminino,49,IN,Estudante,221,82,0.59,Mobile,0,1,1
4852,Masculino,48,DE,Familia,103,80,0.24,Desktop,0,1,0
4853,Masculino,18,DE,Premium,72,11,0.46,Web,0,1,1
4854,Feminino,23,IN,Gratuito,256,3,0.38,Mobile,11,0,0
4855,Feminino,45,IN,Familia,18,79,0.3,Mobile,0,1,0
4856,Feminino,58,IN,Estudante,204,98,0.09,Web,0,1,0
4857,Masculino,28,CA,Premium,22,59,0.22,Web,0,1,0
4858,Masculino,48,UK,Familia,68,35,0.29,Web,0,1,0
4859,Masculino,18,US,Estudante,23,58,0.5,Desktop,0,1,0
4860,Masculino,47,UK,Gratuito,75,72,0.0,Desktop,38,0,0
4861,Feminino,48,PK,Familia,131,45,0.29,Web,0,1,0
4862,Masculino,22,US,Estudante,42,78,0.26,Web,0,1,0
4863,Masculino,38,AU,Premium,96,90,0.07,Desktop,0,1,0
4864,Masculino,24,US,Gratuito,114,88,0.35,Mobile,33,0,0
4865,Feminino,26,PK,Estudante,12,97,0.14,Web,0,1,1
4866,Feminino,40,US,Premium,295,82,0.41,Web,0,1,1
4867,Masculino,53,UK,Familia,79,25,0.39,Desktop,0,1,0
4868,Masculino,21,UK,Gratuito,41,32,0.46,Desktop,44,0,0
4869,Masculino,39,US,Familia,273,10,0.53,Web,0,1,0
4870,Feminino,52,PK,Familia,241,20,0.0,Mobile,0,1,0
4871,Feminino,40,UK,Familia,242,18,0.37,Desktop,0,1,0
4872,Feminino,52,PK,Gratuito,149,6,0.39,Web,47,0,0
4873,Feminino,17,CA,Familia,232,88,0.22,Desktop,0,1,1
4874,Feminino,19,CA,Familia,286,67,0.16,Desktop,0,1,0
4875,Feminino,16,CA,Familia,12,98,0.22,Desktop,0,1,0
4876,Feminino,46,US,Familia,231,72,0.25,Desktop,0,1,0
4877,Feminino,29,US,Gratuito,49,30,0.34,Desktop,10,0,0
4878,Feminino,26,AU,Premium,237,33,0.16,Mobile,0,1,0
4879,Masculino,27,IN,Estudante,284,76,0.41,Mobile,0,1,1
4880,Feminino,57,CA,Premium,109,69,0.3,Mobile,0,1,0
4881,Feminino,20,AU,Premium,156,49,0.36,Web,0,1,0
4882,Masculino,36,DE,Estudante,123,62,0.05,Web,0,1,1
4883,Feminino,32,IN,Premium,87,48,0.07,Web,0,1,0
4884,Masculino,47,PK,Familia,59,53,0.37,Web,0,1,0
4885,Masculino,25,UK,Estudante,170,97,0.31,Desktop,0,1,0
4886,Feminino,36,US,Familia,190,49,0.15,Desktop,0,1,0
4887,Masculino,22,DE,Gratuito,170,10,0.19,Web,16,0,0
4888,Feminino,58,PK,Estudante,71,11,0.58,Web,0,1,0
4889,Masculino,50,IN,Premium,213,16,0.49,Mobile,0,1,0
4890,Feminino,20,AU,Premium,115,74,0.12,Desktop,0,1,0
4891,Masculino,20,UK,Premium,99,58,0.17,Desktop,0,1,1
4892,Masculino,53,CA,Premium,14,47,0.08,Desktop,0,1,0
4893,Feminino,22,US,Estudante,211,19,0.24,Mobile,0,1,1
4894,Feminino,58,FR,Premium,17,17,0.21,Mobile,0,1,1
4895,Masculino,28,US,Familia,122,36,0.04,Web,0,1,1
4896,Feminino,37,PK,Estudante,263,20,0.3,Mobile,0,1,1
4897,Masculino,57,PK,Estudante,162,41,0.56,Mobile,0,1,0
4898,Masculino,29,PK,Gratuito,81,90,0.29,Desktop,8,0,0
4899,Feminino,32,DE,Gratuito,223,31,0.01,Desktop,40,0,0
4900,Masculino,37,FR,Familia,209,37,0.02,Mobile,0,1,0
4901,Feminino,17,IN,Familia,90,1,0.07,Desktop,0,1,0
4902,Feminino,35,UK,Estudante,162,61,0.13,Desktop,0,1,1
4903,Feminino,52,IN,Familia,117,42,0.06,Desktop,0,1,0
4904,Masculino,50,US,Premium,191,46,0.28,Web,0,1,0
4905,Masculino,23,FR,Familia,215,98,0.21,Desktop,0,1,0
4906,Feminino,50,FR,Gratuito,239,76,0.3,Web,11,0,0
4907,Masculino,51,AU,Gratuito,37,87,0.44,Web,48,0,0
4908,Feminino,59,US,Familia,179,54,0.17,Desktop,0,1,0
4909,Feminino,39,DE,Estudante,215,48,0.07,Desktop,0,1,1
4910,Feminino,39,US,Estudante,255,8,0.42,Mobile,0,1,0
4911,Masculino,37,FR,Premium,94,76,0.58,Web,0,1,0
4912,Feminino,42,AU,Premium,280,84,0.56,Mobile,0,1,1
4913,Feminino,57,FR,Gratuito,186,30,0.03,Web,49,0,1
4914,Masculino,16,DE,Premium,66,39,0.15,Desktop,0,1,0
4915,Feminino,52,CA,Familia,232,22,0.51,Desktop,0,1,1
4916,Feminino,41,CA,Gratuito,246,25,0.29,Mobile,21,0,0
4917,Masculino,19,IN,Gratuito,67,9,0.43,Mobile,10,0,1
4918,Masculino,58,AU,Premium,269,67,0.58,Web,0,1,0
4919,Masculino,21,UK,Gratuito,235,9,0.3,Desktop,15,0,1
4920,Feminino,45,CA,Familia,99,96,0.47,Mobile,0,1,1
4921,Masculino,42,IN,Familia,281,69,0.08,Desktop,0,1,0
4922,Feminino,20,PK,Gratuito,95,67,0.25,Mobile,17,0,0
4923,Feminino,33,US,Premium,105,30,0.43,Desktop,0,1,1
4924,Feminino,42,AU,Familia,241,69,0.34,Web,0,1,0
4925,Masculino,49,AU,Estudante,265,31,0.56,Desktop,0,1,0
4926,Masculino,40,US,Gratuito,30,4,0.16,Desktop,16,0,0
4927,Feminino,44,CA,Estudante,77,52,0.01,Desktop,0,1,0
4928,Feminino,28,AU,Estudante,115,22,0.48,Desktop,0,1,1
4929,Feminino,48,IN,Premium,205,51,0.19,Mobile,0,1,1
4930,Feminino,35,UK,Familia,199,33,0.59,Mobile,0,1,0
4931,Feminino,54,DE,Familia,200,48,0.34,Mobile,0,1,0
4932,Masculino,38,IN,Premium,210,4,0.41,Web,0,1,0
4933,Feminino,47,US,Gratuito,139,31,0.05,Mobile,44,0,1
4934,Masculino,59,PK,Familia,248,4,0.5,Desktop,0,1,0
4935,Feminino,55,FR,Gratuito,41,5,0.48,Desktop,25,0,0
4936,Feminino,49,FR,Estudante,201,39,0.12,Web,0,1,0
4937,Feminino,35,US,Gratuito,47,94,0.0,Web,27,0,0
4938,Masculino,53,DE,Gratuito,39,37,0.17,Web,29,0,1
4939,Feminino,32,DE,Gratuito,172,50,0.58,Mobile,10,0,0
4940,Feminino,50,DE,Estudante,233,85,0.02,Desktop,0,1,0
4941,Feminino,41,PK,Familia,284,16,0.35,Web,0,1,0
4942,Feminino,24,UK,Premium,205,86,0.08,Mobile,0,1,0
4943,Feminino,46,IN,Familia,260,31,0.49,Web,0,1,0
4944,Feminino,42,FR,Premium,14,20,0.16,Desktop,0,1,0
4945,Masculino,23,FR,Familia,190,83,0.41,Desktop,0,1,1
4946,Masculino,42,AU,Estudante,189,39,0.07,Web,0,1,0
4947,Masculino,36,IN,Familia,193,57,0.34,Mobile,0,1,0
4948,Feminino,31,US,Gratuito,145,62,0.04,Desktop,30,0,1
4949,Feminino,41,FR,Gratuito,92,55,0.56,Mobile,8,0,1
4950,Feminino,44,UK,Familia,248,45,0.02,Web,0,1,0
4951,Masculino,50,CA,Familia,238,70,0.42,Mobile,0,1,0
4952,Feminino,54,PK,Familia,74,33,0.09,Web,0,1,1
4953,Masculino,38,AU,Estudante,264,71,0.27,Desktop,0,1,0
4954,Feminino,57,UK,Premium,288,99,0.31,Desktop,0,1,1
4955,Feminino,57,AU,Familia,83,40,0.51,Web,0,1,0
4956,Masculino,22,UK,Estudante,65,64,0.15,Desktop,0,1,0
4957,Feminino,18,AU,Gratuito,194,68,0.57,Web,38,0,0
4958,Masculino,19,IN,Familia,83,85,0.45,Desktop,0,1,0
4959,Feminino,20,PK,Premium,153,92,0.3,Mobile,0,1,1
4960,Feminino,38,UK,Premium,67,68,0.32,Mobile,0,1,0
4961,Feminino,54,US,Gratuito,142,46,0.35,Web,28,0,0
4962,Masculino,23,CA,Familia,248,89,0.24,Desktop,0,1,1
4963,Feminino,49,US,Familia,139,39,0.01,Mobile,0,1,1
4964,Feminino,56,PK,Premium,29,21,0.18,Web,0,1,1
4965,Masculino,39,US,Premium,144,70,0.35,Web,0,1,0
4966,Masculino,57,DE,Familia,172,56,0.47,Web,0,1,0
4967,Masculino,54,IN,Estudante,65,4,0.35,Desktop,0,1,1
4968,Feminino,40,AU,Premium,31,34,0.29,Desktop,0,1,0
4969,Masculino,22,AU,Premium,293,98,0.35,Web,0,1,1
4970,Feminino,30,US,Premium,77,56,0.29,Web,0,1,1
4971,Feminino,23,UK,Gratuito,43,75,0.58,Desktop,16,0,0
4972,Feminino,58,US,Estudante,147,81,0.1,Mobile,0,1,0
4973,Feminino,47,AU,Estudante,250,75,0.03,Mobile,0,1,0
4974,Feminino,44,IN,Familia,105,49,0.0,Desktop,0,1,0
4975,Masculino,56,US,Estudante,231,4,0.56,Web,0,1,0
4976,Feminino,56,IN,Premium,285,96,0.2,Mobile,0,1,0
4977,Masculino,21,DE,Estudante,108,61,0.44,Mobile,0,1,0
4978,Feminino,17,US,Familia,150,68,0.07,Mobile,0,1,1
4979,Feminino,54,US,Estudante,105,78,0.11,Mobile,0,1,0
4980,Feminino,50,US,Familia,263,13,0.12,Web,0,1,0
4981,Masculino,17,UK,Gratuito,78,2,0.32,Web,9,0,0
4982,Masculino,20,PK,Premium,200,52,0.46,Desktop,0,1,1
4983,Masculino,44,FR,Estudante,218,16,0.26,Web,0,1,0
4984,Feminino,27,FR,Estudante,22,58,0.33,Mobile,0,1,0
4985,Feminino,44,CA,Familia,67,34,0.4,Web,0,1,1
4986,Feminino,40,AU,Familia,12,93,0.19,Web,0,1,0
4987,Masculino,41,AU,Premium,37,72,0.3,Desktop,0,1,1
4988,Masculino,23,UK,Familia,297,20,0.26,Mobile,0,1,1
4989,Masculino,37,FR,Gratuito,231,33,0.2,Desktop,17,0,0
4990,Feminino,40,IN,Estudante,178,11,0.18,Desktop,0,1,0
4991,Masculino,57,US,Familia,280,30,0.14,Web,0,1,0
4992,Feminino,36,UK,Estudante,254,73,0.24,Web,0,1,0
4993,Masculino,25,PK,Gratuito,54,73,0.51,Desktop,45,0,1
4994,Feminino,57,AU,Gratuito,276,11,0.25,Desktop,34,0,1
4995,Feminino,23,DE,Premium,230,18,0.1,Web,0,1,0
4996,Feminino,43,IN,Gratuito,252,94,0.07,Mobile,26,0,1
4997,Feminino,40,IN,Premium,136,36,0.24,Web,0,1,0
4998,Feminino,16,AU,Familia,163,71,0.49,Desktop,0,1,0
4999,Feminino,21,CA,Premium,138,18,0.28,Mobile,0,1,0
5000,Feminino,24,UK,Estudante,179,25,0.31,Desktop,0,1,0
5001,Feminino,19,IN,Premium,230,82,0.26,Web,0,1,0
5002,Feminino,31,PK,Familia,18,57,0.29,Mobile,0,1,1
5003,Masculino,17,PK,Estudante,110,23,0.34,Mobile,0,1,0
5004,Masculino,59,DE,Premium,44,93,0.54,Desktop,0,1,0
5005,Masculino,24,FR,Estudante,66,37,0.09,Desktop,0,1,0
5006,Feminino,34,DE,Familia,56,36,0.35,Mobile,0,1,0
5007,Masculino,21,DE,Premium,74,98,0.23,Web,0,1,1
5008,Feminino,32,AU,Estudante,72,64,0.47,Desktop,0,1,0
5009,Feminino,32,PK,Familia,210,70,0.34,Desktop,0,1,0
5010,Feminino,58,UK,Familia,95,4,0.14,Web,0,1,0
5011,Feminino,21,DE,Estudante,46,27,0.47,Web,0,1,0
5012,Masculino,43,DE,Gratuito,118,93,0.12,Mobile,46,0,0
5013,Feminino,41,UK,Estudante,218,12,0.41,Desktop,0,1,0
5014,Feminino,17,DE,Premium,269,45,0.53,Desktop,0,1,0
5015,Feminino,37,FR,Premium,276,13,0.41,Web,0,1,0
5016,Masculino,20,FR,Gratuito,105,82,0.5,Desktop,13,0,1
5017,Masculino,38,UK,Estudante,160,56,0.11,Web,0,1,1
5018,Feminino,23,US,Gratuito,13,56,0.24,Mobile,29,0,0
5019,Feminino,20,AU,Premium,90,6,0.28,Desktop,0,1,1
5020,Feminino,43,PK,Familia,150,66,0.3,Mobile,0,1,0
5021,Feminino,47,DE,Premium,117,12,0.36,Web,0,1,0
5022,Masculino,38,CA,Gratuito,55,26,0.23,Desktop,45,0,1
5023,Masculino,49,IN,Estudante,105,83,0.01,Desktop,0,1,0
5024,Masculino,45,FR,Premium,229,68,0.05,Web,0,1,0
5025,Masculino,19,AU,Gratuito,267,99,0.51,Web,35,0,0
5026,Masculino,19,DE,Premium,59,85,0.12,Desktop,0,1,0
5027,Feminino,33,IN,Gratuito,90,7,0.22,Desktop,39,0,1
5028,Masculino,22,US,Premium,269,11,0.06,Mobile,0,1,0
5029,Masculino,24,US,Gratuito,133,58,0.54,Mobile,36,0,1
5030,Feminino,21,IN,Premium,89,9,0.43,Mobile,0,1,0
5031,Feminino,51,CA,Premium,253,19,0.15,Mobile,0,1,0
5032,Feminino,18,FR,Gratuito,14,82,0.04,Web,31,0,0
5033,Masculino,43,AU,Gratuito,297,38,0.41,Web,18,0,0
5034,Feminino,16,US,Gratuito,263,10,0.55,Web,11,0,1
5035,Feminino,22,DE,Gratuito,22,99,0.21,Mobile,10,0,0
5036,Feminino,38,DE,Premium,256,73,0.3,Web,0,1,0
5037,Masculino,37,US,Premium,144,40,0.27,Desktop,0,1,0
5038,Feminino,37,AU,Estudante,89,18,0.48,Desktop,0,1,1
5039,Masculino,34,FR,Estudante,94,61,0.12,Desktop,0,1,0
5040,Feminino,21,US,Gratuito,205,25,0.41,Web,45,0,0
5041,Masculino,55,DE,Familia,14,68,0.42,Desktop,0,1,0
5042,Feminino,42,FR,Estudante,220,96,0.23,Web,0,1,0
5043,Feminino,57,UK,Estudante,80,93,0.24,Mobile,0,1,1
5044,Masculino,21,US,Estudante,55,79,0.19,Mobile,0,1,0
5045,Feminino,19,FR,Premium,47,56,0.02,Desktop,0,1,0
5046,Masculino,52,IN,Premium,126,95,0.38,Desktop,0,1,0
5047,Masculino,22,AU,Estudante,70,18,0.28,Web,0,1,0
5048,Feminino,20,DE,Familia,132,80,0.35,Mobile,0,1,1
5049,Feminino,49,AU,Estudante,53,99,0.22,Mobile,0,1,1
5050,Masculino,33,US,Estudante,162,70,0.51,Web,0,1,0
5051,Masculino,44,US,Familia,274,76,0.07,Web,0,1,0
5052,Feminino,36,IN,Estudante,290,88,0.43,Desktop,0,1,0
5053,Feminino,37,CA,Gratuito,100,93,0.33,Desktop,27,0,0
5054,Feminino,58,AU,Premium,38,21,0.16,Desktop,0,1,0
5055,Masculino,39,FR,Familia,204,48,0.36,Web,0,1,1
5056,Masculino,23,DE,Familia,96,90,0.48,Desktop,0,1,0
5057,Feminino,17,DE,Gratuito,125,18,0.35,Web,45,0,0
5058,Feminino,24,PK,Estudante,50,50,0.47,Mobile,0,1,1
5059,Feminino,18,PK,Gratuito,188,79,0.22,Mobile,19,0,0
5060,Feminino,38,AU,Premium,32,44,0.19,Desktop,0,1,0
5061,Masculino,44,PK,Familia,40,29,0.5,Desktop,0,1,0
5062,Masculino,23,IN,Familia,169,76,0.49,Mobile,0,1,1
5063,Feminino,37,IN,Gratuito,291,24,0.36,Desktop,30,0,0
5064,Feminino,17,DE,Gratuito,203,57,0.0,Desktop,41,0,1
5065,Feminino,22,CA,Estudante,185,21,0.51,Mobile,0,1,1
5066,Feminino,23,US,Familia,101,56,0.21,Mobile,0,1,0
5067,Masculino,20,PK,Familia,250,97,0.24,Mobile,0,1,0
5068,Feminino,20,DE,Gratuito,224,68,0.44,Web,5,0,0
5069,Feminino,59,UK,Familia,34,78,0.17,Mobile,0,1,0
5070,Feminino,42,UK,Premium,77,15,0.18,Mobile,0,1,0
5071,Feminino,21,CA,Estudante,81,51,0.24,Desktop,0,1,0
5072,Feminino,47,UK,Gratuito,216,75,0.19,Web,19,0,0
5073,Feminino,30,UK,Familia,154,13,0.33,Mobile,0,1,0
5074,Masculino,40,DE,Premium,137,5,0.58,Web,0,1,0
5075,Masculino,24,AU,Estudante,160,42,0.05,Desktop,0,1,0
5076,Feminino,20,PK,Gratuito,13,48,0.52,Desktop,40,0,0
5077,Feminino,55,IN,Estudante,180,55,0.34,Desktop,0,1,0
5078,Feminino,30,PK,Premium,285,39,0.35,Mobile,0,1,0
5079,Masculino,22,CA,Premium,192,78,0.11,Desktop,0,1,0
5080,Feminino,34,CA,Familia,113,8,0.56,Mobile,0,1,0
5081,Masculino,39,AU,Premium,158,90,0.3,Desktop,0,1,1
5082,Feminino,36,AU,Gratuito,231,91,0.22,Web,29,0,0
5083,Feminino,40,AU,Premium,99,15,0.58,Mobile,0,1,0
5084,Feminino,57,DE,Estudante,117,38,0.53,Mobile,0,1,0
5085,Feminino,54,US,Gratuito,73,48,0.07,Mobile,40,0,1
5086,Feminino,21,UK,Gratuito,21,20,0.18,Web,22,0,0
5087,Feminino,40,PK,Estudante,154,67,0.26,Mobile,0,1,0
5088,Feminino,47,AU,Premium,136,82,0.17,Desktop,0,1,0
5089,Feminino,33,IN,Familia,107,55,0.37,Desktop,0,1,1
5090,Feminino,37,CA,Estudante,87,84,0.25,Mobile,0,1,0
5091,Feminino,33,UK,Premium,186,37,0.11,Mobile,0,1,0
5092,Feminino,16,AU,Premium,51,85,0.17,Web,0,1,0
5093,Feminino,53,IN,Estudante,285,30,0.46,Desktop,0,1,0
5094,Masculino,23,FR,Premium,207,86,0.06,Web,0,1,0
5095,Feminino,46,US,Gratuito,252,85,0.53,Mobile,47,0,0
5096,Feminino,16,IN,Estudante,40,89,0.21,Web,0,1,0
5097,Feminino,51,PK,Gratuito,41,85,0.48,Mobile,30,0,0
5098,Feminino,39,DE,Premium,159,77,0.15,Mobile,0,1,1
5099,Feminino,39,DE,Premium,29,87,0.03,Desktop,0,1,0
5100,Feminino,26,PK,Familia,234,31,0.41,Web,0,1,0
5101,Feminino,17,UK,Premium,283,32,0.06,Mobile,0,1,0
5102,Feminino,19,FR,Estudante,261,49,0.06,Mobile,0,1,0
5103,Masculino,59,CA,Premium,100,66,0.43,Desktop,0,1,0
5104,Feminino,54,IN,Premium,12,19,0.46,Mobile,0,1,0
5105,Feminino,25,US,Premium,215,82,0.42,Desktop,0,1,1
5106,Masculino,49,CA,Estudante,163,48,0.56,Desktop,0,1,0
5107,Feminino,56,DE,Familia,31,19,0.45,Web,0,1,0
5108,Feminino,31,UK,Premium,230,54,0.31,Web,0,1,1
5109,Feminino,59,IN,Gratuito,136,62,0.39,Mobile,23,0,1
5110,Feminino,41,CA,Estudante,173,71,0.33,Mobile,0,1,0
5111,Feminino,44,DE,Estudante,149,54,0.17,Mobile,0,1,0
5112,Feminino,40,US,Estudante,212,75,0.3,Web,0,1,0
5113,Feminino,19,CA,Familia,276,59,0.27,Desktop,0,1,0
5114,Masculino,50,FR,Gratuito,47,62,0.41,Mobile,39,0,0
5115,Masculino,30,AU,Estudante,200,80,0.28,Desktop,0,1,0
5116,Feminino,54,CA,Estudante,238,57,0.51,Web,0,1,0
5117,Feminino,34,IN,Premium,75,92,0.43,Mobile,0,1,0
5118,Feminino,35,CA,Estudante,60,45,0.27,Mobile,0,1,0
5119,Masculino,56,CA,Premium,140,37,0.6,Web,0,1,0
5120,Masculino,31,AU,Premium,222,39,0.17,Mobile,0,1,0
5121,Feminino,22,AU,Gratuito,215,32,0.44,Web,22,0,0
5122,Feminino,49,IN,Premium,214,41,0.59,Desktop,0,1,1
5123,Feminino,51,UK,Familia,16,64,0.36,Mobile,0,1,1
5124,Feminino,24,UK,Familia,224,60,0.2,Mobile,0,1,0
5125,Masculino,44,CA,Familia,89,34,0.46,Desktop,0,1,0
5126,Masculino,18,AU,Familia,156,32,0.21,Mobile,0,1,0
5127,Masculino,57,PK,Premium,149,14,0.4,Mobile,0,1,0
5128,Feminino,38,US,Estudante,20,93,0.32,Mobile,0,1,1
5129,Feminino,16,FR,Familia,255,71,0.02,Web,0,1,1
5130,Feminino,40,FR,Gratuito,152,7,0.44,Mobile,34,0,0
5131,Masculino,39,CA,Estudante,224,35,0.52,Web,0,1,1
5132,Feminino,32,PK,Estudante,214,99,0.46,Desktop,0,1,1
5133,Feminino,51,FR,Gratuito,295,27,0.04,Web,34,0,1
5134,Masculino,59,FR,Familia,149,46,0.53,Mobile,0,1,0
5135,Masculino,52,US,Premium,167,29,0.09,Mobile,0,1,0
5136,Feminino,59,CA,Premium,182,3,0.24,Desktop,0,1,0
5137,Masculino,16,AU,Gratuito,157,46,0.14,Mobile,32,0,0
5138,Feminino,22,IN,Premium,15,49,0.22,Web,0,1,0
5139,Masculino,41,US,Premium,199,10,0.49,Desktop,0,1,0
5140,Feminino,49,IN,Gratuito,201,48,0.22,Mobile,11,0,0
5141,Feminino,24,US,Gratuito,183,76,0.04,Web,29,0,0
5142,Feminino,38,IN,Familia,240,78,0.41,Web,0,1,0
5143,Masculino,40,UK,Premium,114,12,0.23,Mobile,0,1,0
5144,Feminino,16,UK,Gratuito,150,71,0.1,Mobile,48,0,1
5145,Masculino,28,US,Gratuito,61,92,0.55,Web,25,0,0
5146,Masculino,51,UK,Premium,51,59,0.14,Mobile,0,1,0
5147,Feminino,48,IN,Familia,239,49,0.23,Desktop,0,1,0
5148,Masculino,54,IN,Familia,113,26,0.31,Mobile,0,1,1
5149,Feminino,26,IN,Premium,237,33,0.03,Web,0,1,0
5150,Feminino,44,US,Estudante,194,17,0.49,Desktop,0,1,0
5151,Masculino,46,IN,Estudante,212,50,0.51,Desktop,0,1,1
5152,Feminino,27,US,Premium,62,3,0.07,Mobile,0,1,0
5153,Masculino,25,DE,Familia,270,54,0.18,Desktop,0,1,0
5154,Masculino,30,CA,Estudante,71,46,0.25,Web,0,1,0
5155,Feminino,18,AU,Premium,209,2,0.11,Mobile,0,1,0
5156,Feminino,31,US,Premium,120,42,0.16,Web,0,1,0
5157,Masculino,30,CA,Estudante,277,85,0.2,Mobile,0,1,1
5158,Feminino,35,AU,Gratuito,248,92,0.18,Web,35,0,1
5159,Feminino,42,DE,Premium,163,3,0.46,Mobile,0,1,0
5160,Masculino,44,PK,Familia,117,15,0.12,Web,0,1,0
5161,Feminino,42,DE,Gratuito,235,61,0.48,Desktop,37,0,0
5162,Masculino,27,AU,Gratuito,255,22,0.01,Desktop,25,0,0
5163,Feminino,39,US,Familia,191,16,0.31,Desktop,0,1,0
5164,Feminino,32,FR,Premium,113,90,0.48,Mobile,0,1,0
5165,Feminino,57,UK,Familia,86,39,0.53,Web,0,1,1
5166,Feminino,54,DE,Familia,97,94,0.3,Mobile,0,1,0
5167,Masculino,19,FR,Gratuito,254,52,0.1,Mobile,24,0,0
5168,Masculino,32,AU,Familia,290,54,0.28,Mobile,0,1,1
5169,Feminino,58,IN,Premium,241,64,0.28,Mobile,0,1,0
5170,Feminino,38,IN,Gratuito,182,49,0.05,Desktop,49,0,0
5171,Feminino,37,IN,Familia,172,45,0.51,Web,0,1,0
5172,Feminino,18,PK,Gratuito,73,38,0.6,Mobile,15,0,1
5173,Masculino,32,UK,Gratuito,152,51,0.29,Web,27,0,0
5174,Masculino,35,CA,Gratuito,37,48,0.0,Mobile,10,0,0
5175,Feminino,47,PK,Premium,292,48,0.13,Web,0,1,1
5176,Masculino,45,IN,Gratuito,62,31,0.36,Desktop,20,0,0
5177,Masculino,31,PK,Gratuito,263,43,0.06,Web,23,0,1
5178,Feminino,20,PK,Familia,58,48,0.35,Web,0,1,0
5179,Feminino,52,FR,Estudante,113,35,0.23,Desktop,0,1,0
5180,Feminino,50,AU,Premium,40,91,0.52,Web,0,1,1
5181,Feminino,20,FR,Premium,216,17,0.19,Web,0,1,1
5182,Feminino,36,CA,Premium,35,18,0.52,Mobile,0,1,0
5183,Masculino,17,DE,Gratuito,289,85,0.57,Desktop,10,0,0
5184,Feminino,28,IN,Gratuito,255,24,0.15,Desktop,6,0,0
5185,Feminino,29,FR,Estudante,277,8,0.18,Web,0,1,0
5186,Feminino,43,FR,Familia,161,82,0.47,Desktop,0,1,0
5187,Masculino,48,AU,Premium,113,94,0.18,Web,0,1,0
5188,Feminino,40,DE,Gratuito,277,21,0.41,Desktop,12,0,0
5189,Feminino,51,FR,Estudante,190,90,0.54,Mobile,0,1,1
5190,Feminino,19,DE,Gratuito,256,46,0.42,Desktop,37,0,1
5191,Masculino,57,AU,Premium,294,88,0.12,Mobile,0,1,0
5192,Feminino,26,US,Familia,97,41,0.22,Mobile,0,1,0
5193,Feminino,49,PK,Familia,39,26,0.22,Mobile,0,1,0
5194,Feminino,56,IN,Familia,264,91,0.47,Mobile,0,1,0
5195,Masculino,33,DE,Premium,285,94,0.07,Desktop,0,1,0
5196,Masculino,44,US,Premium,78,36,0.16,Web,0,1,0
5197,Masculino,54,PK,Gratuito,144,77,0.05,Mobile,37,0,0
5198,Masculino,19,US,Familia,239,21,0.59,Desktop,0,1,1
5199,Feminino,24,DE,Familia,122,54,0.11,Desktop,0,1,0
5200,Masculino,43,FR,Gratuito,142,83,0.55,Desktop,25,0,0
5201,Masculino,24,FR,Premium,133,60,0.18,Web,0,1,0
5202,Masculino,17,CA,Gratuito,259,90,0.39,Mobile,41,0,0
5203,Feminino,41,AU,Familia,161,83,0.05,Mobile,0,1,0
5204,Feminino,43,US,Premium,218,63,0.14,Mobile,0,1,1
5205,Feminino,51,PK,Estudante,51,78,0.29,Mobile,0,1,1
5206,Feminino,48,UK,Gratuito,282,11,0.2,Mobile,29,0,1
5207,Feminino,57,UK,Premium,277,61,0.08,Web,0,1,0
5208,Feminino,30,IN,Premium,242,28,0.38,Desktop,0,1,1
5209,Masculino,27,DE,Gratuito,11,50,0.32,Mobile,33,0,0
5210,Masculino,51,AU,Familia,90,56,0.2,Web,0,1,0
5211,Masculino,39,FR,Premium,152,1,0.4,Desktop,0,1,0
5212,Feminino,29,PK,Premium,235,86,0.48,Web,0,1,0
5213,Feminino,29,AU,Estudante,256,47,0.58,Desktop,0,1,0
5214,Feminino,19,DE,Premium,232,21,0.16,Web,0,1,1
5215,Feminino,33,US,Estudante,237,62,0.41,Desktop,0,1,0
5216,Feminino,21,CA,Gratuito,207,62,0.2,Mobile,33,0,0
5217,Masculino,21,UK,Gratuito,101,30,0.52,Desktop,45,0,1
5218,Feminino,57,PK,Estudante,291,51,0.42,Web,0,1,0
5219,Feminino,18,AU,Familia,135,16,0.54,Desktop,0,1,0
5220,Masculino,56,UK,Familia,238,75,0.33,Web,0,1,0
5221,Feminino,37,UK,Familia,53,32,0.24,Desktop,0,1,1
5222,Feminino,31,PK,Premium,105,67,0.19,Web,0,1,0
5223,Masculino,26,CA,Familia,211,48,0.17,Desktop,0,1,0
5224,Feminino,48,US,Familia,137,8,0.15,Mobile,0,1,0
5225,Feminino,34,AU,Premium,16,47,0.28,Web,0,1,1
5226,Masculino,57,US,Gratuito,120,14,0.03,Desktop,44,0,0
5227,Feminino,16,UK,Estudante,260,56,0.4,Desktop,0,1,1
5228,Feminino,25,PK,Familia,100,41,0.25,Mobile,0,1,0
5229,Feminino,23,CA,Premium,249,69,0.16,Desktop,0,1,0
5230,Feminino,20,UK,Familia,111,13,0.5,Mobile,0,1,0
5231,Masculino,27,CA,Estudante,196,25,0.58,Web,0,1,0
5232,Feminino,28,IN,Premium,164,79,0.42,Desktop,0,1,0
5233,Feminino,22,FR,Estudante,230,57,0.12,Mobile,0,1,0
5234,Masculino,49,US,Gratuito,128,4,0.49,Mobile,10,0,0
5235,Feminino,50,FR,Estudante,59,55,0.26,Mobile,0,1,0
5236,Feminino,59,IN,Familia,87,99,0.31,Mobile,0,1,0
5237,Masculino,46,US,Estudante,229,33,0.13,Mobile,0,1,0
5238,Feminino,46,AU,Familia,220,63,0.1,Web,0,1,0
5239,Masculino,59,CA,Estudante,208,84,0.15,Web,0,1,0
5240,Masculino,46,US,Estudante,108,14,0.38,Mobile,0,1,0
5241,Masculino,25,CA,Gratuito,13,86,0.47,Mobile,34,0,0
5242,Feminino,58,PK,Gratuito,118,52,0.3,Web,26,0,0
5243,Masculino,29,US,Estudante,169,71,0.58,Mobile,0,1,0
5244,Masculino,32,FR,Familia,267,66,0.29,Desktop,0,1,1
5245,Feminino,46,PK,Gratuito,28,19,0.25,Desktop,19,0,1
5246,Feminino,30,FR,Premium,244,64,0.21,Desktop,0,1,0
5247,Masculino,21,CA,Premium,284,91,0.53,Desktop,0,1,0
5248,Feminino,18,AU,Gratuito,226,64,0.46,Mobile,28,0,0
5249,Feminino,28,FR,Estudante,243,8,0.15,Desktop,0,1,0
5250,Masculino,31,US,Estudante,253,83,0.09,Mobile,0,1,0
5251,Feminino,55,CA,Estudante,265,85,0.07,Desktop,0,1,0
5252,Masculino,16,PK,Estudante,165,96,0.29,Web,0,1,0
5253,Feminino,36,PK,Estudante,205,21,0.36,Mobile,0,1,0
5254,Feminino,55,CA,Gratuito,97,5,0.28,Mobile,8,0,0
5255,Feminino,35,IN,Premium,25,85,0.07,Mobile,0,1,0
5256,Feminino,32,IN,Estudante,38,88,0.53,Desktop,0,1,0
5257,Feminino,54,UK,Gratuito,152,88,0.21,Web,15,0,0
5258,Feminino,31,US,Premium,100,32,0.13,Web,0,1,1
5259,Feminino,43,US,Premium,225,4,0.37,Mobile,0,1,0
5260,Feminino,17,CA,Estudante,13,54,0.39,Mobile,0,1,1
5261,Masculino,45,FR,Gratuito,27,63,0.1,Desktop,34,0,0
5262,Feminino,59,PK,Estudante,246,87,0.32,Mobile,0,1,1
5263,Feminino,30,AU,Gratuito,27,92,0.08,Mobile,6,0,1
5264,Feminino,16,IN,Gratuito,56,20,0.01,Web,16,0,0
5265,Masculino,38,UK,Premium,273,28,0.25,Mobile,0,1,0
5266,Masculino,30,US,Premium,185,36,0.15,Web,0,1,1
5267,Feminino,52,AU,Premium,132,44,0.33,Mobile,0,1,0
5268,Feminino,30,DE,Gratuito,108,89,0.09,Mobile,49,0,0
5269,Masculino,37,PK,Familia,214,68,0.39,Mobile,0,1,0
5270,Masculino,19,DE,Familia,159,60,0.04,Desktop,0,1,0
5271,Feminino,57,CA,Premium,91,22,0.03,Web,0,1,0
5272,Feminino,49,UK,Premium,56,51,0.31,Mobile,0,1,0
5273,Feminino,50,UK,Gratuito,125,7,0.14,Mobile,49,0,0
5274,Masculino,36,PK,Premium,148,49,0.01,Web,0,1,0
5275,Feminino,32,CA,Familia,99,62,0.22,Web,0,1,1
5276,Masculino,20,IN,Premium,248,78,0.27,Desktop,0,1,1
5277,Feminino,54,IN,Estudante,169,38,0.15,Web,0,1,0
5278,Feminino,32,FR,Estudante,126,57,0.02,Mobile,0,1,1
5279,Masculino,32,CA,Familia,189,95,0.17,Desktop,0,1,1
5280,Feminino,31,UK,Estudante,81,36,0.43,Mobile,0,1,0
5281,Feminino,31,DE,Gratuito,75,15,0.23,Desktop,41,0,0
5282,Feminino,42,DE,Gratuito,98,29,0.34,Web,39,0,0
5283,Masculino,53,CA,Premium,24,7,0.32,Desktop,0,1,1
5284,Feminino,19,US,Premium,75,76,0.28,Desktop,0,1,0
5285,Feminino,51,UK,Gratuito,140,21,0.4,Desktop,33,0,0
5286,Masculino,18,AU,Estudante,210,89,0.57,Web,0,1,1
5287,Feminino,51,US,Premium,54,53,0.1,Desktop,0,1,0
5288,Feminino,27,IN,Gratuito,26,95,0.17,Web,47,0,1
5289,Masculino,29,AU,Premium,203,72,0.58,Mobile,0,1,0
5290,Feminino,16,US,Gratuito,268,98,0.59,Mobile,8,0,1
5291,Feminino,52,FR,Gratuito,36,77,0.52,Web,13,0,0
5292,Feminino,47,DE,Estudante,268,20,0.12,Desktop,0,1,0
5293,Feminino,21,AU,Familia,24,31,0.3,Mobile,0,1,1
5294,Feminino,25,PK,Familia,54,43,0.0,Desktop,0,1,0
5295,Masculino,20,IN,Premium,190,41,0.38,Web,0,1,1
5296,Masculino,59,IN,Premium,285,72,0.34,Desktop,0,1,0
5297,Feminino,54,CA,Premium,271,82,0.11,Desktop,0,1,0
5298,Feminino,34,US,Premium,58,54,0.13,Web,0,1,0
5299,Feminino,46,CA,Familia,68,80,0.02,Mobile,0,1,0
5300,Feminino,50,US,Gratuito,245,50,0.07,Mobile,7,0,0
5301,Feminino,19,UK,Estudante,257,43,0.33,Desktop,0,1,1
5302,Masculino,37,FR,Premium,53,59,0.13,Web,0,1,0
5303,Feminino,53,AU,Premium,13,39,0.44,Mobile,0,1,0
5304,Feminino,53,DE,Familia,58,96,0.43,Desktop,0,1,0
5305,Feminino,54,DE,Familia,174,89,0.3,Mobile,0,1,1
5306,Masculino,33,CA,Gratuito,29,54,0.04,Web,5,0,1
5307,Feminino,49,IN,Estudante,280,51,0.37,Desktop,0,1,0
5308,Feminino,39,AU,Estudante,277,91,0.11,Desktop,0,1,0
5309,Feminino,32,AU,Premium,296,1,0.02,Mobile,0,1,0
5310,Feminino,37,UK,Gratuito,171,42,0.15,Desktop,32,0,0
5311,Masculino,28,UK,Premium,270,5,0.09,Web,0,1,0
5312,Feminino,36,DE,Familia,29,55,0.27,Mobile,0,1,0
5313,Feminino,42,US,Gratuito,65,87,0.24,Desktop,23,0,0
5314,Feminino,22,CA,Gratuito,232,70,0.55,Web,12,0,1
5315,Feminino,21,US,Estudante,90,65,0.4,Web,0,1,0
5316,Feminino,54,PK,Premium,182,78,0.25,Mobile,0,1,1
5317,Feminino,58,UK,Familia,47,96,0.35,Mobile,0,1,1
5318,Feminino,25,FR,Gratuito,107,83,0.13,Mobile,17,0,0
5319,Masculino,37,PK,Gratuito,12,87,0.42,Desktop,30,0,0
5320,Feminino,33,AU,Familia,204,96,0.5,Desktop,0,1,0
5321,Feminino,57,US,Premium,292,23,0.07,Desktop,0,1,0
5322,Feminino,44,DE,Familia,213,56,0.06,Web,0,1,1
5323,Masculino,37,UK,Estudante,286,75,0.21,Web,0,1,0
5324,Feminino,46,PK,Familia,116,49,0.45,Mobile,0,1,0
5325,Masculino,57,PK,Gratuito,266,19,0.36,Web,35,0,0
5326,Feminino,42,DE,Gratuito,74,96,0.42,Web,49,0,0
5327,Masculino,25,US,Gratuito,171,52,0.36,Web,11,0,0
5328,Feminino,36,AU,Gratuito,164,66,0.1,Web,48,0,0
5329,Feminino,56,AU,Familia,216,73,0.56,Mobile,0,1,0
5330,Masculino,25,CA,Gratuito,26,24,0.01,Mobile,42,0,0
5331,Feminino,42,CA,Premium,129,77,0.55,Desktop,0,1,1
5332,Masculino,36,CA,Familia,94,99,0.32,Web,0,1,0
5333,Masculino,59,DE,Familia,117,12,0.48,Mobile,0,1,0
5334,Feminino,46,UK,Gratuito,298,18,0.27,Web,35,0,0
5335,Feminino,33,CA,Familia,151,69,0.51,Desktop,0,1,0
5336,Feminino,53,US,Premium,111,65,0.28,Desktop,0,1,0
5337,Masculino,58,CA,Premium,135,34,0.22,Web,0,1,0
5338,Feminino,48,DE,Gratuito,179,36,0.34,Web,32,0,0
5339,Feminino,44,US,Premium,142,51,0.09,Desktop,0,1,1
5340,Feminino,39,FR,Premium,61,42,0.27,Mobile,0,1,1
5341,Masculino,57,US,Familia,123,62,0.04,Web,0,1,0
5342,Masculino,28,CA,Premium,89,22,0.13,Web,0,1,0
5343,Feminino,33,AU,Premium,56,87,0.44,Mobile,0,1,0
5344,Feminino,17,US,Estudante,181,73,0.13,Desktop,0,1,0
5345,Masculino,49,IN,Gratuito,170,2,0.17,Web,43,0,1
5346,Masculino,48,AU,Premium,249,5,0.36,Desktop,0,1,0
5347,Feminino,27,AU,Familia,246,60,0.14,Web,0,1,0
5348,Feminino,38,CA,Premium,226,61,0.17,Web,0,1,1
5349,Feminino,54,CA,Estudante,274,32,0.03,Web,0,1,0
5350,Masculino,44,UK,Premium,293,95,0.45,Web,0,1,0
5351,Feminino,30,PK,Familia,150,78,0.47,Mobile,0,1,0
5352,Feminino,52,PK,Estudante,44,43,0.03,Mobile,0,1,0
5353,Masculino,53,UK,Estudante,27,2,0.08,Desktop,0,1,0
5354,Masculino,17,CA,Gratuito,233,93,0.3,Mobile,12,0,1
5355,Feminino,20,DE,Gratuito,166,37,0.44,Web,20,0,0
5356,Feminino,27,IN,Premium,63,4,0.01,Desktop,0,1,0
5357,Masculino,28,UK,Premium,208,96,0.26,Web,0,1,0
5358,Feminino,35,FR,Familia,276,25,0.49,Web,0,1,0
5359,Masculino,41,PK,Estudante,200,70,0.38,Mobile,0,1,1
5360,Feminino,51,FR,Premium,143,6,0.34,Mobile,0,1,1
5361,Feminino,19,US,Estudante,206,66,0.55,Web,0,1,0
5362,Feminino,18,DE,Estudante,19,74,0.31,Desktop,0,1,0
5363,Feminino,51,UK,Gratuito,230,72,0.05,Desktop,32,0,0
5364,Masculino,49,AU,Premium,130,69,0.43,Web,0,1,0
5365,Feminino,46,PK,Gratuito,239,64,0.57,Web,40,0,0
5366,Masculino,31,CA,Premium,104,69,0.4,Desktop,0,1,0
5367,Masculino,49,CA,Familia,76,97,0.09,Desktop,0,1,0
5368,Feminino,47,FR,Estudante,191,44,0.53,Mobile,0,1,0
5369,Feminino,21,AU,Premium,208,91,0.2,Desktop,0,1,1
5370,Feminino,20,IN,Estudante,111,55,0.3,Mobile,0,1,0
5371,Feminino,35,PK,Gratuito,287,72,0.37,Mobile,26,0,0
5372,Feminino,37,US,Familia,38,32,0.04,Desktop,0,1,1
5373,Masculino,45,CA,Estudante,160,98,0.31,Desktop,0,1,0
5374,Feminino,49,US,Familia,150,85,0.04,Web,0,1,0
5375,Feminino,50,UK,Estudante,286,10,0.58,Mobile,0,1,0
5376,Masculino,39,UK,Premium,216,74,0.3,Mobile,0,1,0
5377,Feminino,20,PK,Premium,80,67,0.31,Desktop,0,1,0
5378,Masculino,50,DE,Premium,38,19,0.42,Mobile,0,1,0
5379,Feminino,39,US,Gratuito,184,77,0.21,Mobile,7,0,0
5380,Masculino,35,PK,Familia,70,23,0.28,Web,0,1,0
5381,Feminino,40,UK,Familia,267,17,0.14,Web,0,1,0
5382,Feminino,19,US,Familia,256,59,0.41,Web,0,1,0
5383,Feminino,52,IN,Estudante,166,91,0.04,Mobile,0,1,0
5384,Masculino,29,FR,Premium,49,12,0.34,Web,0,1,0
5385,Feminino,22,UK,Estudante,166,97,0.54,Web,0,1,0
5386,Feminino,45,UK,Gratuito,131,78,0.13,Desktop,39,0,1
5387,Feminino,55,IN,Gratuito,190,68,0.13,Mobile,31,0,1
5388,Feminino,30,DE,Familia,211,57,0.15,Web,0,1,0
5389,Masculino,55,AU,Gratuito,248,54,0.48,Desktop,7,0,0
5390,Feminino,54,IN,Premium,206,21,0.56,Desktop,0,1,0
5391,Feminino,42,AU,Estudante,293,9,0.35,Desktop,0,1,0
5392,Feminino,42,DE,Estudante,15,27,0.14,Mobile,0,1,1
5393,Feminino,50,FR,Premium,115,68,0.19,Mobile,0,1,0
5394,Masculino,48,AU,Familia,189,5,0.54,Desktop,0,1,1
5395,Masculino,56,UK,Estudante,117,82,0.22,Web,0,1,0
5396,Masculino,32,DE,Gratuito,72,57,0.52,Web,25,0,0
5397,Feminino,43,UK,Premium,180,15,0.13,Desktop,0,1,1
5398,Feminino,57,UK,Familia,294,9,0.37,Mobile,0,1,0
5399,Feminino,23,PK,Estudante,177,47,0.41,Desktop,0,1,1
5400,Masculino,49,CA,Premium,85,25,0.14,Web,0,1,1
5401,Masculino,44,FR,Estudante,269,51,0.47,Desktop,0,1,1
5402,Feminino,16,PK,Estudante,27,19,0.03,Desktop,0,1,1
5403,Feminino,27,IN,Estudante,38,38,0.38,Desktop,0,1,0
5404,Feminino,37,AU,Gratuito,216,57,0.12,Mobile,44,0,1
5405,Feminino,46,IN,Familia,202,84,0.48,Desktop,0,1,1
5406,Feminino,45,CA,Estudante,103,82,0.25,Desktop,0,1,0
5407,Masculino,19,IN,Estudante,85,98,0.23,Mobile,0,1,0
5408,Feminino,19,PK,Premium,283,3,0.49,Desktop,0,1,0
5409,Feminino,44,IN,Estudante,203,69,0.2,Mobile,0,1,0
5410,Feminino,27,US,Premium,77,5,0.49,Web,0,1,0
5411,Feminino,37,AU,Gratuito,100,99,0.15,Mobile,26,0,0
5412,Masculino,16,AU,Familia,113,43,0.37,Desktop,0,1,0
5413,Feminino,48,DE,Premium,175,23,0.59,Web,0,1,1
5414,Feminino,44,AU,Premium,90,47,0.59,Mobile,0,1,0
5415,Masculino,56,DE,Familia,47,49,0.54,Desktop,0,1,0
5416,Feminino,44,DE,Gratuito,94,13,0.23,Web,47,0,0
5417,Masculino,22,AU,Familia,11,89,0.52,Desktop,0,1,0
5418,Masculino,18,PK,Gratuito,299,3,0.23,Web,48,0,0
5419,Masculino,57,IN,Gratuito,191,28,0.12,Mobile,11,0,0
5420,Masculino,48,IN,Familia,250,40,0.13,Desktop,0,1,0
5421,Masculino,33,CA,Premium,298,34,0.15,Desktop,0,1,0
5422,Feminino,29,UK,Estudante,286,83,0.5,Web,0,1,0
5423,Feminino,42,PK,Premium,58,55,0.33,Mobile,0,1,0
5424,Feminino,16,FR,Gratuito,172,66,0.54,Mobile,5,0,0
5425,Masculino,26,US,Gratuito,14,16,0.34,Desktop,18,0,0
5426,Masculino,16,PK,Gratuito,93,58,0.45,Mobile,26,0,0
5427,Masculino,57,DE,Estudante,175,96,0.03,Mobile,0,1,0
5428,Feminino,57,FR,Gratuito,272,65,0.17,Desktop,42,0,0
5429,Masculino,33,CA,Premium,242,99,0.03,Mobile,0,1,1
5430,Masculino,23,AU,Gratuito,40,24,0.28,Web,23,0,0
5431,Masculino,37,IN,Gratuito,273,15,0.45,Mobile,12,0,0
5432,Feminino,46,UK,Premium,280,76,0.03,Web,0,1,0
5433,Feminino,16,DE,Gratuito,30,40,0.32,Mobile,37,0,0
5434,Feminino,28,DE,Estudante,215,29,0.02,Mobile,0,1,0
5435,Masculino,25,UK,Gratuito,231,2,0.59,Desktop,49,0,0
5436,Feminino,21,CA,Estudante,26,17,0.12,Desktop,0,1,0
5437,Masculino,22,FR,Gratuito,55,45,0.1,Desktop,38,0,0
5438,Feminino,33,FR,Estudante,171,13,0.49,Mobile,0,1,0
5439,Masculino,41,UK,Estudante,90,7,0.45,Desktop,0,1,0
5440,Feminino,20,PK,Familia,39,94,0.53,Mobile,0,1,0
5441,Feminino,17,FR,Gratuito,256,61,0.39,Web,19,0,0
5442,Feminino,50,AU,Gratuito,33,88,0.11,Desktop,24,0,0
5443,Feminino,37,DE,Premium,281,16,0.33,Mobile,0,1,0
5444,Feminino,49,US,Gratuito,57,82,0.18,Desktop,30,0,0
5445,Feminino,16,AU,Premium,41,4,0.45,Desktop,0,1,0
5446,Masculino,48,IN,Gratuito,58,14,0.32,Desktop,20,0,0
5447,Feminino,50,CA,Familia,132,14,0.5,Web,0,1,1
5448,Feminino,18,FR,Estudante,169,45,0.04,Mobile,0,1,0
5449,Feminino,53,UK,Estudante,258,73,0.19,Web,0,1,0
5450,Feminino,17,CA,Estudante,197,26,0.48,Mobile,0,1,1
5451,Masculino,52,FR,Familia,173,19,0.25,Desktop,0,1,0
5452,Feminino,48,UK,Estudante,63,19,0.57,Desktop,0,1,0
5453,Feminino,53,US,Premium,44,78,0.16,Desktop,0,1,0
5454,Masculino,37,UK,Premium,257,63,0.09,Desktop,0,1,0
5455,Feminino,55,IN,Gratuito,79,26,0.08,Web,9,0,1
5456,Feminino,44,US,Familia,189,1,0.42,Desktop,0,1,1
5457,Feminino,42,IN,Gratuito,166,8,0.44,Web,34,0,0
5458,Feminino,21,DE,Premium,142,80,0.01,Web,0,1,0
5459,Feminino,50,FR,Premium,200,73,0.43,Web,0,1,0
5460,Masculino,28,US,Premium,39,83,0.5,Mobile,0,1,0
5461,Masculino,33,UK,Gratuito,51,67,0.41,Web,36,0,0
5462,Masculino,44,FR,Premium,278,37,0.52,Web,0,1,0
5463,Feminino,41,PK,Premium,166,18,0.01,Web,0,1,0
5464,Feminino,21,FR,Premium,282,51,0.05,Mobile,0,1,0
5465,Feminino,28,FR,Gratuito,179,62,0.37,Web,46,0,0
5466,Feminino,56,IN,Premium,208,54,0.46,Web,0,1,1
5467,Feminino,40,US,Estudante,63,54,0.31,Mobile,0,1,0
5468,Feminino,24,AU,Premium,163,55,0.2,Desktop,0,1,0
5469,Feminino,22,AU,Gratuito,111,80,0.14,Mobile,16,0,0
5470,Feminino,26,UK,Gratuito,60,12,0.5,Desktop,22,0,0
5471,Masculino,18,UK,Estudante,183,74,0.27,Web,0,1,0
5472,Masculino,54,AU,Estudante,175,6,0.54,Mobile,0,1,1
5473,Feminino,27,PK,Premium,197,29,0.21,Desktop,0,1,0
5474,Feminino,46,UK,Estudante,283,61,0.19,Desktop,0,1,0
5475,Masculino,21,PK,Premium,58,37,0.07,Desktop,0,1,0
5476,Masculino,31,AU,Premium,190,66,0.13,Desktop,0,1,1
5477,Feminino,31,UK,Premium,64,25,0.11,Web,0,1,0
5478,Masculino,53,DE,Estudante,29,57,0.21,Desktop,0,1,0
5479,Masculino,33,US,Estudante,241,29,0.2,Desktop,0,1,1
5480,Masculino,52,IN,Estudante,40,84,0.08,Desktop,0,1,0
5481,Feminino,18,DE,Familia,154,71,0.24,Desktop,0,1,0
5482,Masculino,33,AU,Premium,105,67,0.57,Mobile,0,1,1
5483,Masculino,55,AU,Gratuito,197,12,0.37,Web,19,0,0
5484,Feminino,48,CA,Estudante,123,60,0.11,Desktop,0,1,1
5485,Feminino,19,AU,Estudante,169,43,0.07,Desktop,0,1,0
5486,Masculino,58,FR,Estudante,298,85,0.35,Desktop,0,1,0
5487,Masculino,32,PK,Estudante,96,35,0.03,Mobile,0,1,1
5488,Masculino,53,US,Estudante,292,72,0.29,Desktop,0,1,1
5489,Masculino,51,IN,Gratuito,159,73,0.47,Desktop,6,0,0
5490,Feminino,52,US,Gratuito,29,23,0.11,Web,30,0,0
5491,Feminino,51,AU,Premium,143,7,0.31,Desktop,0,1,1
5492,Feminino,17,PK,Estudante,154,37,0.03,Desktop,0,1,0
5493,Feminino,50,DE,Premium,107,76,0.02,Desktop,0,1,1
5494,Feminino,41,UK,Gratuito,86,19,0.26,Mobile,9,0,0
5495,Masculino,29,US,Estudante,52,23,0.27,Desktop,0,1,0
5496,Masculino,40,PK,Familia,83,68,0.39,Web,0,1,1
5497,Feminino,18,AU,Estudante,247,26,0.4,Mobile,0,1,1
5498,Masculino,48,IN,Gratuito,89,90,0.34,Desktop,22,0,1
5499,Feminino,29,DE,Estudante,290,28,0.39,Desktop,0,1,1
5500,Feminino,30,US,Gratuito,251,54,0.2,Desktop,37,0,0
5501,Feminino,37,PK,Familia,242,36,0.13,Web,0,1,0
5502,Feminino,59,PK,Estudante,152,80,0.07,Web,0,1,1
5503,Masculino,48,AU,Familia,260,41,0.45,Desktop,0,1,1
5504,Masculino,56,PK,Gratuito,263,52,0.3,Web,41,0,0
5505,Masculino,45,UK,Familia,37,92,0.47,Web,0,1,0
5506,Masculino,36,CA,Familia,27,89,0.51,Desktop,0,1,0
5507,Feminino,44,PK,Gratuito,198,41,0.53,Web,43,0,0
5508,Feminino,58,PK,Premium,269,92,0.59,Web,0,1,0
5509,Masculino,25,AU,Familia,30,74,0.26,Desktop,0,1,1
5510,Masculino,47,US,Estudante,112,73,0.11,Web,0,1,0
5511,Feminino,25,CA,Estudante,128,77,0.03,Web,0,1,1
5512,Feminino,26,DE,Estudante,185,76,0.3,Mobile,0,1,0
5513,Feminino,59,DE,Premium,296,16,0.54,Mobile,0,1,0
5514,Feminino,41,IN,Premium,65,92,0.21,Mobile,0,1,0
5515,Feminino,39,IN,Gratuito,91,44,0.08,Web,43,0,0
5516,Feminino,42,PK,Premium,95,77,0.44,Desktop,0,1,0
5517,Feminino,37,CA,Premium,43,54,0.39,Desktop,0,1,0
5518,Feminino,27,CA,Familia,232,65,0.44,Mobile,0,1,0
5519,Feminino,44,US,Gratuito,57,63,0.52,Web,27,0,0
5520,Masculino,38,UK,Familia,130,4,0.52,Mobile,0,1,1
5521,Masculino,57,IN,Premium,225,9,0.03,Mobile,0,1,1
5522,Feminino,47,CA,Premium,180,62,0.24,Mobile,0,1,0
5523,Feminino,31,US,Estudante,275,61,0.34,Desktop,0,1,0
5524,Feminino,38,IN,Gratuito,262,39,0.34,Web,43,0,0
5525,Masculino,55,US,Familia,39,25,0.21,Desktop,0,1,0
5526,Masculino,24,PK,Estudante,191,54,0.58,Desktop,0,1,0
5527,Feminino,57,DE,Gratuito,58,41,0.0,Mobile,27,0,0
5528,Masculino,21,US,Familia,283,45,0.42,Web,0,1,0
5529,Feminino,46,US,Premium,24,1,0.34,Desktop,0,1,1
5530,Masculino,58,IN,Familia,130,80,0.17,Desktop,0,1,0
5531,Feminino,28,IN,Gratuito,119,9,0.5,Mobile,25,0,1
5532,Feminino,20,UK,Familia,38,11,0.47,Web,0,1,0
5533,Masculino,26,DE,Estudante,292,13,0.26,Web,0,1,0
5534,Feminino,23,FR,Familia,173,83,0.24,Desktop,0,1,1
5535,Masculino,21,CA,Familia,120,70,0.08,Desktop,0,1,0
5536,Feminino,36,CA,Gratuito,236,41,0.46,Desktop,32,0,1
5537,Feminino,37,US,Premium,18,18,0.16,Web,0,1,0
5538,Feminino,28,AU,Gratuito,62,61,0.5,Mobile,45,0,0
5539,Feminino,50,US,Gratuito,231,86,0.58,Mobile,35,0,0
5540,Feminino,52,AU,Gratuito,79,24,0.13,Web,32,0,0
5541,Feminino,43,CA,Estudante,146,83,0.59,Web,0,1,0
5542,Feminino,54,UK,Premium,36,68,0.35,Mobile,0,1,1
5543,Masculino,47,FR,Premium,195,53,0.37,Desktop,0,1,1
5544,Masculino,17,PK,Premium,115,80,0.1,Web,0,1,0
5545,Masculino,18,AU,Gratuito,109,20,0.04,Web,26,0,1
5546,Masculino,43,DE,Familia,159,75,0.24,Web,0,1,0
5547,Feminino,20,US,Premium,215,41,0.58,Web,0,1,0
5548,Feminino,38,CA,Premium,136,53,0.3,Desktop,0,1,0
5549,Masculino,56,US,Familia,52,2,0.17,Mobile,0,1,0
5550,Masculino,32,PK,Estudante,61,91,0.47,Mobile,0,1,0
5551,Masculino,31,AU,Estudante,117,84,0.48,Desktop,0,1,0
5552,Feminino,53,US,Gratuito,77,47,0.31,Web,38,0,0
5553,Feminino,43,DE,Familia,154,74,0.49,Web,0,1,0
5554,Masculino,27,US,Gratuito,207,78,0.37,Web,7,0,0
5555,Feminino,22,US,Premium,36,20,0.27,Web,0,1,1
5556,Feminino,51,US,Gratuito,179,35,0.02,Mobile,39,0,0
5557,Feminino,54,US,Estudante,19,53,0.29,Desktop,0,1,1
5558,Masculino,22,UK,Premium,73,20,0.09,Mobile,0,1,0
5559,Masculino,51,IN,Gratuito,230,84,0.43,Desktop,43,0,1
5560,Masculino,58,US,Familia,253,98,0.17,Web,0,1,0
5561,Feminino,57,FR,Premium,295,76,0.39,Mobile,0,1,1
5562,Feminino,19,FR,Familia,120,43,0.15,Desktop,0,1,0
5563,Feminino,45,UK,Gratuito,137,5,0.41,Web,26,0,0
5564,Feminino,28,FR,Gratuito,157,91,0.59,Desktop,38,0,1
5565,Masculino,54,UK,Premium,144,49,0.27,Desktop,0,1,1
5566,Masculino,55,FR,Familia,34,70,0.38,Mobile,0,1,0
5567,Masculino,31,FR,Gratuito,56,96,0.47,Web,46,0,1
5568,Feminino,44,DE,Gratuito,191,25,0.26,Mobile,11,0,0
5569,Masculino,17,US,Estudante,291,4,0.02,Desktop,0,1,0
5570,Feminino,45,PK,Estudante,151,51,0.55,Web,0,1,0
5571,Feminino,26,US,Premium,200,82,0.5,Desktop,0,1,1
5572,Feminino,52,IN,Familia,224,76,0.16,Mobile,0,1,0
5573,Feminino,30,PK,Estudante,211,41,0.3,Desktop,0,1,0
5574,Masculino,57,UK,Estudante,45,59,0.12,Mobile,0,1,0
5575,Feminino,44,PK,Premium,95,71,0.38,Desktop,0,1,1
5576,Feminino,29,AU,Premium,33,1,0.49,Desktop,0,1,0
5577,Feminino,42,CA,Estudante,101,49,0.31,Mobile,0,1,0
5578,Masculino,21,UK,Familia,52,94,0.05,Mobile,0,1,0
5579,Feminino,23,AU,Estudante,254,35,0.57,Mobile,0,1,0
5580,Feminino,39,DE,Gratuito,31,85,0.13,Web,25,0,0
5581,Feminino,19,DE,Premium,114,35,0.04,Web,0,1,0
5582,Feminino,34,PK,Gratuito,55,3,0.34,Mobile,34,0,0
5583,Feminino,56,UK,Gratuito,50,99,0.32,Web,34,0,1
5584,Feminino,42,US,Gratuito,181,65,0.14,Web,36,0,1
5585,Feminino,28,IN,Estudante,176,26,0.16,Web,0,1,0
5586,Masculino,19,CA,Gratuito,71,1,0.19,Desktop,24,0,0
5587,Feminino,56,FR,Familia,119,92,0.14,Mobile,0,1,0
5588,Feminino,43,DE,Premium,266,9,0.07,Mobile,0,1,0
5589,Feminino,55,AU,Estudante,83,43,0.53,Web,0,1,1
5590,Feminino,16,AU,Estudante,240,94,0.09,Desktop,0,1,0
5591,Masculino,54,AU,Premium,118,25,0.16,Mobile,0,1,1
5592,Feminino,32,US,Gratuito,276,23,0.38,Web,9,0,0
5593,Feminino,42,UK,Familia,112,34,0.53,Web,0,1,1
5594,Feminino,55,DE,Familia,10,82,0.56,Web,0,1,1
5595,Masculino,29,PK,Premium,113,97,0.23,Mobile,0,1,0
5596,Masculino,33,US,Estudante,262,42,0.41,Desktop,0,1,1
5597,Feminino,54,FR,Familia,59,96,0.49,Mobile,0,1,0
5598,Feminino,36,CA,Premium,244,27,0.51,Mobile,0,1,1
5599,Masculino,57,DE,Estudante,182,91,0.27,Desktop,0,1,0
5600,Masculino,32,CA,Premium,265,38,0.08,Desktop,0,1,0
5601,Feminino,58,US,Estudante,199,41,0.08,Desktop,0,1,0
5602,Feminino,34,US,Estudante,295,81,0.54,Web,0,1,0
5603,Masculino,56,IN,Estudante,78,3,0.36,Desktop,0,1,0
5604,Masculino,59,UK,Estudante,126,98,0.13,Desktop,0,1,0
5605,Feminino,40,PK,Gratuito,53,42,0.25,Mobile,12,0,0
5606,Feminino,58,FR,Premium,203,57,0.47,Desktop,0,1,1
5607,Feminino,56,CA,Estudante,88,1,0.47,Web,0,1,0
5608,Feminino,45,PK,Premium,294,23,0.21,Mobile,0,1,0
5609,Masculino,34,US,Familia,255,6,0.2,Mobile,0,1,1
5610,Feminino,57,PK,Gratuito,113,60,0.21,Desktop,39,0,0
5611,Feminino,24,CA,Familia,173,23,0.09,Web,0,1,0
5612,Masculino,56,UK,Premium,265,97,0.28,Web,0,1,0
5613,Feminino,37,PK,Premium,12,22,0.32,Web,0,1,1
5614,Feminino,25,US,Familia,165,22,0.16,Mobile,0,1,0
5615,Feminino,28,IN,Familia,168,58,0.09,Desktop,0,1,0
5616,Feminino,30,US,Familia,185,18,0.22,Web,0,1,0
5617,Feminino,25,AU,Premium,136,52,0.37,Mobile,0,1,1
5618,Feminino,57,AU,Familia,299,68,0.06,Desktop,0,1,0
5619,Feminino,30,PK,Premium,59,47,0.22,Mobile,0,1,1
5620,Masculino,52,CA,Familia,220,66,0.06,Mobile,0,1,1
5621,Feminino,52,CA,Estudante,207,80,0.11,Mobile,0,1,0
5622,Feminino,38,IN,Estudante,80,15,0.47,Mobile,0,1,0
5623,Masculino,28,DE,Familia,262,25,0.56,Mobile,0,1,0
5624,Feminino,28,CA,Estudante,299,93,0.29,Desktop,0,1,0
5625,Masculino,56,FR,Gratuito,261,83,0.14,Web,23,0,1
5626,Masculino,41,PK,Familia,178,75,0.22,Desktop,0,1,0
5627,Feminino,36,PK,Estudante,244,22,0.56,Mobile,0,1,0
5628,Feminino,17,PK,Premium,227,34,0.57,Web,0,1,0
5629,Feminino,39,IN,Estudante,134,37,0.13,Web,0,1,1
5630,Feminino,50,IN,Familia,251,1,0.03,Desktop,0,1,1
5631,Feminino,38,FR,Estudante,262,35,0.2,Web,0,1,0
5632,Masculino,50,PK,Estudante,271,19,0.19,Web,0,1,0
5633,Masculino,33,US,Estudante,245,22,0.24,Mobile,0,1,0
5634,Feminino,35,IN,Premium,32,35,0.54,Mobile,0,1,0
5635,Feminino,55,DE,Premium,75,32,0.1,Web,0,1,1
5636,Masculino,41,AU,Premium,49,92,0.51,Desktop,0,1,0
5637,Masculino,16,AU,Familia,143,37,0.11,Web,0,1,1
5638,Feminino,29,UK,Estudante,28,74,0.22,Mobile,0,1,0
5639,Feminino,47,AU,Familia,18,14,0.02,Web,0,1,0
5640,Feminino,16,US,Premium,212,44,0.33,Mobile,0,1,0
5641,Feminino,54,CA,Premium,180,16,0.22,Web,0,1,1
5642,Feminino,17,AU,Premium,228,5,0.07,Desktop,0,1,0
5643,Feminino,42,PK,Gratuito,150,59,0.53,Mobile,34,0,0
5644,Feminino,30,PK,Premium,233,81,0.42,Web,0,1,0
5645,Masculino,53,US,Familia,250,18,0.2,Desktop,0,1,0
5646,Feminino,20,IN,Familia,101,39,0.5,Web,0,1,0
5647,Feminino,58,CA,Premium,226,64,0.41,Web,0,1,0
5648,Feminino,35,DE,Gratuito,125,91,0.4,Web,34,0,1
5649,Feminino,53,CA,Estudante,273,96,0.39,Desktop,0,1,0
5650,Masculino,47,FR,Familia,132,33,0.01,Web,0,1,0
5651,Masculino,24,DE,Familia,250,15,0.48,Desktop,0,1,0
5652,Masculino,46,FR,Familia,93,46,0.59,Mobile,0,1,0
5653,Masculino,40,US,Familia,163,65,0.49,Mobile,0,1,1
5654,Feminino,34,DE,Premium,296,16,0.17,Desktop,0,1,0
5655,Masculino,34,AU,Estudante,273,81,0.35,Desktop,0,1,0
5656,Feminino,29,AU,Premium,183,20,0.14,Mobile,0,1,1
5657,Masculino,37,DE,Estudante,274,34,0.01,Mobile,0,1,0
5658,Feminino,40,PK,Gratuito,298,19,0.06,Mobile,11,0,1
5659,Feminino,55,PK,Premium,281,27,0.44,Web,0,1,0
5660,Feminino,42,DE,Gratuito,283,63,0.51,Web,35,0,0
5661,Feminino,52,IN,Premium,210,9,0.05,Mobile,0,1,0
5662,Feminino,45,PK,Premium,233,44,0.46,Web,0,1,0
5663,Feminino,55,FR,Gratuito,40,62,0.23,Desktop,18,0,0
5664,Feminino,18,DE,Premium,118,65,0.36,Web,0,1,0
5665,Masculino,25,IN,Estudante,95,92,0.26,Desktop,0,1,0
5666,Feminino,21,DE,Gratuito,227,80,0.03,Web,38,0,0
5667,Feminino,25,AU,Estudante,15,35,0.28,Mobile,0,1,0
5668,Feminino,51,US,Gratuito,57,59,0.43,Web,24,0,0
5669,Masculino,46,IN,Gratuito,169,57,0.46,Desktop,40,0,1
5670,Masculino,49,US,Premium,26,87,0.44,Mobile,0,1,0
5671,Feminino,59,IN,Premium,269,97,0.34,Desktop,0,1,0
5672,Feminino,33,CA,Estudante,182,6,0.4,Mobile,0,1,0
5673,Feminino,43,AU,Estudante,78,15,0.08,Mobile,0,1,0
5674,Masculino,49,UK,Premium,53,14,0.09,Web,0,1,1
5675,Masculino,34,AU,Premium,288,63,0.34,Desktop,0,1,0
5676,Feminino,19,US,Familia,57,44,0.55,Desktop,0,1,0
5677,Feminino,56,AU,Gratuito,74,1,0.02,Web,12,0,0
5678,Feminino,47,FR,Estudante,66,62,0.49,Mobile,0,1,0
5679,Feminino,42,IN,Premium,264,50,0.58,Web,0,1,0
5680,Feminino,58,DE,Familia,213,86,0.29,Desktop,0,1,0
5681,Feminino,53,DE,Gratuito,115,70,0.05,Web,22,0,1
5682,Masculino,45,FR,Estudante,23,18,0.27,Desktop,0,1,1
5683,Feminino,50,UK,Gratuito,160,94,0.5,Mobile,16,0,0
5684,Masculino,21,DE,Estudante,291,9,0.44,Desktop,0,1,1
5685,Feminino,42,AU,Premium,98,41,0.03,Desktop,0,1,0
5686,Masculino,50,IN,Gratuito,85,89,0.47,Mobile,16,0,1
5687,Feminino,48,PK,Estudante,206,12,0.36,Mobile,0,1,0
5688,Feminino,36,CA,Premium,51,9,0.41,Mobile,0,1,0
5689,Feminino,21,PK,Gratuito,236,85,0.16,Mobile,18,0,0
5690,Masculino,40,DE,Premium,72,13,0.6,Web,0,1,0
5691,Feminino,46,US,Gratuito,268,68,0.59,Mobile,22,0,0
5692,Masculino,54,AU,Familia,16,98,0.56,Mobile,0,1,1
5693,Feminino,21,CA,Gratuito,65,63,0.34,Desktop,6,0,0
5694,Feminino,34,PK,Estudante,31,80,0.01,Desktop,0,1,0
5695,Masculino,45,PK,Premium,97,63,0.13,Web,0,1,0
5696,Masculino,33,AU,Gratuito,36,47,0.31,Web,18,0,0
5697,Feminino,32,DE,Estudante,109,84,0.15,Desktop,0,1,0
5698,Feminino,52,DE,Gratuito,168,87,0.22,Desktop,34,0,0
5699,Masculino,37,AU,Premium,33,28,0.21,Web,0,1,0
5700,Feminino,49,AU,Gratuito,12,41,0.41,Mobile,38,0,0
5701,Feminino,39,IN,Familia,217,36,0.03,Desktop,0,1,1
5702,Masculino,58,UK,Premium,258,79,0.53,Mobile,0,1,0
5703,Feminino,29,CA,Familia,50,85,0.55,Mobile,0,1,1
5704,Masculino,56,US,Familia,112,16,0.54,Mobile,0,1,0
5705,Masculino,38,PK,Gratuito,93,91,0.29,Mobile,29,0,0
5706,Masculino,50,AU,Familia,126,42,0.46,Mobile,0,1,0
5707,Masculino,58,UK,Gratuito,191,5,0.4,Desktop,25,0,0
5708,Masculino,53,FR,Gratuito,258,48,0.15,Mobile,42,0,1
5709,Masculino,21,CA,Gratuito,145,29,0.55,Web,36,0,0
5710,Feminino,21,AU,Gratuito,91,27,0.38,Desktop,8,0,0
5711,Feminino,46,AU,Estudante,40,29,0.24,Web,0,1,0
5712,Feminino,38,DE,Premium,241,12,0.08,Web,0,1,1
5713,Feminino,54,UK,Gratuito,285,5,0.36,Web,36,0,0
5714,Feminino,34,FR,Gratuito,280,88,0.31,Web,14,0,1
5715,Masculino,23,DE,Familia,15,43,0.26,Desktop,0,1,0
5716,Masculino,45,UK,Estudante,125,56,0.47,Web,0,1,0
5717,Feminino,24,CA,Estudante,35,67,0.37,Web,0,1,0
5718,Feminino,39,PK,Familia,115,84,0.55,Desktop,0,1,0
5719,Feminino,21,DE,Estudante,36,40,0.27,Desktop,0,1,0
5720,Feminino,16,CA,Gratuito,65,95,0.59,Desktop,11,0,0
5721,Masculino,47,CA,Familia,122,1,0.47,Mobile,0,1,0
5722,Feminino,47,IN,Premium,82,72,0.27,Web,0,1,1
5723,Masculino,16,UK,Gratuito,270,77,0.19,Mobile,48,0,0
5724,Masculino,58,PK,Familia,123,49,0.17,Web,0,1,0
5725,Feminino,18,IN,Estudante,296,90,0.05,Web,0,1,1
5726,Feminino,32,DE,Familia,164,32,0.21,Desktop,0,1,0
5727,Feminino,54,CA,Premium,88,24,0.51,Web,0,1,1
5728,Feminino,53,PK,Familia,249,53,0.28,Mobile,0,1,1
5729,Masculino,36,CA,Estudante,51,91,0.31,Desktop,0,1,0
5730,Masculino,53,US,Estudante,218,47,0.08,Mobile,0,1,0
5731,Feminino,27,CA,Familia,104,66,0.45,Desktop,0,1,0
5732,Masculino,18,AU,Estudante,105,51,0.01,Mobile,0,1,1
5733,Feminino,17,AU,Estudante,299,26,0.16,Mobile,0,1,0
5734,Feminino,57,PK,Estudante,115,54,0.09,Desktop,0,1,0
5735,Masculino,25,US,Gratuito,68,13,0.51,Desktop,27,0,1
5736,Masculino,48,AU,Premium,86,87,0.08,Mobile,0,1,0
5737,Feminino,41,AU,Familia,188,92,0.52,Web,0,1,0
5738,Feminino,16,UK,Estudante,238,3,0.44,Desktop,0,1,0
5739,Feminino,52,UK,Gratuito,137,65,0.33,Desktop,46,0,1
5740,Feminino,40,FR,Premium,83,90,0.54,Mobile,0,1,0
5741,Feminino,52,CA,Gratuito,281,80,0.57,Desktop,17,0,0
5742,Feminino,49,DE,Gratuito,290,2,0.43,Desktop,35,0,0
5743,Feminino,45,UK,Gratuito,76,54,0.5,Mobile,41,0,0
5744,Feminino,53,FR,Familia,192,56,0.43,Web,0,1,0
5745,Feminino,20,IN,Gratuito,82,12,0.56,Web,37,0,0
5746,Masculino,50,FR,Gratuito,170,88,0.36,Desktop,10,0,0
5747,Feminino,39,PK,Premium,286,7,0.18,Desktop,0,1,0
5748,Masculino,58,PK,Premium,134,13,0.01,Desktop,0,1,0
5749,Feminino,24,FR,Familia,51,44,0.46,Web,0,1,0
5750,Masculino,22,US,Gratuito,295,21,0.27,Web,17,0,1
5751,Masculino,49,CA,Premium,248,61,0.49,Mobile,0,1,0
5752,Masculino,34,CA,Estudante,26,56,0.52,Mobile,0,1,0
5753,Feminino,32,US,Estudante,153,78,0.14,Desktop,0,1,0
5754,Masculino,29,IN,Estudante,270,71,0.14,Web,0,1,0
5755,Feminino,20,AU,Premium,226,85,0.36,Web,0,1,1
5756,Feminino,35,CA,Estudante,104,7,0.28,Desktop,0,1,0
5757,Feminino,29,AU,Gratuito,113,10,0.56,Desktop,44,0,0
5758,Feminino,47,AU,Estudante,219,7,0.53,Mobile,0,1,0
5759,Feminino,57,US,Familia,224,59,0.55,Desktop,0,1,0
5760,Feminino,48,PK,Estudante,166,50,0.39,Web,0,1,1
5761,Feminino,41,CA,Gratuito,125,17,0.34,Mobile,33,0,1
5762,Masculino,31,IN,Gratuito,110,70,0.33,Web,19,0,0
5763,Feminino,42,CA,Familia,272,5,0.39,Desktop,0,1,0
5764,Feminino,27,AU,Estudante,97,1,0.46,Desktop,0,1,1
5765,Feminino,51,PK,Familia,207,92,0.14,Web,0,1,1
5766,Feminino,45,AU,Estudante,46,6,0.28,Desktop,0,1,0
5767,Feminino,52,AU,Gratuito,189,85,0.37,Web,13,0,0
5768,Masculino,47,FR,Premium,297,34,0.38,Web,0,1,0
5769,Feminino,46,AU,Estudante,232,55,0.01,Web,0,1,1
5770,Masculino,48,US,Premium,285,16,0.32,Desktop,0,1,0
5771,Feminino,20,AU,Premium,158,41,0.07,Mobile,0,1,1
5772,Masculino,40,CA,Estudante,298,92,0.51,Web,0,1,1
5773,Feminino,36,AU,Premium,90,45,0.13,Web,0,1,1
5774,Feminino,57,US,Gratuito,221,22,0.44,Desktop,32,0,1
5775,Feminino,22,AU,Gratuito,52,17,0.2,Mobile,32,0,0
5776,Feminino,54,IN,Gratuito,37,55,0.48,Web,35,0,0
5777,Feminino,20,FR,Familia,219,94,0.19,Web,0,1,0
5778,Masculino,53,PK,Premium,213,18,0.26,Mobile,0,1,1
5779,Feminino,26,FR,Estudante,56,44,0.38,Web,0,1,0
5780,Masculino,43,PK,Estudante,258,47,0.16,Web,0,1,1
5781,Masculino,37,UK,Gratuito,65,56,0.31,Desktop,44,0,0
5782,Feminino,24,AU,Estudante,10,85,0.33,Web,0,1,0
5783,Feminino,24,IN,Familia,42,39,0.45,Web,0,1,0
5784,Masculino,54,US,Familia,107,30,0.1,Mobile,0,1,0
5785,Masculino,24,PK,Familia,66,81,0.5,Web,0,1,0
5786,Feminino,38,AU,Estudante,261,60,0.32,Web,0,1,0
5787,Feminino,44,US,Familia,193,85,0.4,Desktop,0,1,0
5788,Feminino,24,DE,Familia,40,38,0.57,Desktop,0,1,0
5789,Masculino,34,UK,Estudante,13,90,0.44,Web,0,1,1
5790,Feminino,48,PK,Gratuito,23,76,0.01,Web,17,0,0
5791,Feminino,31,CA,Estudante,227,74,0.47,Web,0,1,1
5792,Feminino,52,IN,Premium,163,87,0.45,Mobile,0,1,0
5793,Feminino,49,AU,Estudante,195,60,0.33,Web,0,1,0
5794,Feminino,25,DE,Premium,270,35,0.32,Mobile,0,1,0
5795,Feminino,36,FR,Premium,99,38,0.56,Mobile,0,1,0
5796,Feminino,50,US,Gratuito,224,39,0.25,Desktop,8,0,0
5797,Feminino,37,DE,Premium,116,29,0.58,Desktop,0,1,0
5798,Feminino,38,DE,Familia,278,3,0.25,Web,0,1,1
5799,Feminino,23,DE,Estudante,62,86,0.5,Web,0,1,1
5800,Masculino,56,IN,Premium,217,34,0.15,Desktop,0,1,0
5801,Masculino,41,DE,Estudante,126,66,0.59,Web,0,1,1
5802,Feminino,59,FR,Estudante,116,90,0.14,Mobile,0,1,0
5803,Feminino,16,UK,Premium,79,61,0.48,Mobile,0,1,0
5804,Feminino,21,UK,Estudante,206,30,0.38,Desktop,0,1,0
5805,Feminino,22,FR,Familia,53,51,0.44,Mobile,0,1,0
5806,Masculino,58,US,Premium,43,18,0.15,Web,0,1,1
5807,Feminino,28,FR,Estudante,145,90,0.28,Desktop,0,1,0
5808,Feminino,16,CA,Familia,57,74,0.51,Web,0,1,0
5809,Masculino,25,FR,Estudante,149,92,0.33,Desktop,0,1,1
5810,Feminino,54,PK,Premium,85,19,0.34,Web,0,1,0
5811,Masculino,17,CA,Familia,70,5,0.6,Mobile,0,1,0
5812,Feminino,34,CA,Gratuito,135,31,0.2,Mobile,46,0,0
5813,Masculino,32,US,Premium,204,16,0.53,Desktop,0,1,1
5814,Feminino,29,AU,Gratuito,177,96,0.18,Web,17,0,1
5815,Masculino,26,IN,Estudante,238,1,0.05,Mobile,0,1,0
5816,Masculino,52,UK,Estudante,151,54,0.19,Desktop,0,1,0
5817,Masculino,24,PK,Gratuito,136,50,0.4,Desktop,6,0,0
5818,Feminino,20,CA,Familia,74,10,0.09,Mobile,0,1,1
5819,Feminino,56,PK,Gratuito,232,63,0.01,Mobile,35,0,0
5820,Masculino,34,UK,Premium,138,41,0.04,Web,0,1,0
5821,Feminino,50,CA,Gratuito,297,44,0.34,Desktop,26,0,1
5822,Feminino,36,FR,Familia,19,81,0.52,Mobile,0,1,0
5823,Feminino,56,FR,Gratuito,264,28,0.3,Mobile,8,0,0
5824,Feminino,22,DE,Familia,203,92,0.35,Mobile,0,1,0
5825,Feminino,25,AU,Gratuito,104,51,0.2,Desktop,28,0,0
5826,Masculino,41,AU,Premium,272,3,0.47,Desktop,0,1,0
5827,Masculino,52,IN,Estudante,299,56,0.59,Desktop,0,1,0
5828,Feminino,35,FR,Familia,249,64,0.56,Web,0,1,0
5829,Feminino,39,FR,Estudante,201,60,0.51,Web,0,1,1
5830,Masculino,40,IN,Gratuito,103,85,0.38,Mobile,33,0,1
5831,Feminino,24,UK,Gratuito,226,98,0.1,Web,20,0,0
5832,Masculino,44,AU,Familia,137,38,0.2,Desktop,0,1,0
5833,Masculino,54,AU,Premium,43,26,0.59,Mobile,0,1,1
5834,Feminino,46,PK,Familia,81,38,0.33,Mobile,0,1,0
5835,Masculino,21,PK,Premium,137,75,0.05,Mobile,0,1,0
5836,Masculino,20,IN,Premium,248,79,0.07,Desktop,0,1,0
5837,Feminino,24,DE,Familia,151,30,0.16,Mobile,0,1,1
5838,Feminino,46,FR,Familia,32,29,0.19,Desktop,0,1,0
5839,Feminino,25,UK,Gratuito,36,16,0.5,Mobile,11,0,0
5840,Feminino,34,AU,Gratuito,262,17,0.18,Desktop,27,0,0
5841,Masculino,36,UK,Gratuito,54,37,0.52,Mobile,27,0,0
5842,Masculino,37,US,Estudante,52,41,0.28,Mobile,0,1,0
5843,Feminino,31,FR,Gratuito,145,7,0.01,Web,41,0,0
5844,Feminino,17,DE,Premium,32,71,0.27,Desktop,0,1,0
5845,Masculino,58,DE,Familia,295,12,0.49,Web,0,1,0
5846,Feminino,18,AU,Premium,139,55,0.44,Mobile,0,1,0
5847,Feminino,57,AU,Premium,125,60,0.26,Web,0,1,1
5848,Masculino,31,DE,Gratuito,151,46,0.6,Desktop,18,0,0
5849,Feminino,43,IN,Estudante,275,38,0.59,Web,0,1,0
5850,Feminino,37,US,Familia,204,59,0.39,Mobile,0,1,1
5851,Feminino,27,IN,Familia,234,56,0.15,Web,0,1,0
5852,Masculino,30,AU,Familia,267,45,0.17,Mobile,0,1,1
5853,Masculino,51,IN,Gratuito,263,83,0.03,Desktop,42,0,1
5854,Masculino,30,AU,Familia,78,65,0.08,Desktop,0,1,1
5855,Masculino,37,US,Estudante,199,55,0.28,Mobile,0,1,0
5856,Feminino,23,US,Gratuito,103,10,0.58,Mobile,38,0,0
5857,Masculino,32,IN,Premium,114,62,0.59,Desktop,0,1,1
5858,Feminino,50,CA,Premium,25,28,0.11,Mobile,0,1,0
5859,Feminino,37,AU,Estudante,148,84,0.02,Web,0,1,0
5860,Feminino,37,IN,Premium,244,13,0.31,Mobile,0,1,0
5861,Feminino,38,CA,Gratuito,55,33,0.18,Mobile,49,0,0
5862,Feminino,24,CA,Premium,141,56,0.43,Desktop,0,1,0
5863,Masculino,42,UK,Premium,133,3,0.1,Web,0,1,0
5864,Masculino,37,CA,Familia,166,38,0.17,Desktop,0,1,0
5865,Feminino,44,FR,Gratuito,113,14,0.57,Desktop,26,0,0
5866,Feminino,18,UK,Estudante,113,5,0.27,Web,0,1,1
5867,Feminino,41,US,Familia,147,59,0.36,Desktop,0,1,1
5868,Masculino,16,CA,Premium,203,38,0.35,Web,0,1,0
5869,Feminino,49,AU,Estudante,188,45,0.31,Mobile,0,1,0
5870,Feminino,31,UK,Familia,131,76,0.58,Web,0,1,0
5871,Masculino,23,CA,Familia,78,48,0.43,Mobile,0,1,0
5872,Masculino,54,IN,Estudante,243,93,0.51,Mobile,0,1,0
5873,Feminino,35,IN,Familia,230,60,0.09,Mobile,0,1,1
5874,Masculino,33,IN,Premium,127,60,0.07,Web,0,1,0
5875,Masculino,21,FR,Premium,210,29,0.35,Web,0,1,0
5876,Feminino,59,PK,Gratuito,32,88,0.12,Web,17,0,0
5877,Feminino,39,UK,Premium,44,54,0.52,Mobile,0,1,0
5878,Feminino,23,PK,Familia,238,91,0.2,Mobile,0,1,0
5879,Feminino,16,CA,Estudante,171,7,0.27,Mobile,0,1,1
5880,Masculino,57,DE,Gratuito,79,12,0.08,Web,47,0,0
5881,Feminino,52,FR,Familia,88,13,0.03,Desktop,0,1,0
5882,Masculino,46,UK,Premium,273,3,0.22,Mobile,0,1,0
5883,Masculino,42,CA,Familia,35,50,0.06,Mobile,0,1,1
5884,Feminino,25,FR,Gratuito,16,83,0.35,Mobile,24,0,0
5885,Masculino,38,US,Premium,89,54,0.28,Mobile,0,1,0
5886,Masculino,25,FR,Familia,220,64,0.57,Desktop,0,1,0
5887,Masculino,47,CA,Premium,129,85,0.27,Mobile,0,1,0
5888,Feminino,38,AU,Familia,185,2,0.05,Mobile,0,1,0
5889,Masculino,32,PK,Familia,286,39,0.01,Mobile,0,1,0
5890,Masculino,58,UK,Estudante,83,8,0.09,Desktop,0,1,0
5891,Feminino,27,FR,Familia,242,1,0.0,Desktop,0,1,1
5892,Masculino,58,US,Estudante,134,67,0.27,Web,0,1,0
5893,Feminino,57,AU,Familia,180,45,0.54,Web,0,1,0
5894,Feminino,39,CA,Familia,206,37,0.54,Web,0,1,0
5895,Feminino,55,CA,Estudante,97,25,0.39,Desktop,0,1,0
5896,Masculino,21,AU,Gratuito,236,88,0.27,Mobile,27,0,0
5897,Masculino,18,PK,Premium,226,7,0.32,Web,0,1,0
5898,Feminino,24,US,Gratuito,60,93,0.47,Desktop,35,0,0
5899,Masculino,36,PK,Premium,270,73,0.42,Desktop,0,1,1
5900,Feminino,50,DE,Gratuito,128,9,0.26,Desktop,35,0,0
5901,Feminino,26,PK,Gratuito,171,49,0.21,Mobile,40,0,0
5902,Feminino,28,US,Estudante,299,96,0.49,Desktop,0,1,1
5903,Masculino,45,FR,Gratuito,227,14,0.28,Desktop,17,0,1
5904,Masculino,47,US,Familia,165,22,0.14,Mobile,0,1,0
5905,Masculino,36,DE,Premium,22,44,0.33,Mobile,0,1,0
5906,Masculino,41,DE,Familia,118,94,0.53,Web,0,1,1
5907,Feminino,53,IN,Gratuito,221,50,0.36,Mobile,5,0,0
5908,Feminino,50,DE,Gratuito,94,64,0.49,Desktop,47,0,1
5909,Masculino,25,US,Premium,165,60,0.58,Mobile,0,1,0
5910,Feminino,40,UK,Gratuito,239,57,0.53,Mobile,29,0,0
5911,Feminino,33,UK,Premium,146,25,0.43,Desktop,0,1,0
5912,Feminino,19,FR,Premium,118,87,0.46,Desktop,0,1,0
5913,Feminino,36,US,Estudante,128,22,0.6,Desktop,0,1,0
5914,Feminino,28,DE,Familia,251,38,0.1,Mobile,0,1,0
5915,Masculino,50,US,Familia,228,33,0.07,Desktop,0,1,1
5916,Feminino,38,FR,Premium,222,62,0.31,Web,0,1,0
5917,Feminino,55,PK,Familia,124,69,0.43,Desktop,0,1,1
5918,Masculino,18,CA,Familia,203,12,0.24,Mobile,0,1,1
5919,Feminino,28,CA,Familia,292,28,0.08,Desktop,0,1,0
5920,Feminino,47,CA,Estudante,235,10,0.1,Mobile,0,1,0
5921,Feminino,25,AU,Premium,69,32,0.29,Desktop,0,1,0
5922,Masculino,48,IN,Estudante,137,43,0.24,Web,0,1,1
5923,Feminino,43,FR,Familia,59,65,0.28,Desktop,0,1,0
5924,Masculino,36,CA,Gratuito,233,76,0.55,Desktop,33,0,1
5925,Feminino,33,US,Premium,140,77,0.37,Desktop,0,1,0
5926,Feminino,55,AU,Familia,213,36,0.46,Web,0,1,0
5927,Feminino,46,FR,Familia,139,44,0.21,Mobile,0,1,0
5928,Masculino,45,DE,Gratuito,53,18,0.38,Mobile,22,0,1
5929,Feminino,51,UK,Estudante,268,9,0.3,Desktop,0,1,0
5930,Feminino,20,FR,Gratuito,74,10,0.27,Mobile,25,0,0
5931,Masculino,30,AU,Gratuito,51,93,0.2,Mobile,45,0,0
5932,Masculino,58,UK,Premium,222,68,0.26,Desktop,0,1,1
5933,Masculino,51,IN,Estudante,144,59,0.16,Mobile,0,1,0
5934,Feminino,37,AU,Gratuito,180,11,0.32,Web,9,0,0
5935,Feminino,16,US,Premium,62,53,0.53,Desktop,0,1,1
5936,Feminino,36,AU,Estudante,70,61,0.29,Mobile,0,1,0
5937,Feminino,19,PK,Familia,165,12,0.48,Desktop,0,1,0
5938,Feminino,38,UK,Premium,229,54,0.26,Mobile,0,1,0
5939,Masculino,22,CA,Estudante,180,77,0.1,Desktop,0,1,0
5940,Masculino,56,AU,Estudante,173,83,0.01,Web,0,1,0
5941,Feminino,40,AU,Premium,152,8,0.09,Web,0,1,1
5942,Feminino,58,US,Gratuito,214,80,0.21,Desktop,47,0,1
5943,Feminino,48,CA,Estudante,286,61,0.08,Mobile,0,1,1
5944,Feminino,42,FR,Premium,188,35,0.15,Desktop,0,1,0
5945,Feminino,43,AU,Estudante,29,5,0.25,Desktop,0,1,0
5946,Masculino,20,US,Familia,161,59,0.44,Mobile,0,1,0
5947,Masculino,39,IN,Estudante,123,6,0.53,Mobile,0,1,0
5948,Masculino,53,US,Estudante,107,6,0.53,Desktop,0,1,0
5949,Feminino,34,IN,Estudante,99,60,0.19,Desktop,0,1,1
5950,Feminino,59,FR,Estudante,270,89,0.23,Desktop,0,1,1
5951,Feminino,28,IN,Premium,220,96,0.01,Desktop,0,1,0
5952,Masculino,54,AU,Familia,129,54,0.26,Desktop,0,1,0
5953,Masculino,22,US,Gratuito,145,21,0.44,Desktop,26,0,0
5954,Feminino,52,DE,Gratuito,248,66,0.02,Desktop,5,0,1
5955,Feminino,28,CA,Premium,168,15,0.48,Mobile,0,1,0
5956,Feminino,30,CA,Familia,15,81,0.26,Desktop,0,1,0
5957,Feminino,25,AU,Estudante,208,70,0.09,Web,0,1,0
5958,Feminino,17,UK,Premium,188,45,0.28,Desktop,0,1,0
5959,Masculino,51,PK,Premium,13,93,0.02,Desktop,0,1,0
5960,Masculino,23,AU,Premium,49,33,0.28,Desktop,0,1,0
5961,Feminino,43,PK,Gratuito,241,38,0.24,Desktop,15,0,0
5962,Feminino,25,FR,Gratuito,287,23,0.51,Web,43,0,0
5963,Masculino,58,CA,Familia,141,84,0.27,Desktop,0,1,0
5964,Feminino,49,DE,Gratuito,287,52,0.27,Mobile,34,0,0
5965,Feminino,34,CA,Estudante,25,76,0.45,Web,0,1,0
5966,Feminino,59,PK,Premium,135,99,0.57,Desktop,0,1,1
5967,Feminino,28,IN,Familia,146,88,0.35,Web,0,1,1
5968,Feminino,31,DE,Premium,94,97,0.04,Desktop,0,1,0
5969,Feminino,43,AU,Premium,227,37,0.13,Desktop,0,1,0
5970,Masculino,24,IN,Gratuito,255,45,0.05,Mobile,40,0,0
5971,Feminino,55,DE,Familia,191,88,0.12,Web,0,1,0
5972,Feminino,37,PK,Gratuito,239,39,0.22,Mobile,46,0,1
5973,Feminino,42,AU,Estudante,205,13,0.12,Web,0,1,1
5974,Masculino,35,CA,Estudante,110,96,0.41,Web,0,1,1
5975,Feminino,25,UK,Premium,146,37,0.1,Web,0,1,1
5976,Feminino,38,IN,Gratuito,86,59,0.52,Desktop,8,0,0
5977,Masculino,56,UK,Premium,110,94,0.33,Web,0,1,0
5978,Feminino,54,FR,Familia,49,25,0.01,Web,0,1,1
5979,Masculino,56,CA,Estudante,75,68,0.44,Mobile,0,1,1
5980,Feminino,46,AU,Estudante,173,44,0.57,Web,0,1,0
5981,Masculino,55,FR,Premium,94,72,0.29,Desktop,0,1,0
5982,Feminino,55,AU,Estudante,279,24,0.23,Desktop,0,1,1
5983,Masculino,21,IN,Gratuito,226,80,0.43,Web,37,0,0
5984,Feminino,49,AU,Gratuito,210,11,0.07,Mobile,8,0,0
5985,Masculino,24,FR,Premium,256,11,0.3,Desktop,0,1,0
5986,Feminino,23,IN,Gratuito,77,12,0.07,Desktop,8,0,1
5987,Masculino,25,DE,Gratuito,249,33,0.07,Web,18,0,0
5988,Feminino,56,AU,Gratuito,184,19,0.1,Desktop,27,0,0
5989,Masculino,54,FR,Premium,224,60,0.4,Desktop,0,1,0
5990,Feminino,46,IN,Premium,206,23,0.49,Desktop,0,1,0
5991,Masculino,22,DE,Estudante,118,74,0.48,Web,0,1,0
5992,Masculino,55,UK,Premium,63,46,0.53,Mobile,0,1,1
5993,Masculino,40,IN,Familia,110,16,0.09,Web,0,1,0
5994,Feminino,17,DE,Gratuito,209,49,0.51,Web,15,0,0
5995,Feminino,49,CA,Familia,168,87,0.48,Web,0,1,0
5996,Feminino,26,PK,Premium,85,75,0.52,Web,0,1,1
5997,Feminino,25,AU,Premium,26,88,0.11,Desktop,0,1,0
5998,Masculino,57,UK,Gratuito,213,85,0.05,Desktop,15,0,0
5999,Feminino,28,US,Gratuito,45,62,0.54,Web,24,0,1
6000,Feminino,21,FR,Familia,93,31,0.37,Desktop,0,1,0
6001,Feminino,53,AU,Gratuito,96,10,0.59,Mobile,15,0,1
6002,Masculino,32,DE,Estudante,233,57,0.51,Mobile,0,1,1
6003,Masculino,28,UK,Gratuito,61,31,0.57,Mobile,48,0,1
6004,Masculino,16,CA,Estudante,206,58,0.29,Desktop,0,1,0
6005,Feminino,41,CA,Gratuito,151,3,0.32,Mobile,10,0,0
6006,Feminino,45,DE,Premium,196,42,0.13,Desktop,0,1,0
6007,Feminino,54,PK,Familia,242,1,0.35,Desktop,0,1,0
6008,Masculino,16,AU,Premium,215,30,0.36,Desktop,0,1,0
6009,Feminino,46,PK,Familia,14,23,0.19,Desktop,0,1,0
6010,Feminino,34,DE,Gratuito,221,71,0.16,Mobile,13,0,1
6011,Feminino,44,FR,Gratuito,157,15,0.01,Web,18,0,0
6012,Feminino,18,US,Gratuito,224,19,0.58,Desktop,40,0,1
6013,Feminino,47,AU,Estudante,233,32,0.11,Mobile,0,1,0
6014,Feminino,48,CA,Familia,19,47,0.43,Mobile,0,1,1
6015,Masculino,56,UK,Familia,159,21,0.17,Mobile,0,1,0
6016,Feminino,40,US,Familia,167,60,0.37,Mobile,0,1,1
6017,Masculino,55,UK,Estudante,84,46,0.21,Web,0,1,0
6018,Feminino,49,PK,Familia,264,89,0.23,Mobile,0,1,0
6019,Feminino,53,DE,Gratuito,219,92,0.13,Web,6,0,0
6020,Feminino,48,IN,Estudante,206,85,0.19,Desktop,0,1,0
6021,Feminino,56,DE,Gratuito,260,21,0.06,Desktop,45,0,1
6022,Feminino,57,DE,Premium,125,96,0.46,Mobile,0,1,1
6023,Masculino,58,CA,Gratuito,83,80,0.05,Mobile,16,0,0
6024,Feminino,37,IN,Estudante,22,95,0.41,Desktop,0,1,1
6025,Feminino,18,IN,Premium,274,64,0.51,Web,0,1,0
6026,Feminino,30,AU,Premium,158,52,0.54,Mobile,0,1,0
6027,Masculino,38,US,Estudante,28,51,0.09,Web,0,1,0
6028,Feminino,16,IN,Gratuito,124,51,0.13,Web,16,0,0
6029,Feminino,49,IN,Estudante,166,69,0.14,Desktop,0,1,0
6030,Feminino,32,PK,Estudante,154,70,0.57,Mobile,0,1,0
6031,Feminino,27,UK,Premium,23,42,0.39,Web,0,1,0
6032,Masculino,17,FR,Premium,239,42,0.01,Desktop,0,1,0
6033,Masculino,54,US,Gratuito,133,47,0.08,Desktop,41,0,0
6034,Feminino,25,FR,Estudante,77,20,0.15,Desktop,0,1,0
6035,Masculino,30,FR,Estudante,75,42,0.28,Mobile,0,1,1
6036,Feminino,53,US,Estudante,113,59,0.35,Desktop,0,1,0
6037,Feminino,18,US,Estudante,56,24,0.46,Web,0,1,0
6038,Masculino,59,IN,Premium,141,99,0.07,Mobile,0,1,0
6039,Masculino,20,IN,Gratuito,114,44,0.47,Mobile,16,0,0
6040,Masculino,16,US,Gratuito,131,40,0.34,Web,47,0,0
6041,Feminino,21,UK,Premium,49,46,0.16,Desktop,0,1,0
6042,Feminino,59,PK,Gratuito,203,11,0.21,Mobile,45,0,1
6043,Feminino,59,US,Premium,179,26,0.3,Web,0,1,0
6044,Masculino,59,PK,Familia,126,21,0.05,Web,0,1,1
6045,Masculino,31,UK,Gratuito,237,50,0.54,Mobile,11,0,0
6046,Feminino,23,PK,Premium,99,74,0.26,Mobile,0,1,0
6047,Masculino,56,US,Gratuito,205,64,0.47,Web,9,0,0
6048,Feminino,52,PK,Estudante,297,63,0.1,Mobile,0,1,0
6049,Feminino,44,UK,Familia,242,96,0.32,Desktop,0,1,0
6050,Masculino,29,US,Familia,121,8,0.12,Desktop,0,1,0
6051,Feminino,44,FR,Premium,48,72,0.51,Desktop,0,1,0
6052,Feminino,21,IN,Premium,136,20,0.55,Web,0,1,1
6053,Feminino,43,DE,Premium,257,62,0.51,Web,0,1,0
6054,Feminino,34,CA,Premium,256,46,0.06,Mobile,0,1,0
6055,Feminino,18,IN,Premium,132,38,0.35,Web,0,1,0
6056,Feminino,35,FR,Premium,126,17,0.45,Web,0,1,0
6057,Masculino,58,UK,Gratuito,67,78,0.15,Mobile,44,0,0
6058,Feminino,35,FR,Gratuito,80,77,0.52,Desktop,26,0,0
6059,Feminino,47,DE,Gratuito,26,42,0.35,Mobile,30,0,1
6060,Masculino,18,CA,Gratuito,17,94,0.52,Desktop,45,0,0
6061,Feminino,19,CA,Premium,149,55,0.43,Mobile,0,1,0
6062,Feminino,28,AU,Premium,247,13,0.18,Desktop,0,1,0
6063,Feminino,25,UK,Premium,12,40,0.06,Mobile,0,1,0
6064,Masculino,26,CA,Gratuito,244,73,0.32,Mobile,45,0,1
6065,Feminino,39,US,Estudante,41,92,0.44,Web,0,1,0
6066,Feminino,32,CA,Estudante,32,90,0.53,Desktop,0,1,0
6067,Feminino,18,CA,Premium,263,73,0.45,Desktop,0,1,0
6068,Feminino,50,DE,Gratuito,85,7,0.47,Mobile,49,0,1
6069,Feminino,29,AU,Premium,88,6,0.3,Desktop,0,1,1
6070,Feminino,54,DE,Familia,264,67,0.27,Mobile,0,1,0
6071,Feminino,51,PK,Premium,151,86,0.34,Desktop,0,1,1
6072,Feminino,40,UK,Gratuito,58,78,0.21,Desktop,42,0,0
6073,Masculino,48,FR,Gratuito,128,5,0.29,Mobile,47,0,1
6074,Feminino,37,AU,Gratuito,75,13,0.18,Desktop,36,0,0
6075,Feminino,40,CA,Familia,80,46,0.39,Desktop,0,1,0
6076,Masculino,23,CA,Premium,298,23,0.29,Desktop,0,1,0
6077,Feminino,37,IN,Premium,101,26,0.25,Web,0,1,0
6078,Feminino,20,UK,Familia,281,37,0.41,Mobile,0,1,0
6079,Feminino,43,UK,Premium,292,19,0.32,Mobile,0,1,1
6080,Feminino,27,US,Estudante,50,89,0.02,Web,0,1,0
6081,Feminino,24,AU,Premium,287,70,0.37,Mobile,0,1,0
6082,Feminino,36,US,Familia,248,92,0.39,Desktop,0,1,0
6083,Feminino,23,FR,Familia,273,37,0.32,Mobile,0,1,1
6084,Feminino,31,IN,Gratuito,88,91,0.48,Web,9,0,0
6085,Feminino,46,FR,Estudante,70,98,0.21,Web,0,1,1
6086,Feminino,40,IN,Estudante,265,31,0.54,Web,0,1,0
6087,Masculino,57,US,Estudante,188,92,0.1,Mobile,0,1,0
6088,Feminino,59,US,Gratuito,15,42,0.49,Desktop,6,0,1
6089,Masculino,42,US,Gratuito,199,44,0.19,Mobile,44,0,0
6090,Feminino,56,AU,Familia,80,56,0.4,Web,0,1,1
6091,Masculino,53,FR,Premium,266,4,0.17,Desktop,0,1,0
6092,Masculino,59,IN,Premium,37,39,0.15,Web,0,1,0
6093,Feminino,41,AU,Estudante,69,77,0.1,Desktop,0,1,1
6094,Feminino,31,FR,Gratuito,290,51,0.38,Mobile,33,0,1
6095,Masculino,41,AU,Estudante,25,52,0.33,Mobile,0,1,0
6096,Masculino,23,PK,Estudante,37,59,0.28,Desktop,0,1,1
6097,Feminino,54,CA,Familia,180,74,0.2,Web,0,1,0
6098,Masculino,26,CA,Familia,53,61,0.14,Mobile,0,1,1
6099,Feminino,48,AU,Familia,91,85,0.02,Web,0,1,1
6100,Masculino,49,US,Gratuito,211,56,0.03,Web,34,0,1
6101,Feminino,22,AU,Gratuito,139,65,0.57,Desktop,11,0,1
6102,Feminino,33,DE,Gratuito,42,63,0.53,Mobile,48,0,0
6103,Feminino,18,AU,Estudante,200,31,0.49,Desktop,0,1,0
6104,Feminino,57,PK,Premium,261,5,0.52,Desktop,0,1,0
6105,Feminino,46,UK,Estudante,65,88,0.43,Mobile,0,1,0
6106,Feminino,34,DE,Estudante,103,15,0.39,Desktop,0,1,1
6107,Feminino,38,CA,Gratuito,105,28,0.45,Desktop,40,0,0
6108,Feminino,50,PK,Premium,253,92,0.23,Web,0,1,0
6109,Masculino,21,AU,Premium,33,30,0.58,Mobile,0,1,0
6110,Feminino,16,US,Gratuito,239,36,0.17,Web,13,0,0
6111,Masculino,54,DE,Premium,179,85,0.13,Web,0,1,1
6112,Feminino,28,CA,Gratuito,123,71,0.43,Web,31,0,0
6113,Masculino,30,PK,Gratuito,287,60,0.15,Web,36,0,1
6114,Feminino,16,IN,Estudante,255,63,0.07,Web,0,1,0
6115,Feminino,23,AU,Estudante,230,3,0.41,Mobile,0,1,1
6116,Feminino,56,DE,Gratuito,40,29,0.37,Desktop,44,0,1
6117,Masculino,55,CA,Familia,130,81,0.31,Web,0,1,0
6118,Feminino,23,FR,Estudante,175,87,0.02,Desktop,0,1,0
6119,Masculino,38,FR,Estudante,10,23,0.57,Desktop,0,1,0
6120,Masculino,17,IN,Estudante,294,97,0.18,Web,0,1,0
6121,Masculino,42,CA,Familia,132,62,0.44,Mobile,0,1,0
6122,Masculino,19,PK,Gratuito,251,96,0.11,Desktop,40,0,1
6123,Masculino,40,DE,Estudante,168,64,0.19,Web,0,1,0
6124,Feminino,22,FR,Gratuito,283,33,0.51,Desktop,18,0,1
6125,Masculino,56,UK,Familia,194,57,0.41,Desktop,0,1,0
6126,Feminino,18,UK,Estudante,263,39,0.35,Mobile,0,1,0
6127,Feminino,17,UK,Familia,184,20,0.47,Desktop,0,1,0
6128,Feminino,32,CA,Gratuito,111,94,0.29,Desktop,20,0,0
6129,Masculino,49,US,Gratuito,230,78,0.06,Desktop,39,0,0
6130,Masculino,34,DE,Estudante,204,11,0.03,Mobile,0,1,0
6131,Feminino,18,DE,Estudante,284,71,0.05,Web,0,1,1
6132,Feminino,41,AU,Gratuito,201,47,0.04,Web,49,0,0
6133,Feminino,26,DE,Estudante,67,7,0.02,Web,0,1,0
6134,Feminino,34,DE,Premium,293,33,0.35,Desktop,0,1,0
6135,Feminino,22,IN,Premium,98,37,0.39,Desktop,0,1,0
6136,Feminino,49,CA,Familia,112,71,0.19,Desktop,0,1,0
6137,Feminino,30,IN,Premium,229,27,0.09,Web,0,1,1
6138,Feminino,40,UK,Estudante,67,41,0.53,Mobile,0,1,0
6139,Masculino,46,US,Familia,53,76,0.39,Web,0,1,0
6140,Feminino,37,PK,Premium,169,37,0.38,Desktop,0,1,1
6141,Feminino,34,CA,Estudante,55,79,0.24,Desktop,0,1,1
6142,Feminino,22,FR,Estudante,298,5,0.31,Web,0,1,0
6143,Feminino,36,CA,Estudante,127,17,0.1,Desktop,0,1,0
6144,Feminino,35,US,Premium,208,55,0.29,Mobile,0,1,0
6145,Feminino,55,UK,Estudante,103,43,0.55,Desktop,0,1,0
6146,Masculino,45,IN,Estudante,133,54,0.3,Mobile,0,1,0
6147,Feminino,32,US,Familia,284,39,0.44,Mobile,0,1,1
6148,Feminino,43,CA,Familia,156,89,0.59,Web,0,1,1
6149,Feminino,52,IN,Gratuito,273,15,0.09,Web,20,0,0
6150,Masculino,17,AU,Gratuito,48,10,0.24,Desktop,22,0,0
6151,Feminino,50,US,Familia,75,73,0.39,Mobile,0,1,1
6152,Feminino,21,IN,Estudante,187,88,0.3,Desktop,0,1,0
6153,Feminino,36,AU,Estudante,296,75,0.37,Web,0,1,1
6154,Masculino,48,CA,Familia,40,69,0.38,Web,0,1,1
6155,Masculino,28,CA,Familia,123,73,0.59,Mobile,0,1,0
6156,Feminino,26,UK,Familia,247,49,0.46,Desktop,0,1,0
6157,Feminino,36,AU,Premium,174,42,0.16,Desktop,0,1,0
6158,Masculino,52,CA,Gratuito,112,84,0.48,Mobile,23,0,1
6159,Masculino,37,US,Premium,25,1,0.28,Mobile,0,1,0
6160,Masculino,26,DE,Familia,193,89,0.55,Mobile,0,1,0
6161,Feminino,20,IN,Premium,183,30,0.3,Web,0,1,0
6162,Masculino,53,CA,Gratuito,127,86,0.44,Desktop,20,0,0
6163,Masculino,21,PK,Estudante,289,93,0.39,Desktop,0,1,1
6164,Feminino,52,DE,Gratuito,262,84,0.36,Web,40,0,1
6165,Masculino,54,DE,Gratuito,192,77,0.45,Web,38,0,0
6166,Feminino,49,IN,Estudante,22,55,0.58,Web,0,1,1
6167,Masculino,33,IN,Premium,195,33,0.0,Mobile,0,1,0
6168,Masculino,47,CA,Estudante,238,3,0.15,Desktop,0,1,0
6169,Feminino,58,US,Estudante,36,86,0.34,Desktop,0,1,0
6170,Masculino,43,US,Gratuito,255,61,0.09,Desktop,49,0,0
6171,Feminino,40,CA,Gratuito,219,98,0.34,Mobile,27,0,0
6172,Feminino,42,US,Premium,81,68,0.23,Web,0,1,1
6173,Feminino,27,UK,Estudante,76,34,0.18,Desktop,0,1,0
6174,Feminino,49,PK,Familia,263,43,0.52,Desktop,0,1,0
6175,Feminino,40,UK,Estudante,73,15,0.04,Desktop,0,1,0
6176,Feminino,17,CA,Estudante,249,72,0.22,Mobile,0,1,1
6177,Masculino,16,AU,Premium,182,52,0.45,Desktop,0,1,0
6178,Feminino,48,US,Estudante,193,74,0.46,Desktop,0,1,0
6179,Feminino,39,AU,Estudante,179,93,0.15,Mobile,0,1,0
6180,Feminino,33,PK,Premium,40,51,0.29,Desktop,0,1,0
6181,Feminino,50,AU,Estudante,82,45,0.15,Web,0,1,0
6182,Feminino,38,DE,Premium,278,86,0.55,Desktop,0,1,1
6183,Masculino,23,FR,Estudante,197,71,0.11,Desktop,0,1,1
6184,Feminino,21,UK,Premium,153,41,0.41,Desktop,0,1,1
6185,Feminino,33,FR,Gratuito,127,33,0.09,Web,48,0,0
6186,Masculino,32,PK,Premium,12,96,0.47,Web,0,1,1
6187,Feminino,46,FR,Estudante,164,92,0.1,Mobile,0,1,0
6188,Feminino,34,DE,Premium,113,92,0.34,Mobile,0,1,1
6189,Feminino,16,IN,Familia,72,62,0.32,Mobile,0,1,0
6190,Feminino,31,AU,Gratuito,135,83,0.04,Mobile,33,0,0
6191,Feminino,38,DE,Premium,135,12,0.04,Web,0,1,0
6192,Masculino,54,UK,Familia,189,20,0.09,Mobile,0,1,0
6193,Masculino,30,FR,Premium,57,24,0.31,Desktop,0,1,0
6194,Feminino,50,CA,Estudante,167,3,0.25,Desktop,0,1,0
6195,Feminino,42,DE,Familia,13,28,0.26,Web,0,1,0
6196,Masculino,38,US,Premium,172,11,0.32,Mobile,0,1,0
6197,Feminino,25,US,Gratuito,296,69,0.52,Mobile,12,0,1
6198,Masculino,42,US,Estudante,73,16,0.2,Desktop,0,1,0
6199,Feminino,43,AU,Premium,231,49,0.56,Mobile,0,1,0
6200,Masculino,52,FR,Premium,161,7,0.46,Web,0,1,1
6201,Masculino,37,PK,Familia,79,27,0.13,Web,0,1,0
6202,Feminino,29,PK,Estudante,66,89,0.14,Desktop,0,1,0
6203,Feminino,52,UK,Estudante,180,86,0.13,Web,0,1,0
6204,Feminino,45,IN,Estudante,214,9,0.18,Mobile,0,1,0
6205,Feminino,17,DE,Gratuito,115,8,0.2,Mobile,42,0,0
6206,Masculino,52,CA,Estudante,204,58,0.11,Web,0,1,0
6207,Feminino,53,IN,Familia,32,54,0.29,Desktop,0,1,0
6208,Feminino,49,AU,Familia,173,5,0.39,Web,0,1,0
6209,Masculino,50,FR,Gratuito,269,52,0.17,Web,8,0,0
6210,Feminino,50,UK,Estudante,281,40,0.31,Web,0,1,0
6211,Feminino,48,IN,Estudante,226,45,0.44,Web,0,1,0
6212,Feminino,24,AU,Gratuito,165,71,0.22,Web,33,0,0
6213,Masculino,44,PK,Gratuito,155,97,0.2,Mobile,34,0,0
6214,Feminino,38,CA,Estudante,161,66,0.52,Web,0,1,1
6215,Feminino,30,UK,Gratuito,15,24,0.0,Mobile,38,0,0
6216,Feminino,19,DE,Gratuito,288,1,0.19,Desktop,47,0,0
6217,Masculino,24,UK,Familia,16,27,0.1,Desktop,0,1,1
6218,Feminino,53,UK,Gratuito,101,64,0.35,Mobile,20,0,0
6219,Masculino,46,UK,Premium,100,46,0.56,Desktop,0,1,0
6220,Feminino,56,FR,Familia,50,5,0.58,Web,0,1,0
6221,Feminino,50,CA,Gratuito,97,74,0.32,Web,29,0,0
6222,Feminino,40,US,Familia,49,1,0.47,Web,0,1,1
6223,Feminino,36,UK,Estudante,211,44,0.54,Web,0,1,1
6224,Feminino,20,PK,Premium,60,15,0.49,Web,0,1,0
6225,Feminino,18,CA,Premium,23,39,0.22,Mobile,0,1,1
6226,Feminino,20,AU,Estudante,140,48,0.45,Web,0,1,0
6227,Masculino,53,DE,Familia,211,60,0.46,Web,0,1,1
6228,Feminino,29,IN,Familia,119,90,0.42,Desktop,0,1,0
6229,Feminino,52,CA,Premium,117,83,0.56,Web,0,1,1
6230,Masculino,23,IN,Premium,215,42,0.33,Web,0,1,0
6231,Feminino,41,FR,Estudante,66,3,0.55,Web,0,1,0
6232,Masculino,31,US,Gratuito,17,97,0.07,Web,30,0,0
6233,Masculino,23,IN,Familia,219,79,0.28,Web,0,1,0
6234,Feminino,45,US,Gratuito,246,6,0.22,Web,45,0,1
6235,Masculino,38,PK,Gratuito,30,64,0.04,Mobile,42,0,0
6236,Feminino,44,DE,Familia,141,72,0.17,Mobile,0,1,0
6237,Feminino,51,CA,Gratuito,42,22,0.43,Desktop,39,0,0
6238,Masculino,20,FR,Premium,188,32,0.48,Mobile,0,1,0
6239,Feminino,46,UK,Premium,56,96,0.58,Desktop,0,1,0
6240,Masculino,21,CA,Gratuito,93,99,0.1,Desktop,22,0,0
6241,Masculino,19,IN,Estudante,89,74,0.33,Mobile,0,1,0
6242,Feminino,36,US,Familia,133,6,0.59,Mobile,0,1,0
6243,Feminino,41,PK,Gratuito,201,54,0.55,Mobile,35,0,1
6244,Feminino,29,US,Familia,279,6,0.46,Web,0,1,0
6245,Feminino,46,DE,Familia,101,13,0.08,Mobile,0,1,0
6246,Feminino,59,US,Familia,259,59,0.05,Desktop,0,1,0
6247,Masculino,29,CA,Estudante,181,28,0.28,Mobile,0,1,1
6248,Feminino,47,DE,Premium,158,36,0.53,Web,0,1,0
6249,Feminino,41,PK,Estudante,236,9,0.08,Desktop,0,1,1
6250,Feminino,50,CA,Familia,235,3,0.55,Web,0,1,1
6251,Feminino,16,DE,Premium,32,68,0.44,Mobile,0,1,0
6252,Feminino,38,PK,Gratuito,45,97,0.56,Mobile,13,0,0
6253,Feminino,56,PK,Estudante,20,55,0.38,Mobile,0,1,1
6254,Feminino,19,IN,Premium,11,41,0.05,Mobile,0,1,0
6255,Feminino,57,US,Premium,33,48,0.48,Web,0,1,0
6256,Feminino,27,CA,Estudante,213,98,0.15,Web,0,1,0
6257,Feminino,40,FR,Premium,262,64,0.15,Mobile,0,1,1
6258,Feminino,32,FR,Estudante,80,85,0.34,Mobile,0,1,0
6259,Feminino,16,UK,Estudante,68,51,0.43,Web,0,1,0
6260,Feminino,34,FR,Estudante,102,56,0.12,Web,0,1,0
6261,Feminino,17,US,Estudante,298,37,0.22,Desktop,0,1,1
6262,Feminino,45,UK,Premium,192,85,0.05,Desktop,0,1,0
6263,Masculino,52,PK,Familia,174,18,0.53,Mobile,0,1,0
6264,Feminino,22,UK,Gratuito,273,35,0.16,Web,36,0,0
6265,Masculino,38,PK,Familia,277,90,0.26,Desktop,0,1,0
6266,Feminino,44,US,Estudante,204,72,0.34,Web,0,1,0
6267,Masculino,59,CA,Estudante,23,14,0.47,Desktop,0,1,0
6268,Feminino,52,DE,Premium,273,61,0.49,Desktop,0,1,0
6269,Feminino,54,US,Familia,109,32,0.54,Web,0,1,0
6270,Masculino,40,IN,Estudante,57,56,0.06,Mobile,0,1,0
6271,Masculino,55,CA,Estudante,294,96,0.14,Web,0,1,0
6272,Feminino,20,DE,Gratuito,88,83,0.55,Mobile,32,0,1
6273,Feminino,51,CA,Premium,274,70,0.44,Desktop,0,1,0
6274,Feminino,32,DE,Estudante,41,47,0.48,Web,0,1,1
6275,Feminino,47,CA,Familia,108,69,0.04,Web,0,1,1
6276,Feminino,27,FR,Gratuito,139,80,0.23,Web,39,0,0
6277,Feminino,18,PK,Gratuito,123,81,0.34,Web,28,0,0
6278,Masculino,30,UK,Premium,164,69,0.19,Desktop,0,1,0
6279,Masculino,33,US,Estudante,28,59,0.31,Mobile,0,1,0
6280,Feminino,53,UK,Familia,289,10,0.39,Desktop,0,1,0
6281,Feminino,42,CA,Gratuito,195,29,0.43,Mobile,40,0,0
6282,Feminino,50,US,Gratuito,170,64,0.01,Mobile,25,0,0
6283,Feminino,30,DE,Gratuito,103,35,0.38,Web,33,0,1
6284,Feminino,38,UK,Gratuito,87,14,0.38,Mobile,18,0,0
6285,Feminino,50,CA,Familia,36,21,0.03,Web,0,1,1
6286,Feminino,20,DE,Familia,172,70,0.19,Desktop,0,1,0
6287,Masculino,18,PK,Gratuito,245,95,0.54,Mobile,17,0,0
6288,Feminino,48,AU,Premium,240,26,0.32,Desktop,0,1,1
6289,Feminino,51,FR,Familia,32,25,0.49,Web,0,1,0
6290,Feminino,57,UK,Premium,294,54,0.58,Mobile,0,1,0
6291,Feminino,32,PK,Estudante,217,77,0.34,Web,0,1,0
6292,Feminino,26,CA,Familia,82,46,0.45,Web,0,1,0
6293,Feminino,46,PK,Familia,196,77,0.51,Mobile,0,1,0
6294,Masculino,41,IN,Estudante,177,25,0.42,Web,0,1,1
6295,Feminino,27,IN,Premium,223,39,0.17,Web,0,1,0
6296,Feminino,30,PK,Premium,272,46,0.27,Desktop,0,1,0
6297,Feminino,31,CA,Premium,11,4,0.5,Mobile,0,1,0
6298,Masculino,20,AU,Estudante,10,76,0.49,Desktop,0,1,0
6299,Feminino,45,FR,Gratuito,154,88,0.23,Mobile,44,0,0
6300,Feminino,37,CA,Gratuito,145,82,0.13,Web,42,0,0
6301,Masculino,55,FR,Estudante,239,66,0.1,Web,0,1,0
6302,Masculino,29,DE,Estudante,217,93,0.52,Desktop,0,1,1
6303,Feminino,41,IN,Familia,297,2,0.3,Desktop,0,1,0
6304,Masculino,54,CA,Premium,257,87,0.28,Mobile,0,1,0
6305,Feminino,45,FR,Estudante,203,58,0.32,Web,0,1,1
6306,Feminino,26,US,Estudante,143,9,0.23,Web,0,1,0
6307,Masculino,53,IN,Gratuito,256,60,0.06,Desktop,35,0,1
6308,Feminino,45,IN,Gratuito,294,43,0.51,Web,27,0,0
6309,Feminino,42,US,Familia,270,77,0.25,Web,0,1,0
6310,Feminino,18,US,Familia,194,4,0.5,Mobile,0,1,1
6311,Masculino,52,CA,Premium,195,76,0.15,Desktop,0,1,0
6312,Feminino,45,CA,Familia,113,62,0.11,Desktop,0,1,0
6313,Masculino,18,US,Gratuito,230,42,0.26,Mobile,28,0,0
6314,Masculino,25,US,Familia,238,25,0.13,Web,0,1,0
6315,Feminino,50,IN,Gratuito,181,2,0.12,Web,20,0,0
6316,Masculino,55,DE,Gratuito,65,69,0.47,Desktop,49,0,1
6317,Masculino,37,DE,Premium,149,52,0.48,Web,0,1,0
6318,Feminino,42,DE,Familia,197,86,0.35,Desktop,0,1,0
6319,Feminino,17,DE,Gratuito,214,78,0.58,Desktop,43,0,0
6320,Feminino,35,AU,Premium,207,33,0.29,Web,0,1,1
6321,Masculino,39,US,Familia,245,16,0.5,Desktop,0,1,0
6322,Feminino,31,PK,Premium,111,11,0.28,Desktop,0,1,1
6323,Masculino,57,CA,Gratuito,269,97,0.08,Desktop,15,0,0
6324,Masculino,52,US,Premium,299,56,0.56,Web,0,1,0
6325,Feminino,31,DE,Premium,65,54,0.23,Desktop,0,1,0
6326,Feminino,20,DE,Gratuito,219,76,0.32,Mobile,44,0,0
6327,Feminino,57,CA,Gratuito,103,83,0.17,Mobile,21,0,1
6328,Feminino,33,FR,Premium,285,65,0.49,Mobile,0,1,0
6329,Feminino,54,DE,Gratuito,19,62,0.34,Desktop,39,0,0
6330,Masculino,51,AU,Premium,160,10,0.31,Desktop,0,1,0
6331,Feminino,54,DE,Estudante,228,53,0.54,Desktop,0,1,0
6332,Masculino,49,PK,Familia,48,43,0.46,Desktop,0,1,0
6333,Feminino,28,AU,Estudante,155,74,0.53,Web,0,1,0
6334,Feminino,38,FR,Gratuito,294,63,0.21,Mobile,35,0,0
6335,Feminino,34,CA,Familia,69,40,0.29,Mobile,0,1,0
6336,Feminino,24,PK,Estudante,175,51,0.15,Web,0,1,1
6337,Feminino,57,IN,Familia,154,98,0.56,Mobile,0,1,0
6338,Feminino,45,IN,Premium,89,51,0.58,Mobile,0,1,0
6339,Feminino,41,UK,Estudante,176,81,0.41,Web,0,1,0
6340,Feminino,37,IN,Gratuito,106,38,0.58,Web,7,0,0
6341,Masculino,25,AU,Familia,45,42,0.17,Web,0,1,0
6342,Feminino,24,FR,Estudante,241,75,0.25,Web,0,1,1
6343,Feminino,27,US,Premium,134,86,0.25,Web,0,1,0
6344,Feminino,58,AU,Premium,146,31,0.46,Desktop,0,1,1
6345,Masculino,39,DE,Premium,74,63,0.4,Web,0,1,0
6346,Masculino,32,IN,Familia,123,52,0.13,Mobile,0,1,0
6347,Feminino,26,CA,Estudante,267,40,0.45,Mobile,0,1,0
6348,Masculino,20,DE,Premium,196,77,0.27,Mobile,0,1,0
6349,Feminino,18,IN,Gratuito,95,37,0.24,Mobile,7,0,1
6350,Feminino,56,US,Gratuito,33,24,0.44,Mobile,33,0,1
6351,Masculino,47,US,Gratuito,281,5,0.5,Desktop,39,0,1
6352,Masculino,18,DE,Premium,34,44,0.15,Mobile,0,1,1
6353,Feminino,42,IN,Premium,104,27,0.34,Web,0,1,0
6354,Feminino,51,FR,Familia,238,35,0.12,Desktop,0,1,0
6355,Masculino,23,FR,Premium,246,24,0.28,Desktop,0,1,1
6356,Feminino,39,US,Gratuito,229,41,0.13,Web,34,0,0
6357,Feminino,17,CA,Premium,272,96,0.24,Desktop,0,1,0
6358,Masculino,42,CA,Estudante,107,76,0.22,Mobile,0,1,0
6359,Feminino,42,UK,Familia,57,97,0.09,Web,0,1,0
6360,Feminino,27,AU,Premium,81,52,0.5,Mobile,0,1,0
6361,Masculino,57,UK,Familia,24,35,0.3,Mobile,0,1,0
6362,Masculino,18,PK,Gratuito,195,95,0.06,Desktop,6,0,0
6363,Feminino,55,DE,Familia,21,71,0.3,Mobile,0,1,0
6364,Feminino,43,AU,Familia,155,58,0.27,Desktop,0,1,0
6365,Feminino,36,US,Premium,180,78,0.28,Mobile,0,1,0
6366,Feminino,35,AU,Familia,55,86,0.19,Web,0,1,1
6367,Feminino,57,PK,Familia,31,12,0.54,Web,0,1,0
6368,Feminino,51,PK,Familia,63,63,0.34,Web,0,1,1
6369,Masculino,56,DE,Familia,292,90,0.1,Mobile,0,1,0
6370,Feminino,28,CA,Gratuito,159,71,0.44,Mobile,25,0,1
6371,Masculino,59,DE,Familia,128,50,0.56,Desktop,0,1,1
6372,Feminino,36,IN,Premium,246,4,0.57,Desktop,0,1,0
6373,Masculino,59,AU,Gratuito,20,98,0.37,Mobile,42,0,0
6374,Masculino,53,CA,Premium,110,53,0.48,Web,0,1,0
6375,Masculino,57,PK,Familia,295,7,0.44,Desktop,0,1,0
6376,Feminino,24,CA,Premium,27,50,0.56,Mobile,0,1,0
6377,Feminino,38,IN,Gratuito,101,47,0.06,Mobile,39,0,1
6378,Masculino,53,FR,Gratuito,96,60,0.5,Web,25,0,0
6379,Masculino,37,UK,Familia,270,37,0.18,Web,0,1,0
6380,Feminino,26,UK,Premium,60,14,0.13,Desktop,0,1,0
6381,Feminino,31,CA,Gratuito,110,34,0.06,Desktop,49,0,0
6382,Feminino,38,UK,Familia,129,50,0.59,Mobile,0,1,0
6383,Masculino,33,US,Estudante,112,17,0.15,Web,0,1,0
6384,Feminino,55,PK,Estudante,102,63,0.24,Mobile,0,1,0
6385,Masculino,30,PK,Premium,192,73,0.31,Mobile,0,1,1
6386,Masculino,43,FR,Premium,299,97,0.06,Desktop,0,1,0
6387,Feminino,26,FR,Gratuito,80,73,0.4,Mobile,5,0,0
6388,Masculino,57,IN,Premium,213,89,0.12,Mobile,0,1,1
6389,Feminino,28,CA,Premium,189,93,0.46,Web,0,1,1
6390,Feminino,32,IN,Premium,167,26,0.06,Mobile,0,1,1
6391,Feminino,56,IN,Estudante,18,41,0.33,Desktop,0,1,0
6392,Feminino,18,CA,Gratuito,255,33,0.55,Web,45,0,0
6393,Feminino,47,CA,Gratuito,88,87,0.56,Web,24,0,0
6394,Feminino,35,IN,Estudante,68,78,0.59,Web,0,1,0
6395,Masculino,47,FR,Premium,46,54,0.2,Desktop,0,1,1
6396,Feminino,42,PK,Gratuito,284,70,0.52,Web,33,0,0
6397,Feminino,44,US,Estudante,118,3,0.25,Desktop,0,1,0
6398,Feminino,48,FR,Premium,72,26,0.55,Web,0,1,1
6399,Masculino,48,DE,Gratuito,278,34,0.09,Mobile,13,0,1
6400,Feminino,49,PK,Familia,173,98,0.19,Mobile,0,1,1
6401,Masculino,47,AU,Familia,295,60,0.12,Web,0,1,0
6402,Feminino,58,US,Familia,251,82,0.18,Desktop,0,1,0
6403,Masculino,20,DE,Familia,138,6,0.44,Web,0,1,0
6404,Masculino,47,UK,Gratuito,119,24,0.47,Desktop,14,0,0
6405,Feminino,44,AU,Premium,43,82,0.48,Mobile,0,1,1
6406,Feminino,34,FR,Gratuito,152,22,0.04,Web,14,0,0
6407,Feminino,24,UK,Estudante,75,29,0.26,Mobile,0,1,0
6408,Feminino,21,FR,Premium,108,93,0.24,Web,0,1,0
6409,Feminino,21,US,Familia,126,96,0.02,Mobile,0,1,0
6410,Masculino,55,PK,Familia,160,81,0.42,Mobile,0,1,1
6411,Masculino,30,AU,Gratuito,26,15,0.59,Mobile,27,0,0
6412,Masculino,41,CA,Estudante,64,88,0.33,Web,0,1,1
6413,Feminino,31,FR,Estudante,299,52,0.21,Desktop,0,1,0
6414,Feminino,26,UK,Gratuito,94,34,0.12,Web,15,0,1
6415,Masculino,17,DE,Familia,191,24,0.02,Web,0,1,0
6416,Feminino,49,FR,Familia,133,38,0.33,Desktop,0,1,0
6417,Masculino,51,FR,Familia,92,58,0.0,Desktop,0,1,0
6418,Masculino,32,US,Gratuito,28,11,0.19,Mobile,41,0,0
6419,Feminino,57,FR,Premium,22,2,0.18,Web,0,1,0
6420,Feminino,59,PK,Premium,146,70,0.58,Desktop,0,1,0
6421,Feminino,53,US,Familia,201,19,0.15,Web,0,1,0
6422,Masculino,57,CA,Estudante,211,7,0.6,Web,0,1,0
6423,Masculino,54,UK,Gratuito,185,20,0.02,Web,24,0,0
6424,Feminino,21,UK,Estudante,61,13,0.6,Desktop,0,1,0
6425,Feminino,31,AU,Premium,56,19,0.47,Web,0,1,1
6426,Feminino,28,FR,Familia,225,73,0.35,Mobile,0,1,1
6427,Feminino,46,UK,Gratuito,126,98,0.03,Web,9,0,0
6428,Feminino,23,US,Gratuito,203,32,0.35,Desktop,48,0,0
6429,Feminino,47,PK,Gratuito,114,86,0.16,Mobile,20,0,0
6430,Feminino,38,CA,Gratuito,279,83,0.55,Mobile,18,0,0
6431,Feminino,45,AU,Premium,83,40,0.52,Web,0,1,0
6432,Feminino,49,AU,Familia,55,12,0.21,Web,0,1,0
6433,Masculino,43,IN,Gratuito,205,12,0.08,Web,26,0,1
6434,Feminino,45,AU,Estudante,93,96,0.5,Mobile,0,1,0
6435,Feminino,57,CA,Gratuito,247,32,0.32,Desktop,36,0,1
6436,Feminino,17,US,Gratuito,23,75,0.16,Mobile,46,0,0
6437,Feminino,46,AU,Gratuito,68,92,0.43,Desktop,34,0,1
6438,Feminino,59,US,Premium,137,33,0.0,Mobile,0,1,0
6439,Masculino,29,IN,Familia,31,32,0.09,Web,0,1,0
6440,Masculino,51,US,Gratuito,30,46,0.34,Web,28,0,0
6441,Masculino,32,DE,Gratuito,62,43,0.01,Desktop,47,0,0
6442,Feminino,21,AU,Estudante,143,6,0.36,Web,0,1,0
6443,Feminino,39,CA,Gratuito,112,35,0.56,Mobile,16,0,0
6444,Feminino,52,FR,Familia,98,35,0.23,Mobile,0,1,0
6445,Feminino,25,FR,Familia,81,99,0.39,Mobile,0,1,0
6446,Feminino,46,FR,Estudante,165,87,0.57,Desktop,0,1,0
6447,Feminino,31,PK,Familia,151,93,0.08,Web,0,1,0
6448,Masculino,45,IN,Familia,123,97,0.02,Mobile,0,1,0
6449,Feminino,29,US,Gratuito,216,86,0.53,Web,28,0,1
6450,Feminino,20,DE,Estudante,293,17,0.2,Web,0,1,1
6451,Feminino,36,CA,Premium,262,90,0.39,Desktop,0,1,1
6452,Masculino,38,AU,Gratuito,196,83,0.03,Desktop,31,0,0
6453,Feminino,41,UK,Familia,190,24,0.5,Mobile,0,1,0
6454,Feminino,50,AU,Estudante,266,49,0.35,Desktop,0,1,0
6455,Feminino,19,DE,Premium,200,34,0.14,Web,0,1,1
6456,Feminino,54,IN,Gratuito,60,46,0.52,Desktop,25,0,1
6457,Feminino,46,UK,Gratuito,154,38,0.25,Web,6,0,0
6458,Feminino,30,US,Familia,91,47,0.33,Mobile,0,1,0
6459,Masculino,16,UK,Gratuito,104,99,0.11,Mobile,11,0,0
6460,Feminino,33,US,Familia,217,16,0.39,Mobile,0,1,0
6461,Feminino,47,PK,Estudante,187,99,0.48,Web,0,1,0
6462,Masculino,38,FR,Familia,98,7,0.55,Desktop,0,1,1
6463,Feminino,43,FR,Familia,188,85,0.22,Web,0,1,1
6464,Feminino,33,IN,Gratuito,244,57,0.42,Desktop,28,0,1
6465,Feminino,49,FR,Gratuito,164,84,0.05,Mobile,7,0,0
6466,Feminino,50,AU,Familia,295,61,0.1,Desktop,0,1,0
6467,Feminino,55,DE,Gratuito,220,13,0.26,Mobile,21,0,1
6468,Masculino,48,FR,Gratuito,46,58,0.57,Web,21,0,1
6469,Masculino,51,PK,Familia,127,59,0.21,Web,0,1,0
6470,Feminino,23,AU,Familia,270,72,0.21,Web,0,1,1
6471,Masculino,47,DE,Gratuito,151,88,0.44,Web,31,0,0
6472,Feminino,42,FR,Gratuito,122,17,0.4,Web,24,0,0
6473,Feminino,23,AU,Estudante,170,17,0.14,Desktop,0,1,0
6474,Feminino,42,AU,Estudante,294,79,0.45,Mobile,0,1,0
6475,Feminino,28,CA,Gratuito,29,72,0.34,Desktop,41,0,0
6476,Masculino,33,IN,Estudante,77,56,0.34,Web,0,1,0
6477,Masculino,20,CA,Familia,10,1,0.56,Mobile,0,1,0
6478,Feminino,47,DE,Gratuito,34,14,0.44,Desktop,34,0,0
6479,Masculino,35,PK,Premium,172,25,0.42,Web,0,1,1
6480,Masculino,35,PK,Estudante,78,8,0.05,Mobile,0,1,1
6481,Masculino,54,PK,Familia,297,53,0.34,Web,0,1,1
6482,Masculino,47,UK,Gratuito,18,22,0.59,Mobile,43,0,0
6483,Feminino,49,DE,Familia,75,81,0.57,Mobile,0,1,1
6484,Feminino,44,PK,Gratuito,75,21,0.17,Mobile,19,0,0
6485,Feminino,21,PK,Premium,82,73,0.26,Mobile,0,1,1
6486,Feminino,44,AU,Familia,89,80,0.32,Web,0,1,0
6487,Feminino,49,DE,Familia,242,93,0.29,Mobile,0,1,0
6488,Feminino,30,DE,Estudante,50,29,0.16,Mobile,0,1,0
6489,Feminino,48,AU,Gratuito,168,25,0.19,Web,38,0,0
6490,Feminino,38,PK,Familia,217,38,0.34,Desktop,0,1,0
6491,Feminino,48,CA,Estudante,254,16,0.45,Mobile,0,1,0
6492,Feminino,44,PK,Estudante,190,36,0.27,Web,0,1,0
6493,Feminino,26,PK,Familia,123,19,0.13,Web,0,1,1
6494,Masculino,34,CA,Familia,47,58,0.59,Web,0,1,1
6495,Feminino,41,UK,Premium,194,82,0.17,Web,0,1,0
6496,Masculino,44,FR,Familia,67,66,0.53,Mobile,0,1,0
6497,Masculino,40,AU,Gratuito,296,41,0.23,Desktop,13,0,0
6498,Feminino,51,FR,Premium,118,80,0.23,Web,0,1,0
6499,Feminino,48,UK,Familia,284,97,0.15,Desktop,0,1,0
6500,Feminino,56,PK,Estudante,245,10,0.5,Web,0,1,0
6501,Feminino,43,FR,Premium,149,37,0.26,Desktop,0,1,1
6502,Feminino,47,DE,Familia,281,31,0.19,Mobile,0,1,0
6503,Masculino,36,CA,Familia,265,69,0.16,Desktop,0,1,0
6504,Masculino,27,FR,Estudante,56,31,0.16,Desktop,0,1,0
6505,Masculino,53,IN,Estudante,43,89,0.53,Desktop,0,1,0
6506,Feminino,27,FR,Estudante,220,93,0.34,Mobile,0,1,0
6507,Feminino,39,AU,Familia,53,39,0.01,Web,0,1,0
6508,Masculino,39,IN,Familia,146,32,0.41,Mobile,0,1,0
6509,Feminino,53,IN,Gratuito,12,90,0.09,Mobile,39,0,0
6510,Feminino,18,UK,Familia,256,17,0.1,Desktop,0,1,1
6511,Feminino,20,US,Gratuito,290,44,0.05,Web,20,0,0
6512,Feminino,20,US,Gratuito,123,80,0.33,Web,22,0,0
6513,Feminino,40,FR,Gratuito,174,12,0.2,Desktop,15,0,1
6514,Feminino,18,IN,Familia,64,41,0.54,Desktop,0,1,0
6515,Feminino,37,UK,Premium,185,65,0.19,Web,0,1,0
6516,Feminino,31,DE,Premium,85,92,0.18,Desktop,0,1,0
6517,Masculino,18,IN,Premium,255,75,0.57,Mobile,0,1,0
6518,Feminino,48,PK,Familia,162,24,0.15,Desktop,0,1,0
6519,Feminino,37,CA,Familia,262,53,0.55,Desktop,0,1,0
6520,Feminino,21,PK,Premium,230,46,0.44,Mobile,0,1,0
6521,Feminino,38,CA,Familia,294,33,0.07,Desktop,0,1,0
6522,Feminino,18,PK,Gratuito,146,85,0.51,Desktop,19,0,0
6523,Feminino,43,IN,Gratuito,105,66,0.48,Desktop,36,0,0
6524,Feminino,51,FR,Premium,147,77,0.09,Web,0,1,0
6525,Masculino,22,CA,Familia,275,18,0.12,Desktop,0,1,0
6526,Feminino,43,AU,Estudante,299,39,0.12,Desktop,0,1,0
6527,Masculino,33,FR,Familia,220,81,0.16,Mobile,0,1,0
6528,Masculino,54,CA,Estudante,272,98,0.58,Web,0,1,0
6529,Feminino,20,PK,Estudante,264,80,0.3,Web,0,1,1
6530,Feminino,18,CA,Gratuito,54,38,0.56,Mobile,30,0,0
6531,Feminino,26,CA,Gratuito,23,87,0.11,Mobile,27,0,0
6532,Feminino,30,CA,Estudante,43,43,0.08,Web,0,1,0
6533,Masculino,22,CA,Premium,169,28,0.4,Mobile,0,1,1
6534,Masculino,24,DE,Gratuito,52,21,0.52,Mobile,5,0,0
6535,Feminino,48,DE,Familia,189,92,0.23,Web,0,1,0
6536,Masculino,31,US,Premium,14,92,0.31,Desktop,0,1,0
6537,Masculino,23,US,Premium,51,63,0.15,Web,0,1,0
6538,Masculino,33,CA,Estudante,41,22,0.55,Desktop,0,1,1
6539,Masculino,38,US,Familia,98,19,0.42,Mobile,0,1,0
6540,Feminino,35,FR,Premium,94,33,0.54,Mobile,0,1,1
6541,Masculino,23,DE,Estudante,261,60,0.4,Desktop,0,1,0
6542,Masculino,19,CA,Premium,180,40,0.32,Web,0,1,0
6543,Feminino,26,CA,Familia,178,53,0.52,Mobile,0,1,0
6544,Feminino,50,AU,Estudante,31,39,0.58,Mobile,0,1,1
6545,Feminino,25,FR,Familia,299,99,0.3,Desktop,0,1,0
6546,Feminino,41,CA,Premium,240,58,0.14,Desktop,0,1,1
6547,Masculino,42,DE,Familia,233,45,0.02,Desktop,0,1,0
6548,Feminino,53,IN,Gratuito,95,88,0.31,Mobile,13,0,0
6549,Feminino,34,AU,Estudante,155,21,0.35,Mobile,0,1,1
6550,Feminino,56,IN,Familia,65,68,0.05,Web,0,1,1
6551,Feminino,31,UK,Gratuito,160,35,0.52,Desktop,8,0,0
6552,Feminino,40,US,Estudante,129,29,0.12,Web,0,1,0
6553,Feminino,20,AU,Estudante,290,46,0.4,Desktop,0,1,0
6554,Feminino,53,PK,Gratuito,49,70,0.11,Desktop,24,0,0
6555,Feminino,21,CA,Familia,51,86,0.03,Web,0,1,0
6556,Masculino,30,US,Gratuito,81,30,0.35,Web,42,0,0
6557,Feminino,45,FR,Premium,124,5,0.18,Desktop,0,1,1
6558,Feminino,18,AU,Familia,200,75,0.26,Web,0,1,1
6559,Feminino,48,IN,Familia,70,70,0.06,Desktop,0,1,0
6560,Masculino,52,IN,Estudante,99,41,0.49,Web,0,1,1
6561,Feminino,28,DE,Familia,202,44,0.1,Web,0,1,0
6562,Feminino,18,PK,Premium,105,82,0.37,Desktop,0,1,0
6563,Feminino,57,AU,Estudante,57,93,0.1,Desktop,0,1,0
6564,Feminino,26,FR,Estudante,248,67,0.09,Desktop,0,1,0
6565,Masculino,25,UK,Gratuito,164,32,0.2,Mobile,25,0,0
6566,Masculino,54,IN,Premium,85,69,0.39,Web,0,1,0
6567,Masculino,20,CA,Estudante,26,81,0.54,Desktop,0,1,0
6568,Masculino,32,FR,Familia,208,56,0.15,Web,0,1,0
6569,Feminino,47,CA,Familia,28,25,0.5,Web,0,1,0
6570,Masculino,32,CA,Premium,10,24,0.47,Web,0,1,0
6571,Masculino,18,DE,Estudante,290,31,0.45,Desktop,0,1,0
6572,Masculino,51,US,Estudante,153,62,0.42,Desktop,0,1,0
6573,Masculino,57,DE,Premium,200,88,0.41,Desktop,0,1,0
6574,Feminino,46,DE,Gratuito,273,61,0.15,Mobile,9,0,0
6575,Masculino,20,US,Premium,254,96,0.38,Desktop,0,1,0
6576,Feminino,57,FR,Premium,298,39,0.09,Mobile,0,1,1
6577,Feminino,53,UK,Premium,146,97,0.05,Desktop,0,1,0
6578,Feminino,44,CA,Premium,84,68,0.04,Mobile,0,1,0
6579,Feminino,48,PK,Familia,134,81,0.24,Mobile,0,1,0
6580,Feminino,54,AU,Estudante,125,11,0.21,Desktop,0,1,0
6581,Masculino,48,US,Premium,72,65,0.11,Desktop,0,1,1
6582,Feminino,48,AU,Premium,264,85,0.58,Web,0,1,0
6583,Masculino,35,IN,Premium,67,38,0.19,Desktop,0,1,0
6584,Masculino,33,FR,Familia,187,81,0.44,Desktop,0,1,0
6585,Masculino,21,US,Estudante,24,6,0.59,Desktop,0,1,0
6586,Feminino,59,PK,Familia,29,79,0.45,Web,0,1,0
6587,Feminino,58,FR,Estudante,125,49,0.12,Desktop,0,1,0
6588,Feminino,23,FR,Estudante,201,57,0.42,Desktop,0,1,0
6589,Masculino,59,UK,Estudante,186,92,0.12,Mobile,0,1,1
6590,Masculino,22,CA,Estudante,54,84,0.14,Mobile,0,1,0
6591,Masculino,55,DE,Gratuito,236,48,0.25,Web,8,0,0
6592,Feminino,40,AU,Premium,114,88,0.55,Mobile,0,1,0
6593,Masculino,36,FR,Familia,176,67,0.46,Web,0,1,0
6594,Feminino,46,DE,Premium,251,69,0.59,Desktop,0,1,0
6595,Masculino,56,CA,Premium,129,25,0.48,Web,0,1,0
6596,Feminino,28,PK,Familia,201,95,0.24,Web,0,1,1
6597,Feminino,59,FR,Premium,49,42,0.3,Mobile,0,1,0
6598,Feminino,51,UK,Estudante,239,73,0.03,Desktop,0,1,0
6599,Masculino,27,CA,Premium,30,63,0.41,Desktop,0,1,0
6600,Masculino,54,DE,Premium,237,72,0.1,Mobile,0,1,0
6601,Masculino,16,CA,Gratuito,97,5,0.6,Mobile,32,0,0
6602,Feminino,18,FR,Familia,178,59,0.27,Mobile,0,1,0
6603,Feminino,36,US,Gratuito,133,88,0.5,Desktop,49,0,0
6604,Masculino,50,PK,Familia,169,50,0.2,Mobile,0,1,0
6605,Masculino,41,UK,Estudante,291,52,0.41,Web,0,1,0
6606,Masculino,41,PK,Estudante,276,69,0.07,Web,0,1,0
6607,Feminino,25,AU,Premium,46,69,0.04,Web,0,1,0
6608,Masculino,57,CA,Familia,53,50,0.45,Desktop,0,1,0
6609,Masculino,46,IN,Premium,201,74,0.39,Desktop,0,1,0
6610,Feminino,53,PK,Familia,164,82,0.29,Desktop,0,1,1
6611,Feminino,44,IN,Premium,259,15,0.44,Web,0,1,0
6612,Feminino,55,UK,Estudante,128,11,0.03,Mobile,0,1,0
6613,Masculino,58,IN,Premium,42,45,0.21,Mobile,0,1,0
6614,Masculino,20,AU,Familia,258,59,0.48,Desktop,0,1,0
6615,Feminino,31,IN,Familia,263,8,0.38,Mobile,0,1,0
6616,Feminino,49,FR,Familia,45,15,0.34,Web,0,1,1
6617,Masculino,19,UK,Gratuito,24,60,0.1,Mobile,26,0,0
6618,Masculino,19,UK,Gratuito,241,20,0.57,Mobile,26,0,0
6619,Feminino,35,AU,Estudante,41,8,0.17,Web,0,1,1
6620,Masculino,36,IN,Premium,252,85,0.55,Mobile,0,1,0
6621,Masculino,37,US,Estudante,236,60,0.15,Web,0,1,0
6622,Feminino,46,US,Estudante,173,68,0.51,Web,0,1,0
6623,Feminino,24,DE,Estudante,279,60,0.24,Mobile,0,1,1
6624,Masculino,57,AU,Familia,286,47,0.25,Web,0,1,0
6625,Feminino,46,CA,Premium,170,38,0.6,Web,0,1,0
6626,Feminino,41,CA,Estudante,98,20,0.5,Web,0,1,1
6627,Masculino,43,CA,Estudante,150,37,0.23,Desktop,0,1,0
6628,Feminino,25,UK,Premium,139,8,0.48,Mobile,0,1,1
6629,Masculino,35,PK,Familia,39,81,0.16,Desktop,0,1,0
6630,Feminino,36,CA,Familia,164,90,0.26,Mobile,0,1,0
6631,Feminino,46,DE,Familia,282,7,0.25,Desktop,0,1,0
6632,Masculino,26,CA,Premium,175,52,0.48,Mobile,0,1,1
6633,Feminino,22,FR,Premium,271,14,0.41,Web,0,1,0
6634,Masculino,48,UK,Estudante,268,11,0.19,Mobile,0,1,0
6635,Feminino,30,CA,Gratuito,146,93,0.33,Web,28,0,0
6636,Feminino,52,US,Familia,134,73,0.55,Desktop,0,1,0
6637,Feminino,39,IN,Premium,283,57,0.11,Web,0,1,0
6638,Feminino,40,US,Estudante,181,91,0.57,Mobile,0,1,0
6639,Masculino,36,AU,Familia,213,29,0.34,Desktop,0,1,0
6640,Masculino,58,DE,Gratuito,206,11,0.56,Desktop,8,0,0
6641,Feminino,55,PK,Gratuito,127,81,0.0,Mobile,47,0,0
6642,Feminino,49,DE,Familia,169,31,0.08,Mobile,0,1,0
6643,Feminino,28,DE,Premium,60,65,0.01,Mobile,0,1,0
6644,Feminino,24,FR,Familia,95,51,0.31,Desktop,0,1,0
6645,Feminino,41,PK,Premium,33,91,0.16,Mobile,0,1,0
6646,Masculino,33,CA,Estudante,241,99,0.53,Desktop,0,1,0
6647,Feminino,56,UK,Estudante,105,52,0.2,Mobile,0,1,1
6648,Masculino,26,AU,Gratuito,210,81,0.53,Web,14,0,0
6649,Feminino,19,US,Premium,277,33,0.31,Web,0,1,0
6650,Feminino,50,AU,Premium,168,76,0.38,Desktop,0,1,0
6651,Masculino,28,IN,Estudante,54,44,0.03,Web,0,1,0
6652,Feminino,28,IN,Gratuito,268,48,0.07,Desktop,43,0,0
6653,Feminino,55,CA,Estudante,190,44,0.48,Desktop,0,1,0
6654,Feminino,49,CA,Familia,291,13,0.2,Web,0,1,1
6655,Feminino,31,CA,Estudante,249,6,0.31,Web,0,1,0
6656,Masculino,19,DE,Estudante,53,72,0.56,Web,0,1,0
6657,Feminino,37,UK,Estudante,88,86,0.19,Web,0,1,0
6658,Feminino,19,IN,Estudante,158,8,0.29,Web,0,1,0
6659,Masculino,44,FR,Premium,23,94,0.47,Web,0,1,0
6660,Masculino,17,DE,Premium,163,30,0.36,Mobile,0,1,0
6661,Feminino,32,DE,Gratuito,100,37,0.04,Desktop,21,0,1
6662,Feminino,35,AU,Premium,104,72,0.34,Desktop,0,1,0
6663,Feminino,58,UK,Estudante,58,22,0.15,Mobile,0,1,0
6664,Masculino,47,UK,Familia,88,2,0.33,Mobile,0,1,0
6665,Feminino,58,UK,Gratuito,25,94,0.08,Desktop,42,0,0
6666,Feminino,37,DE,Gratuito,296,34,0.01,Desktop,46,0,1
6667,Feminino,27,PK,Premium,262,88,0.02,Web,0,1,0
6668,Feminino,46,DE,Familia,264,85,0.27,Web,0,1,0
6669,Masculino,18,FR,Premium,58,88,0.53,Web,0,1,0
6670,Masculino,46,CA,Familia,249,66,0.0,Desktop,0,1,0
6671,Masculino,43,US,Gratuito,208,29,0.4,Desktop,9,0,0
6672,Feminino,20,IN,Gratuito,278,16,0.01,Mobile,28,0,0
6673,Masculino,53,DE,Gratuito,15,27,0.46,Mobile,43,0,1
6674,Feminino,48,AU,Premium,165,54,0.22,Desktop,0,1,1
6675,Feminino,18,UK,Gratuito,144,88,0.55,Mobile,23,0,0
6676,Feminino,39,CA,Estudante,163,13,0.26,Web,0,1,0
6677,Feminino,51,AU,Premium,28,48,0.09,Mobile,0,1,1
6678,Masculino,21,AU,Estudante,77,13,0.21,Desktop,0,1,0
6679,Feminino,47,IN,Premium,243,80,0.48,Web,0,1,0
6680,Masculino,55,AU,Estudante,119,72,0.35,Web,0,1,0
6681,Masculino,32,US,Premium,197,97,0.01,Desktop,0,1,1
6682,Feminino,59,PK,Premium,39,5,0.37,Web,0,1,0
6683,Masculino,59,FR,Gratuito,14,98,0.42,Desktop,16,0,1
6684,Masculino,26,FR,Estudante,193,17,0.55,Web,0,1,0
6685,Masculino,36,IN,Premium,60,41,0.38,Desktop,0,1,0
6686,Masculino,44,AU,Gratuito,270,55,0.51,Web,43,0,0
6687,Feminino,47,CA,Familia,227,6,0.13,Desktop,0,1,0
6688,Feminino,25,UK,Gratuito,69,94,0.16,Desktop,18,0,0
6689,Masculino,40,US,Premium,62,13,0.43,Mobile,0,1,0
6690,Masculino,39,IN,Gratuito,67,38,0.53,Web,36,0,0
6691,Feminino,21,FR,Premium,208,21,0.04,Mobile,0,1,1
6692,Feminino,56,FR,Gratuito,63,64,0.56,Desktop,46,0,0
6693,Feminino,42,UK,Gratuito,169,69,0.49,Web,48,0,0
6694,Masculino,30,DE,Gratuito,206,88,0.22,Web,39,0,0
6695,Feminino,19,IN,Familia,110,71,0.16,Mobile,0,1,0
6696,Masculino,20,AU,Familia,60,9,0.15,Desktop,0,1,0
6697,Feminino,23,FR,Premium,247,27,0.18,Web,0,1,0
6698,Feminino,24,DE,Premium,98,17,0.17,Mobile,0,1,0
6699,Feminino,55,IN,Estudante,214,68,0.48,Desktop,0,1,0
6700,Feminino,32,AU,Premium,69,76,0.06,Web,0,1,0
6701,Feminino,38,AU,Premium,163,77,0.05,Web,0,1,0
6702,Feminino,18,US,Familia,106,52,0.13,Desktop,0,1,1
6703,Feminino,59,FR,Premium,119,77,0.25,Mobile,0,1,0
6704,Feminino,27,PK,Premium,180,83,0.54,Web,0,1,0
6705,Feminino,16,IN,Gratuito,93,71,0.43,Web,21,0,0
6706,Feminino,40,FR,Premium,58,83,0.27,Mobile,0,1,0
6707,Feminino,19,CA,Familia,219,90,0.32,Desktop,0,1,0
6708,Feminino,55,UK,Gratuito,92,66,0.49,Desktop,30,0,0
6709,Feminino,51,CA,Gratuito,25,88,0.36,Mobile,37,0,0
6710,Feminino,52,CA,Gratuito,37,18,0.42,Web,10,0,0
6711,Feminino,18,DE,Gratuito,298,12,0.18,Desktop,47,0,1
6712,Feminino,53,PK,Estudante,267,47,0.49,Desktop,0,1,0
6713,Feminino,44,FR,Gratuito,80,82,0.43,Mobile,27,0,0
6714,Feminino,56,AU,Familia,87,24,0.3,Mobile,0,1,1
6715,Feminino,38,AU,Gratuito,186,43,0.54,Desktop,8,0,0
6716,Feminino,26,UK,Premium,245,61,0.48,Desktop,0,1,0
6717,Feminino,38,PK,Gratuito,28,74,0.03,Web,20,0,0
6718,Feminino,29,PK,Premium,80,52,0.53,Mobile,0,1,0
6719,Feminino,19,FR,Gratuito,119,99,0.38,Mobile,36,0,0
6720,Masculino,17,US,Estudante,126,68,0.49,Web,0,1,0
6721,Masculino,49,US,Gratuito,28,18,0.01,Desktop,22,0,1
6722,Masculino,46,PK,Familia,96,91,0.37,Desktop,0,1,1
6723,Feminino,53,US,Premium,14,96,0.14,Web,0,1,1
6724,Feminino,33,AU,Estudante,155,17,0.58,Mobile,0,1,0
6725,Feminino,23,CA,Familia,213,71,0.45,Mobile,0,1,0
6726,Feminino,30,PK,Estudante,173,92,0.38,Web,0,1,0
6727,Feminino,57,US,Estudante,294,44,0.2,Desktop,0,1,0
6728,Feminino,23,FR,Premium,83,14,0.15,Mobile,0,1,1
6729,Feminino,17,CA,Premium,156,52,0.44,Mobile,0,1,0
6730,Feminino,40,FR,Familia,214,11,0.1,Web,0,1,0
6731,Feminino,19,IN,Gratuito,229,7,0.6,Web,37,0,0
6732,Masculino,44,IN,Estudante,170,55,0.28,Desktop,0,1,0
6733,Feminino,57,FR,Gratuito,270,75,0.13,Mobile,18,0,0
6734,Masculino,26,FR,Familia,158,57,0.46,Web,0,1,0
6735,Feminino,48,UK,Familia,10,5,0.33,Web,0,1,0
6736,Feminino,37,PK,Estudante,252,34,0.43,Mobile,0,1,1
6737,Feminino,31,US,Familia,139,5,0.5,Mobile,0,1,1
6738,Feminino,58,CA,Premium,227,88,0.27,Web,0,1,0
6739,Feminino,52,AU,Estudante,155,39,0.34,Mobile,0,1,1
6740,Feminino,41,IN,Premium,201,46,0.13,Mobile,0,1,0
6741,Masculino,20,CA,Estudante,146,73,0.34,Web,0,1,1
6742,Feminino,20,PK,Familia,81,41,0.29,Mobile,0,1,0
6743,Feminino,52,IN,Gratuito,252,63,0.34,Web,29,0,0
6744,Masculino,43,UK,Premium,167,59,0.45,Web,0,1,0
6745,Feminino,24,IN,Familia,261,63,0.17,Mobile,0,1,0
6746,Feminino,36,DE,Premium,43,28,0.45,Mobile,0,1,0
6747,Masculino,53,DE,Estudante,232,94,0.12,Mobile,0,1,1
6748,Feminino,49,US,Estudante,204,41,0.07,Desktop,0,1,1
6749,Feminino,26,UK,Familia,274,48,0.59,Desktop,0,1,1
6750,Feminino,54,AU,Gratuito,296,74,0.22,Desktop,10,0,0
6751,Masculino,35,US,Gratuito,223,97,0.08,Mobile,27,0,0
6752,Feminino,26,DE,Premium,292,78,0.37,Desktop,0,1,1
6753,Feminino,30,FR,Premium,18,95,0.47,Web,0,1,0
6754,Feminino,28,FR,Gratuito,250,58,0.44,Web,6,0,0
6755,Masculino,35,AU,Familia,158,78,0.2,Desktop,0,1,0
6756,Feminino,57,FR,Gratuito,256,62,0.56,Mobile,49,0,0
6757,Masculino,30,PK,Familia,54,68,0.01,Mobile,0,1,0
6758,Masculino,46,FR,Estudante,156,29,0.52,Mobile,0,1,0
6759,Feminino,48,AU,Premium,126,59,0.26,Web,0,1,0
6760,Masculino,28,UK,Estudante,240,31,0.56,Mobile,0,1,0
6761,Feminino,43,IN,Familia,82,11,0.49,Desktop,0,1,0
6762,Feminino,43,CA,Premium,251,21,0.34,Desktop,0,1,0
6763,Feminino,33,DE,Estudante,43,59,0.51,Desktop,0,1,0
6764,Feminino,59,CA,Estudante,270,86,0.43,Mobile,0,1,1
6765,Masculino,28,AU,Premium,160,2,0.24,Mobile,0,1,0
6766,Feminino,23,PK,Premium,266,60,0.0,Web,0,1,0
6767,Feminino,30,DE,Gratuito,171,50,0.33,Web,24,0,0
6768,Feminino,21,US,Familia,154,8,0.35,Web,0,1,0
6769,Masculino,43,IN,Gratuito,164,42,0.49,Desktop,6,0,1
6770,Feminino,56,US,Gratuito,294,20,0.1,Web,7,0,1
6771,Feminino,37,DE,Premium,18,60,0.1,Mobile,0,1,0
6772,Feminino,36,DE,Gratuito,190,45,0.36,Mobile,24,0,0
6773,Feminino,56,CA,Premium,74,86,0.08,Mobile,0,1,1
6774,Masculino,25,AU,Gratuito,93,6,0.47,Desktop,39,0,0
6775,Feminino,42,FR,Familia,205,5,0.42,Desktop,0,1,0
6776,Feminino,50,PK,Familia,170,39,0.26,Mobile,0,1,0
6777,Feminino,35,US,Familia,33,29,0.16,Desktop,0,1,0
6778,Feminino,52,PK,Gratuito,188,86,0.54,Desktop,29,0,0
6779,Feminino,16,IN,Gratuito,72,95,0.17,Web,43,0,0
6780,Masculino,53,US,Gratuito,167,80,0.13,Mobile,40,0,0
6781,Feminino,52,DE,Estudante,126,59,0.45,Web,0,1,1
6782,Feminino,42,US,Familia,75,8,0.52,Desktop,0,1,1
6783,Feminino,34,AU,Gratuito,167,31,0.32,Mobile,41,0,0
6784,Feminino,27,UK,Estudante,158,77,0.55,Mobile,0,1,0
6785,Masculino,33,CA,Familia,225,23,0.25,Mobile,0,1,0
6786,Masculino,17,US,Estudante,196,21,0.54,Mobile,0,1,0
6787,Masculino,25,CA,Gratuito,163,92,0.21,Desktop,8,0,0
6788,Masculino,57,UK,Premium,125,20,0.1,Web,0,1,0
6789,Feminino,18,US,Gratuito,240,74,0.18,Desktop,46,0,0
6790,Masculino,31,FR,Gratuito,166,72,0.45,Mobile,20,0,0
6791,Feminino,17,AU,Estudante,119,35,0.11,Desktop,0,1,0
6792,Feminino,30,IN,Gratuito,183,61,0.32,Desktop,36,0,0
6793,Feminino,35,AU,Gratuito,55,51,0.16,Mobile,12,0,0
6794,Masculino,56,FR,Premium,280,4,0.14,Desktop,0,1,0
6795,Feminino,46,UK,Familia,283,33,0.4,Desktop,0,1,0
6796,Feminino,27,CA,Familia,261,74,0.09,Desktop,0,1,0
6797,Feminino,31,AU,Familia,205,53,0.13,Web,0,1,1
6798,Masculino,19,AU,Premium,84,78,0.04,Mobile,0,1,0
6799,Feminino,40,FR,Estudante,167,81,0.53,Mobile,0,1,0
6800,Masculino,26,FR,Gratuito,35,18,0.23,Web,41,0,0
6801,Feminino,42,FR,Estudante,73,32,0.25,Desktop,0,1,1
6802,Masculino,33,UK,Premium,54,44,0.5,Web,0,1,0
6803,Feminino,59,AU,Premium,106,37,0.53,Mobile,0,1,0
6804,Masculino,41,CA,Familia,140,82,0.43,Mobile,0,1,1
6805,Feminino,31,CA,Familia,200,24,0.15,Desktop,0,1,0
6806,Masculino,31,IN,Familia,274,36,0.13,Desktop,0,1,0
6807,Masculino,43,IN,Premium,75,43,0.57,Desktop,0,1,1
6808,Feminino,51,PK,Premium,166,77,0.29,Web,0,1,0
6809,Feminino,45,AU,Premium,203,88,0.33,Mobile,0,1,0
6810,Feminino,35,PK,Familia,18,35,0.19,Desktop,0,1,0
6811,Feminino,17,AU,Familia,127,75,0.09,Mobile,0,1,1
6812,Masculino,32,FR,Estudante,198,5,0.21,Mobile,0,1,0
6813,Feminino,21,PK,Premium,265,68,0.57,Desktop,0,1,0
6814,Masculino,37,UK,Estudante,119,57,0.1,Web,0,1,0
6815,Feminino,25,AU,Estudante,55,93,0.58,Mobile,0,1,0
6816,Feminino,56,FR,Gratuito,298,74,0.41,Web,12,0,0
6817,Feminino,37,PK,Premium,189,30,0.53,Mobile,0,1,1
6818,Masculino,31,CA,Gratuito,139,65,0.56,Mobile,9,0,0
6819,Feminino,23,US,Estudante,167,91,0.22,Mobile,0,1,1
6820,Feminino,31,US,Gratuito,19,27,0.53,Mobile,16,0,0
6821,Masculino,58,AU,Estudante,298,82,0.36,Desktop,0,1,0
6822,Feminino,43,UK,Premium,54,36,0.3,Desktop,0,1,0
6823,Masculino,17,AU,Gratuito,89,15,0.19,Mobile,40,0,1
6824,Feminino,33,IN,Premium,57,16,0.08,Web,0,1,0
6825,Feminino,32,UK,Familia,105,17,0.17,Web,0,1,0
6826,Feminino,19,FR,Premium,85,65,0.01,Desktop,0,1,0
6827,Feminino,47,AU,Premium,144,6,0.46,Mobile,0,1,1
6828,Masculino,44,AU,Gratuito,24,95,0.15,Mobile,7,0,0
6829,Feminino,33,CA,Estudante,287,53,0.02,Mobile,0,1,0
6830,Feminino,34,UK,Estudante,32,36,0.48,Desktop,0,1,0
6831,Masculino,19,CA,Premium,286,26,0.08,Desktop,0,1,0
6832,Feminino,47,CA,Familia,54,53,0.19,Desktop,0,1,0
6833,Masculino,40,FR,Estudante,14,51,0.04,Mobile,0,1,1
6834,Masculino,59,FR,Premium,195,67,0.57,Desktop,0,1,0
6835,Feminino,44,AU,Familia,274,49,0.43,Desktop,0,1,0
6836,Feminino,41,US,Estudante,232,94,0.16,Desktop,0,1,0
6837,Feminino,19,UK,Gratuito,102,34,0.36,Desktop,43,0,0
6838,Masculino,47,CA,Premium,123,42,0.54,Mobile,0,1,1
6839,Feminino,34,US,Gratuito,171,94,0.03,Web,24,0,0
6840,Feminino,57,IN,Familia,223,19,0.46,Mobile,0,1,0
6841,Feminino,42,IN,Estudante,158,21,0.1,Mobile,0,1,1
6842,Feminino,24,FR,Gratuito,161,62,0.2,Desktop,26,0,0
6843,Feminino,40,PK,Premium,43,32,0.02,Web,0,1,1
6844,Masculino,58,PK,Premium,35,4,0.25,Mobile,0,1,0
6845,Feminino,29,CA,Premium,66,30,0.08,Mobile,0,1,0
6846,Feminino,23,PK,Premium,115,13,0.16,Mobile,0,1,0
6847,Feminino,46,AU,Premium,152,88,0.02,Desktop,0,1,0
6848,Feminino,44,DE,Familia,44,86,0.56,Mobile,0,1,1
6849,Feminino,55,IN,Familia,63,11,0.24,Desktop,0,1,1
6850,Feminino,55,IN,Estudante,220,35,0.31,Desktop,0,1,0
6851,Masculino,47,PK,Gratuito,32,52,0.33,Desktop,48,0,0
6852,Feminino,24,IN,Gratuito,170,23,0.37,Desktop,23,0,0
6853,Feminino,38,FR,Familia,10,10,0.56,Web,0,1,0
6854,Feminino,48,AU,Gratuito,172,63,0.41,Mobile,33,0,0
6855,Masculino,47,FR,Gratuito,192,11,0.42,Mobile,44,0,0
6856,Feminino,46,US,Premium,13,68,0.58,Web,0,1,0
6857,Feminino,35,US,Gratuito,234,79,0.44,Desktop,9,0,0
6858,Feminino,17,US,Gratuito,222,92,0.57,Web,16,0,1
6859,Feminino,52,FR,Familia,223,47,0.18,Desktop,0,1,0
6860,Feminino,41,FR,Gratuito,40,44,0.39,Web,43,0,0
6861,Masculino,23,IN,Familia,242,14,0.24,Mobile,0,1,0
6862,Masculino,25,UK,Premium,265,36,0.21,Mobile,0,1,0
6863,Feminino,27,AU,Familia,225,48,0.19,Web,0,1,0
6864,Feminino,25,IN,Familia,67,22,0.09,Mobile,0,1,1
6865,Feminino,50,PK,Familia,30,84,0.41,Mobile,0,1,1
6866,Feminino,52,FR,Premium,100,3,0.53,Desktop,0,1,0
6867,Masculino,20,PK,Familia,148,49,0.04,Web,0,1,0
6868,Masculino,52,PK,Estudante,138,45,0.59,Desktop,0,1,0
6869,Feminino,21,AU,Estudante,297,40,0.23,Web,0,1,0
6870,Feminino,50,UK,Estudante,177,53,0.22,Desktop,0,1,0
6871,Masculino,48,DE,Premium,202,63,0.54,Desktop,0,1,0
6872,Feminino,48,IN,Premium,134,91,0.14,Desktop,0,1,0
6873,Masculino,39,AU,Estudante,240,73,0.39,Web,0,1,0
6874,Feminino,33,IN,Estudante,71,73,0.21,Desktop,0,1,0
6875,Masculino,43,IN,Premium,152,76,0.55,Web,0,1,0
6876,Feminino,52,DE,Estudante,107,89,0.06,Web,0,1,0
6877,Feminino,52,US,Estudante,102,36,0.45,Mobile,0,1,0
6878,Masculino,26,PK,Gratuito,14,45,0.31,Desktop,29,0,1
6879,Masculino,53,PK,Gratuito,213,87,0.6,Web,20,0,0
6880,Feminino,21,US,Gratuito,141,4,0.27,Desktop,37,0,1
6881,Masculino,18,UK,Estudante,132,92,0.19,Web,0,1,0
6882,Feminino,56,US,Gratuito,227,83,0.44,Web,7,0,0
6883,Masculino,57,AU,Familia,284,52,0.35,Web,0,1,0
6884,Feminino,22,CA,Estudante,48,10,0.36,Mobile,0,1,0
6885,Feminino,54,DE,Gratuito,271,33,0.58,Desktop,8,0,0
6886,Feminino,38,FR,Estudante,53,82,0.28,Desktop,0,1,0
6887,Feminino,35,IN,Premium,16,16,0.09,Desktop,0,1,0
6888,Masculino,46,PK,Estudante,283,90,0.15,Web,0,1,0
6889,Masculino,48,UK,Gratuito,94,10,0.18,Mobile,9,0,0
6890,Feminino,51,DE,Estudante,279,93,0.32,Desktop,0,1,0
6891,Feminino,48,CA,Gratuito,120,78,0.54,Mobile,41,0,1
6892,Masculino,55,DE,Estudante,55,1,0.09,Web,0,1,0
6893,Masculino,57,IN,Premium,244,36,0.26,Desktop,0,1,0
6894,Feminino,26,FR,Estudante,199,71,0.25,Desktop,0,1,1
6895,Masculino,44,PK,Gratuito,67,80,0.07,Desktop,35,0,0
6896,Masculino,20,CA,Familia,288,37,0.01,Mobile,0,1,0
6897,Masculino,42,PK,Premium,92,13,0.09,Mobile,0,1,0
6898,Feminino,23,PK,Premium,160,50,0.2,Web,0,1,0
6899,Masculino,50,CA,Estudante,138,11,0.24,Web,0,1,0
6900,Feminino,54,AU,Familia,16,14,0.59,Mobile,0,1,0
6901,Feminino,18,FR,Gratuito,39,38,0.25,Desktop,41,0,1
6902,Feminino,51,US,Gratuito,214,26,0.24,Web,47,0,0
6903,Feminino,34,CA,Gratuito,138,36,0.32,Desktop,9,0,0
6904,Feminino,43,DE,Estudante,30,38,0.18,Web,0,1,0
6905,Feminino,30,UK,Premium,187,56,0.31,Mobile,0,1,0
6906,Feminino,57,DE,Estudante,214,30,0.17,Desktop,0,1,1
6907,Feminino,59,US,Premium,238,95,0.12,Desktop,0,1,1
6908,Masculino,50,DE,Estudante,177,15,0.3,Desktop,0,1,1
6909,Feminino,58,US,Estudante,124,4,0.46,Web,0,1,1
6910,Masculino,21,FR,Gratuito,126,31,0.46,Desktop,15,0,1
6911,Feminino,28,IN,Premium,115,46,0.56,Desktop,0,1,0
6912,Masculino,52,IN,Gratuito,191,39,0.19,Web,7,0,0
6913,Feminino,27,IN,Premium,264,84,0.4,Web,0,1,0
6914,Feminino,27,CA,Familia,83,68,0.21,Web,0,1,1
6915,Masculino,40,IN,Gratuito,151,96,0.42,Web,18,0,0
6916,Masculino,37,FR,Estudante,147,72,0.05,Desktop,0,1,1
6917,Masculino,22,CA,Premium,131,10,0.12,Mobile,0,1,0
6918,Feminino,32,AU,Estudante,91,31,0.32,Web,0,1,0
6919,Masculino,33,FR,Estudante,62,14,0.04,Web,0,1,0
6920,Masculino,47,US,Estudante,287,69,0.22,Desktop,0,1,0
6921,Feminino,30,CA,Estudante,44,30,0.58,Web,0,1,1
6922,Feminino,52,US,Gratuito,239,59,0.05,Web,8,0,0
6923,Feminino,41,US,Premium,132,4,0.35,Mobile,0,1,0
6924,Feminino,40,PK,Estudante,211,43,0.17,Mobile,0,1,1
6925,Masculino,58,FR,Gratuito,44,30,0.59,Desktop,18,0,0
6926,Feminino,41,AU,Estudante,207,40,0.37,Desktop,0,1,0
6927,Feminino,52,DE,Premium,99,5,0.19,Desktop,0,1,0
6928,Feminino,37,DE,Premium,292,15,0.48,Mobile,0,1,0
6929,Masculino,21,PK,Estudante,156,55,0.34,Desktop,0,1,0
6930,Masculino,40,CA,Gratuito,26,81,0.45,Desktop,7,0,1
6931,Feminino,25,IN,Gratuito,139,49,0.5,Desktop,14,0,0
6932,Feminino,35,CA,Premium,267,30,0.59,Desktop,0,1,0
6933,Masculino,51,UK,Premium,174,58,0.15,Web,0,1,0
6934,Feminino,52,UK,Estudante,135,10,0.47,Desktop,0,1,1
6935,Masculino,18,UK,Estudante,195,99,0.3,Desktop,0,1,1
6936,Feminino,32,PK,Estudante,242,9,0.43,Mobile,0,1,0
6937,Feminino,56,FR,Gratuito,149,6,0.48,Web,39,0,0
6938,Feminino,16,IN,Familia,220,4,0.6,Desktop,0,1,1
6939,Feminino,38,PK,Premium,55,75,0.12,Web,0,1,0
6940,Feminino,20,FR,Estudante,179,67,0.49,Web,0,1,1
6941,Masculino,20,DE,Gratuito,142,95,0.6,Web,29,0,1
6942,Feminino,41,IN,Gratuito,119,91,0.14,Mobile,41,0,1
6943,Masculino,54,CA,Estudante,77,8,0.44,Mobile,0,1,0
6944,Masculino,26,DE,Familia,241,54,0.35,Desktop,0,1,0
6945,Feminino,22,DE,Familia,112,29,0.29,Mobile,0,1,1
6946,Masculino,34,CA,Gratuito,140,43,0.35,Web,18,0,1
6947,Feminino,28,FR,Estudante,187,16,0.21,Web,0,1,0
6948,Feminino,57,CA,Gratuito,118,65,0.52,Desktop,22,0,0
6949,Masculino,57,PK,Estudante,33,63,0.18,Desktop,0,1,0
6950,Feminino,59,AU,Familia,279,25,0.35,Web,0,1,1
6951,Feminino,34,DE,Estudante,11,57,0.52,Mobile,0,1,0
6952,Feminino,31,CA,Estudante,241,27,0.08,Web,0,1,0
6953,Feminino,30,UK,Gratuito,28,86,0.26,Desktop,42,0,1
6954,Feminino,36,AU,Familia,86,85,0.46,Web,0,1,0
6955,Feminino,21,IN,Familia,170,5,0.48,Desktop,0,1,0
6956,Feminino,19,US,Gratuito,270,35,0.2,Mobile,22,0,0
6957,Feminino,57,UK,Gratuito,234,32,0.14,Web,44,0,0
6958,Feminino,17,IN,Estudante,266,52,0.41,Desktop,0,1,0
6959,Feminino,43,US,Estudante,75,72,0.57,Mobile,0,1,0
6960,Feminino,41,IN,Familia,259,50,0.07,Web,0,1,0
6961,Masculino,46,PK,Familia,270,14,0.05,Mobile,0,1,1
6962,Feminino,44,DE,Familia,173,36,0.52,Web,0,1,0
6963,Feminino,39,US,Familia,240,59,0.22,Desktop,0,1,0
6964,Feminino,39,PK,Gratuito,36,9,0.58,Desktop,25,0,0
6965,Feminino,50,IN,Premium,26,68,0.09,Mobile,0,1,0
6966,Masculino,27,AU,Premium,247,13,0.34,Desktop,0,1,0
6967,Masculino,35,FR,Estudante,214,83,0.45,Desktop,0,1,1
6968,Masculino,54,UK,Familia,11,40,0.52,Web,0,1,0
6969,Masculino,59,CA,Gratuito,254,60,0.25,Mobile,41,0,0
6970,Feminino,25,DE,Gratuito,292,87,0.04,Web,44,0,0
6971,Feminino,26,FR,Premium,213,78,0.14,Web,0,1,0
6972,Feminino,49,IN,Estudante,137,75,0.5,Desktop,0,1,1
6973,Feminino,49,PK,Familia,238,63,0.57,Mobile,0,1,0
6974,Feminino,49,IN,Premium,174,59,0.37,Desktop,0,1,1
6975,Feminino,36,IN,Gratuito,278,67,0.46,Desktop,22,0,0
6976,Masculino,45,US,Familia,162,28,0.23,Web,0,1,0
6977,Feminino,27,AU,Familia,217,95,0.34,Web,0,1,0
6978,Feminino,39,FR,Estudante,264,21,0.14,Mobile,0,1,1
6979,Feminino,25,US,Gratuito,79,16,0.55,Desktop,32,0,0
6980,Feminino,40,CA,Premium,23,7,0.49,Mobile,0,1,0
6981,Masculino,44,UK,Premium,262,43,0.31,Desktop,0,1,0
6982,Masculino,29,CA,Familia,191,43,0.11,Desktop,0,1,0
6983,Feminino,48,FR,Estudante,88,31,0.05,Desktop,0,1,0
6984,Masculino,41,PK,Premium,204,65,0.44,Desktop,0,1,0
6985,Feminino,30,IN,Familia,92,37,0.39,Web,0,1,0
6986,Masculino,35,FR,Gratuito,61,86,0.52,Web,19,0,0
6987,Feminino,28,AU,Gratuito,269,4,0.39,Web,29,0,0
6988,Feminino,36,PK,Gratuito,298,51,0.57,Web,39,0,1
6989,Feminino,57,PK,Premium,291,96,0.06,Mobile,0,1,0
6990,Feminino,41,FR,Familia,59,20,0.12,Desktop,0,1,1
6991,Masculino,23,CA,Familia,288,25,0.2,Mobile,0,1,0
6992,Masculino,37,PK,Gratuito,255,39,0.23,Mobile,49,0,0
6993,Masculino,50,CA,Gratuito,80,76,0.39,Mobile,47,0,1
6994,Feminino,54,PK,Estudante,199,17,0.37,Web,0,1,0
6995,Feminino,53,UK,Estudante,11,92,0.49,Web,0,1,0
6996,Feminino,16,US,Premium,93,19,0.26,Desktop,0,1,0
6997,Feminino,58,US,Premium,122,61,0.2,Mobile,0,1,1
6998,Feminino,51,AU,Gratuito,220,70,0.34,Web,44,0,0
6999,Masculino,16,US,Estudante,49,47,0.38,Web,0,1,0
7000,Masculino,37,UK,Gratuito,100,89,0.11,Web,13,0,0
7001,Feminino,49,UK,Estudante,57,47,0.15,Desktop,0,1,0
7002,Feminino,31,IN,Gratuito,148,93,0.55,Desktop,8,0,0
7003,Feminino,33,AU,Familia,244,54,0.43,Web,0,1,0
7004,Feminino,37,PK,Premium,116,65,0.3,Mobile,0,1,0
7005,Feminino,31,IN,Premium,186,18,0.27,Web,0,1,0
7006,Masculino,17,CA,Premium,222,47,0.21,Desktop,0,1,1
7007,Masculino,16,US,Estudante,174,41,0.46,Web,0,1,0
7008,Feminino,24,PK,Familia,276,90,0.17,Mobile,0,1,1
7009,Feminino,22,PK,Gratuito,110,61,0.51,Mobile,38,0,1
7010,Masculino,31,FR,Premium,282,3,0.57,Desktop,0,1,0
7011,Feminino,51,AU,Familia,251,77,0.53,Mobile,0,1,0
7012,Feminino,53,IN,Estudante,128,90,0.3,Mobile,0,1,0
7013,Feminino,41,AU,Familia,95,96,0.01,Web,0,1,0
7014,Masculino,50,PK,Premium,210,26,0.01,Web,0,1,1
7015,Feminino,31,IN,Gratuito,252,13,0.01,Web,17,0,0
7016,Feminino,26,DE,Gratuito,169,6,0.32,Web,26,0,0
7017,Masculino,18,CA,Premium,55,85,0.53,Mobile,0,1,0
7018,Feminino,48,DE,Premium,62,31,0.59,Mobile,0,1,1
7019,Feminino,29,PK,Estudante,52,1,0.36,Desktop,0,1,0
7020,Feminino,34,DE,Premium,77,73,0.03,Mobile,0,1,0
7021,Feminino,20,DE,Familia,285,32,0.57,Web,0,1,0
7022,Masculino,55,IN,Premium,295,27,0.39,Mobile,0,1,0
7023,Feminino,54,PK,Familia,268,46,0.01,Web,0,1,1
7024,Feminino,22,FR,Gratuito,154,21,0.1,Mobile,41,0,1
7025,Feminino,47,DE,Gratuito,72,69,0.49,Mobile,27,0,0
7026,Masculino,37,IN,Premium,25,53,0.4,Desktop,0,1,0
7027,Masculino,44,CA,Familia,59,10,0.2,Web,0,1,0
7028,Feminino,46,IN,Familia,262,74,0.16,Mobile,0,1,0
7029,Feminino,57,US,Familia,59,10,0.31,Mobile,0,1,0
7030,Masculino,41,IN,Familia,27,76,0.15,Mobile,0,1,0
7031,Feminino,48,PK,Estudante,207,69,0.08,Desktop,0,1,0
7032,Feminino,59,DE,Familia,235,51,0.31,Desktop,0,1,1
7033,Masculino,31,AU,Familia,11,78,0.08,Web,0,1,1
7034,Feminino,16,DE,Familia,220,78,0.22,Mobile,0,1,0
7035,Masculino,34,CA,Premium,85,31,0.38,Desktop,0,1,0
7036,Feminino,26,US,Premium,180,86,0.17,Web,0,1,0
7037,Feminino,30,FR,Premium,46,60,0.03,Web,0,1,0
7038,Feminino,45,UK,Gratuito,127,90,0.19,Web,42,0,0
7039,Feminino,36,AU,Premium,74,7,0.17,Desktop,0,1,1
7040,Masculino,30,US,Familia,250,50,0.31,Desktop,0,1,0
7041,Feminino,23,PK,Estudante,108,4,0.36,Desktop,0,1,0
7042,Masculino,51,AU,Estudante,36,50,0.41,Mobile,0,1,0
7043,Masculino,19,UK,Premium,95,24,0.43,Web,0,1,0
7044,Feminino,50,CA,Gratuito,248,13,0.23,Mobile,44,0,0
7045,Feminino,45,PK,Familia,284,23,0.43,Web,0,1,0
7046,Feminino,34,PK,Estudante,90,59,0.07,Desktop,0,1,0
7047,Masculino,16,US,Estudante,51,49,0.12,Mobile,0,1,1
7048,Feminino,57,IN,Estudante,264,91,0.28,Web,0,1,0
7049,Feminino,39,FR,Premium,136,41,0.04,Mobile,0,1,1
7050,Feminino,23,PK,Familia,239,65,0.37,Web,0,1,1
7051,Masculino,35,FR,Premium,12,60,0.29,Mobile,0,1,1
7052,Feminino,28,UK,Estudante,155,93,0.38,Mobile,0,1,0
7053,Feminino,29,DE,Gratuito,234,3,0.53,Mobile,31,0,0
7054,Masculino,37,CA,Gratuito,287,82,0.32,Web,35,0,0
7055,Masculino,24,IN,Familia,41,94,0.3,Desktop,0,1,0
7056,Feminino,46,FR,Premium,201,37,0.34,Mobile,0,1,0
7057,Feminino,29,IN,Premium,261,92,0.44,Desktop,0,1,1
7058,Masculino,24,US,Estudante,205,29,0.47,Web,0,1,0
7059,Feminino,29,CA,Premium,280,45,0.05,Web,0,1,1
7060,Feminino,22,PK,Premium,178,97,0.28,Desktop,0,1,1
7061,Masculino,36,UK,Gratuito,44,12,0.36,Web,35,0,0
7062,Masculino,27,IN,Familia,234,22,0.17,Web,0,1,0
7063,Masculino,38,IN,Premium,283,65,0.33,Desktop,0,1,1
7064,Feminino,51,PK,Gratuito,273,69,0.24,Desktop,16,0,0
7065,Masculino,58,US,Premium,269,23,0.05,Web,0,1,0
7066,Feminino,36,FR,Premium,202,48,0.57,Desktop,0,1,0
7067,Feminino,54,FR,Premium,159,73,0.11,Mobile,0,1,1
7068,Masculino,25,AU,Gratuito,69,95,0.26,Web,41,0,1
7069,Feminino,30,FR,Estudante,283,95,0.12,Desktop,0,1,0
7070,Feminino,47,US,Gratuito,100,20,0.46,Web,6,0,1
7071,Feminino,58,US,Premium,170,70,0.05,Mobile,0,1,0
7072,Feminino,43,PK,Familia,293,94,0.54,Web,0,1,0
7073,Feminino,17,PK,Familia,282,90,0.2,Desktop,0,1,0
7074,Feminino,43,DE,Gratuito,62,81,0.22,Desktop,18,0,0
7075,Masculino,25,DE,Premium,64,82,0.33,Web,0,1,0
7076,Feminino,19,FR,Estudante,108,88,0.19,Desktop,0,1,0
7077,Masculino,22,AU,Gratuito,202,34,0.19,Web,37,0,0
7078,Feminino,23,CA,Premium,137,67,0.35,Desktop,0,1,0
7079,Feminino,21,DE,Estudante,199,48,0.24,Mobile,0,1,0
7080,Feminino,42,IN,Estudante,109,20,0.5,Mobile,0,1,0
7081,Feminino,52,DE,Estudante,180,42,0.45,Desktop,0,1,1
7082,Feminino,28,FR,Estudante,139,26,0.49,Web,0,1,0
7083,Feminino,49,FR,Estudante,215,5,0.12,Desktop,0,1,0
7084,Feminino,30,US,Estudante,250,1,0.35,Mobile,0,1,1
7085,Feminino,45,CA,Gratuito,186,7,0.41,Desktop,27,0,0
7086,Masculino,30,FR,Premium,80,30,0.39,Desktop,0,1,0
7087,Feminino,43,US,Familia,56,90,0.06,Mobile,0,1,1
7088,Masculino,21,FR,Gratuito,193,99,0.54,Web,48,0,0
7089,Feminino,53,CA,Estudante,208,25,0.31,Desktop,0,1,1
7090,Feminino,41,PK,Familia,74,36,0.26,Desktop,0,1,0
7091,Feminino,33,UK,Gratuito,232,98,0.13,Desktop,30,0,1
7092,Masculino,53,CA,Familia,137,48,0.34,Desktop,0,1,0
7093,Masculino,37,CA,Premium,140,70,0.59,Mobile,0,1,0
7094,Masculino,42,UK,Gratuito,19,8,0.08,Web,22,0,0
7095,Feminino,54,IN,Premium,205,94,0.09,Web,0,1,0
7096,Feminino,36,US,Estudante,181,9,0.59,Mobile,0,1,0
7097,Masculino,46,UK,Estudante,261,14,0.47,Web,0,1,1
7098,Feminino,23,PK,Gratuito,224,71,0.16,Web,33,0,1
7099,Feminino,31,IN,Gratuito,73,85,0.22,Desktop,27,0,1
7100,Masculino,47,FR,Premium,18,69,0.23,Web,0,1,1
7101,Masculino,57,DE,Familia,68,21,0.44,Mobile,0,1,1
7102,Feminino,40,US,Familia,97,97,0.23,Web,0,1,1
7103,Feminino,39,DE,Familia,177,69,0.44,Desktop,0,1,0
7104,Masculino,26,US,Premium,246,52,0.47,Desktop,0,1,0
7105,Masculino,26,DE,Premium,170,47,0.36,Web,0,1,1
7106,Feminino,18,IN,Familia,197,69,0.4,Web,0,1,0
7107,Masculino,29,UK,Premium,47,79,0.5,Desktop,0,1,0
7108,Feminino,54,US,Estudante,277,58,0.6,Desktop,0,1,0
7109,Masculino,55,UK,Premium,33,64,0.05,Web,0,1,0
7110,Feminino,52,CA,Familia,129,94,0.46,Web,0,1,0
7111,Masculino,27,DE,Gratuito,217,83,0.5,Desktop,49,0,0
7112,Feminino,54,US,Familia,219,28,0.34,Web,0,1,1
7113,Feminino,17,AU,Estudante,14,52,0.47,Web,0,1,1
7114,Masculino,54,PK,Familia,31,33,0.2,Web,0,1,0
7115,Feminino,40,PK,Familia,105,35,0.32,Desktop,0,1,1
7116,Feminino,52,US,Gratuito,114,92,0.03,Web,19,0,0
7117,Feminino,48,DE,Estudante,55,98,0.13,Mobile,0,1,0
7118,Feminino,18,CA,Estudante,280,78,0.25,Mobile,0,1,0
7119,Feminino,18,PK,Gratuito,238,88,0.22,Mobile,42,0,0
7120,Masculino,22,PK,Premium,36,8,0.35,Web,0,1,0
7121,Feminino,38,AU,Estudante,78,50,0.15,Mobile,0,1,1
7122,Feminino,58,AU,Familia,245,79,0.29,Desktop,0,1,0
7123,Masculino,23,AU,Premium,85,96,0.12,Mobile,0,1,0
7124,Masculino,29,PK,Gratuito,90,75,0.52,Web,16,0,0
7125,Masculino,29,CA,Familia,215,6,0.13,Web,0,1,0
7126,Feminino,56,US,Estudante,63,83,0.47,Web,0,1,0
7127,Feminino,58,FR,Estudante,185,68,0.58,Web,0,1,0
7128,Feminino,57,PK,Estudante,160,47,0.27,Mobile,0,1,1
7129,Masculino,47,CA,Premium,151,36,0.59,Web,0,1,0
7130,Feminino,37,UK,Gratuito,275,95,0.31,Web,47,0,0
7131,Masculino,27,IN,Estudante,31,45,0.18,Mobile,0,1,0
7132,Masculino,41,DE,Familia,170,18,0.55,Web,0,1,0
7133,Masculino,46,US,Estudante,72,33,0.48,Mobile,0,1,1
7134,Feminino,47,AU,Premium,277,13,0.49,Desktop,0,1,0
7135,Feminino,38,UK,Estudante,194,98,0.24,Web,0,1,0
7136,Feminino,52,DE,Familia,276,71,0.02,Desktop,0,1,1
7137,Feminino,50,US,Familia,233,11,0.13,Web,0,1,0
7138,Feminino,45,PK,Estudante,75,43,0.41,Desktop,0,1,0
7139,Feminino,56,US,Familia,75,62,0.3,Web,0,1,0
7140,Masculino,30,UK,Estudante,21,62,0.09,Mobile,0,1,0
7141,Masculino,37,AU,Estudante,171,77,0.5,Mobile,0,1,0
7142,Masculino,23,IN,Gratuito,204,36,0.07,Web,35,0,0
7143,Feminino,59,IN,Estudante,136,36,0.21,Desktop,0,1,1
7144,Feminino,24,DE,Gratuito,42,28,0.6,Web,5,0,0
7145,Feminino,40,FR,Gratuito,294,35,0.22,Web,17,0,0
7146,Feminino,54,FR,Familia,125,56,0.05,Web,0,1,0
7147,Masculino,54,AU,Gratuito,184,45,0.38,Mobile,39,0,0
7148,Masculino,41,US,Premium,210,34,0.04,Web,0,1,0
7149,Feminino,58,AU,Estudante,239,93,0.05,Desktop,0,1,1
7150,Feminino,40,DE,Estudante,220,86,0.42,Web,0,1,1
7151,Feminino,45,FR,Premium,57,62,0.01,Web,0,1,0
7152,Masculino,31,IN,Gratuito,79,40,0.18,Web,23,0,1
7153,Feminino,55,PK,Premium,41,62,0.35,Desktop,0,1,0
7154,Feminino,43,DE,Estudante,127,36,0.4,Desktop,0,1,0
7155,Masculino,35,CA,Estudante,64,64,0.37,Desktop,0,1,1
7156,Masculino,36,UK,Familia,34,50,0.54,Mobile,0,1,0
7157,Feminino,42,PK,Familia,235,68,0.07,Web,0,1,0
7158,Feminino,46,PK,Familia,297,88,0.14,Mobile,0,1,0
7159,Feminino,40,PK,Gratuito,20,40,0.1,Desktop,45,0,0
7160,Feminino,43,PK,Gratuito,54,64,0.01,Mobile,37,0,0
7161,Feminino,46,AU,Gratuito,222,48,0.58,Mobile,42,0,0
7162,Feminino,39,DE,Familia,297,33,0.4,Web,0,1,0
7163,Feminino,17,US,Familia,115,72,0.5,Desktop,0,1,1
7164,Masculino,40,IN,Gratuito,284,99,0.0,Desktop,7,0,0
7165,Feminino,29,FR,Premium,255,99,0.25,Web,0,1,1
7166,Feminino,23,DE,Familia,112,53,0.6,Desktop,0,1,0
7167,Masculino,52,UK,Familia,228,82,0.43,Mobile,0,1,0
7168,Masculino,56,AU,Premium,175,87,0.0,Mobile,0,1,0
7169,Masculino,54,UK,Estudante,176,59,0.44,Desktop,0,1,0
7170,Feminino,53,IN,Premium,39,30,0.56,Mobile,0,1,0
7171,Masculino,34,PK,Gratuito,30,54,0.38,Mobile,41,0,0
7172,Masculino,44,PK,Familia,110,96,0.31,Desktop,0,1,0
7173,Feminino,16,PK,Gratuito,212,3,0.23,Desktop,16,0,0
7174,Feminino,47,US,Familia,137,30,0.29,Web,0,1,1
7175,Feminino,39,US,Familia,270,80,0.59,Desktop,0,1,0
7176,Masculino,51,IN,Gratuito,24,37,0.11,Web,12,0,0
7177,Feminino,59,PK,Premium,26,37,0.27,Desktop,0,1,1
7178,Feminino,18,IN,Premium,137,36,0.43,Mobile,0,1,0
7179,Masculino,56,UK,Gratuito,28,15,0.17,Web,18,0,0
7180,Feminino,52,CA,Familia,21,72,0.55,Mobile,0,1,0
7181,Feminino,27,UK,Estudante,145,70,0.37,Desktop,0,1,1
7182,Feminino,37,CA,Familia,283,74,0.13,Desktop,0,1,1
7183,Feminino,27,IN,Familia,107,21,0.47,Mobile,0,1,1
7184,Feminino,33,US,Gratuito,277,49,0.39,Mobile,29,0,0
7185,Feminino,49,PK,Premium,43,24,0.48,Mobile,0,1,0
7186,Feminino,45,US,Estudante,233,78,0.15,Web,0,1,1
7187,Feminino,32,IN,Estudante,11,66,0.5,Mobile,0,1,0
7188,Feminino,40,UK,Estudante,193,70,0.11,Desktop,0,1,0
7189,Feminino,26,DE,Premium,204,60,0.56,Desktop,0,1,0
7190,Feminino,20,PK,Gratuito,96,56,0.08,Mobile,45,0,1
7191,Masculino,59,PK,Premium,79,70,0.34,Web,0,1,0
7192,Masculino,24,FR,Estudante,253,74,0.07,Desktop,0,1,0
7193,Masculino,52,UK,Estudante,194,75,0.42,Mobile,0,1,0
7194,Feminino,39,FR,Premium,50,89,0.55,Desktop,0,1,1
7195,Feminino,32,AU,Estudante,112,91,0.28,Mobile,0,1,0
7196,Masculino,57,PK,Familia,33,53,0.53,Desktop,0,1,0
7197,Feminino,23,UK,Gratuito,105,84,0.36,Desktop,30,0,0
7198,Feminino,37,DE,Familia,143,87,0.23,Web,0,1,1
7199,Feminino,52,PK,Gratuito,167,59,0.31,Web,12,0,1
7200,Feminino,18,DE,Familia,238,28,0.31,Web,0,1,1
7201,Masculino,37,US,Gratuito,255,9,0.56,Mobile,12,0,1
7202,Feminino,39,PK,Estudante,282,97,0.03,Desktop,0,1,0
7203,Masculino,45,UK,Familia,275,58,0.44,Web,0,1,1
7204,Feminino,51,DE,Premium,217,44,0.06,Mobile,0,1,0
7205,Masculino,19,CA,Familia,228,99,0.55,Desktop,0,1,1
7206,Masculino,34,UK,Estudante,143,99,0.43,Web,0,1,0
7207,Feminino,21,DE,Estudante,259,80,0.35,Web,0,1,0
7208,Feminino,38,AU,Familia,224,81,0.21,Mobile,0,1,0
7209,Feminino,40,US,Premium,101,88,0.06,Mobile,0,1,0
7210,Masculino,26,DE,Premium,85,46,0.09,Mobile,0,1,0
7211,Feminino,43,IN,Premium,207,67,0.09,Mobile,0,1,1
7212,Masculino,18,DE,Premium,279,45,0.4,Mobile,0,1,0
7213,Feminino,54,AU,Gratuito,133,99,0.17,Desktop,24,0,0
7214,Feminino,51,IN,Premium,66,47,0.04,Desktop,0,1,0
7215,Masculino,54,UK,Familia,104,45,0.31,Web,0,1,0
7216,Feminino,49,AU,Estudante,208,62,0.51,Desktop,0,1,0
7217,Masculino,16,FR,Gratuito,111,78,0.24,Mobile,12,0,0
7218,Feminino,44,FR,Gratuito,273,46,0.31,Web,38,0,0
7219,Feminino,37,AU,Gratuito,254,10,0.37,Mobile,31,0,0
7220,Masculino,28,UK,Estudante,243,67,0.02,Mobile,0,1,0
7221,Feminino,50,FR,Premium,197,28,0.32,Web,0,1,0
7222,Masculino,22,PK,Familia,107,81,0.51,Desktop,0,1,0
7223,Feminino,56,CA,Estudante,41,65,0.01,Mobile,0,1,0
7224,Feminino,28,DE,Estudante,209,73,0.38,Desktop,0,1,0
7225,Feminino,52,FR,Premium,105,9,0.41,Mobile,0,1,0
7226,Feminino,53,IN,Estudante,65,26,0.33,Mobile,0,1,0
7227,Masculino,32,FR,Familia,246,25,0.24,Web,0,1,1
7228,Masculino,22,AU,Familia,184,50,0.09,Mobile,0,1,0
7229,Masculino,16,US,Premium,94,2,0.56,Web,0,1,1
7230,Feminino,51,US,Familia,152,17,0.55,Desktop,0,1,1
7231,Feminino,37,AU,Gratuito,59,44,0.33,Mobile,33,0,1
7232,Feminino,16,CA,Estudante,118,68,0.44,Web,0,1,0
7233,Feminino,21,IN,Familia,125,29,0.08,Web,0,1,0
7234,Masculino,18,DE,Familia,214,58,0.55,Web,0,1,0
7235,Feminino,45,CA,Gratuito,106,62,0.52,Web,41,0,1
7236,Feminino,54,DE,Gratuito,163,68,0.24,Desktop,47,0,1
7237,Masculino,38,UK,Estudante,244,46,0.1,Desktop,0,1,0
7238,Feminino,57,CA,Familia,107,32,0.14,Desktop,0,1,1
7239,Masculino,50,DE,Gratuito,95,6,0.34,Web,14,0,0
7240,Feminino,52,AU,Estudante,258,49,0.51,Mobile,0,1,0
7241,Masculino,18,DE,Estudante,268,21,0.36,Web,0,1,1
7242,Masculino,57,FR,Premium,138,3,0.42,Mobile,0,1,0
7243,Masculino,35,PK,Premium,216,36,0.43,Web,0,1,0
7244,Masculino,25,FR,Estudante,56,30,0.53,Web,0,1,0
7245,Feminino,34,US,Estudante,244,68,0.6,Desktop,0,1,1
7246,Masculino,36,UK,Familia,214,15,0.57,Desktop,0,1,0
7247,Feminino,42,PK,Familia,134,35,0.58,Web,0,1,0
7248,Feminino,20,PK,Familia,226,11,0.06,Web,0,1,0
7249,Masculino,46,US,Premium,15,38,0.13,Desktop,0,1,0
7250,Feminino,27,UK,Gratuito,20,87,0.59,Web,25,0,0
7251,Feminino,54,CA,Premium,266,60,0.16,Web,0,1,0
7252,Masculino,49,IN,Familia,42,41,0.19,Desktop,0,1,0
7253,Masculino,55,US,Gratuito,23,64,0.01,Web,26,0,0
7254,Feminino,29,UK,Premium,223,52,0.28,Mobile,0,1,0
7255,Feminino,46,IN,Estudante,35,20,0.36,Web,0,1,0
7256,Feminino,43,CA,Familia,84,96,0.08,Mobile,0,1,1
7257,Feminino,32,AU,Familia,212,74,0.12,Desktop,0,1,1
7258,Feminino,56,PK,Estudante,289,99,0.38,Desktop,0,1,1
7259,Feminino,32,DE,Premium,88,75,0.54,Mobile,0,1,1
7260,Masculino,41,PK,Premium,14,27,0.11,Web,0,1,0
7261,Feminino,51,US,Premium,57,13,0.34,Desktop,0,1,0
7262,Masculino,46,IN,Gratuito,21,24,0.17,Desktop,35,0,0
7263,Feminino,24,DE,Estudante,241,65,0.59,Desktop,0,1,0
7264,Feminino,42,UK,Premium,199,62,0.56,Desktop,0,1,0
7265,Masculino,50,CA,Estudante,272,62,0.58,Desktop,0,1,0
7266,Feminino,41,US,Familia,82,93,0.13,Web,0,1,0
7267,Feminino,40,IN,Estudante,131,64,0.41,Mobile,0,1,1
7268,Masculino,44,PK,Familia,146,20,0.08,Mobile,0,1,1
7269,Feminino,58,UK,Estudante,77,20,0.25,Mobile,0,1,0
7270,Masculino,56,PK,Gratuito,226,8,0.2,Desktop,15,0,0
7271,Feminino,52,CA,Estudante,10,5,0.05,Mobile,0,1,0
7272,Feminino,54,UK,Gratuito,90,19,0.19,Mobile,45,0,1
7273,Masculino,44,DE,Familia,269,17,0.35,Mobile,0,1,0
7274,Feminino,56,FR,Familia,165,56,0.5,Desktop,0,1,0
7275,Masculino,40,CA,Estudante,22,44,0.56,Web,0,1,0
7276,Feminino,22,IN,Premium,107,36,0.3,Desktop,0,1,0
7277,Feminino,49,AU,Premium,175,73,0.01,Desktop,0,1,0
7278,Feminino,33,AU,Familia,45,11,0.15,Web,0,1,0
7279,Feminino,19,UK,Gratuito,55,24,0.41,Web,39,0,0
7280,Feminino,35,PK,Familia,167,30,0.55,Desktop,0,1,0
7281,Masculino,36,PK,Familia,40,65,0.42,Mobile,0,1,0
7282,Masculino,47,CA,Gratuito,136,37,0.31,Web,42,0,0
7283,Feminino,37,DE,Premium,255,11,0.06,Mobile,0,1,0
7284,Feminino,34,AU,Gratuito,173,96,0.32,Desktop,28,0,0
7285,Feminino,53,UK,Gratuito,182,70,0.26,Mobile,21,0,0
7286,Feminino,48,UK,Premium,80,53,0.05,Mobile,0,1,0
7287,Masculino,23,UK,Premium,279,35,0.08,Mobile,0,1,0
7288,Feminino,39,US,Premium,59,73,0.27,Desktop,0,1,0
7289,Feminino,56,US,Familia,235,28,0.13,Desktop,0,1,0
7290,Feminino,20,CA,Familia,96,85,0.34,Desktop,0,1,0
7291,Feminino,51,FR,Gratuito,251,60,0.1,Mobile,8,0,0
7292,Masculino,52,US,Premium,122,35,0.24,Desktop,0,1,1
7293,Feminino,33,DE,Familia,32,13,0.51,Web,0,1,0
7294,Feminino,22,PK,Gratuito,63,26,0.17,Mobile,9,0,0
7295,Feminino,29,AU,Gratuito,127,70,0.51,Mobile,12,0,0
7296,Masculino,29,UK,Premium,218,70,0.35,Mobile,0,1,0
7297,Feminino,51,DE,Gratuito,13,42,0.23,Mobile,42,0,0
7298,Feminino,53,FR,Premium,169,56,0.17,Desktop,0,1,0
7299,Feminino,44,FR,Familia,276,97,0.23,Mobile,0,1,1
7300,Feminino,19,IN,Premium,203,81,0.45,Mobile,0,1,0
7301,Feminino,52,US,Familia,88,57,0.52,Desktop,0,1,0
7302,Feminino,17,UK,Premium,123,2,0.5,Web,0,1,0
7303,Feminino,26,FR,Gratuito,48,52,0.45,Mobile,14,0,0
7304,Feminino,56,US,Familia,79,78,0.07,Desktop,0,1,0
7305,Feminino,23,PK,Estudante,166,71,0.58,Web,0,1,0
7306,Feminino,43,DE,Gratuito,212,73,0.57,Web,19,0,1
7307,Feminino,56,PK,Estudante,10,34,0.22,Mobile,0,1,1
7308,Feminino,33,AU,Premium,29,38,0.17,Web,0,1,0
7309,Feminino,20,IN,Estudante,166,69,0.25,Desktop,0,1,0
7310,Feminino,53,UK,Premium,33,76,0.29,Mobile,0,1,0
7311,Feminino,29,IN,Estudante,108,52,0.26,Mobile,0,1,0
7312,Feminino,54,US,Familia,51,10,0.3,Mobile,0,1,0
7313,Feminino,35,DE,Gratuito,259,15,0.29,Web,9,0,0
7314,Feminino,43,UK,Premium,74,32,0.04,Web,0,1,0
7315,Masculino,51,PK,Gratuito,272,53,0.26,Web,32,0,1
7316,Masculino,52,IN,Gratuito,126,23,0.42,Desktop,43,0,0
7317,Masculino,29,PK,Gratuito,184,38,0.55,Web,10,0,0
7318,Feminino,39,IN,Gratuito,225,30,0.24,Desktop,47,0,0
7319,Masculino,25,US,Estudante,165,49,0.42,Desktop,0,1,1
7320,Feminino,51,PK,Gratuito,120,21,0.57,Mobile,9,0,0
7321,Masculino,21,US,Gratuito,135,80,0.03,Desktop,38,0,0
7322,Masculino,49,PK,Familia,170,51,0.07,Desktop,0,1,0
7323,Feminino,44,PK,Familia,201,75,0.15,Mobile,0,1,0
7324,Masculino,54,FR,Premium,38,22,0.13,Desktop,0,1,0
7325,Feminino,51,PK,Estudante,123,33,0.28,Desktop,0,1,0
7326,Feminino,16,US,Estudante,148,90,0.53,Web,0,1,0
7327,Masculino,55,FR,Familia,41,65,0.31,Mobile,0,1,1
7328,Masculino,30,AU,Gratuito,266,81,0.45,Desktop,34,0,0
7329,Masculino,46,AU,Premium,122,46,0.31,Web,0,1,0
7330,Feminino,56,AU,Estudante,44,62,0.37,Web,0,1,1
7331,Feminino,51,UK,Familia,204,35,0.41,Web,0,1,0
7332,Masculino,37,AU,Familia,49,40,0.5,Mobile,0,1,0
7333,Feminino,49,PK,Estudante,82,55,0.25,Desktop,0,1,0
7334,Masculino,39,UK,Premium,271,54,0.55,Desktop,0,1,1
7335,Masculino,30,UK,Familia,186,51,0.58,Mobile,0,1,0
7336,Masculino,35,US,Familia,74,45,0.12,Mobile,0,1,0
7337,Masculino,19,UK,Gratuito,244,84,0.24,Web,9,0,0
7338,Feminino,52,PK,Estudante,118,59,0.36,Desktop,0,1,0
7339,Feminino,30,IN,Gratuito,211,89,0.23,Mobile,12,0,1
7340,Masculino,26,AU,Premium,246,37,0.53,Mobile,0,1,0
7341,Masculino,16,FR,Gratuito,71,91,0.05,Desktop,35,0,0
7342,Masculino,34,CA,Familia,155,32,0.46,Mobile,0,1,0
7343,Feminino,48,FR,Estudante,191,75,0.41,Web,0,1,0
7344,Masculino,25,IN,Estudante,224,77,0.06,Desktop,0,1,0
7345,Masculino,32,IN,Estudante,208,14,0.41,Mobile,0,1,0
7346,Feminino,45,FR,Premium,234,69,0.44,Mobile,0,1,0
7347,Masculino,55,DE,Familia,280,28,0.2,Desktop,0,1,1
7348,Feminino,55,IN,Gratuito,106,91,0.49,Mobile,12,0,0
7349,Feminino,33,PK,Premium,281,87,0.46,Desktop,0,1,1
7350,Masculino,48,FR,Gratuito,259,21,0.19,Mobile,43,0,0
7351,Feminino,55,PK,Premium,262,12,0.17,Web,0,1,0
7352,Feminino,52,AU,Gratuito,274,94,0.26,Desktop,36,0,0
7353,Feminino,41,AU,Familia,172,28,0.56,Desktop,0,1,0
7354,Feminino,17,UK,Premium,238,73,0.07,Web,0,1,0
7355,Feminino,30,FR,Premium,145,48,0.59,Desktop,0,1,0
7356,Feminino,53,UK,Gratuito,244,51,0.07,Web,18,0,0
7357,Feminino,30,CA,Premium,299,57,0.56,Desktop,0,1,1
7358,Masculino,33,PK,Estudante,125,85,0.44,Mobile,0,1,1
7359,Feminino,38,DE,Estudante,218,50,0.56,Desktop,0,1,0
7360,Feminino,44,UK,Estudante,144,3,0.58,Web,0,1,1
7361,Feminino,33,DE,Estudante,269,41,0.12,Desktop,0,1,0
7362,Feminino,25,AU,Premium,149,18,0.02,Web,0,1,0
7363,Feminino,32,AU,Premium,210,89,0.06,Mobile,0,1,0
7364,Masculino,58,FR,Estudante,100,14,0.34,Desktop,0,1,1
7365,Feminino,17,FR,Estudante,166,29,0.51,Mobile,0,1,0
7366,Feminino,55,IN,Gratuito,156,2,0.33,Mobile,41,0,0
7367,Feminino,42,US,Familia,162,81,0.06,Mobile,0,1,1
7368,Feminino,59,US,Estudante,294,5,0.05,Mobile,0,1,1
7369,Feminino,20,CA,Gratuito,142,96,0.02,Web,41,0,0
7370,Masculino,29,US,Estudante,76,77,0.23,Mobile,0,1,1
7371,Feminino,30,CA,Premium,292,44,0.09,Mobile,0,1,0
7372,Masculino,38,IN,Familia,262,65,0.04,Mobile,0,1,0
7373,Feminino,36,IN,Premium,73,80,0.15,Mobile,0,1,1
7374,Feminino,50,IN,Familia,153,76,0.14,Web,0,1,0
7375,Masculino,32,CA,Gratuito,32,65,0.28,Desktop,5,0,0
7376,Feminino,43,CA,Estudante,274,30,0.3,Desktop,0,1,0
7377,Masculino,31,FR,Familia,143,41,0.48,Mobile,0,1,1
7378,Feminino,47,PK,Familia,47,59,0.08,Desktop,0,1,1
7379,Feminino,30,DE,Estudante,107,1,0.6,Mobile,0,1,0
7380,Feminino,46,DE,Premium,167,6,0.33,Web,0,1,0
7381,Feminino,16,AU,Premium,269,57,0.52,Desktop,0,1,0
7382,Feminino,16,AU,Gratuito,218,31,0.41,Desktop,40,0,0
7383,Feminino,33,IN,Estudante,99,6,0.18,Mobile,0,1,0
7384,Feminino,19,US,Estudante,128,60,0.59,Desktop,0,1,0
7385,Feminino,55,US,Premium,172,43,0.3,Mobile,0,1,0
7386,Masculino,27,IN,Gratuito,202,68,0.43,Web,30,0,1
7387,Feminino,38,US,Estudante,108,56,0.51,Desktop,0,1,0
7388,Feminino,20,FR,Premium,229,28,0.22,Web,0,1,1
7389,Masculino,22,IN,Familia,229,98,0.33,Mobile,0,1,0
7390,Feminino,53,CA,Premium,35,25,0.33,Desktop,0,1,0
7391,Feminino,17,UK,Gratuito,48,34,0.48,Mobile,44,0,0
7392,Feminino,47,AU,Familia,172,83,0.07,Mobile,0,1,0
7393,Feminino,38,DE,Premium,31,20,0.48,Web,0,1,0
7394,Feminino,51,UK,Familia,137,26,0.39,Web,0,1,0
7395,Feminino,43,AU,Familia,45,39,0.08,Mobile,0,1,0
7396,Feminino,39,CA,Familia,14,56,0.04,Mobile,0,1,0
7397,Masculino,42,US,Gratuito,212,17,0.35,Mobile,45,0,1
7398,Feminino,36,UK,Estudante,25,33,0.38,Web,0,1,0
7399,Masculino,55,UK,Estudante,243,35,0.28,Mobile,0,1,0
7400,Feminino,52,US,Premium,29,5,0.57,Web,0,1,1
7401,Masculino,59,IN,Premium,291,64,0.09,Web,0,1,0
7402,Masculino,39,IN,Estudante,95,14,0.56,Web,0,1,0
7403,Feminino,51,PK,Premium,276,25,0.05,Desktop,0,1,1
7404,Masculino,30,PK,Premium,235,12,0.46,Web,0,1,0
7405,Feminino,39,IN,Estudante,255,66,0.05,Desktop,0,1,0
7406,Masculino,43,PK,Estudante,220,39,0.3,Mobile,0,1,0
7407,Feminino,37,DE,Premium,37,55,0.44,Desktop,0,1,0
7408,Feminino,41,US,Estudante,177,85,0.28,Web,0,1,0
7409,Feminino,42,PK,Premium,190,36,0.21,Mobile,0,1,0
7410,Masculino,49,US,Premium,242,14,0.4,Mobile,0,1,0
7411,Masculino,36,FR,Gratuito,55,42,0.27,Web,42,0,0
7412,Feminino,37,CA,Familia,69,47,0.22,Desktop,0,1,0
7413,Feminino,40,PK,Familia,12,25,0.03,Desktop,0,1,0
7414,Feminino,24,PK,Familia,174,94,0.3,Web,0,1,0
7415,Feminino,36,UK,Premium,75,93,0.59,Mobile,0,1,1
7416,Feminino,50,FR,Estudante,293,25,0.59,Web,0,1,1
7417,Feminino,58,PK,Gratuito,97,30,0.02,Desktop,36,0,1
7418,Feminino,25,IN,Estudante,272,31,0.37,Desktop,0,1,0
7419,Masculino,58,PK,Familia,50,51,0.25,Desktop,0,1,0
7420,Feminino,43,DE,Familia,132,25,0.27,Desktop,0,1,0
7421,Feminino,30,UK,Premium,68,54,0.16,Web,0,1,0
7422,Feminino,33,IN,Familia,27,12,0.04,Web,0,1,1
7423,Feminino,17,CA,Gratuito,22,97,0.49,Mobile,18,0,1
7424,Masculino,24,DE,Gratuito,64,96,0.08,Desktop,8,0,0
7425,Masculino,42,US,Estudante,98,48,0.27,Web,0,1,0
7426,Feminino,34,DE,Premium,187,41,0.59,Mobile,0,1,0
7427,Masculino,47,IN,Premium,153,56,0.03,Web,0,1,1
7428,Feminino,22,IN,Gratuito,237,40,0.46,Web,13,0,0
7429,Feminino,33,FR,Familia,52,72,0.5,Web,0,1,0
7430,Feminino,41,AU,Familia,84,13,0.44,Web,0,1,0
7431,Feminino,26,CA,Gratuito,209,41,0.59,Web,45,0,1
7432,Masculino,37,UK,Estudante,264,40,0.35,Mobile,0,1,1
7433,Feminino,28,CA,Familia,185,45,0.3,Web,0,1,0
7434,Feminino,58,AU,Premium,171,97,0.03,Web,0,1,0
7435,Masculino,18,US,Estudante,174,1,0.3,Web,0,1,0
7436,Masculino,16,CA,Gratuito,164,82,0.57,Desktop,21,0,0
7437,Feminino,54,IN,Premium,240,77,0.25,Mobile,0,1,0
7438,Masculino,48,FR,Gratuito,162,68,0.39,Desktop,44,0,0
7439,Masculino,21,IN,Premium,154,96,0.25,Mobile,0,1,0
7440,Feminino,26,IN,Gratuito,32,58,0.01,Web,42,0,0
7441,Masculino,24,CA,Familia,283,75,0.11,Desktop,0,1,1
7442,Masculino,49,UK,Familia,252,91,0.26,Mobile,0,1,0
7443,Masculino,57,FR,Estudante,75,7,0.21,Mobile,0,1,0
7444,Masculino,22,PK,Familia,59,54,0.03,Desktop,0,1,0
7445,Feminino,23,UK,Premium,221,41,0.3,Desktop,0,1,0
7446,Masculino,16,DE,Familia,238,1,0.09,Desktop,0,1,0
7447,Feminino,57,UK,Estudante,249,52,0.31,Web,0,1,0
7448,Feminino,50,FR,Estudante,66,91,0.38,Desktop,0,1,0
7449,Feminino,31,AU,Gratuito,112,17,0.37,Web,42,0,0
7450,Feminino,44,UK,Gratuito,115,54,0.49,Web,8,0,1
7451,Feminino,41,FR,Estudante,67,79,0.14,Mobile,0,1,0
7452,Masculino,22,PK,Premium,143,3,0.54,Mobile,0,1,0
7453,Feminino,36,AU,Premium,131,46,0.32,Mobile,0,1,0
7454,Feminino,55,FR,Estudante,112,44,0.03,Web,0,1,0
7455,Feminino,27,CA,Estudante,167,87,0.55,Web,0,1,0
7456,Feminino,23,IN,Estudante,265,4,0.47,Web,0,1,1
7457,Feminino,53,DE,Familia,154,13,0.21,Web,0,1,0
7458,Masculino,19,DE,Estudante,57,73,0.5,Desktop,0,1,0
7459,Masculino,35,AU,Estudante,285,83,0.39,Desktop,0,1,1
7460,Feminino,31,IN,Gratuito,123,60,0.17,Web,17,0,0
7461,Feminino,42,US,Gratuito,140,20,0.37,Desktop,35,0,0
7462,Feminino,35,PK,Gratuito,178,31,0.59,Web,36,0,0
7463,Feminino,35,FR,Familia,27,68,0.25,Mobile,0,1,0
7464,Feminino,57,FR,Familia,120,83,0.39,Mobile,0,1,0
7465,Masculino,32,DE,Gratuito,20,67,0.12,Web,16,0,1
7466,Feminino,59,PK,Estudante,127,54,0.52,Web,0,1,0
7467,Feminino,34,AU,Estudante,190,19,0.45,Mobile,0,1,0
7468,Masculino,49,DE,Familia,162,13,0.49,Web,0,1,1
7469,Feminino,38,AU,Familia,142,68,0.23,Web,0,1,0
7470,Feminino,30,CA,Gratuito,152,54,0.19,Desktop,20,0,0
7471,Masculino,55,IN,Gratuito,203,4,0.31,Mobile,10,0,0
7472,Masculino,34,PK,Familia,64,22,0.38,Mobile,0,1,0
7473,Feminino,52,AU,Familia,36,95,0.04,Desktop,0,1,0
7474,Masculino,50,PK,Gratuito,62,78,0.52,Desktop,41,0,0
7475,Feminino,25,IN,Premium,112,18,0.42,Desktop,0,1,0
7476,Feminino,43,PK,Premium,165,76,0.48,Web,0,1,0
7477,Masculino,46,FR,Estudante,188,83,0.15,Mobile,0,1,0
7478,Feminino,46,PK,Familia,224,16,0.52,Desktop,0,1,1
7479,Masculino,54,CA,Premium,275,47,0.11,Desktop,0,1,0
7480,Feminino,47,PK,Gratuito,150,66,0.1,Mobile,14,0,0
7481,Masculino,51,CA,Gratuito,78,93,0.27,Desktop,37,0,1
7482,Masculino,42,IN,Gratuito,89,99,0.21,Web,15,0,0
7483,Masculino,30,UK,Premium,75,5,0.02,Web,0,1,1
7484,Feminino,42,AU,Gratuito,54,24,0.31,Mobile,33,0,0
7485,Masculino,53,US,Gratuito,27,14,0.2,Mobile,21,0,0
7486,Feminino,50,DE,Familia,260,54,0.55,Web,0,1,0
7487,Masculino,48,PK,Estudante,123,70,0.41,Mobile,0,1,1
7488,Feminino,21,AU,Premium,86,48,0.43,Desktop,0,1,0
7489,Feminino,23,PK,Familia,286,57,0.57,Web,0,1,0
7490,Masculino,40,IN,Gratuito,38,54,0.24,Web,26,0,0
7491,Feminino,35,FR,Gratuito,15,65,0.18,Desktop,45,0,0
7492,Feminino,32,FR,Premium,139,69,0.56,Desktop,0,1,0
7493,Masculino,29,UK,Familia,186,57,0.38,Mobile,0,1,1
7494,Feminino,25,FR,Gratuito,26,63,0.21,Web,14,0,0
7495,Masculino,48,PK,Premium,89,49,0.05,Mobile,0,1,0
7496,Masculino,46,AU,Premium,250,47,0.31,Desktop,0,1,1
7497,Feminino,52,IN,Premium,152,13,0.01,Mobile,0,1,0
7498,Feminino,18,AU,Estudante,221,21,0.29,Mobile,0,1,1
7499,Masculino,35,DE,Familia,120,6,0.19,Desktop,0,1,0
7500,Feminino,45,AU,Premium,216,4,0.02,Web,0,1,0
7501,Masculino,29,IN,Familia,292,21,0.43,Mobile,0,1,0
7502,Feminino,27,PK,Gratuito,99,79,0.37,Desktop,7,0,0
7503,Feminino,27,US,Estudante,52,35,0.11,Mobile,0,1,0
7504,Feminino,49,DE,Estudante,233,78,0.31,Mobile,0,1,1
7505,Feminino,18,AU,Gratuito,91,91,0.22,Mobile,23,0,0
7506,Masculino,40,IN,Gratuito,64,4,0.1,Desktop,32,0,0
7507,Feminino,44,DE,Gratuito,224,6,0.21,Web,44,0,0
7508,Feminino,22,FR,Estudante,48,11,0.15,Mobile,0,1,0
7509,Feminino,54,AU,Premium,253,34,0.41,Mobile,0,1,0
7510,Feminino,30,FR,Gratuito,235,69,0.48,Desktop,30,0,1
7511,Feminino,20,FR,Gratuito,258,60,0.12,Mobile,5,0,0
7512,Feminino,51,IN,Estudante,27,35,0.33,Mobile,0,1,0
7513,Feminino,40,IN,Premium,174,95,0.19,Desktop,0,1,0
7514,Feminino,49,PK,Gratuito,158,54,0.44,Desktop,5,0,0
7515,Feminino,40,IN,Gratuito,227,3,0.58,Desktop,31,0,0
7516,Masculino,36,US,Estudante,40,61,0.17,Web,0,1,0
7517,Masculino,35,FR,Gratuito,154,91,0.57,Web,20,0,1
7518,Masculino,30,AU,Premium,269,21,0.53,Desktop,0,1,0
7519,Feminino,27,UK,Estudante,69,52,0.19,Mobile,0,1,1
7520,Feminino,53,FR,Gratuito,64,20,0.35,Web,44,0,0
7521,Masculino,42,IN,Estudante,74,51,0.27,Mobile,0,1,0
7522,Masculino,54,DE,Estudante,62,19,0.35,Mobile,0,1,1
7523,Feminino,24,DE,Estudante,246,96,0.24,Mobile,0,1,0
7524,Feminino,20,AU,Premium,18,9,0.05,Desktop,0,1,1
7525,Feminino,24,CA,Premium,60,12,0.1,Web,0,1,0
7526,Feminino,24,AU,Estudante,26,2,0.57,Mobile,0,1,1
7527,Feminino,58,PK,Estudante,57,68,0.53,Desktop,0,1,0
7528,Feminino,56,US,Estudante,93,83,0.02,Mobile,0,1,0
7529,Feminino,56,CA,Estudante,293,60,0.4,Mobile,0,1,0
7530,Masculino,40,CA,Estudante,176,95,0.03,Web,0,1,0
7531,Feminino,20,DE,Gratuito,133,19,0.27,Desktop,35,0,0
7532,Masculino,47,DE,Estudante,292,27,0.58,Desktop,0,1,0
7533,Feminino,35,CA,Premium,202,39,0.09,Web,0,1,0
7534,Feminino,42,AU,Familia,174,92,0.2,Mobile,0,1,0
7535,Feminino,20,IN,Premium,184,10,0.14,Desktop,0,1,1
7536,Masculino,26,IN,Familia,273,38,0.39,Web,0,1,1
7537,Feminino,57,IN,Familia,207,32,0.13,Desktop,0,1,1
7538,Masculino,47,US,Gratuito,120,35,0.46,Web,26,0,0
7539,Masculino,53,UK,Familia,52,65,0.47,Desktop,0,1,0
7540,Masculino,20,US,Premium,31,36,0.38,Desktop,0,1,0
7541,Masculino,41,IN,Familia,297,3,0.21,Mobile,0,1,0
7542,Masculino,22,UK,Familia,64,78,0.56,Mobile,0,1,0
7543,Feminino,37,FR,Gratuito,256,79,0.22,Mobile,25,0,0
7544,Feminino,22,IN,Familia,288,88,0.17,Web,0,1,1
7545,Feminino,42,PK,Estudante,23,33,0.41,Desktop,0,1,0
7546,Feminino,41,AU,Estudante,71,64,0.01,Web,0,1,1
7547,Feminino,28,IN,Familia,286,97,0.24,Desktop,0,1,0
7548,Masculino,42,US,Premium,133,1,0.03,Mobile,0,1,0
7549,Masculino,41,DE,Estudante,268,1,0.41,Desktop,0,1,0
7550,Feminino,49,US,Gratuito,92,59,0.11,Web,23,0,0
7551,Feminino,44,CA,Familia,124,41,0.59,Web,0,1,0
7552,Masculino,18,IN,Premium,102,43,0.36,Web,0,1,0
7553,Feminino,35,AU,Familia,172,22,0.23,Mobile,0,1,0
7554,Masculino,43,US,Premium,32,94,0.06,Web,0,1,0
7555,Feminino,48,IN,Familia,279,49,0.15,Mobile,0,1,0
7556,Feminino,47,DE,Premium,266,72,0.08,Web,0,1,0
7557,Feminino,34,AU,Gratuito,254,69,0.32,Web,20,0,1
7558,Feminino,29,US,Familia,18,51,0.12,Mobile,0,1,0
7559,Feminino,18,US,Estudante,70,90,0.21,Web,0,1,0
7560,Feminino,28,FR,Estudante,25,69,0.25,Web,0,1,0
7561,Masculino,50,IN,Estudante,209,10,0.07,Desktop,0,1,0
7562,Feminino,19,PK,Gratuito,288,29,0.13,Web,41,0,0
7563,Feminino,52,CA,Gratuito,197,62,0.03,Web,29,0,1
7564,Feminino,37,IN,Premium,293,96,0.55,Web,0,1,0
7565,Feminino,22,UK,Estudante,122,80,0.56,Web,0,1,0
7566,Masculino,39,UK,Premium,194,6,0.09,Mobile,0,1,1
7567,Masculino,59,PK,Familia,235,39,0.28,Web,0,1,0
7568,Masculino,22,FR,Gratuito,27,8,0.48,Desktop,38,0,0
7569,Masculino,46,DE,Gratuito,60,75,0.57,Web,42,0,0
7570,Feminino,39,DE,Premium,131,63,0.01,Desktop,0,1,0
7571,Masculino,49,US,Premium,146,77,0.4,Desktop,0,1,1
7572,Feminino,40,DE,Estudante,65,95,0.1,Desktop,0,1,0
7573,Masculino,42,AU,Estudante,125,27,0.1,Desktop,0,1,0
7574,Feminino,37,IN,Premium,108,97,0.21,Mobile,0,1,0
7575,Feminino,51,DE,Gratuito,212,64,0.48,Desktop,10,0,0
7576,Feminino,34,US,Estudante,260,97,0.23,Desktop,0,1,0
7577,Masculino,46,PK,Premium,185,93,0.46,Mobile,0,1,0
7578,Feminino,22,PK,Familia,155,57,0.6,Mobile,0,1,0
7579,Masculino,35,PK,Premium,241,33,0.04,Desktop,0,1,0
7580,Masculino,58,IN,Premium,227,82,0.42,Desktop,0,1,1
7581,Feminino,32,PK,Gratuito,182,30,0.47,Desktop,25,0,1
7582,Masculino,41,AU,Premium,274,55,0.5,Web,0,1,0
7583,Masculino,30,DE,Premium,107,95,0.27,Mobile,0,1,0
7584,Feminino,36,IN,Premium,250,44,0.31,Mobile,0,1,0
7585,Feminino,25,CA,Premium,237,28,0.03,Mobile,0,1,1
7586,Feminino,49,US,Gratuito,182,81,0.6,Web,32,0,0
7587,Feminino,38,IN,Gratuito,134,93,0.12,Mobile,47,0,1
7588,Masculino,28,DE,Premium,48,80,0.57,Mobile,0,1,1
7589,Feminino,32,CA,Familia,249,97,0.41,Desktop,0,1,0
7590,Feminino,52,AU,Gratuito,184,10,0.27,Web,11,0,0
7591,Feminino,24,DE,Gratuito,227,92,0.07,Mobile,43,0,1
7592,Masculino,42,PK,Gratuito,240,34,0.5,Desktop,30,0,0
7593,Masculino,30,US,Premium,82,81,0.41,Web,0,1,0
7594,Masculino,54,CA,Premium,179,10,0.14,Desktop,0,1,0
7595,Feminino,17,PK,Gratuito,234,98,0.4,Mobile,25,0,0
7596,Feminino,53,US,Premium,254,11,0.04,Web,0,1,0
7597,Masculino,48,FR,Familia,59,96,0.41,Mobile,0,1,0
7598,Feminino,44,IN,Estudante,10,81,0.55,Mobile,0,1,0
7599,Masculino,17,CA,Familia,288,8,0.37,Desktop,0,1,0
7600,Feminino,48,CA,Familia,148,90,0.1,Mobile,0,1,0
7601,Feminino,42,AU,Familia,55,30,0.23,Desktop,0,1,1
7602,Feminino,37,CA,Estudante,287,15,0.34,Desktop,0,1,0
7603,Masculino,28,FR,Premium,150,88,0.16,Desktop,0,1,0
7604,Feminino,17,US,Familia,136,58,0.51,Web,0,1,0
7605,Feminino,23,DE,Premium,89,58,0.4,Desktop,0,1,0
7606,Feminino,45,US,Estudante,11,16,0.58,Mobile,0,1,0
7607,Masculino,49,FR,Familia,163,54,0.57,Desktop,0,1,0
7608,Feminino,53,DE,Estudante,129,54,0.12,Desktop,0,1,0
7609,Masculino,20,FR,Estudante,144,62,0.19,Desktop,0,1,1
7610,Feminino,20,US,Gratuito,119,69,0.21,Mobile,38,0,1
7611,Feminino,53,IN,Familia,106,90,0.32,Mobile,0,1,0
7612,Feminino,51,UK,Premium,46,23,0.09,Desktop,0,1,0
7613,Feminino,35,CA,Premium,243,65,0.55,Mobile,0,1,0
7614,Feminino,46,US,Gratuito,268,45,0.19,Mobile,6,0,0
7615,Feminino,56,PK,Premium,210,2,0.52,Desktop,0,1,0
7616,Feminino,17,CA,Gratuito,179,92,0.53,Web,6,0,0
7617,Feminino,28,PK,Estudante,173,31,0.43,Desktop,0,1,0
7618,Feminino,34,FR,Premium,292,36,0.32,Desktop,0,1,0
7619,Feminino,57,PK,Premium,147,74,0.57,Web,0,1,1
7620,Masculino,29,US,Premium,194,38,0.47,Web,0,1,0
7621,Feminino,48,US,Gratuito,287,44,0.07,Web,10,0,0
7622,Feminino,39,AU,Estudante,112,25,0.36,Mobile,0,1,0
7623,Feminino,49,FR,Gratuito,40,64,0.38,Desktop,12,0,1
7624,Feminino,50,US,Premium,199,26,0.29,Desktop,0,1,0
7625,Feminino,18,US,Familia,198,31,0.44,Desktop,0,1,0
7626,Feminino,43,PK,Familia,77,78,0.21,Mobile,0,1,1
7627,Feminino,57,FR,Familia,133,77,0.17,Web,0,1,0
7628,Masculino,58,AU,Gratuito,65,7,0.32,Desktop,9,0,0
7629,Feminino,52,DE,Estudante,115,70,0.25,Desktop,0,1,0
7630,Feminino,39,IN,Estudante,62,28,0.56,Mobile,0,1,0
7631,Feminino,50,FR,Gratuito,281,5,0.21,Mobile,24,0,0
7632,Feminino,39,AU,Estudante,65,3,0.28,Mobile,0,1,0
7633,Masculino,29,PK,Gratuito,281,22,0.24,Desktop,8,0,0
7634,Masculino,40,PK,Familia,249,95,0.35,Web,0,1,1
7635,Feminino,16,AU,Premium,117,62,0.05,Desktop,0,1,0
7636,Masculino,19,CA,Estudante,244,7,0.22,Mobile,0,1,1
7637,Feminino,32,UK,Premium,119,3,0.42,Web,0,1,0
7638,Feminino,51,DE,Familia,32,12,0.58,Mobile,0,1,0
7639,Masculino,18,IN,Premium,183,11,0.32,Desktop,0,1,0
7640,Masculino,17,FR,Gratuito,57,78,0.57,Mobile,21,0,0
7641,Masculino,55,CA,Estudante,268,67,0.22,Mobile,0,1,1
7642,Masculino,46,UK,Gratuito,257,32,0.1,Desktop,44,0,0
7643,Masculino,21,DE,Gratuito,146,46,0.25,Web,32,0,0
7644,Feminino,36,FR,Premium,88,47,0.14,Mobile,0,1,1
7645,Feminino,56,US,Premium,30,86,0.05,Web,0,1,1
7646,Feminino,41,DE,Estudante,99,58,0.59,Mobile,0,1,0
7647,Feminino,52,IN,Premium,58,11,0.55,Web,0,1,0
7648,Feminino,43,FR,Gratuito,53,13,0.38,Mobile,30,0,0
7649,Masculino,33,PK,Familia,204,77,0.08,Web,0,1,0
7650,Feminino,49,AU,Familia,165,16,0.33,Mobile,0,1,1
7651,Feminino,41,UK,Gratuito,149,66,0.52,Mobile,35,0,1
7652,Masculino,35,IN,Familia,140,62,0.14,Web,0,1,0
7653,Feminino,20,PK,Gratuito,224,34,0.08,Mobile,19,0,1
7654,Masculino,46,AU,Estudante,255,21,0.5,Mobile,0,1,0
7655,Masculino,49,AU,Estudante,195,85,0.16,Web,0,1,0
7656,Feminino,59,UK,Familia,63,41,0.25,Web,0,1,1
7657,Masculino,26,US,Estudante,193,53,0.38,Web,0,1,0
7658,Masculino,35,FR,Premium,234,13,0.04,Web,0,1,1
7659,Feminino,52,UK,Estudante,49,15,0.23,Web,0,1,1
7660,Feminino,41,CA,Estudante,125,24,0.6,Desktop,0,1,0
7661,Feminino,41,CA,Premium,15,95,0.52,Mobile,0,1,0
7662,Masculino,51,IN,Familia,92,54,0.08,Web,0,1,1
7663,Feminino,58,IN,Estudante,143,30,0.41,Desktop,0,1,0
7664,Masculino,51,FR,Estudante,127,52,0.3,Desktop,0,1,0
7665,Feminino,55,US,Premium,295,55,0.54,Mobile,0,1,0
7666,Feminino,59,CA,Premium,19,97,0.3,Desktop,0,1,1
7667,Feminino,23,UK,Estudante,204,3,0.15,Web,0,1,0
7668,Feminino,20,FR,Familia,231,84,0.46,Desktop,0,1,0
7669,Masculino,53,AU,Estudante,28,87,0.24,Mobile,0,1,0
7670,Feminino,54,AU,Estudante,79,76,0.42,Web,0,1,0
7671,Feminino,59,IN,Gratuito,57,33,0.48,Web,12,0,0
7672,Feminino,56,CA,Premium,292,57,0.29,Desktop,0,1,0
7673,Feminino,41,CA,Premium,241,13,0.13,Web,0,1,1
7674,Feminino,43,IN,Familia,195,69,0.55,Web,0,1,1
7675,Feminino,55,AU,Gratuito,127,14,0.08,Web,16,0,0
7676,Masculino,18,FR,Premium,182,35,0.35,Mobile,0,1,0
7677,Masculino,53,UK,Estudante,129,40,0.27,Desktop,0,1,0
7678,Masculino,20,IN,Familia,29,6,0.31,Web,0,1,0
7679,Feminino,53,PK,Estudante,52,18,0.53,Mobile,0,1,0
7680,Masculino,32,IN,Estudante,93,3,0.22,Web,0,1,0
7681,Masculino,49,DE,Estudante,71,76,0.6,Desktop,0,1,1
7682,Feminino,29,CA,Estudante,155,22,0.49,Mobile,0,1,0
7683,Feminino,58,IN,Premium,264,80,0.28,Desktop,0,1,0
7684,Masculino,36,FR,Familia,189,73,0.14,Desktop,0,1,0
7685,Feminino,48,UK,Estudante,105,17,0.32,Desktop,0,1,0
7686,Feminino,26,FR,Familia,106,44,0.17,Mobile,0,1,0
7687,Feminino,55,US,Gratuito,47,71,0.23,Desktop,25,0,1
7688,Masculino,28,AU,Familia,193,70,0.22,Mobile,0,1,0
7689,Masculino,48,PK,Familia,249,78,0.05,Web,0,1,0
7690,Feminino,41,UK,Premium,23,77,0.02,Desktop,0,1,0
7691,Feminino,28,FR,Gratuito,56,58,0.31,Mobile,20,0,1
7692,Feminino,30,IN,Estudante,135,35,0.47,Desktop,0,1,0
7693,Masculino,37,UK,Gratuito,51,33,0.17,Web,35,0,1
7694,Feminino,35,US,Premium,117,57,0.22,Mobile,0,1,1
7695,Feminino,56,PK,Premium,187,2,0.11,Mobile,0,1,0
7696,Masculino,32,IN,Premium,296,60,0.23,Web,0,1,0
7697,Masculino,42,PK,Premium,171,12,0.28,Desktop,0,1,0
7698,Feminino,18,IN,Familia,180,84,0.05,Desktop,0,1,0
7699,Feminino,37,CA,Gratuito,268,51,0.04,Web,13,0,0
7700,Masculino,33,CA,Estudante,57,50,0.29,Desktop,0,1,0
7701,Feminino,19,UK,Familia,73,18,0.54,Mobile,0,1,1
7702,Feminino,32,PK,Premium,278,38,0.22,Mobile,0,1,0
7703,Feminino,33,IN,Gratuito,150,5,0.42,Mobile,22,0,0
7704,Masculino,52,UK,Gratuito,204,23,0.35,Desktop,10,0,0
7705,Masculino,32,DE,Familia,63,44,0.14,Desktop,0,1,0
7706,Feminino,58,UK,Premium,154,33,0.45,Web,0,1,0
7707,Masculino,54,DE,Estudante,293,37,0.31,Desktop,0,1,0
7708,Feminino,35,PK,Estudante,144,12,0.27,Web,0,1,0
7709,Masculino,30,DE,Premium,210,65,0.02,Web,0,1,0
7710,Feminino,42,FR,Familia,295,4,0.04,Web,0,1,0
7711,Feminino,55,UK,Estudante,172,18,0.34,Desktop,0,1,0
7712,Masculino,25,FR,Estudante,230,20,0.31,Mobile,0,1,0
7713,Masculino,42,US,Gratuito,159,44,0.47,Web,20,0,0
7714,Masculino,48,IN,Familia,76,26,0.02,Desktop,0,1,1
7715,Feminino,39,CA,Premium,183,28,0.34,Desktop,0,1,0
7716,Feminino,26,UK,Premium,198,59,0.05,Web,0,1,1
7717,Masculino,17,DE,Estudante,128,34,0.06,Mobile,0,1,1
7718,Feminino,41,UK,Gratuito,55,12,0.2,Desktop,17,0,0
7719,Masculino,19,US,Gratuito,147,58,0.21,Web,22,0,0
7720,Feminino,26,US,Estudante,11,57,0.58,Mobile,0,1,0
7721,Feminino,26,FR,Premium,17,26,0.25,Mobile,0,1,0
7722,Feminino,45,CA,Premium,26,28,0.41,Mobile,0,1,0
7723,Masculino,46,IN,Familia,202,13,0.45,Desktop,0,1,0
7724,Feminino,29,FR,Familia,196,81,0.16,Mobile,0,1,0
7725,Masculino,59,UK,Gratuito,142,29,0.05,Desktop,11,0,0
7726,Masculino,50,US,Premium,226,38,0.28,Mobile,0,1,0
7727,Feminino,19,DE,Estudante,255,98,0.5,Mobile,0,1,0
7728,Feminino,36,AU,Gratuito,228,44,0.02,Mobile,31,0,0
7729,Masculino,22,FR,Gratuito,100,84,0.02,Mobile,26,0,0
7730,Feminino,55,IN,Estudante,298,50,0.11,Desktop,0,1,0
7731,Feminino,26,PK,Familia,167,82,0.14,Web,0,1,0
7732,Feminino,19,US,Familia,51,24,0.08,Web,0,1,0
7733,Feminino,20,IN,Gratuito,265,40,0.56,Mobile,11,0,0
7734,Feminino,55,PK,Estudante,127,65,0.06,Desktop,0,1,1
7735,Masculino,37,FR,Familia,211,73,0.45,Desktop,0,1,0
7736,Feminino,52,CA,Estudante,46,65,0.33,Mobile,0,1,1
7737,Feminino,20,UK,Familia,99,9,0.35,Web,0,1,0
7738,Masculino,51,FR,Familia,181,42,0.58,Web,0,1,0
7739,Feminino,22,PK,Premium,170,12,0.52,Mobile,0,1,0
7740,Feminino,57,US,Estudante,221,22,0.57,Mobile,0,1,0
7741,Feminino,52,CA,Familia,49,62,0.37,Mobile,0,1,0
7742,Feminino,51,US,Estudante,217,92,0.34,Web,0,1,0
7743,Feminino,16,PK,Premium,138,99,0.46,Mobile,0,1,0
7744,Masculino,41,PK,Gratuito,267,75,0.43,Desktop,15,0,0
7745,Feminino,58,FR,Gratuito,83,50,0.12,Web,8,0,0
7746,Feminino,38,DE,Estudante,142,80,0.35,Desktop,0,1,0
7747,Feminino,25,AU,Premium,50,63,0.28,Web,0,1,1
7748,Feminino,34,UK,Gratuito,12,1,0.42,Desktop,29,0,1
7749,Feminino,30,IN,Gratuito,118,21,0.33,Mobile,49,0,1
7750,Masculino,44,UK,Premium,74,4,0.05,Mobile,0,1,0
7751,Feminino,33,DE,Familia,176,66,0.38,Mobile,0,1,0
7752,Masculino,27,PK,Estudante,156,61,0.23,Web,0,1,1
7753,Masculino,17,IN,Familia,61,91,0.6,Desktop,0,1,0
7754,Feminino,32,CA,Premium,90,86,0.42,Web,0,1,0
7755,Masculino,38,IN,Gratuito,61,8,0.16,Desktop,26,0,0
7756,Feminino,55,IN,Gratuito,251,96,0.11,Web,48,0,0
7757,Feminino,28,CA,Gratuito,277,85,0.15,Web,9,0,0
7758,Feminino,41,AU,Estudante,216,99,0.1,Web,0,1,0
7759,Masculino,32,US,Premium,116,43,0.21,Desktop,0,1,1
7760,Feminino,43,PK,Estudante,272,95,0.38,Mobile,0,1,0
7761,Feminino,53,DE,Familia,245,29,0.48,Web,0,1,0
7762,Masculino,39,IN,Premium,116,7,0.04,Desktop,0,1,1
7763,Feminino,48,UK,Premium,151,93,0.31,Desktop,0,1,0
7764,Feminino,36,US,Estudante,12,98,0.29,Web,0,1,0
7765,Masculino,40,FR,Familia,67,91,0.14,Mobile,0,1,0
7766,Feminino,25,UK,Gratuito,120,43,0.15,Web,11,0,0
7767,Feminino,35,US,Premium,135,88,0.2,Desktop,0,1,0
7768,Masculino,16,UK,Gratuito,113,7,0.22,Desktop,15,0,0
7769,Feminino,26,US,Gratuito,119,39,0.52,Mobile,6,0,0
7770,Feminino,18,CA,Premium,218,13,0.23,Desktop,0,1,0
7771,Feminino,28,DE,Gratuito,207,56,0.2,Mobile,6,0,1
7772,Feminino,58,US,Gratuito,260,50,0.1,Mobile,47,0,0
7773,Masculino,58,US,Premium,254,21,0.3,Desktop,0,1,0
7774,Feminino,51,DE,Familia,15,6,0.06,Desktop,0,1,0
7775,Feminino,46,FR,Familia,15,60,0.55,Web,0,1,0
7776,Masculino,39,UK,Gratuito,114,90,0.37,Mobile,30,0,0
7777,Feminino,17,CA,Gratuito,241,91,0.53,Web,10,0,0
7778,Masculino,27,CA,Premium,250,39,0.51,Web,0,1,0
7779,Feminino,39,UK,Gratuito,177,89,0.35,Mobile,22,0,0
7780,Feminino,53,PK,Estudante,293,18,0.23,Mobile,0,1,0
7781,Masculino,44,CA,Familia,106,59,0.48,Web,0,1,0
7782,Feminino,41,FR,Familia,150,51,0.55,Mobile,0,1,1
7783,Masculino,45,AU,Gratuito,94,13,0.58,Web,45,0,1
7784,Masculino,49,AU,Premium,264,16,0.52,Web,0,1,0
7785,Feminino,26,CA,Estudante,253,92,0.29,Web,0,1,0
7786,Feminino,47,IN,Estudante,44,14,0.2,Desktop,0,1,1
7787,Masculino,24,IN,Gratuito,298,67,0.42,Mobile,11,0,0
7788,Feminino,38,DE,Gratuito,139,81,0.09,Mobile,30,0,0
7789,Feminino,28,PK,Gratuito,169,32,0.52,Web,28,0,0
7790,Feminino,43,UK,Premium,210,34,0.27,Mobile,0,1,0
7791,Feminino,20,PK,Premium,161,93,0.01,Web,0,1,0
7792,Feminino,30,UK,Premium,147,31,0.07,Mobile,0,1,0
7793,Feminino,27,AU,Estudante,254,79,0.09,Mobile,0,1,1
7794,Feminino,55,IN,Premium,141,55,0.46,Mobile,0,1,1
7795,Feminino,17,IN,Premium,281,4,0.38,Web,0,1,0
7796,Feminino,32,US,Premium,209,12,0.51,Web,0,1,1
7797,Feminino,58,PK,Estudante,141,15,0.56,Mobile,0,1,1
7798,Feminino,35,US,Gratuito,200,82,0.03,Mobile,37,0,0
7799,Feminino,33,PK,Estudante,31,91,0.46,Mobile,0,1,0
7800,Masculino,23,IN,Estudante,201,23,0.32,Web,0,1,0
7801,Feminino,38,US,Premium,101,65,0.54,Desktop,0,1,1
7802,Feminino,46,FR,Premium,212,45,0.34,Desktop,0,1,0
7803,Feminino,21,DE,Estudante,249,75,0.31,Mobile,0,1,1
7804,Masculino,58,CA,Estudante,28,98,0.33,Mobile,0,1,0
7805,Feminino,21,DE,Familia,235,49,0.29,Desktop,0,1,1
7806,Feminino,23,AU,Estudante,213,84,0.0,Web,0,1,0
7807,Masculino,55,US,Premium,129,24,0.19,Mobile,0,1,1
7808,Feminino,59,IN,Estudante,157,68,0.01,Desktop,0,1,0
7809,Masculino,16,PK,Premium,161,27,0.58,Web,0,1,0
7810,Feminino,21,FR,Familia,84,31,0.5,Desktop,0,1,1
7811,Feminino,44,CA,Gratuito,95,74,0.24,Web,23,0,0
7812,Masculino,58,DE,Gratuito,110,11,0.43,Desktop,6,0,0
7813,Feminino,44,PK,Gratuito,285,95,0.12,Desktop,9,0,1
7814,Feminino,30,UK,Gratuito,77,92,0.52,Desktop,19,0,1
7815,Feminino,39,DE,Familia,298,65,0.38,Mobile,0,1,0
7816,Feminino,59,FR,Premium,109,70,0.27,Web,0,1,0
7817,Feminino,43,US,Familia,264,45,0.38,Desktop,0,1,0
7818,Feminino,26,FR,Premium,42,73,0.55,Web,0,1,0
7819,Feminino,36,FR,Estudante,110,4,0.37,Mobile,0,1,0
7820,Feminino,47,FR,Familia,44,83,0.05,Desktop,0,1,1
7821,Feminino,42,IN,Gratuito,96,5,0.08,Mobile,21,0,0
7822,Feminino,58,US,Familia,214,45,0.33,Desktop,0,1,0
7823,Masculino,54,AU,Premium,23,60,0.36,Desktop,0,1,1
7824,Feminino,52,IN,Estudante,116,99,0.4,Web,0,1,0
7825,Feminino,42,CA,Estudante,111,64,0.38,Web,0,1,1
7826,Feminino,44,DE,Gratuito,17,73,0.04,Web,34,0,0
7827,Feminino,53,UK,Familia,266,34,0.1,Web,0,1,0
7828,Feminino,38,DE,Estudante,24,88,0.54,Web,0,1,1
7829,Feminino,34,PK,Gratuito,209,59,0.06,Desktop,28,0,0
7830,Feminino,30,UK,Estudante,109,62,0.43,Web,0,1,1
7831,Masculino,29,IN,Premium,279,45,0.15,Desktop,0,1,1
7832,Feminino,19,IN,Gratuito,222,1,0.58,Web,45,0,0
7833,Feminino,59,IN,Gratuito,147,2,0.23,Desktop,47,0,0
7834,Feminino,23,FR,Gratuito,246,2,0.4,Mobile,14,0,1
7835,Feminino,37,IN,Premium,61,62,0.57,Desktop,0,1,0
7836,Feminino,18,FR,Gratuito,117,2,0.08,Desktop,29,0,0
7837,Feminino,49,US,Estudante,245,79,0.08,Mobile,0,1,0
7838,Feminino,39,UK,Familia,124,15,0.27,Desktop,0,1,0
7839,Feminino,32,IN,Estudante,106,50,0.33,Web,0,1,0
7840,Feminino,16,CA,Familia,73,71,0.04,Desktop,0,1,0
7841,Masculino,23,US,Estudante,42,72,0.24,Mobile,0,1,0
7842,Feminino,55,FR,Familia,274,64,0.43,Web,0,1,0
7843,Feminino,31,IN,Premium,62,11,0.31,Desktop,0,1,0
7844,Feminino,52,US,Estudante,220,31,0.54,Desktop,0,1,0
7845,Feminino,59,UK,Premium,275,1,0.29,Web,0,1,0
7846,Masculino,28,PK,Gratuito,70,25,0.12,Desktop,38,0,1
7847,Feminino,36,UK,Gratuito,48,74,0.48,Mobile,10,0,0
7848,Feminino,25,US,Familia,106,32,0.37,Desktop,0,1,0
7849,Feminino,46,DE,Familia,14,24,0.35,Web,0,1,1
7850,Feminino,22,PK,Familia,150,24,0.04,Mobile,0,1,1
7851,Masculino,22,PK,Gratuito,59,78,0.58,Mobile,45,0,0
7852,Feminino,27,IN,Gratuito,194,27,0.52,Mobile,43,0,1
7853,Feminino,36,IN,Premium,242,47,0.12,Mobile,0,1,0
7854,Feminino,42,DE,Gratuito,223,88,0.59,Desktop,21,0,0
7855,Feminino,31,DE,Premium,99,20,0.22,Web,0,1,0
7856,Feminino,47,IN,Gratuito,104,29,0.55,Mobile,32,0,1
7857,Feminino,41,CA,Gratuito,41,77,0.04,Desktop,24,0,1
7858,Masculino,31,IN,Premium,14,67,0.39,Mobile,0,1,0
7859,Feminino,36,FR,Premium,199,46,0.21,Web,0,1,0
7860,Masculino,28,PK,Estudante,263,40,0.27,Web,0,1,0
7861,Masculino,28,US,Premium,180,88,0.28,Mobile,0,1,1
7862,Masculino,21,FR,Estudante,54,61,0.5,Mobile,0,1,1
7863,Feminino,42,IN,Gratuito,211,36,0.4,Desktop,34,0,0
7864,Feminino,37,CA,Familia,192,23,0.06,Mobile,0,1,0
7865,Feminino,16,IN,Estudante,52,97,0.11,Mobile,0,1,0
7866,Feminino,39,US,Premium,151,35,0.32,Desktop,0,1,0
7867,Masculino,28,FR,Familia,248,46,0.27,Web,0,1,0
7868,Masculino,46,PK,Familia,133,74,0.5,Web,0,1,0
7869,Feminino,48,UK,Premium,164,40,0.54,Mobile,0,1,0
7870,Masculino,59,DE,Gratuito,269,43,0.09,Mobile,37,0,0
7871,Feminino,36,DE,Gratuito,135,79,0.53,Mobile,25,0,0
7872,Feminino,18,US,Estudante,200,14,0.51,Desktop,0,1,0
7873,Feminino,23,US,Estudante,75,95,0.31,Web,0,1,0
7874,Masculino,20,FR,Estudante,132,71,0.43,Web,0,1,0
7875,Feminino,46,UK,Premium,296,95,0.56,Mobile,0,1,0
7876,Feminino,19,UK,Estudante,96,22,0.28,Desktop,0,1,0
7877,Feminino,43,UK,Premium,117,68,0.3,Mobile,0,1,0
7878,Masculino,36,DE,Premium,193,45,0.52,Web,0,1,1
7879,Feminino,47,PK,Premium,264,65,0.29,Mobile,0,1,1
7880,Feminino,31,US,Familia,87,13,0.11,Desktop,0,1,1
7881,Masculino,25,IN,Premium,235,13,0.58,Desktop,0,1,1
7882,Feminino,50,FR,Gratuito,216,6,0.39,Web,8,0,0
7883,Feminino,22,FR,Estudante,287,47,0.37,Web,0,1,0
7884,Feminino,45,FR,Estudante,215,5,0.25,Desktop,0,1,0
7885,Masculino,31,PK,Estudante,180,6,0.28,Desktop,0,1,0
7886,Feminino,28,DE,Premium,44,26,0.08,Web,0,1,0
7887,Masculino,37,PK,Gratuito,220,91,0.56,Mobile,47,0,1
7888,Masculino,55,AU,Familia,134,25,0.21,Mobile,0,1,0
7889,Feminino,46,AU,Gratuito,105,21,0.32,Desktop,11,0,0
7890,Feminino,34,PK,Estudante,28,60,0.58,Mobile,0,1,0
7891,Feminino,59,FR,Gratuito,22,48,0.05,Mobile,17,0,0
7892,Feminino,32,CA,Estudante,174,46,0.11,Mobile,0,1,1
7893,Feminino,41,IN,Gratuito,277,79,0.25,Mobile,14,0,0
7894,Feminino,58,DE,Estudante,292,51,0.17,Mobile,0,1,0
7895,Feminino,34,AU,Gratuito,56,51,0.21,Web,37,0,0
7896,Masculino,58,AU,Gratuito,229,28,0.58,Mobile,11,0,0
7897,Feminino,32,PK,Estudante,115,76,0.16,Mobile,0,1,1
7898,Feminino,38,DE,Premium,248,57,0.06,Web,0,1,0
7899,Feminino,28,US,Estudante,84,52,0.03,Desktop,0,1,1
7900,Feminino,31,DE,Familia,53,97,0.07,Web,0,1,0
7901,Feminino,21,FR,Premium,52,60,0.11,Desktop,0,1,1
7902,Feminino,24,FR,Gratuito,86,23,0.28,Desktop,28,0,1
7903,Feminino,16,US,Estudante,67,52,0.29,Mobile,0,1,0
7904,Feminino,43,CA,Familia,199,5,0.08,Desktop,0,1,0
7905,Masculino,27,UK,Premium,248,93,0.32,Desktop,0,1,0
7906,Feminino,27,DE,Estudante,198,50,0.57,Desktop,0,1,0
7907,Masculino,27,DE,Estudante,154,89,0.22,Desktop,0,1,0
7908,Masculino,30,PK,Gratuito,228,94,0.35,Desktop,12,0,0
7909,Feminino,36,UK,Gratuito,288,60,0.38,Web,17,0,0
7910,Feminino,35,DE,Estudante,100,8,0.59,Desktop,0,1,0
7911,Feminino,26,PK,Familia,60,35,0.26,Web,0,1,0
7912,Feminino,57,AU,Premium,159,75,0.42,Desktop,0,1,0
7913,Masculino,21,PK,Premium,152,3,0.22,Desktop,0,1,0
7914,Feminino,51,UK,Familia,30,85,0.59,Mobile,0,1,0
7915,Feminino,16,AU,Premium,108,82,0.43,Mobile,0,1,1
7916,Feminino,45,DE,Premium,26,45,0.56,Web,0,1,0
7917,Feminino,21,FR,Premium,109,17,0.2,Web,0,1,1
7918,Feminino,56,CA,Estudante,178,23,0.39,Mobile,0,1,0
7919,Feminino,46,UK,Estudante,137,11,0.3,Mobile,0,1,0
7920,Feminino,51,PK,Familia,298,65,0.2,Mobile,0,1,0
7921,Masculino,46,US,Estudante,281,30,0.31,Web,0,1,0
7922,Feminino,17,CA,Familia,62,90,0.34,Web,0,1,0
7923,Feminino,49,FR,Premium,150,6,0.25,Web,0,1,0
7924,Masculino,50,DE,Gratuito,29,25,0.3,Desktop,38,0,0
7925,Masculino,31,FR,Estudante,209,5,0.16,Desktop,0,1,0
7926,Feminino,59,PK,Familia,96,19,0.37,Mobile,0,1,0
7927,Masculino,57,PK,Gratuito,85,44,0.31,Mobile,38,0,0
7928,Feminino,57,AU,Familia,189,67,0.45,Mobile,0,1,0
7929,Masculino,33,IN,Estudante,266,48,0.16,Mobile,0,1,0
7930,Feminino,26,CA,Estudante,262,83,0.32,Web,0,1,1
7931,Feminino,30,US,Familia,106,32,0.33,Desktop,0,1,0
7932,Feminino,26,DE,Premium,31,4,0.28,Mobile,0,1,0
7933,Masculino,35,AU,Premium,117,41,0.18,Mobile,0,1,0
7934,Masculino,43,DE,Premium,37,50,0.16,Mobile,0,1,0
7935,Feminino,21,AU,Familia,178,66,0.18,Mobile,0,1,0
7936,Masculino,51,CA,Familia,106,95,0.4,Web,0,1,0
7937,Feminino,34,PK,Gratuito,18,69,0.11,Mobile,26,0,1
7938,Feminino,43,IN,Estudante,180,16,0.3,Desktop,0,1,0
7939,Masculino,47,IN,Gratuito,257,11,0.47,Desktop,10,0,1
7940,Masculino,21,DE,Premium,97,33,0.24,Desktop,0,1,0
7941,Feminino,31,AU,Premium,237,57,0.59,Mobile,0,1,0
7942,Masculino,39,FR,Estudante,106,87,0.47,Web,0,1,0
7943,Feminino,20,FR,Premium,117,56,0.58,Mobile,0,1,0
7944,Masculino,33,CA,Estudante,279,66,0.13,Web,0,1,0
7945,Feminino,17,PK,Estudante,17,64,0.32,Web,0,1,1
7946,Feminino,47,UK,Premium,153,1,0.23,Mobile,0,1,0
7947,Feminino,58,AU,Estudante,258,7,0.16,Web,0,1,0
7948,Masculino,41,IN,Premium,174,20,0.5,Desktop,0,1,0
7949,Masculino,52,US,Premium,180,21,0.36,Desktop,0,1,0
7950,Masculino,42,AU,Premium,98,84,0.22,Desktop,0,1,0
7951,Feminino,41,CA,Familia,187,73,0.21,Web,0,1,0
7952,Feminino,43,IN,Premium,72,25,0.29,Mobile,0,1,0
7953,Masculino,42,IN,Familia,86,16,0.41,Web,0,1,0
7954,Feminino,49,PK,Familia,151,37,0.43,Mobile,0,1,0
7955,Feminino,46,CA,Premium,159,25,0.28,Desktop,0,1,1
7956,Feminino,21,DE,Estudante,106,46,0.49,Web,0,1,0
7957,Masculino,56,US,Estudante,101,68,0.11,Web,0,1,0
7958,Feminino,52,AU,Premium,219,23,0.14,Mobile,0,1,0
7959,Feminino,38,UK,Familia,174,80,0.33,Web,0,1,0
7960,Feminino,53,UK,Gratuito,197,21,0.09,Mobile,45,0,0
7961,Feminino,45,AU,Estudante,145,95,0.41,Web,0,1,0
7962,Masculino,33,UK,Estudante,59,76,0.05,Mobile,0,1,0
7963,Feminino,52,PK,Premium,152,1,0.29,Web,0,1,0
7964,Masculino,28,UK,Premium,151,70,0.1,Web,0,1,0
7965,Feminino,51,IN,Premium,145,85,0.3,Desktop,0,1,0
7966,Feminino,48,DE,Familia,215,56,0.4,Mobile,0,1,0
7967,Masculino,24,CA,Premium,221,93,0.22,Desktop,0,1,0
7968,Feminino,31,US,Premium,266,38,0.31,Desktop,0,1,0
7969,Feminino,19,US,Familia,170,16,0.51,Web,0,1,0
7970,Feminino,54,IN,Gratuito,297,79,0.14,Mobile,46,0,0
7971,Feminino,37,US,Familia,277,80,0.37,Web,0,1,0
7972,Masculino,18,IN,Premium,238,3,0.07,Web,0,1,0
7973,Feminino,21,PK,Estudante,161,79,0.46,Mobile,0,1,0
7974,Feminino,20,DE,Premium,120,11,0.2,Mobile,0,1,0
7975,Feminino,55,FR,Premium,179,1,0.21,Web,0,1,0
7976,Feminino,39,PK,Gratuito,177,61,0.28,Mobile,5,0,1
7977,Feminino,58,IN,Familia,280,21,0.06,Web,0,1,0
7978,Feminino,40,IN,Gratuito,179,33,0.35,Desktop,8,0,0
7979,Feminino,52,FR,Familia,14,30,0.03,Web,0,1,0
7980,Masculino,54,DE,Gratuito,250,49,0.2,Mobile,44,0,1
7981,Feminino,23,UK,Estudante,79,21,0.12,Mobile,0,1,1
7982,Feminino,44,FR,Familia,253,41,0.33,Desktop,0,1,1
7983,Masculino,57,AU,Premium,176,77,0.43,Web,0,1,1
7984,Feminino,27,DE,Premium,140,28,0.43,Web,0,1,0
7985,Feminino,16,PK,Premium,277,76,0.02,Desktop,0,1,1
7986,Masculino,36,DE,Premium,64,92,0.12,Desktop,0,1,0
7987,Feminino,27,CA,Estudante,211,58,0.04,Desktop,0,1,0
7988,Feminino,21,US,Estudante,23,77,0.5,Mobile,0,1,0
7989,Masculino,41,IN,Estudante,137,74,0.53,Desktop,0,1,1
7990,Feminino,41,DE,Gratuito,94,59,0.04,Desktop,29,0,0
7991,Masculino,50,DE,Premium,71,21,0.04,Desktop,0,1,0
7992,Feminino,16,DE,Familia,131,71,0.6,Mobile,0,1,0
7993,Feminino,32,CA,Gratuito,114,69,0.29,Desktop,49,0,0
7994,Feminino,29,CA,Gratuito,206,19,0.45,Web,40,0,0
7995,Masculino,34,PK,Familia,21,77,0.56,Desktop,0,1,0
7996,Feminino,44,DE,Estudante,237,36,0.3,Mobile,0,1,1
7997,Masculino,34,AU,Premium,61,64,0.59,Mobile,0,1,0
7998,Feminino,17,US,Gratuito,81,62,0.33,Desktop,5,0,0
7999,Feminino,34,IN,Estudante,245,94,0.27,Desktop,0,1,0
8000,Feminino,45,AU,Gratuito,210,68,0.46,Desktop,6,0,0
